index,Index,Time,Applied torque,Pressure - leak line,Temperature - leak line,Pressure - output,Temperature - suction line,Temperature - output,Flow - leak line,Flow - output,Sensor 1,Sensor 2,Sensor 3,Temp. diff,stan
0,2024-01-04 08:37:58+00:00,2024-01-04 08:37:58+00:00,31.784062499999997,0.19375,33.872812499999974,43.91999999999997,24.188750000000017,24.59,0.2393750000000002,65.80187500000001,0.001053,0.000844,0.002469,9.684062499999955,0
1,2024-01-04 08:37:59+00:00,2024-01-04 08:37:59+00:00,26.428750000000026,0.1943750000000001,33.96062500000003,36.67718750000002,24.20906250000002,24.64750000000003,0.2375000000000002,66.1146875,0.001184,0.000712,0.00242,9.75156250000001,0
2,2024-01-04 08:38:00+00:00,2024-01-04 08:38:00+00:00,22.9746551724138,0.1812068965517241,33.99517241379311,32.7239655172414,24.207241379310364,24.681034482758605,0.2368965517241381,65.90844827586203,0.001028,0.000744,0.002316,9.787931034482742,0
3,2024-01-04 08:38:02+00:00,2024-01-04 08:38:02+00:00,20.45730158730158,0.1707936507936507,34.129523809523846,28.77142857142857,24.21952380952383,24.703650793650787,0.231746031746032,66.01650793650789,0.001185,0.000807,0.002343,9.910000000000014,0
4,2024-01-04 08:38:03+00:00,2024-01-04 08:38:03+00:00,19.980625,0.1771875,34.09687499999999,28.983437499999997,24.221875000000026,24.676250000000003,0.2325000000000003,66.014375,0.001104,0.000808,0.002342,9.874999999999968,0
5,2024-01-04 08:38:04+00:00,2024-01-04 08:38:04+00:00,19.98750000000001,0.1878125,34.1028125,29.87656249999999,24.23375000000001,24.67031250000003,0.2337500000000002,66.09062500000002,0.001051,0.000682,0.002291,9.869062499999988,0
6,2024-01-04 08:38:06+00:00,2024-01-04 08:38:06+00:00,20.05217391304348,0.188695652173913,34.13043478260869,29.21434782608696,24.259130434782605,24.68608695652174,0.2369565217391306,66.07956521739132,0.001065,0.000819,0.002298,9.871304347826085,0
7,2024-01-04 08:38:07+00:00,2024-01-04 08:38:07+00:00,20.293571428571436,0.1775,34.129999999999995,28.226071428571423,24.260357142857146,24.692499999999995,0.2346428571428573,66.23142857142857,0.001054,0.00064,0.002289,9.869642857142852,0
8,2024-01-04 08:38:08+00:00,2024-01-04 08:38:08+00:00,19.8996,0.1707999999999999,34.128,28.398000000000007,24.2696,24.6888,0.2340000000000001,66.0592,0.001194,0.000743,0.002235,9.858400000000003,0
9,2024-01-04 08:38:10+00:00,2024-01-04 08:38:10+00:00,20.05275862068965,0.1855172413793103,34.20655172413793,29.13413793103448,24.30655172413792,24.698620689655176,0.2334482758620691,66.2006896551724,0.000993,0.000725,0.002275,9.90000000000001,0
10,2024-01-04 08:38:11+00:00,2024-01-04 08:38:11+00:00,19.29833333333333,0.1804166666666666,34.156666666666666,28.927083333333343,24.30291666666666,24.71041666666667,0.2333333333333334,66.16458333333335,0.001114,0.000727,0.002243,9.853750000000003,0
11,2024-01-04 08:38:12+00:00,2024-01-04 08:38:12+00:00,20.26862068965518,0.1924137931034483,34.207931034482755,28.892758620689666,24.307931034482746,24.69482758620689,0.2317241379310346,65.97724137931034,0.00097,0.000628,0.002182,9.90000000000001,0
12,2024-01-04 08:38:13+00:00,2024-01-04 08:38:13+00:00,19.5415625,0.17625,34.222500000000004,28.62718750000001,24.3140625,24.74125,0.2350000000000001,65.83749999999999,0.001066,0.000762,0.002203,9.908437500000002,0
13,2024-01-04 08:38:15+00:00,2024-01-04 08:38:15+00:00,19.67375000000001,0.1871874999999999,34.26359375000001,29.168906250000017,24.33749999999997,24.760000000000005,0.2343750000000002,66.2740625,0.001075,0.000663,0.002219,9.926093750000042,0
14,2024-01-04 08:38:16+00:00,2024-01-04 08:38:16+00:00,19.647812499999997,0.175,34.30265624999999,28.48359375,24.350156249999973,24.765,0.2356250000000002,66.038125,0.001071,0.000733,0.002178,9.952500000000018,0
15,2024-01-04 08:38:17+00:00,2024-01-04 08:38:17+00:00,19.970468749999995,0.1734375,34.31296875000001,28.63093750000001,24.355937500000003,24.74890625,0.2354687500000002,65.95734375,0.001004,0.000779,0.002158,9.957031250000009,0
16,2024-01-04 08:38:19+00:00,2024-01-04 08:38:19+00:00,19.444062499999987,0.1864062499999999,34.328437499999986,29.007812500000007,24.392656250000027,24.791718749999987,0.2364062500000002,66.09781250000003,0.000999,0.000722,0.002219,9.93578124999996,0
17,2024-01-04 08:38:20+00:00,2024-01-04 08:38:20+00:00,19.96453125,0.1768750000000001,34.35140625,29.68749999999999,24.38187500000001,24.784531249999983,0.2356250000000002,66.15859375000002,0.001105,0.000666,0.002132,9.969531249999983,0
18,2024-01-04 08:38:21+00:00,2024-01-04 08:38:21+00:00,19.27896551724138,0.1670689655172414,34.40724137931035,28.337586206896564,24.38741379310347,24.80810344827585,0.2315517241379313,65.81948275862068,0.001087,0.000923,0.002086,10.01982758620688,0
19,2024-01-04 08:38:23+00:00,2024-01-04 08:38:23+00:00,21.442962962962955,0.182962962962963,34.4362962962963,30.25888888888889,24.417407407407403,24.847777777777782,0.2392592592592594,66.07703703703704,0.00101,0.000708,0.002155,10.018888888888895,0
20,2024-01-04 08:38:24+00:00,2024-01-04 08:38:24+00:00,22.29576923076923,0.18,34.4726923076923,30.40307692307692,24.411153846153844,24.876153846153844,0.2357692307692309,65.93115384615385,0.00105,0.000734,0.002086,10.061538461538454,0
21,2024-01-04 08:38:25+00:00,2024-01-04 08:38:25+00:00,22.80038461538462,0.1776923076923077,34.48346153846155,31.690000000000005,24.420384615384613,24.864999999999995,0.2365384615384616,65.76038461538464,0.001115,0.000754,0.002135,10.063076923076936,0
22,2024-01-04 08:38:27+00:00,2024-01-04 08:38:27+00:00,26.82769230769232,0.1830769230769231,34.56307692307692,36.14615384615385,24.42038461538461,24.93038461538461,0.2365384615384616,65.95038461538464,0.001129,0.000733,0.002209,10.142692307692313,0
23,2024-01-04 08:38:28+00:00,2024-01-04 08:38:28+00:00,28.358461538461544,0.1853846153846154,34.57884615384615,37.5426923076923,24.43961538461539,24.931923076923077,0.2400000000000001,65.93076923076923,0.001077,0.000705,0.002226,10.13923076923076,0
24,2024-01-04 08:38:29+00:00,2024-01-04 08:38:29+00:00,30.77413793103448,0.183103448275862,34.54965517241379,40.19448275862069,24.466896551724147,24.931724137931035,0.2355172413793105,65.71517241379311,0.001148,0.000697,0.002248,10.082758620689646,0
25,2024-01-04 08:38:31+00:00,2024-01-04 08:38:31+00:00,36.10285714285714,0.1946428571428571,34.70285714285715,46.40071428571429,24.486428571428576,25.05035714285714,0.2392857142857144,66.00464285714283,0.001127,0.000797,0.002356,10.216428571428573,0
26,2024-01-04 08:38:32+00:00,2024-01-04 08:38:32+00:00,38.2304,0.1916,34.74319999999999,48.524800000000006,24.4796,25.069599999999998,0.2400000000000001,65.73840000000001,0.001171,0.000789,0.002344,10.263599999999986,0
27,2024-01-04 08:38:33+00:00,2024-01-04 08:38:33+00:00,41.84666666666666,0.1903703703703703,34.7937037037037,52.64703703703704,24.473333333333336,25.117037037037026,0.2392592592592594,65.59629629629632,0.00124,0.000749,0.00247,10.320370370370362,0
28,2024-01-04 08:38:34+00:00,2024-01-04 08:38:34+00:00,45.485000000000014,0.1896153846153846,34.86307692307693,56.04692307692308,24.47269230769232,25.20230769230769,0.2384615384615385,65.50615384615384,0.001163,0.000805,0.002465,10.390384615384615,0
29,2024-01-04 08:38:36+00:00,2024-01-04 08:38:36+00:00,52.23399999999999,0.178,35.02199999999999,63.143999999999984,24.5024,25.267599999999995,0.2376000000000001,65.38400000000001,0.001243,0.000802,0.002676,10.519599999999992,0
30,2024-01-04 08:38:37+00:00,2024-01-04 08:38:37+00:00,57.18655172413792,0.1924137931034482,35.0455172413793,67.9037931034483,24.50862068965517,25.3044827586207,0.240344827586207,65.57793103448277,0.001258,0.00085,0.002641,10.53689655172413,0
31,2024-01-04 08:38:38+00:00,2024-01-04 08:38:38+00:00,61.517857142857146,0.1985714285714286,35.077857142857155,72.68785714285715,24.51178571428571,25.348571428571425,0.2335714285714287,65.33,0.001335,0.000857,0.002779,10.566071428571444,0
32,2024-01-04 08:38:40+00:00,2024-01-04 08:38:40+00:00,70.34772727272725,0.2004545454545454,35.247272727272744,81.90909090909089,24.52045454545454,25.53681818181818,0.2395454545454546,65.34363636363634,0.001308,0.000849,0.00296,10.726818181818205,0
33,2024-01-04 08:38:41+00:00,2024-01-04 08:38:41+00:00,74.30249999999998,0.1899999999999999,35.311249999999994,86.30708333333331,24.528333333333325,25.595833333333328,0.2370833333333334,64.73708333333333,0.001395,0.000902,0.003044,10.782916666666669,0
34,2024-01-04 08:38:42+00:00,2024-01-04 08:38:42+00:00,79.46576923076921,0.2192307692307693,35.399999999999984,91.6803846153846,24.536923076923067,25.679615384615374,0.2388461538461539,65.31192307692307,0.00139,0.000862,0.003141,10.863076923076918,0
35,2024-01-04 08:38:44+00:00,2024-01-04 08:38:44+00:00,89.15724137931035,0.193103448275862,35.495862068965515,101.07689655172412,24.536896551724134,25.79689655172414,0.2358620689655174,64.7689655172414,0.00143,0.000886,0.003335,10.95896551724138,0
36,2024-01-04 08:38:45+00:00,2024-01-04 08:38:45+00:00,93.47233333333332,0.2140000000000001,35.55200000000001,106.582,24.573333333333338,25.858333333333334,0.2400000000000001,64.93266666666665,0.001564,0.000926,0.003915,10.978666666666667,0
37,2024-01-04 08:38:46+00:00,2024-01-04 08:38:46+00:00,99.40038461538464,0.2115384615384616,35.63653846153846,112.65538461538462,24.58423076923077,25.981538461538467,0.2411538461538462,64.50346153846152,0.00155,0.000926,0.004059,11.052307692307686,0
38,2024-01-04 08:38:48+00:00,2024-01-04 08:38:48+00:00,109.36791666666667,0.1924999999999999,35.76291666666667,123.08583333333335,24.597916666666663,26.13833333333333,0.2358333333333333,64.59416666666668,0.001622,0.000943,0.004164,11.165000000000004,0
39,2024-01-04 08:38:49+00:00,2024-01-04 08:38:49+00:00,114.40074074074072,0.2014814814814814,35.8137037037037,128.8322222222222,24.622962962962955,26.20222222222222,0.2396296296296297,64.42703703703705,0.001619,0.000956,0.00428,11.190740740740749,0
40,2024-01-04 08:38:50+00:00,2024-01-04 08:38:50+00:00,119.74208333333333,0.20875,35.874583333333334,134.37083333333337,24.639166666666664,26.30041666666666,0.2933333333333333,64.43333333333332,0.00164,0.00097,0.004393,11.23541666666667,0
41,2024-01-04 08:38:52+00:00,2024-01-04 08:38:52+00:00,130.6076,0.2232,36.06639999999998,144.95519999999996,24.656400000000005,26.450400000000005,0.9696000000000002,64.3132,0.001578,0.000973,0.004584,11.409999999999975,0
42,2024-01-04 08:38:53+00:00,2024-01-04 08:38:53+00:00,135.49925925925922,0.2274074074074075,36.18148148148147,151.0462962962963,24.69037037037039,26.53962962962963,1.0103703703703706,63.97740740740743,0.00161,0.001007,0.004763,11.49111111111108,0
43,2024-01-04 08:38:54+00:00,2024-01-04 08:38:54+00:00,140.37130434782608,0.2213043478260869,36.329130434782606,156.7530434782609,24.700434782608696,26.638695652173915,1.0582608695652171,63.88130434782611,0.001713,0.001039,0.004838,11.62869565217391,0
44,2024-01-04 08:38:55+00:00,2024-01-04 08:38:55+00:00,145.34275862068966,0.2293103448275862,36.39931034482759,161.70103448275862,24.715517241379317,26.732068965517243,1.1044827586206891,63.80413793103449,0.001697,0.000969,0.005077,11.683793103448275,0
45,2024-01-04 08:38:57+00:00,2024-01-04 08:38:57+00:00,155.128,0.2228,36.51520000000001,171.94799999999998,24.7292,26.908400000000007,1.212,63.32719999999999,0.001771,0.001035,0.005272,11.786000000000003,0
46,2024-01-04 08:38:58+00:00,2024-01-04 08:38:58+00:00,161.18892857142856,0.2271428571428572,36.59357142857143,176.79285714285717,24.743571428571435,26.97428571428572,1.2832142857142854,63.68321428571428,0.001807,0.000997,0.005521,11.849999999999994,0
47,2024-01-04 08:38:59+00:00,2024-01-04 08:38:59+00:00,164.96481481481482,0.2325925925925926,36.73074074074074,181.2592592592593,24.74037037037037,27.084074074074078,1.3125925925925923,63.48777777777778,0.001865,0.001022,0.005634,11.990370370370371,0
48,2024-01-04 08:39:01+00:00,2024-01-04 08:39:01+00:00,174.11708333333328,0.2320833333333334,36.832916666666655,191.3141666666667,24.76791666666666,27.16708333333334,1.4029166666666668,63.32916666666668,0.001915,0.001012,0.005889,12.064999999999994,0
49,2024-01-04 08:39:02+00:00,2024-01-04 08:39:02+00:00,178.41583333333332,0.2304166666666668,36.93708333333334,195.7083333333333,24.775416666666658,27.255416666666655,1.4483333333333333,63.11291666666668,0.00187,0.000999,0.006003,12.161666666666685,0
50,2024-01-04 08:39:03+00:00,2024-01-04 08:39:03+00:00,182.19159999999997,0.2372,37.03320000000001,199.7676,24.770799999999998,27.336,1.4884,62.99799999999999,0.001967,0.000981,0.006107,12.262400000000014,0
51,2024-01-04 08:39:05+00:00,2024-01-04 08:39:05+00:00,191.12458333333336,0.2420833333333333,37.15791666666666,209.03541666666675,24.77,27.477499999999992,1.5850000000000009,62.94750000000001,0.001904,0.001039,0.006231,12.387916666666662,0
52,2024-01-04 08:39:07+00:00,2024-01-04 08:39:07+00:00,197.52692307692308,0.2403846153846154,37.356923076923074,215.62730769230768,24.783846153846152,27.595384615384617,1.6492307692307686,62.71076923076924,0.001999,0.001033,0.006455,12.573076923076922,0
53,2024-01-04 08:39:35+00:00,2024-01-04 08:39:35+00:00,191.02750000000003,0.2429166666666666,39.70875,209.6087499999999,25.00458333333333,28.06333333333333,1.6987500000000004,62.998333333333335,0.001982,0.000984,0.006309,14.704166666666666,0
54,2024-01-04 08:39:36+00:00,2024-01-04 08:39:36+00:00,186.4971999999999,0.2155999999999999,39.73680000000001,205.2692,25.0068,28.046,1.6715999999999993,62.9416,0.001945,0.00103,0.006141,14.730000000000013,0
55,2024-01-04 08:39:37+00:00,2024-01-04 08:39:37+00:00,183.0236363636363,0.2300000000000001,39.77454545454545,201.05590909090907,25.02318181818181,27.978181818181813,1.6340909090909086,63.30272727272727,0.001919,0.001064,0.006008,14.751363636363642,0
56,2024-01-04 08:39:39+00:00,2024-01-04 08:39:39+00:00,174.0081481481482,0.2262962962962964,39.77703703703703,192.29259259259263,25.05370370370369,27.88,1.5470370370370372,63.252592592592585,0.001832,0.001063,0.005872,14.723333333333336,0
57,2024-01-04 08:39:40+00:00,2024-01-04 08:39:40+00:00,170.94291666666663,0.2162500000000001,39.79416666666666,187.6625,25.04416666666665,27.826666666666668,1.417916666666667,63.50083333333333,0.001819,0.001008,0.005693,14.750000000000009,0
58,2024-01-04 08:39:41+00:00,2024-01-04 08:39:41+00:00,164.7076,0.2252,39.833200000000005,181.9052,25.0416,27.7784,1.3516000000000004,63.41640000000003,0.001744,0.000958,0.005663,14.791600000000006,0
59,2024-01-04 08:39:43+00:00,2024-01-04 08:39:43+00:00,155.16920000000005,0.2168,39.858,172.03999999999996,25.056400000000004,27.710000000000004,1.3151999999999997,63.734800000000014,0.001735,0.001049,0.005454,14.8016,0
60,2024-01-04 08:39:44+00:00,2024-01-04 08:39:44+00:00,150.8608695652174,0.2226086956521739,39.76695652173913,168.28739130434784,25.057391304347828,27.599565217391294,1.2860869565217394,63.98434782608698,0.001696,0.00108,0.005223,14.709565217391305,0
61,2024-01-04 08:39:45+00:00,2024-01-04 08:39:45+00:00,145.56519999999998,0.2204000000000001,39.806,162.3492,25.0548,27.56599999999999,1.2351999999999996,63.744799999999984,0.001566,0.00094,0.00504,14.7512,0
62,2024-01-04 08:39:47+00:00,2024-01-04 08:39:47+00:00,135.61791666666667,0.2225000000000001,39.76291666666668,151.84416666666667,25.101250000000007,27.446666666666676,1.1558333333333335,63.98749999999998,0.001731,0.000997,0.004912,14.661666666666669,0
63,2024-01-04 08:39:48+00:00,2024-01-04 08:39:48+00:00,130.34777777777776,0.2077777777777777,39.82185185185185,146.12555555555554,25.120370370370363,27.3962962962963,1.1092592592592596,63.96851851851849,0.001541,0.001018,0.004674,14.701481481481483,0
64,2024-01-04 08:39:49+00:00,2024-01-04 08:39:49+00:00,124.35346153846154,0.2046153846153847,39.799615384615386,140.0823076923077,25.12961538461538,27.327692307692303,1.0626923076923078,64.26499999999999,0.001622,0.000992,0.004844,14.670000000000003,0
65,2024-01-04 08:39:50+00:00,2024-01-04 08:39:50+00:00,119.14625000000002,0.1970833333333333,39.7675,134.61833333333337,25.15041666666667,27.25125,1.0145833333333334,64.27333333333335,0.001571,0.000988,0.004722,14.61708333333333,0
66,2024-01-04 08:39:52+00:00,2024-01-04 08:39:52+00:00,109.36291666666666,0.1941666666666667,39.69958333333332,124.20749999999998,25.156250000000004,27.15666666666667,0.949166666666667,64.11874999999999,0.001573,0.001041,0.004501,14.54333333333332,0
67,2024-01-04 08:39:53+00:00,2024-01-04 08:39:53+00:00,104.41291666666665,0.2041666666666667,39.71083333333334,118.6429166666667,25.143333333333327,27.08291666666666,0.9166666666666666,64.76958333333336,0.001596,0.001074,0.004335,14.567500000000011,0
68,2024-01-04 08:39:54+00:00,2024-01-04 08:39:54+00:00,98.70615384615388,0.1984615384615385,39.656923076923086,113.12961538461542,25.17576923076924,26.984230769230773,0.5726923076923076,64.60769230769232,0.001606,0.0011,0.004235,14.481153846153845,0
69,2024-01-04 08:39:56+00:00,2024-01-04 08:39:56+00:00,89.26678571428569,0.2007142857142858,39.59857142857145,102.18642857142854,25.18321428571428,26.85142857142858,0.237857142857143,64.83464285714282,0.001465,0.001101,0.004122,14.415357142857165,0
70,2024-01-04 08:39:57+00:00,2024-01-04 08:39:57+00:00,84.35142857142857,0.1895238095238095,39.58428571428571,97.32761904761904,25.17333333333333,26.78142857142858,0.2361904761904763,64.6257142857143,0.001606,0.001045,0.004022,14.41095238095238,0
71,2024-01-04 08:39:58+00:00,2024-01-04 08:39:58+00:00,79.12785714285715,0.1910714285714286,39.519642857142856,91.575,25.177142857142847,26.73857142857143,0.2375000000000001,64.99214285714285,0.001467,0.00098,0.003897,14.342500000000008,0
72,2024-01-04 08:40:00+00:00,2024-01-04 08:40:00+00:00,69.48851851851852,0.1777777777777778,39.43222222222222,81.37148148148147,25.20444444444445,26.62148148148148,0.2325925925925927,64.92777777777776,0.001587,0.000998,0.003915,14.227777777777767,0
73,2024-01-04 08:40:01+00:00,2024-01-04 08:40:01+00:00,65.75565217391303,0.1830434782608695,39.41826086956522,76.67608695652176,25.206086956521744,26.55782608695652,0.232608695652174,65.43478260869566,0.001452,0.000957,0.003811,14.21217391304348,0
74,2024-01-04 08:40:02+00:00,2024-01-04 08:40:02+00:00,60.09499999999999,0.1846153846153845,39.365384615384606,71.90384615384617,25.21692307692308,26.465769230769222,0.2357692307692308,64.8692307692308,0.001369,0.000983,0.003576,14.148461538461524,0
75,2024-01-04 08:40:04+00:00,2024-01-04 08:40:04+00:00,52.85800000000001,0.1903999999999999,39.25719999999999,64.10480000000001,25.233200000000007,26.37960000000001,0.2300000000000001,65.4904,0.001449,0.001045,0.003414,14.023999999999983,0
76,2024-01-04 08:40:05+00:00,2024-01-04 08:40:05+00:00,48.81608695652174,0.1834782608695652,39.21478260869566,60.126956521739146,25.22869565217392,26.328260869565216,0.2326086956521739,65.38391304347826,0.001436,0.000844,0.003474,13.98608695652174,0
77,2024-01-04 08:40:06+00:00,2024-01-04 08:40:06+00:00,45.13440000000001,0.1676,39.1568,55.47559999999999,25.2296,26.2808,0.2348000000000001,65.35039999999998,0.001362,0.000961,0.003269,13.927199999999996,0
78,2024-01-04 08:40:08+00:00,2024-01-04 08:40:08+00:00,39.062272727272735,0.1759090909090909,39.12681818181819,49.494090909090936,25.25636363636363,26.171818181818185,0.2350000000000001,65.6459090909091,0.001323,0.000882,0.003314,13.870454545454557,0
79,2024-01-04 08:40:09+00:00,2024-01-04 08:40:09+00:00,35.11791666666666,0.17875,39.01958333333333,45.597916666666656,25.27125,26.15625000000001,0.2345833333333334,65.51708333333333,0.001384,0.000885,0.003186,13.748333333333331,0
80,2024-01-04 08:40:10+00:00,2024-01-04 08:40:10+00:00,32.83136363636363,0.1804545454545455,38.99045454545455,42.498636363636365,25.279545454545453,26.109545454545454,0.2300000000000001,65.85818181818182,0.001401,0.000956,0.003162,13.710909090909094,0
81,2024-01-04 08:40:11+00:00,2024-01-04 08:40:11+00:00,31.3048,0.1852,38.97320000000001,41.196,25.271999999999995,26.0928,0.2324,66.04320000000001,0.001302,0.000911,0.003027,13.701200000000018,0
82,2024-01-04 08:40:13+00:00,2024-01-04 08:40:13+00:00,25.72695652173913,0.1760869565217391,38.84869565217391,35.493478260869566,25.289565217391303,25.988260869565217,0.2321739130434783,66.17434782608694,0.001277,0.000879,0.003084,13.559130434782606,0
83,2024-01-04 08:40:14+00:00,2024-01-04 08:40:14+00:00,24.155769230769238,0.1703846153846154,38.804230769230784,33.20230769230769,25.28653846153846,25.95576923076923,0.2300000000000001,65.90230769230769,0.001342,0.000903,0.002966,13.517692307692323,0
84,2024-01-04 08:40:15+00:00,2024-01-04 08:40:15+00:00,22.997391304347826,0.1734782608695652,38.76695652173913,31.597826086956523,25.323043478260857,25.993478260869555,0.2347826086956523,65.98565217391305,0.001207,0.000872,0.002927,13.443913043478275,0
85,2024-01-04 08:40:17+00:00,2024-01-04 08:40:17+00:00,21.131249999999994,0.1712499999999999,38.71833333333333,29.81625,25.31666666666666,25.937916666666663,0.2304166666666668,66.06541666666668,0.001423,0.000849,0.002974,13.401666666666667,0
86,2024-01-04 08:40:18+00:00,2024-01-04 08:40:18+00:00,20.3864,0.1872,38.65919999999999,29.337600000000005,25.3328,25.915199999999995,0.2320000000000001,66.15599999999999,0.001184,0.000869,0.002928,13.326399999999992,0
87,2024-01-04 08:40:19+00:00,2024-01-04 08:40:19+00:00,19.5292,0.1692,38.584,27.634399999999992,25.33600000000001,25.92120000000001,0.2316000000000001,65.744,0.001245,0.000805,0.002921,13.247999999999994,0
88,2024-01-04 08:40:21+00:00,2024-01-04 08:40:21+00:00,19.531111111111112,0.1699999999999999,38.56037037037037,28.18444444444445,25.3437037037037,25.91037037037037,0.2300000000000001,65.89777777777778,0.001257,0.000981,0.002939,13.216666666666672,0
89,2024-01-04 08:40:22+00:00,2024-01-04 08:40:22+00:00,20.35037037037037,0.1785185185185185,38.54148148148148,28.412222222222223,25.34592592592592,25.904444444444444,0.2333333333333334,65.96148148148148,0.001228,0.000825,0.002923,13.19555555555556,0
90,2024-01-04 08:40:23+00:00,2024-01-04 08:40:23+00:00,20.908,0.1908,38.5052,29.328,25.35320000000001,25.891200000000005,0.2312000000000001,65.99880000000002,0.001261,0.000952,0.003029,13.15199999999999,0
91,2024-01-04 08:40:25+00:00,2024-01-04 08:40:25+00:00,22.773043478260867,0.1778260869565217,38.408695652173925,31.178260869565225,25.38217391304348,25.874782608695647,0.2300000000000001,65.78173913043479,0.001237,0.000849,0.003008,13.026521739130448,0
92,2024-01-04 08:40:26+00:00,2024-01-04 08:40:26+00:00,24.034166666666664,0.18375,38.44458333333335,32.943333333333335,25.365833333333335,25.911249999999995,0.2325,66.31916666666665,0.001152,0.000917,0.003002,13.07875000000001,0
93,2024-01-04 08:40:27+00:00,2024-01-04 08:40:27+00:00,26.624583333333337,0.1808333333333333,38.44083333333334,35.21541666666668,25.39,25.882500000000004,0.2391666666666667,65.80291666666668,0.001374,0.000923,0.00311,13.05083333333334,0
94,2024-01-04 08:40:28+00:00,2024-01-04 08:40:28+00:00,27.074,0.1828,38.4904,36.4176,25.3976,25.9652,0.2352000000000002,65.58440000000002,0.001289,0.000809,0.003061,13.092799999999992,0
95,2024-01-04 08:40:30+00:00,2024-01-04 08:40:30+00:00,33.41120000000001,0.1796,38.45560000000001,41.90439999999999,25.404399999999992,25.9804,0.2324000000000001,65.60719999999998,0.001338,0.000877,0.003201,13.05120000000002,0
96,2024-01-04 08:40:31+00:00,2024-01-04 08:40:31+00:00,35.79695652173913,0.18,38.47521739130434,44.45782608695652,25.40217391304348,26.04217391304347,0.2334782608695653,65.7395652173913,0.001346,0.000856,0.003152,13.073043478260864,0
97,2024-01-04 08:40:32+00:00,2024-01-04 08:40:32+00:00,38.552692307692304,0.1788461538461539,38.51307692307692,46.9796153846154,25.421923076923083,26.084615384615383,0.2346153846153847,65.52384615384618,0.001364,0.000847,0.003369,13.09115384615384,0
98,2024-01-04 08:40:34+00:00,2024-01-04 08:40:34+00:00,44.83583333333333,0.1891666666666667,38.517500000000005,55.021250000000016,25.4525,26.15916666666666,0.2400000000000001,65.64958333333334,0.00138,0.000961,0.003297,13.065000000000005,0
99,2024-01-04 08:40:35+00:00,2024-01-04 08:40:35+00:00,48.0003846153846,0.196923076923077,38.589615384615385,58.95461538461537,25.46153846153847,26.231538461538467,0.2326923076923078,65.56730769230772,0.001463,0.00098,0.003602,13.128076923076916,0
100,2024-01-04 08:40:36+00:00,2024-01-04 08:40:36+00:00,52.15583333333334,0.1895833333333333,38.58833333333333,62.334583333333335,25.485000000000003,26.2675,0.2316666666666667,65.13791666666667,0.001487,0.000916,0.00361,13.103333333333328,0
101,2024-01-04 08:40:38+00:00,2024-01-04 08:40:38+00:00,60.85434782608695,0.1821739130434782,38.63521739130434,71.05217391304348,25.483913043478264,26.429130434782603,0.2386956521739131,64.77478260869565,0.001338,0.0009,0.003706,13.15130434782608,0
102,2024-01-04 08:40:39+00:00,2024-01-04 08:40:39+00:00,64.68960000000001,0.1888,38.7112,75.59880000000001,25.48160000000001,26.4696,0.2352000000000001,64.97480000000002,0.001473,0.001,0.003926,13.229599999999987,0
103,2024-01-04 08:40:40+00:00,2024-01-04 08:40:40+00:00,69.3473913043478,0.1934782608695652,38.71391304347825,80.4182608695652,25.497826086956525,26.538260869565217,0.2317391304347827,64.9626086956522,0.001496,0.000927,0.003947,13.216086956521725,0
104,2024-01-04 08:40:42+00:00,2024-01-04 08:40:42+00:00,78.35000000000001,0.1852173913043477,38.76565217391304,89.68043478260871,25.493913043478265,26.63782608695653,0.2365217391304348,64.77000000000001,0.001491,0.001062,0.003905,13.271739130434778,0
105,2024-01-04 08:40:43+00:00,2024-01-04 08:40:43+00:00,83.55727272727273,0.1831818181818182,38.78045454545456,95.12863636363636,25.50727272727272,26.71681818181818,0.2377272727272728,64.71090909090908,0.001518,0.00101,0.003974,13.27318181818184,0
106,2024-01-04 08:40:44+00:00,2024-01-04 08:40:44+00:00,87.59185185185186,0.2040740740740741,38.82777777777777,100.54222222222222,25.51851851851852,26.801111111111112,0.2400000000000001,64.78555555555556,0.001584,0.001059,0.004185,13.30925925925925,0
107,2024-01-04 08:40:46+00:00,2024-01-04 08:40:46+00:00,97.615,0.195,38.8475,110.42416666666666,25.53791666666666,26.9,0.2654166666666667,64.61375000000001,0.001591,0.001024,0.004304,13.309583333333345,0
108,2024-01-04 08:40:47+00:00,2024-01-04 08:40:47+00:00,103.79148148148144,0.2007407407407407,38.98259259259259,116.62999999999998,25.54555555555556,27.02259259259259,0.6499999999999999,64.51222222222222,0.001766,0.001027,0.004446,13.437037037037031,0
109,2024-01-04 08:40:48+00:00,2024-01-04 08:40:48+00:00,108.16153846153848,0.2130769230769231,38.96153846153846,121.68615384615389,25.563461538461528,27.099615384615397,0.915,64.35692307692305,0.001559,0.001011,0.004544,13.398076923076932,0
110,2024-01-04 08:40:49+00:00,2024-01-04 08:40:49+00:00,113.57173913043476,0.2056521739130435,39.02,127.77608695652178,25.56782608695652,27.203043478260877,0.9565217391304346,64.27304347826087,0.001672,0.00102,0.004621,13.452173913043485,0
111,2024-01-04 08:40:51+00:00,2024-01-04 08:40:51+00:00,123.81043478260868,0.2034782608695652,39.08260869565217,138.14782608695648,25.556086956521742,27.309130434782613,1.035652173913043,64.14,0.001605,0.001031,0.004764,13.526521739130423,0
112,2024-01-04 08:40:52+00:00,2024-01-04 08:40:52+00:00,129.83750000000003,0.2008333333333334,39.11625,144.15499999999997,25.58083333333333,27.405416666666667,1.0800000000000003,64.08041666666666,0.001705,0.001082,0.004913,13.53541666666667,0
113,2024-01-04 08:40:53+00:00,2024-01-04 08:40:53+00:00,134.33739130434782,0.2134782608695653,39.14869565217391,149.64782608695657,25.581304347826087,27.496956521739133,1.1304347826086951,63.76913043478261,0.001619,0.000973,0.005013,13.567391304347826,0
114,2024-01-04 08:40:55+00:00,2024-01-04 08:40:55+00:00,144.64956521739134,0.22,39.24,160.1413043478261,25.60521739130436,27.64739130434782,1.2173913043478264,63.68260869565216,0.00169,0.001021,0.005032,13.634782608695645,0
115,2024-01-04 08:40:56+00:00,2024-01-04 08:40:56+00:00,150.0382142857143,0.2075,39.25785714285714,165.3332142857143,25.624285714285715,27.704999999999995,1.263214285714286,63.59607142857143,0.001675,0.00105,0.005203,13.633571428571424,0
116,2024-01-04 08:40:57+00:00,2024-01-04 08:40:57+00:00,154.62043478260873,0.2130434782608695,39.32826086956523,170.25652173913042,25.63347826086957,27.81652173913044,1.311304347826087,63.57652173913043,0.001764,0.000995,0.005501,13.69478260869566,0
117,2024-01-04 08:40:59+00:00,2024-01-04 08:40:59+00:00,163.57136363636366,0.2268181818181818,39.46772727272728,181.02727272727267,25.64363636363636,27.985,1.3927272727272728,63.38409090909088,0.001839,0.001014,0.005562,13.824090909090923,0
118,2024-01-04 08:41:00+00:00,2024-01-04 08:41:00+00:00,169.40620689655168,0.223448275862069,39.50241379310344,186.2206896551725,25.669999999999987,28.05862068965517,1.434137931034483,63.18586206896552,0.001821,0.001001,0.005874,13.832413793103456,0
119,2024-01-04 08:41:01+00:00,2024-01-04 08:41:01+00:00,172.97590909090903,0.2113636363636363,39.58318181818181,190.56818181818176,25.660909090909083,28.13636363636364,1.4690909090909088,63.23272727272727,0.001957,0.001021,0.005929,13.92227272727273,0
120,2024-01-04 08:41:03+00:00,2024-01-04 08:41:03+00:00,181.43576923076924,0.223076923076923,39.691153846153846,199.32730769230773,25.6576923076923,28.253076923076915,1.5565384615384612,63.09192307692309,0.001948,0.001042,0.006196,14.033461538461545,0
121,2024-01-04 08:41:04+00:00,2024-01-04 08:41:04+00:00,185.2684615384615,0.2307692307692308,39.75384615384616,204.1534615384615,25.689999999999998,28.32923076923076,1.6157692307692302,63.02192307692311,0.001908,0.00103,0.006274,14.063846153846168,0
122,2024-01-04 08:41:05+00:00,2024-01-04 08:41:05+00:00,190.47269230769237,0.2215384615384615,39.84769230769231,208.2642307692308,25.70115384615385,28.396538461538466,1.6823076923076918,62.960384615384605,0.001923,0.001011,0.006256,14.146538461538457,0
123,2024-01-04 08:41:08+00:00,2024-01-04 08:41:08+00:00,199.05583333333337,0.2495833333333334,40.099583333333335,218.20500000000007,25.698333333333338,28.599999999999994,1.998333333333334,62.59916666666667,0.001988,0.001141,0.006491,14.401249999999996,0
124,2024-01-04 08:41:09+00:00,2024-01-04 08:41:09+00:00,202.6548,0.2428,40.1616,221.43960000000007,25.690800000000014,28.6488,2.036,62.686400000000006,0.001946,0.001045,0.006569,14.470799999999986,0
125,2024-01-04 08:41:12+00:00,2024-01-04 08:41:12+00:00,210.0365217391304,0.2491304347826088,40.4195652173913,229.6717391304347,25.726956521739133,28.8304347826087,2.1413043478260856,62.37478260869566,0.001997,0.001054,0.006798,14.692608695652169,0
126,2024-01-04 08:41:27+00:00,2024-01-04 08:41:27+00:00,213.61105263157896,0.2515789473684211,41.47578947368421,233.51526315789476,25.844736842105277,29.12631578947368,2.2336842105263157,62.47526315789474,0.001992,0.001056,0.006856,15.631052631578935,0
127,2024-01-04 08:41:29+00:00,2024-01-04 08:41:29+00:00,209.15954545454545,0.2459090909090909,41.561363636363645,229.25,25.854545454545462,29.107727272727267,2.185909090909091,62.52181818181818,0.001966,0.00111,0.006751,15.706818181818182,0
128,2024-01-04 08:41:30+00:00,2024-01-04 08:41:30+00:00,206.7916666666667,0.2445833333333333,41.649166666666666,226.03458333333333,25.840416666666677,29.112916666666667,2.1508333333333334,62.3775,0.001944,0.001025,0.006672,15.808749999999993,0
129,2024-01-04 08:41:31+00:00,2024-01-04 08:41:31+00:00,203.73333333333332,0.248095238095238,41.67000000000001,223.6761904761904,25.849523809523816,29.05238095238096,2.122380952380952,62.57523809523809,0.001962,0.001036,0.00657,15.820476190476192,0
130,2024-01-04 08:41:33+00:00,2024-01-04 08:41:33+00:00,197.6013636363637,0.2404545454545455,41.776363636363634,217.30045454545456,25.88818181818182,29.024545454545454,2.040454545454546,62.67045454545456,0.001912,0.001047,0.006436,15.888181818181812,0
131,2024-01-04 08:41:34+00:00,2024-01-04 08:41:34+00:00,194.6331578947368,0.243157894736842,41.81842105263159,214.02210526315787,25.890526315789465,29.026842105263157,1.9999999999999996,62.83263157894735,0.001886,0.001115,0.006296,15.92789473684212,0
132,2024-01-04 08:41:35+00:00,2024-01-04 08:41:35+00:00,191.0424,0.2396000000000001,41.8524,209.4244,25.88,28.981600000000004,1.9572,62.8232,0.001808,0.001041,0.006117,15.972399999999997,0
133,2024-01-04 08:41:37+00:00,2024-01-04 08:41:37+00:00,182.4838095238095,0.2361904761904762,41.90333333333332,201.49476190476187,25.90047619047619,28.88714285714285,1.8661904761904764,62.57190476190476,0.00177,0.001049,0.005982,16.002857142857124,0
134,2024-01-04 08:41:38+00:00,2024-01-04 08:41:38+00:00,179.3520833333333,0.2291666666666666,41.91333333333332,197.48041666666663,25.900416666666658,28.875000000000004,1.8245833333333323,62.915416666666665,0.001774,0.001024,0.005831,16.012916666666662,0
135,2024-01-04 08:41:39+00:00,2024-01-04 08:41:39+00:00,175.55954545454549,0.2254545454545455,41.91454545454545,192.57454545454547,25.909999999999997,28.820454545454552,1.7790909090909095,63.052727272727246,0.001697,0.001067,0.005696,16.004545454545454,0
136,2024-01-04 08:41:41+00:00,2024-01-04 08:41:41+00:00,165.65913043478255,0.2334782608695652,41.90304347826086,183.7834782608696,25.939130434782616,28.71478260869565,1.7191304347826084,63.31695652173912,0.001572,0.001,0.005425,15.963913043478248,0
137,2024-01-04 08:41:42+00:00,2024-01-04 08:41:42+00:00,160.60391304347834,0.228695652173913,41.93521739130435,177.91304347826082,25.945652173913057,28.6304347826087,1.667391304347826,63.10130434782607,0.001664,0.001013,0.005234,15.989565217391291,0
138,2024-01-04 08:41:43+00:00,2024-01-04 08:41:43+00:00,155.0890909090909,0.2168181818181818,41.91363636363636,173.14999999999998,25.971818181818183,28.625454545454545,1.6336363636363636,63.45727272727276,0.0015,0.001018,0.005093,15.94181818181817,0
139,2024-01-04 08:41:45+00:00,2024-01-04 08:41:45+00:00,146.085,0.21,41.90749999999999,162.7320833333333,25.9725,28.48833333333333,1.5520833333333333,63.46541666666666,0.001523,0.001049,0.004868,15.934999999999992,0
140,2024-01-04 08:41:46+00:00,2024-01-04 08:41:46+00:00,141.96920000000003,0.2136,41.9044,157.1784,25.97280000000001,28.437599999999986,1.5031999999999994,63.90679999999998,0.001486,0.000975,0.004725,15.931599999999984,0
141,2024-01-04 08:41:47+00:00,2024-01-04 08:41:47+00:00,135.96680000000003,0.214,41.85520000000001,152.2544,25.98080000000001,28.324800000000003,1.464,63.760400000000025,0.00143,0.000992,0.004646,15.8744,0
142,2024-01-04 08:41:48+00:00,2024-01-04 08:41:48+00:00,130.97000000000006,0.2250000000000001,41.84272727272728,146.36681818181813,26.0,28.25545454545455,1.415909090909091,63.92772727272728,0.001522,0.001044,0.004427,15.842727272727274,0
143,2024-01-04 08:41:50+00:00,2024-01-04 08:41:50+00:00,121.175,0.2168181818181819,41.74,134.91363636363636,25.99954545454545,28.129999999999985,1.3331818181818182,64.19818181818182,0.001406,0.001024,0.004483,15.740454545454549,0
144,2024-01-04 08:41:51+00:00,2024-01-04 08:41:51+00:00,114.93625,0.2000000000000001,41.75208333333334,128.96833333333333,25.99333333333333,28.07041666666667,1.2770833333333336,64.10041666666666,0.001506,0.00108,0.004575,15.75875000000001,0
145,2024-01-04 08:41:52+00:00,2024-01-04 08:41:52+00:00,109.17777777777782,0.2040740740740741,41.75148148148147,123.65925925925922,25.992222222222225,27.987037037037044,1.2285185185185186,64.10037037037038,0.001486,0.001048,0.004546,15.759259259259244,0
146,2024-01-04 08:41:54+00:00,2024-01-04 08:41:54+00:00,98.57625,0.19625,41.65166666666668,113.3025,26.01833333333333,27.857083333333332,1.1375000000000002,64.49416666666666,0.001487,0.001089,0.004432,15.633333333333349,0
147,2024-01-04 08:41:55+00:00,2024-01-04 08:41:55+00:00,94.84640000000005,0.2072,41.58959999999999,108.1424,26.031199999999984,27.77,1.0975999999999997,64.458,0.001544,0.00104,0.004337,15.558400000000006,0
148,2024-01-04 08:41:56+00:00,2024-01-04 08:41:56+00:00,89.57159999999998,0.1964,41.55,102.3244,26.0284,27.719999999999985,1.0464,64.62520000000004,0.001394,0.000992,0.004188,15.5216,0
149,2024-01-04 08:41:58+00:00,2024-01-04 08:41:58+00:00,80.14115384615381,0.2015384615384616,41.47346153846154,92.41807692307692,26.06576923076923,27.565,0.956923076923077,64.76807692307692,0.001453,0.001038,0.004049,15.407692307692312,0
150,2024-01-04 08:41:59+00:00,2024-01-04 08:41:59+00:00,75.0377272727273,0.1977272727272727,41.429545454545455,87.1472727272727,26.051818181818188,27.559090909090912,0.9195454545454544,65.02227272727272,0.001392,0.001016,0.003846,15.377727272727268,0
151,2024-01-04 08:42:00+00:00,2024-01-04 08:42:00+00:00,70.51464285714289,0.1860714285714285,41.36928571428571,81.96464285714285,26.05214285714285,27.48071428571429,0.7675000000000002,65.13714285714285,0.001341,0.000997,0.003641,15.31714285714286,0
152,2024-01-04 08:42:02+00:00,2024-01-04 08:42:02+00:00,61.46269230769231,0.1961538461538461,41.246538461538464,72.55153846153846,26.07038461538462,27.35615384615386,0.2300000000000001,65.28346153846154,0.001272,0.000958,0.003622,15.176153846153843,0
153,2024-01-04 08:42:03+00:00,2024-01-04 08:42:03+00:00,57.44782608695652,0.1926086956521739,41.18826086956521,68.24521739130435,26.085217391304354,27.27434782608696,0.231304347826087,65.0804347826087,0.00126,0.001009,0.003558,15.103043478260858,0
154,2024-01-04 08:42:04+00:00,2024-01-04 08:42:04+00:00,53.00239999999999,0.1823999999999999,41.1936,62.72920000000003,26.07080000000001,27.271200000000004,0.2312000000000001,65.4004,0.001225,0.000958,0.003341,15.122799999999998,0
155,2024-01-04 08:42:05+00:00,2024-01-04 08:42:05+00:00,49.761304347826105,0.1743478260869565,41.07826086956523,59.538695652173935,26.08956521739131,27.205217391304345,0.2300000000000001,65.36173913043478,0.001288,0.000941,0.003299,14.988695652173917,0
156,2024-01-04 08:42:07+00:00,2024-01-04 08:42:07+00:00,42.29217391304348,0.1786956521739131,41.01304347826086,51.987391304347845,26.125217391304343,27.119999999999983,0.2321739130434783,65.73304347826087,0.001195,0.000925,0.003149,14.88782608695652,0
157,2024-01-04 08:42:08+00:00,2024-01-04 08:42:08+00:00,39.52615384615386,0.1815384615384615,40.943461538461534,48.62076923076923,26.13192307692308,27.053846153846163,0.2323076923076924,65.53999999999999,0.001183,0.000883,0.003159,14.811538461538458,0
158,2024-01-04 08:42:09+00:00,2024-01-04 08:42:09+00:00,35.892727272727264,0.1795454545454545,40.87454545454545,45.57136363636363,26.124090909090903,26.99863636363636,0.2300000000000001,65.6486363636364,0.001166,0.000881,0.003069,14.75045454545454,0
159,2024-01-04 08:42:11+00:00,2024-01-04 08:42:11+00:00,31.77159999999999,0.1816,40.7836,40.1428,26.130799999999997,26.8804,0.2320000000000001,65.9548,0.001209,0.000829,0.00305,14.652800000000006,0
160,2024-01-04 08:42:12+00:00,2024-01-04 08:42:12+00:00,28.46521739130436,0.1869565217391304,40.71869565217391,37.71999999999999,26.133043478260863,26.83869565217392,0.2300000000000001,66.01304347826087,0.001214,0.000939,0.002969,14.585652173913047,0
161,2024-01-04 08:42:13+00:00,2024-01-04 08:42:13+00:00,26.614090909090905,0.1913636363636364,40.68545454545453,35.25545454545454,26.139999999999983,26.84909090909091,0.2300000000000001,65.8072727272727,0.001118,0.000853,0.002898,14.545454545454549,0
162,2024-01-04 08:42:15+00:00,2024-01-04 08:42:15+00:00,23.88708333333333,0.1841666666666666,40.61833333333332,31.695000000000007,26.14791666666666,26.800833333333333,0.2308333333333334,65.93916666666665,0.001115,0.000823,0.002958,14.470416666666658,0
163,2024-01-04 08:42:16+00:00,2024-01-04 08:42:16+00:00,21.9515,0.1765,40.557,29.8655,26.1585,26.7705,0.2325,66.10700000000001,0.001203,0.000825,0.002956,14.3985,0
164,2024-01-04 08:42:17+00:00,2024-01-04 08:42:17+00:00,20.4004347826087,0.1691304347826087,40.5291304347826,28.151739130434777,26.17173913043479,26.75565217391305,0.2295652173913044,65.97000000000001,0.001067,0.000775,0.002856,14.35739130434781,0
165,2024-01-04 08:42:19+00:00,2024-01-04 08:42:19+00:00,19.718636363636364,0.1786363636363636,40.44272727272725,28.09590909090909,26.18772727272728,26.703636363636356,0.2300000000000001,65.90045454545455,0.001184,0.0009,0.002851,14.254999999999978,0
166,2024-01-04 08:42:20+00:00,2024-01-04 08:42:20+00:00,19.6785,0.1774999999999999,40.378,27.677000000000003,26.17650000000001,26.73350000000001,0.23,65.98049999999999,0.001118,0.000803,0.002909,14.201499999999989,0
167,2024-01-04 08:42:21+00:00,2024-01-04 08:42:21+00:00,19.36653846153846,0.1753846153846154,40.40499999999999,27.20961538461538,26.180000000000007,26.678076923076915,0.2300000000000001,66.09692307692305,0.001216,0.000947,0.002868,14.22499999999998,0
168,2024-01-04 08:42:23+00:00,2024-01-04 08:42:23+00:00,20.36954545454545,0.1763636363636364,40.31272727272728,28.323181818181823,26.21227272727273,26.68227272727273,0.2300000000000001,65.80636363636364,0.00114,0.000898,0.002861,14.100454545454554,0
169,2024-01-04 08:42:24+00:00,2024-01-04 08:42:24+00:00,21.8144,0.1748,40.30079999999999,29.9912,26.20960000000001,26.710800000000003,0.2300000000000001,65.9668,0.00114,0.000864,0.002921,14.09119999999998,0
170,2024-01-04 08:42:25+00:00,2024-01-04 08:42:25+00:00,22.735416666666666,0.1708333333333333,40.26416666666668,30.16083333333333,26.205,26.737916666666678,0.2300000000000001,65.74291666666666,0.001217,0.000907,0.002974,14.05916666666668,0
171,2024-01-04 08:42:26+00:00,2024-01-04 08:42:26+00:00,24.015357142857145,0.185,40.30357142857143,32.21964285714285,26.223214285714292,26.765357142857138,0.2325000000000001,65.80107142857145,0.001172,0.000821,0.002977,14.080357142857135,0
172,2024-01-04 08:42:28+00:00,2024-01-04 08:42:28+00:00,27.309615384615395,0.1792307692307692,40.245,35.325,26.259615384615376,26.761923076923075,0.2311538461538463,65.74461538461539,0.001193,0.000882,0.003008,13.98538461538462,0
173,2024-01-04 08:42:29+00:00,2024-01-04 08:42:29+00:00,29.388148148148147,0.1751851851851852,40.27740740740741,38.396666666666654,26.268518518518505,26.83185185185186,0.2303703703703705,65.63222222222224,0.001227,0.000791,0.00311,14.008888888888904,0
174,2024-01-04 08:42:30+00:00,2024-01-04 08:42:30+00:00,32.197037037037035,0.1818518518518519,40.26703703703703,40.90037037037037,26.27222222222221,26.83777777777778,0.2311111111111112,65.46777777777778,0.001266,0.000882,0.003116,13.994814814814813,0
175,2024-01-04 08:42:32+00:00,2024-01-04 08:42:32+00:00,37.36,0.1722222222222222,40.30629629629629,46.66259259259258,26.254444444444445,26.919259259259256,0.2362962962962965,65.62333333333333,0.001151,0.000822,0.003176,14.051851851851843,0
176,2024-01-04 08:42:33+00:00,2024-01-04 08:42:33+00:00,41.46200000000001,0.1939999999999999,40.2704,49.890000000000015,26.27960000000001,26.908,0.2300000000000001,65.398,0.001226,0.000864,0.003335,13.99079999999999,0
177,2024-01-04 08:42:34+00:00,2024-01-04 08:42:34+00:00,44.16291666666667,0.1829166666666667,40.30708333333333,53.521666666666654,26.29458333333333,26.97333333333333,0.2304166666666668,65.29500000000002,0.001275,0.000833,0.003293,14.0125,0
178,2024-01-04 08:42:36+00:00,2024-01-04 08:42:36+00:00,51.746,0.1819999999999999,40.31433333333333,61.28766666666666,26.289999999999985,27.067333333333327,0.2346666666666668,65.309,0.001339,0.00092,0.003575,14.024333333333344,0
179,2024-01-04 08:42:37+00:00,2024-01-04 08:42:37+00:00,55.18038461538461,0.1842307692307692,40.32,65.4980769230769,26.29346153846153,27.13346153846153,0.2323076923076924,64.87192307692308,0.001247,0.000877,0.003535,14.026538461538472,0
180,2024-01-04 08:42:38+00:00,2024-01-04 08:42:38+00:00,60.01499999999999,0.1833333333333333,40.333333333333336,69.64583333333331,26.296666666666663,27.16625,0.2316666666666667,65.05499999999999,0.00142,0.000971,0.00376,14.036666666666672,0
181,2024-01-04 08:42:40+00:00,2024-01-04 08:42:40+00:00,68.59846153846155,0.1919230769230769,40.36884615384615,78.77961538461537,26.31038461538461,27.29153846153846,0.2365384615384616,64.94692307692308,0.001251,0.000876,0.003835,14.05846153846154,0
182,2024-01-04 08:42:41+00:00,2024-01-04 08:42:41+00:00,72.86172413793102,0.1982758620689656,40.40310344827588,83.37379310344826,26.31620689655173,27.36310344827585,0.3910344827586207,64.82827586206898,0.001354,0.000926,0.003787,14.086896551724148,0
183,2024-01-04 08:42:42+00:00,2024-01-04 08:42:42+00:00,77.52037037037037,0.2029629629629629,40.397407407407385,88.6351851851852,26.33037037037037,27.4325925925926,0.8337037037037041,64.74296296296296,0.001437,0.000987,0.003991,14.06703703703701,0
184,2024-01-04 08:42:44+00:00,2024-01-04 08:42:44+00:00,87.48423076923078,0.1876923076923076,40.41461538461538,98.73269230769232,26.32923076923077,27.55115384615384,0.9930769230769227,64.44884615384613,0.001494,0.000903,0.004216,14.085384615384609,0
185,2024-01-04 08:42:45+00:00,2024-01-04 08:42:45+00:00,93.36500000000002,0.2034615384615385,40.43692307692309,104.12653846153844,26.32730769230769,27.64076923076923,1.030384615384615,64.37500000000001,0.001486,0.001006,0.004159,14.1096153846154,0
186,2024-01-04 08:42:46+00:00,2024-01-04 08:42:46+00:00,97.4457142857143,0.2146428571428572,40.44357142857144,109.66214285714284,26.357142857142865,27.697142857142858,1.0735714285714286,64.6435714285714,0.001514,0.000975,0.00452,14.086428571428574,0
187,2024-01-04 08:42:47+00:00,2024-01-04 08:42:47+00:00,102.94,0.2085185185185185,40.45481481481483,114.71296296296296,26.365555555555563,27.7588888888889,1.1192592592592592,64.20555555555553,0.001524,0.00097,0.00463,14.089259259259268,0
188,2024-01-04 08:42:49+00:00,2024-01-04 08:42:49+00:00,112.62714285714289,0.2053571428571428,40.51571428571429,125.02714285714283,26.365357142857142,27.95571428571429,1.2135714285714283,63.9907142857143,0.001568,0.001015,0.004743,14.150357142857144,0
189,2024-01-04 08:42:50+00:00,2024-01-04 08:42:50+00:00,117.47107142857136,0.2135714285714287,40.56464285714284,131.3314285714286,26.372857142857143,28.029642857142857,1.2589285714285716,64.0357142857143,0.001584,0.001016,0.004831,14.19178571428569,0
190,2024-01-04 08:42:51+00:00,2024-01-04 08:42:51+00:00,123.39862068965512,0.2027586206896552,40.58034482758622,136.80689655172415,26.373103448275863,28.109310344827584,1.306896551724137,63.806206896551735,0.00157,0.000957,0.004889,14.207241379310354,0
191,2024-01-04 08:42:53+00:00,2024-01-04 08:42:53+00:00,133.64629629629627,0.217037037037037,40.60333333333333,147.99666666666664,26.413703703703703,28.23407407407408,1.3977777777777776,63.81925925925927,0.001544,0.000984,0.004756,14.189629629629628,0
192,2024-01-04 08:42:54+00:00,2024-01-04 08:42:54+00:00,138.77920000000003,0.218,40.6728,153.06199999999998,26.404799999999994,28.343200000000007,1.4388000000000003,63.6668,0.001535,0.000987,0.004747,14.268,0
193,2024-01-04 08:42:55+00:00,2024-01-04 08:42:55+00:00,143.9123333333333,0.2196666666666666,40.675,158.81466666666668,26.403666666666663,28.42633333333333,1.4846666666666664,63.67466666666667,0.001591,0.000978,0.005016,14.271333333333336,0
194,2024-01-04 08:42:57+00:00,2024-01-04 08:42:57+00:00,154.97592592592596,0.2240740740740741,40.7562962962963,169.42814814814813,26.436296296296295,28.58,1.574444444444444,63.26111111111112,0.001626,0.001004,0.005158,14.32,0
195,2024-01-04 08:42:58+00:00,2024-01-04 08:42:58+00:00,158.12933333333334,0.2186666666666667,40.774,173.99466666666677,26.426333333333336,28.659999999999997,1.610666666666667,63.33000000000001,0.001596,0.000936,0.005233,14.347666666666663,0
196,2024-01-04 08:42:59+00:00,2024-01-04 08:42:59+00:00,163.28592592592594,0.2351851851851853,40.84185185185184,179.60037037037037,26.43666666666667,28.733703703703718,1.663333333333333,63.36222222222222,0.001661,0.001,0.00554,14.405185185185172,0
197,2024-01-04 08:43:01+00:00,2024-01-04 08:43:01+00:00,172.72416666666666,0.2341666666666666,40.93458333333333,188.9829166666667,26.468333333333348,28.91958333333333,1.743333333333333,63.312916666666666,0.001633,0.000954,0.005601,14.46624999999998,0
198,2024-01-04 08:43:02+00:00,2024-01-04 08:43:02+00:00,176.01481481481486,0.2322222222222223,40.97111111111112,193.48444444444445,26.47296296296297,28.98444444444444,1.7818518518518514,62.922592592592586,0.00176,0.001021,0.005815,14.498148148148148,0
199,2024-01-04 08:43:03+00:00,2024-01-04 08:43:03+00:00,180.5930769230769,0.2226923076923077,41.0373076923077,197.9053846153846,26.486923076923084,29.05307692307692,1.823461538461539,62.85269230769233,0.001766,0.000975,0.006005,14.550384615384615,0
200,2024-01-04 08:43:04+00:00,2024-01-04 08:43:04+00:00,184.49827586206897,0.2334482758620689,41.055172413793095,202.39793103448275,26.486896551724136,29.085172413793096,1.8765517241379317,63.09172413793102,0.001786,0.001003,0.006121,14.568275862068958,0
201,2024-01-04 08:43:06+00:00,2024-01-04 08:43:06+00:00,192.28586206896557,0.2386206896551724,41.21068965517241,209.98931034482757,26.47758620689656,29.2351724137931,1.9568965517241377,62.65896551724136,0.001851,0.000959,0.006293,14.733103448275852,0
202,2024-01-04 08:43:07+00:00,2024-01-04 08:43:07+00:00,195.9839285714285,0.2303571428571428,41.22678571428572,213.8253571428572,26.499285714285712,29.284999999999997,2.003928571428572,62.68035714285713,0.00182,0.001027,0.006385,14.727500000000006,0
203,2024-01-04 08:43:08+00:00,2024-01-04 08:43:08+00:00,199.062142857143,0.2396428571428572,41.278571428571446,217.5632142857143,26.526428571428568,29.36035714285714,2.043214285714286,62.58464285714284,0.001866,0.001004,0.006561,14.75214285714288,0
204,2024-01-04 08:43:10+00:00,2024-01-04 08:43:10+00:00,204.39037037037045,0.2407407407407407,41.438518518518514,223.81703703703704,26.538888888888884,29.48037037037037,2.119629629629629,62.2862962962963,0.00189,0.00107,0.006639,14.89962962962963,0
205,2024-01-04 08:43:11+00:00,2024-01-04 08:43:11+00:00,208.35041666666663,0.2433333333333334,41.505,226.8750000000001,26.55624999999999,29.52958333333333,2.15875,62.29291666666666,0.001904,0.001007,0.006754,14.948750000000013,0
206,2024-01-04 08:43:12+00:00,2024-01-04 08:43:12+00:00,210.368,0.238,41.61633333333335,229.0333333333334,26.55166666666665,29.606333333333332,2.188,62.45600000000001,0.00197,0.001065,0.006866,15.064666666666696,0
207,2024-01-04 08:43:14+00:00,2024-01-04 08:43:14+00:00,214.0044444444444,0.2414814814814816,41.75925925925925,232.99888888888884,26.54037037037036,29.667407407407413,2.2496296296296303,62.36555555555556,0.001998,0.001061,0.006949,15.218888888888896,0
208,2024-01-04 08:43:15+00:00,2024-01-04 08:43:15+00:00,215.66103448275865,0.2534482758620689,41.83655172413794,235.13896551724133,26.544137931034463,29.73758620689655,2.27,62.3296551724138,0.001985,0.00102,0.006989,15.292413793103478,0
209,2024-01-04 08:43:16+00:00,2024-01-04 08:43:16+00:00,217.1779999999999,0.2366666666666667,41.88300000000001,235.6456666666667,26.541666666666647,29.74333333333334,2.285,62.05900000000001,0.001954,0.00103,0.006973,15.341333333333363,0
210,2024-01-04 08:43:18+00:00,2024-01-04 08:43:18+00:00,218.45200000000003,0.2483333333333334,42.06999999999999,237.85566666666668,26.577,29.800666666666668,2.3216666666666663,62.39533333333337,0.001924,0.000995,0.007027,15.492999999999988,0
211,2024-01-04 08:43:19+00:00,2024-01-04 08:43:19+00:00,219.1732,0.2495999999999999,42.1156,238.3660000000001,26.5772,29.838799999999992,2.334,62.17240000000001,0.001961,0.00101,0.007074,15.5384,0
212,2024-01-04 08:43:20+00:00,2024-01-04 08:43:20+00:00,220.1346153846154,0.2446153846153846,42.16230769230768,239.63500000000008,26.580769230769224,29.861153846153847,2.344615384615386,62.03346153846154,0.001958,0.001009,0.007088,15.581538461538454,0
213,2024-01-04 08:43:22+00:00,2024-01-04 08:43:22+00:00,218.81642857142865,0.2485714285714285,42.31535714285712,238.2085714285714,26.575714285714287,29.87107142857142,2.348214285714286,61.95071428571432,0.001994,0.001053,0.007076,15.739642857142837,0
214,2024-01-04 08:43:23+00:00,2024-01-04 08:43:23+00:00,218.9972413793103,0.2513793103448276,42.45655172413792,238.28551724137944,26.57206896551725,29.86862068965517,2.3465517241379312,62.24551724137929,0.001936,0.000967,0.007034,15.884482758620674,0
215,2024-01-04 08:43:24+00:00,2024-01-04 08:43:24+00:00,217.87625,0.245,42.51499999999999,236.5816666666667,26.595,29.89,2.3279166666666677,62.29958333333334,0.001972,0.00105,0.007027,15.919999999999996,0
216,2024-01-04 08:43:25+00:00,2024-01-04 08:43:25+00:00,217.37074074074067,0.2451851851851852,42.53333333333333,235.30333333333343,26.58703703703705,29.884814814814813,2.31925925925926,62.14518518518519,0.001949,0.001015,0.006951,15.946296296296286,0
217,2024-01-04 08:43:27+00:00,2024-01-04 08:43:27+00:00,213.34185185185183,0.2385185185185184,42.69555555555554,232.3688888888888,26.59407407407407,29.896296296296292,2.2833333333333345,62.39703703703705,0.001894,0.000982,0.006866,16.101481481481475,0
218,2024-01-04 08:43:28+00:00,2024-01-04 08:43:28+00:00,211.10071428571428,0.2435714285714287,42.715,229.64607142857147,26.612500000000008,29.87571428571428,2.2489285714285705,62.33071428571429,0.001905,0.001011,0.006812,16.10249999999999,0
219,2024-01-04 08:43:29+00:00,2024-01-04 08:43:29+00:00,209.05518518518525,0.2485185185185186,42.75222222222221,228.304074074074,26.6162962962963,29.856296296296296,2.223703703703704,62.43518518518517,0.001895,0.000997,0.006721,16.135925925925907,0
220,2024-01-04 08:43:31+00:00,2024-01-04 08:43:31+00:00,204.37099999999992,0.2426666666666666,42.87833333333335,223.33833333333325,26.61666666666667,29.81266666666668,2.1656666666666657,62.43599999999999,0.001854,0.000979,0.006634,16.261666666666674,0
221,2024-01-04 08:43:32+00:00,2024-01-04 08:43:32+00:00,201.15076923076927,0.221923076923077,42.89076923076924,219.07423076923075,26.60192307692309,29.80807692307693,2.128076923076923,62.39,0.001842,0.000995,0.006522,16.28884615384615,0
222,2024-01-04 08:43:33+00:00,2024-01-04 08:43:33+00:00,197.56111111111107,0.2281481481481481,42.9337037037037,216.7148148148148,26.615555555555552,29.745925925925924,2.090740740740741,62.50555555555557,0.001797,0.001013,0.006385,16.318148148148147,0
223,2024-01-04 08:43:35+00:00,2024-01-04 08:43:35+00:00,191.4437037037036,0.2237037037037037,43.00888888888888,208.74296296296305,26.62888888888889,29.72740740740741,2.008148148148148,62.372592592592575,0.001756,0.000968,0.006262,16.379999999999992,0
224,2024-01-04 08:43:36+00:00,2024-01-04 08:43:36+00:00,187.69115384615375,0.2276923076923078,43.00923076923077,205.3684615384616,26.638846153846146,29.649230769230776,1.9603846153846147,62.82769230769232,0.001711,0.000999,0.00613,16.370384615384623,0
225,2024-01-04 08:43:37+00:00,2024-01-04 08:43:37+00:00,182.8578571428571,0.2221428571428572,43.0692857142857,201.83892857142857,26.63928571428571,29.646428571428565,1.915357142857143,62.84285714285715,0.001674,0.000994,0.0059,16.42999999999999,0
226,2024-01-04 08:43:39+00:00,2024-01-04 08:43:39+00:00,175.1243333333333,0.2153333333333334,43.05233333333332,192.523,26.67533333333333,29.53766666666666,1.832999999999999,62.943000000000005,0.001646,0.000975,0.005734,16.37699999999999,0
227,2024-01-04 08:43:40+00:00,2024-01-04 08:43:40+00:00,170.84714285714284,0.2307142857142858,43.031785714285725,188.0342857142857,26.67535714285714,29.44678571428571,1.7946428571428572,63.03642857142857,0.001591,0.00098,0.005644,16.356428571428584,0
228,2024-01-04 08:43:41+00:00,2024-01-04 08:43:41+00:00,167.3307407407407,0.2240740740740741,43.06925925925925,183.49,26.680740740740752,29.40777777777777,1.7551851851851856,63.30666666666668,0.001521,0.000942,0.005368,16.388518518518495,0
229,2024-01-04 08:43:42+00:00,2024-01-04 08:43:42+00:00,162.34642857142862,0.2267857142857143,43.06142857142856,178.09,26.703214285714296,29.34250000000001,1.714642857142858,63.13000000000001,0.001502,0.000966,0.005192,16.35821428571426,0
230,2024-01-04 08:43:44+00:00,2024-01-04 08:43:44+00:00,151.23999999999998,0.2181481481481482,43.03592592592591,167.8748148148148,26.703333333333337,29.210000000000008,1.6270370370370368,63.59518518518517,0.001433,0.000959,0.005013,16.332592592592572,0
231,2024-01-04 08:43:45+00:00,2024-01-04 08:43:45+00:00,148.08321428571432,0.2135714285714287,43.06964285714287,163.28250000000003,26.690357142857145,29.17607142857141,1.5914285714285707,63.572499999999984,0.001422,0.000927,0.004855,16.379285714285725,0
232,2024-01-04 08:43:46+00:00,2024-01-04 08:43:46+00:00,142.0742857142857,0.2053571428571429,43.040000000000006,157.54607142857142,26.687857142857148,29.112142857142864,1.5435714285714288,63.76178571428572,0.001421,0.001003,0.004696,16.35214285714286,0
233,2024-01-04 08:43:48+00:00,2024-01-04 08:43:48+00:00,132.29285714285717,0.2167857142857142,42.99,146.28749999999997,26.726428571428578,28.95142857142857,1.4528571428571426,63.786785714285706,0.001455,0.000992,0.004655,16.263571428571424,0
234,2024-01-04 08:43:49+00:00,2024-01-04 08:43:49+00:00,125.90708333333332,0.1929166666666667,42.92874999999999,140.92291666666665,26.724166666666672,28.93125000000001,1.4120833333333334,63.96999999999998,0.00142,0.000945,0.004446,16.204583333333314,0
235,2024-01-04 08:43:50+00:00,2024-01-04 08:43:50+00:00,121.42481481481482,0.2118518518518519,42.905555555555566,136.22592592592594,26.720740740740755,28.838518518518523,1.37,64.38666666666664,0.001375,0.00095,0.004549,16.18481481481481,0
236,2024-01-04 08:43:52+00:00,2024-01-04 08:43:52+00:00,110.852962962963,0.1955555555555557,42.86259259259258,124.63185185185183,26.73,28.70296296296296,1.2722222222222228,64.18851851851853,0.001417,0.000977,0.004594,16.132592592592584,0
237,2024-01-04 08:43:53+00:00,2024-01-04 08:43:53+00:00,105.2503571428572,0.1878571428571428,42.82285714285713,118.39857142857146,26.7475,28.676428571428573,1.2225,64.30535714285715,0.001416,0.000946,0.004513,16.075357142857133,0
238,2024-01-04 08:43:54+00:00,2024-01-04 08:43:54+00:00,100.22392857142856,0.1978571428571429,42.809285714285714,112.80857142857144,26.753571428571423,28.601785714285715,1.1775,64.4082142857143,0.001389,0.000991,0.004341,16.055714285714288,0
239,2024-01-04 08:43:56+00:00,2024-01-04 08:43:56+00:00,90.08357142857145,0.2010714285714286,42.68464285714284,103.03928571428568,26.78321428571428,28.415714285714284,1.0782142857142856,64.53249999999998,0.001385,0.000965,0.004231,15.90142857142856,0
240,2024-01-04 08:43:57+00:00,2024-01-04 08:43:57+00:00,84.62413793103448,0.196896551724138,42.66379310344827,97.63931034482758,26.78482758620688,28.345172413793108,1.0386206896551724,64.78172413793104,0.001344,0.001,0.004119,15.87896551724139,0
241,2024-01-04 08:43:58+00:00,2024-01-04 08:43:58+00:00,80.13379310344828,0.1934482758620689,42.590689655172405,92.1203448275862,26.78724137931033,28.26862068965516,0.9910344827586204,64.46758620689656,0.001359,0.000988,0.004061,15.80344827586207,0
242,2024-01-04 08:44:00+00:00,2024-01-04 08:44:00+00:00,71.46083333333334,0.18625,42.532500000000006,82.14458333333336,26.7825,28.176250000000007,0.8954166666666667,65.06500000000001,0.001353,0.001041,0.003929,15.750000000000004,0
243,2024-01-04 08:44:01+00:00,2024-01-04 08:44:01+00:00,66.70444444444445,0.2051851851851852,42.464444444444446,77.78740740740741,26.788518518518508,28.127777777777787,0.4188888888888888,65.42185185185184,0.0012,0.000865,0.003692,15.675925925925938,0
244,2024-01-04 08:44:02+00:00,2024-01-04 08:44:02+00:00,62.065666666666665,0.1806666666666666,42.40800000000001,72.78466666666667,26.80166666666667,28.032,0.2320000000000001,65.06133333333331,0.001284,0.000918,0.003567,15.60633333333334,0
245,2024-01-04 08:44:03+00:00,2024-01-04 08:44:03+00:00,57.50148148148148,0.1811111111111111,42.354444444444425,68.28888888888889,26.79555555555556,27.99814814814815,0.2377777777777778,65.25814814814815,0.001241,0.000868,0.003583,15.55888888888887,0
246,2024-01-04 08:44:05+00:00,2024-01-04 08:44:05+00:00,50.00620689655173,0.2013793103448277,42.24586206896552,60.339999999999975,26.829655172413787,27.87758620689656,0.2300000000000001,65.47896551724136,0.001195,0.000943,0.003322,15.416206896551728,0
247,2024-01-04 08:44:06+00:00,2024-01-04 08:44:06+00:00,46.76192307692309,0.1811538461538461,42.18769230769231,56.08153846153846,26.81000000000001,27.828076923076928,0.2365384615384616,65.31115384615384,0.001177,0.00086,0.003293,15.377692307692303,0
248,2024-01-04 08:44:07+00:00,2024-01-04 08:44:07+00:00,43.01769230769231,0.1861538461538462,42.11846153846155,52.57846153846154,26.8153846153846,27.77038461538461,0.2330769230769232,65.66192307692305,0.001169,0.000854,0.003092,15.303076923076954,0
249,2024-01-04 08:44:09+00:00,2024-01-04 08:44:09+00:00,36.81999999999999,0.1962068965517241,42.07999999999999,46.41206896551724,26.852068965517248,27.65965517241379,0.233793103448276,65.87068965517241,0.001093,0.000891,0.00313,15.227931034482744,0
250,2024-01-04 08:44:10+00:00,2024-01-04 08:44:10+00:00,34.26518518518519,0.1725925925925926,42.02666666666666,42.86148148148148,26.85037037037037,27.66592592592594,0.2300000000000001,65.46481481481482,0.001132,0.000835,0.002991,15.176296296296282,0
251,2024-01-04 08:44:11+00:00,2024-01-04 08:44:11+00:00,30.97266666666667,0.1686666666666666,41.953,39.79966666666667,26.862333333333343,27.62733333333332,0.2300000000000001,65.83466666666665,0.001139,0.000794,0.003019,15.09066666666666,0
252,2024-01-04 08:44:13+00:00,2024-01-04 08:44:13+00:00,26.698148148148142,0.1818518518518518,41.87333333333333,35.64962962962962,26.86962962962962,27.52740740740742,0.2329629629629631,65.82555555555557,0.00111,0.000851,0.0029,15.003703703703708,0
253,2024-01-04 08:44:14+00:00,2024-01-04 08:44:14+00:00,25.146296296296303,0.1692592592592593,41.77999999999999,33.06222222222221,26.8725925925926,27.49592592592593,0.2300000000000001,66.16777777777779,0.001086,0.000895,0.002933,14.90740740740739,0
254,2024-01-04 08:44:15+00:00,2024-01-04 08:44:15+00:00,23.700000000000006,0.1762962962962963,41.8074074074074,31.604444444444454,26.877407407407404,27.497777777777785,0.2344444444444445,65.76185185185184,0.001124,0.00085,0.002949,14.93,0
255,2024-01-04 08:44:17+00:00,2024-01-04 08:44:17+00:00,20.87758620689656,0.1637931034482758,41.66793103448274,28.414827586206904,26.891034482758613,27.460689655172438,0.2310344827586208,65.6755172413793,0.001201,0.000815,0.00288,14.776896551724128,0
256,2024-01-04 08:44:18+00:00,2024-01-04 08:44:18+00:00,20.37076923076923,0.1669230769230769,41.66807692307692,28.29615384615384,26.896923076923077,27.45346153846153,0.231923076923077,65.97653846153845,0.001004,0.000765,0.002896,14.771153846153844,0
257,2024-01-04 08:44:19+00:00,2024-01-04 08:44:19+00:00,19.537857142857145,0.1757142857142857,41.60785714285714,27.527500000000003,26.89357142857142,27.42357142857143,0.2300000000000001,65.91821428571431,0.001122,0.000799,0.002907,14.714285714285722,0
258,2024-01-04 08:44:20+00:00,2024-01-04 08:44:20+00:00,19.639310344827585,0.1827586206896551,41.5455172413793,27.40137931034484,26.89344827586206,27.394482758620686,0.230344827586207,66.09655172413791,0.001071,0.000774,0.002842,14.65206896551724,0
259,2024-01-04 08:44:22+00:00,2024-01-04 08:44:22+00:00,20.07892857142857,0.1742857142857142,41.501428571428576,27.398571428571437,26.9225,27.419642857142858,0.2300000000000001,65.89821428571429,0.001093,0.000808,0.002862,14.57892857142858,0
260,2024-01-04 08:44:23+00:00,2024-01-04 08:44:23+00:00,20.28444444444445,0.1729629629629629,41.47148148148149,27.9825925925926,26.9325925925926,27.40592592592592,0.2292592592592593,65.96851851851854,0.001096,0.000854,0.002916,14.538888888888888,0
261,2024-01-04 08:44:24+00:00,2024-01-04 08:44:24+00:00,21.794074074074075,0.1781481481481482,41.443333333333335,29.33703703703704,26.913703703703717,27.43111111111112,0.2281481481481483,65.86481481481482,0.00117,0.000876,0.002931,14.52962962962962,0
262,2024-01-04 08:44:26+00:00,2024-01-04 08:44:26+00:00,23.722857142857134,0.1767857142857143,41.40642857142858,30.994285714285702,26.95250000000001,27.45892857142857,0.2300000000000001,65.77,0.001139,0.000832,0.00293,14.45392857142857,0
263,2024-01-04 08:44:27+00:00,2024-01-04 08:44:27+00:00,26.14346153846154,0.1765384615384615,41.39807692307692,33.13576923076923,26.95346153846155,27.44384615384615,0.2300000000000001,65.83846153846154,0.001108,0.000874,0.003055,14.444615384615371,0
264,2024-01-04 08:44:28+00:00,2024-01-04 08:44:28+00:00,27.02692307692307,0.1653846153846153,41.35307692307693,35.11923076923077,26.95192307692308,27.43038461538462,0.2300000000000001,65.7576923076923,0.00112,0.000798,0.003062,14.40115384615385,0
265,2024-01-04 08:44:30+00:00,2024-01-04 08:44:30+00:00,32.50296296296296,0.1796296296296296,41.410370370370366,39.51259259259259,26.963333333333352,27.514074074074077,0.2300000000000001,65.79,0.001201,0.000912,0.003089,14.447037037037012,0
266,2024-01-04 08:44:31+00:00,2024-01-04 08:44:31+00:00,34.327777777777776,0.1814814814814814,41.4051851851852,42.42185185185187,26.97777777777778,27.55518518518518,0.2348148148148149,65.9914814814815,0.001242,0.000869,0.003218,14.427407407407417,0
267,2024-01-04 08:44:32+00:00,2024-01-04 08:44:32+00:00,37.018620689655165,0.1806896551724138,41.41379310344829,46.05137931034482,26.978275862068976,27.605517241379303,0.2300000000000001,65.64655172413792,0.001181,0.00087,0.003216,14.435517241379316,0
268,2024-01-04 08:44:34+00:00,2024-01-04 08:44:34+00:00,43.84068965517242,0.1720689655172413,41.396206896551725,53.02586206896553,27.000344827586208,27.69862068965518,0.2341379310344829,65.2658620689655,0.001322,0.000849,0.003361,14.395862068965515,0
269,2024-01-04 08:44:35+00:00,2024-01-04 08:44:35+00:00,47.475,0.1803571428571428,41.455714285714286,56.37107142857143,26.99928571428571,27.73035714285715,0.2321428571428573,65.48107142857138,0.001263,0.000907,0.003412,14.456428571428578,0
270,2024-01-04 08:44:36+00:00,2024-01-04 08:44:36+00:00,51.039285714285725,0.1839285714285714,41.41392857142857,60.75071428571429,27.005357142857143,27.7575,0.2307142857142858,65.19714285714285,0.00127,0.000877,0.003585,14.408571428571427,0
271,2024-01-04 08:44:38+00:00,2024-01-04 08:44:38+00:00,59.24041666666667,0.1908333333333333,41.45583333333334,68.6675,27.017499999999995,27.832500000000007,0.2333333333333334,65.03749999999997,0.00134,0.000927,0.00361,14.438333333333343,0
272,2024-01-04 08:44:39+00:00,2024-01-04 08:44:39+00:00,62.586785714285725,0.1896428571428572,41.47357142857143,72.59249999999999,27.00678571428572,27.89642857142857,0.2385714285714287,65.23107142857143,0.001359,0.000921,0.003806,14.46678571428571,0
273,2024-01-04 08:44:40+00:00,2024-01-04 08:44:40+00:00,67.71866666666666,0.1919999999999999,41.46933333333333,77.98866666666665,27.009,27.969999999999988,0.2316666666666668,64.884,0.001383,0.000978,0.003721,14.460333333333327,0
274,2024-01-04 08:44:41+00:00,2024-01-04 08:44:41+00:00,72.94115384615385,0.1888461538461538,41.4876923076923,82.5569230769231,26.99384615384616,28.01115384615384,0.6903846153846154,64.91038461538461,0.001402,0.000886,0.00395,14.493846153846142,0
275,2024-01-04 08:44:43+00:00,2024-01-04 08:44:43+00:00,81.68037037037037,0.1925925925925926,41.46962962962965,92.75555555555556,27.00333333333333,28.125555555555565,0.9633333333333336,64.59111111111112,0.001462,0.000969,0.004038,14.466296296296314,0
276,2024-01-04 08:44:44+00:00,2024-01-04 08:44:44+00:00,86.84000000000002,0.1926923076923077,41.53615384615384,97.8376923076923,27.0203846153846,28.235769230769225,1.005384615384615,64.5026923076923,0.001398,0.000894,0.004021,14.51576923076924,0
277,2024-01-04 08:44:45+00:00,2024-01-04 08:44:45+00:00,91.915,0.2096428571428571,41.5375,103.33928571428572,27.032142857142844,28.27892857142857,1.0467857142857142,64.4482142857143,0.001473,0.000967,0.004199,14.505357142857155,0
278,2024-01-04 08:44:47+00:00,2024-01-04 08:44:47+00:00,101.85965517241377,0.1958620689655172,41.50655172413794,113.57379310344832,27.062068965517245,28.438965517241385,1.1372413793103449,64.43275862068964,0.001532,0.001007,0.004558,14.444482758620698,0
279,2024-01-04 08:44:48+00:00,2024-01-04 08:44:48+00:00,106.94777777777776,0.2092592592592593,41.56222222222222,118.80888888888892,27.061111111111117,28.52259259259259,1.1844444444444446,64.36333333333334,0.001543,0.00101,0.004697,14.501111111111104,0
280,2024-01-04 08:44:49+00:00,2024-01-04 08:44:49+00:00,111.99678571428572,0.1964285714285714,41.58678571428571,124.23464285714286,27.06357142857143,28.62,1.2335714285714283,63.89892857142859,0.001545,0.001019,0.004809,14.523214285714282,0
281,2024-01-04 08:44:51+00:00,2024-01-04 08:44:51+00:00,123.18888888888888,0.2081481481481481,41.64333333333334,136.2518518518518,27.091851851851864,28.773703703703717,1.3248148148148151,63.967037037037024,0.001549,0.000978,0.004895,14.551481481481474,0
282,2024-01-04 08:44:52+00:00,2024-01-04 08:44:52+00:00,127.17827586206896,0.2113793103448276,41.59586206896552,141.24448275862068,27.102413793103462,28.817931034482758,1.36448275862069,63.898620689655175,0.001613,0.001024,0.004934,14.49344827586206,0
283,2024-01-04 08:44:53+00:00,2024-01-04 08:44:53+00:00,132.92400000000004,0.2064,41.65439999999999,146.66639999999998,27.102800000000013,28.89560000000001,1.4176000000000002,63.76880000000003,0.001584,0.001019,0.004791,14.551599999999976,0
284,2024-01-04 08:44:55+00:00,2024-01-04 08:44:55+00:00,143.61892857142865,0.2185714285714286,41.69571428571427,156.9564285714286,27.11214285714286,29.06428571428571,1.4967857142857142,63.843571428571465,0.001523,0.000994,0.004836,14.583571428571409,0
285,2024-01-04 08:44:56+00:00,2024-01-04 08:44:56+00:00,148.3437037037037,0.2307407407407407,41.74,162.84962962962965,27.134444444444444,29.14666666666665,1.5411111111111109,63.817407407407394,0.001594,0.000988,0.005069,14.60555555555555,0
286,2024-01-04 08:44:57+00:00,2024-01-04 08:44:57+00:00,152.63148148148153,0.2266666666666666,41.77518518518517,167.62148148148148,27.13592592592592,29.245925925925924,1.588148148148149,63.25851851851854,0.001631,0.001032,0.005282,14.639259259259251,0
287,2024-01-04 08:44:59+00:00,2024-01-04 08:44:59+00:00,162.29777777777775,0.2322222222222222,41.81962962962962,178.55851851851855,27.13444444444444,29.402592592592597,1.6800000000000006,63.53259259259261,0.001611,0.001063,0.005319,14.685185185185183,0
288,2024-01-04 08:45:00+00:00,2024-01-04 08:45:00+00:00,168.43935483870968,0.2212903225806451,41.82967741935485,183.57548387096776,27.16064516129032,29.463870967741947,1.732258064516129,63.1158064516129,0.001643,0.001014,0.00564,14.669032258064531,0
289,2024-01-04 08:45:01+00:00,2024-01-04 08:45:01+00:00,171.04071428571427,0.2214285714285715,41.89214285714286,186.88428571428568,27.1475,29.575714285714287,1.7632142857142863,63.162500000000016,0.001675,0.001029,0.005695,14.74464285714286,0
290,2024-01-04 08:45:02+00:00,2024-01-04 08:45:02+00:00,176.26076923076923,0.2326923076923077,41.91269230769232,192.8184615384616,27.184615384615384,29.60500000000001,1.812307692307692,63.18269230769229,0.001777,0.001056,0.005974,14.728076923076934,0
291,2024-01-04 08:45:04+00:00,2024-01-04 08:45:04+00:00,185.5520689655172,0.2372413793103448,42.05034482758621,201.8275862068965,27.18310344827585,29.773793103448284,1.9096551724137931,62.98000000000001,0.001765,0.00104,0.006049,14.867241379310354,0
292,2024-01-04 08:45:05+00:00,2024-01-04 08:45:05+00:00,188.1285185185185,0.2477777777777778,42.07740740740741,205.12888888888884,27.18370370370369,29.82962962962963,1.9403703703703707,62.77518518518519,0.001859,0.001055,0.006231,14.893703703703718,0
293,2024-01-04 08:45:06+00:00,2024-01-04 08:45:06+00:00,190.7907142857144,0.2389285714285715,42.135,209.66857142857148,27.207500000000007,29.9382142857143,1.9953571428571428,62.98464285714285,0.001854,0.001057,0.006427,14.927499999999991,0
294,2024-01-04 08:45:08+00:00,2024-01-04 08:45:08+00:00,198.99517241379303,0.2296551724137932,42.25413793103448,216.79724137931035,27.19965517241379,30.05448275862069,2.0796551724137937,62.65724137931036,0.001827,0.001053,0.006481,15.054482758620686,0
295,2024-01-04 08:45:09+00:00,2024-01-04 08:45:09+00:00,201.8222222222222,0.2440740740740741,42.32851851851853,220.2555555555556,27.211111111111123,30.11740740740741,2.121111111111112,62.8062962962963,0.001871,0.001063,0.006598,15.117407407407406,0
296,2024-01-04 08:45:10+00:00,2024-01-04 08:45:10+00:00,205.1992857142857,0.2446428571428572,42.36642857142857,222.7971428571429,27.23714285714286,30.11785714285714,2.157499999999999,62.42857142857144,0.00191,0.001076,0.006685,15.129285714285713,0
297,2024-01-04 08:45:12+00:00,2024-01-04 08:45:12+00:00,210.05892857142857,0.2467857142857143,42.50571428571429,228.27071428571423,27.26821428571428,30.29142857142858,2.2199999999999984,62.1525,0.001934,0.001077,0.006785,15.237500000000017,0
298,2024-01-04 08:45:13+00:00,2024-01-04 08:45:13+00:00,211.71793103448272,0.2403448275862069,42.63517241379311,230.22068965517235,27.254482758620693,30.359310344827588,2.257586206896552,62.39103448275864,0.001952,0.001057,0.006876,15.380689655172414,0
299,2024-01-04 08:45:14+00:00,2024-01-04 08:45:14+00:00,213.2792307692307,0.2334615384615386,42.694615384615375,231.59961538461536,27.25,30.405,2.2753846153846164,62.43115384615384,0.001971,0.001078,0.006963,15.444615384615377,0
300,2024-01-04 08:45:16+00:00,2024-01-04 08:45:16+00:00,216.61111111111111,0.2437037037037036,42.81481481481482,234.9266666666668,27.277777777777764,30.4414814814815,2.3274074074074083,62.27037037037036,0.001967,0.001033,0.007005,15.53703703703706,0
301,2024-01-04 08:45:17+00:00,2024-01-04 08:45:17+00:00,217.92642857142852,0.2467857142857143,42.89142857142858,236.62321428571437,27.27464285714285,30.498571428571427,2.3528571428571428,62.23678571428571,0.001975,0.001047,0.007063,15.616785714285731,0
302,2024-01-04 08:45:18+00:00,2024-01-04 08:45:18+00:00,217.85074074074075,0.2451851851851851,42.986296296296274,237.29259259259257,27.27925925925925,30.52629629629629,2.36037037037037,62.1551851851852,0.00197,0.00106,0.007051,15.707037037037026,0
303,2024-01-04 08:45:19+00:00,2024-01-04 08:45:19+00:00,219.40483870967748,0.2474193548387097,43.059354838709694,238.1193548387098,27.269677419354835,30.567741935483877,2.376774193548387,62.28967741935484,0.001977,0.001105,0.007073,15.78967741935486,0
304,2024-01-04 08:45:21+00:00,2024-01-04 08:45:21+00:00,220.0358620689656,0.2420689655172413,43.16137931034481,238.25068965517232,27.307241379310337,30.60413793103447,2.386896551724139,62.37000000000002,0.001975,0.001077,0.007105,15.854137931034476,0
305,2024-01-04 08:45:22+00:00,2024-01-04 08:45:22+00:00,219.11538461538456,0.2384615384615385,43.24769230769231,238.10846153846157,27.329230769230776,30.60307692307692,2.3953846153846152,62.10769230769232,0.001962,0.001032,0.007102,15.918461538461536,0
306,2024-01-04 08:45:23+00:00,2024-01-04 08:45:23+00:00,219.0334615384615,0.2346153846153846,43.31730769230769,237.5565384615384,27.32615384615385,30.612692307692296,2.3880769230769228,62.05307692307694,0.001953,0.00103,0.007063,15.99115384615384,0
307,2024-01-04 08:45:25+00:00,2024-01-04 08:45:25+00:00,217.36033333333324,0.2373333333333333,43.43233333333334,235.949,27.330333333333343,30.630666666666663,2.368333333333333,62.09766666666666,0.001961,0.001023,0.007028,16.101999999999997,0
308,2024-01-04 08:45:26+00:00,2024-01-04 08:45:26+00:00,215.28259259259252,0.2377777777777778,43.48814814814814,234.4396296296296,27.350740740740743,30.625185185185188,2.3559259259259258,62.24111111111114,0.001938,0.001093,0.006993,16.137407407407398,0
309,2024-01-04 08:45:27+00:00,2024-01-04 08:45:27+00:00,213.1671428571429,0.2482142857142857,43.53178571428572,232.76142857142852,27.35321428571429,30.616071428571423,2.3285714285714287,62.52392857142858,0.001971,0.001101,0.006904,16.178571428571423,0
310,2024-01-04 08:45:29+00:00,2024-01-04 08:45:29+00:00,210.4429166666666,0.22875,43.662083333333335,228.03333333333345,27.38541666666666,30.61208333333333,2.2804166666666674,62.290833333333325,0.001918,0.001036,0.006811,16.276666666666674,0
311,2024-01-04 08:45:30+00:00,2024-01-04 08:45:30+00:00,206.82000000000008,0.2364285714285714,43.73535714285715,225.23357142857157,27.37392857142857,30.61035714285714,2.2425,62.65000000000001,0.00188,0.001042,0.006691,16.361428571428576,0
312,2024-01-04 08:45:31+00:00,2024-01-04 08:45:31+00:00,205.00629629629623,0.2348148148148148,43.77666666666668,223.67592592592592,27.38222222222222,30.59555555555556,2.2244444444444444,62.21370370370372,0.001849,0.001044,0.00659,16.394444444444456,0
313,2024-01-04 08:45:33+00:00,2024-01-04 08:45:33+00:00,199.38862068965523,0.2431034482758621,43.79586206896551,217.73000000000005,27.404482758620677,30.52344827586206,2.148275862068966,62.63206896551724,0.001829,0.001015,0.006476,16.39137931034484,0
314,2024-01-04 08:45:34+00:00,2024-01-04 08:45:34+00:00,195.38038461538463,0.2284615384615384,43.85384615384615,212.91615384615383,27.398461538461525,30.52846153846153,2.096538461538462,62.77038461538464,0.001779,0.001037,0.006256,16.455384615384624,0
315,2024-01-04 08:45:35+00:00,2024-01-04 08:45:35+00:00,192.1124,0.2316,43.8764,209.7004000000001,27.40679999999999,30.47040000000001,2.0524,62.554,0.001674,0.000996,0.006074,16.469600000000014,0
316,2024-01-04 08:45:37+00:00,2024-01-04 08:45:37+00:00,183.9474193548388,0.2206451612903226,43.95064516129033,201.6264516129032,27.45419354838711,30.44516129032259,1.966451612903226,62.88225806451613,0.001682,0.001053,0.005981,16.496451612903222,0
317,2024-01-04 08:45:38+00:00,2024-01-04 08:45:38+00:00,180.06692307692305,0.2269230769230769,43.9626923076923,197.1988461538461,27.45653846153847,30.38769230769231,1.9169230769230765,62.99307692307694,0.001662,0.001019,0.005768,16.50615384615383,0
318,2024-01-04 08:45:39+00:00,2024-01-04 08:45:39+00:00,175.9232000000001,0.2188000000000001,43.92720000000002,192.6267999999999,27.460000000000004,30.308800000000016,1.877199999999999,63.177600000000005,0.001613,0.001007,0.005587,16.467200000000016,0
319,2024-01-04 08:45:40+00:00,2024-01-04 08:45:40+00:00,171.8596296296296,0.2055555555555556,43.954444444444455,188.2922222222223,27.47037037037037,30.28592592592593,1.8374074074074076,62.92925925925926,0.001518,0.001048,0.005481,16.48407407407408,0
320,2024-01-04 08:45:42+00:00,2024-01-04 08:45:42+00:00,162.82481481481483,0.217037037037037,43.94740740740741,178.71666666666664,27.48111111111112,30.13851851851852,1.7529629629629628,63.29925925925927,0.001458,0.000989,0.00517,16.46629629629629,0
321,2024-01-04 08:45:43+00:00,2024-01-04 08:45:43+00:00,158.04037037037037,0.2148148148148149,43.93814814814817,173.5851851851852,27.48814814814816,30.09777777777777,1.7100000000000006,63.43518518518518,0.001455,0.001025,0.005124,16.450000000000017,0
322,2024-01-04 08:45:44+00:00,2024-01-04 08:45:44+00:00,152.51370370370373,0.2025925925925926,43.95185185185187,167.78111111111116,27.47592592592593,30.065185185185182,1.6677777777777774,63.35518518518517,0.001388,0.000967,0.004803,16.475925925925935,0
323,2024-01-04 08:45:46+00:00,2024-01-04 08:45:46+00:00,142.32321428571427,0.2075,43.95857142857143,157.63357142857143,27.516785714285707,29.93464285714285,1.5775000000000006,63.55285714285717,0.001331,0.000997,0.004604,16.441785714285718,0
324,2024-01-04 08:45:47+00:00,2024-01-04 08:45:47+00:00,136.8355172413793,0.2120689655172414,43.870689655172406,152.68482758620686,27.52275862068964,29.797241379310343,1.531724137931035,63.83137931034484,0.001322,0.000996,0.004585,16.347931034482766,0
325,2024-01-04 08:45:48+00:00,2024-01-04 08:45:48+00:00,132.98666666666668,0.2011111111111112,43.84851851851851,146.38814814814816,27.511851851851848,29.78740740740739,1.488518518518518,63.87074074074073,0.001345,0.000959,0.004521,16.336666666666662,0
326,2024-01-04 08:45:50+00:00,2024-01-04 08:45:50+00:00,122.69107142857148,0.2060714285714286,43.795357142857135,136.21750000000003,27.542499999999983,29.645357142857147,1.3964285714285718,64.09892857142859,0.001367,0.001007,0.00451,16.252857142857152,0
327,2024-01-04 08:45:51+00:00,2024-01-04 08:45:51+00:00,116.47703703703702,0.1888888888888889,43.78111111111111,129.5403703703703,27.536666666666655,29.592222222222222,1.3525925925925923,64.36111111111113,0.00135,0.000995,0.004485,16.24444444444445,0
328,2024-01-04 08:45:52+00:00,2024-01-04 08:45:52+00:00,111.36840000000002,0.2024,43.750800000000005,125.38000000000004,27.53479999999999,29.5264,1.3056,64.5112,0.001323,0.000983,0.004441,16.216000000000015,0
329,2024-01-04 08:45:54+00:00,2024-01-04 08:45:54+00:00,101.8246153846154,0.2003846153846154,43.69923076923077,114.81846153846158,27.58115384615385,29.40115384615385,1.2238461538461538,64.77115384615387,0.001361,0.00104,0.004392,16.118076923076924,0
330,2024-01-04 08:45:55+00:00,2024-01-04 08:45:55+00:00,97.09962962962965,0.195925925925926,43.66074074074075,108.63851851851857,27.555555555555543,29.32777777777778,1.1574074074074068,64.53444444444445,0.001293,0.00099,0.004245,16.105185185185206,0
331,2024-01-04 08:45:56+00:00,2024-01-04 08:45:56+00:00,90.75296296296298,0.2033333333333333,43.59333333333333,102.85111111111112,27.580740740740747,29.25296296296296,1.1103703703703705,64.73481481481481,0.001242,0.000986,0.00401,16.012592592592586,0
332,2024-01-04 08:45:57+00:00,2024-01-04 08:45:57+00:00,85.07703703703703,0.1855555555555556,43.52518518518519,97.72037037037036,27.590370370370383,29.177407407407404,1.0648148148148149,64.83259259259258,0.001199,0.00096,0.003889,15.934814814814803,0
333,2024-01-04 08:45:59+00:00,2024-01-04 08:45:59+00:00,77.55153846153847,0.1973076923076922,43.47,88.18538461538462,27.621923076923075,29.079615384615384,0.97,65.08038461538462,0.001305,0.000952,0.003923,15.848076923076924,0
334,2024-01-04 08:46:00+00:00,2024-01-04 08:46:00+00:00,71.74964285714283,0.1825,43.39714285714286,82.94785714285716,27.611785714285723,29.008928571428577,0.9264285714285708,65.00678571428571,0.001169,0.000921,0.003712,15.785357142857135,0
335,2024-01-04 08:46:01+00:00,2024-01-04 08:46:01+00:00,66.96928571428569,0.1917857142857143,43.32571428571429,78.60785714285714,27.61071428571429,28.94535714285714,0.7950000000000006,65.12000000000002,0.001183,0.000909,0.003623,15.71499999999999,0
336,2024-01-04 08:46:03+00:00,2024-01-04 08:46:03+00:00,59.07653846153847,0.1976923076923078,43.30692307692308,69.43692307692308,27.639615384615382,28.84000000000001,0.233846153846154,65.33653846153848,0.00117,0.000953,0.003517,15.667307692307691,0
337,2024-01-04 08:46:04+00:00,2024-01-04 08:46:04+00:00,54.799687499999976,0.1759374999999999,43.24625,64.81718750000002,27.637812499999992,28.7878125,0.2318750000000002,65.4834375,0.001111,0.00094,0.003364,15.608437500000004,0
338,2024-01-04 08:46:05+00:00,2024-01-04 08:46:05+00:00,50.742413793103466,0.1751724137931034,43.12724137931032,60.05862068965517,27.641724137931035,28.72793103448276,0.2317241379310346,65.08655172413793,0.001088,0.000912,0.003247,15.485517241379284,0
339,2024-01-04 08:46:07+00:00,2024-01-04 08:46:07+00:00,43.60266666666667,0.1853333333333334,43.124333333333325,52.78033333333333,27.66533333333332,28.663,0.2300000000000001,65.40933333333335,0.001123,0.000866,0.003155,15.459000000000003,0
340,2024-01-04 08:46:08+00:00,2024-01-04 08:46:08+00:00,40.13346153846154,0.1903846153846154,43.05961538461536,49.64038461538461,27.669999999999995,28.57038461538463,0.2311538461538463,65.66884615384615,0.001073,0.000807,0.002967,15.389615384615368,0
341,2024-01-04 08:46:09+00:00,2024-01-04 08:46:09+00:00,37.63407407407408,0.1699999999999999,42.99111111111112,46.54111111111112,27.68962962962963,28.550370370370366,0.2300000000000001,65.62777777777778,0.001026,0.000902,0.002964,15.301481481481488,0
342,2024-01-04 08:46:11+00:00,2024-01-04 08:46:11+00:00,31.8674074074074,0.1762962962962963,42.88370370370371,40.53555555555555,27.696666666666665,28.45703703703703,0.2307407407407408,65.60592592592592,0.001019,0.00081,0.002927,15.187037037037044,0
343,2024-01-04 08:46:12+00:00,2024-01-04 08:46:12+00:00,29.69518518518518,0.192962962962963,42.82703703703705,37.67555555555556,27.69851851851852,28.423333333333336,0.2348148148148149,65.84,0.000974,0.000824,0.002835,15.12851851851853,0
344,2024-01-04 08:46:13+00:00,2024-01-04 08:46:13+00:00,27.30999999999999,0.1751851851851851,42.77629629629632,35.03592592592592,27.70296296296297,28.366296296296305,0.2307407407407408,65.97925925925925,0.00099,0.000863,0.002749,15.073333333333345,0
345,2024-01-04 08:46:15+00:00,2024-01-04 08:46:15+00:00,23.567333333333327,0.1743333333333333,42.69699999999999,31.877666666666663,27.71400000000001,28.321000000000005,0.2300000000000001,65.69999999999999,0.001039,0.000895,0.002735,14.982999999999985,0
346,2024-01-04 08:46:16+00:00,2024-01-04 08:46:16+00:00,22.4773076923077,0.1715384615384615,42.66615384615383,29.6723076923077,27.71615384615385,28.305769230769236,0.2311538461538463,66.10923076923076,0.001005,0.000892,0.002752,14.949999999999974,0
347,2024-01-04 08:46:17+00:00,2024-01-04 08:46:17+00:00,21.084137931034483,0.179655172413793,42.59275862068966,28.5296551724138,27.75172413793104,28.270000000000003,0.2327586206896553,66.07310344827586,0.000952,0.000802,0.002712,14.84103448275862,0
348,2024-01-04 08:46:18+00:00,2024-01-04 08:46:18+00:00,20.96239999999999,0.1776,42.5324,28.169599999999992,27.756799999999995,28.246,0.2300000000000001,65.90479999999998,0.001012,0.00082,0.00272,14.7756,0
349,2024-01-04 08:46:20+00:00,2024-01-04 08:46:20+00:00,19.81344827586207,0.1737931034482759,42.49551724137933,27.002068965517243,27.765862068965507,28.247586206896557,0.2300000000000001,65.98620689655174,0.001003,0.000801,0.002663,14.729655172413825,0
350,2024-01-04 08:46:21+00:00,2024-01-04 08:46:21+00:00,20.09961538461539,0.1734615384615384,42.435,27.098846153846143,27.783076923076912,28.27461538461538,0.2300000000000001,66.25576923076923,0.000939,0.000792,0.002697,14.651923076923085,0
351,2024-01-04 08:46:22+00:00,2024-01-04 08:46:22+00:00,19.21703703703703,0.1707407407407407,42.44444444444445,27.417407407407406,27.78407407407406,28.247407407407405,0.2285185185185186,66.24296296296296,0.001006,0.000867,0.00274,14.66037037037039,0
352,2024-01-04 08:46:24+00:00,2024-01-04 08:46:24+00:00,21.988888888888894,0.1818518518518518,42.36518518518518,28.930740740740745,27.797777777777764,28.232592592592592,0.2300000000000001,66.05259259259259,0.001023,0.000833,0.002771,14.56740740740742,0
353,2024-01-04 08:46:25+00:00,2024-01-04 08:46:25+00:00,21.857241379310352,0.1810344827586207,42.364137931034506,29.733793103448267,27.80310344827585,28.26620689655172,0.2300000000000001,65.87448275862073,0.000975,0.000827,0.002762,14.561034482758656,0
354,2024-01-04 08:46:26+00:00,2024-01-04 08:46:26+00:00,24.144074074074062,0.1837037037037037,42.36666666666665,31.74074074074074,27.800370370370384,28.25444444444444,0.2303703703703705,65.82407407407409,0.001095,0.000885,0.00284,14.566296296296269,0
355,2024-01-04 08:46:28+00:00,2024-01-04 08:46:28+00:00,27.210322580645165,0.1745161290322581,42.27419354838708,34.956129032258055,27.819032258064524,28.28161290322581,0.2303225806451614,65.81451612903227,0.000972,0.0008,0.002901,14.455161290322556,0
356,2024-01-04 08:46:29+00:00,2024-01-04 08:46:29+00:00,29.29857142857143,0.1717857142857143,42.34857142857141,36.66785714285714,27.817142857142866,28.37678571428572,0.2346428571428572,66.07357142857144,0.001021,0.000854,0.002935,14.531428571428547,0
357,2024-01-04 08:46:30+00:00,2024-01-04 08:46:30+00:00,30.94392857142856,0.1778571428571428,42.32107142857142,39.28428571428572,27.823214285714297,28.386785714285715,0.2382142857142858,65.83392857142857,0.001018,0.000849,0.002926,14.497857142857123,0
358,2024-01-04 08:46:32+00:00,2024-01-04 08:46:32+00:00,36.95428571428571,0.1885714285714285,42.32214285714287,45.5242857142857,27.84428571428572,28.423214285714277,0.2371428571428573,65.63035714285714,0.001087,0.000866,0.003109,14.477857142857143,0
359,2024-01-04 08:46:33+00:00,2024-01-04 08:46:33+00:00,40.608888888888885,0.1748148148148147,42.30481481481482,48.24333333333331,27.84148148148149,28.494074074074085,0.231851851851852,65.55444444444446,0.001144,0.000841,0.003109,14.463333333333328,0
360,2024-01-04 08:46:34+00:00,2024-01-04 08:46:34+00:00,43.09291666666667,0.1754166666666667,42.31333333333335,52.190000000000005,27.854166666666675,28.514583333333345,0.2304166666666668,65.46166666666669,0.001095,0.000917,0.003221,14.459166666666672,0
361,2024-01-04 08:46:36+00:00,2024-01-04 08:46:36+00:00,51.02307692307689,0.1846153846153846,42.27769230769232,59.81846153846156,27.855,28.60576923076924,0.2300000000000001,65.17423076923077,0.001199,0.000865,0.003371,14.42269230769232,0
362,2024-01-04 08:46:37+00:00,2024-01-04 08:46:37+00:00,55.22576923076922,0.1861538461538462,42.339615384615385,63.538846153846166,27.85500000000001,28.659230769230764,0.2392307692307693,65.4196153846154,0.001118,0.000878,0.003397,14.484615384615374,0
363,2024-01-04 08:46:38+00:00,2024-01-04 08:46:38+00:00,58.13344827586205,0.1927586206896551,42.307241379310334,67.56172413793105,27.885172413793097,28.70862068965517,0.237241379310345,65.14896551724138,0.001203,0.000926,0.003666,14.422068965517235,0
364,2024-01-04 08:46:39+00:00,2024-01-04 08:46:39+00:00,62.54750000000002,0.1841666666666667,42.34833333333334,72.03041666666668,27.885416666666668,28.779166666666654,0.2341666666666667,65.21166666666666,0.001156,0.000884,0.003615,14.462916666666676,0
365,2024-01-04 08:46:41+00:00,2024-01-04 08:46:41+00:00,71.53555555555555,0.1851851851851852,42.34222222222221,81.34592592592593,27.89259259259259,28.891111111111112,0.6611111111111112,64.79370370370371,0.001284,0.000919,0.003905,14.449629629629625,0
366,2024-01-04 08:46:42+00:00,2024-01-04 08:46:42+00:00,76.19857142857144,0.1914285714285714,42.36107142857141,86.33714285714287,27.888214285714287,28.955714285714297,0.9260714285714288,64.82178571428571,0.001253,0.00096,0.003926,14.472857142857126,0
367,2024-01-04 08:46:43+00:00,2024-01-04 08:46:43+00:00,80.61535714285716,0.1910714285714286,42.35607142857142,91.3925,27.89785714285713,29.027499999999986,0.9671428571428572,64.56214285714286,0.00129,0.000929,0.004087,14.458214285714284,0
368,2024-01-04 08:46:45+00:00,2024-01-04 08:46:45+00:00,89.98518518518519,0.2003703703703703,42.37777777777777,101.82185185185185,27.912592592592592,29.17,1.0574074074074074,64.37777777777781,0.001381,0.001006,0.004277,14.46518518518518,0
369,2024-01-04 08:46:46+00:00,2024-01-04 08:46:46+00:00,95.50999999999998,0.1889285714285714,42.34964285714284,106.85321428571432,27.91642857142857,29.243571428571432,1.1075000000000002,64.33178571428572,0.001334,0.000996,0.004249,14.433214285714268,0
370,2024-01-04 08:46:47+00:00,2024-01-04 08:46:47+00:00,101.8313793103448,0.1906896551724137,42.348965517241375,112.83551724137928,27.940689655172427,29.309655172413795,1.1589655172413798,64.38689655172416,0.001379,0.00098,0.004303,14.408275862068948,0
371,2024-01-04 08:46:49+00:00,2024-01-04 08:46:49+00:00,111.12874999999998,0.1966666666666667,42.43541666666666,123.09958333333336,27.980000000000004,29.48833333333334,1.252916666666667,64.14624999999997,0.00138,0.00096,0.004471,14.455416666666656,0
372,2024-01-04 08:46:50+00:00,2024-01-04 08:46:50+00:00,115.92428571428572,0.1985714285714285,42.46035714285716,128.0803571428572,27.972857142857155,29.585357142857152,1.2928571428571427,63.889642857142825,0.001472,0.001023,0.004634,14.4875,0
373,2024-01-04 08:46:51+00:00,2024-01-04 08:46:51+00:00,120.82464285714283,0.21,42.42714285714286,134.72642857142856,27.983928571428574,29.64928571428572,1.3417857142857148,63.96535714285714,0.001507,0.001023,0.004733,14.443214285714284,0
374,2024-01-04 08:46:53+00:00,2024-01-04 08:46:53+00:00,132.32172413793106,0.1989655172413792,42.463448275862056,145.66275862068966,28.00137931034483,29.81586206896551,1.4365517241379318,63.53586206896552,0.001436,0.000962,0.004739,14.462068965517226,0
375,2024-01-04 08:46:54+00:00,2024-01-04 08:46:54+00:00,137.7051724137931,0.2065517241379311,42.55758620689654,150.62275862068964,28.00103448275862,29.927241379310345,1.4734482758620686,63.66896551724139,0.001412,0.000962,0.004682,14.556551724137918,0
376,2024-01-04 08:46:55+00:00,2024-01-04 08:46:55+00:00,143.174,0.206,42.515,155.9683333333333,28.03699999999999,29.97366666666666,1.5206666666666666,63.61033333333332,0.001421,0.000993,0.004733,14.478000000000012,0
377,2024-01-04 08:46:56+00:00,2024-01-04 08:46:56+00:00,147.83851851851855,0.2196296296296296,42.49777777777777,161.817037037037,28.02888888888888,30.020370370370383,1.5670370370370368,63.40740740740743,0.001429,0.001013,0.004932,14.468888888888891,0
378,2024-01-04 08:46:58+00:00,2024-01-04 08:46:58+00:00,157.04857142857148,0.2185714285714286,42.61107142857144,171.9557142857143,28.045000000000005,30.195714285714292,1.6642857142857144,63.35035714285716,0.001528,0.001119,0.005251,14.56607142857143,0
379,2024-01-04 08:46:59+00:00,2024-01-04 08:46:59+00:00,162.2426923076923,0.2138461538461538,42.64923076923076,176.8011538461538,28.051923076923064,30.316923076923096,1.7107692307692308,63.03346153846156,0.001556,0.000982,0.005425,14.597307692307698,0
380,2024-01-04 08:47:00+00:00,2024-01-04 08:47:00+00:00,166.58000000000004,0.2100000000000001,42.692962962962966,181.80370370370363,28.065555555555548,30.41,1.7485185185185188,63.03888888888891,0.001581,0.001019,0.005509,14.627407407407418,0
381,2024-01-04 08:47:02+00:00,2024-01-04 08:47:02+00:00,175.22888888888883,0.217037037037037,42.78962962962963,191.20333333333332,28.102222222222235,30.53518518518517,1.8403703703703709,62.933703703703706,0.001677,0.000997,0.005853,14.687407407407395,0
382,2024-01-04 08:47:03+00:00,2024-01-04 08:47:03+00:00,180.3203703703704,0.228888888888889,42.81037037037039,196.15296296296296,28.101111111111123,30.62703703703703,1.8859259259259256,62.96592592592594,0.001727,0.001057,0.005906,14.709259259259262,0
383,2024-01-04 08:47:04+00:00,2024-01-04 08:47:04+00:00,184.45423076923075,0.2292307692307691,42.8723076923077,199.79923076923075,28.095,30.69115384615385,1.933076923076924,62.82346153846153,0.001764,0.00103,0.006125,14.777307692307698,0
384,2024-01-04 08:47:06+00:00,2024-01-04 08:47:06+00:00,191.7103846153846,0.2296153846153846,42.98961538461539,207.4619230769231,28.12423076923077,30.826538461538465,2.024230769230769,62.82615384615386,0.00176,0.001009,0.006177,14.86538461538462,0
385,2024-01-04 08:47:07+00:00,2024-01-04 08:47:07+00:00,195.21833333333336,0.2283333333333333,43.02583333333334,211.86416666666665,28.129166666666663,30.914583333333344,2.0733333333333333,62.63541666666669,0.001848,0.001052,0.006377,14.896666666666672,0
386,2024-01-04 08:47:08+00:00,2024-01-04 08:47:08+00:00,196.9957142857143,0.2292857142857144,43.125714285714295,214.235,28.125,30.962142857142855,2.1,62.32,0.001859,0.00102,0.006499,15.0007142857143,0
387,2024-01-04 08:47:10+00:00,2024-01-04 08:47:10+00:00,203.2610714285714,0.2278571428571429,43.20357142857144,221.40785714285715,28.16142857142857,31.10142857142857,2.1878571428571427,62.397142857142846,0.001906,0.001044,0.00659,15.04214285714287,0
388,2024-01-04 08:47:11+00:00,2024-01-04 08:47:11+00:00,207.2,0.24,43.257,224.6680000000001,28.19133333333333,31.149333333333345,2.2289999999999988,62.40466666666667,0.001939,0.001088,0.006703,15.065666666666669,0
389,2024-01-04 08:47:12+00:00,2024-01-04 08:47:12+00:00,208.15000000000003,0.2396551724137931,43.294827586206885,227.4072413793104,28.18758620689656,31.20620689655173,2.2648275862068963,62.18379310344829,0.001947,0.001055,0.006824,15.107241379310327,0
390,2024-01-04 08:47:14+00:00,2024-01-04 08:47:14+00:00,213.93400000000008,0.2428000000000001,43.527200000000015,231.9788,28.217200000000005,31.34080000000001,2.3264000000000005,62.00719999999998,0.001981,0.001069,0.006911,15.31000000000001,0
391,2024-01-04 08:47:16+00:00,2024-01-04 08:47:16+00:00,215.67200000000005,0.2348000000000001,43.63639999999999,234.1512,28.20520000000001,31.41359999999999,2.3684000000000007,62.34040000000001,0.001983,0.001066,0.006977,15.43119999999998,0
392,2024-01-04 08:47:17+00:00,2024-01-04 08:47:17+00:00,217.0826666666667,0.2423333333333332,43.67400000000001,236.23766666666663,28.20933333333335,31.435333333333343,2.393333333333332,62.554666666666655,0.001972,0.001031,0.00706,15.464666666666655,0
393,2024-01-04 08:47:19+00:00,2024-01-04 08:47:19+00:00,218.91074074074075,0.2359259259259259,43.78666666666667,237.75888888888892,28.24851851851852,31.492592592592587,2.431851851851852,61.83592592592591,0.001977,0.001033,0.00703,15.538148148148151,0
394,2024-01-04 08:47:25+00:00,2024-01-04 08:47:25+00:00,216.0248275862069,0.2400000000000001,44.21137931034482,235.334827586207,28.278965517241367,31.58,2.4275862068965526,62.28,0.001917,0.001052,0.006896,15.93241379310345,0
395,2024-01-04 08:47:27+00:00,2024-01-04 08:47:27+00:00,212.7984615384616,0.2365384615384616,44.31846153846155,232.27269230769235,28.309615384615384,31.59423076923077,2.3788461538461543,62.31038461538462,0.001883,0.001091,0.006815,16.008846153846164,0
396,2024-01-04 08:47:28+00:00,2024-01-04 08:47:28+00:00,211.96000000000004,0.2360714285714285,44.39035714285715,230.90857142857132,28.307499999999997,31.61892857142857,2.365357142857143,62.08535714285716,0.001868,0.001058,0.006729,16.082857142857154,0
397,2024-01-04 08:47:29+00:00,2024-01-04 08:47:29+00:00,210.09620689655168,0.2327586206896553,44.45275862068965,228.1955172413793,28.33000000000001,31.60275862068965,2.327931034482759,62.2441379310345,0.001856,0.001039,0.006623,16.12275862068964,0
398,2024-01-04 08:47:31+00:00,2024-01-04 08:47:31+00:00,205.2724000000001,0.2328,44.5124,222.8396,28.34240000000001,31.55039999999999,2.2704,62.4392,0.00181,0.001027,0.006532,16.16999999999999,0
399,2024-01-04 08:47:32+00:00,2024-01-04 08:47:32+00:00,201.8207407407408,0.2377777777777778,44.576296296296285,220.6240740740741,28.36703703703704,31.549999999999997,2.2355555555555555,62.59074074074074,0.001842,0.000996,0.006435,16.209259259259245,0
400,2024-01-04 08:47:33+00:00,2024-01-04 08:47:33+00:00,198.7140740740741,0.2403703703703704,44.59111111111112,217.58148148148155,28.37925925925926,31.528888888888883,2.1974074074074075,62.44481481481479,0.00181,0.001044,0.006399,16.211851851851858,0
401,2024-01-04 08:47:34+00:00,2024-01-04 08:47:34+00:00,195.0616666666667,0.2270833333333334,44.65625,213.64749999999995,28.38208333333333,31.53125,2.1541666666666663,62.66916666666665,0.001735,0.001026,0.006248,16.27416666666667,0
402,2024-01-04 08:47:36+00:00,2024-01-04 08:47:36+00:00,189.4632258064516,0.2116129032258064,44.692580645161314,206.30419354838705,28.404516129032253,31.47645161290322,2.065806451612903,62.61096774193549,0.001705,0.001031,0.006042,16.28806451612906,0
403,2024-01-04 08:47:37+00:00,2024-01-04 08:47:37+00:00,185.39153846153843,0.2234615384615385,44.677692307692304,202.2873076923076,28.40538461538461,31.37576923076923,2.0192307692307687,62.75769230769231,0.001719,0.001033,0.005963,16.272307692307695,0
404,2024-01-04 08:47:38+00:00,2024-01-04 08:47:38+00:00,181.31,0.2084615384615385,44.70884615384618,197.6684615384615,28.400384615384613,31.338461538461534,1.965769230769232,63.018461538461565,0.001585,0.001002,0.005741,16.308461538461568,0
405,2024-01-04 08:47:40+00:00,2024-01-04 08:47:40+00:00,173.18296296296296,0.2233333333333334,44.69222222222223,189.51481481481483,28.4377777777778,31.25629629629629,1.893333333333334,63.204444444444434,0.001585,0.001,0.005591,16.25444444444443,0
406,2024-01-04 08:47:41+00:00,2024-01-04 08:47:41+00:00,168.31777777777782,0.2277777777777778,44.71407407407408,184.3155555555556,28.45555555555557,31.23185185185185,1.831851851851852,63.20407407407408,0.001507,0.000983,0.005402,16.258518518518514,0
407,2024-01-04 08:47:42+00:00,2024-01-04 08:47:42+00:00,162.61517241379312,0.2017241379310345,44.74896551724137,179.02793103448278,28.453793103448287,31.18310344827585,1.7927586206896555,63.0593103448276,0.001517,0.001029,0.005279,16.295172413793086,0
408,2024-01-04 08:47:44+00:00,2024-01-04 08:47:44+00:00,154.60888888888883,0.2159259259259259,44.715185185185184,169.26888888888885,28.47703703703705,31.068148148148143,1.7088888888888885,63.37740740740743,0.001447,0.001028,0.004979,16.238148148148134,0
409,2024-01-04 08:47:45+00:00,2024-01-04 08:47:45+00:00,147.83259259259265,0.2107407407407407,44.71407407407409,163.45629629629627,28.50333333333333,30.97740740740741,1.6570370370370369,63.50777777777779,0.001413,0.000975,0.004875,16.21074074074076,0
410,2024-01-04 08:47:46+00:00,2024-01-04 08:47:46+00:00,142.65,0.2114285714285713,44.70428571428573,157.80607142857144,28.490714285714287,30.904642857142868,1.616785714285715,63.5425,0.001392,0.000948,0.004782,16.213571428571438,0
411,2024-01-04 08:47:48+00:00,2024-01-04 08:47:48+00:00,132.9348148148148,0.2033333333333334,44.641481481481485,148.38111111111115,28.49037037037037,30.79037037037037,1.5218518518518522,64.15259259259257,0.001389,0.00098,0.004576,16.15111111111111,0
412,2024-01-04 08:47:49+00:00,2024-01-04 08:47:49+00:00,128.11222222222227,0.2081481481481482,44.61555555555556,142.67074074074074,28.492592592592597,30.71666666666667,1.4785185185185186,63.85666666666665,0.001352,0.001014,0.004413,16.122962962962966,0
413,2024-01-04 08:47:50+00:00,2024-01-04 08:47:50+00:00,122.95642857142856,0.2024999999999999,44.63571428571431,137.33857142857144,28.492857142857144,30.66428571428571,1.433214285714285,63.96607142857143,0.00135,0.000945,0.004413,16.142857142857164,0
414,2024-01-04 08:47:52+00:00,2024-01-04 08:47:52+00:00,113.2926923076923,0.1980769230769231,44.5453846153846,126.36615384615384,28.52423076923077,30.55230769230769,1.346923076923077,64.37307692307692,0.001323,0.000979,0.004372,16.02115384615383,0
415,2024-01-04 08:47:53+00:00,2024-01-04 08:47:53+00:00,106.1617857142857,0.1946428571428571,44.53357142857143,120.67071428571433,28.537499999999984,30.440357142857152,1.2925000000000004,64.48678571428573,0.001374,0.001012,0.004341,15.996071428571444,0
416,2024-01-04 08:47:54+00:00,2024-01-04 08:47:54+00:00,102.82178571428572,0.1892857142857142,44.52035714285714,114.6614285714286,28.53749999999999,30.44,1.2478571428571426,64.68250000000002,0.001297,0.000935,0.004299,15.982857142857153,0
417,2024-01-04 08:47:55+00:00,2024-01-04 08:47:55+00:00,97.26166666666666,0.20125,44.44333333333335,109.69083333333332,28.54958333333332,30.32875000000001,1.1970833333333333,64.44083333333334,0.001321,0.000966,0.004255,15.89375000000003,0
418,2024-01-04 08:47:57+00:00,2024-01-04 08:47:57+00:00,87.45285714285714,0.1821428571428572,44.36571428571428,98.56428571428572,28.56250000000001,30.18178571428572,1.1003571428571424,64.755,0.001279,0.000954,0.004065,15.803214285714263,0
419,2024-01-04 08:47:58+00:00,2024-01-04 08:47:58+00:00,82.43827586206893,0.1917241379310344,44.30517241379309,93.63103448275862,28.582758620689667,30.122413793103444,1.0486206896551729,64.71517241379311,0.001201,0.000916,0.003881,15.72241379310342,0
420,2024-01-04 08:47:59+00:00,2024-01-04 08:47:59+00:00,76.8862962962963,0.1785185185185186,44.2374074074074,88.64222222222227,28.59185185185187,30.0125925925926,0.9999999999999998,64.76851851851853,0.00126,0.00097,0.00391,15.645555555555523,0
421,2024-01-04 08:48:01+00:00,2024-01-04 08:48:01+00:00,67.88259259259262,0.1774074074074074,44.20518518518519,78.32074074074073,28.60814814814815,29.96222222222222,0.8992592592592593,65.10074074074073,0.001175,0.000899,0.00368,15.597037037037037,0
422,2024-01-04 08:48:02+00:00,2024-01-04 08:48:02+00:00,63.28679999999999,0.1812,44.12479999999999,73.76880000000001,28.613600000000005,29.9248,0.2980000000000001,65.04800000000002,0.001211,0.000921,0.00365,15.511199999999988,0
423,2024-01-04 08:48:03+00:00,2024-01-04 08:48:03+00:00,59.747692307692304,0.1861538461538461,44.10346153846153,69.38576923076923,28.627692307692307,29.88115384615385,0.2392307692307693,65.17961538461539,0.001154,0.000875,0.003423,15.475769230769224,0
424,2024-01-04 08:48:05+00:00,2024-01-04 08:48:05+00:00,51.86214285714285,0.1785714285714285,43.99750000000001,61.57464285714286,28.670357142857146,29.76285714285714,0.2375000000000001,65.37000000000002,0.001102,0.000858,0.003371,15.327142857142867,0
425,2024-01-04 08:48:06+00:00,2024-01-04 08:48:06+00:00,46.86758620689654,0.1744827586206896,43.96551724137933,56.72103448275863,28.656206896551712,29.71551724137933,0.2368965517241381,65.23896551724138,0.001083,0.000871,0.003227,15.309310344827612,0
426,2024-01-04 08:48:07+00:00,2024-01-04 08:48:07+00:00,43.798,0.1776,43.903200000000005,53.60680000000002,28.677599999999995,29.6468,0.2324000000000001,65.594,0.001021,0.000816,0.003077,15.22560000000001,0
427,2024-01-04 08:48:09+00:00,2024-01-04 08:48:09+00:00,38.15576923076921,0.1746153846153846,43.83730769230769,46.03346153846154,28.694615384615386,29.611538461538466,0.2315384615384616,65.74576923076923,0.001061,0.00087,0.003042,15.142692307692304,0
428,2024-01-04 08:48:10+00:00,2024-01-04 08:48:10+00:00,35.414516129032265,0.1648387096774194,43.76290322580645,43.33677419354838,28.70645161290323,29.52193548387097,0.2364516129032259,65.8958064516129,0.001053,0.000856,0.003019,15.056451612903215,0
429,2024-01-04 08:48:11+00:00,2024-01-04 08:48:11+00:00,32.35259259259259,0.1762962962962962,43.70518518518519,40.12925925925925,28.71666666666668,29.51296296296296,0.2337037037037038,65.77814814814815,0.000986,0.000803,0.002945,14.988518518518507,0
430,2024-01-04 08:48:13+00:00,2024-01-04 08:48:13+00:00,28.292380952380945,0.1685714285714285,43.60809523809523,34.92809523809525,28.7547619047619,29.42,0.2328571428571429,65.83142857142859,0.00098,0.000825,0.002844,14.853333333333332,0
431,2024-01-04 08:48:14+00:00,2024-01-04 08:48:14+00:00,25.132307692307684,0.1684615384615384,43.48846153846153,32.01692307692308,28.761538461538457,29.35615384615385,0.2338461538461538,65.87076923076923,0.001018,0.000897,0.002775,14.726923076923072,0
432,2024-01-04 08:48:15+00:00,2024-01-04 08:48:15+00:00,23.883703703703716,0.1725925925925926,43.52074074074075,31.897777777777783,28.760740740740736,29.37444444444445,0.2325925925925927,66.03851851851852,0.000972,0.00082,0.002785,14.760000000000012,0
433,2024-01-04 08:48:16+00:00,2024-01-04 08:48:16+00:00,22.26888888888889,0.1699999999999999,43.49074074074074,30.167777777777783,28.761851851851848,29.342592592592585,0.234814814814815,65.90481481481483,0.001025,0.000889,0.002789,14.728888888888893,0
434,2024-01-04 08:48:18+00:00,2024-01-04 08:48:18+00:00,19.925000000000004,0.1721428571428571,43.39821428571428,27.53821428571428,28.76357142857142,29.315357142857145,0.2300000000000001,66.15035714285713,0.00101,0.000837,0.00277,14.63464285714286,0
435,2024-01-04 08:48:19+00:00,2024-01-04 08:48:19+00:00,20.598518518518517,0.1629629629629629,43.34925925925927,26.762962962962973,28.78185185185184,29.301481481481485,0.2300000000000001,65.96074074074076,0.00099,0.000765,0.002719,14.56740740740743,0
436,2024-01-04 08:48:20+00:00,2024-01-04 08:48:20+00:00,19.59777777777778,0.1796296296296297,43.33592592592591,26.997407407407408,28.789999999999992,29.27925925925926,0.2307407407407408,66.30259259259259,0.001028,0.000838,0.002723,14.54592592592592,0
437,2024-01-04 08:48:22+00:00,2024-01-04 08:48:22+00:00,20.092500000000005,0.1667857142857143,43.20499999999999,27.175,28.798214285714277,29.27642857142857,0.2350000000000001,66.04821428571427,0.000943,0.000741,0.002746,14.406785714285718,0
438,2024-01-04 08:48:23+00:00,2024-01-04 08:48:23+00:00,20.710740740740736,0.1618518518518518,43.24,26.97074074074074,28.781851851851847,29.238518518518507,0.2303703703703705,66.00592592592595,0.00106,0.000811,0.002732,14.458148148148148,0
439,2024-01-04 08:48:24+00:00,2024-01-04 08:48:24+00:00,21.461071428571437,0.1735714285714285,43.16107142857145,28.196785714285717,28.79714285714285,29.23214285714285,0.2325000000000001,66.16392857142857,0.000972,0.000777,0.002782,14.363928571428596,0
440,2024-01-04 08:48:26+00:00,2024-01-04 08:48:26+00:00,22.63740740740741,0.1577777777777777,43.12629629629631,30.48222222222223,28.80074074074074,29.25333333333333,0.2300000000000001,65.85555555555555,0.001022,0.000871,0.002848,14.325555555555573,0
441,2024-01-04 08:48:27+00:00,2024-01-04 08:48:27+00:00,24.96653846153847,0.1757692307692307,43.182692307692335,31.820384615384604,28.81615384615385,29.30192307692309,0.2353846153846155,65.75192307692308,0.00102,0.000822,0.002875,14.36653846153849,0
442,2024-01-04 08:48:28+00:00,2024-01-04 08:48:28+00:00,26.76884615384616,0.1730769230769231,43.165,33.855384615384615,28.82346153846155,29.325384615384618,0.2392307692307693,65.99923076923079,0.00103,0.000784,0.002905,14.341538461538448,0
443,2024-01-04 08:48:30+00:00,2024-01-04 08:48:30+00:00,30.89413793103449,0.183448275862069,43.10517241379309,38.41137931034483,28.82310344827587,29.393448275862085,0.2334482758620691,65.72068965517244,0.001075,0.000852,0.002948,14.282068965517222,0
444,2024-01-04 08:48:31+00:00,2024-01-04 08:48:31+00:00,33.81814814814814,0.1614814814814814,43.1037037037037,40.77703703703705,28.85444444444445,29.41148148148148,0.2348148148148149,65.56666666666665,0.001069,0.000871,0.003024,14.24925925925925,0
445,2024-01-04 08:48:32+00:00,2024-01-04 08:48:32+00:00,36.60935483870967,0.172258064516129,43.12677419354839,43.49161290322581,28.848064516129043,29.46129032258065,0.2377419354838711,65.79290322580646,0.00107,0.000883,0.003098,14.27870967741935,0
446,2024-01-04 08:48:33+00:00,2024-01-04 08:48:33+00:00,39.43607142857143,0.1664285714285715,43.15857142857144,46.96285714285714,28.845,29.534285714285726,0.2314285714285715,65.49107142857143,0.001075,0.000849,0.003163,14.31357142857144,0
447,2024-01-04 08:48:35+00:00,2024-01-04 08:48:35+00:00,46.449666666666666,0.1833333333333333,43.083666666666666,54.33433333333334,28.857333333333333,29.575000000000003,0.2393333333333334,65.48933333333335,0.001142,0.000861,0.00332,14.226333333333333,0
448,2024-01-04 08:48:36+00:00,2024-01-04 08:48:36+00:00,49.90115384615384,0.1842307692307693,43.16769230769231,58.450769230769225,28.868076923076924,29.63615384615385,0.2365384615384616,65.34307692307692,0.00112,0.000862,0.003358,14.299615384615382,0
449,2024-01-04 08:48:37+00:00,2024-01-04 08:48:37+00:00,53.51925925925925,0.1814814814814813,43.154814814814834,62.62703703703705,28.89851851851851,29.694074074074084,0.2337037037037038,65.1851851851852,0.001286,0.000951,0.003559,14.256296296296323,0
450,2024-01-04 08:48:39+00:00,2024-01-04 08:48:39+00:00,62.21653846153846,0.19,43.134230769230776,71.02884615384617,28.897307692307685,29.80461538461537,0.233846153846154,65.17115384615384,0.001189,0.000921,0.003617,14.236923076923093,0
451,2024-01-04 08:48:40+00:00,2024-01-04 08:48:40+00:00,66.17444444444445,0.1937037037037036,43.12074074074073,75.8714814814815,28.93000000000001,29.835555555555555,0.4548148148148148,65.03407407407407,0.001209,0.000851,0.003781,14.190740740740717,0
452,2024-01-04 08:48:41+00:00,2024-01-04 08:48:41+00:00,71.41923076923077,0.18,43.14269230769232,80.09192307692305,28.931538461538448,29.942692307692298,0.7430769230769231,64.90884615384616,0.001254,0.000934,0.003826,14.211153846153866,0
453,2024-01-04 08:48:43+00:00,2024-01-04 08:48:43+00:00,80.2237931034483,0.1962068965517242,43.13896551724136,89.62103448275863,28.94965517241381,30.04379310344828,0.98,64.84068965517243,0.001356,0.000957,0.004093,14.189310344827554,0
454,2024-01-04 08:48:44+00:00,2024-01-04 08:48:44+00:00,84.85107142857146,0.1921428571428571,43.16857142857143,95.3092857142857,28.958928571428576,30.138214285714295,1.0242857142857142,64.69714285714285,0.0013,0.00097,0.004137,14.209642857142857,0
455,2024-01-04 08:48:45+00:00,2024-01-04 08:48:45+00:00,89.82791666666667,0.2070833333333333,43.14333333333334,100.40458333333332,28.95583333333333,30.15791666666668,1.0770833333333336,64.76833333333333,0.001343,0.000981,0.004152,14.187500000000004,0
456,2024-01-04 08:48:47+00:00,2024-01-04 08:48:47+00:00,99.42319999999997,0.204,43.153200000000005,110.84280000000004,28.97720000000001,30.356799999999996,1.1672000000000002,64.09720000000002,0.001389,0.000972,0.004339,14.175999999999997,0
457,2024-01-04 08:48:48+00:00,2024-01-04 08:48:48+00:00,105.82642857142854,0.1824999999999999,43.18714285714287,116.10821428571428,28.981785714285728,30.45035714285714,1.2221428571428572,64.29249999999998,0.001427,0.000975,0.004493,14.20535714285714,0
458,2024-01-04 08:48:49+00:00,2024-01-04 08:48:49+00:00,109.77600000000004,0.1953333333333333,43.18966666666668,121.65799999999996,28.975666666666672,30.506333333333323,1.266333333333333,64.34433333333331,0.001463,0.00096,0.004648,14.214000000000002,0
459,2024-01-04 08:48:51+00:00,2024-01-04 08:48:51+00:00,120.23925925925931,0.1962962962962963,43.22000000000001,133.43222222222224,29.0137037037037,30.62999999999999,1.3644444444444446,63.9451851851852,0.001504,0.00099,0.004779,14.206296296296312,0
460,2024-01-04 08:48:52+00:00,2024-01-04 08:48:52+00:00,124.75919999999996,0.1964,43.2764,138.15279999999998,29.017199999999992,30.8244,1.4044,63.967200000000005,0.001497,0.000984,0.00484,14.259200000000003,0
461,2024-01-04 08:48:53+00:00,2024-01-04 08:48:53+00:00,131.34833333333333,0.1903333333333333,43.22266666666666,143.98133333333334,29.043666666666653,30.861000000000008,1.4466666666666663,63.524,0.001442,0.00102,0.004764,14.17900000000001,0
462,2024-01-04 08:48:54+00:00,2024-01-04 08:48:54+00:00,136.84925925925924,0.2085185185185185,43.27777777777778,149.9833333333333,29.0411111111111,30.967037037037034,1.5037037037037049,63.84444444444442,0.001408,0.000958,0.004736,14.23666666666668,0
463,2024-01-04 08:48:56+00:00,2024-01-04 08:48:56+00:00,146.6148275862069,0.2251724137931034,43.35206896551723,160.90034482758622,29.062758620689667,31.132068965517245,1.5913793103448284,63.54379310344827,0.001441,0.000972,0.004834,14.289310344827566,0
464,2024-01-04 08:48:57+00:00,2024-01-04 08:48:57+00:00,151.58615384615382,0.2080769230769232,43.36384615384615,166.33307692307693,29.05038461538462,31.19346153846153,1.644230769230769,63.55692307692308,0.001504,0.001002,0.005064,14.313461538461528,0
465,2024-01-04 08:48:58+00:00,2024-01-04 08:48:58+00:00,155.7927586206897,0.2144827586206897,43.38413793103447,171.30965517241376,29.08344827586207,31.252413793103443,1.6889655172413804,63.3951724137931,0.001543,0.000966,0.005368,14.300689655172402,0
466,2024-01-04 08:49:00+00:00,2024-01-04 08:49:00+00:00,167.0924137931034,0.2127586206896552,43.50275862068966,181.2720689655173,29.10758620689656,31.4748275862069,1.7834482758620689,63.107931034482746,0.001554,0.000996,0.005432,14.395172413793103,0
467,2024-01-04 08:49:01+00:00,2024-01-04 08:49:01+00:00,170.85750000000004,0.2125,43.54000000000001,185.6995833333334,29.11625,31.545416666666664,1.8220833333333335,63.09041666666666,0.001632,0.000998,0.005711,14.423750000000016,0
468,2024-01-04 08:49:02+00:00,2024-01-04 08:49:02+00:00,174.87346153846158,0.2323076923076923,43.50038461538462,190.0661538461538,29.13923076923076,31.558461538461536,1.867692307692308,62.94269230769232,0.001699,0.00101,0.005852,14.361153846153858,0
469,2024-01-04 08:49:04+00:00,2024-01-04 08:49:04+00:00,183.7629629629629,0.2244444444444445,43.65296296296296,199.4188888888889,29.134444444444444,31.73074074074074,1.9659259259259256,62.5948148148148,0.001735,0.001035,0.006044,14.518518518518515,0
470,2024-01-04 08:49:05+00:00,2024-01-04 08:49:05+00:00,186.78259259259252,0.2292592592592592,43.70296296296298,202.51555555555555,29.136666666666656,31.793703703703702,2.0140740740740743,62.70888888888887,0.001769,0.001027,0.006132,14.566296296296322,0
471,2024-01-04 08:49:06+00:00,2024-01-04 08:49:06+00:00,189.73,0.2261538461538462,43.77384615384616,206.73,29.15653846153845,31.90192307692309,2.066153846153846,62.98346153846155,0.001835,0.001053,0.006368,14.617307692307708,0
472,2024-01-04 08:49:08+00:00,2024-01-04 08:49:08+00:00,197.01785714285717,0.2332142857142857,43.89928571428573,214.05392857142857,29.191785714285736,32.02678571428571,2.1496428571428567,62.467857142857135,0.001815,0.001036,0.006413,14.707499999999996,0
473,2024-01-04 08:49:09+00:00,2024-01-04 08:49:09+00:00,200.585,0.2311538461538463,43.94576923076924,217.5438461538461,29.186538461538472,32.065384615384616,2.195769230769231,62.61346153846154,0.001896,0.001089,0.006535,14.759230769230763,0
474,2024-01-04 08:49:10+00:00,2024-01-04 08:49:10+00:00,203.6944444444444,0.2351851851851852,44.01962962962962,221.0022222222221,29.18925925925926,32.1311111111111,2.228148148148149,62.47074074074076,0.001918,0.001076,0.006688,14.83037037037036,0
475,2024-01-04 08:49:11+00:00,2024-01-04 08:49:11+00:00,207.3875,0.2260714285714285,44.0525,223.4607142857142,29.201785714285723,32.192142857142855,2.268571428571429,62.15321428571429,0.001915,0.001041,0.006743,14.850714285714272,0
476,2024-01-04 08:49:13+00:00,2024-01-04 08:49:13+00:00,210.33740740740737,0.2440740740740741,44.1611111111111,228.49222222222213,29.22851851851852,32.27148148148147,2.3377777777777777,62.40518518518519,0.001953,0.001071,0.006781,14.932592592592576,0
477,2024-01-04 08:49:14+00:00,2024-01-04 08:49:14+00:00,212.29137931034475,0.2331034482758621,44.23344827586205,230.2337931034483,29.243793103448283,32.34620689655173,2.363793103448275,62.10620689655173,0.001966,0.001073,0.006843,14.98965517241377,0
478,2024-01-04 08:49:18+00:00,2024-01-04 08:49:18+00:00,217.88153846153855,0.2234615384615384,44.48615384615384,235.87846153846152,29.268846153846145,32.49307692307693,2.470384615384615,62.00730769230768,0.001996,0.00102,0.00704,15.217307692307696,0
479,2024-01-04 08:49:22+00:00,2024-01-04 08:49:22+00:00,218.48310344827587,0.230344827586207,44.79586206896551,236.72931034482755,29.31206896551725,32.59275862068965,2.489310344827587,62.27758620689655,0.001987,0.00104,0.007041,15.483793103448257,0
480,2024-01-04 08:49:23+00:00,2024-01-04 08:49:23+00:00,218.73466666666675,0.237,44.89500000000002,237.21633333333327,29.32000000000001,32.61266666666667,2.502666666666666,62.04633333333333,0.001969,0.001067,0.006977,15.575000000000005,0
481,2024-01-04 08:49:25+00:00,2024-01-04 08:49:25+00:00,216.55307692307684,0.2430769230769232,45.023076923076914,235.46961538461545,29.30615384615383,32.6146153846154,2.4853846153846137,62.39192307692307,0.001901,0.001054,0.006878,15.716923076923084,0
482,2024-01-04 08:49:26+00:00,2024-01-04 08:49:26+00:00,216.6575,0.2275,45.01285714285716,234.23857142857145,29.33571428571429,32.60892857142857,2.470357142857143,62.02607142857143,0.001946,0.001058,0.006887,15.677142857142869,0
483,2024-01-04 08:49:27+00:00,2024-01-04 08:49:27+00:00,214.59880000000004,0.2404,45.1232,232.33880000000008,29.33240000000001,32.63759999999999,2.4508,62.2972,0.001898,0.001084,0.006787,15.790799999999988,0
484,2024-01-04 08:49:29+00:00,2024-01-04 08:49:29+00:00,210.6058064516129,0.237741935483871,45.23612903225808,228.2709677419354,29.35,32.62774193548388,2.394193548387096,62.37032258064519,0.001841,0.001029,0.006688,15.886129032258076,0
485,2024-01-04 08:49:30+00:00,2024-01-04 08:49:30+00:00,208.33407407407407,0.2544444444444443,45.275925925925904,226.84888888888884,29.3625925925926,32.62555555555556,2.3596296296296297,62.7062962962963,0.001852,0.001093,0.006585,15.913333333333306,0
486,2024-01-04 08:49:31+00:00,2024-01-04 08:49:31+00:00,205.895925925926,0.2255555555555556,45.28592592592593,222.89592592592587,29.38333333333333,32.5662962962963,2.3259259259259264,62.33037037037035,0.001851,0.00104,0.006548,15.902592592592605,0
487,2024-01-04 08:49:32+00:00,2024-01-04 08:49:32+00:00,202.97814814814825,0.2414814814814814,45.36481481481482,221.09111111111116,29.389629629629628,32.598518518518524,2.298518518518518,62.56666666666667,0.001798,0.00104,0.00642,15.975185185185191,0
488,2024-01-04 08:49:34+00:00,2024-01-04 08:49:34+00:00,196.3485185185185,0.2425925925925927,45.457777777777785,214.50111111111116,29.4074074074074,32.523703703703696,2.2062962962962964,62.9037037037037,0.001784,0.00106,0.006275,16.050370370370388,0
489,2024-01-04 08:49:35+00:00,2024-01-04 08:49:35+00:00,193.57172413793103,0.2179310344827586,45.44551724137931,210.3293103448277,29.40827586206895,32.503793103448274,2.16655172413793,62.6003448275862,0.001735,0.001007,0.006232,16.037241379310355,0
490,2024-01-04 08:49:36+00:00,2024-01-04 08:49:36+00:00,189.86961538461537,0.2234615384615385,45.49230769230769,206.78961538461533,29.41461538461538,32.47884615384615,2.123076923076923,63.12423076923076,0.001698,0.00101,0.005997,16.07769230769231,0
491,2024-01-04 08:49:38+00:00,2024-01-04 08:49:38+00:00,181.2167741935484,0.2138709677419354,45.48806451612904,198.06129032258056,29.446451612903235,32.35096774193547,2.0180645161290323,62.94774193548387,0.001703,0.001017,0.005948,16.041612903225808,0
492,2024-01-04 08:49:39+00:00,2024-01-04 08:49:39+00:00,177.87439999999995,0.2152,45.474,193.57800000000003,29.452800000000007,32.322,1.9808,63.162000000000006,0.001641,0.001031,0.005732,16.02119999999999,0
493,2024-01-04 08:49:40+00:00,2024-01-04 08:49:40+00:00,173.5355555555556,0.2133333333333332,45.48296296296295,188.9788888888889,29.469259259259275,32.30074074074073,1.9318518518518517,63.159629629629634,0.001557,0.001005,0.005523,16.013703703703676,0
494,2024-01-04 08:49:42+00:00,2024-01-04 08:49:42+00:00,163.86142857142858,0.2096428571428572,45.50857142857143,179.0603571428571,29.47714285714287,32.193928571428565,1.8364285714285715,63.15678571428572,0.001571,0.001014,0.005486,16.03142857142856,0
495,2024-01-04 08:49:43+00:00,2024-01-04 08:49:43+00:00,158.31538461538463,0.2203846153846154,45.49615384615384,174.96499999999995,29.48269230769232,32.12192307692308,1.7923076923076933,63.67038461538463,0.001496,0.001008,0.005219,16.01346153846152,0
496,2024-01-04 08:49:44+00:00,2024-01-04 08:49:44+00:00,154.44730769230767,0.2161538461538462,45.47846153846155,170.2265384615384,29.505769230769225,32.073076923076925,1.7430769230769223,63.36,0.001498,0.000966,0.00497,15.972692307692329,0
497,2024-01-04 08:49:46+00:00,2024-01-04 08:49:46+00:00,144.84137931034485,0.22,45.50241379310346,158.92517241379306,29.528620689655163,31.97655172413793,1.6510344827586212,63.86689655172412,0.001389,0.000973,0.004799,15.973793103448294,0
498,2024-01-04 08:49:47+00:00,2024-01-04 08:49:47+00:00,139.60000000000005,0.2024,45.4884,153.90799999999996,29.5312,31.907200000000003,1.6072000000000002,63.51120000000001,0.001361,0.000986,0.004715,15.9572,0
499,2024-01-04 08:49:48+00:00,2024-01-04 08:49:48+00:00,133.0403333333333,0.2063333333333334,45.45333333333336,148.03133333333332,29.53199999999999,31.798666666666676,1.5590000000000002,63.74033333333332,0.001379,0.000968,0.004586,15.921333333333363,0
500,2024-01-04 08:49:49+00:00,2024-01-04 08:49:49+00:00,128.34840000000003,0.2035999999999999,45.44999999999999,143.14320000000006,29.533199999999987,31.781600000000008,1.5108,64.0772,0.001341,0.001036,0.004558,15.916800000000002,0
501,2024-01-04 08:49:51+00:00,2024-01-04 08:49:51+00:00,118.9933333333333,0.2033333333333334,45.42466666666668,132.07866666666666,29.544999999999995,31.661666666666665,1.4266666666666663,64.253,0.001337,0.000974,0.004523,15.879666666666688,0
502,2024-01-04 08:49:52+00:00,2024-01-04 08:49:52+00:00,113.93249999999998,0.1946428571428571,45.32357142857142,126.27892857142857,29.554999999999986,31.57642857142857,1.3771428571428572,64.41642857142857,0.001327,0.001011,0.004419,15.768571428571438,0
503,2024-01-04 08:49:53+00:00,2024-01-04 08:49:53+00:00,107.44846153846152,0.1923076923076924,45.2726923076923,120.60076923076925,29.55730769230768,31.49346153846153,1.3307692307692305,64.41576923076924,0.001349,0.001004,0.004374,15.715384615384622,0
504,2024-01-04 08:49:55+00:00,2024-01-04 08:49:55+00:00,97.68777777777775,0.1814814814814815,45.21037037037037,109.7255555555556,29.564814814814824,31.35666666666666,1.2348148148148146,64.62703703703703,0.001351,0.000981,0.004372,15.645555555555546,0
505,2024-01-04 08:49:56+00:00,2024-01-04 08:49:56+00:00,92.9096153846154,0.1950000000000001,45.21269230769232,104.63153846153844,29.560769230769225,31.283076923076926,1.1842307692307694,64.85499999999999,0.001333,0.000976,0.00419,15.65192307692309,0
506,2024-01-04 08:49:57+00:00,2024-01-04 08:49:57+00:00,87.03185185185187,0.1903703703703703,45.143703703703714,99.18814814814816,29.577407407407414,31.214814814814822,1.1292592592592592,64.57407407407409,0.0013,0.000967,0.004056,15.5662962962963,0
507,2024-01-04 08:49:59+00:00,2024-01-04 08:49:59+00:00,77.83615384615383,0.1857692307692307,45.06346153846153,89.29846153846157,29.58807692307693,31.12461538461539,1.0330769230769232,64.69076923076923,0.001228,0.000892,0.003986,15.475384615384602,0
508,2024-01-04 08:50:00+00:00,2024-01-04 08:50:00+00:00,73.22111111111113,0.174074074074074,45.02518518518518,83.80703703703703,29.590000000000007,31.04296296296296,0.9811111111111112,64.77111111111111,0.001232,0.000948,0.00385,15.435185185185173,0
509,2024-01-04 08:50:01+00:00,2024-01-04 08:50:01+00:00,68.87384615384613,0.1865384615384615,44.96038461538462,78.79076923076924,29.60653846153846,30.982692307692325,0.9350000000000004,65.22923076923077,0.001165,0.000892,0.003692,15.35384615384616,0
510,2024-01-04 08:50:03+00:00,2024-01-04 08:50:03+00:00,60.105925925925945,0.1748148148148148,44.84555555555558,69.75666666666667,29.624814814814812,30.83074074074074,0.2592592592592593,65.25555555555556,0.001172,0.0009,0.003602,15.220740740740762,0
511,2024-01-04 08:50:04+00:00,2024-01-04 08:50:04+00:00,55.78214285714285,0.1739285714285714,44.83785714285714,64.55714285714288,29.6225,30.797499999999992,0.2400000000000001,65.46535714285714,0.001118,0.000864,0.00343,15.215357142857137,0
512,2024-01-04 08:50:05+00:00,2024-01-04 08:50:05+00:00,51.7984,0.1735999999999999,44.75120000000001,60.5952,29.6232,30.775199999999995,0.2400000000000001,65.57199999999999,0.001096,0.000887,0.003295,15.128000000000014,0
513,2024-01-04 08:50:07+00:00,2024-01-04 08:50:07+00:00,45.04642857142857,0.1825,44.65285714285714,54.26321428571431,29.65857142857141,30.630357142857143,0.2382142857142858,65.74642857142855,0.001021,0.000799,0.00317,14.99428571428573,0
514,2024-01-04 08:50:08+00:00,2024-01-04 08:50:08+00:00,41.971428571428575,0.1696428571428571,44.618214285714274,49.28857142857142,29.665714285714284,30.62357142857143,0.2428571428571429,65.72464285714284,0.001073,0.00083,0.003098,14.95249999999999,0
515,2024-01-04 08:50:09+00:00,2024-01-04 08:50:09+00:00,38.29208333333334,0.19375,44.54916666666666,46.605,29.680833333333325,30.54416666666666,0.2404166666666668,66.01124999999998,0.001004,0.000833,0.003028,14.868333333333332,0
516,2024-01-04 08:50:10+00:00,2024-01-04 08:50:10+00:00,35.64269230769231,0.1769230769230769,44.54923076923077,43.56884615384615,29.67230769230768,30.53346153846153,0.241923076923077,65.9073076923077,0.001042,0.000852,0.002963,14.876923076923088,0
517,2024-01-04 08:50:12+00:00,2024-01-04 08:50:12+00:00,30.10115384615385,0.1753846153846154,44.380769230769225,38.07384615384616,29.7096153846154,30.41884615384615,0.2400000000000001,65.93384615384613,0.001027,0.000797,0.002923,14.671153846153825,0
518,2024-01-04 08:50:13+00:00,2024-01-04 08:50:13+00:00,27.974800000000005,0.1712,44.3256,35.6364,29.70640000000001,30.39399999999999,0.2400000000000001,66.20320000000001,0.001047,0.000848,0.002849,14.619199999999992,0
519,2024-01-04 08:50:14+00:00,2024-01-04 08:50:14+00:00,26.447692307692307,0.1676923076923077,44.293461538461536,33.13423076923077,29.70923076923078,30.415769230769232,0.2415384615384616,65.89884615384615,0.001037,0.000841,0.002851,14.584230769230755,0
520,2024-01-04 08:50:16+00:00,2024-01-04 08:50:16+00:00,23.20785714285714,0.1667857142857143,44.215,29.613928571428577,29.76321428571428,30.34285714285715,0.2400000000000001,66.04392857142857,0.000997,0.000771,0.002808,14.45178571428572,0
521,2024-01-04 08:50:17+00:00,2024-01-04 08:50:17+00:00,21.88678571428571,0.1810714285714286,44.15250000000002,28.75,29.77571428571428,30.35357142857145,0.2400000000000001,66.07964285714287,0.000998,0.000834,0.00277,14.376785714285742,0
522,2024-01-04 08:50:18+00:00,2024-01-04 08:50:18+00:00,20.175185185185185,0.167037037037037,44.09481481481483,27.32444444444445,29.771111111111107,30.327407407407417,0.2400000000000001,66.1562962962963,0.001002,0.00079,0.002737,14.323703703703725,0
523,2024-01-04 08:50:20+00:00,2024-01-04 08:50:20+00:00,19.700740740740734,0.1648148148148147,44.06,26.02962962962963,29.800370370370363,30.317777777777785,0.2396296296296297,66.0251851851852,0.001067,0.000778,0.002728,14.259629629629632,0
524,2024-01-04 08:50:21+00:00,2024-01-04 08:50:21+00:00,19.827500000000004,0.1632142857142857,44.03499999999999,25.720714285714287,29.78607142857141,30.31785714285713,0.2400000000000001,66.03178571428572,0.001035,0.000865,0.002746,14.248928571428577,0
525,2024-01-04 08:50:22+00:00,2024-01-04 08:50:22+00:00,20.205185185185183,0.1703703703703704,43.99037037037038,26.607407407407404,29.809999999999995,30.28296296296296,0.2400000000000001,66.23296296296297,0.000992,0.000854,0.002726,14.180370370370383,0
526,2024-01-04 08:50:24+00:00,2024-01-04 08:50:24+00:00,21.450000000000006,0.1667857142857142,43.95642857142859,27.736071428571424,29.83750000000001,30.32892857142858,0.2414285714285715,65.97214285714283,0.001073,0.000827,0.002762,14.11892857142858,0
527,2024-01-04 08:50:25+00:00,2024-01-04 08:50:25+00:00,21.705000000000005,0.1717857142857143,43.97714285714287,28.236071428571424,29.83000000000001,30.32892857142857,0.2400000000000001,65.98500000000001,0.00104,0.000858,0.002814,14.147142857142864,0
528,2024-01-04 08:50:26+00:00,2024-01-04 08:50:26+00:00,23.38500000000001,0.1646666666666667,43.930000000000014,29.85766666666666,29.835666666666675,30.322666666666677,0.2426666666666667,65.919,0.001028,0.00079,0.002848,14.094333333333338,0
529,2024-01-04 08:50:28+00:00,2024-01-04 08:50:28+00:00,25.90225806451614,0.1651612903225806,43.94387096774194,33.313870967741934,29.844516129032264,30.401612903225807,0.2416129032258065,65.88129032258067,0.001042,0.000877,0.002921,14.099354838709672,0
530,2024-01-04 08:50:29+00:00,2024-01-04 08:50:29+00:00,28.527586206896554,0.1610344827586206,43.85620689655172,35.34379310344828,29.87034482758621,30.40896551724138,0.2410344827586208,65.69827586206895,0.001038,0.000829,0.002942,13.98586206896551,0
531,2024-01-04 08:50:30+00:00,2024-01-04 08:50:30+00:00,30.14,0.1762962962962964,43.87851851851851,37.85740740740741,29.877037037037034,30.4125925925926,0.2418518518518519,65.8114814814815,0.001034,0.000816,0.002983,14.001481481481475,0
532,2024-01-04 08:50:31+00:00,2024-01-04 08:50:31+00:00,33.09035714285714,0.1814285714285714,43.90321428571429,40.7325,29.88035714285714,30.469642857142865,0.245,65.9382142857143,0.001087,0.000862,0.003103,14.022857142857152,0
533,2024-01-04 08:50:33+00:00,2024-01-04 08:50:33+00:00,38.4372,0.1624,43.9048,45.93000000000001,29.897199999999994,30.5612,0.2472,65.36320000000002,0.001128,0.000893,0.003135,14.0076,0
534,2024-01-04 08:50:34+00:00,2024-01-04 08:50:34+00:00,41.85444444444445,0.1785185185185186,43.88777777777778,49.891481481481485,29.91037037037038,30.60148148148148,0.2418518518518519,65.51370370370371,0.001116,0.00088,0.003206,13.977407407407398,0
535,2024-01-04 08:50:35+00:00,2024-01-04 08:50:35+00:00,46.1848275862069,0.1713793103448276,43.89034482758622,53.90931034482758,29.9158620689655,30.607931034482757,0.2444827586206897,65.12689655172414,0.001125,0.000853,0.003359,13.97448275862072,0
536,2024-01-04 08:50:37+00:00,2024-01-04 08:50:37+00:00,53.24321428571428,0.1710714285714285,43.881071428571445,61.38857142857143,29.93928571428573,30.762857142857133,0.2485714285714285,65.1364285714286,0.001222,0.000946,0.003465,13.941785714285713,0
537,2024-01-04 08:50:38+00:00,2024-01-04 08:50:38+00:00,57.69666666666668,0.1775757575757575,43.89606060606061,65.32030303030307,29.962424242424262,30.784242424242425,0.2496969696969697,65.09606060606062,0.00118,0.000916,0.003546,13.933636363636346,0
538,2024-01-04 08:50:39+00:00,2024-01-04 08:50:39+00:00,61.46538461538463,0.163076923076923,43.92807692307692,69.61269230769231,29.95269230769232,30.86038461538463,0.2546153846153846,65.04461538461538,0.001237,0.000869,0.00376,13.975384615384597,0
539,2024-01-04 08:50:41+00:00,2024-01-04 08:50:41+00:00,69.74500000000002,0.1886666666666666,43.91,78.70900000000002,29.99000000000001,30.982999999999997,0.8773333333333334,65.11566666666664,0.001237,0.000939,0.003735,13.919999999999998,0
540,2024-01-04 08:50:42+00:00,2024-01-04 08:50:42+00:00,74.38133333333333,0.189,43.93866666666669,84.01266666666666,29.98766666666668,31.056,0.9569999999999996,64.98366666666668,0.001305,0.000938,0.004007,13.951000000000016,0
541,2024-01-04 08:50:43+00:00,2024-01-04 08:50:43+00:00,78.88666666666667,0.194074074074074,43.91370370370372,89.75740740740741,29.995925925925924,31.093333333333334,1.0011111111111115,64.92296296296298,0.001244,0.000947,0.003965,13.917777777777792,0
542,2024-01-04 08:50:45+00:00,2024-01-04 08:50:45+00:00,88.90827586206898,0.1879310344827586,43.91896551724138,98.97344827586204,30.009655172413783,31.241034482758625,1.0979310344827586,64.65448275862067,0.001328,0.000983,0.004104,13.9093103448276,0
543,2024-01-04 08:50:46+00:00,2024-01-04 08:50:46+00:00,93.85296296296296,0.1933333333333333,43.94074074074075,105.13629629629632,30.012592592592583,31.337407407407397,1.1548148148148154,64.43037037037038,0.001304,0.000918,0.004298,13.928148148148164,0
544,2024-01-04 08:50:47+00:00,2024-01-04 08:50:47+00:00,99.84172413793102,0.1882758620689656,43.922413793103445,110.31241379310345,30.0258620689655,31.38310344827586,1.2048275862068965,64.21586206896552,0.001335,0.000987,0.004308,13.896551724137948,0
545,2024-01-04 08:50:48+00:00,2024-01-04 08:50:48+00:00,104.1453846153846,0.1876923076923076,43.93576923076924,114.89653846153844,30.03923076923077,31.49615384615385,1.2484615384615387,64.4953846153846,0.001316,0.00097,0.004338,13.89653846153847,0
546,2024-01-04 08:50:50+00:00,2024-01-04 08:50:50+00:00,115.74961538461538,0.205,43.94923076923077,126.27576923076926,30.05076923076924,31.634999999999994,1.3473076923076923,64.06961538461539,0.001347,0.000997,0.004442,13.898461538461536,0
547,2024-01-04 08:50:51+00:00,2024-01-04 08:50:51+00:00,118.6725925925926,0.1896296296296296,43.95777777777777,131.02666666666667,30.05444444444444,31.7248148148148,1.385185185185185,63.96444444444445,0.001372,0.000978,0.004545,13.903333333333332,0
548,2024-01-04 08:50:52+00:00,2024-01-04 08:50:52+00:00,124.83714285714288,0.2117857142857142,43.97250000000001,137.04321428571427,30.05071428571427,31.774285714285707,1.4339285714285717,64.0225,0.001421,0.001012,0.004605,13.92178571428574,0
549,2024-01-04 08:50:54+00:00,2024-01-04 08:50:54+00:00,134.8324137931034,0.206551724137931,44.008965517241386,148.4320689655173,30.08137931034484,31.93586206896552,1.5293103448275862,63.69448275862069,0.00142,0.001004,0.004583,13.92758620689655,0
550,2024-01-04 08:50:55+00:00,2024-01-04 08:50:55+00:00,140.85555555555553,0.1977777777777778,44.02703703703703,153.30703703703705,30.090000000000003,32.02666666666668,1.5755555555555558,63.24185185185186,0.001428,0.000984,0.004712,13.937037037037022,0
551,2024-01-04 08:50:56+00:00,2024-01-04 08:50:56+00:00,144.98107142857145,0.2046428571428571,44.08285714285713,158.51928571428576,30.111785714285723,32.145714285714284,1.6267857142857145,63.55892857142858,0.001444,0.00099,0.004932,13.971071428571406,0
552,2024-01-04 08:50:58+00:00,2024-01-04 08:50:58+00:00,155.12481481481478,0.2122222222222222,44.12370370370371,169.58962962962966,30.11074074074074,32.28703703703703,1.7214814814814816,63.56111111111112,0.001518,0.000966,0.005227,14.01296296296297,0
553,2024-01-04 08:50:59+00:00,2024-01-04 08:50:59+00:00,160.53199999999998,0.1928,44.1516,174.15479999999997,30.13999999999999,32.3784,1.7783999999999995,63.07600000000002,0.001601,0.001041,0.005314,14.011600000000012,0
554,2024-01-04 08:51:00+00:00,2024-01-04 08:51:00+00:00,165.36857142857144,0.23,44.209642857142846,179.95071428571427,30.144642857142845,32.46357142857142,1.8225,63.29964285714285,0.001572,0.001034,0.005451,14.065,0
555,2024-01-04 08:51:02+00:00,2024-01-04 08:51:02+00:00,174.54037037037034,0.2255555555555555,44.26592592592591,189.5503703703704,30.139259259259248,32.59555555555556,1.923703703703704,62.9637037037037,0.001673,0.001019,0.005748,14.126666666666663,0
556,2024-01-04 08:51:03+00:00,2024-01-04 08:51:03+00:00,178.06428571428577,0.2278571428571429,44.28642857142855,193.05642857142857,30.149999999999984,32.67357142857144,1.969285714285714,63.13607142857143,0.00169,0.001062,0.005809,14.136428571428567,0
557,2024-01-04 08:51:04+00:00,2024-01-04 08:51:04+00:00,181.78080000000003,0.2187999999999999,44.35560000000001,198.022,30.1684,32.74,2.0156,62.72439999999999,0.001769,0.001078,0.006077,14.187200000000011,0
558,2024-01-04 08:51:06+00:00,2024-01-04 08:51:06+00:00,191.3155555555556,0.2185185185185185,44.46444444444446,206.12925925925933,30.167037037037037,32.870370370370374,2.1166666666666667,62.579999999999984,0.001733,0.001055,0.006073,14.297407407407428,0
559,2024-01-04 08:51:07+00:00,2024-01-04 08:51:07+00:00,192.9796428571429,0.2132142857142857,44.49392857142856,209.2507142857144,30.162499999999987,32.93857142857143,2.1575,62.58892857142855,0.00183,0.001083,0.006322,14.331428571428567,0
560,2024-01-04 08:51:08+00:00,2024-01-04 08:51:08+00:00,196.07769230769236,0.2353846153846154,44.56115384615384,213.5534615384615,30.176538461538467,32.97307692307691,2.2038461538461536,62.647307692307706,0.001835,0.00107,0.006348,14.384615384615367,0
561,2024-01-04 08:51:09+00:00,2024-01-04 08:51:09+00:00,200.2368965517242,0.2282758620689656,44.614827586206914,216.99379310344824,30.19758620689657,33.07655172413792,2.2455172413793103,62.623793103448286,0.00188,0.001114,0.006485,14.417241379310344,0
562,2024-01-04 08:51:11+00:00,2024-01-04 08:51:11+00:00,205.74379310344824,0.2237931034482758,44.75068965517242,222.45793103448275,30.199655172413813,33.200344827586214,2.318620689655172,62.3544827586207,0.001895,0.001066,0.006631,14.55103448275861,0
563,2024-01-04 08:51:12+00:00,2024-01-04 08:51:12+00:00,208.2259259259259,0.2303703703703703,44.820740740740746,225.15740740740736,30.226666666666663,33.21555555555555,2.353333333333333,61.94333333333333,0.001942,0.001131,0.006709,14.594074074074085,0
564,2024-01-04 08:51:13+00:00,2024-01-04 08:51:13+00:00,210.7917857142857,0.2346428571428571,44.88428571428572,228.27571428571423,30.22607142857144,33.307142857142864,2.393214285714285,62.25392857142858,0.001934,0.001072,0.006761,14.658214285714276,0
565,2024-01-04 08:51:15+00:00,2024-01-04 08:51:15+00:00,215.34962962962965,0.2355555555555557,45.0348148148148,231.9962962962963,30.24851851851852,33.38111111111111,2.454814814814815,62.40925925925925,0.001994,0.001058,0.006847,14.786296296296278,0
566,2024-01-04 08:51:16+00:00,2024-01-04 08:51:16+00:00,214.51111111111103,0.2296296296296297,45.10962962962961,232.72000000000008,30.244074074074074,33.42074074074075,2.47037037037037,62.035185185185206,0.001934,0.001019,0.006883,14.865555555555536,0
567,2024-01-04 08:51:17+00:00,2024-01-04 08:51:17+00:00,216.4583870967743,0.2361290322580646,45.17709677419355,234.99129032258065,30.251290322580644,33.486774193548385,2.5025806451612898,62.05516129032259,0.001956,0.001101,0.006898,14.925806451612909,0
568,2024-01-04 08:51:19+00:00,2024-01-04 08:51:19+00:00,219.31615384615387,0.2403846153846154,45.28923076923078,236.4584615384616,30.27730769230768,33.502307692307696,2.534615384615385,61.87076923076924,0.001919,0.001036,0.006846,15.011923076923097,0
569,2024-01-04 08:51:20+00:00,2024-01-04 08:51:20+00:00,218.8999999999999,0.23,45.41428571428575,237.2778571428571,30.25928571428571,33.552499999999995,2.5485714285714285,61.78571428571428,0.001916,0.001081,0.006882,15.155000000000037,0
570,2024-01-04 08:51:21+00:00,2024-01-04 08:51:21+00:00,219.11629629629627,0.2385185185185186,45.49333333333334,237.51666666666668,30.26518518518517,33.58962962962963,2.5607407407407403,62.198148148148135,0.00191,0.001064,0.006914,15.228148148148165,0
571,2024-01-04 08:51:23+00:00,2024-01-04 08:51:23+00:00,219.5906896551724,0.2444827586206897,45.58344827586205,236.92413793103444,30.26689655172413,33.57,2.552758620689654,61.99931034482759,0.001914,0.001053,0.006898,15.316551724137916,0
572,2024-01-04 08:51:24+00:00,2024-01-04 08:51:24+00:00,218.8238461538461,0.2230769230769231,45.64807692307692,235.85038461538463,30.26923076923076,33.60230769230769,2.547307692307692,62.08730769230768,0.001896,0.001071,0.006825,15.378846153846164,0
573,2024-01-04 08:51:25+00:00,2024-01-04 08:51:25+00:00,216.77925925925925,0.2251851851851852,45.70296296296296,234.82222222222228,30.29888888888888,33.54333333333333,2.531481481481483,61.85444444444445,0.001909,0.001144,0.00683,15.404074074074078,0
574,2024-01-04 08:51:26+00:00,2024-01-04 08:51:26+00:00,215.3868965517241,0.2327586206896552,45.76896551724138,233.4344827586207,30.293103448275847,33.54379310344828,2.5079310344827577,61.93724137931036,0.0019,0.001079,0.006779,15.475862068965537,0
575,2024-01-04 08:51:28+00:00,2024-01-04 08:51:28+00:00,211.93892857142856,0.2253571428571429,45.915000000000006,230.0771428571429,30.29749999999998,33.61,2.458928571428572,62.18428571428571,0.001882,0.001068,0.006679,15.617500000000025,0
576,2024-01-04 08:51:29+00:00,2024-01-04 08:51:29+00:00,210.0834482758621,0.2306896551724138,45.95206896551725,228.3903448275862,30.296551724137927,33.56517241379311,2.435862068965517,62.38689655172413,0.001864,0.001025,0.006576,15.655517241379322,0
577,2024-01-04 08:51:30+00:00,2024-01-04 08:51:30+00:00,207.8465517241379,0.2220689655172415,46.02862068965516,226.43413793103448,30.291724137931016,33.54689655172412,2.4203448275862067,62.41724137931037,0.001813,0.00101,0.00655,15.736896551724149,0
578,2024-01-04 08:51:32+00:00,2024-01-04 08:51:32+00:00,204.0512,0.2280000000000001,46.0904,221.2352,30.306399999999982,33.505599999999994,2.3431999999999995,62.24839999999999,0.001864,0.001071,0.006471,15.78400000000002,0
579,2024-01-04 08:51:33+00:00,2024-01-04 08:51:33+00:00,199.9009375,0.2218750000000001,46.146562500000016,217.11593749999992,30.324687500000003,33.5015625,2.2906250000000004,62.5209375,0.001797,0.001068,0.006374,15.821875000000013,0
580,2024-01-04 08:51:34+00:00,2024-01-04 08:51:34+00:00,196.99857142857132,0.23,46.18035714285717,214.96821428571425,30.319285714285712,33.45,2.260357142857143,62.75964285714284,0.00175,0.001071,0.006259,15.861071428571456,0
581,2024-01-04 08:51:36+00:00,2024-01-04 08:51:36+00:00,191.2331034482758,0.223448275862069,46.218620689655175,207.16413793103453,30.319310344827574,33.35551724137931,2.163448275862069,62.59827586206896,0.001701,0.001042,0.006072,15.899310344827596,0
582,2024-01-04 08:51:37+00:00,2024-01-04 08:51:37+00:00,185.9744444444444,0.2166666666666667,46.26259259259258,202.6088888888888,30.3351851851852,33.36185185185185,2.1081481481481488,62.83185185185184,0.001699,0.001028,0.006,15.927407407407388,0
583,2024-01-04 08:51:38+00:00,2024-01-04 08:51:38+00:00,181.415,0.22,46.26714285714286,198.7667857142856,30.34178571428573,33.287142857142854,2.058571428571429,62.795,0.001649,0.001043,0.005822,15.925357142857129,0
584,2024-01-04 08:51:40+00:00,2024-01-04 08:51:40+00:00,173.95344827586206,0.2144827586206897,46.24896551724138,189.8272413793103,30.324482758620693,33.20448275862068,1.9772413793103447,62.917241379310326,0.001616,0.001019,0.005693,15.924482758620687,0
585,2024-01-04 08:51:41+00:00,2024-01-04 08:51:41+00:00,169.70566666666667,0.2103333333333334,46.24066666666668,185.10000000000005,30.371,33.15766666666668,1.9249999999999992,62.96366666666667,0.001582,0.001032,0.005537,15.869666666666678,0
586,2024-01-04 08:51:42+00:00,2024-01-04 08:51:42+00:00,165.12576923076924,0.2073076923076924,46.24576923076923,180.8242307692308,30.37346153846154,33.107692307692304,1.8861538461538467,63.001153846153855,0.001549,0.001017,0.005371,15.872307692307686,0
587,2024-01-04 08:51:44+00:00,2024-01-04 08:51:44+00:00,154.4484615384615,0.2046153846153846,46.29730769230768,169.8738461538462,30.391153846153838,33.017692307692315,1.7815384615384622,63.15461538461541,0.001454,0.000989,0.005114,15.906153846153847,0
588,2024-01-04 08:51:45+00:00,2024-01-04 08:51:45+00:00,149.81959999999998,0.1848,46.253600000000006,164.8564,30.412399999999987,32.9652,1.7407999999999997,63.66800000000001,0.001441,0.000979,0.005054,15.841200000000018,0
589,2024-01-04 08:51:46+00:00,2024-01-04 08:51:46+00:00,144.84535714285713,0.2017857142857143,46.20714285714288,159.84357142857144,30.42464285714285,32.88750000000001,1.6864285714285714,63.8932142857143,0.001443,0.000966,0.004856,15.782500000000027,0
590,2024-01-04 08:51:47+00:00,2024-01-04 08:51:47+00:00,140.92600000000002,0.205,46.22266666666667,154.50466666666668,30.440333333333324,32.82733333333333,1.6416666666666662,63.91999999999998,0.001398,0.001016,0.00463,15.782333333333344,0
591,2024-01-04 08:51:49+00:00,2024-01-04 08:51:49+00:00,129.70642857142855,0.1946428571428571,46.16892857142858,143.73857142857142,30.45214285714287,32.6817857142857,1.5432142857142863,63.940714285714265,0.00137,0.00103,0.004451,15.71678571428571,0
592,2024-01-04 08:51:50+00:00,2024-01-04 08:51:50+00:00,124.69599999999998,0.1908,46.1296,137.9612,30.478800000000007,32.65560000000001,1.4883999999999995,64.2076,0.001333,0.000992,0.004467,15.650799999999997,0
593,2024-01-04 08:51:51+00:00,2024-01-04 08:51:51+00:00,119.54275862068968,0.1962068965517241,46.1441379310345,132.6237931034483,30.473103448275875,32.59103448275862,1.4489655172413796,64.03275862068962,0.001361,0.000947,0.004442,15.671034482758625,0
594,2024-01-04 08:51:53+00:00,2024-01-04 08:51:53+00:00,109.01535714285714,0.1832142857142857,46.01285714285715,121.36392857142852,30.509999999999994,32.449642857142855,1.3596428571428578,64.37535714285713,0.001341,0.001,0.004419,15.502857142857156,0
595,2024-01-04 08:51:54+00:00,2024-01-04 08:51:54+00:00,105.0145833333334,0.1999999999999999,46.01833333333334,116.72833333333335,30.507083333333338,32.379583333333336,1.3141666666666667,64.60083333333333,0.001421,0.001024,0.004409,15.51125,0
596,2024-01-04 08:51:55+00:00,2024-01-04 08:51:55+00:00,99.66218749999996,0.1956249999999999,45.92218750000001,110.56218749999998,30.50937499999999,32.326250000000016,1.0296874999999996,64.6184375,0.001377,0.001002,0.004366,15.412812500000015,0
597,2024-01-04 08:51:57+00:00,2024-01-04 08:51:57+00:00,88.82846153846153,0.1942307692307693,45.85038461538462,99.98230769230769,30.53730769230768,32.19346153846155,0.8934615384615385,64.8923076923077,0.00129,0.000965,0.004182,15.313076923076938,0
598,2024-01-04 08:51:58+00:00,2024-01-04 08:51:58+00:00,83.77346153846155,0.1926923076923077,45.80115384615386,94.66076923076922,30.53346153846152,32.12961538461537,0.8319230769230767,64.86269230769231,0.001277,0.000984,0.004003,15.26769230769234,0
599,2024-01-04 08:51:59+00:00,2024-01-04 08:51:59+00:00,78.68966666666665,0.1796666666666666,45.772666666666666,89.422,30.53833333333332,32.08466666666667,0.7899999999999999,64.80466666666668,0.001314,0.00098,0.003998,15.23433333333335,0
600,2024-01-04 08:52:01+00:00,2024-01-04 08:52:01+00:00,69.62615384615385,0.1846153846153846,45.66000000000001,79.14307692307693,30.5723076923077,31.989615384615394,0.6838461538461538,65.26961538461536,0.001168,0.000931,0.003773,15.087692307692311,0
601,2024-01-04 08:52:02+00:00,2024-01-04 08:52:02+00:00,65.28111111111113,0.177037037037037,45.67037037037036,74.39333333333333,30.59111111111112,31.905925925925928,0.6425925925925928,64.95296296296294,0.001213,0.00095,0.003712,15.079259259259237,0
602,2024-01-04 08:52:03+00:00,2024-01-04 08:52:03+00:00,59.97239999999999,0.1784,45.56759999999999,69.64800000000001,30.5972,31.866400000000013,0.1164,64.92120000000001,0.001146,0.000908,0.003526,14.970399999999984,0
603,2024-01-04 08:52:05+00:00,2024-01-04 08:52:05+00:00,52.90275862068966,0.1706896551724138,45.51931034482759,61.43999999999997,30.61758620689655,31.759310344827583,-0.03,65.34379310344826,0.001163,0.000876,0.003466,14.901724137931035,0
604,2024-01-04 08:52:06+00:00,2024-01-04 08:52:06+00:00,48.77965517241381,0.180344827586207,45.4144827586207,57.77310344827583,30.62896551724138,31.693448275862075,-0.03,65.53965517241382,0.001134,0.000884,0.003264,14.78551724137932,0
605,2024-01-04 08:52:07+00:00,2024-01-04 08:52:07+00:00,44.85407407407408,0.1674074074074074,45.395555555555575,53.65814814814815,30.618518518518524,31.68296296296297,-0.03,65.58518518518518,0.001079,0.000855,0.003187,14.77703703703705,0
606,2024-01-04 08:52:08+00:00,2024-01-04 08:52:08+00:00,42.622307692307686,0.1776923076923076,45.31153846153845,50.310384615384606,30.627692307692307,31.603846153846156,-0.03,65.74384615384614,0.001066,0.000872,0.003122,14.68384615384614,0
607,2024-01-04 08:52:10+00:00,2024-01-04 08:52:10+00:00,35.57333333333333,0.1655555555555555,45.19259259259261,43.61814814814815,30.66185185185184,31.509629629629615,-0.0281481481481481,65.68222222222224,0.001023,0.000849,0.003024,14.530740740740764,0
608,2024-01-04 08:52:11+00:00,2024-01-04 08:52:11+00:00,32.841538461538455,0.1638461538461538,45.196923076923085,40.13999999999999,30.656153846153835,31.50769230769229,-0.03,65.91038461538461,0.001038,0.00083,0.002926,14.54076923076925,0
609,2024-01-04 08:52:12+00:00,2024-01-04 08:52:12+00:00,30.429615384615392,0.1719230769230769,45.10846153846153,37.85961538461539,30.680000000000007,31.45807692307693,-0.03,65.92807692307694,0.001023,0.000819,0.002898,14.428461538461526,0
610,2024-01-04 08:52:14+00:00,2024-01-04 08:52:14+00:00,26.15551724137932,0.1675862068965517,44.974827586206914,33.260000000000005,30.70793103448277,31.38241379310344,-0.03,65.72310344827586,0.000975,0.000848,0.002841,14.266896551724145,0
611,2024-01-04 08:52:15+00:00,2024-01-04 08:52:15+00:00,24.350000000000005,0.1721428571428571,44.96928571428573,31.292142857142863,30.70642857142858,31.357500000000005,-0.03,65.86642857142854,0.000998,0.000902,0.0028,14.26285714285715,0
612,2024-01-04 08:52:16+00:00,2024-01-04 08:52:16+00:00,23.16633333333334,0.1596666666666666,44.90333333333332,30.125000000000007,30.72666666666668,31.326,-0.029,65.88533333333335,0.001046,0.000864,0.002815,14.176666666666634,0
613,2024-01-04 08:52:18+00:00,2024-01-04 08:52:18+00:00,20.620714285714293,0.157142857142857,44.85607142857142,26.71928571428572,30.733928571428574,31.306071428571418,-0.0310714285714285,66.12892857142857,0.001045,0.000884,0.002742,14.12214285714284,0
614,2024-01-04 08:52:19+00:00,2024-01-04 08:52:19+00:00,20.42846153846154,0.1715384615384615,44.82923076923076,26.59538461538462,30.73653846153847,31.287692307692303,-0.03,66.03192307692308,0.000954,0.000826,0.00271,14.092692307692293,0
615,2024-01-04 08:52:20+00:00,2024-01-04 08:52:20+00:00,19.50903225806452,0.1651612903225806,44.76967741935483,25.617419354838702,30.74096774193549,31.29322580645161,-0.0329032258064516,66.11419354838708,0.001049,0.000915,0.002717,14.02870967741934,0
616,2024-01-04 08:52:22+00:00,2024-01-04 08:52:22+00:00,19.50428571428571,0.1582142857142857,44.71892857142857,26.28428571428572,30.751785714285717,31.30571428571428,-0.0303571428571428,65.93357142857144,0.000978,0.000901,0.002715,13.967142857142855,0
617,2024-01-04 08:52:23+00:00,2024-01-04 08:52:23+00:00,20.542857142857144,0.165,44.69500000000001,26.24750000000001,30.7475,31.276428571428564,-0.03,66.11142857142859,0.001,0.000913,0.002745,13.947500000000003,0
618,2024-01-04 08:52:24+00:00,2024-01-04 08:52:24+00:00,20.533571428571424,0.1549999999999999,44.68392857142857,26.69214285714285,30.74178571428572,31.31607142857143,-0.03,65.98499999999999,0.000954,0.0008,0.00279,13.942142857142848,0
619,2024-01-04 08:52:25+00:00,2024-01-04 08:52:25+00:00,21.30703703703703,0.1611111111111111,44.62666666666666,28.53444444444444,30.75629629629629,31.28629629629629,-0.03,66.22037037037035,0.001139,0.000958,0.002843,13.870370370370368,0
620,2024-01-04 08:52:27+00:00,2024-01-04 08:52:27+00:00,24.433793103448277,0.1551724137931034,44.58241379310344,30.621034482758628,30.783793103448268,31.321724137931028,-0.0310344827586207,66.03103448275864,0.001011,0.000825,0.002889,13.798620689655174,0
621,2024-01-04 08:52:28+00:00,2024-01-04 08:52:28+00:00,26.10322580645161,0.1635483870967741,44.59161290322579,32.04129032258066,30.77516129032256,31.30354838709677,-0.03,65.94677419354838,0.000982,0.000927,0.002932,13.816451612903226,0
622,2024-01-04 08:52:29+00:00,2024-01-04 08:52:29+00:00,27.62933333333333,0.173,44.59333333333333,34.984666666666655,30.796999999999976,31.347333333333324,-0.03,66.04766666666669,0.001056,0.000867,0.002948,13.79633333333335,0
623,2024-01-04 08:52:31+00:00,2024-01-04 08:52:31+00:00,32.7325,0.1625,44.54107142857144,39.46321428571429,30.806071428571425,31.403928571428573,-0.0275,65.80178571428573,0.001023,0.000826,0.002973,13.73500000000001,0
624,2024-01-04 08:52:32+00:00,2024-01-04 08:52:32+00:00,35.772000000000006,0.169,44.554666666666655,42.48566666666667,30.810333333333325,31.45433333333333,-0.0296666666666666,65.71966666666668,0.001013,0.000831,0.003089,13.74433333333333,0
625,2024-01-04 08:52:33+00:00,2024-01-04 08:52:33+00:00,38.6413043478261,0.1634782608695651,44.54391304347826,45.87260869565217,30.815217391304348,31.443043478260872,-0.03,65.55260869565218,0.001116,0.000863,0.003143,13.728695652173917,0
626,2024-01-04 08:52:35+00:00,2024-01-04 08:52:35+00:00,45.25107142857144,0.1592857142857142,44.53749999999999,52.769999999999975,30.816428571428585,31.556785714285702,-0.03,65.3325,0.001097,0.000808,0.003222,13.721071428571404,0
627,2024-01-04 08:52:36+00:00,2024-01-04 08:52:36+00:00,48.34148148148148,0.1777777777777778,44.56814814814814,56.46296296296296,30.82037037037037,31.61444444444444,-0.03,65.50000000000001,0.001135,0.000897,0.003383,13.74777777777777,0
628,2024-01-04 08:52:37+00:00,2024-01-04 08:52:37+00:00,52.18148148148147,0.1788888888888889,44.58333333333334,60.416296296296295,30.81555555555557,31.667777777777783,-0.0285185185185185,65.4288888888889,0.001133,0.000853,0.003501,13.767777777777775,0
629,2024-01-04 08:52:39+00:00,2024-01-04 08:52:39+00:00,60.76928571428572,0.1710714285714286,44.57321428571429,68.75678571428574,30.842142857142864,31.74392857142856,-0.0289285714285714,64.7925,0.001134,0.000829,0.003547,13.731071428571427,0
630,2024-01-04 08:52:40+00:00,2024-01-04 08:52:40+00:00,64.70423076923076,0.1769230769230769,44.56769230769229,73.38,30.85192307692309,31.78846153846153,0.4223076923076924,64.88230769230766,0.001226,0.000885,0.003728,13.715769230769205,0
631,2024-01-04 08:52:41+00:00,2024-01-04 08:52:41+00:00,68.99275862068966,0.1768965517241379,44.57620689655173,78.10310344827586,30.86068965517242,31.87827586206895,0.6417241379310343,64.78655172413792,0.001247,0.000914,0.003827,13.715517241379311,0
632,2024-01-04 08:52:43+00:00,2024-01-04 08:52:43+00:00,78.57428571428571,0.185,44.562857142857126,87.90464285714283,30.893928571428567,31.98142857142858,0.7307142857142861,64.56785714285714,0.001245,0.00089,0.003989,13.66892857142856,0
633,2024-01-04 08:52:44+00:00,2024-01-04 08:52:44+00:00,83.65615384615383,0.1776923076923077,44.56999999999999,92.7938461538462,30.880384615384614,32.07961538461539,0.7815384615384614,64.86076923076922,0.001299,0.000916,0.00406,13.689615384615372,0
634,2024-01-04 08:52:45+00:00,2024-01-04 08:52:45+00:00,88.61074074074074,0.1992592592592594,44.547777777777775,98.30481481481485,30.88296296296296,32.11555555555555,0.8322222222222224,64.53777777777778,0.00137,0.000928,0.004316,13.664814814814816,0
635,2024-01-04 08:52:46+00:00,2024-01-04 08:52:46+00:00,93.2692,0.1811999999999999,44.5524,103.3076,30.88519999999999,32.206399999999995,0.8848000000000001,64.718,0.001306,0.00091,0.004266,13.667200000000008,0
636,2024-01-04 08:52:48+00:00,2024-01-04 08:52:48+00:00,103.57499999999996,0.1925000000000001,44.60964285714287,114.27857142857142,30.90464285714285,32.364285714285714,0.9889285714285718,64.11285714285712,0.001314,0.000982,0.004242,13.705000000000016,0
637,2024-01-04 08:52:49+00:00,2024-01-04 08:52:49+00:00,108.64483870967744,0.1870967741935484,44.61903225806451,119.5287096774194,30.89032258064515,32.44225806451611,1.0325806451612902,64.06677419354841,0.001323,0.000941,0.004451,13.728709677419356,0
638,2024-01-04 08:52:50+00:00,2024-01-04 08:52:50+00:00,114.14142857142862,0.1889285714285714,44.625357142857126,125.41357142857144,30.924642857142867,32.522499999999994,1.0817857142857144,64.2692857142857,0.001382,0.000952,0.004626,13.70071428571426,0
639,2024-01-04 08:52:52+00:00,2024-01-04 08:52:52+00:00,123.0648,0.1891999999999999,44.66759999999999,135.50840000000005,30.960400000000007,32.684400000000004,1.1668000000000007,63.52919999999998,0.001454,0.000995,0.004707,13.707199999999986,0
640,2024-01-04 08:52:53+00:00,2024-01-04 08:52:53+00:00,129.53961538461542,0.1938461538461539,44.67538461538462,141.40576923076924,30.965384615384625,32.78115384615385,1.2184615384615385,63.92076923076922,0.001401,0.000958,0.004725,13.709999999999996,0
641,2024-01-04 08:52:54+00:00,2024-01-04 08:52:54+00:00,134.5867857142857,0.2042857142857142,44.71642857142857,147.25785714285712,30.961428571428595,32.87999999999999,1.2764285714285717,63.71714285714285,0.001433,0.000997,0.004699,13.754999999999978,0
642,2024-01-04 08:52:56+00:00,2024-01-04 08:52:56+00:00,144.69500000000002,0.2010714285714286,44.71571428571429,158.38321428571427,30.993571428571432,33.035714285714285,1.3721428571428569,63.29285714285714,0.001405,0.000959,0.00477,13.72214285714286,0
643,2024-01-04 08:52:57+00:00,2024-01-04 08:52:57+00:00,149.85639999999998,0.2291999999999999,44.76520000000001,163.74800000000005,31.020399999999984,33.0596,1.4236000000000004,63.56800000000001,0.001445,0.000987,0.00497,13.744800000000025,0
644,2024-01-04 08:52:58+00:00,2024-01-04 08:52:58+00:00,155.37517241379308,0.2048275862068965,44.83689655172412,169.06275862068958,31.019310344827574,33.18172413793104,1.473793103448275,63.40689655172414,0.001565,0.001026,0.005285,13.817586206896545,0
645,2024-01-04 08:53:00+00:00,2024-01-04 08:53:00+00:00,164.17571428571432,0.215,44.88392857142858,178.02285714285716,31.02535714285713,33.36535714285715,1.5635714285714282,63.32714285714288,0.001571,0.000991,0.005394,13.858571428571445,0
646,2024-01-04 08:53:01+00:00,2024-01-04 08:53:01+00:00,168.48222222222228,0.2185185185185185,44.932592592592606,182.9455555555556,31.025185185185176,33.40259259259259,1.6033333333333333,63.14481481481481,0.001574,0.000962,0.005529,13.90740740740743,0
647,2024-01-04 08:53:02+00:00,2024-01-04 08:53:02+00:00,174.27566666666664,0.217,44.89666666666667,188.349,31.037666666666656,33.46733333333333,1.6649999999999996,62.79833333333334,0.001681,0.001004,0.005831,13.859000000000012,0
648,2024-01-04 08:53:03+00:00,2024-01-04 08:53:03+00:00,177.2111111111111,0.22,44.971851851851845,192.35666666666668,31.025185185185176,33.58148148148149,1.7125925925925929,62.93666666666663,0.001681,0.001032,0.005836,13.946666666666667,0
649,2024-01-04 08:53:05+00:00,2024-01-04 08:53:05+00:00,186.00821428571427,0.2142857142857143,45.08285714285714,201.46714285714287,31.04999999999999,33.74964285714286,1.821071428571429,62.65535714285716,0.001774,0.001015,0.006126,14.032857142857154,0
650,2024-01-04 08:53:06+00:00,2024-01-04 08:53:06+00:00,189.14428571428564,0.2221428571428571,45.14,205.7542857142857,31.06392857142857,33.77892857142858,1.8710714285714287,62.59964285714285,0.001745,0.001006,0.006129,14.076071428571437,0
651,2024-01-04 08:53:07+00:00,2024-01-04 08:53:07+00:00,193.18142857142857,0.2271428571428571,45.24785714285715,209.03642857142853,31.07785714285714,33.86714285714286,1.918571428571428,62.55,0.001816,0.001022,0.006323,14.170000000000009,0
652,2024-01-04 08:53:09+00:00,2024-01-04 08:53:09+00:00,199.78933333333327,0.2346666666666667,45.31099999999997,216.75866666666676,31.113000000000003,33.98733333333334,2.013333333333334,62.61,0.001845,0.001001,0.006476,14.197999999999968,0
653,2024-01-04 08:53:10+00:00,2024-01-04 08:53:10+00:00,203.9716,0.2412,45.3952,220.5512,31.122000000000003,34.087599999999995,2.056,62.328,0.001894,0.001049,0.00649,14.2732,0
654,2024-01-04 08:53:11+00:00,2024-01-04 08:53:11+00:00,205.66592592592585,0.2162962962962963,45.45555555555556,221.84185185185183,31.120740740740736,34.1425925925926,2.0955555555555563,62.47592592592593,0.001936,0.001064,0.006655,14.33481481481482,0
655,2024-01-04 08:53:13+00:00,2024-01-04 08:53:13+00:00,210.2537037037038,0.2411111111111111,45.55888888888888,227.80259259259256,31.152222222222218,34.224074074074075,2.16888888888889,62.47370370370371,0.001957,0.001011,0.006747,14.406666666666665,0
656,2024-01-04 08:53:14+00:00,2024-01-04 08:53:14+00:00,212.1620689655172,0.2175862068965518,45.650000000000006,229.0462068965517,31.16931034482757,34.26931034482759,2.194827586206896,62.13862068965518,0.001956,0.001054,0.006775,14.480689655172434,0
657,2024-01-04 08:53:15+00:00,2024-01-04 08:53:15+00:00,214.1685185185185,0.2351851851851852,45.7025925925926,231.29370370370373,31.17666666666666,34.31740740740741,2.2225925925925925,62.26037037037037,0.001949,0.001055,0.006808,14.525925925925936,0
658,2024-01-04 08:53:17+00:00,2024-01-04 08:53:17+00:00,216.8292592592592,0.2248148148148148,45.849629629629646,233.5785185185185,31.184074074074083,34.39925925925927,2.277407407407408,62.12925925925926,0.001951,0.001021,0.006858,14.665555555555564,0
659,2024-01-04 08:53:18+00:00,2024-01-04 08:53:18+00:00,217.1072,0.2376,45.95640000000001,235.54320000000007,31.20320000000001,34.40319999999999,2.3024,61.8632,0.001991,0.001051,0.006928,14.7532,0
660,2024-01-04 08:53:19+00:00,2024-01-04 08:53:19+00:00,219.48185185185176,0.2451851851851852,46.03703703703703,237.07222222222225,31.19925925925927,34.456666666666656,2.324074074074073,62.03777777777778,0.001963,0.00099,0.006962,14.83777777777776,0
661,2024-01-04 08:53:22+00:00,2024-01-04 08:53:22+00:00,219.7762962962963,0.2492592592592592,46.26222222222221,237.7059259259259,31.232962962962976,34.537777777777784,2.34888888888889,62.01037037037037,0.001933,0.001039,0.006888,15.029259259259238,0
662,2024-01-04 08:53:23+00:00,2024-01-04 08:53:23+00:00,219.87846153846155,0.24,46.27692307692307,236.52038461538453,31.24153846153846,34.54807692307691,2.336538461538461,62.17692307692308,0.001911,0.000987,0.00691,15.035384615384608,0
663,2024-01-04 08:53:24+00:00,2024-01-04 08:53:24+00:00,218.81461538461537,0.228076923076923,46.383461538461546,235.8780769230769,31.23384615384616,34.57923076923076,2.3296153846153853,62.05961538461538,0.001964,0.001033,0.006886,15.149615384615387,0
664,2024-01-04 08:53:26+00:00,2024-01-04 08:53:26+00:00,215.28333333333333,0.237037037037037,46.52185185185184,233.17703703703708,31.25296296296296,34.57074074074074,2.2992592592592582,62.377777777777766,0.001904,0.001054,0.006789,15.268888888888885,0
665,2024-01-04 08:53:27+00:00,2024-01-04 08:53:27+00:00,214.59423076923065,0.2392307692307692,46.57269230769232,232.3234615384616,31.27269230769229,34.584230769230764,2.279615384615385,62.33038461538463,0.001872,0.000987,0.006741,15.300000000000022,0
666,2024-01-04 08:53:28+00:00,2024-01-04 08:53:28+00:00,212.94960000000003,0.2208,46.6404,230.39120000000003,31.26239999999999,34.5884,2.2595999999999994,62.1804,0.00188,0.001053,0.006702,15.37800000000001,0
667,2024-01-04 08:53:30+00:00,2024-01-04 08:53:30+00:00,209.6189285714285,0.235,46.772142857142846,225.82892857142855,31.27571428571428,34.57357142857143,2.1921428571428567,62.13750000000001,0.001861,0.001029,0.006588,15.49642857142857,0
668,2024-01-04 08:53:31+00:00,2024-01-04 08:53:31+00:00,205.71035714285708,0.2167857142857144,46.771785714285706,222.9675,31.27535714285713,34.50714285714285,2.156785714285714,62.188214285714295,0.001812,0.001012,0.006514,15.496428571428575,0
669,2024-01-04 08:53:32+00:00,2024-01-04 08:53:32+00:00,203.17714285714288,0.2107142857142857,46.82714285714288,219.84821428571428,31.294642857142843,34.50178571428571,2.120357142857143,62.25535714285716,0.001849,0.001037,0.006453,15.53250000000003,0
670,2024-01-04 08:53:34+00:00,2024-01-04 08:53:34+00:00,196.9248148148148,0.2122222222222222,46.88000000000002,214.29888888888888,31.29703703703703,34.420370370370364,2.040740740740741,62.306666666666665,0.001787,0.001021,0.006346,15.582962962962988,0
671,2024-01-04 08:53:35+00:00,2024-01-04 08:53:35+00:00,193.9933333333333,0.228,46.889,211.69866666666664,31.316666666666663,34.412,2.0000000000000004,62.35599999999998,0.001764,0.001013,0.006237,15.572333333333336,0
672,2024-01-04 08:53:36+00:00,2024-01-04 08:53:36+00:00,190.1107142857142,0.2096428571428572,46.90571428571428,207.2678571428572,31.31607142857143,34.413571428571444,1.9517857142857145,62.68178571428574,0.001731,0.001017,0.006115,15.589642857142852,0
673,2024-01-04 08:53:38+00:00,2024-01-04 08:53:38+00:00,183.1277777777778,0.2207407407407408,46.97333333333335,199.6707407407408,31.320370370370373,34.317037037037046,1.8470370370370373,62.84148148148148,0.00171,0.000982,0.006025,15.652962962962976,0
674,2024-01-04 08:53:39+00:00,2024-01-04 08:53:39+00:00,179.38392857142858,0.2135714285714286,46.96785714285716,194.6057142857143,31.341428571428576,34.246785714285714,1.7953571428571429,62.751428571428576,0.001652,0.001033,0.005764,15.62642857142858,0
675,2024-01-04 08:53:40+00:00,2024-01-04 08:53:40+00:00,175.08413793103458,0.2096551724137931,46.98206896551724,190.1510344827587,31.337931034482768,34.236206896551735,1.7624137931034485,63.2448275862069,0.001634,0.001035,0.005722,15.644137931034468,0
676,2024-01-04 08:53:41+00:00,2024-01-04 08:53:41+00:00,170.92241379310352,0.2158620689655172,46.99103448275863,185.4096551724138,31.36620689655172,34.17068965517241,1.6968965517241372,63.12586206896551,0.001538,0.000972,0.005444,15.624827586206909,0
677,2024-01-04 08:53:43+00:00,2024-01-04 08:53:43+00:00,160.5318518518518,0.215925925925926,47.01962962962963,175.98481481481474,31.37222222222222,34.032962962962955,1.608148148148148,63.57925925925926,0.001546,0.000975,0.005417,15.647407407407409,0
678,2024-01-04 08:53:44+00:00,2024-01-04 08:53:44+00:00,155.61533333333333,0.1896666666666666,46.982,170.1686666666666,31.36833333333334,33.99699999999999,1.5506666666666669,63.48033333333333,0.001466,0.000964,0.005122,15.61366666666666,0
679,2024-01-04 08:53:45+00:00,2024-01-04 08:53:45+00:00,151.8275,0.2078571428571429,46.96464285714285,166.39357142857148,31.37107142857143,33.96285714285714,1.5125000000000004,63.55642857142858,0.001445,0.001003,0.004959,15.59357142857142,0
680,2024-01-04 08:53:47+00:00,2024-01-04 08:53:47+00:00,141.79821428571424,0.1964285714285714,46.90428571428573,154.48357142857145,31.397142857142853,33.81250000000001,1.4110714285714283,63.635000000000005,0.001484,0.001039,0.004884,15.50714285714288,0
681,2024-01-04 08:53:48+00:00,2024-01-04 08:53:48+00:00,136.045925925926,0.1848148148148148,46.91222222222223,149.29370370370367,31.393333333333324,33.767037037037035,1.3596296296296302,63.72925925925924,0.001433,0.000978,0.004785,15.518888888888902,0
682,2024-01-04 08:53:49+00:00,2024-01-04 08:53:49+00:00,129.98206896551724,0.1989655172413793,46.90965517241382,144.01137931034486,31.411379310344827,33.71310344827587,1.3120689655172413,63.788965517241365,0.001382,0.000961,0.004667,15.498275862068994,0
683,2024-01-04 08:53:51+00:00,2024-01-04 08:53:51+00:00,120.14296296296298,0.1888888888888889,46.838888888888896,132.68851851851852,31.417777777777765,33.5611111111111,1.2107407407407411,64.0522222222222,0.001458,0.001028,0.00467,15.42111111111113,0
684,2024-01-04 08:53:52+00:00,2024-01-04 08:53:52+00:00,115.56592592592597,0.1892592592592593,46.81111111111112,127.5888888888889,31.45444444444445,33.53148148148147,1.1659259259259258,64.15481481481481,0.001401,0.001001,0.004621,15.356666666666662,0
685,2024-01-04 08:53:53+00:00,2024-01-04 08:53:53+00:00,110.26153846153844,0.183076923076923,46.78692307692309,121.46192307692309,31.440384615384616,33.46384615384616,1.118846153846154,64.58615384615385,0.001411,0.000969,0.004568,15.346538461538472,0
686,2024-01-04 08:53:55+00:00,2024-01-04 08:53:55+00:00,99.49870967741938,0.1841935483870968,46.66580645161292,110.67322580645155,31.45709677419357,33.29225806451613,1.0229032258064517,64.61354838709677,0.001393,0.001008,0.004487,15.208709677419352,0
687,2024-01-04 08:53:56+00:00,2024-01-04 08:53:56+00:00,94.21439999999996,0.1915999999999999,46.64599999999999,105.6904,31.44800000000001,33.23879999999999,0.9720000000000002,64.54440000000001,0.001349,0.000982,0.00431,15.197999999999972,0
688,2024-01-04 08:53:57+00:00,2024-01-04 08:53:57+00:00,89.96437499999998,0.19125,46.60406249999998,100.54624999999996,31.46375000000001,33.1675,0.9146875,64.70499999999998,0.001273,0.000955,0.004096,15.140312499999972,0
689,2024-01-04 08:53:59+00:00,2024-01-04 08:53:59+00:00,79.25241379310344,0.1844827586206897,46.502068965517246,89.69862068965513,31.485517241379323,33.04275862068965,0.807931034482759,64.85862068965517,0.00127,0.000906,0.004077,15.016551724137924,0
690,2024-01-04 08:54:00+00:00,2024-01-04 08:54:00+00:00,75.02444444444446,0.1803703703703704,46.42925925925926,85.17481481481481,31.47814814814816,32.942222222222206,0.7648148148148147,64.8759259259259,0.00127,0.000933,0.003966,14.9511111111111,0
691,2024-01-04 08:54:01+00:00,2024-01-04 08:54:01+00:00,70.2237037037037,0.1766666666666667,46.39518518518517,79.83481481481483,31.484814814814825,32.89703703703704,0.7133333333333337,65.06333333333333,0.001229,0.00092,0.003771,14.910370370370345,0
692,2024-01-04 08:54:02+00:00,2024-01-04 08:54:02+00:00,65.62392857142855,0.1689285714285714,46.3610714285714,74.71607142857145,31.497499999999995,32.85285714285713,0.6642857142857145,64.99571428571429,0.001196,0.000905,0.003716,14.863571428571404,0
693,2024-01-04 08:54:04+00:00,2024-01-04 08:54:04+00:00,57.22269230769233,0.1803846153846154,46.24346153846154,66.15576923076922,31.527307692307684,32.70961538461539,-0.0273076923076923,65.48461538461538,0.001168,0.000838,0.003558,14.716153846153857,0
694,2024-01-04 08:54:05+00:00,2024-01-04 08:54:05+00:00,53.22962962962965,0.1725925925925926,46.17148148148149,61.663703703703696,31.531111111111095,32.6637037037037,-0.0344444444444444,65.24888888888889,0.001268,0.000909,0.003417,14.640370370370396,0
695,2024-01-04 08:54:06+00:00,2024-01-04 08:54:06+00:00,49.11851851851852,0.1681481481481481,46.15666666666667,58.45962962962963,31.518888888888885,32.62111111111112,-0.0307407407407407,65.34777777777778,0.001137,0.000863,0.003351,14.637777777777789,0
696,2024-01-04 08:54:08+00:00,2024-01-04 08:54:08+00:00,42.03222222222224,0.1507407407407407,46.02888888888887,50.59444444444444,31.51703703703703,32.55703703703702,-0.0314814814814814,65.49999999999999,0.00105,0.000786,0.00319,14.51185185185184,0
697,2024-01-04 08:54:09+00:00,2024-01-04 08:54:09+00:00,39.23964285714285,0.1760714285714286,46.0057142857143,47.68071428571428,31.523928571428563,32.47607142857143,-0.03,65.64571428571428,0.001019,0.000798,0.003096,14.481785714285737,0
698,2024-01-04 08:54:10+00:00,2024-01-04 08:54:10+00:00,36.491428571428585,0.1635714285714285,45.93928571428573,43.322499999999984,31.55107142857141,32.44964285714285,-0.0310714285714285,65.60392857142857,0.001031,0.000804,0.003015,14.38821428571432,0
699,2024-01-04 08:54:12+00:00,2024-01-04 08:54:12+00:00,31.26733333333334,0.1753333333333333,45.844666666666654,38.36299999999999,31.549666666666653,32.39833333333333,-0.0303333333333333,66.18733333333334,0.000952,0.000731,0.002973,14.295000000000002,0
700,2024-01-04 08:54:13+00:00,2024-01-04 08:54:13+00:00,28.09730769230769,0.1719230769230769,45.76000000000002,35.674615384615386,31.57884615384616,32.33730769230769,-0.0319230769230769,65.87423076923073,0.000971,0.000748,0.002912,14.181153846153858,0
701,2024-01-04 08:54:14+00:00,2024-01-04 08:54:14+00:00,27.06296296296297,0.1622222222222222,45.69370370370371,32.855555555555554,31.59222222222222,32.353333333333346,-0.0325925925925926,65.93444444444441,0.001017,0.0009,0.002831,14.101481481481493,0
702,2024-01-04 08:54:16+00:00,2024-01-04 08:54:16+00:00,23.27814814814815,0.1633333333333333,45.63888888888887,29.63074074074074,31.59666666666667,32.27111111111112,-0.0322222222222222,65.93851851851856,0.001018,0.000835,0.002839,14.0422222222222,0
703,2024-01-04 08:54:17+00:00,2024-01-04 08:54:17+00:00,21.42517241379309,0.163103448275862,45.59448275862067,27.857931034482768,31.60862068965518,32.2248275862069,-0.0375862068965517,66.03379310344828,0.000984,0.000769,0.0028,13.985862068965492,0
704,2024-01-04 08:54:18+00:00,2024-01-04 08:54:18+00:00,21.283103448275863,0.1558620689655172,45.55482758620689,27.25413793103448,31.626551724137933,32.22379310344828,-0.0320689655172413,66.15517241379311,0.001078,0.000847,0.002764,13.928275862068958,0
705,2024-01-04 08:54:20+00:00,2024-01-04 08:54:20+00:00,19.56,0.1755555555555556,45.46962962962965,26.11555555555556,31.66185185185184,32.230000000000004,-0.0337037037037037,66.07814814814814,0.00097,0.000825,0.002738,13.807777777777805,0
706,2024-01-04 08:54:21+00:00,2024-01-04 08:54:21+00:00,19.475,0.1717857142857143,45.451428571428565,25.645,31.662499999999994,32.23285714285714,-0.0360714285714285,66.32107142857144,0.001038,0.000933,0.00275,13.78892857142857,0
707,2024-01-04 08:54:22+00:00,2024-01-04 08:54:22+00:00,19.52206896551724,0.1506896551724137,45.42551724137931,25.337586206896543,31.678275862068997,32.20551724137931,-0.036551724137931,65.93241379310344,0.000976,0.000868,0.00277,13.747241379310315,0
708,2024-01-04 08:54:23+00:00,2024-01-04 08:54:23+00:00,19.783076923076923,0.1826923076923077,45.33384615384614,26.278846153846164,31.690384615384623,32.16615384615385,-0.04,66.2626923076923,0.00101,0.000924,0.002786,13.643461538461516,0
709,2024-01-04 08:54:25+00:00,2024-01-04 08:54:25+00:00,21.531333333333343,0.1643333333333333,45.30299999999998,27.52133333333334,31.69200000000001,32.20333333333333,-0.0326666666666666,65.96066666666665,0.001074,0.000898,0.002818,13.610999999999969,0
710,2024-01-04 08:54:26+00:00,2024-01-04 08:54:26+00:00,22.373103448275863,0.1682758620689655,45.28241379310344,28.412758620689665,31.695862068965532,32.210344827586205,-0.0337931034482758,65.99068965517242,0.001029,0.000807,0.002901,13.586551724137902,0
711,2024-01-04 08:54:27+00:00,2024-01-04 08:54:27+00:00,24.512758620689656,0.1613793103448276,45.26758620689654,30.86172413793104,31.695517241379317,32.23448275862069,-0.0320689655172414,65.70206896551724,0.001009,0.000837,0.002945,13.572068965517223,0
712,2024-01-04 08:54:29+00:00,2024-01-04 08:54:29+00:00,26.96521739130434,0.1756521739130435,45.22043478260869,33.854782608695665,31.726086956521748,32.24086956521739,-0.0334782608695652,65.87304347826084,0.001085,0.000791,0.002932,13.494347826086944,0
713,2024-01-04 08:54:30+00:00,2024-01-04 08:54:30+00:00,29.43038461538461,0.1819230769230769,45.21307692307692,37.49538461538461,31.723846153846168,32.31269230769232,-0.035,65.87961538461539,0.001056,0.000846,0.002973,13.489230769230751,0
714,2024-01-04 08:54:31+00:00,2024-01-04 08:54:31+00:00,33.30333333333333,0.1719047619047619,45.24761904761905,39.41809523809523,31.733333333333334,32.34238095238095,-0.03,65.78476190476192,0.001054,0.000813,0.003051,13.514285714285707,0
715,2024-01-04 08:54:33+00:00,2024-01-04 08:54:33+00:00,37.5836,0.162,45.21040000000001,44.2912,31.748799999999992,32.4176,-0.0332,65.6832,0.001119,0.000877,0.003167,13.461600000000017,0
716,2024-01-04 08:54:34+00:00,2024-01-04 08:54:34+00:00,41.942000000000014,0.1696,45.2116,48.16439999999999,31.7624,32.482800000000005,-0.0316,65.47879999999998,0.001104,0.000832,0.003215,13.449200000000005,0
717,2024-01-04 08:54:35+00:00,2024-01-04 08:54:35+00:00,44.48793103448276,0.1648275862068965,45.183793103448295,51.75724137931034,31.756206896551724,32.51172413793103,-0.0306896551724138,65.31551724137931,0.001066,0.000823,0.003281,13.42758620689657,0
718,2024-01-04 08:54:37+00:00,2024-01-04 08:54:37+00:00,51.70807692307694,0.1876923076923077,45.22038461538462,59.25538461538461,31.80461538461539,32.60192307692308,-0.0315384615384615,65.48346153846154,0.001152,0.000878,0.00346,13.415769230769229,0
719,2024-01-04 08:54:38+00:00,2024-01-04 08:54:38+00:00,55.645555555555575,0.1733333333333334,45.20370370370373,63.79407407407408,31.80370370370369,32.62296296296297,-0.0311111111111111,65.0225925925926,0.001169,0.000823,0.00348,13.400000000000034,0
720,2024-01-04 08:54:39+00:00,2024-01-04 08:54:39+00:00,59.86464285714287,0.1757142857142856,45.23821428571427,67.67928571428568,31.79249999999999,32.734642857142845,-0.0114285714285714,65.06499999999998,0.001272,0.000882,0.00368,13.44571428571428,0
721,2024-01-04 08:54:40+00:00,2024-01-04 08:54:40+00:00,64.74714285714286,0.1678571428571428,45.25249999999999,72.25285714285714,31.792857142857137,32.78357142857143,0.4096428571428571,65.08214285714287,0.001214,0.000853,0.00376,13.459642857142851,0
722,2024-01-04 08:54:42+00:00,2024-01-04 08:54:42+00:00,73.38269230769232,0.1926923076923077,45.26076923076923,81.61307692307693,31.82038461538463,32.9273076923077,0.6969230769230766,65.05346153846155,0.001289,0.000908,0.003969,13.440384615384598,0
723,2024-01-04 08:54:43+00:00,2024-01-04 08:54:43+00:00,77.4903448275862,0.186896551724138,45.26862068965516,86.75655172413792,31.828275862068978,32.93379310344828,0.7358620689655173,64.76,0.001258,0.000901,0.003969,13.44034482758618,0
724,2024-01-04 08:54:44+00:00,2024-01-04 08:54:44+00:00,82.4116129032258,0.1874193548387096,45.27354838709677,92.0887096774194,31.832903225806465,33.035161290322584,0.7932258064516127,64.71612903225805,0.001384,0.001002,0.00419,13.440645161290302,0
725,2024-01-04 08:54:46+00:00,2024-01-04 08:54:46+00:00,92.65275862068964,0.1972413793103449,45.282758620689656,102.69206896551724,31.871034482758613,33.1941379310345,0.891034482758621,64.59379310344829,0.001314,0.000912,0.00427,13.411724137931042,0
726,2024-01-04 08:54:47+00:00,2024-01-04 08:54:47+00:00,96.85933333333332,0.185,45.313333333333325,107.19166666666663,31.888999999999992,33.294,0.9376666666666664,64.29566666666665,0.001329,0.000981,0.004295,13.424333333333331,0
727,2024-01-04 08:54:48+00:00,2024-01-04 08:54:48+00:00,103.83892857142855,0.1942857142857143,45.29035714285714,113.53250000000004,31.89071428571428,33.34250000000001,0.9946428571428572,64.38857142857142,0.001317,0.000969,0.004328,13.399642857142862,0
728,2024-01-04 08:54:50+00:00,2024-01-04 08:54:50+00:00,112.16142857142862,0.1935714285714286,45.30214285714284,123.88749999999992,31.909285714285705,33.545357142857135,1.092857142857143,64.19428571428573,0.001343,0.000995,0.004412,13.392857142857135,0
729,2024-01-04 08:54:51+00:00,2024-01-04 08:54:51+00:00,118.69962962962964,0.1959259259259259,45.25962962962964,130.11444444444444,31.926296296296304,33.5851851851852,1.1392592592592592,64.01777777777778,0.001394,0.000982,0.004542,13.333333333333332,0
730,2024-01-04 08:54:52+00:00,2024-01-04 08:54:52+00:00,123.09857142857147,0.1975,45.36249999999999,135.0071428571429,31.945,33.690357142857145,1.185357142857143,63.735357142857154,0.001412,0.001076,0.004652,13.41749999999999,0
731,2024-01-04 08:54:54+00:00,2024-01-04 08:54:54+00:00,133.8860714285714,0.1975,45.39964285714287,146.225,31.944642857142863,33.84678571428572,1.2828571428571425,63.66357142857144,0.001417,0.000979,0.004752,13.455000000000002,0
732,2024-01-04 08:54:55+00:00,2024-01-04 08:54:55+00:00,139.7382142857143,0.1992857142857143,45.41678571428572,151.46964285714284,31.963928571428585,33.92749999999999,1.3367857142857142,63.37642857142857,0.001474,0.00102,0.004864,13.452857142857138,0
733,2024-01-04 08:54:56+00:00,2024-01-04 08:54:56+00:00,143.3375862068966,0.1879310344827586,45.428965517241394,156.61379310344824,31.9693103448276,34.00655172413792,1.386551724137931,63.472413793103456,0.001444,0.00098,0.004872,13.459655172413797,0
734,2024-01-04 08:54:58+00:00,2024-01-04 08:54:58+00:00,154.3323333333333,0.206,45.48566666666668,167.61766666666662,31.97000000000001,34.16866666666667,1.4826666666666668,63.098000000000006,0.00149,0.001054,0.005054,13.515666666666675,0
735,2024-01-04 08:54:59+00:00,2024-01-04 08:54:59+00:00,159.18583333333336,0.2045833333333333,45.51083333333332,172.70125,31.964166666666674,34.24166666666667,1.5383333333333338,63.01791666666667,0.001571,0.00099,0.005363,13.546666666666647,0
736,2024-01-04 08:55:00+00:00,2024-01-04 08:55:00+00:00,163.0843333333333,0.2216666666666667,45.57899999999998,177.5366666666667,31.977333333333338,34.33500000000001,1.5793333333333337,63.273,0.001604,0.001032,0.005405,13.601666666666642,0
737,2024-01-04 08:55:01+00:00,2024-01-04 08:55:01+00:00,167.5014285714286,0.2053571428571428,45.62071428571429,181.59321428571428,31.98964285714286,34.42285714285714,1.6328571428571426,62.84714285714285,0.001644,0.001,0.005716,13.631071428571431,0
738,2024-01-04 08:55:03+00:00,2024-01-04 08:55:03+00:00,177.32580645161298,0.2164516129032259,45.68354838709679,191.1264516129032,32.00645161290322,34.59129032258065,1.739032258064516,62.52806451612904,0.001671,0.001029,0.005779,13.677096774193572,0
739,2024-01-04 08:55:04+00:00,2024-01-04 08:55:04+00:00,181.26703703703703,0.2114814814814815,45.72851851851853,195.86111111111117,32.03814814814813,34.667037037037026,1.7962962962962965,62.9137037037037,0.001774,0.001039,0.005965,13.690370370370395,0
740,2024-01-04 08:55:05+00:00,2024-01-04 08:55:05+00:00,185.22758620689655,0.2206896551724139,45.77275862068964,200.1644827586207,32.03965517241379,34.715172413793105,1.845862068965517,62.78689655172413,0.001767,0.00103,0.006156,13.733103448275855,0
741,2024-01-04 08:55:07+00:00,2024-01-04 08:55:07+00:00,193.25923076923075,0.2261538461538462,45.8930769230769,208.6653846153846,32.05846153846153,34.87923076923076,1.95,62.51038461538461,0.001837,0.001061,0.006256,13.834615384615375,0
742,2024-01-04 08:55:08+00:00,2024-01-04 08:55:08+00:00,196.2414285714285,0.2014285714285714,45.941428571428574,211.34178571428575,32.054285714285705,34.92964285714286,1.9928571428571424,62.48,0.001867,0.001054,0.006357,13.88714285714287,0
743,2024-01-04 08:55:09+00:00,2024-01-04 08:55:09+00:00,199.18461538461528,0.2192307692307693,46.00615384615383,215.51807692307688,32.07346153846156,34.9573076923077,2.0403846153846144,62.18653846153847,0.001882,0.001073,0.006491,13.932692307692273,0
744,2024-01-04 08:55:11+00:00,2024-01-04 08:55:11+00:00,205.0562962962962,0.2337037037037037,46.16037037037039,221.43703703703693,32.06999999999999,35.088888888888896,2.117407407407408,62.25703703703702,0.001948,0.001052,0.006657,14.090370370370394,0
745,2024-01-04 08:55:12+00:00,2024-01-04 08:55:12+00:00,208.06269230769232,0.2307692307692308,46.22423076923079,223.80999999999997,32.10346153846155,35.082307692307694,2.163076923076924,62.2973076923077,0.00197,0.001068,0.006735,14.120769230769234,0
746,2024-01-04 08:55:13+00:00,2024-01-04 08:55:13+00:00,209.6864285714285,0.2289285714285714,46.267499999999984,226.3328571428571,32.0907142857143,35.1457142857143,2.192857142857144,62.23571428571429,0.00197,0.001057,0.006812,14.176785714285684,0
747,2024-01-04 08:55:16+00:00,2024-01-04 08:55:16+00:00,215.3838461538461,0.2326923076923078,46.45461538461538,232.5234615384616,32.10615384615386,35.308461538461536,2.290384615384616,62.13846153846156,0.001898,0.001053,0.006825,14.34846153846152,0
748,2024-01-04 08:55:17+00:00,2024-01-04 08:55:17+00:00,216.71249999999995,0.2232142857142858,46.5717857142857,233.825,32.09642857142858,35.33607142857144,2.324285714285714,61.87035714285712,0.001932,0.001055,0.006867,14.47535714285712,0
749,2024-01-04 08:55:18+00:00,2024-01-04 08:55:18+00:00,217.38137931034484,0.233448275862069,46.59689655172415,235.0824137931034,32.102068965517255,35.347586206896565,2.34448275862069,61.98206896551725,0.001937,0.001033,0.006925,14.494827586206895,0
750,2024-01-04 08:55:20+00:00,2024-01-04 08:55:20+00:00,220.21692307692317,0.2280769230769231,46.82384615384613,236.56423076923076,32.12307692307692,35.43115384615384,2.378846153846154,62.11615384615384,0.001954,0.001051,0.006964,14.700769230769213,0
751,2024-01-04 08:55:21+00:00,2024-01-04 08:55:21+00:00,219.3857142857143,0.2357142857142857,46.87642857142858,236.9039285714286,32.122142857142855,35.42214285714285,2.389642857142858,61.96535714285714,0.001976,0.001076,0.006984,14.754285714285729,0
752,2024-01-04 08:55:22+00:00,2024-01-04 08:55:22+00:00,219.9726923076923,0.2334615384615384,46.94115384615385,236.52884615384616,32.12653846153846,35.47038461538461,2.3857692307692315,61.97576923076922,0.001933,0.001025,0.006963,14.814615384615394,0
753,2024-01-04 08:55:24+00:00,2024-01-04 08:55:24+00:00,218.1439285714286,0.2332142857142858,47.05392857142857,235.3057142857143,32.1442857142857,35.477142857142866,2.371785714285715,61.75321428571429,0.001936,0.001094,0.00691,14.90964285714287,0
754,2024-01-04 08:55:25+00:00,2024-01-04 08:55:25+00:00,218.9077777777777,0.2233333333333333,47.16666666666666,234.8418518518518,32.15777777777776,35.48111111111112,2.377777777777778,61.66925925925926,0.001904,0.001041,0.006886,15.008888888888904,0
755,2024-01-04 08:55:26+00:00,2024-01-04 08:55:26+00:00,216.2941379310345,0.2337931034482759,47.19344827586208,233.32689655172405,32.15413793103446,35.50206896551724,2.3434482758620696,61.95206896551724,0.00194,0.00105,0.006853,15.03931034482762,0
756,2024-01-04 08:55:28+00:00,2024-01-04 08:55:28+00:00,212.9144000000001,0.2284,47.34479999999999,229.76479999999992,32.149999999999984,35.4996,2.3044,61.99280000000001,0.001892,0.000995,0.006805,15.1948,0
757,2024-01-04 08:55:29+00:00,2024-01-04 08:55:29+00:00,211.08827586206883,0.2231034482758621,47.40689655172414,228.21172413793096,32.18068965517241,35.46827586206895,2.2744827586206897,61.91206896551723,0.00193,0.001076,0.006744,15.22620689655173,0
758,2024-01-04 08:55:30+00:00,2024-01-04 08:55:30+00:00,208.4159259259259,0.2225925925925926,47.4362962962963,226.69703703703712,32.16777777777776,35.46148148148148,2.2570370370370365,61.94925925925928,0.001866,0.001002,0.006689,15.26851851851854,0
759,2024-01-04 08:55:32+00:00,2024-01-04 08:55:32+00:00,204.68551724137936,0.2334482758620689,47.54931034482758,221.9493103448276,32.1755172413793,35.434827586206886,2.190689655172414,61.916206896551714,0.001864,0.001054,0.006581,15.373793103448278,0
760,2024-01-04 08:55:33+00:00,2024-01-04 08:55:33+00:00,200.67115384615389,0.2273076923076923,47.61461538461538,217.69230769230765,32.18961538461541,35.43192307692307,2.1330769230769224,62.51615384615384,0.001839,0.001032,0.006458,15.424999999999976,0
761,2024-01-04 08:55:34+00:00,2024-01-04 08:55:34+00:00,197.81925925925927,0.2211111111111111,47.561481481481465,215.0555555555556,32.21148148148149,35.34,2.0877777777777786,62.41037037037037,0.001828,0.001056,0.006366,15.349999999999971,0
762,2024-01-04 08:55:36+00:00,2024-01-04 08:55:36+00:00,191.0237037037037,0.2125925925925926,47.66222222222223,206.99148148148143,32.20407407407409,35.32814814814815,1.9870370370370365,62.38703703703703,0.001781,0.001049,0.006236,15.458148148148132,0
763,2024-01-04 08:55:37+00:00,2024-01-04 08:55:37+00:00,188.15076923076916,0.2223076923076923,47.64692307692308,203.15769230769232,32.20615384615385,35.26769230769231,1.940769230769231,62.83692307692308,0.001748,0.00101,0.006136,15.440769230769227,0
764,2024-01-04 08:55:38+00:00,2024-01-04 08:55:38+00:00,183.9992592592593,0.2181481481481481,47.69259259259261,198.92592592592595,32.21777777777778,35.2277777777778,1.879629629629629,62.62592592592591,0.001729,0.001075,0.005986,15.474814814814827,0
765,2024-01-04 08:55:39+00:00,2024-01-04 08:55:39+00:00,179.04892857142858,0.2107142857142858,47.65214285714286,194.4475,32.24107142857143,35.160714285714285,1.8325,62.882142857142846,0.001649,0.000996,0.005792,15.411071428571432,0
766,2024-01-04 08:55:41+00:00,2024-01-04 08:55:41+00:00,170.74896551724143,0.2062068965517242,47.727241379310335,185.36586206896555,32.25137931034483,35.10724137931033,1.745862068965517,63.070689655172416,0.001641,0.001014,0.005724,15.475862068965505,0
767,2024-01-04 08:55:42+00:00,2024-01-04 08:55:42+00:00,166.49359999999993,0.2092,47.68400000000001,180.20720000000009,32.26399999999999,35.055200000000006,1.6892000000000005,63.334,0.001586,0.00104,0.005506,15.420000000000025,0
768,2024-01-04 08:55:43+00:00,2024-01-04 08:55:43+00:00,161.45444444444445,0.2022222222222222,47.71259259259259,175.9737037037037,32.273333333333326,35.01999999999999,1.6418518518518517,63.31592592592594,0.001483,0.000992,0.005232,15.439259259259266,0
769,2024-01-04 08:55:45+00:00,2024-01-04 08:55:45+00:00,151.9940740740741,0.2114814814814814,47.65037037037036,165.93296296296296,32.283333333333324,34.843333333333334,1.534814814814815,63.54296296296296,0.001428,0.000989,0.005074,15.367037037037036,0
770,2024-01-04 08:55:46+00:00,2024-01-04 08:55:46+00:00,146.83241379310343,0.1996551724137931,47.65862068965518,160.35,32.284137931034465,34.83724137931035,1.485172413793104,63.59724137931034,0.001408,0.000986,0.004899,15.374482758620715,0
771,2024-01-04 08:55:47+00:00,2024-01-04 08:55:47+00:00,141.3634482758621,0.2062068965517242,47.63724137931034,154.66000000000008,32.29931034482757,34.73413793103448,1.4320689655172405,63.63241379310347,0.001299,0.000942,0.004619,15.337931034482772,0
772,2024-01-04 08:55:49+00:00,2024-01-04 08:55:49+00:00,131.44206896551722,0.1999999999999999,47.62241379310347,144.78344827586204,32.32344827586206,34.67068965517242,1.3362068965517244,63.85793103448277,0.00134,0.001001,0.004605,15.298965517241406,0
773,2024-01-04 08:55:50+00:00,2024-01-04 08:55:50+00:00,125.985,0.1926923076923077,47.58423076923077,138.5846153846154,32.320384615384626,34.60807692307692,1.285,63.85346153846152,0.001342,0.000967,0.004625,15.263846153846146,0
774,2024-01-04 08:55:51+00:00,2024-01-04 08:55:51+00:00,121.0225,0.1978571428571429,47.52821428571429,133.9360714285714,32.325714285714305,34.504999999999995,1.2399999999999998,64.32785714285716,0.00135,0.000979,0.00459,15.20249999999998,0
775,2024-01-04 08:55:53+00:00,2024-01-04 08:55:53+00:00,111.0589285714286,0.1964285714285715,47.46642857142858,122.88142857142854,32.36821428571428,34.39964285714285,1.1492857142857142,64.30250000000002,0.00132,0.00096,0.0045,15.0982142857143,0
776,2024-01-04 08:55:54+00:00,2024-01-04 08:55:54+00:00,105.23740740740742,0.2074074074074075,47.38962962962962,117.50518518518518,32.38814814814814,34.30962962962963,1.0907407407407403,64.26703703703706,0.001298,0.000963,0.004431,15.001481481481475,0
777,2024-01-04 08:55:55+00:00,2024-01-04 08:55:55+00:00,100.8976666666666,0.1883333333333333,47.36033333333333,112.05133333333336,32.379666666666665,34.23500000000001,1.0450000000000004,64.39399999999998,0.001289,0.000937,0.004357,14.980666666666664,0
778,2024-01-04 08:55:57+00:00,2024-01-04 08:55:57+00:00,90.19096774193548,0.19,47.30580645161289,100.46612903225804,32.37806451612903,34.115161290322575,0.938709677419355,64.69193548387095,0.001268,0.000969,0.004245,14.92774193548386,0
779,2024-01-04 08:55:58+00:00,2024-01-04 08:55:58+00:00,84.44275862068963,0.1851724137931034,47.208965517241374,95.21206896551725,32.37344827586207,34.016896551724145,0.884137931034483,65.00172413793102,0.00123,0.000906,0.004069,14.835517241379309,0
780,2024-01-04 08:55:59+00:00,2024-01-04 08:55:59+00:00,80.36958333333335,0.1854166666666667,47.21291666666667,90.03458333333334,32.37541666666667,33.95749999999999,0.8312499999999999,64.88291666666667,0.001159,0.000896,0.003867,14.8375,0
781,2024-01-04 08:56:00+00:00,2024-01-04 08:56:00+00:00,75.56185185185186,0.1844444444444444,47.14481481481481,85.47444444444443,32.38185185185185,33.91222222222222,0.7796296296296297,64.94703703703703,0.001154,0.000867,0.003817,14.76296296296296,0
782,2024-01-04 08:56:02+00:00,2024-01-04 08:56:02+00:00,66.29066666666664,0.1779999999999999,47.03999999999998,75.26799999999999,32.40166666666666,33.75933333333333,0.6769999999999998,65.30466666666668,0.00117,0.000861,0.003761,14.63833333333332,0
783,2024-01-04 08:56:03+00:00,2024-01-04 08:56:03+00:00,61.30555555555557,0.1707407407407407,47.00259259259257,70.44814814814815,32.39962962962962,33.70777777777778,0.6170370370370369,65.06259259259258,0.001063,0.000851,0.003513,14.602962962962948,0
784,2024-01-04 08:56:04+00:00,2024-01-04 08:56:04+00:00,57.47888888888887,0.1718518518518519,46.96962962962963,66.96111111111112,32.403333333333315,33.68222222222222,0.2933333333333333,65.10074074074076,0.001067,0.000789,0.003442,14.566296296296317,0
785,2024-01-04 08:56:06+00:00,2024-01-04 08:56:06+00:00,50.08214285714285,0.1757142857142857,46.83714285714286,58.20821428571429,32.4042857142857,33.520357142857144,-0.0371428571428571,65.33107142857145,0.001043,0.000793,0.003362,14.43285714285716,0
786,2024-01-04 08:56:07+00:00,2024-01-04 08:56:07+00:00,45.49035714285715,0.1642857142857143,46.79500000000001,53.505,32.3992857142857,33.49285714285714,-0.0371428571428571,65.36464285714287,0.000993,0.000773,0.003183,14.395714285714304,0
787,2024-01-04 08:56:08+00:00,2024-01-04 08:56:08+00:00,42.96307692307692,0.1711538461538461,46.743461538461546,51.09346153846153,32.41538461538461,33.416538461538465,-0.04,65.4923076923077,0.000977,0.000768,0.003132,14.328076923076935,0
788,2024-01-04 08:56:10+00:00,2024-01-04 08:56:10+00:00,36.871481481481474,0.1666666666666667,46.68592592592594,43.798518518518506,32.43703703703703,33.36925925925926,-0.0351851851851851,65.61481481481478,0.001054,0.000744,0.002988,14.248888888888914,0
789,2024-01-04 08:56:11+00:00,2024-01-04 08:56:11+00:00,33.62310344827587,0.1620689655172413,46.58172413793101,40.28965517241379,32.44724137931035,33.27896551724139,-0.0355172413793103,65.54517241379311,0.001005,0.00082,0.002972,14.134482758620663,0
790,2024-01-04 08:56:12+00:00,2024-01-04 08:56:12+00:00,31.601999999999997,0.1673333333333334,46.48766666666668,38.22966666666667,32.44866666666668,33.229,-0.039,65.73733333333332,0.000963,0.000732,0.0029,14.038999999999994,0
791,2024-01-04 08:56:14+00:00,2024-01-04 08:56:14+00:00,26.39433333333333,0.1653333333333334,46.41333333333333,33.56366666666665,32.45700000000001,33.21033333333333,-0.036,65.97733333333333,0.001465,0.001423,0.002844,13.956333333333326,0
792,2024-01-04 08:56:15+00:00,2024-01-04 08:56:15+00:00,24.85642857142857,0.1599999999999999,46.33214285714285,31.39428571428572,32.461428571428584,33.16571428571428,-0.0389285714285714,65.94857142857144,0.001081,0.000951,0.002799,13.870714285714264,0
793,2024-01-04 08:56:16+00:00,2024-01-04 08:56:16+00:00,23.102400000000006,0.1636,46.33439999999999,29.07,32.4848,33.178000000000004,-0.04,66.058,0.000946,0.000749,0.002739,13.849599999999988,0
794,2024-01-04 08:56:17+00:00,2024-01-04 08:56:17+00:00,22.155769230769238,0.1703846153846153,46.28230769230769,27.91576923076923,32.48576923076924,33.14807692307693,-0.0392307692307692,65.97153846153847,0.000973,0.000754,0.002653,13.796538461538454,0
795,2024-01-04 08:56:19+00:00,2024-01-04 08:56:19+00:00,20.125185185185188,0.1629629629629629,46.19000000000001,25.51148148148148,32.50999999999999,33.111111111111114,-0.04,65.98111111111112,0.000909,0.000838,0.002678,13.68000000000002,0
796,2024-01-04 08:56:20+00:00,2024-01-04 08:56:20+00:00,20.25500000000001,0.1606666666666667,46.09033333333333,25.529000000000003,32.53733333333332,33.05766666666667,-0.039,65.87033333333333,0.000932,0.000836,0.002609,13.553000000000004,0
797,2024-01-04 08:56:21+00:00,2024-01-04 08:56:21+00:00,19.882500000000004,0.1612499999999999,46.07291666666666,25.177916666666658,32.54374999999998,33.12708333333333,-0.04,65.73208333333334,0.000915,0.00084,0.002649,13.529166666666685,0
798,2024-01-04 08:56:23+00:00,2024-01-04 08:56:23+00:00,19.699285714285715,0.1503571428571428,46.04,25.272142857142853,32.59142857142859,33.10928571428572,-0.0389285714285714,65.83607142857143,0.000948,0.000882,0.002677,13.448571428571412,0
799,2024-01-04 08:56:24+00:00,2024-01-04 08:56:24+00:00,19.927407407407404,0.1674074074074074,45.96925925925928,25.655555555555548,32.58296296296299,33.08666666666667,-0.0403703703703703,66.05555555555557,0.000954,0.000854,0.002617,13.386296296296294,0
800,2024-01-04 08:56:25+00:00,2024-01-04 08:56:25+00:00,21.1425,0.1657142857142857,45.97821428571428,26.754999999999992,32.5882142857143,33.14678571428572,-0.04,66.07535714285716,0.000891,0.000792,0.002708,13.38999999999998,0
801,2024-01-04 08:56:27+00:00,2024-01-04 08:56:27+00:00,23.75148148148148,0.1674074074074074,45.92666666666669,29.90962962962963,32.61518518518519,33.150000000000006,-0.0366666666666666,66.0022222222222,0.000912,0.000737,0.002831,13.311481481481492,0
802,2024-01-04 08:56:28+00:00,2024-01-04 08:56:28+00:00,25.928888888888896,0.1703703703703704,45.918888888888894,31.95777777777777,32.62444444444444,33.18777777777779,-0.0392592592592592,65.60925925925928,0.000926,0.000723,0.00285,13.294444444444451,0
803,2024-01-04 08:56:29+00:00,2024-01-04 08:56:29+00:00,27.94535714285715,0.1707142857142858,45.924642857142864,33.488571428571426,32.63357142857142,33.20964285714287,-0.0375,65.78642857142857,0.000961,0.000758,0.002843,13.291071428571442,0
804,2024-01-04 08:56:31+00:00,2024-01-04 08:56:31+00:00,31.96172413793104,0.1634482758620689,45.91275862068967,38.23137931034482,32.66689655172413,33.2806896551724,-0.0375862068965517,65.94793103448276,0.000957,0.000759,0.002915,13.245862068965543,0
805,2024-01-04 08:56:32+00:00,2024-01-04 08:56:32+00:00,35.10370370370371,0.1644444444444444,45.87925925925925,40.98111111111111,32.673333333333325,33.327777777777776,-0.0388888888888888,65.54740740740742,0.000954,0.000761,0.00292,13.205925925925923,0
806,2024-01-04 08:56:33+00:00,2024-01-04 08:56:33+00:00,37.31999999999999,0.1703571428571428,45.919285714285714,43.9825,32.693928571428586,33.393214285714286,-0.0375,65.57785714285716,0.001092,0.000761,0.003074,13.225357142857128,0
807,2024-01-04 08:56:35+00:00,2024-01-04 08:56:35+00:00,44.265357142857134,0.1753571428571428,45.91928571428572,50.8,32.701071428571446,33.45,-0.0375,65.55142857142856,0.001035,0.000769,0.003122,13.218214285714277,0
808,2024-01-04 08:56:36+00:00,2024-01-04 08:56:36+00:00,47.79862068965517,0.1720689655172413,45.89241379310344,54.40896551724139,32.69724137931035,33.51482758620689,-0.04,65.35586206896551,0.001021,0.000818,0.00325,13.195172413793095,0
809,2024-01-04 08:56:37+00:00,2024-01-04 08:56:37+00:00,50.82821428571429,0.1660714285714286,45.86785714285715,57.57357142857142,32.70785714285715,33.49642857142857,-0.0371428571428571,65.24750000000002,0.001144,0.000841,0.003312,13.159999999999997,0
810,2024-01-04 08:56:38+00:00,2024-01-04 08:56:38+00:00,55.487857142857145,0.1742857142857142,45.91964285714285,62.56357142857145,32.701428571428586,33.57749999999999,-0.0325,65.17499999999998,0.001084,0.0008,0.0035,13.21821428571426,0
811,2024-01-04 08:56:40+00:00,2024-01-04 08:56:40+00:00,64.16111111111111,0.1677777777777778,45.9551851851852,71.31666666666666,32.7088888888889,33.69407407407407,0.4948148148148149,65.00740740740743,0.001123,0.000824,0.00355,13.246296296296292,0
812,2024-01-04 08:56:41+00:00,2024-01-04 08:56:41+00:00,68.30500000000002,0.17875,45.93625,76.40083333333334,32.71791666666667,33.74916666666668,0.6562499999999999,65.07958333333335,0.001218,0.00084,0.00381,13.218333333333334,0
813,2024-01-04 08:56:42+00:00,2024-01-04 08:56:42+00:00,72.37599999999999,0.1872,45.90240000000003,80.93159999999997,32.717600000000004,33.78360000000001,0.7048000000000001,65.3,0.001181,0.000831,0.003865,13.184800000000024,0
814,2024-01-04 08:56:44+00:00,2024-01-04 08:56:44+00:00,81.82642857142856,0.1853571428571429,45.92357142857143,91.08642857142856,32.745357142857145,33.93428571428569,0.8014285714285714,64.65642857142856,0.001196,0.000843,0.003923,13.178214285714285,0
815,2024-01-04 08:56:45+00:00,2024-01-04 08:56:45+00:00,87.73892857142857,0.1960714285714286,45.94928571428573,97.08535714285712,32.74892857142858,34.003571428571426,0.85,64.66714285714286,0.001266,0.000872,0.004157,13.20035714285715,0
816,2024-01-04 08:56:46+00:00,2024-01-04 08:56:46+00:00,91.77920000000002,0.1767999999999999,45.94759999999999,101.0684,32.749599999999994,34.06280000000001,0.9000000000000002,64.658,0.001327,0.000925,0.004326,13.197999999999992,0
817,2024-01-04 08:56:48+00:00,2024-01-04 08:56:48+00:00,102.01428571428572,0.1907142857142857,45.93678571428571,112.37249999999996,32.76999999999999,34.25607142857142,1.0071428571428571,64.5107142857143,0.001341,0.000909,0.004406,13.166785714285725,0
818,2024-01-04 08:56:49+00:00,2024-01-04 08:56:49+00:00,106.81666666666668,0.187037037037037,45.96,117.5144444444444,32.76999999999999,34.344444444444456,1.051851851851852,63.976666666666674,0.001334,0.000931,0.004476,13.190000000000005,0
819,2024-01-04 08:56:50+00:00,2024-01-04 08:56:50+00:00,112.76037037037034,0.1977777777777778,45.97703703703702,123.65370370370368,32.79185185185184,34.446666666666665,1.102962962962963,64.09925925925927,0.001363,0.000957,0.004586,13.185185185185183,0
820,2024-01-04 08:56:52+00:00,2024-01-04 08:56:52+00:00,123.00806451612908,0.1935483870967741,46.02774193548386,133.85451612903225,32.80806451612901,34.57548387096773,1.199354838709677,63.79,0.001414,0.00095,0.004732,13.219677419354852,0
821,2024-01-04 08:56:53+00:00,2024-01-04 08:56:53+00:00,127.10821428571424,0.1953571428571428,46.036785714285706,138.86142857142855,32.80571428571428,34.65749999999999,1.2400000000000002,63.84357142857142,0.001414,0.000948,0.004784,13.231071428571424,0
822,2024-01-04 08:56:54+00:00,2024-01-04 08:56:54+00:00,133.05800000000002,0.1856,45.9876,144.19279999999998,32.81239999999998,34.706,1.2891999999999997,63.6212,0.001385,0.000936,0.004675,13.175200000000018,0
823,2024-01-04 08:56:55+00:00,2024-01-04 08:56:55+00:00,138.92862068965516,0.1941379310344828,46.04862068965515,150.16103448275865,32.81206896551726,34.77827586206897,1.3427586206896551,63.88068965517241,0.001447,0.000934,0.004755,13.23655172413789,0
824,2024-01-04 08:56:57+00:00,2024-01-04 08:56:57+00:00,149.18814814814814,0.2081481481481481,46.09111111111113,161.80518518518517,32.86925925925926,34.965185185185184,1.455185185185185,63.20703703703704,0.001496,0.000953,0.005057,13.221851851851874,0
825,2024-01-04 08:56:58+00:00,2024-01-04 08:56:58+00:00,152.83785714285713,0.2064285714285714,46.15071428571429,166.4385714285714,32.868571428571435,35.058214285714286,1.5039285714285715,63.18357142857145,0.001504,0.00097,0.00512,13.282142857142851,0
826,2024-01-04 08:56:59+00:00,2024-01-04 08:56:59+00:00,158.6496296296296,0.2074074074074074,46.20333333333335,171.47777777777776,32.86333333333334,35.11074074074074,1.5518518518518518,63.06444444444443,0.001579,0.000984,0.005423,13.34000000000001,0
827,2024-01-04 08:57:01+00:00,2024-01-04 08:57:01+00:00,167.37933333333334,0.1946666666666667,46.266,180.525,32.893333333333324,35.290333333333336,1.6579999999999997,62.97166666666665,0.001611,0.000981,0.005521,13.372666666666674,0
828,2024-01-04 08:57:02+00:00,2024-01-04 08:57:02+00:00,172.34148148148148,0.2177777777777777,46.313333333333325,185.83555555555557,32.90629629629628,35.36037037037036,1.712962962962962,63.22592592592592,0.001681,0.001013,0.005761,13.407037037037044,0
829,2024-01-04 08:57:03+00:00,2024-01-04 08:57:03+00:00,176.62750000000008,0.2082142857142856,46.33928571428573,190.0078571428571,32.90357142857142,35.44499999999999,1.771428571428571,62.87214285714284,0.001718,0.001006,0.005915,13.435714285714312,0
830,2024-01-04 08:57:05+00:00,2024-01-04 08:57:05+00:00,185.40730769230765,0.213076923076923,46.45653846153845,199.39846153846156,32.92076923076921,35.565769230769234,1.878461538461539,62.77500000000001,0.001752,0.001074,0.006053,13.53576923076924,0
831,2024-01-04 08:57:06+00:00,2024-01-04 08:57:06+00:00,188.24799999999996,0.2132,46.47840000000001,202.8408,32.926399999999994,35.638000000000005,1.9236000000000004,62.60880000000001,0.001787,0.001002,0.006192,13.552000000000014,0
832,2024-01-04 08:57:07+00:00,2024-01-04 08:57:07+00:00,191.78400000000005,0.2312,46.5172,208.03679999999997,32.96840000000001,35.657999999999994,1.9804000000000004,62.594,0.001839,0.001012,0.00633,13.548799999999993,0
833,2024-01-04 08:57:09+00:00,2024-01-04 08:57:09+00:00,199.3885185185185,0.2255555555555557,46.67259259259259,214.53148148148145,32.94888888888891,35.85,2.074814814814815,62.27518518518519,0.001786,0.000987,0.006369,13.723703703703684,0
834,2024-01-04 08:57:10+00:00,2024-01-04 08:57:10+00:00,201.22758620689652,0.2193103448275863,46.76068965517242,217.17931034482743,32.93793103448279,35.90379310344828,2.116896551724138,62.3148275862069,0.001853,0.001006,0.006508,13.822758620689632,0
835,2024-01-04 08:57:11+00:00,2024-01-04 08:57:11+00:00,204.65000000000003,0.2282142857142857,46.7792857142857,220.6060714285713,32.95678571428572,35.94107142857143,2.161785714285714,62.12857142857141,0.001861,0.001015,0.006634,13.822499999999977,0
836,2024-01-04 08:57:13+00:00,2024-01-04 08:57:13+00:00,208.9433333333333,0.2288888888888889,46.911111111111126,226.59037037037035,32.96074074074075,36.03518518518518,2.240370370370371,62.024444444444455,0.001907,0.001008,0.006749,13.950370370370372,0
837,2024-01-04 08:57:14+00:00,2024-01-04 08:57:14+00:00,211.06333333333325,0.2174074074074073,47.0025925925926,228.23481481481485,32.95555555555558,36.11962962962964,2.28,61.755185185185184,0.001954,0.001008,0.006855,14.047037037037022,0
838,2024-01-04 08:57:15+00:00,2024-01-04 08:57:15+00:00,213.28541666666663,0.2241666666666666,47.07500000000001,230.55458333333328,32.963333333333345,36.15708333333332,2.3145833333333337,61.99541666666666,0.001964,0.001002,0.006879,14.111666666666665,0
839,2024-01-04 08:57:16+00:00,2024-01-04 08:57:16+00:00,216.42500000000007,0.2261538461538461,47.13769230769232,232.67461538461535,32.97153846153848,36.2173076923077,2.353461538461539,61.76884615384616,0.001789,0.000985,0.005494,14.16615384615384,0
840,2024-01-04 08:57:22+00:00,2024-01-04 08:57:22+00:00,220.3207692307692,0.2315384615384615,47.60961538461541,236.0380769230769,32.98769230769232,36.4003846153846,2.4015384615384607,61.97346153846157,0.001993,0.001005,0.007081,14.621923076923087,0
841,2024-01-04 08:57:24+00:00,2024-01-04 08:57:24+00:00,218.63344827586212,0.2444827586206897,47.75517241379309,235.83482758620693,33.02241379310344,36.37655172413794,2.4000000000000004,61.91965517241381,0.001989,0.001011,0.007064,14.732758620689651,0
842,2024-01-04 08:57:26+00:00,2024-01-04 08:57:26+00:00,217.34039999999996,0.222,47.88360000000001,233.63200000000003,33.02479999999999,36.418,2.3808,61.94839999999999,0.001924,0.001008,0.006972,14.858800000000016,0
843,2024-01-04 08:57:27+00:00,2024-01-04 08:57:27+00:00,215.27392857142857,0.2175,47.98285714285716,231.615,33.045357142857135,36.45499999999999,2.3628571428571434,61.948571428571405,0.001891,0.001009,0.006904,14.93750000000002,0
844,2024-01-04 08:57:28+00:00,2024-01-04 08:57:28+00:00,213.15740740740733,0.23,47.97666666666668,230.55407407407404,33.04814814814813,36.40592592592592,2.3377777777777777,62.00666666666667,0.001883,0.001027,0.006838,14.928518518518551,0
845,2024-01-04 08:57:30+00:00,2024-01-04 08:57:30+00:00,208.47357142857132,0.2221428571428571,48.08535714285712,226.0292857142857,33.067142857142855,36.37535714285715,2.273571428571429,62.11678571428571,0.001865,0.000998,0.006754,15.018214285714263,0
846,2024-01-04 08:57:31+00:00,2024-01-04 08:57:31+00:00,206.7984,0.2176,48.1872,223.90920000000003,33.09600000000002,36.4092,2.2500000000000004,62.2212,0.001842,0.000987,0.006722,15.091199999999986,0
847,2024-01-04 08:57:32+00:00,2024-01-04 08:57:32+00:00,204.88333333333327,0.2214814814814815,48.23814814814817,221.38111111111104,33.10111111111112,36.38111111111111,2.2096296296296307,62.290000000000006,0.001837,0.001018,0.006637,15.137037037037048,0
848,2024-01-04 08:57:33+00:00,2024-01-04 08:57:33+00:00,202.2368,0.2232,48.308000000000014,218.13520000000003,33.09720000000001,36.3696,2.162,62.35280000000001,0.001804,0.001021,0.006495,15.210800000000006,0
849,2024-01-04 08:57:35+00:00,2024-01-04 08:57:35+00:00,194.66370370370373,0.2192592592592592,48.33296296296297,211.57999999999987,33.1311111111111,36.28444444444444,2.0677777777777786,62.553333333333335,0.00179,0.001012,0.006428,15.201851851851863,0
850,2024-01-04 08:57:36+00:00,2024-01-04 08:57:36+00:00,191.99629629629635,0.2251851851851852,48.30333333333332,207.3503703703704,33.13185185185185,36.25629629629629,2.02,62.78,0.001741,0.001012,0.006293,15.171481481481472,0
851,2024-01-04 08:57:37+00:00,2024-01-04 08:57:37+00:00,188.1596153846154,0.2123076923076924,48.332307692307694,203.20615384615388,33.140384615384605,36.232692307692304,1.961538461538462,62.35230769230772,0.001692,0.001001,0.006127,15.19192307692309,0
852,2024-01-04 08:57:39+00:00,2024-01-04 08:57:39+00:00,180.5485185185185,0.2188888888888888,48.35481481481484,195.3648148148149,33.16259259259258,36.12111111111111,1.8851851851851849,62.8162962962963,0.001614,0.000995,0.005938,15.192222222222256,0
853,2024-01-04 08:57:40+00:00,2024-01-04 08:57:40+00:00,175.8032,0.2136000000000001,48.36719999999998,190.6916,33.166,36.07359999999999,1.8284,62.91080000000001,0.00156,0.000982,0.005744,15.201199999999986,0
854,2024-01-04 08:57:41+00:00,2024-01-04 08:57:41+00:00,171.06607142857143,0.2192857142857143,48.38285714285716,186.5771428571429,33.16214285714283,36.01571428571428,1.7746428571428567,62.726428571428585,0.001499,0.000973,0.005538,15.220714285714324,0
855,2024-01-04 08:57:43+00:00,2024-01-04 08:57:43+00:00,162.0448387096774,0.1983870967741935,48.36935483870967,175.64645161290315,33.182258064516134,35.86999999999999,1.6687096774193544,63.50838709677421,0.001462,0.000974,0.005354,15.187096774193536,0
856,2024-01-04 08:57:44+00:00,2024-01-04 08:57:44+00:00,156.7,0.2010714285714286,48.38857142857143,171.07142857142858,33.18785714285717,35.85178571428572,1.6150000000000004,63.157500000000006,0.00147,0.000958,0.005248,15.200714285714264,0
857,2024-01-04 08:57:45+00:00,2024-01-04 08:57:45+00:00,153.8436,0.1976,48.35960000000002,166.30880000000002,33.1972,35.76719999999999,1.5596000000000003,63.38440000000001,0.00137,0.000961,0.005012,15.16240000000002,0
858,2024-01-04 08:57:47+00:00,2024-01-04 08:57:47+00:00,142.03884615384618,0.2046153846153846,48.268076923076926,155.4023076923077,33.204615384615394,35.66615384615384,1.4542307692307692,64.04884615384618,0.001359,0.000977,0.004899,15.063461538461532,0
859,2024-01-04 08:57:48+00:00,2024-01-04 08:57:48+00:00,137.1685185185185,0.1959259259259259,48.29,149.8896296296296,33.2162962962963,35.60962962962962,1.4133333333333336,63.73629629629632,0.001329,0.000939,0.004705,15.0737037037037,0
860,2024-01-04 08:57:49+00:00,2024-01-04 08:57:49+00:00,132.65133333333333,0.1896666666666667,48.28266666666664,144.8456666666666,33.228000000000016,35.55866666666667,1.3640000000000008,63.83533333333332,0.001345,0.000943,0.004702,15.054666666666629,0
861,2024-01-04 08:57:51+00:00,2024-01-04 08:57:51+00:00,121.77586206896554,0.1868965517241379,48.22758620689658,133.8931034482759,33.23517241379311,35.44275862068965,1.256551724137931,63.73413793103448,0.00132,0.000943,0.004616,14.992413793103474,0
862,2024-01-04 08:57:52+00:00,2024-01-04 08:57:52+00:00,116.82625,0.18375,48.16750000000001,128.56708333333327,33.258333333333326,35.319583333333334,1.2145833333333336,64.09291666666665,0.0013,0.000945,0.004516,14.909166666666684,0
863,2024-01-04 08:57:53+00:00,2024-01-04 08:57:53+00:00,111.31407407407411,0.1792592592592592,48.12777777777775,123.03259259259254,33.25222222222222,35.29333333333334,1.1644444444444442,64.22111111111111,0.001297,0.000956,0.00451,14.875555555555527,0
864,2024-01-04 08:57:54+00:00,2024-01-04 08:57:54+00:00,106.19961538461536,0.1830769230769231,48.09269230769231,117.225,33.255384615384614,35.21269230769231,1.1138461538461542,64.05692307692307,0.001302,0.00097,0.004479,14.837307692307697,0
865,2024-01-04 08:57:56+00:00,2024-01-04 08:57:56+00:00,95.65,0.1846428571428571,48.0125,106.92285714285713,33.252857142857145,35.07500000000002,1.0214285714285718,64.6489285714286,0.001277,0.000936,0.004362,14.759642857142858,0
866,2024-01-04 08:57:57+00:00,2024-01-04 08:57:57+00:00,90.3034482758621,0.1775862068965518,47.98241379310343,100.84827586206896,33.26517241379309,35.00758620689656,0.96,64.8296551724138,0.001299,0.000929,0.004271,14.717241379310344,0
867,2024-01-04 08:57:58+00:00,2024-01-04 08:57:58+00:00,86.38740740740742,0.1807407407407408,47.90777777777779,95.8737037037037,33.27259259259259,34.92555555555556,0.904074074074074,64.82,0.001197,0.000894,0.004129,14.6351851851852,0
868,2024-01-04 08:58:00+00:00,2024-01-04 08:58:00+00:00,75.35827586206895,0.18,47.82310344827585,85.7537931034483,33.292068965517224,34.80517241379311,0.8065517241379311,64.87620689655172,0.001149,0.000861,0.003915,14.531034482758628,0
869,2024-01-04 08:58:01+00:00,2024-01-04 08:58:01+00:00,71.87379310344826,0.1741379310344827,47.77724137931035,80.81827586206899,33.31379310344828,34.74172413793103,0.7548275862068965,65.11413793103448,0.001146,0.000846,0.003814,14.46344827586207,0
870,2024-01-04 08:58:02+00:00,2024-01-04 08:58:02+00:00,67.6872,0.1764,47.70519999999998,76.24680000000001,33.2952,34.71279999999999,0.7048000000000002,65.18,0.001197,0.000852,0.003793,14.409999999999975,0
871,2024-01-04 08:58:04+00:00,2024-01-04 08:58:04+00:00,58.17655172413794,0.176551724137931,47.60793103448276,66.98689655172412,33.3341379310345,34.60758620689655,0.3944827586206896,65.57827586206896,0.001103,0.000826,0.003645,14.273793103448265,0
872,2024-01-04 08:58:05+00:00,2024-01-04 08:58:05+00:00,53.92038461538462,0.1773076923076922,47.56576923076921,62.86269230769229,33.34500000000001,34.50000000000001,0.0003846153846153,65.3546153846154,0.001019,0.000791,0.0034,14.2207692307692,0
873,2024-01-04 08:58:06+00:00,2024-01-04 08:58:06+00:00,50.35678571428572,0.1778571428571429,47.47250000000002,58.58964285714286,33.33928571428573,34.467499999999994,-0.04,65.5275,0.001032,0.000771,0.003402,14.133214285714288,0
874,2024-01-04 08:58:08+00:00,2024-01-04 08:58:08+00:00,43.682307692307695,0.1723076923076923,47.37038461538461,50.73576923076923,33.365,34.36076923076922,-0.0346153846153846,65.55846153846153,0.000974,0.000767,0.003221,14.005384615384608,0
875,2024-01-04 08:58:09+00:00,2024-01-04 08:58:09+00:00,40.56517241379309,0.1634482758620689,47.35689655172414,47.25551724137932,33.37379310344828,34.39586206896553,-0.04,65.63965517241381,0.001019,0.000746,0.003132,13.983103448275862,0
876,2024-01-04 08:58:10+00:00,2024-01-04 08:58:10+00:00,37.59758620689656,0.1741379310344827,47.27137931034481,44.45344827586207,33.382413793103446,34.2641379310345,-0.04,65.55827586206897,0.000975,0.00082,0.003028,13.888965517241369,0
877,2024-01-04 08:58:12+00:00,2024-01-04 08:58:12+00:00,31.70653846153846,0.1746153846153846,47.19846153846152,38.72692307692309,33.398846153846144,34.231153846153845,-0.0392307692307692,65.78807692307694,0.000923,0.000727,0.002972,13.79961538461538,0
878,2024-01-04 08:58:13+00:00,2024-01-04 08:58:13+00:00,29.553200000000007,0.1631999999999999,47.13839999999999,35.6816,33.41719999999999,34.171200000000006,-0.0396,65.8656,0.000902,0.000763,0.002873,13.721200000000003,0
879,2024-01-04 08:58:14+00:00,2024-01-04 08:58:14+00:00,27.207096774193563,0.1838709677419354,47.08645161290321,34.19677419354839,33.41483870967741,34.1383870967742,-0.04,66.03129032258066,0.000956,0.000797,0.002853,13.6716129032258,0
880,2024-01-04 08:58:15+00:00,2024-01-04 08:58:15+00:00,25.206296296296298,0.1737037037037036,47.00444444444447,31.685185185185198,33.40999999999998,34.098888888888894,-0.04,66.15222222222224,0.000889,0.00077,0.002767,13.594444444444484,0
881,2024-01-04 08:58:17+00:00,2024-01-04 08:58:17+00:00,22.84846153846153,0.1788461538461538,46.896923076923095,29.05,33.448076923076925,34.02038461538462,-0.04,66.29153846153844,0.000937,0.000794,0.002817,13.44884615384617,0
882,2024-01-04 08:58:18+00:00,2024-01-04 08:58:18+00:00,21.032857142857143,0.17,46.89142857142857,27.038571428571437,33.44178571428571,34.069285714285705,-0.04,65.96964285714286,0.000906,0.000767,0.002719,13.449642857142862,0
883,2024-01-04 08:58:19+00:00,2024-01-04 08:58:19+00:00,20.47892857142857,0.1542857142857143,46.858571428571416,26.50892857142856,33.429285714285705,34.10107142857144,-0.04,66.09142857142857,0.000908,0.000823,0.002686,13.429285714285712,0
884,2024-01-04 08:58:21+00:00,2024-01-04 08:58:21+00:00,19.78916666666667,0.1770833333333333,46.73291666666668,25.545833333333324,33.47041666666667,34.01333333333333,-0.0404166666666666,65.88583333333332,0.001012,0.000897,0.002767,13.262500000000005,0
885,2024-01-04 08:58:22+00:00,2024-01-04 08:58:22+00:00,19.550357142857145,0.1610714285714286,46.678928571428585,26.13821428571429,33.469285714285725,33.971428571428575,-0.04,66.075,0.000943,0.000808,0.002697,13.20964285714286,0
886,2024-01-04 08:58:23+00:00,2024-01-04 08:58:23+00:00,19.44407407407407,0.157037037037037,46.662962962962986,25.908888888888896,33.48037037037039,33.970000000000006,-0.04,66.18666666666668,0.001134,0.001114,0.00275,13.1825925925926,0
887,2024-01-04 08:58:25+00:00,2024-01-04 08:58:25+00:00,22.56827586206896,0.1737931034482759,46.57724137931033,27.669655172413783,33.50655172413793,34.01379310344827,-0.0406896551724138,65.92172413793102,0.000961,0.000797,0.002771,13.0706896551724,0
888,2024-01-04 08:58:26+00:00,2024-01-04 08:58:26+00:00,22.022962962962968,0.1681481481481481,46.58074074074073,27.896296296296292,33.50444444444444,34.03888888888889,-0.0407407407407407,65.86000000000001,0.000881,0.000764,0.002748,13.076296296296292,0
889,2024-01-04 08:58:27+00:00,2024-01-04 08:58:27+00:00,24.00678571428572,0.1571428571428572,46.54571428571428,30.096785714285712,33.50642857142857,34.032500000000006,-0.04,65.48285714285716,0.000987,0.000762,0.002912,13.039285714285704,0
890,2024-01-04 08:58:29+00:00,2024-01-04 08:58:29+00:00,27.565384615384616,0.16,46.57115384615384,33.379615384615384,33.532692307692294,34.10076923076924,-0.04,65.87115384615383,0.000911,0.000748,0.002919,13.038461538461547,0
891,2024-01-04 08:58:30+00:00,2024-01-04 08:58:30+00:00,29.685,0.1553846153846154,46.560769230769225,34.85269230769231,33.53307692307691,34.14153846153846,-0.04,65.55884615384618,0.000934,0.000831,0.002931,13.027692307692313,0
892,2024-01-04 08:58:31+00:00,2024-01-04 08:58:31+00:00,31.56777777777777,0.1703703703703704,46.5548148148148,37.8025925925926,33.53037037037037,34.16222222222221,-0.04,65.73592592592593,0.000957,0.000755,0.002969,13.024444444444434,0
893,2024-01-04 08:58:32+00:00,2024-01-04 08:58:32+00:00,34.534400000000005,0.1648,46.526,40.890800000000006,33.53159999999998,34.20559999999999,-0.04,65.68799999999999,0.00095,0.000753,0.003021,12.994400000000011,0
894,2024-01-04 08:58:34+00:00,2024-01-04 08:58:34+00:00,40.34120000000001,0.1776,46.53959999999999,47.2136,33.569200000000016,34.2488,-0.04,65.38920000000002,0.00105,0.000769,0.003159,12.970399999999977,0
895,2024-01-04 08:58:35+00:00,2024-01-04 08:58:35+00:00,43.82299999999999,0.1693333333333332,46.52866666666667,50.66366666666666,33.581666666666685,34.29566666666666,-0.04,65.67899999999997,0.001015,0.000765,0.00322,12.946999999999989,0
896,2024-01-04 08:58:36+00:00,2024-01-04 08:58:36+00:00,46.89928571428572,0.1692857142857142,46.52321428571428,53.558928571428574,33.5907142857143,34.332857142857144,-0.04,65.42250000000001,0.001068,0.000758,0.003302,12.932499999999983,0
897,2024-01-04 08:58:38+00:00,2024-01-04 08:58:38+00:00,54.50923076923079,0.1715384615384616,46.55923076923076,61.48884615384615,33.58269230769232,34.471538461538465,-0.0369230769230769,65.22576923076925,0.001098,0.000887,0.003482,12.97653846153844,0
898,2024-01-04 08:58:39+00:00,2024-01-04 08:58:39+00:00,58.4890322580645,0.1770967741935483,46.4974193548387,66.22870967741937,33.604838709677416,34.47516129032258,0.0764516129032258,65.1641935483871,0.001113,0.000828,0.003505,12.89258064516128,0
899,2024-01-04 08:58:40+00:00,2024-01-04 08:58:40+00:00,63.13166666666667,0.1766666666666667,46.48333333333333,70.87733333333335,33.61733333333334,34.553000000000004,0.4640000000000002,64.82366666666665,0.001158,0.000832,0.003752,12.865999999999984,0
900,2024-01-04 08:58:42+00:00,2024-01-04 08:58:42+00:00,72.25499999999998,0.1742307692307692,46.53769230769229,79.92961538461537,33.610384615384625,34.704615384615394,0.707692307692308,65.125,0.001179,0.000856,0.00388,12.927307692307664,0
901,2024-01-04 08:58:43+00:00,2024-01-04 08:58:43+00:00,76.26384615384617,0.1915384615384615,46.59807692307694,85.16961538461538,33.615,34.768846153846155,0.7550000000000001,64.69538461538463,0.001182,0.000854,0.003911,12.983076923076936,0
902,2024-01-04 08:58:44+00:00,2024-01-04 08:58:44+00:00,80.87142857142855,0.1660714285714285,46.56678571428571,89.40857142857142,33.642142857142844,34.82178571428572,0.8025,64.67321428571428,0.001256,0.000888,0.004101,12.924642857142864,0
903,2024-01-04 08:58:46+00:00,2024-01-04 08:58:46+00:00,91.30193548387096,0.1809677419354838,46.578387096774165,100.50000000000004,33.6516129032258,34.96903225806453,0.9103225806451616,64.5506451612903,0.001333,0.000907,0.004295,12.926774193548368,0
904,2024-01-04 08:58:47+00:00,2024-01-04 08:58:47+00:00,96.48807692307692,0.1773076923076923,46.566153846153846,105.28692307692306,33.65653846153845,35.057307692307695,0.9634615384615384,64.32692307692308,0.001352,0.00092,0.004474,12.909615384615392,0
905,2024-01-04 08:58:48+00:00,2024-01-04 08:58:48+00:00,101.09370370370372,0.1896296296296295,46.60518518518517,111.03592592592594,33.66185185185184,35.10814814814815,1.0196296296296292,64.38185185185186,0.001386,0.000932,0.004571,12.943333333333328,0
906,2024-01-04 08:58:50+00:00,2024-01-04 08:58:50+00:00,110.73607142857144,0.1707142857142858,46.56964285714285,121.17142857142856,33.66642857142857,35.26964285714284,1.099642857142857,63.89321428571428,0.001445,0.001006,0.004686,12.903214285714284,0
907,2024-01-04 08:58:51+00:00,2024-01-04 08:58:51+00:00,116.39103448275864,0.1886206896551725,46.61862068965516,127.81793103448275,33.67793103448275,35.34172413793103,1.1637931034482758,64.00034482758622,0.001448,0.000957,0.004797,12.940689655172411,0
908,2024-01-04 08:58:52+00:00,2024-01-04 08:58:52+00:00,121.16759999999998,0.1967999999999999,46.6544,133.5996,33.67999999999998,35.40399999999999,1.2063999999999997,63.9688,0.001486,0.000969,0.004851,12.974400000000024,0
909,2024-01-04 08:58:53+00:00,2024-01-04 08:58:53+00:00,126.89153846153846,0.1903846153846154,46.6476923076923,139.2819230769231,33.677692307692304,35.53615384615384,1.263076923076923,63.67961538461538,0.001428,0.000981,0.004786,12.97,0
910,2024-01-04 08:58:55+00:00,2024-01-04 08:58:55+00:00,136.97703703703706,0.1974074074074074,46.68740740740741,149.41962962962964,33.70851851851854,35.689259259259266,1.3548148148148154,63.735185185185166,0.001455,0.000956,0.004836,12.978888888888877,0
911,2024-01-04 08:58:56+00:00,2024-01-04 08:58:56+00:00,143.4951851851852,0.205925925925926,46.75481481481479,154.7614814814815,33.744814814814816,35.76296296296296,1.4085185185185194,63.63629629629632,0.001556,0.000965,0.005126,13.009999999999977,0
912,2024-01-04 08:58:57+00:00,2024-01-04 08:58:57+00:00,146.85566666666665,0.2033333333333333,46.755,159.86400000000003,33.75266666666666,35.82033333333332,1.4539999999999993,63.57633333333334,0.001517,0.000944,0.00513,13.002333333333333,0
913,2024-01-04 08:58:59+00:00,2024-01-04 08:58:59+00:00,157.18499999999997,0.1908333333333333,46.85166666666666,170.22166666666666,33.7625,36.02708333333332,1.5612500000000002,62.95291666666668,0.00157,0.000969,0.005386,13.089166666666664,0
914,2024-01-04 08:59:00+00:00,2024-01-04 08:59:00+00:00,162.659,0.2113333333333333,46.85366666666669,176.01066666666665,33.77566666666665,36.08566666666666,1.6196666666666666,62.82133333333332,0.00155,0.000984,0.005449,13.078000000000038,0
915,2024-01-04 08:59:01+00:00,2024-01-04 08:59:01+00:00,166.10777777777767,0.2196296296296296,46.90925925925927,180.5692592592592,33.792222222222215,36.17222222222223,1.675555555555556,63.13148148148148,0.001622,0.000989,0.005705,13.117037037037058,0
916,2024-01-04 08:59:03+00:00,2024-01-04 08:59:03+00:00,176.0076666666666,0.2156666666666667,46.94000000000001,189.6596666666667,33.78799999999999,36.31633333333334,1.786333333333334,62.71733333333331,0.001642,0.000981,0.005805,13.152000000000022,0
917,2024-01-04 08:59:04+00:00,2024-01-04 08:59:04+00:00,178.98037037037037,0.2211111111111112,47.04074074074073,194.23777777777775,33.786296296296285,36.39333333333333,1.8407407407407408,62.84592592592593,0.001703,0.000977,0.006004,13.254444444444443,0
918,2024-01-04 08:59:05+00:00,2024-01-04 08:59:05+00:00,183.99275862068973,0.2172413793103448,47.08482758620688,198.54620689655167,33.80620689655174,36.48310344827586,1.8989655172413784,62.86482758620689,0.00176,0.001005,0.00617,13.278620689655137,0
919,2024-01-04 08:59:07+00:00,2024-01-04 08:59:07+00:00,191.49500000000003,0.2203571428571429,47.23142857142857,207.22642857142856,33.814642857142864,36.625714285714274,2.016071428571429,62.67321428571429,0.001816,0.001033,0.006324,13.416785714285709,0
920,2024-01-04 08:59:08+00:00,2024-01-04 08:59:08+00:00,195.82357142857143,0.2225,47.26285714285713,210.69928571428576,33.80821428571428,36.66857142857142,2.057500000000001,62.32857142857144,0.001865,0.001002,0.006476,13.45464285714285,0
921,2024-01-04 08:59:09+00:00,2024-01-04 08:59:09+00:00,197.7533333333333,0.2096666666666666,47.33033333333332,213.39033333333336,33.82966666666668,36.75099999999998,2.091333333333333,62.197333333333326,0.001932,0.001029,0.006611,13.50066666666664,0
922,2024-01-04 08:59:10+00:00,2024-01-04 08:59:10+00:00,201.81500000000003,0.2203333333333334,47.37966666666669,216.68633333333327,33.84033333333335,36.80399999999999,2.151,62.11933333333332,0.001941,0.001012,0.006733,13.53933333333334,0
923,2024-01-04 08:59:12+00:00,2024-01-04 08:59:12+00:00,207.09800000000004,0.222,47.531666666666666,222.79766666666671,33.83833333333335,36.91466666666667,2.230000000000001,61.76999999999999,0.001957,0.001028,0.006804,13.693333333333314,0
924,2024-01-04 08:59:13+00:00,2024-01-04 08:59:13+00:00,209.1074074074074,0.2333333333333334,47.59222222222224,226.00333333333333,33.862592592592605,36.9811111111111,2.271851851851852,62.11925925925927,0.001932,0.001039,0.006831,13.729629629629637,0
925,2024-01-04 08:59:14+00:00,2024-01-04 08:59:14+00:00,211.57068965517243,0.2241379310344828,47.66103448275862,227.89862068965525,33.8748275862069,37.015172413793096,2.308275862068966,62.03862068965518,0.001949,0.001022,0.006918,13.786206896551723,0
926,2024-01-04 08:59:16+00:00,2024-01-04 08:59:16+00:00,214.99892857142865,0.2217857142857142,47.82499999999999,231.2146428571428,33.87642857142857,37.096428571428575,2.375000000000001,61.72107142857145,0.001974,0.001023,0.006981,13.94857142857142,0
927,2024-01-04 08:59:17+00:00,2024-01-04 08:59:17+00:00,216.6706896551724,0.2272413793103449,47.874827586206926,232.68172413793096,33.88965517241378,37.14827586206896,2.3927586206896554,61.8451724137931,0.001992,0.001007,0.007026,13.985172413793144,0
928,2024-01-04 08:59:18+00:00,2024-01-04 08:59:18+00:00,217.1256,0.2288,47.973200000000006,233.6836,33.90079999999998,37.17359999999999,2.4295999999999998,61.857600000000005,0.001994,0.001011,0.007085,14.072400000000023,0
929,2024-01-04 08:59:24+00:00,2024-01-04 08:59:24+00:00,217.8086666666667,0.2296666666666666,48.41233333333333,235.58533333333332,33.93500000000001,37.37066666666668,2.4786666666666672,62.30766666666667,0.001975,0.00103,0.007074,14.47733333333332,0
930,2024-01-04 08:59:25+00:00,2024-01-04 08:59:25+00:00,217.7,0.2357692307692308,48.51499999999999,234.59576923076924,33.9523076923077,37.34884615384616,2.464615384615384,61.92769230769232,0.001949,0.001026,0.007038,14.562692307692297,0
931,2024-01-04 08:59:26+00:00,2024-01-04 08:59:26+00:00,216.1082142857144,0.2303571428571428,48.57214285714287,233.84892857142856,33.963214285714294,37.38678571428572,2.451428571428572,61.7557142857143,0.001952,0.001024,0.007032,14.60892857142857,0
932,2024-01-04 08:59:28+00:00,2024-01-04 08:59:28+00:00,214.27038461538453,0.2246153846153847,48.72884615384616,230.89384615384623,33.96846153846155,37.38461538461539,2.4123076923076927,61.82076923076925,0.001933,0.001021,0.006943,14.760384615384616,0
933,2024-01-04 08:59:29+00:00,2024-01-04 08:59:29+00:00,211.59517241379305,0.2324137931034482,48.783448275862064,229.05896551724132,33.978965517241384,37.405172413793096,2.3831034482758624,62.22965517241377,0.001918,0.001022,0.006909,14.80448275862068,0
934,2024-01-04 08:59:30+00:00,2024-01-04 08:59:30+00:00,209.64230769230764,0.2096153846153846,48.78999999999999,225.9676923076923,33.986923076923084,37.36692307692309,2.346923076923077,62.07461538461537,0.001885,0.00103,0.006801,14.803076923076908,0
935,2024-01-04 08:59:31+00:00,2024-01-04 08:59:31+00:00,206.8836,0.2172000000000001,48.8472,223.7824,34.014799999999994,37.3596,2.3111999999999986,62.1696,0.001909,0.001026,0.006763,14.832400000000009,0
936,2024-01-04 08:59:33+00:00,2024-01-04 08:59:33+00:00,202.94071428571425,0.2246428571428572,48.96071428571429,218.23642857142852,34.01499999999999,37.30607142857144,2.231785714285714,62.59892857142859,0.001857,0.00103,0.006665,14.945714285714295,0
937,2024-01-04 08:59:34+00:00,2024-01-04 08:59:34+00:00,199.7852173913044,0.2147826086956522,48.99304347826087,214.8447826086956,34.0191304347826,37.27260869565218,2.1795652173913047,62.71391304347826,0.001843,0.001027,0.006546,14.973913043478262,0
938,2024-01-04 08:59:35+00:00,2024-01-04 08:59:35+00:00,195.1260714285715,0.2071428571428571,49.018214285714286,211.2353571428571,34.02142857142856,37.27107142857142,2.132142857142857,62.15642857142854,0.001798,0.001026,0.006413,14.996785714285728,0
939,2024-01-04 08:59:37+00:00,2024-01-04 08:59:37+00:00,189.54000000000008,0.2100000000000001,49.10599999999999,204.16,34.0476,37.18559999999999,2.0332000000000003,62.6204,0.001765,0.001027,0.006313,15.058399999999992,0
940,2024-01-04 08:59:38+00:00,2024-01-04 08:59:38+00:00,184.74307692307696,0.213076923076923,49.08000000000001,200.0307692307692,34.065000000000005,37.12038461538461,1.98076923076923,62.64692307692307,0.00174,0.001046,0.006196,15.015000000000008,0
941,2024-01-04 08:59:39+00:00,2024-01-04 08:59:39+00:00,181.4992857142857,0.1964285714285714,49.11464285714284,195.42535714285717,34.08035714285715,37.115,1.9367857142857143,62.543928571428566,0.001655,0.001044,0.006001,15.034285714285687,0
942,2024-01-04 08:59:41+00:00,2024-01-04 08:59:41+00:00,172.31862068965512,0.2062068965517242,49.09758620689655,187.4641379310345,34.08206896551725,37.00172413793104,1.8362068965517249,62.834827586206885,0.001583,0.001005,0.005749,15.0155172413793,0
943,2024-01-04 08:59:42+00:00,2024-01-04 08:59:42+00:00,166.78370370370376,0.204074074074074,49.14111111111109,181.45222222222213,34.082222222222235,36.93703703703704,1.7685185185185175,63.295925925925935,0.00157,0.001013,0.005676,15.05888888888886,0
944,2024-01-04 08:59:43+00:00,2024-01-04 08:59:43+00:00,162.9830769230769,0.205,49.10653846153848,177.69576923076923,34.103076923076934,36.86884615384616,1.7234615384615388,63.285,0.001513,0.000995,0.005408,15.003461538461544,0
945,2024-01-04 08:59:45+00:00,2024-01-04 08:59:45+00:00,153.26481481481477,0.1981481481481481,49.06481481481481,167.0181481481481,34.123703703703704,36.7525925925926,1.6092592592592598,63.12259259259263,0.00152,0.000982,0.005352,14.941111111111104,0
946,2024-01-04 08:59:46+00:00,2024-01-04 08:59:46+00:00,148.29480000000004,0.1995999999999999,49.06280000000001,162.3436,34.149199999999986,36.71960000000001,1.5544000000000004,63.462,0.001416,0.000951,0.005032,14.913600000000024,0
947,2024-01-04 08:59:47+00:00,2024-01-04 08:59:47+00:00,143.87423076923076,0.1911538461538462,49.03307692307691,156.69076923076923,34.15807692307691,36.65153846153847,1.498846153846153,63.350769230769245,0.001411,0.000966,0.004938,14.875,0
948,2024-01-04 08:59:49+00:00,2024-01-04 08:59:49+00:00,132.68833333333333,0.1936666666666666,48.995333333333335,145.709,34.160333333333305,36.54033333333333,1.3930000000000005,63.88066666666667,0.001409,0.000975,0.004867,14.83500000000003,0
949,2024-01-04 08:59:50+00:00,2024-01-04 08:59:50+00:00,127.23769230769228,0.1903846153846154,48.97,140.0226923076923,34.180384615384604,36.46076923076924,1.3361538461538456,63.67576923076925,0.001382,0.000941,0.004733,14.789615384615397,0
950,2024-01-04 08:59:51+00:00,2024-01-04 08:59:51+00:00,122.63296296296292,0.1955555555555555,48.935925925925936,134.57888888888886,34.18,36.42518518518518,1.2925925925925934,63.851111111111095,0.001361,0.000958,0.004693,14.755925925925936,0
951,2024-01-04 08:59:52+00:00,2024-01-04 08:59:52+00:00,117.07518518518516,0.1851851851851851,48.945925925925934,129.3459259259259,34.20851851851853,36.36037037037036,1.243703703703703,64.18888888888888,0.001367,0.000941,0.004631,14.737407407407405,0
952,2024-01-04 08:59:54+00:00,2024-01-04 08:59:54+00:00,106.95935483870969,0.1893548387096774,48.85677419354837,118.22193548387096,34.221290322580664,36.22774193548387,1.1435483870967738,64.28741935483872,0.001373,0.000957,0.004607,14.635483870967704,0
953,2024-01-04 08:59:55+00:00,2024-01-04 08:59:55+00:00,101.99807692307698,0.1846153846153846,48.787692307692296,112.63769230769228,34.238846153846154,36.154230769230765,1.096923076923077,64.34769230769233,0.001389,0.000952,0.004555,14.548846153846142,0
954,2024-01-04 08:59:56+00:00,2024-01-04 08:59:56+00:00,97.23035714285712,0.1782142857142857,48.77035714285714,107.21857142857148,34.24535714285714,36.080714285714286,1.0510714285714289,64.45214285714287,0.001368,0.000916,0.004428,14.525000000000006,0
955,2024-01-04 08:59:58+00:00,2024-01-04 08:59:58+00:00,86.74,0.1767857142857143,48.64428571428573,96.01428571428572,34.25071428571429,35.963214285714294,0.9414285714285716,64.56357142857142,0.001263,0.0009,0.004189,14.39357142857144,0
956,2024-01-04 08:59:59+00:00,2024-01-04 08:59:59+00:00,82.02259259259262,0.1703703703703703,48.62407407407407,90.92111111111112,34.26814814814814,35.87148148148148,0.8774074074074073,64.73703703703704,0.001253,0.000878,0.00414,14.35592592592593,0
957,2024-01-04 09:00:00+00:00,2024-01-04 09:00:00+00:00,76.60666666666667,0.1744444444444444,48.59074074074073,85.66666666666667,34.279259259259256,35.832962962962974,0.8233333333333331,64.70222222222222,0.001217,0.000856,0.004016,14.311481481481472,0
958,2024-01-04 09:00:02+00:00,2024-01-04 09:00:02+00:00,67.3103846153846,0.1711538461538462,48.47730769230771,76.24499999999999,34.31115384615384,35.70346153846155,0.7192307692307696,65.10461538461539,0.001156,0.000864,0.003855,14.166153846153868,0
959,2024-01-04 09:00:03+00:00,2024-01-04 09:00:03+00:00,63.2482142857143,0.1632142857142857,48.3817857142857,71.3375,34.30392857142856,35.617142857142845,0.6764285714285716,64.95142857142858,0.00117,0.000819,0.003799,14.07785714285714,0
960,2024-01-04 09:00:04+00:00,2024-01-04 09:00:04+00:00,59.157,0.1696666666666667,48.36166666666665,67.588,34.31333333333335,35.560333333333325,0.6289999999999998,65.21666666666667,0.001124,0.000806,0.003621,14.048333333333304,0
961,2024-01-04 09:00:06+00:00,2024-01-04 09:00:06+00:00,51.51499999999998,0.1803571428571428,48.26785714285715,59.3692857142857,34.311428571428564,35.43964285714284,-0.0432142857142857,65.44000000000001,0.001119,0.000794,0.003474,13.956428571428589,0
962,2024-01-04 09:00:07+00:00,2024-01-04 09:00:07+00:00,47.94275862068964,0.1672413793103448,48.2,55.27275862068966,34.31413793103449,35.4051724137931,-0.04,65.32689655172416,0.001088,0.000777,0.00338,13.885862068965508,0
963,2024-01-04 09:00:08+00:00,2024-01-04 09:00:08+00:00,43.73962962962964,0.1696296296296296,48.15925925925925,51.22296296296295,34.31703703703701,35.370370370370374,-0.0462962962962963,65.46814814814816,0.001028,0.000791,0.003209,13.84222222222224,0
964,2024-01-04 09:00:09+00:00,2024-01-04 09:00:09+00:00,40.563103448275854,0.1713793103448276,48.000689655172415,47.96586206896551,34.35275862068967,35.2906896551724,-0.0403448275862069,65.61655172413792,0.001075,0.000754,0.003145,13.647931034482744,0
965,2024-01-04 09:00:11+00:00,2024-01-04 09:00:11+00:00,34.44703703703705,0.164074074074074,47.9003703703704,40.99444444444446,34.36000000000001,35.193333333333335,-0.0411111111111111,65.62407407407407,0.000998,0.000744,0.003078,13.54037037037039,0
966,2024-01-04 09:00:12+00:00,2024-01-04 09:00:12+00:00,32.04148148148148,0.147037037037037,47.9125925925926,37.71925925925925,34.3451851851852,35.17814814814816,-0.0444444444444444,66.02185185185186,0.000967,0.000739,0.003004,13.5674074074074,0
967,2024-01-04 09:00:13+00:00,2024-01-04 09:00:13+00:00,29.40937499999999,0.1640625,47.84093749999998,35.4203125,34.35781250000002,35.111250000000005,-0.0415625,65.71062500000002,0.000959,0.000734,0.002901,13.48312499999996,0
968,2024-01-04 09:00:15+00:00,2024-01-04 09:00:15+00:00,25.85769230769231,0.1546153846153846,47.73730769230771,31.691923076923064,34.37730769230769,35.08307692307692,-0.0488461538461538,66.04615384615387,0.000976,0.000797,0.002838,13.36000000000002,0
969,2024-01-04 09:00:16+00:00,2024-01-04 09:00:16+00:00,23.78851851851852,0.1644444444444444,47.68296296296298,29.480740740740742,34.38518518518518,35.07185185185185,-0.0429629629629629,65.95888888888891,0.000932,0.000782,0.00286,13.297777777777805,0
970,2024-01-04 09:00:17+00:00,2024-01-04 09:00:17+00:00,22.871785714285725,0.1414285714285714,47.65071428571431,27.779642857142854,34.40249999999998,35.09321428571428,-0.0428571428571428,65.9782142857143,0.000947,0.000796,0.002759,13.248214285714326,0
971,2024-01-04 09:00:19+00:00,2024-01-04 09:00:19+00:00,20.57392857142857,0.1564285714285714,47.55357142857142,25.16535714285714,34.43500000000001,35.032500000000006,-0.0471428571428571,66.06178571428573,0.000932,0.000794,0.002736,13.118571428571414,0
972,2024-01-04 09:00:20+00:00,2024-01-04 09:00:20+00:00,19.71586206896552,0.1558620689655172,47.48310344827588,25.59896551724138,34.44310344827585,35.001724137931035,-0.0458620689655172,65.88689655172413,0.000912,0.000828,0.002712,13.040000000000028,0
973,2024-01-04 09:00:21+00:00,2024-01-04 09:00:21+00:00,19.20333333333334,0.157,47.45766666666668,25.185666666666663,34.438333333333325,35.02266666666667,-0.0456666666666666,66.10300000000002,0.000933,0.000902,0.002713,13.01933333333335,0
974,2024-01-04 09:00:23+00:00,2024-01-04 09:00:23+00:00,20.164285714285715,0.1614285714285714,47.34714285714285,25.37392857142857,34.45250000000001,34.997142857142855,-0.045,66.21249999999999,0.000934,0.000824,0.00272,12.89464285714284,0
975,2024-01-04 09:00:24+00:00,2024-01-04 09:00:24+00:00,19.844399999999997,0.1512,47.3468,25.71520000000001,34.44920000000001,35.0208,-0.0448,65.94999999999999,0.000936,0.00082,0.002733,12.897599999999985,0
976,2024-01-04 09:00:25+00:00,2024-01-04 09:00:25+00:00,21.75615384615385,0.1546153846153846,47.3123076923077,26.53115384615385,34.44730769230769,35.005,-0.0473076923076923,65.86423076923077,0.000929,0.000947,0.002794,12.865000000000007,0
977,2024-01-04 09:00:27+00:00,2024-01-04 09:00:27+00:00,23.86807692307693,0.158076923076923,47.26192307692308,29.395769230769226,34.485,35.07038461538462,-0.0415384615384615,65.87038461538461,0.000934,0.000832,0.00285,12.776923076923085,0
978,2024-01-04 09:00:28+00:00,2024-01-04 09:00:28+00:00,25.880740740740745,0.1503703703703703,47.28703703703704,30.56851851851852,34.511851851851844,35.05555555555556,-0.047037037037037,65.7725925925926,0.001058,0.000738,0.00293,12.775185185185194,0
979,2024-01-04 09:00:29+00:00,2024-01-04 09:00:29+00:00,26.811923076923083,0.168076923076923,47.25692307692308,32.66576923076924,34.51769230769229,35.09461538461538,-0.0426923076923077,66.05730769230767,0.000949,0.000737,0.002954,12.739230769230788,0
980,2024-01-04 09:00:30+00:00,2024-01-04 09:00:30+00:00,28.677499999999984,0.1657142857142857,47.26214285714286,34.45642857142857,34.51,35.112500000000004,-0.0410714285714285,66.04892857142856,0.001181,0.000753,0.002941,12.752142857142864,0
981,2024-01-04 09:00:32+00:00,2024-01-04 09:00:32+00:00,33.225,0.1564285714285714,47.26107142857143,39.51892857142856,34.51321428571428,35.17035714285715,-0.0435714285714285,65.57392857142858,0.001122,0.000746,0.003016,12.74785714285715,0
982,2024-01-04 09:00:33+00:00,2024-01-04 09:00:33+00:00,36.711290322580645,0.1751612903225806,47.22129032258063,43.865161290322575,34.53709677419353,35.2041935483871,-0.0409677419354838,65.71838709677418,0.00101,0.000767,0.003085,12.6841935483871,0
983,2024-01-04 09:00:34+00:00,2024-01-04 09:00:34+00:00,39.8004,0.1767999999999999,47.17919999999997,46.9476,34.539999999999985,35.20280000000002,-0.0428,65.50040000000001,0.001051,0.000776,0.003186,12.639199999999988,0
984,2024-01-04 09:00:36+00:00,2024-01-04 09:00:36+00:00,45.70807692307694,0.1834615384615385,47.18192307692311,53.95269230769232,34.56884615384617,35.3126923076923,-0.04,65.8196153846154,0.001132,0.000803,0.003306,12.61307692307694,0
985,2024-01-04 09:00:37+00:00,2024-01-04 09:00:37+00:00,49.97892857142856,0.1642857142857142,47.18071428571428,57.077142857142846,34.59285714285716,35.37285714285715,-0.0414285714285714,65.32285714285713,0.001096,0.000887,0.003398,12.587857142857125,0
986,2024-01-04 09:00:38+00:00,2024-01-04 09:00:38+00:00,54.50521739130434,0.1773913043478261,47.23956521739132,61.02391304347828,34.58956521739132,35.41521739130435,-0.0430434782608695,65.19478260869563,0.001221,0.000821,0.003492,12.65,0
987,2024-01-04 09:00:40+00:00,2024-01-04 09:00:40+00:00,61.92346153846153,0.1723076923076923,47.25192307692308,69.85692307692308,34.59384615384616,35.52653846153846,0.6092307692307692,65.33769230769231,0.001227,0.000818,0.003683,12.65807692307692,0
988,2024-01-04 09:00:41+00:00,2024-01-04 09:00:41+00:00,66.23814814814814,0.1688888888888888,47.26555555555555,74.21444444444444,34.58481481481483,35.61888888888888,0.6662962962962964,65.15962962962963,0.001206,0.000851,0.003802,12.680740740740724,0
989,2024-01-04 09:00:42+00:00,2024-01-04 09:00:42+00:00,71.20749999999995,0.1746428571428571,47.269642857142856,78.9903571428571,34.595000000000006,35.67249999999999,0.7167857142857145,65.01928571428572,0.001244,0.000852,0.003938,12.67464285714285,0
990,2024-01-04 09:00:44+00:00,2024-01-04 09:00:44+00:00,81.45633333333335,0.179,47.278000000000006,89.70766666666668,34.617000000000004,35.81066666666666,0.8203333333333332,64.776,0.001341,0.000883,0.004168,12.661,0
991,2024-01-04 09:00:45+00:00,2024-01-04 09:00:45+00:00,85.12958333333331,0.1970833333333334,47.251666666666665,94.46916666666664,34.62624999999999,35.87458333333334,0.872083333333333,64.63416666666666,0.001323,0.000879,0.004231,12.625416666666672,0
992,2024-01-04 09:00:46+00:00,2024-01-04 09:00:46+00:00,90.89259259259258,0.18,47.25148148148148,99.32740740740738,34.63814814814813,35.95925925925925,0.9181481481481484,64.6503703703704,0.00141,0.00089,0.004394,12.613333333333344,0
993,2024-01-04 09:00:47+00:00,2024-01-04 09:00:47+00:00,94.96964285714284,0.1792857142857143,47.28357142857141,103.79464285714285,34.65142857142855,36.05607142857144,0.9703571428571428,64.41142857142856,0.001453,0.000925,0.004564,12.63214285714286,0
994,2024-01-04 09:00:49+00:00,2024-01-04 09:00:49+00:00,105.46071428571426,0.1928571428571428,47.302142857142826,116.21142857142854,34.6592857142857,36.21642857142857,1.078928571428571,64.51428571428572,0.0015,0.000937,0.004595,12.642857142857125,0
995,2024-01-04 09:00:50+00:00,2024-01-04 09:00:50+00:00,110.31370370370368,0.1966666666666666,47.310740740740734,121.20851851851856,34.66296296296294,36.26185185185185,1.1244444444444446,64.09074074074076,0.00151,0.000929,0.00466,12.64777777777779,0
996,2024-01-04 09:00:51+00:00,2024-01-04 09:00:51+00:00,115.77000000000004,0.184,47.32679999999999,126.3204,34.669199999999975,36.3612,1.173200000000001,63.91480000000001,0.001571,0.000931,0.004813,12.657600000000016,0
997,2024-01-04 09:00:53+00:00,2024-01-04 09:00:53+00:00,125.70481481481475,0.2044444444444444,47.340740740740735,138.10666666666668,34.72037037037038,36.545925925925935,1.2703703703703708,63.98444444444444,0.001589,0.000924,0.004872,12.620370370370352,0
998,2024-01-04 09:00:54+00:00,2024-01-04 09:00:54+00:00,131.9444444444444,0.1877777777777777,47.354444444444425,143.2585185185185,34.72407407407408,36.60444444444444,1.3166666666666669,63.76925925925924,0.001597,0.000963,0.004898,12.630370370370343,0
999,2024-01-04 09:00:55+00:00,2024-01-04 09:00:55+00:00,135.84592592592594,0.1925925925925926,47.42037037037039,148.60555555555553,34.71666666666668,36.70740740740741,1.3714814814814813,63.67111111111111,0.001604,0.000921,0.00492,12.703703703703702,0
1000,2024-01-04 09:00:57+00:00,2024-01-04 09:00:57+00:00,148.0323076923077,0.1953846153846153,47.45730769230768,160.3992307692308,34.75269230769231,36.855,1.4915384615384617,63.473461538461535,0.001619,0.000914,0.005106,12.704615384615373,0
1001,2024-01-04 09:00:58+00:00,2024-01-04 09:00:58+00:00,153.27038461538467,0.2084615384615385,47.53038461538462,164.64999999999998,34.73961538461539,36.94153846153847,1.528461538461538,63.62192307692309,0.001592,0.000936,0.005307,12.790769230769229,0
1002,2024-01-04 09:00:59+00:00,2024-01-04 09:00:59+00:00,157.23555555555558,0.1944444444444444,47.50444444444444,169.97074074074075,34.74370370370371,37.01074074074074,1.592962962962963,62.96148148148149,0.001613,0.000946,0.005422,12.76074074074073,0
1003,2024-01-04 09:01:01+00:00,2024-01-04 09:01:01+00:00,165.75769230769225,0.2053846153846154,47.59807692307693,179.5103846153846,34.76576923076922,37.19846153846154,1.7038461538461531,62.837692307692336,0.001648,0.00096,0.005514,12.8323076923077,0
1004,2024-01-04 09:01:02+00:00,2024-01-04 09:01:02+00:00,170.77357142857142,0.2039285714285714,47.64607142857143,184.22714285714275,34.77464285714284,37.26142857142856,1.7646428571428576,62.86357142857144,0.00171,0.000985,0.00583,12.871428571428597,0
1005,2024-01-04 09:01:03+00:00,2024-01-04 09:01:03+00:00,175.3828571428571,0.2117857142857143,47.72821428571429,188.9053571428572,34.80821428571428,37.357857142857135,1.8210714285714285,62.69142857142856,0.00173,0.000967,0.005891,12.920000000000009,0
1006,2024-01-04 09:01:05+00:00,2024-01-04 09:01:05+00:00,182.96571428571437,0.2103571428571428,47.82071428571428,196.95107142857145,34.798214285714266,37.48821428571427,1.9289285714285715,62.68035714285713,0.001818,0.001008,0.006145,13.022500000000017,0
1007,2024-01-04 09:01:06+00:00,2024-01-04 09:01:06+00:00,186.8592307692308,0.2173076923076923,47.876538461538445,202.0253846153846,34.799615384615365,37.58461538461538,1.9865384615384616,62.53423076923077,0.001823,0.000998,0.006219,13.07692307692308,0
1008,2024-01-04 09:01:07+00:00,2024-01-04 09:01:07+00:00,190.39142857142855,0.2078571428571428,47.89678571428574,204.92928571428564,34.8175,37.62142857142857,2.0317857142857148,62.35785714285716,0.001888,0.000993,0.006423,13.07928571428574,0
1009,2024-01-04 09:01:08+00:00,2024-01-04 09:01:08+00:00,194.4782758620689,0.2151724137931034,47.962758620689655,209.6431034482759,34.814137931034466,37.68344827586208,2.093448275862069,62.08103448275863,0.001927,0.001,0.006585,13.14862068965519,0
1010,2024-01-04 09:01:10+00:00,2024-01-04 09:01:10+00:00,202.0648275862069,0.2248275862068965,48.09344827586206,216.75,34.83172413793105,37.83103448275863,2.191034482758621,62.346896551724136,0.001958,0.001008,0.006655,13.261724137931012,0
1011,2024-01-04 09:01:11+00:00,2024-01-04 09:01:11+00:00,204.6655555555556,0.2266666666666667,48.19333333333333,219.2551851851851,34.83555555555555,37.87037037037036,2.2288888888888883,62.42592592592592,0.001981,0.001039,0.006711,13.357777777777777,0
1012,2024-01-04 09:01:12+00:00,2024-01-04 09:01:12+00:00,206.2403571428572,0.2125,48.22071428571429,222.16642857142853,34.84071428571429,37.93107142857144,2.2678571428571432,62.22535714285716,0.001976,0.000984,0.006654,13.379999999999995,0
1013,2024-01-04 09:01:19+00:00,2024-01-04 09:01:19+00:00,218.86533333333335,0.2186666666666668,48.76733333333332,234.66266666666655,34.89733333333332,38.24333333333333,2.4803333333333324,61.92533333333334,0.001968,0.001004,0.00595,13.869999999999996,0
1014,2024-01-04 09:01:20+00:00,2024-01-04 09:01:20+00:00,219.01040000000003,0.2204,48.85039999999999,235.2956,34.91,38.30599999999998,2.4756,61.98000000000002,0.001972,0.000993,0.006582,13.940399999999997,0
1015,2024-01-04 09:01:22+00:00,2024-01-04 09:01:22+00:00,218.66692307692304,0.2238461538461537,49.009615384615365,236.4142307692308,34.94653846153847,38.35038461538463,2.50076923076923,61.75769230769232,0.001925,0.001004,0.00634,14.063076923076892,0
1016,2024-01-04 09:01:23+00:00,2024-01-04 09:01:23+00:00,219.71148148148143,0.2359259259259259,49.074074074074055,236.2985185185185,34.942222222222235,38.322592592592585,2.4988888888888887,62.09370370370369,0.001981,0.001,0.006769,14.13185185185182,0
1017,2024-01-04 09:01:24+00:00,2024-01-04 09:01:24+00:00,217.7,0.2322222222222222,49.16259259259259,235.32703703703692,34.97037037037038,38.37814814814815,2.486296296296296,62.147037037037066,0.001939,0.001003,0.006494,14.192222222222206,0
1018,2024-01-04 09:01:25+00:00,2024-01-04 09:01:25+00:00,218.38548387096773,0.2325806451612904,49.27225806451612,234.42387096774183,34.979032258064514,38.38870967741936,2.4751612903225806,61.86290322580647,0.001917,0.00099,0.006223,14.29322580645161,0
1019,2024-01-04 09:01:27+00:00,2024-01-04 09:01:27+00:00,215.6033333333334,0.238,49.41733333333334,232.37233333333336,35.001999999999995,38.39066666666668,2.4590000000000014,62.058,0.001909,0.00101,0.006771,14.415333333333344,0
1020,2024-01-04 09:01:28+00:00,2024-01-04 09:01:28+00:00,212.39642857142863,0.2160714285714286,49.471071428571456,229.57750000000007,34.99714285714286,38.36107142857143,2.428928571428572,62.05357142857141,0.001898,0.001027,0.006903,14.473928571428594,0
1021,2024-01-04 09:01:29+00:00,2024-01-04 09:01:29+00:00,213.0292,0.2092,49.500800000000005,228.5896,35.02639999999999,38.372400000000006,2.410399999999999,61.98360000000003,0.001898,0.001024,0.006707,14.474400000000015,0
1022,2024-01-04 09:01:31+00:00,2024-01-04 09:01:31+00:00,207.6118518518519,0.2088888888888889,49.5951851851852,224.07333333333327,35.02999999999998,38.346296296296295,2.3429629629629627,61.80222222222225,0.001869,0.001022,0.006552,14.56518518518522,0
1023,2024-01-04 09:01:32+00:00,2024-01-04 09:01:32+00:00,206.20806451612916,0.2270967741935484,49.65580645161293,221.45999999999995,35.02774193548386,38.29451612903225,2.2996774193548384,62.33935483870966,0.001858,0.001024,0.006496,14.628064516129072,0
1024,2024-01-04 09:01:33+00:00,2024-01-04 09:01:33+00:00,202.73119999999997,0.2,49.72560000000001,217.9048,35.027599999999985,38.2924,2.2576000000000005,61.9328,0.00183,0.001004,0.006376,14.698000000000022,0
1025,2024-01-04 09:01:35+00:00,2024-01-04 09:01:35+00:00,196.94821428571427,0.2071428571428571,49.77714285714286,212.0721428571429,35.0575,38.227500000000006,2.166071428571428,62.34250000000002,0.001809,0.001009,0.00611,14.719642857142864,0
1026,2024-01-04 09:01:36+00:00,2024-01-04 09:01:36+00:00,193.03153846153845,0.2207692307692307,49.81346153846154,208.4315384615384,35.05423076923077,38.215,2.139230769230769,62.52615384615386,0.001772,0.000978,0.006219,14.759230769230768,0
1027,2024-01-04 09:01:37+00:00,2024-01-04 09:01:37+00:00,189.811,0.209,49.82266666666668,204.62766666666664,35.08100000000002,38.16266666666666,2.093666666666667,62.29633333333333,0.001685,0.000989,0.006426,14.74166666666666,0
1028,2024-01-04 09:01:39+00:00,2024-01-04 09:01:39+00:00,180.42666666666668,0.2174074074074075,49.88148148148149,196.48666666666657,35.10962962962964,38.07888888888889,1.9796296296296296,62.71925925925926,0.001602,0.000991,0.006214,14.77185185185185,0
1029,2024-01-04 09:01:40+00:00,2024-01-04 09:01:40+00:00,177.2,0.2116000000000001,49.86119999999999,191.78760000000003,35.10960000000001,38.07440000000001,1.916,62.84520000000001,0.001597,0.000985,0.00616,14.751599999999982,0
1030,2024-01-04 09:01:41+00:00,2024-01-04 09:01:41+00:00,173.2282142857143,0.2075,49.88607142857145,187.4235714285714,35.10464285714287,38.0125,1.8596428571428576,62.92964285714286,0.001546,0.000988,0.005909,14.781428571428576,0
1031,2024-01-04 09:01:43+00:00,2024-01-04 09:01:43+00:00,163.72769230769228,0.2015384615384615,49.84769230769231,177.75307692307695,35.141153846153834,37.86807692307691,1.7557692307692307,63.09692307692311,0.001561,0.00098,0.005836,14.70653846153848,0
1032,2024-01-04 09:01:44+00:00,2024-01-04 09:01:44+00:00,159.28413793103445,0.1937931034482758,49.87517241379312,172.55482758620687,35.15517241379309,37.827931034482766,1.700344827586207,63.105862068965486,0.001485,0.000991,0.005605,14.720000000000027,0
1033,2024-01-04 09:01:45+00:00,2024-01-04 09:01:45+00:00,153.6603571428571,0.2078571428571429,49.89178571428572,167.62500000000003,35.15285714285712,37.792142857142856,1.6367857142857136,63.69250000000002,0.001526,0.000998,0.005445,14.738928571428596,0
1034,2024-01-04 09:01:46+00:00,2024-01-04 09:01:46+00:00,149.6675,0.1925,49.87583333333334,161.9354166666667,35.14791666666665,37.73125000000001,1.5775,63.37958333333335,0.001533,0.000969,0.005376,14.727916666666689,0
1035,2024-01-04 09:01:48+00:00,2024-01-04 09:01:48+00:00,138.62846153846158,0.1842307692307692,49.74923076923078,151.07576923076925,35.16807692307693,37.60076923076923,1.4673076923076922,63.53807692307691,0.001506,0.000962,0.005238,14.581153846153846,0
1036,2024-01-04 09:01:49+00:00,2024-01-04 09:01:49+00:00,133.18703703703704,0.1929629629629629,49.76518518518519,145.81259259259255,35.17555555555554,37.52444444444444,1.4155555555555557,63.79703703703704,0.001496,0.000963,0.005039,14.589629629629648,0
1037,2024-01-04 09:01:50+00:00,2024-01-04 09:01:50+00:00,128.0311538461538,0.1819230769230769,49.72576923076924,140.8280769230769,35.17961538461537,37.46115384615385,1.3665384615384617,63.74192307692306,0.001462,0.000955,0.00496,14.54615384615387,0
1038,2024-01-04 09:01:52+00:00,2024-01-04 09:01:52+00:00,117.6207407407407,0.1792592592592592,49.68777777777778,129.27777777777783,35.20666666666668,37.32851851851852,1.2614814814814812,64.3525925925926,0.001461,0.000947,0.00489,14.481111111111105,0
1039,2024-01-04 09:01:53+00:00,2024-01-04 09:01:53+00:00,113.38896551724136,0.1779310344827586,49.66,124.01448275862067,35.21586206896553,37.27206896551724,1.2206896551724136,64.26448275862067,0.001477,0.000966,0.004854,14.444137931034476,0
1040,2024-01-04 09:01:54+00:00,2024-01-04 09:01:54+00:00,107.5396428571429,0.1832142857142857,49.6042857142857,118.92857142857147,35.23857142857143,37.17428571428571,1.1721428571428565,64.28678571428571,0.001385,0.000976,0.004799,14.365714285714269,0
1041,2024-01-04 09:01:56+00:00,2024-01-04 09:01:56+00:00,97.1927586206896,0.1872413793103448,49.49344827586207,107.79206896551727,35.23241379310346,37.03896551724137,1.0696551724137933,64.43758620689654,0.001343,0.000956,0.004662,14.261034482758603,0
1042,2024-01-04 09:01:57+00:00,2024-01-04 09:01:57+00:00,92.92360000000002,0.1784,49.48360000000002,103.06359999999997,35.23360000000001,37.021200000000015,1.0223999999999995,64.63479999999998,0.001328,0.000978,0.004465,14.250000000000009,0
1043,2024-01-04 09:01:58+00:00,2024-01-04 09:01:58+00:00,87.12222222222225,0.1766666666666666,49.47666666666668,96.9274074074074,35.255185185185184,36.949259259259264,0.9603703703703708,64.81407407407409,0.001301,0.000917,0.004384,14.221481481481495,0
1044,2024-01-04 09:02:00+00:00,2024-01-04 09:02:00+00:00,78.26392857142856,0.1842857142857143,49.33142857142855,87.28892857142857,35.260714285714286,36.8032142857143,0.8485714285714284,65.05678571428571,0.001246,0.000912,0.004288,14.070714285714269,0
1045,2024-01-04 09:02:01+00:00,2024-01-04 09:02:01+00:00,72.46285714285716,0.1724999999999999,49.28678571428571,81.75214285714286,35.27964285714283,36.74428571428572,0.7903571428571431,64.78357142857142,0.001118,0.000882,0.00397,14.00714285714288,0
1046,2024-01-04 09:02:02+00:00,2024-01-04 09:02:02+00:00,68.39964285714287,0.1732142857142857,49.22714285714288,77.0760714285714,35.296428571428564,36.66035714285714,0.7435714285714284,65.05785714285717,0.001122,0.000903,0.003946,13.930714285714316,0
1047,2024-01-04 09:02:04+00:00,2024-01-04 09:02:04+00:00,59.87758620689654,0.1775862068965517,49.13620689655172,68.06965517241379,35.29482758620688,36.53344827586207,0.6417241379310348,65.23241379310346,0.001158,0.000825,0.003741,13.84137931034484,0
1048,2024-01-04 09:02:05+00:00,2024-01-04 09:02:05+00:00,55.54000000000002,0.1687096774193548,49.02967741935483,63.14935483870968,35.29032258064514,36.46903225806453,0.3938709677419355,65.53290322580645,0.001058,0.000848,0.003668,13.739354838709694,0
1049,2024-01-04 09:02:06+00:00,2024-01-04 09:02:06+00:00,51.93000000000002,0.1737037037037037,48.96925925925928,59.35407407407408,35.29370370370371,36.44111111111111,-0.0222222222222222,65.42,0.001024,0.000793,0.003543,13.675555555555569,0
1050,2024-01-04 09:02:07+00:00,2024-01-04 09:02:07+00:00,48.45346153846154,0.1607692307692308,48.89807692307692,55.21423076923075,35.316923076923075,36.39384615384616,-0.05,65.46692307692308,0.001023,0.00079,0.003406,13.581153846153846,0
1051,2024-01-04 09:02:09+00:00,2024-01-04 09:02:09+00:00,41.13172413793102,0.1672413793103448,48.84758620689654,47.236896551724136,35.30931034482758,36.27379310344829,-0.05,65.59034482758622,0.000999,0.000811,0.003314,13.538275862068955,0
1052,2024-01-04 09:02:10+00:00,2024-01-04 09:02:10+00:00,37.27120000000001,0.1576,48.77120000000001,43.99,35.33400000000001,36.2096,-0.05,65.80400000000002,0.000972,0.000773,0.003205,13.437199999999995,0
1053,2024-01-04 09:02:11+00:00,2024-01-04 09:02:11+00:00,34.81678571428571,0.1589285714285714,48.70035714285715,41.99250000000001,35.350000000000016,36.18571428571428,-0.0467857142857143,65.72785714285713,0.00094,0.000803,0.003141,13.350357142857137,0
1054,2024-01-04 09:02:13+00:00,2024-01-04 09:02:13+00:00,30.07517241379312,0.1606896551724137,48.603448275862064,35.29344827586208,35.350689655172424,36.14172413793104,-0.05,65.84793103448274,0.000934,0.000808,0.003039,13.25275862068964,0
1055,2024-01-04 09:02:14+00:00,2024-01-04 09:02:14+00:00,27.039230769230773,0.1576923076923077,48.53692307692308,33.43615384615386,35.36192307692308,36.085,-0.05,65.79346153846156,0.000899,0.000788,0.00297,13.175000000000004,0
1056,2024-01-04 09:02:15+00:00,2024-01-04 09:02:15+00:00,26.0325,0.1614285714285714,48.5025,31.42250000000001,35.37571428571428,36.05214285714286,-0.0489285714285714,66.17107142857144,0.000951,0.000776,0.002944,13.126785714285717,0
1057,2024-01-04 09:02:17+00:00,2024-01-04 09:02:17+00:00,22.01555555555556,0.1648148148148149,48.39962962962964,28.203333333333333,35.39074074074073,36.045185185185176,-0.05,66.11,0.000924,0.000811,0.002871,13.008888888888904,0
1058,2024-01-04 09:02:18+00:00,2024-01-04 09:02:18+00:00,21.8928,0.1523999999999999,48.334,26.2652,35.38199999999999,36.0404,-0.0512,66.146,0.000884,0.000807,0.002837,12.952000000000012,0
1059,2024-01-04 09:02:19+00:00,2024-01-04 09:02:19+00:00,20.616896551724142,0.1537931034482758,48.306896551724144,25.823793103448278,35.40482758620688,36.02172413793103,-0.05,66.27137931034483,0.000891,0.000865,0.002829,12.902068965517266,0
1060,2024-01-04 09:02:21+00:00,2024-01-04 09:02:21+00:00,19.51730769230769,0.1576923076923077,48.21884615384616,24.51192307692309,35.43230769230768,36.019615384615385,-0.05,66.04538461538462,0.000967,0.000845,0.002849,12.786538461538475,0
1061,2024-01-04 09:02:22+00:00,2024-01-04 09:02:22+00:00,20.16586206896552,0.183448275862069,48.13965517241378,25.27827586206895,35.46000000000002,35.97275862068967,-0.0486206896551724,66.33448275862071,0.000955,0.000862,0.002802,12.67965517241376,0
1062,2024-01-04 09:02:23+00:00,2024-01-04 09:02:23+00:00,19.79888888888889,0.164074074074074,48.06222222222221,24.86925925925926,35.462962962962976,35.94814814814816,-0.05,66.06555555555553,0.000894,0.000909,0.002832,12.599259259259236,0
1063,2024-01-04 09:02:24+00:00,2024-01-04 09:02:24+00:00,20.3351724137931,0.1620689655172413,48.009999999999984,25.891379310344828,35.47586206896553,35.93827586206898,-0.05,66.08068965517242,0.000898,0.00086,0.002825,12.53413793103445,0
1064,2024-01-04 09:02:26+00:00,2024-01-04 09:02:26+00:00,21.450800000000005,0.16,48.01480000000001,26.864,35.489200000000004,35.992000000000004,-0.05,65.9468,0.000965,0.000826,0.002855,12.525600000000004,0
1065,2024-01-04 09:02:27+00:00,2024-01-04 09:02:27+00:00,23.392903225806453,0.1532258064516129,48.02516129032256,29.104516129032262,35.504838709677415,36.01838709677419,-0.05,65.56387096774193,0.001006,0.000787,0.002954,12.520322580645145,0
1066,2024-01-04 09:02:28+00:00,2024-01-04 09:02:28+00:00,24.41428571428571,0.1610714285714285,47.989285714285735,29.922499999999992,35.52892857142856,36.00714285714286,-0.05,66.115,0.000901,0.000779,0.003012,12.460357142857177,0
1067,2024-01-04 09:02:30+00:00,2024-01-04 09:02:30+00:00,28.88214285714286,0.1625,47.9757142857143,33.957142857142856,35.53142857142856,36.0517857142857,-0.05,65.64535714285714,0.000925,0.000772,0.003047,12.44428571428574,0
1068,2024-01-04 09:02:31+00:00,2024-01-04 09:02:31+00:00,30.77206896551725,0.1534482758620689,47.92344827586208,35.89137931034484,35.5306896551724,36.05931034482758,-0.0489655172413793,65.83310344827584,0.000937,0.000846,0.003095,12.392758620689676,0
1069,2024-01-04 09:02:32+00:00,2024-01-04 09:02:32+00:00,32.72888888888889,0.1607407407407407,47.95518518518519,38.96518518518518,35.52666666666665,36.10148148148147,-0.05,65.63814814814816,0.000972,0.00076,0.00316,12.428518518518535,0
1070,2024-01-04 09:02:34+00:00,2024-01-04 09:02:34+00:00,39.65384615384615,0.1734615384615385,47.92961538461538,45.17807692307692,35.54346153846153,36.19807692307692,-0.05,65.64615384615385,0.000986,0.000791,0.003203,12.386153846153851,0
1071,2024-01-04 09:02:35+00:00,2024-01-04 09:02:35+00:00,42.1056,0.1596,47.9832,48.1064,35.56520000000001,36.24799999999999,-0.05,65.6168,0.001069,0.000791,0.003287,12.417999999999992,0
1072,2024-01-04 09:02:36+00:00,2024-01-04 09:02:36+00:00,45.74,0.1651851851851851,47.94000000000002,51.64999999999999,35.5725925925926,36.243703703703694,-0.05,65.61777777777776,0.001043,0.00079,0.003445,12.36740740740742,0
1073,2024-01-04 09:02:38+00:00,2024-01-04 09:02:38+00:00,53.48439999999999,0.1495999999999999,47.96040000000001,59.5096,35.56279999999998,36.3888,-0.0468,65.23040000000002,0.001041,0.000917,0.003495,12.397600000000024,0
1074,2024-01-04 09:02:39+00:00,2024-01-04 09:02:39+00:00,56.96538461538459,0.1630769230769231,47.94576923076924,63.61307692307692,35.57269230769232,36.41923076923077,0.3061538461538461,64.97269230769231,0.001122,0.000844,0.003633,12.373076923076916,0
1075,2024-01-04 09:02:40+00:00,2024-01-04 09:02:40+00:00,61.7616,0.162,47.942800000000005,67.9868,35.56560000000001,36.5148,0.5312000000000001,65.08080000000001,0.001178,0.000869,0.003808,12.377199999999997,0
1076,2024-01-04 09:02:42+00:00,2024-01-04 09:02:42+00:00,70.13071428571428,0.1796428571428571,47.972142857142856,78.1917857142857,35.60607142857144,36.62607142857144,0.7203571428571429,64.93499999999999,0.001152,0.000877,0.003901,12.366071428571416,0
1077,2024-01-04 09:02:43+00:00,2024-01-04 09:02:43+00:00,75.22000000000001,0.1792857142857142,47.98464285714287,83.16607142857143,35.60535714285716,36.66214285714284,0.7653571428571428,64.74535714285712,0.001226,0.000915,0.004113,12.379285714285714,0
1078,2024-01-04 09:02:44+00:00,2024-01-04 09:02:44+00:00,79.23730769230768,0.1873076923076923,47.99461538461537,87.76115384615385,35.59384615384617,36.71384615384618,0.8165384615384615,64.77038461538463,0.001299,0.000914,0.004192,12.4007692307692,0
1079,2024-01-04 09:02:45+00:00,2024-01-04 09:02:45+00:00,84.34517241379314,0.1755172413793102,48.033448275862064,92.69862068965514,35.59965517241381,36.845517241379305,0.8748275862068966,64.30586206896552,0.001205,0.000932,0.004203,12.433793103448252,0
1080,2024-01-04 09:02:47+00:00,2024-01-04 09:02:47+00:00,94.67321428571428,0.1764285714285714,48.013928571428565,103.0807142857143,35.63785714285713,36.99142857142856,0.9796428571428571,64.23642857142855,0.001255,0.000941,0.004449,12.376071428571436,0
1081,2024-01-04 09:02:48+00:00,2024-01-04 09:02:48+00:00,100.04964285714289,0.1782142857142857,48.01142857142857,108.41071428571426,35.63214285714285,37.03035714285715,1.0282142857142855,64.31249999999999,0.001274,0.000955,0.004461,12.379285714285714,0
1082,2024-01-04 09:02:49+00:00,2024-01-04 09:02:49+00:00,104.13428571428572,0.1925,48.0107142857143,113.93142857142855,35.637857142857136,37.10500000000001,1.075357142857143,64.50857142857146,0.001254,0.000977,0.004501,12.372857142857164,0
1083,2024-01-04 09:02:51+00:00,2024-01-04 09:02:51+00:00,114.74807692307688,0.1869230769230769,48.05923076923074,124.96076923076916,35.68846153846154,37.29576923076923,1.1830769230769231,63.919999999999966,0.001276,0.000966,0.004619,12.370769230769206,0
1084,2024-01-04 09:02:52+00:00,2024-01-04 09:02:52+00:00,120.98615384615384,0.2042307692307692,48.065769230769206,131.82115384615386,35.69769230769232,37.375769230769215,1.2300000000000004,64.12923076923076,0.001328,0.000992,0.004749,12.368076923076885,0
1085,2024-01-04 09:02:53+00:00,2024-01-04 09:02:53+00:00,126.14571428571423,0.1992857142857143,48.02750000000001,136.39749999999998,35.70464285714286,37.4257142857143,1.2799999999999998,63.91535714285714,0.001318,0.00097,0.004831,12.322857142857153,0
1086,2024-01-04 09:02:55+00:00,2024-01-04 09:02:55+00:00,135.6470833333333,0.2004166666666667,48.09583333333333,147.03791666666666,35.69916666666668,37.59333333333334,1.3845833333333328,63.44624999999999,0.001315,0.000967,0.004851,12.396666666666654,0
1087,2024-01-04 09:02:56+00:00,2024-01-04 09:02:56+00:00,141.79148148148147,0.2148148148148148,48.17407407407409,152.92777777777778,35.714074074074084,37.64518518518519,1.4377777777777785,63.5548148148148,0.001317,0.000963,0.004924,12.460000000000008,0
1088,2024-01-04 09:02:57+00:00,2024-01-04 09:02:57+00:00,145.42296296296297,0.1951851851851853,48.16444444444445,157.02999999999997,35.71814814814817,37.76,1.4881481481481478,63.37222222222224,0.001374,0.000963,0.005057,12.446296296296282,0
1089,2024-01-04 09:02:59+00:00,2024-01-04 09:02:59+00:00,155.01137931034486,0.1975862068965517,48.252068965517246,168.0434482758621,35.73896551724139,37.9051724137931,1.6048275862068968,63.19000000000001,0.001383,0.000987,0.005336,12.513103448275857,0
1090,2024-01-04 09:03:00+00:00,2024-01-04 09:03:00+00:00,161.0169230769231,0.2088461538461539,48.27423076923076,173.50038461538458,35.75999999999999,37.97384615384616,1.6696153846153854,62.761153846153846,0.001453,0.001004,0.005619,12.514230769230773,0
1091,2024-01-04 09:03:01+00:00,2024-01-04 09:03:01+00:00,165.4466666666667,0.2055555555555556,48.29111111111111,178.8955555555555,35.764814814814805,38.06037037037037,1.7292592592592593,62.88444444444444,0.001456,0.001018,0.0057,12.526296296296302,0
1092,2024-01-04 09:03:02+00:00,2024-01-04 09:03:02+00:00,170.58892857142857,0.2060714285714286,48.37571428571429,183.63,35.753571428571426,38.16178571428572,1.788571428571428,62.97142857142854,0.00155,0.001044,0.005994,12.622142857142862,0
1093,2024-01-04 09:03:04+00:00,2024-01-04 09:03:04+00:00,178.40720000000002,0.2176,48.46200000000001,192.172,35.78679999999999,38.32279999999999,1.8988,62.534400000000005,0.00157,0.001016,0.006091,12.675200000000018,0
1094,2024-01-04 09:03:05+00:00,2024-01-04 09:03:05+00:00,182.60071428571425,0.2167857142857143,48.53964285714284,196.6475,35.80499999999999,38.377142857142864,1.9575,62.63607142857143,0.001656,0.001053,0.00636,12.734642857142845,0
1095,2024-01-04 09:03:06+00:00,2024-01-04 09:03:06+00:00,186.3232,0.2168000000000001,48.61120000000001,200.44,35.80560000000002,38.47880000000001,2.0128,62.53320000000001,0.001645,0.001043,0.006434,12.805599999999991,0
1096,2024-01-04 09:03:08+00:00,2024-01-04 09:03:08+00:00,193.9930434782609,0.2126086956521739,48.68739130434781,207.9686956521739,35.804347826086946,38.59347826086957,2.1134782608695653,62.55956521739132,0.001711,0.001043,0.006648,12.883043478260866,0
1097,2024-01-04 09:03:09+00:00,2024-01-04 09:03:09+00:00,197.7242307692308,0.2219230769230769,48.77461538461538,211.90461538461537,35.814230769230775,38.67,2.1680769230769235,62.30115384615386,0.001715,0.001054,0.006777,12.960384615384603,0
1098,2024-01-04 09:03:10+00:00,2024-01-04 09:03:10+00:00,200.66142857142856,0.2210714285714285,48.85178571428572,215.01857142857145,35.82392857142859,38.72500000000001,2.2250000000000005,62.137857142857136,0.001739,0.001038,0.006877,13.02785714285713,0
1099,2024-01-04 09:03:12+00:00,2024-01-04 09:03:12+00:00,206.15518518518525,0.2162962962962964,48.98592592592593,221.00814814814825,35.83851851851852,38.85370370370371,2.311851851851852,61.99555555555553,0.001752,0.00103,0.006957,13.147407407407414,0
1100,2024-01-04 09:03:13+00:00,2024-01-04 09:03:13+00:00,209.13000000000008,0.2225925925925926,49.06888888888888,223.91481481481483,35.84037037037039,38.93888888888888,2.352962962962963,62.3051851851852,0.001753,0.001027,0.007061,13.228518518518491,0
1101,2024-01-04 09:03:14+00:00,2024-01-04 09:03:14+00:00,210.61703703703705,0.2192592592592592,49.11962962962962,226.49,35.86037037037037,38.95185185185184,2.395555555555555,62.10111111111111,0.00178,0.001039,0.007152,13.259259259259252,0
1102,2024-01-04 09:03:16+00:00,2024-01-04 09:03:16+00:00,214.0499999999999,0.241,49.261333333333326,231.0596666666666,35.88,39.07333333333332,2.4680000000000004,62.17899999999999,0.001777,0.001047,0.007209,13.381333333333323,0
1103,2024-01-04 09:03:17+00:00,2024-01-04 09:03:17+00:00,215.50035714285715,0.2228571428571429,49.34142857142859,232.4114285714286,35.89607142857141,39.1232142857143,2.4985714285714287,61.948214285714265,0.001712,0.001053,0.007142,13.445357142857176,0
1104,2024-01-04 09:03:18+00:00,2024-01-04 09:03:18+00:00,217.23,0.2237037037037038,49.4451851851852,233.60259259259252,35.90592592592591,39.145555555555546,2.5192592592592598,61.70037037037034,0.001548,0.001049,0.00686,13.539259259259296,0
1105,2024-01-04 09:03:20+00:00,2024-01-04 09:03:20+00:00,219.0840740740741,0.2248148148148147,49.60333333333334,235.6325925925925,35.91629629629629,39.18740740740741,2.575925925925925,61.63222222222221,0.001535,0.001053,0.00689,13.68703703703705,0
1106,2024-01-04 09:03:21+00:00,2024-01-04 09:03:21+00:00,219.40959999999995,0.2348,49.6948,236.0272,35.93880000000001,39.2184,2.5711999999999997,61.704400000000014,0.001504,0.001075,0.006797,13.755999999999986,0
1107,2024-01-04 09:03:22+00:00,2024-01-04 09:03:22+00:00,219.8552,0.2307999999999999,49.72359999999999,235.7860000000001,35.943200000000004,39.22,2.576,61.3076,0.001486,0.001052,0.006743,13.780399999999986,0
1108,2024-01-04 09:03:23+00:00,2024-01-04 09:03:23+00:00,219.01870967741928,0.2354838709677419,49.8067741935484,235.466129032258,35.936774193548395,39.2558064516129,2.576774193548387,61.6967741935484,0.00148,0.001033,0.00672,13.870000000000005,0
1109,2024-01-04 09:03:25+00:00,2024-01-04 09:03:25+00:00,217.60888888888883,0.2322222222222222,49.98629629629628,234.8137037037038,35.932962962962954,39.28925925925926,2.5699999999999994,61.63740740740742,0.001452,0.001039,0.006684,14.053333333333327,0
1110,2024-01-04 09:03:26+00:00,2024-01-04 09:03:26+00:00,218.6414285714286,0.2232142857142857,50.07142857142856,233.6385714285715,35.931428571428555,39.31285714285713,2.564999999999998,62.010000000000005,0.001421,0.001049,0.006644,14.140000000000008,0
1111,2024-01-04 09:03:27+00:00,2024-01-04 09:03:27+00:00,215.28827586206896,0.2220689655172413,50.10068965517241,231.7041379310345,35.947931034482764,39.27034482758621,2.532068965517243,61.9048275862069,0.001432,0.001035,0.006617,14.152758620689646,0
1112,2024-01-04 09:03:29+00:00,2024-01-04 09:03:29+00:00,212.50346153846155,0.2246153846153846,50.28769230769231,228.2392307692308,35.95346153846154,39.311923076923065,2.487692307692308,61.92846153846156,0.001438,0.001041,0.00655,14.334230769230771,0
1113,2024-01-04 09:03:30+00:00,2024-01-04 09:03:30+00:00,210.78966666666665,0.2233333333333333,50.31833333333331,226.50233333333335,35.97100000000002,39.299,2.4493333333333345,61.985666666666674,0.001435,0.001055,0.00646,14.347333333333289,0
1114,2024-01-04 09:03:31+00:00,2024-01-04 09:03:31+00:00,208.2046428571429,0.2178571428571429,50.38928571428572,223.75,35.98642857142858,39.29892857142857,2.4114285714285715,61.91571428571429,0.001399,0.001038,0.006418,14.402857142857137,0
1115,2024-01-04 09:03:33+00:00,2024-01-04 09:03:33+00:00,203.30310344827583,0.2241379310344828,50.44551724137932,219.17034482758623,36.01689655172413,39.2089655172414,2.337241379310345,62.23344827586208,0.001404,0.001041,0.006358,14.42862068965519,0
1116,2024-01-04 09:03:34+00:00,2024-01-04 09:03:34+00:00,199.98107142857148,0.2078571428571429,50.46571428571429,215.085,36.021785714285706,39.17857142857142,2.277142857142858,62.15357142857143,0.001363,0.001034,0.006236,14.443928571428586,0
1117,2024-01-04 09:03:35+00:00,2024-01-04 09:03:35+00:00,196.7507142857144,0.2114285714285715,50.48285714285714,212.3882142857144,36.0125,39.15428571428572,2.2349999999999994,62.24107142857144,0.001352,0.001044,0.006124,14.470357142857146,0
1118,2024-01-04 09:03:37+00:00,2024-01-04 09:03:37+00:00,189.39433333333332,0.2086666666666666,50.562,204.1970000000001,36.04599999999998,39.13533333333335,2.1096666666666675,62.40833333333333,0.001331,0.001018,0.006035,14.51600000000002,0
1119,2024-01-04 09:03:38+00:00,2024-01-04 09:03:38+00:00,186.04851851851856,0.2129629629629629,50.5225925925926,200.5407407407407,36.04296296296295,39.06777777777776,2.061851851851852,62.78925925925929,0.001309,0.001025,0.005949,14.479629629629647,0
1120,2024-01-04 09:03:39+00:00,2024-01-04 09:03:39+00:00,181.34310344827583,0.2058620689655172,50.54241379310344,196.44413793103445,36.05310344827586,39.01862068965517,2.0037931034482748,62.63931034482759,0.001302,0.00102,0.00588,14.489310344827572,0
1121,2024-01-04 09:03:41+00:00,2024-01-04 09:03:41+00:00,173.80620689655177,0.2106896551724137,50.55793103448273,187.87275862068967,36.058965517241376,38.94206896551725,1.9268965517241377,63.00344827586208,0.001282,0.001045,0.005689,14.498965517241352,0
1122,2024-01-04 09:03:42+00:00,2024-01-04 09:03:42+00:00,168.57666666666668,0.203,50.59499999999999,182.10633333333337,36.05333333333331,38.865333333333325,1.8446666666666676,63.14033333333334,0.001281,0.001022,0.005608,14.541666666666671,0
1123,2024-01-04 09:03:43+00:00,2024-01-04 09:03:43+00:00,164.58961538461537,0.2069230769230769,50.60269230769229,178.3161538461538,36.069615384615375,38.82576923076924,1.802692307692308,63.27884615384615,0.001192,0.001005,0.005371,14.533076923076912,0
1124,2024-01-04 09:03:44+00:00,2024-01-04 09:03:44+00:00,159.09346153846147,0.2157692307692307,50.57730769230768,173.08730769230772,36.07038461538463,38.773461538461554,1.7453846153846144,63.14346153846156,0.001201,0.001005,0.005269,14.506923076923044,0
1125,2024-01-04 09:03:46+00:00,2024-01-04 09:03:46+00:00,149.41259259259257,0.2044444444444444,50.56037037037036,163.4733333333333,36.06296296296297,38.65592592592593,1.625185185185185,63.51703703703701,0.001198,0.000983,0.005109,14.497407407407389,0
1126,2024-01-04 09:03:47+00:00,2024-01-04 09:03:47+00:00,145.2885714285715,0.2014285714285714,50.60035714285711,157.87142857142865,36.06642857142858,38.6,1.5657142857142856,63.67249999999998,0.001131,0.00099,0.004835,14.533928571428532,0
1127,2024-01-04 09:03:48+00:00,2024-01-04 09:03:48+00:00,138.96333333333334,0.2033333333333334,50.47999999999999,152.3622222222222,36.09592592592595,38.494814814814816,1.505925925925926,63.89333333333335,0.001216,0.000963,0.004691,14.384074074074045,0
1128,2024-01-04 09:03:50+00:00,2024-01-04 09:03:50+00:00,129.44551724137935,0.2013793103448276,50.4496551724138,142.19413793103448,36.08724137931037,38.37793103448275,1.406206896551724,63.808965517241376,0.001191,0.000962,0.004607,14.362413793103428,0
1129,2024-01-04 09:03:51+00:00,2024-01-04 09:03:51+00:00,124.0936,0.1979999999999999,50.39239999999999,135.96120000000002,36.08520000000001,38.32719999999999,1.3463999999999996,63.97520000000002,0.001173,0.000976,0.004609,14.30719999999998,0
1130,2024-01-04 09:03:52+00:00,2024-01-04 09:03:52+00:00,119.3013793103448,0.1779310344827586,50.43241379310346,130.8768965517241,36.08586206896553,38.27103448275861,1.3034482758620691,64.07862068965517,0.001184,0.00097,0.004563,14.346551724137932,0
1131,2024-01-04 09:03:54+00:00,2024-01-04 09:03:54+00:00,107.9675,0.1817857142857144,50.32178571428569,119.06964285714284,36.118214285714295,38.118214285714274,1.1964285714285725,64.30357142857144,0.001167,0.00098,0.004475,14.203571428571394,0
1132,2024-01-04 09:03:55+00:00,2024-01-04 09:03:55+00:00,103.56851851851852,0.1718518518518518,50.26814814814813,113.61370370370368,36.133333333333326,38.06814814814816,1.1411111111111114,64.31111111111112,0.001146,0.000976,0.004358,14.134814814814805,0
1133,2024-01-04 09:03:56+00:00,2024-01-04 09:03:56+00:00,98.55384615384617,0.1861538461538462,50.25038461538463,108.11653846153848,36.15346153846152,37.98423076923075,1.0903846153846155,64.57615384615382,0.001121,0.000961,0.004216,14.096923076923112,0
1134,2024-01-04 09:03:58+00:00,2024-01-04 09:03:58+00:00,88.19851851851851,0.19,50.14851851851854,98.04703703703704,36.15777777777776,37.85481481481482,0.9892592592592592,64.92444444444442,0.001121,0.000903,0.004142,13.990740740740785,0
1135,2024-01-04 09:03:59+00:00,2024-01-04 09:03:59+00:00,82.6113333333333,0.179,50.10433333333332,92.94366666666669,36.16333333333331,37.81933333333333,0.9319999999999998,64.94966666666669,0.001113,0.0009,0.004092,13.941000000000004,0
1136,2024-01-04 09:04:00+00:00,2024-01-04 09:04:00+00:00,79.01655172413791,0.1806896551724138,50.0248275862069,87.49344827586205,36.17758620689657,37.69517241379311,0.8744827586206901,64.61379310344827,0.00108,0.000868,0.003873,13.847241379310326,0
1137,2024-01-04 09:04:01+00:00,2024-01-04 09:04:01+00:00,74.00333333333333,0.1737037037037037,49.95629629629631,82.49777777777778,36.19037037037037,37.641481481481485,0.8274074074074075,65.13111111111112,0.00105,0.000875,0.003767,13.76592592592594,0
1138,2024-01-04 09:04:03+00:00,2024-01-04 09:04:03+00:00,65.02464285714288,0.1728571428571428,49.88464285714285,72.85107142857143,36.182857142857145,37.531785714285725,0.7139285714285716,65.24499999999999,0.001067,0.000886,0.003717,13.701785714285704,0
1139,2024-01-04 09:04:04+00:00,2024-01-04 09:04:04+00:00,60.26458333333334,0.1641666666666666,49.81791666666667,67.84166666666667,36.18541666666665,37.48375,0.6633333333333336,65.11125000000001,0.00098,0.000842,0.003509,13.632500000000022,0
1140,2024-01-04 09:04:05+00:00,2024-01-04 09:04:05+00:00,56.30555555555555,0.1622222222222222,49.76407407407409,63.598888888888894,36.18444444444444,37.427037037037024,0.5670370370370369,65.19888888888889,0.00099,0.000789,0.003467,13.57962962962965,0
1141,2024-01-04 09:04:07+00:00,2024-01-04 09:04:07+00:00,48.171923076923086,0.1638461538461538,49.67115384615386,55.255,36.17884615384615,37.33076923076924,-0.0546153846153846,65.57269230769231,0.000935,0.000814,0.003279,13.492307692307705,0
1142,2024-01-04 09:04:08+00:00,2024-01-04 09:04:08+00:00,45.09703703703703,0.1655555555555555,49.57185185185184,52.32555555555555,36.197037037037056,37.25925925925925,-0.0533333333333333,65.14851851851851,0.000964,0.000804,0.003214,13.374814814814783,0
1143,2024-01-04 09:04:09+00:00,2024-01-04 09:04:09+00:00,41.74307692307691,0.1742307692307692,49.49999999999999,48.3923076923077,36.19538461538463,37.185,-0.05,65.6476923076923,0.000928,0.000768,0.0031,13.30461538461536,0
1144,2024-01-04 09:04:11+00:00,2024-01-04 09:04:11+00:00,34.965769230769226,0.1553846153846153,49.4296153846154,41.287692307692296,36.21269230769232,37.15269230769231,-0.0561538461538461,65.9126923076923,0.000878,0.000747,0.002941,13.216923076923074,0
1145,2024-01-04 09:04:12+00:00,2024-01-04 09:04:12+00:00,32.4012,0.1548,49.3016,39.25400000000001,36.2436,37.08760000000001,-0.0516,65.83760000000001,0.000865,0.000769,0.002925,13.058,0
1146,2024-01-04 09:04:13+00:00,2024-01-04 09:04:13+00:00,31.06892857142858,0.1589285714285714,49.32571428571428,36.09214285714286,36.23071428571429,37.03785714285714,-0.0557142857142857,65.85285714285713,0.000888,0.000749,0.002848,13.094999999999985,0
1147,2024-01-04 09:04:15+00:00,2024-01-04 09:04:15+00:00,25.816071428571423,0.1642857142857143,49.17464285714284,31.60499999999999,36.26857142857141,36.99642857142857,-0.0575,66.00857142857144,0.000902,0.000743,0.002782,12.906071428571424,0
1148,2024-01-04 09:04:16+00:00,2024-01-04 09:04:16+00:00,24.523448275862066,0.1727586206896552,49.13517241379309,30.28862068965518,36.289310344827584,36.96999999999999,-0.0568965517241379,66.03,0.000815,0.000822,0.002735,12.84586206896551,0
1149,2024-01-04 09:04:17+00:00,2024-01-04 09:04:17+00:00,22.44960000000001,0.1588,49.102,27.79720000000001,36.29119999999998,36.9752,-0.0536,65.9132,0.000788,0.000759,0.002646,12.810800000000022,0
1150,2024-01-04 09:04:19+00:00,2024-01-04 09:04:19+00:00,20.52785714285715,0.1642857142857143,48.99964285714286,26.09892857142857,36.33142857142857,36.93178571428571,-0.0582142857142857,66.1014285714286,0.000819,0.000835,0.002645,12.668214285714292,0
1151,2024-01-04 09:04:20+00:00,2024-01-04 09:04:20+00:00,19.558571428571437,0.1603571428571429,48.9325,24.87678571428571,36.3307142857143,36.868928571428576,-0.0585714285714286,66.17642857142856,0.000792,0.000824,0.00264,12.601785714285697,0
1152,2024-01-04 09:04:21+00:00,2024-01-04 09:04:21+00:00,19.889629629629635,0.1566666666666666,48.89777777777777,25.2237037037037,36.32370370370373,36.87,-0.0585185185185185,65.89629629629631,0.00083,0.000834,0.002662,12.57407407407404,0
1153,2024-01-04 09:04:22+00:00,2024-01-04 09:04:22+00:00,19.78300000000001,0.161,48.82999999999998,24.323666666666657,36.33400000000001,36.85833333333333,-0.059,66.21533333333332,0.000966,0.000876,0.00262,12.495999999999968,0
1154,2024-01-04 09:04:24+00:00,2024-01-04 09:04:24+00:00,20.453214285714285,0.1485714285714285,48.807857142857145,24.755,36.32892857142858,36.892500000000005,-0.0578571428571428,65.94821428571429,0.000876,0.000865,0.002602,12.47892857142856,0
1155,2024-01-04 09:04:25+00:00,2024-01-04 09:04:25+00:00,21.13137931034483,0.1665517241379311,48.77275862068966,26.6796551724138,36.34137931034484,36.85620689655173,-0.06,66.08275862068965,0.00081,0.000783,0.002636,12.431379310344816,0
1156,2024-01-04 09:04:26+00:00,2024-01-04 09:04:26+00:00,22.012692307692305,0.1588461538461539,48.71076923076924,26.77461538461538,36.34076923076924,36.86884615384615,-0.06,66.00730769230769,0.000851,0.000746,0.002683,12.369999999999996,0
1157,2024-01-04 09:04:28+00:00,2024-01-04 09:04:28+00:00,24.07870967741936,0.1425806451612903,48.73064516129033,29.247096774193544,36.36193548387096,36.94548387096775,-0.0551612903225806,65.69032258064516,0.000841,0.000815,0.002758,12.368709677419377,0
1158,2024-01-04 09:04:29+00:00,2024-01-04 09:04:29+00:00,26.112592592592588,0.1629629629629629,48.67111111111112,31.190370370370392,36.37222222222223,36.927037037037024,-0.0551851851851852,65.91407407407408,0.000883,0.00072,0.002808,12.29888888888889,0
1159,2024-01-04 09:04:30+00:00,2024-01-04 09:04:30+00:00,28.58666666666666,0.1533333333333333,48.65370370370373,33.18666666666666,36.38444444444444,36.99555555555556,-0.0562962962962963,65.85259259259259,0.000961,0.00076,0.0028,12.269259259259286,0
1160,2024-01-04 09:04:32+00:00,2024-01-04 09:04:32+00:00,33.24899999999999,0.157,48.64833333333331,37.638000000000005,36.41666666666666,37.03033333333335,-0.0556666666666667,65.72966666666666,0.000868,0.000766,0.002832,12.231666666666657,0
1161,2024-01-04 09:04:33+00:00,2024-01-04 09:04:33+00:00,36.00538461538463,0.1607692307692307,48.67153846153846,41.20884615384615,36.4203846153846,37.08307692307692,-0.0565384615384615,65.52576923076923,0.000901,0.000846,0.002927,12.251153846153862,0
1162,2024-01-04 09:04:34+00:00,2024-01-04 09:04:34+00:00,39.31032258064516,0.154516129032258,48.69548387096776,44.52903225806451,36.41741935483871,37.1267741935484,-0.06,65.31806451612903,0.000976,0.000803,0.003031,12.278064516129056,0
1163,2024-01-04 09:04:36+00:00,2024-01-04 09:04:36+00:00,45.294615384615376,0.1592307692307692,48.64269230769231,51.1623076923077,36.44961538461539,37.17653846153845,-0.055,65.54384615384616,0.000871,0.000769,0.003085,12.193076923076916,0
1164,2024-01-04 09:04:37+00:00,2024-01-04 09:04:37+00:00,48.13115384615385,0.1557692307692307,48.67884615384615,54.83269230769231,36.44153846153847,37.24038461538461,-0.0538461538461538,65.2303846153846,0.000929,0.000779,0.003227,12.23730769230768,0
1165,2024-01-04 09:04:38+00:00,2024-01-04 09:04:38+00:00,53.36137931034485,0.1655172413793104,48.666896551724136,59.17103448275863,36.45034482758622,37.31344827586207,-0.0568965517241379,65.31793103448275,0.000971,0.000862,0.003346,12.216551724137917,0
1166,2024-01-04 09:04:39+00:00,2024-01-04 09:04:39+00:00,56.79185185185185,0.1670370370370371,48.65111111111111,63.42777777777777,36.47481481481483,37.36629629629631,0.1829629629629629,65.21666666666667,0.001007,0.00086,0.003449,12.17629629629628,0
1167,2024-01-04 09:04:41+00:00,2024-01-04 09:04:41+00:00,64.62692307692308,0.1592307692307692,48.69653846153847,72.17384615384616,36.47192307692308,37.50461538461538,0.6757692307692308,65.05230769230769,0.001068,0.000846,0.003647,12.224615384615385,0
1168,2024-01-04 09:04:42+00:00,2024-01-04 09:04:42+00:00,69.71586206896549,0.1775862068965518,48.63344827586207,77.11827586206896,36.49206896551725,37.49862068965517,0.7224137931034483,65.17965517241379,0.001062,0.000917,0.003744,12.141379310344815,0
1169,2024-01-04 09:04:43+00:00,2024-01-04 09:04:43+00:00,74.76925925925924,0.1899999999999999,48.66222222222223,82.79555555555557,36.504444444444445,37.60296296296296,0.7833333333333334,65.26296296296297,0.00108,0.000879,0.003882,12.15777777777778,0
1170,2024-01-04 09:04:45+00:00,2024-01-04 09:04:45+00:00,84.23551724137931,0.1903448275862069,48.67586206896552,92.67103448275864,36.51172413793103,37.72413793103448,0.8844827586206894,64.55620689655171,0.00119,0.000929,0.004094,12.164137931034489,0
1171,2024-01-04 09:04:46+00:00,2024-01-04 09:04:46+00:00,88.95038461538459,0.1846153846153846,48.75115384615384,97.15423076923074,36.49884615384615,37.85499999999998,0.9357692307692306,64.4169230769231,0.001138,0.000937,0.004155,12.25230769230768,0
1172,2024-01-04 09:04:47+00:00,2024-01-04 09:04:47+00:00,93.00035714285715,0.1778571428571428,48.6914285714286,102.14071428571428,36.52821428571427,37.88357142857142,0.9882142857142858,64.44464285714285,0.00116,0.000966,0.004201,12.163214285714323,0
1173,2024-01-04 09:04:49+00:00,2024-01-04 09:04:49+00:00,102.9776666666667,0.1786666666666666,48.69666666666665,112.58333333333331,36.563,38.02533333333331,1.0903333333333336,64.04399999999998,0.001188,0.000946,0.004326,12.133666666666649,0
1174,2024-01-04 09:04:50+00:00,2024-01-04 09:04:50+00:00,109.47192307692308,0.1965384615384615,48.6923076923077,119.19384615384617,36.57884615384617,38.12307692307692,1.1323076923076925,64.4926923076923,0.001259,0.000969,0.004499,12.113461538461529,0
1175,2024-01-04 09:04:51+00:00,2024-01-04 09:04:51+00:00,114.44750000000002,0.185,48.78178571428571,123.8671428571428,36.58500000000002,38.241785714285705,1.1907142857142858,64.09571428571427,0.001263,0.000987,0.004589,12.196785714285689,0
1176,2024-01-04 09:04:53+00:00,2024-01-04 09:04:53+00:00,123.70083333333332,0.17375,48.78666666666666,135.16666666666666,36.65124999999999,38.38125,1.2841666666666665,63.51750000000001,0.00131,0.000995,0.004655,12.135416666666671,0
1177,2024-01-04 09:04:54+00:00,2024-01-04 09:04:54+00:00,129.75178571428577,0.1925000000000001,48.80714285714284,140.01714285714294,36.66035714285712,38.42535714285714,1.3335714285714284,63.79750000000001,0.001238,0.000989,0.004656,12.14678571428572,0
1178,2024-01-04 09:04:55+00:00,2024-01-04 09:04:55+00:00,134.93766666666664,0.187,48.85966666666666,146.029,36.65333333333332,38.565000000000005,1.396333333333333,63.54933333333333,0.001177,0.001023,0.004599,12.20633333333334,0
1179,2024-01-04 09:04:57+00:00,2024-01-04 09:04:57+00:00,145.9191666666667,0.1883333333333333,48.85666666666666,156.7458333333333,36.656666666666645,38.66999999999999,1.5083333333333335,63.29041666666669,0.001224,0.001013,0.004873,12.200000000000015,0
1180,2024-01-04 09:04:58+00:00,2024-01-04 09:04:58+00:00,150.3776923076923,0.1946153846153846,48.86346153846153,162.19884615384615,36.658846153846135,38.77961538461539,1.5542307692307686,63.27884615384615,0.001273,0.000997,0.005095,12.204615384615394,0
1181,2024-01-04 09:04:59+00:00,2024-01-04 09:04:59+00:00,154.49518518518522,0.1948148148148148,48.98333333333334,166.83074074074077,36.64777777777777,38.90111111111111,1.623333333333333,63.184444444444445,0.001229,0.001019,0.005158,12.335555555555572,0
1182,2024-01-04 09:05:00+00:00,2024-01-04 09:05:00+00:00,159.74888888888893,0.2074074074074074,48.97888888888889,172.38740740740738,36.69111111111112,38.948888888888895,1.6855555555555557,63.09000000000001,0.001322,0.001023,0.005499,12.28777777777777,0
1183,2024-01-04 09:05:02+00:00,2024-01-04 09:05:02+00:00,169.2146666666667,0.1899999999999999,49.06966666666666,181.24,36.69066666666667,39.10200000000001,1.808999999999999,62.943333333333335,0.001334,0.001018,0.005552,12.37899999999999,0
1184,2024-01-04 09:05:03+00:00,2024-01-04 09:05:03+00:00,172.7076,0.2024,49.11480000000002,186.7936,36.716000000000015,39.1964,1.8668000000000005,62.87519999999999,0.001387,0.001053,0.005841,12.3988,0
1185,2024-01-04 09:05:04+00:00,2024-01-04 09:05:04+00:00,178.40919999999997,0.2104000000000001,49.155600000000014,191.68439999999995,36.7444,39.222,1.9288000000000007,62.835200000000015,0.001382,0.001031,0.005949,12.411200000000017,0
1186,2024-01-04 09:05:06+00:00,2024-01-04 09:05:06+00:00,185.7886206896552,0.2210344827586207,49.25344827586206,200.0437931034484,36.74103448275863,39.38310344827586,2.0420689655172413,62.53517241379311,0.0014,0.001053,0.00607,12.512413793103434,0
1187,2024-01-04 09:05:07+00:00,2024-01-04 09:05:07+00:00,189.81592592592588,0.2211111111111112,49.32333333333333,204.56999999999996,36.73666666666667,39.48777777777778,2.08962962962963,62.54185185185188,0.001427,0.001056,0.006209,12.58666666666666,0
1188,2024-01-04 09:05:08+00:00,2024-01-04 09:05:08+00:00,193.3925925925926,0.2251851851851852,49.39333333333333,207.89111111111103,36.74074074074075,39.51814814814815,2.1481481481481484,62.23555555555556,0.001469,0.001066,0.006358,12.652592592592583,0
1189,2024-01-04 09:05:10+00:00,2024-01-04 09:05:10+00:00,200.267037037037,0.2159259259259259,49.49777777777778,214.92074074074063,36.75444444444444,39.65888888888887,2.2607407407407414,62.21814814814816,0.001472,0.001067,0.006432,12.74333333333334,0
1190,2024-01-04 09:05:11+00:00,2024-01-04 09:05:11+00:00,202.57518518518523,0.2248148148148148,49.58407407407406,218.22481481481475,36.7785185185185,39.736666666666665,2.3103703703703697,61.87666666666665,0.001484,0.001103,0.006508,12.805555555555555,0
1191,2024-01-04 09:05:12+00:00,2024-01-04 09:05:12+00:00,206.69,0.2148148148148149,49.6614814814815,221.20259259259257,36.78518518518516,39.80814814814816,2.3585185185185176,61.894074074074105,0.001446,0.001083,0.006457,12.87629629629634,0
1192,2024-01-04 09:05:14+00:00,2024-01-04 09:05:14+00:00,210.92407407407404,0.2244444444444445,49.78962962962961,226.69259259259255,36.79851851851852,39.88925925925925,2.444814814814816,62.12592592592593,0.001434,0.001081,0.006498,12.991111111111088,0
1193,2024-01-04 09:05:15+00:00,2024-01-04 09:05:15+00:00,212.60034482758627,0.2217241379310345,49.89793103448278,228.58172413793108,36.80999999999999,39.94275862068966,2.482068965517241,61.88448275862069,0.001452,0.001101,0.006536,13.087931034482793,0
1194,2024-01-04 09:05:16+00:00,2024-01-04 09:05:16+00:00,214.95962962962963,0.2262962962962963,49.9662962962963,230.3144444444445,36.81703703703705,39.99037037037037,2.5074074074074075,61.95185185185187,0.001477,0.001077,0.006617,13.149259259259246,0
1195,2024-01-04 09:05:17+00:00,2024-01-04 09:05:17+00:00,216.1968,0.2260000000000001,50.0224,231.746,36.8216,40.0096,2.5392,61.85479999999998,0.001457,0.001094,0.006682,13.200799999999994,0
1196,2024-01-04 09:05:19+00:00,2024-01-04 09:05:19+00:00,218.0989655172413,0.22,50.16827586206897,233.60413793103447,36.82689655172416,40.07344827586208,2.584137931034484,61.626206896551714,0.001462,0.001067,0.006715,13.341379310344813,0
1197,2024-01-04 09:05:20+00:00,2024-01-04 09:05:20+00:00,217.1296428571429,0.2217857142857142,50.29821428571427,235.17071428571427,36.82892857142858,40.15428571428573,2.6046428571428573,61.67142857142857,0.001482,0.001095,0.006744,13.46928571428569,0
1198,2024-01-04 09:05:21+00:00,2024-01-04 09:05:21+00:00,219.79333333333335,0.217037037037037,50.38333333333335,235.39259259259256,36.84740740740741,40.17740740740743,2.6237037037037028,61.45740740740741,0.001508,0.001109,0.006819,13.535925925925936,0
1199,2024-01-04 09:05:23+00:00,2024-01-04 09:05:23+00:00,219.27840000000003,0.2220000000000001,50.52199999999998,234.60840000000005,36.85600000000001,40.21519999999999,2.6236,61.819200000000016,0.001437,0.001097,0.006655,13.665999999999968,0
1200,2024-01-04 09:05:24+00:00,2024-01-04 09:05:24+00:00,217.95370370370367,0.2325925925925927,50.55962962962961,234.55148148148143,36.87148148148148,40.20000000000001,2.6214814814814806,61.69962962962963,0.001425,0.001104,0.006588,13.68814814814813,0
1201,2024-01-04 09:05:25+00:00,2024-01-04 09:05:25+00:00,217.9789285714287,0.2242857142857144,50.703214285714296,234.41107142857135,36.885714285714286,40.20142857142857,2.6289285714285726,61.492142857142845,0.001412,0.001122,0.006548,13.81750000000001,0
1202,2024-01-04 09:05:27+00:00,2024-01-04 09:05:27+00:00,215.98586206896545,0.2155172413793103,50.83517241379311,232.10137931034487,36.89655172413792,40.260344827586216,2.592413793103448,61.87206896551723,0.001383,0.001068,0.006489,13.938620689655188,0
1203,2024-01-04 09:05:28+00:00,2024-01-04 09:05:28+00:00,213.55153846153848,0.2180769230769231,50.85500000000001,231.4042307692308,36.9130769230769,40.2273076923077,2.580384615384616,61.60192307692308,0.00138,0.001071,0.006449,13.94192307692311,0
1204,2024-01-04 09:05:29+00:00,2024-01-04 09:05:29+00:00,213.22533333333345,0.2143333333333333,50.89933333333336,229.193,36.945000000000014,40.23,2.5580000000000003,61.85033333333335,0.001357,0.00107,0.006412,13.954333333333343,0
1205,2024-01-04 09:05:31+00:00,2024-01-04 09:05:31+00:00,208.50827586206887,0.2293103448275862,51.02206896551723,224.2234482758621,36.94,40.20620689655173,2.467931034482759,62.37275862068965,0.00137,0.001077,0.006335,14.08206896551723,0
1206,2024-01-04 09:05:32+00:00,2024-01-04 09:05:32+00:00,207.3914814814814,0.2248148148148148,51.10703703703705,222.3574074074073,36.96666666666669,40.21407407407407,2.4325925925925924,61.93481481481484,0.001415,0.001092,0.006291,14.140370370370364,0
1207,2024-01-04 09:05:33+00:00,2024-01-04 09:05:33+00:00,203.5181481481481,0.2088888888888889,51.14259259259258,218.315925925926,36.96481481481483,40.183703703703706,2.391851851851852,62.0562962962963,0.001354,0.001104,0.006213,14.177777777777749,0
1208,2024-01-04 09:05:35+00:00,2024-01-04 09:05:35+00:00,197.078,0.2200000000000001,51.216,213.247,36.96500000000002,40.129666666666665,2.299999999999999,62.523,0.001343,0.001079,0.006135,14.250999999999983,0
1209,2024-01-04 09:05:36+00:00,2024-01-04 09:05:36+00:00,194.23466666666656,0.2056666666666667,51.24833333333334,208.74266666666665,36.96033333333335,40.12599999999998,2.2359999999999998,61.99766666666667,0.001346,0.001077,0.00608,14.287999999999997,0
1210,2024-01-04 09:05:37+00:00,2024-01-04 09:05:37+00:00,190.18875000000003,0.2129166666666666,51.234583333333326,205.55250000000004,36.98000000000001,40.07041666666666,2.1733333333333333,62.45916666666667,0.001301,0.001075,0.005978,14.254583333333317,0
1211,2024-01-04 09:05:38+00:00,2024-01-04 09:05:38+00:00,187.2841379310345,0.2179310344827586,51.27,201.4820689655173,36.99172413793104,39.99965517241379,2.1100000000000003,62.422758620689656,0.001294,0.001069,0.005883,14.27827586206896,0
1212,2024-01-04 09:05:40+00:00,2024-01-04 09:05:40+00:00,178.66555555555564,0.2085185185185185,51.29666666666666,191.6855555555555,37.01296296296295,39.88740740740741,2.014444444444444,62.788148148148174,0.001244,0.00106,0.005718,14.283703703703708,0
1213,2024-01-04 09:05:41+00:00,2024-01-04 09:05:41+00:00,173.72592592592594,0.1996296296296296,51.326296296296285,187.82037037037043,37.00629629629629,39.85148148148148,1.9566666666666677,62.76222222222224,0.001229,0.001032,0.005592,14.319999999999991,0
1214,2024-01-04 09:05:42+00:00,2024-01-04 09:05:42+00:00,169.43120000000002,0.2032,51.30359999999998,183.63960000000003,37.02479999999999,39.7924,1.9,62.814800000000005,0.001221,0.001039,0.005506,14.278799999999997,0
1215,2024-01-04 09:05:44+00:00,2024-01-04 09:05:44+00:00,161.33892857142857,0.1982142857142857,51.296071428571416,173.64000000000004,37.02749999999998,39.68285714285714,1.7878571428571437,63.053928571428585,0.00119,0.001038,0.005349,14.268571428571434,0
1216,2024-01-04 09:05:45+00:00,2024-01-04 09:05:45+00:00,155.61259259259256,0.1940740740740741,51.26555555555555,168.3285185185186,37.01925925925926,39.64481481481481,1.7188888888888896,63.0751851851852,0.001159,0.001021,0.005139,14.246296296296292,0
1217,2024-01-04 09:05:46+00:00,2024-01-04 09:05:46+00:00,150.5134615384616,0.2023076923076923,51.2803846153846,163.60192307692307,37.03384615384614,39.591538461538455,1.662692307692308,63.00346153846155,0.001169,0.001005,0.004979,14.246538461538456,0
1218,2024-01-04 09:05:48+00:00,2024-01-04 09:05:48+00:00,139.40178571428575,0.1803571428571429,51.23357142857144,152.41249999999997,37.03357142857142,39.46678571428572,1.540357142857144,63.4089285714286,0.001115,0.001002,0.004761,14.200000000000015,0
1219,2024-01-04 09:05:49+00:00,2024-01-04 09:05:49+00:00,135.49719999999996,0.1908,51.17239999999999,147.8588,37.04760000000002,39.3544,1.4864,63.713999999999984,0.001106,0.000983,0.004567,14.124799999999972,0
1220,2024-01-04 09:05:50+00:00,2024-01-04 09:05:50+00:00,131.33730769230766,0.1880769230769231,51.13192307692308,142.62692307692308,37.07076923076924,39.33269230769231,1.4280769230769237,64.08384615384615,0.001109,0.000978,0.004533,14.061153846153845,0
1221,2024-01-04 09:05:52+00:00,2024-01-04 09:05:52+00:00,120.11074074074077,0.1970370370370371,51.08000000000001,131.02518518518522,37.05222222222222,39.20481481481482,1.3181481481481483,64.11407407407407,0.001122,0.000969,0.004473,14.027777777777793,0
1222,2024-01-04 09:05:53+00:00,2024-01-04 09:05:53+00:00,114.42374999999998,0.1795833333333333,51.07374999999999,125.18375,37.059583333333336,39.14124999999999,1.2725000000000004,64.0375,0.001129,0.000971,0.004384,14.014166666666654,0
1223,2024-01-04 09:05:54+00:00,2024-01-04 09:05:54+00:00,109.3488888888889,0.1781481481481481,50.98481481481482,119.68703703703709,37.06555555555555,39.05777777777776,1.22,64.01592592592594,0.001145,0.000964,0.004295,13.91925925925927,0
1224,2024-01-04 09:05:56+00:00,2024-01-04 09:05:56+00:00,98.91678571428572,0.1803571428571429,50.90535714285718,109.29357142857144,37.09428571428573,38.95428571428571,1.1142857142857143,64.31500000000001,0.001107,0.000969,0.004215,13.811071428571443,0
1225,2024-01-04 09:05:57+00:00,2024-01-04 09:05:57+00:00,94.09666666666668,0.181111111111111,50.80777777777776,103.4948148148148,37.10222222222223,38.86185185185186,1.0640740740740735,64.48814814814813,0.001127,0.000953,0.004132,13.705555555555527,0
1226,2024-01-04 09:05:58+00:00,2024-01-04 09:05:58+00:00,89.02259259259262,0.1885185185185185,50.817407407407394,98.31703703703704,37.122962962962966,38.79777777777778,1.0129629629629633,64.74444444444445,0.001151,0.000971,0.004042,13.694444444444429,0
1227,2024-01-04 09:05:59+00:00,2024-01-04 09:05:59+00:00,84.45103448275859,0.1786206896551724,50.746206896551726,92.66551724137932,37.12241379310345,38.69620689655172,0.9493103448275862,64.59655172413794,0.001057,0.000906,0.00394,13.623793103448278,0
1228,2024-01-04 09:06:01+00:00,2024-01-04 09:06:01+00:00,74.23925925925926,0.1722222222222222,50.69259259259261,82.68666666666667,37.14148148148148,38.62814814814815,0.8448148148148148,65.04000000000002,0.001,0.00089,0.003722,13.551111111111126,0
1229,2024-01-04 09:06:02+00:00,2024-01-04 09:06:02+00:00,70.8423076923077,0.1873076923076923,50.61807692307689,78.5823076923077,37.14923076923076,38.53038461538462,0.783076923076923,65.23538461538462,0.000992,0.000902,0.003593,13.46884615384613,0
1230,2024-01-04 09:06:03+00:00,2024-01-04 09:06:03+00:00,65.8457142857143,0.1660714285714285,50.56071428571427,72.75642857142856,37.14214285714285,38.48535714285714,0.7371428571428574,65.06142857142858,0.001,0.000862,0.00357,13.418571428571418,0
1231,2024-01-04 09:06:05+00:00,2024-01-04 09:06:05+00:00,56.73428571428571,0.1814285714285714,50.47107142857143,64.47357142857142,37.13749999999999,38.36,0.6335714285714286,65.50249999999998,0.000918,0.000852,0.00337,13.33357142857144,0
1232,2024-01-04 09:06:06+00:00,2024-01-04 09:06:06+00:00,53.230384615384615,0.155,50.39307692307689,60.33230769230772,37.15115384615383,38.29307692307692,0.4888461538461539,65.16961538461538,0.000916,0.000823,0.003305,13.241923076923058,0
1233,2024-01-04 09:06:07+00:00,2024-01-04 09:06:07+00:00,48.39999999999999,0.1668,50.31079999999999,55.9436,37.14879999999998,38.26519999999999,-0.0532,65.37360000000001,0.000923,0.000787,0.003169,13.162000000000011,0
1234,2024-01-04 09:06:09+00:00,2024-01-04 09:06:09+00:00,42.16785714285713,0.1592857142857142,50.22964285714288,48.67642857142858,37.17214285714287,38.13142857142856,-0.0642857142857143,65.5432142857143,0.000941,0.000782,0.003074,13.057500000000012,0
1235,2024-01-04 09:06:10+00:00,2024-01-04 09:06:10+00:00,39.57344827586208,0.1703448275862069,50.1796551724138,45.21655172413794,37.17689655172414,38.0903448275862,-0.0651724137931034,65.86517241379309,0.000844,0.000764,0.002952,13.002758620689654,0
1236,2024-01-04 09:06:11+00:00,2024-01-04 09:06:11+00:00,35.43714285714285,0.175,50.11142857142859,42.34928571428571,37.20750000000002,38.06392857142857,-0.0610714285714286,65.80892857142857,0.000841,0.000746,0.002855,12.903928571428573,0
1237,2024-01-04 09:06:13+00:00,2024-01-04 09:06:13+00:00,30.9644,0.158,50.002800000000015,36.3696,37.234400000000015,37.98199999999999,-0.06,65.73519999999999,0.000895,0.000732,0.002735,12.7684,0
1238,2024-01-04 09:06:14+00:00,2024-01-04 09:06:14+00:00,28.315185185185182,0.1625925925925926,49.90296296296297,33.7337037037037,37.23962962962963,37.9137037037037,-0.0618518518518518,65.7025925925926,0.000816,0.000762,0.002747,12.663333333333334,0
1239,2024-01-04 09:06:15+00:00,2024-01-04 09:06:15+00:00,26.7988888888889,0.16,49.88148148148149,31.50925925925926,37.22703703703705,37.94888888888889,-0.0625925925925926,66.06148148148145,0.000815,0.000801,0.002625,12.654444444444437,0
1240,2024-01-04 09:06:16+00:00,2024-01-04 09:06:16+00:00,24.248518518518523,0.1644444444444445,49.76851851851852,29.73925925925924,37.2537037037037,37.84,-0.06,66.14296296296294,0.0009,0.000847,0.002581,12.51481481481482,0
1241,2024-01-04 09:06:18+00:00,2024-01-04 09:06:18+00:00,21.684615384615377,0.1661538461538461,49.70038461538464,26.753076923076915,37.24846153846154,37.84346153846155,-0.0653846153846154,66.09615384615384,0.000806,0.000834,0.002555,12.451923076923094,0
1242,2024-01-04 09:06:19+00:00,2024-01-04 09:06:19+00:00,21.11576923076923,0.1546153846153846,49.66000000000001,25.76384615384615,37.24846153846154,37.83615384615386,-0.0623076923076923,66.17730769230772,0.000794,0.000791,0.0025,12.41153846153847,0
1243,2024-01-04 09:06:20+00:00,2024-01-04 09:06:20+00:00,19.87413793103448,0.153448275862069,49.58586206896551,25.163448275862063,37.27275862068964,37.81206896551724,-0.0651724137931034,66.01241379310346,0.00083,0.000839,0.00256,12.313103448275877,0
1244,2024-01-04 09:06:22+00:00,2024-01-04 09:06:22+00:00,19.59464285714285,0.1592857142857143,49.53892857142857,24.36500000000001,37.309642857142855,37.80750000000002,-0.0614285714285714,65.95714285714284,0.000801,0.000807,0.002532,12.229285714285716,0
1245,2024-01-04 09:06:23+00:00,2024-01-04 09:06:23+00:00,20.03214285714285,0.1675,49.45285714285716,24.415714285714294,37.3092857142857,37.77785714285715,-0.0639285714285714,66.0875,0.000796,0.000799,0.002478,12.143571428571455,0
1246,2024-01-04 09:06:24+00:00,2024-01-04 09:06:24+00:00,20.03,0.1557692307692307,49.45615384615385,24.279615384615383,37.32423076923079,37.8,-0.0676923076923077,66.17769230769233,0.00079,0.000831,0.002491,12.131923076923066,0
1247,2024-01-04 09:06:26+00:00,2024-01-04 09:06:26+00:00,22.19461538461537,0.1688461538461538,49.3973076923077,27.022692307692317,37.34000000000002,37.81038461538461,-0.0688461538461538,66.0103846153846,0.000762,0.000797,0.002555,12.05730769230768,0
1248,2024-01-04 09:06:27+00:00,2024-01-04 09:06:27+00:00,22.675999999999995,0.1653333333333333,49.37666666666664,27.598,37.36299999999999,37.79966666666668,-0.0666666666666667,66.18099999999998,0.000749,0.000803,0.00254,12.013666666666651,0
1249,2024-01-04 09:06:28+00:00,2024-01-04 09:06:28+00:00,24.542222222222215,0.1625925925925926,49.3674074074074,29.334814814814823,37.36370370370371,37.86629629629629,-0.06,65.93925925925926,0.000777,0.000822,0.002659,12.003703703703684,0
1250,2024-01-04 09:06:30+00:00,2024-01-04 09:06:30+00:00,27.01793103448276,0.1572413793103448,49.38344827586208,32.22793103448276,37.36724137931035,37.86689655172414,-0.06,65.76482758620689,0.000858,0.000721,0.002698,12.01620689655173,0
1251,2024-01-04 09:06:31+00:00,2024-01-04 09:06:31+00:00,29.888518518518524,0.1562962962962963,49.33222222222219,35.044444444444444,37.37481481481481,37.902962962962974,-0.06,65.76333333333335,0.000828,0.000797,0.002669,11.95740740740738,0
1252,2024-01-04 09:06:32+00:00,2024-01-04 09:06:32+00:00,32.91538461538462,0.1646153846153846,49.35961538461539,38.04923076923076,37.40230769230767,37.94307692307693,-0.06,65.52730769230769,0.000839,0.000792,0.002783,11.957307692307715,0
1253,2024-01-04 09:06:34+00:00,2024-01-04 09:06:34+00:00,38.25392857142857,0.1707142857142857,49.35285714285713,44.20714285714286,37.42714285714284,38.0367857142857,-0.0607142857142857,65.50571428571429,0.000867,0.000792,0.002804,11.925714285714292,0
1254,2024-01-04 09:06:35+00:00,2024-01-04 09:06:35+00:00,41.5075,0.1682142857142858,49.35714285714288,47.65250000000002,37.42499999999999,38.07535714285715,-0.0607142857142857,65.71464285714283,0.000897,0.000807,0.002908,11.932142857142892,0
1255,2024-01-04 09:06:36+00:00,2024-01-04 09:06:36+00:00,45.09035714285714,0.1696428571428571,49.36107142857144,50.94250000000002,37.42392857142856,38.115357142857135,-0.06,65.46821428571428,0.000932,0.000838,0.003001,11.93714285714288,0
1256,2024-01-04 09:06:37+00:00,2024-01-04 09:06:37+00:00,48.19074074074075,0.1562962962962963,49.36740740740739,54.47629629629632,37.42777777777778,38.16851851851851,-0.06,65.16407407407411,0.000907,0.000823,0.003121,11.939629629629607,0
1257,2024-01-04 09:06:39+00:00,2024-01-04 09:06:39+00:00,55.48666666666665,0.1718518518518518,49.32814814814815,62.166666666666686,37.4311111111111,38.192962962962966,0.3548148148148148,65.1437037037037,0.000956,0.00095,0.003256,11.897037037037045,0
1258,2024-01-04 09:06:40+00:00,2024-01-04 09:06:40+00:00,60.268999999999984,0.1693333333333333,49.34799999999999,66.54033333333332,37.45533333333334,38.319,0.6189999999999999,65.12733333333333,0.00105,0.000905,0.00338,11.89266666666665,0
1259,2024-01-04 09:06:41+00:00,2024-01-04 09:06:41+00:00,64.7876,0.1791999999999999,49.33839999999999,71.75719999999998,37.462800000000016,38.35720000000001,0.6819999999999997,64.93919999999997,0.000974,0.000864,0.003456,11.875599999999976,0
1260,2024-01-04 09:06:43+00:00,2024-01-04 09:06:43+00:00,73.07870967741933,0.1774193548387097,49.33387096774192,80.84741935483868,37.47870967741937,38.50677419354839,0.7758064516129031,64.8609677419355,0.00111,0.000902,0.003692,11.855161290322547,0
1261,2024-01-04 09:06:44+00:00,2024-01-04 09:06:44+00:00,78.62730769230768,0.1684615384615384,49.30153846153845,85.94692307692308,37.47961538461539,38.548461538461545,0.8376923076923076,64.55307692307693,0.001073,0.000909,0.003846,11.821923076923056,0
1262,2024-01-04 09:06:45+00:00,2024-01-04 09:06:45+00:00,82.11166666666664,0.1699999999999999,49.350333333333325,90.71866666666666,37.48533333333334,38.644,0.8813333333333329,64.83766666666669,0.001066,0.000933,0.003877,11.864999999999988,0
1263,2024-01-04 09:06:47+00:00,2024-01-04 09:06:47+00:00,93.57888888888886,0.1666666666666666,49.355555555555554,101.65518518518516,37.51,38.801481481481474,0.9992592592592594,64.31407407407409,0.001115,0.000945,0.003982,11.845555555555556,0
1264,2024-01-04 09:06:48+00:00,2024-01-04 09:06:48+00:00,98.56999999999996,0.1796296296296297,49.37481481481481,106.80518518518514,37.51888888888888,38.87740740740741,1.0477777777777777,64.52777777777779,0.001118,0.000967,0.00411,11.855925925925938,0
1265,2024-01-04 09:06:49+00:00,2024-01-04 09:06:49+00:00,103.0468,0.1895999999999999,49.421200000000006,111.53,37.5104,38.9392,1.0992000000000004,64.34559999999999,0.001163,0.000965,0.004251,11.910800000000007,0
1266,2024-01-04 09:06:51+00:00,2024-01-04 09:06:51+00:00,113.77000000000002,0.1876666666666666,49.43433333333335,123.17133333333332,37.511666666666656,39.09400000000001,1.193333333333333,64.17866666666667,0.001149,0.001024,0.004339,11.922666666666691,0
1267,2024-01-04 09:06:52+00:00,2024-01-04 09:06:52+00:00,118.7968,0.1848,49.4528,128.5816000000001,37.52999999999998,39.134,1.2508000000000006,63.7088,0.001153,0.000999,0.004428,11.922800000000024,0
1268,2024-01-04 09:06:53+00:00,2024-01-04 09:06:53+00:00,123.76535714285708,0.1978571428571428,49.45857142857143,134.1557142857143,37.52821428571429,39.27464285714286,1.2971428571428574,63.78535714285714,0.00117,0.001024,0.004515,11.93035714285714,0
1269,2024-01-04 09:06:54+00:00,2024-01-04 09:06:54+00:00,129.2907142857143,0.185,49.4407142857143,138.72928571428568,37.55107142857143,39.31571428571429,1.347857142857143,63.508571428571415,0.001236,0.001018,0.004663,11.889642857142874,0
1270,2024-01-04 09:06:56+00:00,2024-01-04 09:06:56+00:00,138.80250000000004,0.1839285714285713,49.4975,150.82107142857149,37.55357142857141,39.464642857142856,1.4657142857142849,63.55142857142857,0.001218,0.001041,0.004668,11.943928571428586,0
1271,2024-01-04 09:06:57+00:00,2024-01-04 09:06:57+00:00,144.6615384615385,0.2030769230769231,49.533846153846135,156.5203846153846,37.56230769230769,39.51999999999999,1.5223076923076926,63.32538461538463,0.001173,0.001037,0.0048,11.971538461538444,0
1272,2024-01-04 09:06:58+00:00,2024-01-04 09:06:58+00:00,149.63074074074075,0.1925925925925926,49.58999999999998,160.6496296296296,37.5485185185185,39.63296296296297,1.5807407407407408,63.02703703703703,0.00124,0.001055,0.005082,12.041481481481483,0
1273,2024-01-04 09:07:00+00:00,2024-01-04 09:07:00+00:00,159.5922222222222,0.1944444444444444,49.67814814814815,170.87629629629632,37.573703703703714,39.82370370370371,1.71037037037037,62.76851851851856,0.001234,0.001062,0.005178,12.10444444444444,0
1274,2024-01-04 09:07:01+00:00,2024-01-04 09:07:01+00:00,163.65148148148148,0.1985185185185185,49.71925925925925,176.13555555555556,37.58037037037039,39.88296296296297,1.7737037037037036,62.87,0.001287,0.001082,0.005458,12.138888888888864,0
1275,2024-01-04 09:07:02+00:00,2024-01-04 09:07:02+00:00,168.96814814814817,0.204074074074074,49.73333333333331,181.03925925925927,37.60185185185186,39.963703703703686,1.83,63.00074074074073,0.001283,0.001082,0.005567,12.131481481481451,0
1276,2024-01-04 09:07:04+00:00,2024-01-04 09:07:04+00:00,177.2953571428571,0.1971428571428572,49.83642857142858,190.5157142857143,37.614285714285714,40.135,1.9585714285714289,62.65,0.001377,0.001088,0.005758,12.222142857142863,0
1277,2024-01-04 09:07:05+00:00,2024-01-04 09:07:05+00:00,180.8048148148149,0.2077777777777778,49.905555555555566,194.89555555555555,37.6237037037037,40.191851851851865,2.01962962962963,62.68370370370371,0.001381,0.001089,0.005945,12.281851851851862,0
1278,2024-01-04 09:07:06+00:00,2024-01-04 09:07:06+00:00,186.2937931034482,0.2031034482758621,49.92655172413793,199.37,37.65206896551723,40.293448275862055,2.0793103448275865,62.36999999999999,0.001435,0.001126,0.006071,12.2744827586207,0
1279,2024-01-04 09:07:08+00:00,2024-01-04 09:07:08+00:00,192.89000000000004,0.2053571428571429,50.07464285714288,206.68285714285707,37.66714285714284,40.40714285714287,2.1875000000000004,62.23892857142857,0.001305,0.001089,0.005888,12.407500000000049,0
1280,2024-01-04 09:07:09+00:00,2024-01-04 09:07:09+00:00,195.7753571428572,0.2039285714285714,50.14535714285715,210.0878571428571,37.66321428571428,40.44142857142858,2.243928571428573,61.93749999999998,0.001279,0.001082,0.005867,12.482142857142875,0
1281,2024-01-04 09:07:10+00:00,2024-01-04 09:07:10+00:00,199.56785714285715,0.2203571428571429,50.21321428571429,214.26857142857148,37.674999999999976,40.503214285714265,2.293928571428571,61.96892857142857,0.001269,0.00109,0.005952,12.53821428571431,0
1282,2024-01-04 09:07:12+00:00,2024-01-04 09:07:12+00:00,205.24692307692305,0.2253846153846153,50.34730769230767,219.76923076923077,37.66461538461536,40.6326923076923,2.3880769230769223,61.88653846153848,0.001296,0.001107,0.006047,12.682692307692314,0
1283,2024-01-04 09:07:13+00:00,2024-01-04 09:07:13+00:00,208.08285714285708,0.2203571428571428,50.33321428571429,222.6642857142857,37.68821428571429,40.666428571428575,2.43,61.93892857142856,0.00131,0.00112,0.006104,12.645000000000003,0
1284,2024-01-04 09:07:14+00:00,2024-01-04 09:07:14+00:00,209.4907692307692,0.2188461538461538,50.46923076923077,225.03576923076923,37.71038461538463,40.76846153846154,2.4684615384615376,61.70884615384615,0.001349,0.001152,0.006209,12.758846153846145,0
1285,2024-01-04 09:07:15+00:00,2024-01-04 09:07:15+00:00,211.52517241379317,0.2203448275862069,50.56586206896554,227.32275862068963,37.70965517241381,40.808965517241376,2.5089655172413785,61.908620689655166,0.001348,0.001141,0.006308,12.856206896551726,0
1286,2024-01-04 09:07:17+00:00,2024-01-04 09:07:17+00:00,215.602,0.2292,50.70599999999999,231.3884,37.724800000000016,40.912400000000005,2.589200000000001,61.97759999999998,0.001347,0.001136,0.006294,12.981199999999973,0
1287,2024-01-04 09:07:18+00:00,2024-01-04 09:07:18+00:00,215.9307692307692,0.2323076923076923,50.80153846153848,232.43307692307684,37.7423076923077,40.95730769230769,2.606538461538461,61.79884615384616,0.001371,0.00114,0.00645,13.05923076923078,0
1288,2024-01-04 09:07:19+00:00,2024-01-04 09:07:19+00:00,218.1707692307692,0.2176923076923078,50.876153846153855,233.7530769230769,37.73615384615386,40.98384615384615,2.636923076923077,61.61923076923077,0.00139,0.001134,0.006514,13.139999999999992,0
1289,2024-01-04 09:07:21+00:00,2024-01-04 09:07:21+00:00,219.8062068965517,0.2186206896551724,51.05448275862069,235.4548275862068,37.76068965517241,41.0586206896552,2.679655172413794,61.41482758620687,0.001367,0.001131,0.006517,13.29379310344828,0
1290,2024-01-04 09:07:22+00:00,2024-01-04 09:07:22+00:00,219.7593103448276,0.2224137931034483,51.11793103448275,235.26172413793097,37.78931034482756,41.10103448275861,2.682758620689656,61.56241379310345,0.001395,0.001138,0.00652,13.328620689655196,0
1291,2024-01-04 09:07:23+00:00,2024-01-04 09:07:23+00:00,219.2248148148149,0.217037037037037,51.21629629629631,235.35851851851857,37.77555555555554,41.11074074074074,2.690740740740741,61.68814814814815,0.001406,0.001147,0.006538,13.440740740740772,0
1292,2024-01-04 09:07:25+00:00,2024-01-04 09:07:25+00:00,218.45379310344825,0.2051724137931034,51.34965517241381,233.46068965517247,37.78448275862069,41.09586206896553,2.6675862068965523,61.40793103448276,0.001394,0.001151,0.006506,13.565172413793114,0
1293,2024-01-04 09:07:26+00:00,2024-01-04 09:07:26+00:00,217.28999999999996,0.2166666666666667,51.42291666666666,232.5025,37.77791666666666,41.08666666666666,2.655,61.43958333333333,0.00131,0.001132,0.006241,13.644999999999996,0
1294,2024-01-04 09:07:27+00:00,2024-01-04 09:07:27+00:00,217.23846153846145,0.228076923076923,51.51807692307692,231.92038461538465,37.82730769230771,41.10576923076924,2.634615384615385,61.69884615384616,0.001316,0.001129,0.006197,13.690769230769206,0
1295,2024-01-04 09:07:29+00:00,2024-01-04 09:07:29+00:00,212.83464285714285,0.2110714285714286,51.6075,228.31607142857135,37.82250000000001,41.08607142857143,2.589642857142857,61.73321428571428,0.001294,0.001114,0.006165,13.784999999999982,0
1296,2024-01-04 09:07:30+00:00,2024-01-04 09:07:30+00:00,211.1720689655172,0.2224137931034482,51.664137931034496,226.3475862068966,37.81724137931034,41.0951724137931,2.555172413793104,62.08862068965515,0.001287,0.001104,0.006109,13.846896551724155,0
1297,2024-01-04 09:07:31+00:00,2024-01-04 09:07:31+00:00,208.68142857142857,0.2285714285714286,51.75321428571429,224.70678571428567,37.82964285714287,41.097142857142856,2.5253571428571435,61.95964285714288,0.001269,0.001092,0.006043,13.92357142857142,0
1298,2024-01-04 09:07:33+00:00,2024-01-04 09:07:33+00:00,203.86806451612907,0.2293548387096776,51.83838709677417,219.22032258064507,37.85387096774193,40.98709677419356,2.4341935483870967,61.91903225806452,0.001272,0.0011,0.005966,13.984516129032237,0
1299,2024-01-04 09:07:34+00:00,2024-01-04 09:07:34+00:00,200.55851851851855,0.2225925925925925,51.84962962962964,216.0981481481481,37.86888888888889,41.00407407407408,2.38074074074074,62.02037037037034,0.001263,0.001123,0.00589,13.98074074074075,0
1300,2024-01-04 09:07:35+00:00,2024-01-04 09:07:35+00:00,198.6530000000001,0.2243333333333333,51.89766666666666,213.27766666666676,37.87500000000001,40.96266666666668,2.3463333333333343,62.17300000000001,0.001247,0.001122,0.005817,14.022666666666652,0
1301,2024-01-04 09:07:36+00:00,2024-01-04 09:07:36+00:00,194.948,0.2146666666666667,51.94466666666667,209.201,37.88700000000001,40.93766666666667,2.282666666666667,62.39066666666667,0.00123,0.00112,0.005725,14.057666666666664,0
1302,2024-01-04 09:07:38+00:00,2024-01-04 09:07:38+00:00,187.2548275862069,0.2082758620689655,51.94275862068965,201.43827586206905,37.90310344827586,40.87724137931035,2.159655172413793,62.32758620689658,0.001277,0.00111,0.005626,14.039655172413797,0
1303,2024-01-04 09:07:39+00:00,2024-01-04 09:07:39+00:00,182.60769230769228,0.2123076923076923,52.01384615384614,197.77615384615385,37.90346153846152,40.87884615384615,2.0980769230769227,62.717307692307706,0.001218,0.001103,0.005544,14.110384615384625,0
1304,2024-01-04 09:07:40+00:00,2024-01-04 09:07:40+00:00,179.96000000000004,0.208076923076923,51.98269230769232,194.04307692307688,37.899999999999984,40.777307692307694,2.052307692307692,62.84615384615386,0.001207,0.00109,0.00548,14.082692307692334,0
1305,2024-01-04 09:07:42+00:00,2024-01-04 09:07:42+00:00,170.94566666666665,0.199,51.99300000000001,184.02399999999997,37.92766666666667,40.71466666666667,1.9493333333333327,63.10800000000002,0.001193,0.001067,0.005334,14.065333333333342,0
1306,2024-01-04 09:07:43+00:00,2024-01-04 09:07:43+00:00,165.91321428571433,0.2010714285714286,52.04321428571426,178.94678571428565,37.92964285714284,40.67357142857144,1.8824999999999992,62.71607142857143,0.001167,0.001061,0.005154,14.113571428571426,0
1307,2024-01-04 09:07:44+00:00,2024-01-04 09:07:44+00:00,160.79346153846151,0.2069230769230768,51.99076923076922,174.35538461538457,37.94576923076924,40.57653846153847,1.8238461538461528,63.20653846153846,0.001161,0.001042,0.005079,14.044999999999987,0
1308,2024-01-04 09:07:46+00:00,2024-01-04 09:07:46+00:00,151.8088888888889,0.1977777777777777,51.984814814814825,164.67259259259257,37.94777777777777,40.49,1.7051851851851854,63.37629629629627,0.001093,0.001039,0.004832,14.037037037037052,0
1309,2024-01-04 09:07:47+00:00,2024-01-04 09:07:47+00:00,145.87187500000002,0.1950000000000001,51.95031250000002,159.0221875,37.94656250000001,40.39250000000001,1.6324999999999994,63.23562500000003,0.001206,0.001025,0.004744,14.003750000000004,0
1310,2024-01-04 09:07:48+00:00,2024-01-04 09:07:48+00:00,141.42642857142854,0.1889285714285714,51.92142857142854,153.78714285714287,37.95178571428573,40.320714285714295,1.585357142857143,63.59285714285715,0.00105,0.001029,0.004512,13.969642857142809,0
1311,2024-01-04 09:07:50+00:00,2024-01-04 09:07:50+00:00,131.75966666666667,0.1876666666666667,51.86366666666667,143.43566666666666,38.001666666666665,40.19500000000001,1.461333333333333,63.769000000000005,0.001019,0.001011,0.004333,13.862000000000002,0
1312,2024-01-04 09:07:51+00:00,2024-01-04 09:07:51+00:00,126.14428571428572,0.1803571428571429,51.85428571428572,136.5814285714286,37.988214285714285,40.205714285714286,1.4035714285714287,63.66392857142855,0.001043,0.001048,0.004355,13.86607142857143,0
1313,2024-01-04 09:07:52+00:00,2024-01-04 09:07:52+00:00,120.56222222222225,0.1837037037037037,51.85074074074071,131.35296296296298,38.0,40.12333333333333,1.3507407407407408,63.86740740740742,0.001078,0.001018,0.004337,13.850740740740711,0
1314,2024-01-04 09:07:53+00:00,2024-01-04 09:07:53+00:00,115.82464285714286,0.1889285714285714,51.75785714285716,126.29392857142857,38.00571428571429,40.03035714285714,1.2978571428571428,64.17535714285712,0.001095,0.001005,0.004267,13.752142857142871,0
1315,2024-01-04 09:07:55+00:00,2024-01-04 09:07:55+00:00,104.69633333333336,0.1836666666666667,51.69100000000002,115.23366666666666,38.01466666666666,39.903666666666666,1.1980000000000002,64.14133333333334,0.001073,0.000994,0.004196,13.676333333333352,0
1316,2024-01-04 09:07:56+00:00,2024-01-04 09:07:56+00:00,100.26296296296296,0.1814814814814815,51.62037037037039,110.01111111111112,38.00703703703704,39.83185185185184,1.1466666666666667,64.35037037037036,0.001075,0.000979,0.004117,13.613333333333353,0
1317,2024-01-04 09:07:57+00:00,2024-01-04 09:07:57+00:00,94.09785714285712,0.1785714285714286,51.59071428571426,104.3764285714286,38.015714285714274,39.738214285714285,1.0949999999999995,64.49142857142856,0.001058,0.000947,0.004006,13.574999999999989,0
1318,2024-01-04 09:07:59+00:00,2024-01-04 09:07:59+00:00,85.07785714285716,0.1753571428571428,51.47178571428573,94.12071428571429,38.01678571428572,39.6157142857143,0.9846428571428568,64.50964285714285,0.001013,0.000977,0.003816,13.455000000000013,0
1319,2024-01-04 09:08:00+00:00,2024-01-04 09:08:00+00:00,79.1004,0.1712,51.4092,88.0064,38.0116,39.5628,0.9223999999999998,64.7036,0.001001,0.000926,0.003632,13.397600000000004,0
1320,2024-01-04 09:08:01+00:00,2024-01-04 09:08:01+00:00,75.67666666666665,0.1722222222222222,51.32888888888887,83.80148148148147,38.02666666666666,39.47888888888888,0.8722222222222226,64.76407407407406,0.000957,0.00087,0.003557,13.302222222222213,0
1321,2024-01-04 09:08:03+00:00,2024-01-04 09:08:03+00:00,66.47520000000003,0.156,51.2776,73.61359999999999,38.04079999999999,39.3764,0.7520000000000002,64.9248,0.000997,0.000883,0.003478,13.23680000000001,0
1322,2024-01-04 09:08:04+00:00,2024-01-04 09:08:04+00:00,61.34423076923077,0.1707692307692307,51.19346153846155,69.4023076923077,38.07269230769232,39.29807692307691,0.6965384615384613,65.34807692307692,0.000883,0.000823,0.003275,13.120769230769234,0
1323,2024-01-04 09:08:05+00:00,2024-01-04 09:08:05+00:00,57.70076923076924,0.1588461538461538,51.13692307692307,64.55692307692306,38.07115384615386,39.21230769230769,0.6534615384615386,65.36692307692306,0.000937,0.000866,0.003231,13.065769230769206,0
1324,2024-01-04 09:08:07+00:00,2024-01-04 09:08:07+00:00,49.74037037037037,0.1811111111111112,51.0611111111111,56.7988888888889,38.067407407407416,39.111851851851846,-0.0229629629629629,65.47555555555556,0.000879,0.000803,0.003059,12.993703703703687,0
1325,2024-01-04 09:08:08+00:00,2024-01-04 09:08:08+00:00,46.2255172413793,0.1555172413793103,51.00758620689657,52.30103448275864,38.07034482758621,39.04827586206896,-0.0672413793103448,65.33931034482758,0.00092,0.000811,0.003017,12.937241379310365,0
1326,2024-01-04 09:08:09+00:00,2024-01-04 09:08:09+00:00,42.446,0.1588,50.93440000000003,48.412000000000006,38.08200000000002,39.0328,-0.0676,65.394,0.000838,0.000761,0.002886,12.85240000000001,0
1327,2024-01-04 09:08:11+00:00,2024-01-04 09:08:11+00:00,37.01499999999999,0.1492307692307692,50.81076923076922,42.195,38.13461538461538,38.995000000000005,-0.07,65.72461538461539,0.000811,0.000768,0.002747,12.676153846153838,0
1328,2024-01-04 09:08:12+00:00,2024-01-04 09:08:12+00:00,33.525,0.1576923076923077,50.70961538461539,39.5226923076923,38.15576923076922,38.92153846153847,-0.0692307692307692,65.65384615384616,0.000805,0.000757,0.002672,12.553846153846166,0
1329,2024-01-04 09:08:13+00:00,2024-01-04 09:08:13+00:00,31.79071428571429,0.1646428571428572,50.65000000000001,36.98285714285715,38.155357142857135,38.89571428571429,-0.07,65.7775,0.000752,0.00076,0.002586,12.494642857142878,0
1330,2024-01-04 09:08:14+00:00,2024-01-04 09:08:14+00:00,28.17678571428572,0.1624999999999999,50.65357142857143,33.79428571428572,38.1725,38.82321428571429,-0.0692857142857143,65.70392857142859,0.000822,0.00079,0.002493,12.481071428571424,0
1331,2024-01-04 09:08:16+00:00,2024-01-04 09:08:16+00:00,25.095357142857143,0.1525,50.48214285714288,30.343928571428563,38.19178571428571,38.730714285714285,-0.07,65.99249999999999,0.000714,0.000745,0.002495,12.290357142857175,0
1332,2024-01-04 09:08:17+00:00,2024-01-04 09:08:17+00:00,23.236153846153847,0.1619230769230769,50.46653846153848,28.08538461538461,38.19153846153848,38.813461538461546,-0.07,65.93653846153846,0.000719,0.00071,0.002445,12.275000000000006,0
1333,2024-01-04 09:08:18+00:00,2024-01-04 09:08:18+00:00,21.834838709677413,0.1619354838709678,50.41161290322578,27.009677419354837,38.203225806451634,38.7658064516129,-0.07,65.91064516129032,0.000859,0.000739,0.002376,12.208387096774146,0
1334,2024-01-04 09:08:20+00:00,2024-01-04 09:08:20+00:00,19.85185185185185,0.1559259259259259,50.33074074074073,24.809259259259253,38.21962962962965,38.69037037037037,-0.07,66.0851851851852,0.000734,0.000801,0.002376,12.11111111111108,0
1335,2024-01-04 09:08:21+00:00,2024-01-04 09:08:21+00:00,19.643214285714283,0.1578571428571428,50.273214285714296,24.365,38.21392857142858,38.67321428571429,-0.07,66.28857142857144,0.000726,0.000802,0.002398,12.059285714285714,0
1336,2024-01-04 09:08:22+00:00,2024-01-04 09:08:22+00:00,19.386896551724128,0.146551724137931,50.23517241379312,24.303793103448275,38.221724137931055,38.674827586206895,-0.07,66.03137931034485,0.00073,0.000783,0.002313,12.01344827586206,0
1337,2024-01-04 09:08:24+00:00,2024-01-04 09:08:24+00:00,19.459999999999997,0.1444444444444445,50.154814814814806,23.812592592592587,38.22222222222223,38.63333333333334,-0.07,66.16111111111111,0.000846,0.000811,0.002325,11.932592592592576,0
1338,2024-01-04 09:08:25+00:00,2024-01-04 09:08:25+00:00,20.74703703703704,0.1592592592592592,50.12592592592592,26.043703703703688,38.24037037037037,38.64518518518518,-0.07,66.10370370370372,0.00075,0.000828,0.002348,11.885555555555548,0
1339,2024-01-04 09:08:26+00:00,2024-01-04 09:08:26+00:00,22.02466666666667,0.156,50.11066666666665,26.24633333333333,38.258333333333326,38.68933333333332,-0.07,65.87033333333335,0.000808,0.000773,0.002357,11.852333333333329,0
1340,2024-01-04 09:08:28+00:00,2024-01-04 09:08:28+00:00,23.54481481481482,0.1577777777777778,50.02111111111112,28.82851851851852,38.29296296296295,38.71814814814815,-0.07,65.85296296296299,0.000755,0.000764,0.002456,11.728148148148172,0
1341,2024-01-04 09:08:29+00:00,2024-01-04 09:08:29+00:00,25.51076923076923,0.1538461538461538,50.01192307692308,30.603076923076927,38.28615384615384,38.74692307692308,-0.07,65.75500000000001,0.000751,0.000721,0.002507,11.725769230769238,0
1342,2024-01-04 09:08:30+00:00,2024-01-04 09:08:30+00:00,28.037666666666667,0.164,50.01533333333331,32.701333333333345,38.307333333333325,38.77099999999999,-0.0686666666666667,65.862,0.000758,0.000737,0.002522,11.707999999999984,0
1343,2024-01-04 09:08:31+00:00,2024-01-04 09:08:31+00:00,29.630800000000004,0.1687999999999999,50.02,35.3192,38.31239999999999,38.802,-0.0616,65.8912,0.000774,0.000741,0.002601,11.707600000000014,0
1344,2024-01-04 09:08:33+00:00,2024-01-04 09:08:33+00:00,34.676538461538456,0.1734615384615384,49.999615384615375,40.11807692307694,38.35846153846155,38.85,-0.07,65.63846153846156,0.000944,0.00072,0.002598,11.641153846153829,0
1345,2024-01-04 09:08:34+00:00,2024-01-04 09:08:34+00:00,37.14555555555556,0.1559259259259259,50.01962962962962,43.15666666666666,38.36777777777779,38.92185185185185,-0.07,65.40814814814813,0.00086,0.000755,0.002722,11.65185185185183,0
1346,2024-01-04 09:08:35+00:00,2024-01-04 09:08:35+00:00,40.91103448275862,0.1579310344827586,50.02172413793102,46.079655172413794,38.36310344827586,38.9148275862069,-0.07,65.49310344827587,0.000807,0.000763,0.002733,11.65862068965516,0
1347,2024-01-04 09:08:37+00:00,2024-01-04 09:08:37+00:00,48.24379310344828,0.1548275862068965,50.05103448275864,53.56448275862071,38.35827586206897,39.06241379310344,-0.0696551724137931,65.3555172413793,0.000902,0.000859,0.002928,11.692758620689666,0
1348,2024-01-04 09:08:38+00:00,2024-01-04 09:08:38+00:00,51.530344827586205,0.1744827586206896,50.01965517241379,57.57275862068966,38.37172413793104,39.09172413793103,-0.0489655172413793,65.22206896551725,0.000925,0.00084,0.002988,11.647931034482752,0
1349,2024-01-04 09:08:39+00:00,2024-01-04 09:08:39+00:00,55.46370370370372,0.1662962962962963,50.04037037037037,61.24814814814813,38.37777777777777,39.157407407407405,0.5033333333333333,65.13074074074072,0.000902,0.000841,0.003115,11.662592592592596,0
1350,2024-01-04 09:08:41+00:00,2024-01-04 09:08:41+00:00,63.36689655172414,0.1758620689655173,50.0206896551724,70.45551724137933,38.39310344827586,39.23034482758621,0.6803448275862067,65.05586206896552,0.001042,0.000884,0.003313,11.627586206896538,0
1351,2024-01-04 09:08:42+00:00,2024-01-04 09:08:42+00:00,68.6007142857143,0.1817857142857142,50.04821428571427,75.52249999999997,38.3975,39.29964285714284,0.7378571428571432,64.81250000000003,0.000992,0.000912,0.003375,11.65071428571428,0
1352,2024-01-04 09:08:43+00:00,2024-01-04 09:08:43+00:00,72.67678571428573,0.1685714285714286,50.016785714285696,80.32535714285714,38.4092857142857,39.41285714285714,0.7907142857142855,64.70892857142859,0.000993,0.000885,0.003491,11.607499999999996,0
1353,2024-01-04 09:08:45+00:00,2024-01-04 09:08:45+00:00,83.53714285714284,0.1782142857142857,50.06500000000002,89.96607142857145,38.42535714285714,39.54535714285715,0.8971428571428571,64.56321428571428,0.001091,0.00091,0.003668,11.63964285714288,0
1354,2024-01-04 09:08:46+00:00,2024-01-04 09:08:46+00:00,86.64275862068963,0.1796551724137931,50.05517241379309,94.55,38.42620689655172,39.61586206896551,0.9475862068965512,64.72344827586208,0.001067,0.000903,0.003794,11.628965517241369,0
1355,2024-01-04 09:08:47+00:00,2024-01-04 09:08:47+00:00,92.35300000000004,0.172,50.01099999999998,99.5446666666667,38.43566666666665,39.641000000000005,1.0036666666666667,64.58833333333335,0.001082,0.000959,0.003936,11.575333333333331,0
1356,2024-01-04 09:08:49+00:00,2024-01-04 09:08:49+00:00,101.58653846153852,0.1884615384615385,50.0580769230769,110.37538461538465,38.43923076923079,39.79730769230769,1.1,64.26884615384616,0.001069,0.000977,0.004044,11.618846153846114,0
1357,2024-01-04 09:08:50+00:00,2024-01-04 09:08:50+00:00,107.69821428571426,0.1785714285714285,50.074285714285736,116.50749999999998,38.434642857142855,39.89142857142858,1.161071428571429,63.91678571428572,0.001098,0.000973,0.004144,11.63964285714288,0
1358,2024-01-04 09:08:51+00:00,2024-01-04 09:08:51+00:00,112.23966666666668,0.1756666666666667,50.08766666666666,121.708,38.44600000000001,39.93366666666667,1.2086666666666668,63.90000000000001,0.00107,0.001048,0.004174,11.641666666666644,0
1359,2024-01-04 09:08:52+00:00,2024-01-04 09:08:52+00:00,117.3903846153846,0.1815384615384615,50.0946153846154,127.1703846153846,38.46000000000001,40.04961538461539,1.2546153846153851,64.0746153846154,0.001039,0.001018,0.004185,11.634615384615389,0
1360,2024-01-04 09:08:54+00:00,2024-01-04 09:08:54+00:00,128.11343750000003,0.1921875,50.14062500000004,138.21718749999997,38.45718750000002,40.210625,1.3571875000000002,63.59499999999999,0.001078,0.001016,0.004294,11.683437500000018,0
1361,2024-01-04 09:08:55+00:00,2024-01-04 09:08:55+00:00,134.425,0.1992307692307693,50.1253846153846,143.40000000000003,38.46615384615385,40.24076923076924,1.411538461538462,63.824230769230766,0.001104,0.001032,0.004412,11.659230769230746,0
1362,2024-01-04 09:08:56+00:00,2024-01-04 09:08:56+00:00,139.76535714285717,0.1960714285714286,50.19000000000001,148.3614285714286,38.48250000000001,40.36071428571429,1.465,63.70071428571431,0.001075,0.001016,0.004399,11.707500000000003,0
1363,2024-01-04 09:08:58+00:00,2024-01-04 09:08:58+00:00,148.83068965517242,0.2048275862068967,50.2551724137931,159.62827586206902,38.52275862068964,40.536896551724126,1.587241379310345,63.19206896551724,0.001107,0.001061,0.004607,11.732413793103454,0
1364,2024-01-04 09:08:59+00:00,2024-01-04 09:08:59+00:00,152.01535714285714,0.1946428571428572,50.2967857142857,164.70428571428573,38.52785714285714,40.60750000000001,1.6535714285714282,63.28035714285714,0.001143,0.001051,0.004778,11.768928571428567,0
1365,2024-01-04 09:09:00+00:00,2024-01-04 09:09:00+00:00,157.64961538461537,0.1915384615384616,50.30769230769231,170.18769230769223,38.515384615384605,40.71846153846155,1.73,62.93192307692309,0.001154,0.001058,0.004989,11.792307692307702,0
1366,2024-01-04 09:09:02+00:00,2024-01-04 09:09:02+00:00,168.81142857142854,0.1885714285714286,50.40892857142859,179.2960714285714,38.51321428571429,40.878214285714286,1.849642857142857,62.98250000000001,0.001173,0.001074,0.00511,11.895714285714304,0
1367,2024-01-04 09:09:03+00:00,2024-01-04 09:09:03+00:00,171.74310344827583,0.2106896551724138,50.39137931034482,184.6606896551724,38.52448275862068,40.95172413793102,1.9127586206896552,62.6648275862069,0.001206,0.001098,0.005311,11.86689655172414,0
1368,2024-01-04 09:09:04+00:00,2024-01-04 09:09:04+00:00,177.1075862068966,0.2068965517241379,50.464137931034486,189.06620689655173,38.55,41.00103448275861,1.974137931034482,62.76344827586209,0.001271,0.001124,0.00545,11.914137931034489,0
1369,2024-01-04 09:09:06+00:00,2024-01-04 09:09:06+00:00,185.2286666666667,0.2156666666666668,50.62066666666669,198.31800000000004,38.54166666666665,41.193666666666665,2.105,62.66533333333333,0.001238,0.001128,0.005566,12.079000000000043,0
1370,2024-01-04 09:09:07+00:00,2024-01-04 09:09:07+00:00,189.52653846153856,0.2092307692307692,50.68423076923078,201.97115384615384,38.56076923076924,41.28576923076923,2.1623076923076923,62.50153846153847,0.001239,0.001109,0.005672,12.12346153846154,0
1371,2024-01-04 09:09:08+00:00,2024-01-04 09:09:08+00:00,191.59500000000003,0.2135714285714286,50.65464285714285,205.8403571428572,38.59035714285715,41.32214285714287,2.218214285714286,62.1125,0.001288,0.001121,0.005812,12.064285714285704,0
1372,2024-01-04 09:09:09+00:00,2024-01-04 09:09:09+00:00,195.26576923076925,0.2126923076923077,50.76961538461536,210.5376923076924,38.60000000000001,41.45423076923076,2.283846153846153,62.30884615384613,0.001305,0.001127,0.005912,12.169615384615357,0
1373,2024-01-04 09:09:11+00:00,2024-01-04 09:09:11+00:00,201.97384615384613,0.2003846153846154,50.93653846153846,215.5815384615385,38.640384615384605,41.57961538461538,2.3853846153846145,62.05884615384615,0.001302,0.001145,0.006005,12.296153846153857,0
1374,2024-01-04 09:09:12+00:00,2024-01-04 09:09:12+00:00,204.9538461538462,0.2238461538461537,51.00692307692307,219.6707692307692,38.64846153846153,41.605,2.4357692307692305,62.03115384615384,0.001324,0.001135,0.006118,12.35846153846154,0
1375,2024-01-04 09:09:13+00:00,2024-01-04 09:09:13+00:00,207.37032258064517,0.2125806451612903,51.093548387096746,221.7577419354839,38.64612903225808,41.63709677419356,2.47,62.09096774193548,0.001369,0.001166,0.006188,12.447419354838672,0
1376,2024-01-04 09:09:15+00:00,2024-01-04 09:09:15+00:00,213.05807692307692,0.2057692307692308,51.20807692307694,226.9903846153846,38.64346153846152,41.75384615384615,2.55923076923077,61.48499999999999,0.00139,0.001177,0.00625,12.564615384615417,0
1377,2024-01-04 09:09:16+00:00,2024-01-04 09:09:16+00:00,213.44896551724145,0.2279310344827586,51.29551724137932,229.00827586206887,38.66793103448275,41.81448275862068,2.595517241379311,61.91448275862071,0.001372,0.001172,0.006319,12.627586206896568,0
1378,2024-01-04 09:09:17+00:00,2024-01-04 09:09:17+00:00,214.3027586206896,0.2272413793103449,51.40275862068968,230.7420689655173,38.67413793103447,41.83172413793103,2.624827586206897,61.63379310344829,0.001382,0.001181,0.006391,12.728620689655209,0
1379,2024-01-04 09:09:19+00:00,2024-01-04 09:09:19+00:00,217.9651851851852,0.2192592592592593,51.55555555555556,232.9844444444445,38.7051851851852,41.9088888888889,2.674074074074074,62.0477777777778,0.001388,0.001156,0.00643,12.850370370370364,0
1380,2024-01-04 09:09:20+00:00,2024-01-04 09:09:20+00:00,218.6037037037037,0.2033333333333333,51.64185185185188,233.4411111111111,38.694814814814826,41.95148148148147,2.699629629629629,61.624814814814805,0.001389,0.001172,0.006451,12.947037037037047,0
1381,2024-01-04 09:09:21+00:00,2024-01-04 09:09:21+00:00,219.61266666666668,0.2123333333333333,51.71066666666668,233.7626666666667,38.69866666666669,41.98533333333334,2.7123333333333344,61.79566666666667,0.001334,0.001165,0.006296,13.011999999999986,0
1382,2024-01-04 09:09:23+00:00,2024-01-04 09:09:23+00:00,218.27,0.2173076923076924,51.886153846153846,234.27807692307692,38.71384615384616,41.979615384615386,2.721923076923076,61.56230769230767,0.001318,0.001159,0.006312,13.172307692307683,0
1383,2024-01-04 09:09:24+00:00,2024-01-04 09:09:24+00:00,218.4346428571429,0.2253571428571429,51.96214285714287,234.74071428571432,38.72071428571429,42.03999999999999,2.7210714285714275,61.63035714285713,0.001329,0.001161,0.006308,13.241428571428573,0
1384,2024-01-04 09:09:25+00:00,2024-01-04 09:09:25+00:00,219.00320000000008,0.2232,52.05359999999999,233.9464,38.71520000000001,42.02759999999999,2.7223999999999995,61.573999999999984,0.001348,0.001171,0.006331,13.33839999999998,0
1385,2024-01-04 09:09:27+00:00,2024-01-04 09:09:27+00:00,215.95551724137923,0.2206896551724139,52.18586206896553,232.3941379310345,38.71206896551725,42.01793103448277,2.6948275862068978,61.97931034482758,0.001338,0.001161,0.006284,13.473793103448273,0
1386,2024-01-04 09:09:28+00:00,2024-01-04 09:09:28+00:00,215.2284,0.2124000000000001,52.2404,231.40960000000004,38.718800000000016,42.04119999999999,2.6856,61.29320000000003,0.001334,0.001164,0.006253,13.521599999999978,0
1387,2024-01-04 09:09:29+00:00,2024-01-04 09:09:29+00:00,214.5673333333333,0.2223333333333333,52.37366666666669,228.93133333333344,38.729000000000006,42.02866666666666,2.6413333333333333,62.06566666666667,0.001298,0.00117,0.0062,13.644666666666687,0
1388,2024-01-04 09:09:30+00:00,2024-01-04 09:09:30+00:00,211.56592592592597,0.2085185185185186,52.35111111111112,226.5622222222221,38.73740740740741,42.013703703703705,2.604444444444445,61.52000000000001,0.001287,0.001153,0.006118,13.613703703703711,0
1389,2024-01-04 09:09:32+00:00,2024-01-04 09:09:32+00:00,207.35464285714284,0.2117857142857143,52.4875,221.8078571428571,38.749285714285705,42.02464285714286,2.5325,62.0517857142857,0.001275,0.001142,0.006038,13.7382142857143,0
1390,2024-01-04 09:09:33+00:00,2024-01-04 09:09:33+00:00,204.0166666666667,0.1993333333333333,52.50599999999999,219.1323333333334,38.76899999999999,42.00633333333335,2.487666666666667,61.84633333333334,0.001289,0.001138,0.005976,13.736999999999997,0
1391,2024-01-04 09:09:34+00:00,2024-01-04 09:09:34+00:00,201.93928571428572,0.2042857142857143,52.59464285714285,216.62357142857147,38.79607142857141,41.99107142857144,2.443214285714286,62.02428571428571,0.001272,0.001131,0.005904,13.798571428571442,0
1392,2024-01-04 09:09:36+00:00,2024-01-04 09:09:36+00:00,194.84862068965523,0.2044827586206896,52.65482758620691,209.89103448275856,38.83413793103449,41.94551724137933,2.336206896551725,62.32999999999999,0.001268,0.001132,0.005841,13.820689655172425,0
1393,2024-01-04 09:09:37+00:00,2024-01-04 09:09:37+00:00,191.54533333333328,0.218,52.66366666666668,205.8296666666667,38.831,41.90900000000002,2.274666666666666,62.45733333333333,0.00122,0.001157,0.005692,13.832666666666675,0
1394,2024-01-04 09:09:38+00:00,2024-01-04 09:09:38+00:00,188.97571428571428,0.1978571428571429,52.71392857142859,202.39142857142855,38.86071428571429,41.85035714285714,2.219642857142857,62.36785714285714,0.001223,0.001136,0.005618,13.8532142857143,0
1395,2024-01-04 09:09:40+00:00,2024-01-04 09:09:40+00:00,179.95642857142852,0.1928571428571428,52.75428571428571,193.5525,38.85464285714287,41.749285714285726,2.089285714285714,62.32428571428573,0.001221,0.001131,0.00554,13.899642857142837,0
1396,2024-01-04 09:09:41+00:00,2024-01-04 09:09:41+00:00,175.0442857142857,0.2089285714285714,52.76071428571428,189.86499999999995,38.86035714285715,41.71499999999999,2.0610714285714287,62.88428571428572,0.001171,0.001135,0.005396,13.900357142857132,0
1397,2024-01-04 09:09:42+00:00,2024-01-04 09:09:42+00:00,171.8544444444445,0.2070370370370371,52.741481481481486,185.3551851851852,38.86222222222222,41.6611111111111,1.9933333333333332,62.89333333333337,0.001186,0.0011,0.00527,13.879259259259264,0
1398,2024-01-04 09:09:44+00:00,2024-01-04 09:09:44+00:00,162.02423076923077,0.1934615384615385,52.781923076923086,175.3692307692308,38.86000000000001,41.53961538461538,1.8680769230769236,62.76115384615386,0.001169,0.00109,0.005192,13.92192307692308,0
1399,2024-01-04 09:09:45+00:00,2024-01-04 09:09:45+00:00,157.3160714285714,0.1917857142857142,52.71,170.3071428571428,38.877500000000005,41.503928571428574,1.8078571428571428,63.20249999999999,0.001169,0.001081,0.004985,13.832499999999996,0
1400,2024-01-04 09:09:46+00:00,2024-01-04 09:09:46+00:00,152.53068965517247,0.1975862068965518,52.69206896551724,165.04758620689665,38.88448275862069,41.42793103448275,1.7375862068965515,63.23999999999999,0.001107,0.001051,0.004815,13.807586206896543,0
1401,2024-01-04 09:09:48+00:00,2024-01-04 09:09:48+00:00,142.0054838709677,0.1951612903225807,52.666451612903245,153.8561290322581,38.9,41.29419354838711,1.6077419354838711,63.21709677419355,0.001135,0.001063,0.004645,13.766451612903246,0
1402,2024-01-04 09:09:49+00:00,2024-01-04 09:09:49+00:00,136.66444444444443,0.1903703703703703,52.58444444444443,148.07925925925926,38.91851851851851,41.21444444444445,1.535185185185185,63.367777777777775,0.001049,0.001036,0.004414,13.66592592592592,0
1403,2024-01-04 09:09:50+00:00,2024-01-04 09:09:50+00:00,131.71964285714287,0.1910714285714285,52.58285714285712,143.4267857142857,38.90857142857142,41.1225,1.4864285714285714,63.98,0.00117,0.00104,0.004317,13.674285714285702,0
1404,2024-01-04 09:09:51+00:00,2024-01-04 09:09:51+00:00,126.7872,0.1695999999999999,52.57079999999999,137.65440000000004,38.90279999999999,41.06999999999999,1.4343999999999997,63.90680000000001,0.001097,0.001018,0.004334,13.668000000000006,0
1405,2024-01-04 09:09:53+00:00,2024-01-04 09:09:53+00:00,116.18678571428576,0.1753571428571428,52.455,126.97571428571436,38.92464285714284,40.9425,1.3275,63.96857142857142,0.001108,0.001061,0.004277,13.530357142857156,0
1406,2024-01-04 09:09:54+00:00,2024-01-04 09:09:54+00:00,112.16035714285712,0.1814285714285714,52.43642857142861,122.12928571428571,38.91964285714285,40.89428571428572,1.2785714285714287,64.23892857142854,0.001118,0.001025,0.004223,13.516785714285753,0
1407,2024-01-04 09:09:55+00:00,2024-01-04 09:09:55+00:00,107.23428571428572,0.1778571428571429,52.32749999999999,115.5625,38.94107142857144,40.78714285714285,1.2182142857142857,64.38678571428571,0.001159,0.00103,0.004165,13.386428571428546,0
1408,2024-01-04 09:09:57+00:00,2024-01-04 09:09:57+00:00,96.76,0.1748148148148148,52.32148148148149,104.87444444444444,38.97185185185186,40.73925925925925,1.107777777777778,64.50444444444443,0.001106,0.000963,0.004049,13.349629629629623,0
1409,2024-01-04 09:09:58+00:00,2024-01-04 09:09:58+00:00,90.3660714285714,0.1696428571428571,52.217500000000015,98.84107142857144,39.004642857142855,40.63785714285716,1.0475000000000003,64.4475,0.001014,0.00096,0.003875,13.21285714285716,0
1410,2024-01-04 09:09:59+00:00,2024-01-04 09:09:59+00:00,85.35423076923077,0.1734615384615385,52.20923076923077,93.9946153846154,39.00153846153846,40.580384615384624,1.0003846153846152,64.65192307692307,0.000974,0.000925,0.003688,13.207692307692312,0
1411,2024-01-04 09:10:01+00:00,2024-01-04 09:10:01+00:00,76.75807692307691,0.1688461538461539,52.07538461538461,84.61500000000001,39.00615384615384,40.398076923076914,0.8942307692307694,64.95192307692308,0.000992,0.000893,0.003616,13.06923076923077,0
1412,2024-01-04 09:10:02+00:00,2024-01-04 09:10:02+00:00,71.723,0.1649999999999999,52.02066666666667,78.81100000000002,39.017333333333326,40.35099999999999,0.828333333333333,65.252,0.001011,0.000885,0.003524,13.003333333333345,0
1413,2024-01-04 09:10:03+00:00,2024-01-04 09:10:03+00:00,66.49333333333334,0.1566666666666666,51.96074074074074,73.94037037037039,39.00962962962963,40.27481481481482,0.777037037037037,65.03333333333333,0.000944,0.000871,0.003329,12.95111111111111,0
1414,2024-01-04 09:10:05+00:00,2024-01-04 09:10:05+00:00,58.3888888888889,0.1611111111111112,51.88333333333333,65.41148148148147,39.03148148148147,40.197777777777766,0.6681481481481479,65.18925925925925,0.001087,0.000868,0.003296,12.851851851851862,0
1415,2024-01-04 09:10:06+00:00,2024-01-04 09:10:06+00:00,54.23928571428569,0.1678571428571429,51.80857142857144,60.64107142857144,39.045357142857135,40.155714285714296,0.6124999999999997,65.46142857142861,0.000926,0.000848,0.003141,12.763214285714303,0
1416,2024-01-04 09:10:07+00:00,2024-01-04 09:10:07+00:00,50.10037037037036,0.1537037037037036,51.74296296296297,55.95333333333333,39.06333333333336,40.07333333333333,0.2011111111111111,65.29962962962962,0.001031,0.000879,0.003031,12.679629629629616,0
1417,2024-01-04 09:10:08+00:00,2024-01-04 09:10:08+00:00,46.35321428571429,0.1617857142857143,51.66571428571429,52.29642857142858,39.06928571428572,39.99214285714287,-0.0742857142857143,65.24000000000004,0.000903,0.000858,0.00292,12.596428571428568,0
1418,2024-01-04 09:10:10+00:00,2024-01-04 09:10:10+00:00,40.26642857142857,0.1589285714285714,51.53964285714287,45.465,39.06285714285712,39.90107142857144,-0.07,65.64750000000001,0.000838,0.000789,0.002858,12.476785714285754,0
1419,2024-01-04 09:10:11+00:00,2024-01-04 09:10:11+00:00,36.86666666666667,0.1558333333333333,51.5125,42.68083333333333,39.08250000000002,39.86583333333332,-0.0716666666666667,65.63124999999998,0.000864,0.000802,0.002759,12.429999999999978,0
1420,2024-01-04 09:10:12+00:00,2024-01-04 09:10:12+00:00,34.47178571428571,0.1660714285714286,51.43678571428568,39.91142857142858,39.10000000000001,39.83535714285715,-0.0714285714285714,65.63964285714285,0.000823,0.000754,0.002679,12.336785714285677,0
1421,2024-01-04 09:10:14+00:00,2024-01-04 09:10:14+00:00,29.640400000000003,0.162,51.3136,34.319199999999995,39.1148,39.7644,-0.0724,66.1572,0.000788,0.0008,0.002666,12.198799999999991,0
1422,2024-01-04 09:10:15+00:00,2024-01-04 09:10:15+00:00,26.654,0.1508,51.21400000000001,30.9448,39.11840000000001,39.70000000000002,-0.07,66.1132,0.001028,0.00078,0.002553,12.095600000000005,0
1423,2024-01-04 09:10:16+00:00,2024-01-04 09:10:16+00:00,24.983448275862077,0.1599999999999999,51.19793103448277,29.80448275862069,39.11586206896551,39.677931034482775,-0.0751724137931034,65.9748275862069,0.000792,0.000799,0.0025,12.082068965517252,0
1424,2024-01-04 09:10:18+00:00,2024-01-04 09:10:18+00:00,22.13115384615385,0.1584615384615385,51.11730769230768,26.693846153846145,39.15499999999998,39.69076923076924,-0.0784615384615384,66.07807692307692,0.000733,0.000779,0.002443,11.962307692307697,0
1425,2024-01-04 09:10:19+00:00,2024-01-04 09:10:19+00:00,20.850384615384616,0.1480769230769231,50.98692307692307,25.54807692307693,39.16499999999999,39.640000000000015,-0.0753846153846154,66.1376923076923,0.000861,0.00085,0.002418,11.821923076923078,0
1426,2024-01-04 09:10:20+00:00,2024-01-04 09:10:20+00:00,20.66807692307693,0.148076923076923,51.00269230769231,25.32923076923076,39.16153846153844,39.67,-0.0742307692307692,66.32538461538459,0.000774,0.0008,0.002423,11.841153846153864,0
1427,2024-01-04 09:10:22+00:00,2024-01-04 09:10:22+00:00,19.430800000000005,0.1512,50.8948,24.414000000000005,39.191600000000015,39.607200000000006,-0.0748,65.89520000000002,0.000863,0.000822,0.002394,11.703199999999988,0
1428,2024-01-04 09:10:23+00:00,2024-01-04 09:10:23+00:00,19.538148148148156,0.1588888888888888,50.83555555555554,24.47666666666667,39.19666666666668,39.60703703703704,-0.0733333333333333,66.08,0.000774,0.000848,0.002377,11.638888888888864,0
1429,2024-01-04 09:10:24+00:00,2024-01-04 09:10:24+00:00,20.13354838709678,0.1354838709677419,50.78225806451612,23.66354838709677,39.19032258064518,39.59709677419354,-0.0767741935483871,66.0832258064516,0.000802,0.000837,0.002403,11.59193548387094,0
1430,2024-01-04 09:10:26+00:00,2024-01-04 09:10:26+00:00,21.64678571428572,0.1560714285714285,50.72000000000003,25.51964285714286,39.20428571428573,39.5825,-0.0732142857142857,66.14964285714284,0.000899,0.00075,0.002418,11.515714285714296,0
1431,2024-01-04 09:10:27+00:00,2024-01-04 09:10:27+00:00,22.223333333333333,0.1459259259259259,50.72555555555556,26.49962962962962,39.20037037037039,39.6137037037037,-0.0781481481481481,65.77592592592593,0.000794,0.000738,0.002417,11.525185185185164,0
1432,2024-01-04 09:10:28+00:00,2024-01-04 09:10:28+00:00,24.425769230769227,0.1461538461538461,50.70000000000001,27.852692307692315,39.20923076923077,39.60923076923078,-0.0757692307692308,65.75230769230767,0.000812,0.000788,0.00249,11.49076923076924,0
1433,2024-01-04 09:10:29+00:00,2024-01-04 09:10:29+00:00,25.080333333333343,0.148,50.644666666666666,28.79166666666666,39.19366666666669,39.62833333333335,-0.07,65.84366666666669,0.000831,0.000773,0.002555,11.45099999999998,0
1434,2024-01-04 09:10:31+00:00,2024-01-04 09:10:31+00:00,28.818148148148158,0.1507407407407407,50.66,34.31333333333333,39.2088888888889,39.683703703703706,-0.072962962962963,65.60037037037038,0.00082,0.000763,0.002625,11.451111111111103,0
1435,2024-01-04 09:10:32+00:00,2024-01-04 09:10:32+00:00,32.24,0.1611111111111111,50.697777777777794,36.69925925925926,39.23740740740741,39.726666666666674,-0.07,65.88000000000002,0.000771,0.000751,0.002648,11.460370370370384,0
1436,2024-01-04 09:10:33+00:00,2024-01-04 09:10:33+00:00,34.28142857142856,0.1507142857142857,50.68857142857144,38.81642857142857,39.23,39.77571428571429,-0.0735714285714286,65.6732142857143,0.000809,0.00075,0.002663,11.458571428571432,0
1437,2024-01-04 09:10:35+00:00,2024-01-04 09:10:35+00:00,40.28250000000001,0.1657142857142857,50.63464285714287,46.24607142857144,39.25785714285714,39.83357142857142,-0.0717857142857143,65.59464285714289,0.000873,0.000771,0.002762,11.376785714285733,0
1438,2024-01-04 09:10:36+00:00,2024-01-04 09:10:36+00:00,43.66222222222222,0.1522222222222221,50.63592592592592,48.67555555555556,39.28629629629628,39.91518518518519,-0.0781481481481481,65.55888888888889,0.000895,0.000847,0.002866,11.34962962962964,0
1439,2024-01-04 09:10:37+00:00,2024-01-04 09:10:37+00:00,46.885000000000005,0.1607692307692308,50.68500000000002,52.4153846153846,39.29230769230767,39.94692307692307,-0.0738461538461538,65.13038461538463,0.000889,0.000824,0.002973,11.392692307692345,0
1440,2024-01-04 09:10:39+00:00,2024-01-04 09:10:39+00:00,54.71714285714286,0.16,50.67785714285716,60.38892857142856,39.31285714285714,40.06250000000001,0.5624999999999999,65.30607142857146,0.000906,0.000841,0.003108,11.365000000000016,0
1441,2024-01-04 09:10:40+00:00,2024-01-04 09:10:40+00:00,59.32962962962962,0.1648148148148147,50.66962962962961,65.11000000000001,39.313333333333325,40.09703703703704,0.6314814814814816,65.00999999999995,0.000964,0.000844,0.003237,11.356296296296286,0
1442,2024-01-04 09:10:41+00:00,2024-01-04 09:10:41+00:00,63.31375,0.1770833333333333,50.62416666666668,70.09999999999998,39.32125000000001,40.12916666666666,0.6849999999999999,65.09666666666666,0.001047,0.000861,0.003307,11.30291666666666,0
1443,2024-01-04 09:10:43+00:00,2024-01-04 09:10:43+00:00,71.93571428571428,0.1803571428571429,50.65642857142855,78.94571428571432,39.33071428571429,40.25428571428571,0.7842857142857138,64.98857142857143,0.00099,0.000883,0.003529,11.325714285714255,0
1444,2024-01-04 09:10:44+00:00,2024-01-04 09:10:44+00:00,76.11821428571433,0.1764285714285714,50.676428571428566,82.98249999999999,39.30892857142855,40.35821428571429,0.8367857142857144,65.06035714285714,0.000988,0.000893,0.003582,11.36750000000002,0
1445,2024-01-04 09:10:45+00:00,2024-01-04 09:10:45+00:00,80.86777777777777,0.19,50.66222222222223,89.08407407407407,39.3177777777778,40.38222222222222,0.9000000000000001,64.72592592592592,0.001054,0.000912,0.003719,11.344444444444434,0
1446,2024-01-04 09:10:46+00:00,2024-01-04 09:10:46+00:00,86.65482758620686,0.1662068965517242,50.66275862068967,93.2920689655173,39.33896551724138,40.50724137931034,0.951724137931034,64.23551724137931,0.001095,0.000968,0.003874,11.323793103448288,0
1447,2024-01-04 09:10:48+00:00,2024-01-04 09:10:48+00:00,95.65321428571428,0.1846428571428572,50.69428571428572,103.56821428571426,39.38464285714286,40.65535714285716,1.0503571428571428,64.8182142857143,0.001096,0.000958,0.003912,11.309642857142862,0
1448,2024-01-04 09:10:49+00:00,2024-01-04 09:10:49+00:00,101.59964285714288,0.1885714285714286,50.69535714285717,109.9760714285714,39.40535714285714,40.762857142857136,1.1067857142857145,64.50499999999998,0.001075,0.001054,0.004037,11.290000000000028,0
1449,2024-01-04 09:10:50+00:00,2024-01-04 09:10:50+00:00,105.69230769230764,0.188076923076923,50.70499999999999,114.81269230769227,39.40692307692306,40.81846153846153,1.1596153846153845,64.18384615384618,0.001103,0.000988,0.004166,11.298076923076929,0
1450,2024-01-04 09:10:52+00:00,2024-01-04 09:10:52+00:00,116.456,0.1706666666666667,50.72366666666669,125.674,39.39366666666668,40.962333333333326,1.262,63.54133333333333,0.001169,0.001048,0.004278,11.330000000000013,0
1451,2024-01-04 09:10:53+00:00,2024-01-04 09:10:53+00:00,122.53692307692305,0.1765384615384615,50.777307692307694,131.89538461538467,39.39538461538461,41.04653846153848,1.3219230769230772,63.88269230769231,0.001162,0.001018,0.004362,11.381923076923089,0
1452,2024-01-04 09:10:54+00:00,2024-01-04 09:10:54+00:00,127.45555555555556,0.1837037037037037,50.81,137.15148148148148,39.40629629629629,41.12555555555556,1.3685185185185185,63.838148148148136,0.001117,0.001026,0.00442,11.403703703703703,0
1453,2024-01-04 09:10:56+00:00,2024-01-04 09:10:56+00:00,137.7077777777778,0.1803703703703704,50.79037037037036,148.0711111111111,39.41629629629629,41.27592592592591,1.482592592592592,63.52185185185185,0.00113,0.00105,0.004415,11.374074074074072,0
1454,2024-01-04 09:10:57+00:00,2024-01-04 09:10:57+00:00,142.29592592592587,0.1862962962962962,50.905925925925935,153.21962962962965,39.41296296296296,41.37407407407408,1.5425925925925927,63.35074074074075,0.001119,0.001032,0.004539,11.492962962962975,0
1455,2024-01-04 09:10:58+00:00,2024-01-04 09:10:58+00:00,148.06714285714284,0.1975,50.9339285714286,158.6285714285714,39.40999999999999,41.46214285714287,1.6110714285714287,63.28964285714285,0.001167,0.00105,0.004737,11.523928571428613,0
1456,2024-01-04 09:11:00+00:00,2024-01-04 09:11:00+00:00,157.0496551724138,0.1879310344827586,51.02931034482758,168.4931034482758,39.43482758620689,41.65172413793102,1.745862068965517,63.11310344827587,0.001215,0.001073,0.004968,11.594482758620686,0
1457,2024-01-04 09:11:01+00:00,2024-01-04 09:11:01+00:00,161.8377777777778,0.1837037037037037,51.05111111111109,174.13703703703703,39.44111111111112,41.7088888888889,1.82,62.87703703703705,0.001209,0.001067,0.00509,11.609999999999964,0
1458,2024-01-04 09:11:02+00:00,2024-01-04 09:11:02+00:00,165.97760000000002,0.2,51.10599999999997,179.34400000000005,39.4424,41.7536,1.8863999999999987,62.7892,0.00122,0.001122,0.005301,11.663599999999974,0
1459,2024-01-04 09:11:04+00:00,2024-01-04 09:11:04+00:00,176.62931034482764,0.2079310344827587,51.14448275862068,189.5706896551725,39.48068965517243,41.930689655172415,2.0179310344827583,62.57965517241381,0.00122,0.00113,0.00533,11.66379310344825,0
1460,2024-01-04 09:11:05+00:00,2024-01-04 09:11:05+00:00,180.07769230769233,0.2073076923076923,51.21000000000001,193.37384615384624,39.4823076923077,42.01884615384615,2.073461538461539,62.32692307692309,0.001203,0.001131,0.005437,11.727692307692308,0
1461,2024-01-04 09:11:06+00:00,2024-01-04 09:11:06+00:00,184.28206896551728,0.2048275862068965,51.27999999999998,197.74999999999997,39.49689655172413,42.10689655172413,2.1324137931034466,62.23448275862072,0.00123,0.001145,0.005542,11.783103448275844,0
1462,2024-01-04 09:11:07+00:00,2024-01-04 09:11:07+00:00,187.5027586206897,0.203448275862069,51.3448275862069,201.5586206896552,39.498620689655176,42.16793103448276,2.193103448275862,62.38103448275864,0.001266,0.001163,0.005718,11.846206896551728,0
1463,2024-01-04 09:11:09+00:00,2024-01-04 09:11:09+00:00,194.5312,0.2132,51.48519999999999,209.4064,39.52319999999999,42.322,2.3164,62.31,0.001292,0.001157,0.005793,11.961999999999996,0
1464,2024-01-04 09:11:10+00:00,2024-01-04 09:11:10+00:00,199.186,0.2026666666666667,51.54599999999998,212.0073333333334,39.52433333333332,42.357666666666674,2.366000000000001,61.96466666666666,0.001355,0.00116,0.005875,12.02166666666666,0
1465,2024-01-04 09:11:11+00:00,2024-01-04 09:11:11+00:00,201.53119999999996,0.2027999999999999,51.6,215.72360000000003,39.51759999999999,42.4104,2.4172,61.875200000000014,0.001327,0.001174,0.005989,12.082400000000009,0
1466,2024-01-04 09:11:13+00:00,2024-01-04 09:11:13+00:00,206.622,0.2176,51.7668,222.02560000000005,39.553199999999975,42.55880000000002,2.5148000000000006,61.82520000000002,0.001332,0.00118,0.006107,12.21360000000002,0
1467,2024-01-04 09:11:14+00:00,2024-01-04 09:11:14+00:00,209.3132,0.22,51.8508,224.3308,39.56839999999999,42.5968,2.5584,61.92519999999999,0.001353,0.001186,0.006213,12.28240000000001,0
1468,2024-01-04 09:11:15+00:00,2024-01-04 09:11:15+00:00,212.49464285714285,0.2146428571428572,51.91071428571429,226.34607142857143,39.57714285714287,42.685,2.595714285714286,61.84535714285714,0.001368,0.001199,0.006227,12.333571428571425,0
1469,2024-01-04 09:11:17+00:00,2024-01-04 09:11:17+00:00,213.71333333333337,0.212962962962963,52.05555555555555,229.80555555555563,39.614444444444445,42.74111111111112,2.6607407407407404,61.82962962962964,0.001369,0.001213,0.006301,12.441111111111104,0
1470,2024-01-04 09:11:18+00:00,2024-01-04 09:11:18+00:00,217.5792,0.206,52.1896,231.4424,39.61000000000001,42.824,2.6984,61.4476,0.001388,0.001215,0.00636,12.579599999999992,0
1471,2024-01-04 09:11:19+00:00,2024-01-04 09:11:19+00:00,216.7351851851853,0.2225925925925926,52.26592592592591,232.6122222222223,39.62555555555555,42.88333333333333,2.716296296296296,61.923333333333325,0.001393,0.001215,0.006439,12.640370370370364,0
1472,2024-01-04 09:11:21+00:00,2024-01-04 09:11:21+00:00,219.83888888888885,0.2218518518518518,52.403333333333336,234.4977777777778,39.6311111111111,42.87592592592593,2.761851851851852,61.55111111111111,0.001395,0.001208,0.006478,12.772222222222233,0
1473,2024-01-04 09:11:22+00:00,2024-01-04 09:11:22+00:00,219.6211111111111,0.2125925925925926,52.49888888888889,234.8151851851852,39.63333333333333,42.92777777777778,2.765555555555557,61.56962962962962,0.001395,0.00123,0.006474,12.86555555555556,0
1474,2024-01-04 09:11:23+00:00,2024-01-04 09:11:23+00:00,220.25038461538463,0.2119230769230769,52.55192307692305,234.30038461538467,39.65499999999998,42.91576923076926,2.7757692307692308,61.54769230769231,0.001384,0.001204,0.006432,12.896923076923072,0
1475,2024-01-04 09:11:25+00:00,2024-01-04 09:11:25+00:00,218.5600000000001,0.2207407407407407,52.71629629629632,234.045925925926,39.66037037037036,42.96111111111112,2.7666666666666675,61.44740740740742,0.001423,0.001216,0.00658,13.055925925925962,0
1476,2024-01-04 09:11:26+00:00,2024-01-04 09:11:26+00:00,217.5837037037037,0.2159259259259259,52.81555555555554,233.04555555555555,39.67296296296298,42.93296296296297,2.76,61.58296296296295,0.001385,0.001227,0.006471,13.142592592592564,0
1477,2024-01-04 09:11:27+00:00,2024-01-04 09:11:27+00:00,216.426551724138,0.2213793103448276,52.86724137931036,232.2872413793103,39.68827586206898,42.97862068965516,2.7434482758620686,61.925517241379296,0.001346,0.001209,0.006319,13.178965517241371,0
1478,2024-01-04 09:11:28+00:00,2024-01-04 09:11:28+00:00,215.2276,0.2136,52.91880000000001,230.61120000000005,39.69400000000002,42.966,2.7204,61.795600000000015,0.001336,0.001201,0.006258,13.224799999999997,0
1479,2024-01-04 09:11:30+00:00,2024-01-04 09:11:30+00:00,212.14080000000004,0.2300000000000001,53.0692,227.5224,39.722,42.97200000000001,2.6584,62.092000000000006,0.0013,0.00118,0.006188,13.347199999999994,0
1480,2024-01-04 09:11:31+00:00,2024-01-04 09:11:31+00:00,209.0903846153846,0.2184615384615384,53.14384615384616,224.83538461538467,39.73538461538463,42.94884615384615,2.614615384615384,61.78038461538461,0.001299,0.001225,0.0061,13.40846153846153,0
1481,2024-01-04 09:11:32+00:00,2024-01-04 09:11:32+00:00,206.96740740740748,0.2011111111111111,53.17814814814814,222.38851851851848,39.73777777777778,42.92481481481482,2.5877777777777777,61.80740740740742,0.001298,0.001174,0.006012,13.44037037037036,0
1482,2024-01-04 09:11:34+00:00,2024-01-04 09:11:34+00:00,201.50535714285704,0.2007142857142856,53.24999999999999,216.2789285714286,39.73214285714287,42.882857142857134,2.4846428571428576,62.00178571428571,0.001259,0.00117,0.005956,13.517857142857125,0
1483,2024-01-04 09:11:35+00:00,2024-01-04 09:11:35+00:00,199.9711111111112,0.2051851851851852,53.27962962962962,214.28333333333336,39.7425925925926,42.890370370370384,2.443703703703704,61.81444444444443,0.001259,0.00116,0.005834,13.537037037037017,0
1484,2024-01-04 09:11:36+00:00,2024-01-04 09:11:36+00:00,196.26518518518512,0.2025925925925926,53.34296296296296,209.66370370370373,39.73407407407408,42.84074074074074,2.380370370370371,62.403703703703705,0.001209,0.001182,0.005735,13.608888888888876,0
1485,2024-01-04 09:11:38+00:00,2024-01-04 09:11:38+00:00,189.6244444444444,0.2077777777777778,53.37185185185182,203.4340740740741,39.76814814814814,42.73592592592593,2.277037037037037,62.60444444444446,0.001183,0.001148,0.005607,13.60370370370368,0
1486,2024-01-04 09:11:39+00:00,2024-01-04 09:11:39+00:00,184.08896551724143,0.2117241379310345,53.39827586206896,198.7462068965517,39.7603448275862,42.77896551724138,2.193448275862069,62.729655172413786,0.001229,0.001146,0.005585,13.637931034482762,0
1487,2024-01-04 09:11:40+00:00,2024-01-04 09:11:40+00:00,180.55038461538456,0.1973076923076923,53.41038461538463,194.5115384615385,39.78692307692306,42.71923076923079,2.144230769230769,62.519615384615385,0.001157,0.001145,0.005433,13.62346153846157,0
1488,2024-01-04 09:11:42+00:00,2024-01-04 09:11:42+00:00,172.11862068965513,0.1913793103448275,53.42000000000005,185.4103448275862,39.80172413793102,42.637586206896536,2.037241379310345,62.685172413793104,0.001147,0.001137,0.005275,13.618275862069028,0
1489,2024-01-04 09:11:43+00:00,2024-01-04 09:11:43+00:00,167.60285714285715,0.1982142857142858,53.402142857142856,180.4225,39.804285714285705,42.53214285714286,1.9678571428571432,62.92071428571428,0.001146,0.001139,0.005208,13.597857142857151,0
1490,2024-01-04 09:11:44+00:00,2024-01-04 09:11:44+00:00,162.73518518518517,0.1859259259259259,53.38407407407408,175.2318518518519,39.809629629629626,42.47148148148148,1.908148148148148,62.972962962962974,0.0011,0.001108,0.004987,13.574444444444453,0
1491,2024-01-04 09:11:45+00:00,2024-01-04 09:11:45+00:00,159.0975,0.1960714285714286,53.39678571428573,170.68678571428572,39.80035714285713,42.43285714285715,1.846428571428572,62.9732142857143,0.001114,0.001095,0.004909,13.596428571428604,0
1492,2024-01-04 09:11:47+00:00,2024-01-04 09:11:47+00:00,147.81678571428571,0.1921428571428572,53.3875,159.77357142857142,39.80214285714283,42.28107142857143,1.7060714285714285,63.1925,0.001081,0.001059,0.004634,13.585357142857164,0
1493,2024-01-04 09:11:48+00:00,2024-01-04 09:11:48+00:00,143.76407407407405,0.1877777777777778,53.28037037037038,155.09296296296296,39.83555555555557,42.220370370370375,1.638518518518518,63.339629629629634,0.001056,0.001066,0.004527,13.444814814814803,0
1494,2024-01-04 09:11:49+00:00,2024-01-04 09:11:49+00:00,139.15962962962965,0.1877777777777777,53.342962962962936,149.51037037037037,39.83851851851852,42.18481481481482,1.5803703703703702,63.32296296296295,0.00107,0.001047,0.004414,13.504444444444417,0
1495,2024-01-04 09:11:51+00:00,2024-01-04 09:11:51+00:00,126.58655172413792,0.1834482758620689,53.25172413793104,138.10931034482763,39.861724137931056,42.02862068965519,1.4489655172413791,63.54896551724136,0.001047,0.001031,0.004285,13.38999999999998,0
1496,2024-01-04 09:11:52+00:00,2024-01-04 09:11:52+00:00,123.63925925925926,0.1944444444444444,53.17629629629631,132.82740740740743,39.86333333333333,41.94407407407408,1.4029629629629634,64.08333333333336,0.001044,0.001033,0.004206,13.312962962962978,0
1497,2024-01-04 09:11:53+00:00,2024-01-04 09:11:53+00:00,116.4868,0.1784,53.19080000000002,127.2972,39.88719999999999,41.892,1.3463999999999996,64.26200000000001,0.00106,0.001021,0.004113,13.303600000000024,0
1498,2024-01-04 09:11:55+00:00,2024-01-04 09:11:55+00:00,106.5562962962963,0.1707407407407407,53.0862962962963,116.07740740740743,39.87111111111112,41.77518518518518,1.2425925925925922,64.35000000000001,0.001111,0.001012,0.004074,13.215185185185176,0
1499,2024-01-04 09:11:56+00:00,2024-01-04 09:11:56+00:00,102.01333333333334,0.1792592592592592,53.0225925925926,111.63444444444448,39.88222222222221,41.677037037037024,1.1900000000000002,64.37296296296293,0.001037,0.000999,0.004027,13.140370370370384,0
1500,2024-01-04 09:11:57+00:00,2024-01-04 09:11:57+00:00,96.38464285714288,0.1782142857142857,52.96678571428573,105.58035714285715,39.883571428571415,41.60749999999998,1.127857142857143,64.39964285714285,0.001072,0.000963,0.003947,13.083214285714313,0
1501,2024-01-04 09:11:59+00:00,2024-01-04 09:11:59+00:00,86.09807692307689,0.1607692307692307,52.88576923076924,94.54192307692308,39.885,41.46653846153846,1.0226923076923078,64.29961538461541,0.001018,0.00096,0.003842,13.000769230769244,0
1502,2024-01-04 09:12:00+00:00,2024-01-04 09:12:00+00:00,81.68333333333334,0.1833333333333333,52.82111111111112,90.2166666666667,39.90629629629629,41.42370370370371,0.9696296296296298,64.93555555555557,0.001004,0.000928,0.003647,12.914814814814823,0
1503,2024-01-04 09:12:01+00:00,2024-01-04 09:12:01+00:00,77.17851851851853,0.1714814814814814,52.80148148148147,84.74518518518518,39.89592592592592,41.35111111111112,0.9125925925925924,64.93037037037038,0.000931,0.000916,0.003488,12.905555555555544,0
1504,2024-01-04 09:12:03+00:00,2024-01-04 09:12:03+00:00,67.07642857142856,0.1639285714285714,52.64464285714286,74.87714285714284,39.918214285714285,41.18571428571431,0.8017857142857144,65.015,0.000962,0.000881,0.003435,12.726428571428578,0
1505,2024-01-04 09:12:04+00:00,2024-01-04 09:12:04+00:00,64.07607142857144,0.1714285714285714,52.59107142857141,70.90642857142858,39.92285714285713,41.127500000000005,0.7457142857142856,65.23785714285714,0.000918,0.00091,0.003253,12.66821428571427,0
1506,2024-01-04 09:12:05+00:00,2024-01-04 09:12:05+00:00,58.62884615384615,0.1596153846153846,52.53076923076923,65.80730769230772,39.91961538461537,41.09923076923076,0.6799999999999997,65.32038461538463,0.000945,0.000889,0.003192,12.61115384615386,0
1507,2024-01-04 09:12:06+00:00,2024-01-04 09:12:06+00:00,54.472962962962974,0.1611111111111111,52.51592592592593,61.22370370370371,39.94740740740741,41.04925925925926,0.6285185185185185,65.04259259259258,0.000876,0.00082,0.003044,12.568518518518523,0
1508,2024-01-04 09:12:08+00:00,2024-01-04 09:12:08+00:00,47.44884615384615,0.1692307692307692,52.35730769230769,54.05769230769231,39.95576923076926,40.92307692307692,-0.0734615384615385,65.64153846153847,0.00088,0.000805,0.002976,12.40153846153843,0
1509,2024-01-04 09:12:09+00:00,2024-01-04 09:12:09+00:00,43.2992,0.1487999999999999,52.3064,48.9556,39.956800000000015,40.9108,-0.0788,65.4384,0.000889,0.000782,0.002857,12.349599999999988,0
1510,2024-01-04 09:12:10+00:00,2024-01-04 09:12:10+00:00,40.99777777777778,0.1537037037037036,52.27407407407406,46.44740740740741,39.95407407407409,40.824814814814815,-0.08,65.6711111111111,0.000862,0.000804,0.002786,12.319999999999965,0
1511,2024-01-04 09:12:12+00:00,2024-01-04 09:12:12+00:00,34.43586206896552,0.1599999999999999,52.15689655172416,39.53172413793104,39.97586206896553,40.7610344827586,-0.0737931034482758,65.91689655172416,0.000805,0.00074,0.002687,12.181034482758626,0
1512,2024-01-04 09:12:13+00:00,2024-01-04 09:12:13+00:00,32.335925925925935,0.1533333333333333,52.05481481481482,37.04222222222223,39.9925925925926,40.71333333333336,-0.0777777777777777,65.76925925925924,0.000753,0.000739,0.002587,12.062222222222218,0
1513,2024-01-04 09:12:14+00:00,2024-01-04 09:12:14+00:00,29.59730769230768,0.165,52.03192307692306,35.023846153846165,40.01153846153845,40.66115384615384,-0.08,66.25884615384614,0.000751,0.000768,0.002522,12.020384615384614,0
1514,2024-01-04 09:12:16+00:00,2024-01-04 09:12:16+00:00,26.245,0.1392857142857143,51.87285714285715,29.31392857142857,40.01535714285713,40.62464285714288,-0.08,65.635,0.000758,0.000768,0.002484,11.857500000000025,0
1515,2024-01-04 09:12:17+00:00,2024-01-04 09:12:17+00:00,23.876296296296296,0.1448148148148148,51.84407407407407,28.289259259259254,40.036296296296285,40.6062962962963,-0.08,65.95000000000002,0.000742,0.000762,0.002408,11.807777777777789,0
1516,2024-01-04 09:12:18+00:00,2024-01-04 09:12:18+00:00,23.2972,0.1364,51.777200000000015,26.157999999999998,40.034799999999976,40.5388,-0.08,65.73920000000003,0.000786,0.000775,0.002348,11.74240000000004,0
1517,2024-01-04 09:12:20+00:00,2024-01-04 09:12:20+00:00,20.515714285714285,0.1560714285714285,51.63571428571429,24.43857142857143,40.05071428571426,40.52321428571428,-0.08,66.14178571428572,0.000783,0.000798,0.00232,11.58500000000003,0
1518,2024-01-04 09:12:21+00:00,2024-01-04 09:12:21+00:00,20.28923076923077,0.1584615384615384,51.60230769230769,24.416153846153843,40.08269230769232,40.50115384615385,-0.0819230769230769,66.22615384615384,0.000755,0.00081,0.002322,11.51961538461537,0
1519,2024-01-04 09:12:22+00:00,2024-01-04 09:12:22+00:00,19.7144,0.146,51.58239999999998,23.2172,40.091600000000014,40.52360000000001,-0.08,66.2704,0.00083,0.000803,0.002303,11.490799999999965,0
1520,2024-01-04 09:12:23+00:00,2024-01-04 09:12:23+00:00,19.642692307692307,0.1557692307692307,51.55230769230768,24.10923076923078,40.10500000000001,40.52846153846154,-0.08,66.13923076923076,0.000749,0.000836,0.002306,11.447307692307668,0
1521,2024-01-04 09:12:25+00:00,2024-01-04 09:12:25+00:00,19.9725,0.1525,51.42285714285716,24.253928571428567,40.09214285714286,40.47821428571428,-0.08,65.85857142857141,0.001071,0.000798,0.002278,11.3307142857143,0
1522,2024-01-04 09:12:26+00:00,2024-01-04 09:12:26+00:00,21.83192307692308,0.1573076923076923,51.39961538461538,25.73846153846155,40.09346153846156,40.52692307692308,-0.08,65.81692307692309,0.000772,0.000812,0.002331,11.30615384615382,0
1523,2024-01-04 09:12:27+00:00,2024-01-04 09:12:27+00:00,22.16214285714285,0.1621428571428572,51.42428571428575,26.232142857142858,40.09892857142857,40.549642857142864,-0.08,66.06678571428569,0.000809,0.000882,0.002361,11.325357142857172,0
1524,2024-01-04 09:12:29+00:00,2024-01-04 09:12:29+00:00,24.989333333333324,0.1533333333333333,51.353,28.94833333333333,40.11333333333332,40.527,-0.0796666666666666,65.608,0.000729,0.000815,0.002428,11.23966666666668,0
1525,2024-01-04 09:12:30+00:00,2024-01-04 09:12:30+00:00,26.801481481481467,0.164074074074074,51.33296296296295,31.71,40.12999999999999,40.5388888888889,-0.0796296296296296,65.85518518518518,0.000782,0.000752,0.00248,11.202962962962957,0
1526,2024-01-04 09:12:31+00:00,2024-01-04 09:12:31+00:00,29.521600000000003,0.1496,51.3964,33.34440000000001,40.1284,40.6332,-0.08,65.78479999999999,0.000781,0.000759,0.002485,11.268,0
1527,2024-01-04 09:12:33+00:00,2024-01-04 09:12:33+00:00,33.84148148148148,0.1637037037037037,51.33407407407408,39.34185185185184,40.14,40.653703703703705,-0.08,65.93518518518518,0.000783,0.000795,0.002521,11.19407407407408,0
1528,2024-01-04 09:12:34+00:00,2024-01-04 09:12:34+00:00,37.02035714285713,0.1517857142857142,51.33892857142855,41.79928571428572,40.12392857142856,40.65464285714286,-0.0796428571428571,65.4357142857143,0.000832,0.000782,0.00258,11.21499999999999,0
1,2025-01-22 08:46:39+00:00,2025-01-22 08:46:39+00:00,179.4973684210527,0.2452631578947369,36.52736842105264,199.45526315789476,21.203684210526315,24.188947368421047,1.655263157894737,63.525263157894734,0.00103,0.001081,0.003038,15.32368421052632,1
23,2025-01-22 08:47:09+00:00,2025-01-22 08:47:09+00:00,199.9264705882353,0.2494117647058824,38.065294117647056,221.5758823529412,21.41058823529412,24.73,1.8905882352941177,62.83235294117649,0.001274,0.001072,0.003251,16.654705882352935,1
49,2025-01-22 08:47:43+00:00,2025-01-22 08:47:43+00:00,45.141,0.1745,37.553,55.33149999999999,21.691999999999997,22.783000000000005,0.4735,65.0895,0.000787,0.000789,0.001107,15.861000000000011,1
53,2025-01-22 08:47:49+00:00,2025-01-22 08:47:49+00:00,28.411052631578944,0.15,37.23157894736843,39.18421052631578,21.733684210526317,22.656315789473684,0.4699999999999999,65.48736842105266,0.000836,0.000655,0.000884,15.49789473684212,1
60,2025-01-22 08:47:58+00:00,2025-01-22 08:47:58+00:00,19.745,0.1735,37.3155,29.65000000000001,21.878499999999995,22.703,0.4694999999999999,65.7305,0.000776,0.000642,0.000626,15.437000000000005,1
89,2025-01-22 08:48:36+00:00,2025-01-22 08:48:36+00:00,165.46473684210528,0.2305263157894737,37.84421052631579,184.36631578947367,22.103157894736835,24.534210526315796,1.5994736842105262,63.35052631578948,0.000922,0.001095,0.002423,15.741052631578956,1
116,2025-01-22 08:49:11+00:00,2025-01-22 08:49:11+00:00,192.89,0.21,39.50090909090908,214.75454545454545,22.329545454545453,25.290909090909096,1.8895454545454555,62.57818181818182,0.000987,0.001037,0.002793,17.17136363636363,1
123,2025-01-22 08:49:20+00:00,2025-01-22 08:49:20+00:00,154.22454545454548,0.2186363636363635,39.91590909090911,173.2018181818182,22.513181818181817,25.23090909090909,1.5527272727272723,63.85545454545456,0.000895,0.001047,0.002143,17.402727272727294,1
140,2025-01-22 08:49:43+00:00,2025-01-22 08:49:43+00:00,44.11795918367345,0.1759183673469388,38.85551020408163,55.777142857142856,22.54673469387754,23.58571428571428,0.4689795918367345,65.42877551020406,0.000864,0.000727,0.00107,16.308775510204093,1
152,2025-01-22 08:49:58+00:00,2025-01-22 08:49:58+00:00,20.32862068965517,0.1575862068965517,38.27655172413794,28.705517241379308,22.56931034482759,23.156206896551726,0.4686206896551726,65.51034482758622,0.000785,0.00062,0.000741,15.70724137931035,1
179,2025-01-22 08:50:34+00:00,2025-01-22 08:50:34+00:00,156.33161290322582,0.2358064516129033,38.87322580645163,173.9087096774193,22.749677419354835,24.97387096774194,1.5445161290322589,63.27870967741936,0.000874,0.001107,0.002159,16.123548387096793,1
192,2025-01-22 08:50:51+00:00,2025-01-22 08:50:51+00:00,214.1190625,0.219375,39.76562499999999,234.874375,22.8803125,26.0396875,2.1184375,62.52687500000002,0.00102,0.001037,0.003022,16.885312499999987,1
207,2025-01-22 08:51:11+00:00,2025-01-22 08:51:11+00:00,194.18321428571423,0.2339285714285714,40.53357142857144,213.9321428571429,22.922500000000003,25.95892857142857,1.9289285714285715,62.905714285714296,0.001014,0.001058,0.002818,17.61107142857144,1
211,2025-01-22 08:51:16+00:00,2025-01-22 08:51:16+00:00,173.8015384615385,0.2165384615384616,40.61423076923077,192.99269230769227,22.936923076923083,25.68730769230771,1.7380769230769222,63.30576923076926,0.000914,0.001041,0.002537,17.67730769230769,1
244,2025-01-22 08:51:59+00:00,2025-01-22 08:51:59+00:00,20.091428571428565,0.1803571428571428,39.61035714285713,30.019642857142863,23.089285714285715,23.698214285714283,0.4603571428571432,66.08857142857141,0.000889,0.000631,0.000775,16.521071428571418,1
257,2025-01-22 08:52:16+00:00,2025-01-22 08:52:16+00:00,65.5985714285714,0.1671428571428572,39.48357142857144,76.64321428571428,22.99750000000001,23.871071428571437,0.4700000000000001,64.6982142857143,0.000805,0.000805,0.001352,16.48607142857143,1
263,2025-01-22 08:52:24+00:00,2025-01-22 08:52:24+00:00,102.995,0.1853571428571428,39.63107142857144,117.31714285714288,23.052857142857132,24.559285714285704,1.1242857142857143,64.47392857142859,0.000839,0.000956,0.001826,16.578214285714303,1
317,2025-01-22 08:53:35+00:00,2025-01-22 08:53:35+00:00,80.3488,0.1784,40.789200000000015,92.9328,23.000799999999995,24.4184,0.4664000000000001,64.80160000000002,0.000813,0.000878,0.001633,17.78840000000002,1
331,2025-01-22 08:53:53+00:00,2025-01-22 08:53:53+00:00,22.276999999999997,0.1693333333333334,40.19766666666669,31.50766666666667,22.99833333333332,23.491999999999997,0.4603333333333337,65.59933333333332,0.000769,0.000657,0.000691,17.199333333333367,1
335,2025-01-22 08:54:00+00:00,2025-01-22 08:54:00+00:00,20.71607142857143,0.1499999999999999,39.895,30.813928571428573,22.96571428571429,23.40642857142857,0.460714285714286,65.735,0.000767,0.000662,0.000701,16.929285714285708,1
352,2025-01-22 08:54:22+00:00,2025-01-22 08:54:22+00:00,92.73444444444446,0.1822222222222221,40.29148148148148,105.91259259259256,23.05037037037037,24.43111111111112,0.4618518518518521,64.7288888888889,0.000861,0.000875,0.001665,17.241111111111113,1
353,2025-01-22 08:54:23+00:00,2025-01-22 08:54:23+00:00,97.8608695652174,0.1726086956521739,40.27347826086957,112.01652173913044,23.044347826086955,24.411739130434785,0.8195652173913044,64.44086956521737,0.000817,0.000854,0.001735,17.22913043478261,1
358,2025-01-22 08:54:30+00:00,2025-01-22 08:54:30+00:00,134.0675,0.1835714285714285,39.99357142857144,150.23357142857142,22.9582142857143,24.63071428571429,1.3824999999999992,63.67,0.000818,0.000999,0.001864,17.035357142857137,1
364,2025-01-22 08:54:38+00:00,2025-01-22 08:54:38+00:00,172.21040000000002,0.2012,40.7088,191.4376,23.038,25.5208,1.7256000000000002,63.45760000000004,0.000917,0.001066,0.002457,17.670800000000003,1
386,2025-01-22 08:55:06+00:00,2025-01-22 08:55:06+00:00,209.47624999999996,0.2120833333333333,41.30291666666667,230.05041666666665,22.94208333333334,26.04833333333333,2.130833333333333,62.36541666666667,0.001072,0.001084,0.003105,18.36083333333333,1
410,2025-01-22 08:55:38+00:00,2025-01-22 08:55:38+00:00,66.27392857142858,0.1857142857142857,41.02785714285714,79.52214285714285,22.964285714285715,24.222142857142845,0.4682142857142858,65.03857142857142,0.000798,0.000797,0.001407,18.06357142857143,1
417,2025-01-22 08:55:47+00:00,2025-01-22 08:55:47+00:00,34.41851851851851,0.1755555555555555,40.60111111111111,44.73851851851854,22.990740740740737,23.69222222222222,0.464814814814815,65.55296296296295,0.000812,0.000668,0.000872,17.610370370370372,1
422,2025-01-22 08:55:54+00:00,2025-01-22 08:55:54+00:00,21.441034482758617,0.1772413793103448,40.52758620689655,31.418965517241386,23.054827586206905,23.698965517241376,0.4613793103448279,66.0455172413793,0.000776,0.00062,0.000701,17.472758620689646,1
512,2025-01-22 08:57:53+00:00,2025-01-22 08:57:53+00:00,22.681111111111107,0.1718518518518519,40.82777777777778,32.198888888888895,23.31777777777777,23.92592592592593,0.4600000000000003,65.75333333333334,0.000738,0.000594,0.000772,17.51000000000001,1
513,2025-01-22 08:57:54+00:00,2025-01-22 08:57:54+00:00,21.572903225806456,0.1432258064516129,40.60516129032258,30.72064516129032,23.25451612903225,23.7058064516129,0.4600000000000004,65.48161290322581,0.000744,0.000642,0.000661,17.350645161290323,1
520,2025-01-22 08:58:03+00:00,2025-01-22 08:58:03+00:00,23.774827586206897,0.1982758620689655,40.66413793103449,33.42586206896552,23.36862068965517,23.911034482758623,0.4600000000000003,65.74275862068966,0.000771,0.00062,0.000685,17.295517241379315,1
524,2025-01-22 08:58:09+00:00,2025-01-22 08:58:09+00:00,36.75444444444444,0.1588888888888888,40.35296296296296,46.29370370370371,23.274814814814803,23.71407407407408,0.4644444444444446,65.17814814814813,0.000797,0.000673,0.000821,17.078148148148152,1
531,2025-01-22 08:58:18+00:00,2025-01-22 08:58:18+00:00,70.88357142857141,0.1989285714285714,40.76571428571429,84.34785714285715,23.42142857142857,24.49214285714285,0.4625000000000003,64.9542857142857,0.000811,0.000778,0.001394,17.344285714285718,1
540,2025-01-22 08:58:30+00:00,2025-01-22 08:58:30+00:00,131.54322580645163,0.1638709677419355,40.59032258064515,146.35967741935488,23.36258064516129,25.09032258064516,1.3832258064516123,63.64516129032261,0.000821,0.000999,0.001818,17.22774193548386,1
555,2025-01-22 08:58:49+00:00,2025-01-22 08:58:49+00:00,210.22466666666668,0.2243333333333333,41.447,229.80966666666663,23.47900000000001,26.559333333333324,2.1173333333333337,62.48733333333335,0.001048,0.001031,0.002881,17.967999999999993,1
567,2025-01-22 08:59:05+00:00,2025-01-22 08:59:05+00:00,211.44714285714284,0.2392857142857144,41.59892857142857,233.3467857142857,23.47214285714285,26.32464285714286,2.1792857142857147,62.20535714285715,0.001062,0.001021,0.002883,18.126785714285724,1
593,2025-01-22 08:59:40+00:00,2025-01-22 08:59:40+00:00,58.832580645161286,0.174516129032258,41.64419354838709,70.69096774193547,23.667741935483868,24.87225806451613,0.466451612903226,65.21225806451613,0.00078,0.000781,0.001256,17.976451612903226,1
626,2025-01-22 09:00:25+00:00,2025-01-22 09:00:25+00:00,104.63074074074076,0.177037037037037,41.31296296296295,118.57703703703704,23.82777777777777,25.51592592592592,1.1674074074074074,64.60555555555555,0.000833,0.000909,0.001754,17.48518518518518,1
636,2025-01-22 09:00:39+00:00,2025-01-22 09:00:39+00:00,175.62137931034488,0.1772413793103448,41.11482758620691,191.29413793103447,23.76620689655172,26.142758620689648,1.7562068965517257,63.16137931034481,0.000966,0.001081,0.002428,17.34862068965519,1
650,2025-01-22 09:00:58+00:00,2025-01-22 09:00:58+00:00,219.64586206896556,0.229655172413793,41.77344827586209,240.385172413793,23.82793103448276,26.94000000000001,2.2837931034482755,62.08172413793105,0.001134,0.001073,0.002992,17.945517241379328,1
654,2025-01-22 09:01:03+00:00,2025-01-22 09:01:03+00:00,216.1903571428572,0.2282142857142857,41.95071428571429,236.42250000000013,23.827857142857145,26.971785714285723,2.231428571428571,62.16714285714288,0.001069,0.001023,0.00291,18.12285714285714,1
657,2025-01-22 09:01:07+00:00,2025-01-22 09:01:07+00:00,207.6458620689655,0.2193103448275861,42.22827586206899,229.10034482758627,23.90206896551724,27.0696551724138,2.1420689655172422,62.57448275862068,0.001048,0.001015,0.002762,18.326206896551756,1
659,2025-01-22 09:01:09+00:00,2025-01-22 09:01:09+00:00,203.5396774193549,0.1916129032258064,42.18483870967744,222.82645161290333,23.84774193548388,26.908387096774195,2.070322580645161,62.66129032258064,0.001047,0.001026,0.002647,18.337096774193554,1
675,2025-01-22 09:01:32+00:00,2025-01-22 09:01:32+00:00,97.43575757575758,0.136969696969697,42.22212121212124,110.6,23.99575757575758,25.79181818181819,1.1372727272727268,64.66393939393939,0.000836,0.00087,0.001689,18.226363636363654,1
676,2025-01-22 09:01:33+00:00,2025-01-22 09:01:33+00:00,93.13592592592596,0.1792592592592592,41.86222222222224,105.84222222222223,23.906296296296286,25.42592592592592,1.0066666666666668,64.43629629629629,0.000833,0.000845,0.00164,17.95592592592595,1
684,2025-01-22 09:01:44+00:00,2025-01-22 09:01:44+00:00,44.63655172413793,0.166551724137931,41.57275862068964,55.36344827586206,23.936206896551724,24.816206896551726,0.4606896551724141,65.31379310344828,0.000772,0.000707,0.001097,17.636551724137917,1
720,2025-01-22 09:02:33+00:00,2025-01-22 09:02:33+00:00,145.6140625,0.1759374999999999,41.51000000000001,161.56999999999996,24.114687500000013,26.2059375,1.5150000000000003,63.75593750000004,0.000849,0.001039,0.001974,17.3953125,1
735,2025-01-22 09:02:53+00:00,2025-01-22 09:02:53+00:00,215.4686206896552,0.2024137931034484,42.23206896551725,235.6427586206896,24.17758620689655,27.49068965517241,2.220344827586207,62.73413793103448,0.001066,0.00102,0.00284,18.0544827586207,1
749,2025-01-22 09:03:11+00:00,2025-01-22 09:03:11+00:00,197.1088888888889,0.1866666666666667,42.47111111111112,216.19185185185185,24.14703703703704,27.114814814814817,2.0207407407407407,62.75481481481482,0.000978,0.001013,0.002504,18.324074074074083,1
758,2025-01-22 09:03:23+00:00,2025-01-22 09:03:23+00:00,145.2423333333333,0.1826666666666667,42.694666666666656,161.12033333333335,24.262000000000004,26.749666666666677,1.5536666666666663,64.033,0.000847,0.000981,0.001872,18.43266666666665,1
760,2025-01-22 09:03:26+00:00,2025-01-22 09:03:26+00:00,128.1272413793103,0.1937931034482759,42.35689655172413,145.31793103448277,24.14724137931034,26.21999999999999,1.4096551724137931,63.96862068965516,0.000835,0.00095,0.001767,18.209655172413797,1
779,2025-01-22 09:03:51+00:00,2025-01-22 09:03:51+00:00,26.34272727272728,0.1624242424242424,41.38515151515151,35.89666666666667,24.171818181818196,24.593333333333337,0.4600000000000004,65.44666666666666,0.000769,0.000627,0.000745,17.213333333333313,1
795,2025-01-22 09:04:14+00:00,2025-01-22 09:04:14+00:00,52.5757142857143,0.1746428571428572,41.550357142857145,62.421071428571416,24.406428571428584,25.28964285714286,0.4603571428571432,65.5139285714286,0.000797,0.000741,0.001107,17.14392857142856,1
802,2025-01-22 09:04:23+00:00,2025-01-22 09:04:23+00:00,93.2371875,0.1731249999999999,41.39437499999999,105.548125,24.325625,25.52,0.6962499999999999,64.485625,0.000874,0.000845,0.001687,17.068749999999987,1
812,2025-01-22 09:04:37+00:00,2025-01-22 09:04:37+00:00,164.4259259259259,0.1940740740740741,41.38851851851852,181.32481481481483,24.30888888888889,26.471111111111117,1.6937037037037042,63.057037037037055,0.000878,0.001045,0.002146,17.079629629629622,1
817,2025-01-22 09:04:43+00:00,2025-01-22 09:04:43+00:00,188.7393548387096,0.1932258064516129,41.65387096774193,207.3429032258065,24.362258064516134,26.87129032258065,1.927741935483871,62.79419354838709,0.000962,0.001038,0.002521,17.291612903225797,1
820,2025-01-22 09:04:47+00:00,2025-01-22 09:04:47+00:00,202.6012903225807,0.19,41.79935483870968,221.3677419354837,24.32903225806453,27.08387096774193,2.0609677419354835,62.25870967741934,0.001028,0.001029,0.002645,17.470322580645156,1
825,2025-01-22 09:04:54+00:00,2025-01-22 09:04:54+00:00,217.9759375,0.175625,42.080312500000005,236.325,24.382187499999997,27.433125000000008,2.2621875,62.3740625,0.00109,0.000993,0.002813,17.69812500000001,1
837,2025-01-22 09:05:11+00:00,2025-01-22 09:05:11+00:00,197.81370370370368,0.172962962962963,42.975185185185175,216.45,24.462222222222227,27.59037037037037,2.0362962962962965,62.922222222222246,0.000982,0.000996,0.002488,18.51296296296295,1
855,2025-01-22 09:05:34+00:00,2025-01-22 09:05:34+00:00,88.93870967741935,0.1635483870967743,42.40129032258065,102.29483870967742,24.445806451612903,25.93064516129033,0.5880645161290325,64.67354838709677,0.000862,0.000793,0.001633,17.955483870967743,1
899,2025-01-22 09:06:35+00:00,2025-01-22 09:06:35+00:00,155.08689655172415,0.1751724137931034,41.683793103448274,170.3993103448275,24.55310344827585,26.540344827586186,1.6010344827586207,63.47137931034485,0.000853,0.001046,0.001999,17.13068965517242,1
937,2025-01-22 09:07:24+00:00,2025-01-22 09:07:24+00:00,141.2173333333333,0.1726666666666666,43.05600000000002,158.05466666666658,24.704000000000004,27.010666666666648,1.529,63.84866666666668,0.000845,0.000989,0.001833,18.35200000000001,1
943,2025-01-22 09:07:32+00:00,2025-01-22 09:07:32+00:00,100.33068965517242,0.1755172413793103,42.745862068965536,114.04793103448274,24.66448275862069,26.411724137931024,1.1648275862068966,64.53379310344829,0.000876,0.000833,0.001691,18.08137931034485,1
953,2025-01-22 09:07:45+00:00,2025-01-22 09:07:45+00:00,42.85,0.16375,42.16375,53.859375,24.677187499999985,25.441875000000003,0.4559375000000004,65.2065625,0.000796,0.000706,0.000995,17.486562500000016,1
965,2025-01-22 09:08:02+00:00,2025-01-22 09:08:02+00:00,21.1515625,0.1503125,41.70343749999999,28.61312500000001,24.71875000000001,25.089375,0.4499999999999997,65.80437500000002,0.000755,0.000631,0.00072,16.984687499999975,1
978,2025-01-22 09:08:19+00:00,2025-01-22 09:08:19+00:00,71.88925925925926,0.1425925925925926,42.04148148148148,82.66740740740741,24.84037037037036,26.00074074074073,0.4544444444444448,65.1751851851852,0.000856,0.000771,0.001413,17.201111111111118,1
993,2025-01-22 09:08:39+00:00,2025-01-22 09:08:39+00:00,172.992962962963,0.2003703703703704,42.24259259259258,189.0692592592593,24.86333333333333,27.34111111111112,1.7625925925925927,63.52555555555556,0.00094,0.001045,0.002245,17.37925925925925,1
1003,2025-01-22 09:08:52+00:00,2025-01-22 09:08:52+00:00,213.9748387096775,0.1948387096774194,42.31870967741934,234.01064516129043,24.80322580645161,27.677419354838708,2.222903225806451,62.339032258064506,0.001052,0.000987,0.002674,17.51548387096773,1
1020,2025-01-22 09:09:16+00:00,2025-01-22 09:09:16+00:00,180.66818181818184,0.1960606060606061,43.2860606060606,198.93515151515157,24.88454545454545,27.693030303030312,1.8593939393939405,63.07696969696971,0.000922,0.001005,0.002235,18.401515151515152,1
1049,2025-01-22 09:09:55+00:00,2025-01-22 09:09:55+00:00,20.39785714285714,0.1153571428571428,42.09928571428573,28.888928571428576,24.922500000000007,25.592142857142864,0.447142857142857,66.00249999999998,0.000729,0.000611,0.000745,17.17678571428572,1
1057,2025-01-22 09:10:06+00:00,2025-01-22 09:10:06+00:00,27.67433333333334,0.1983333333333334,42.258,36.50233333333335,25.069666666666663,25.780000000000005,0.4496666666666664,66.02333333333331,0.000777,0.000651,0.000756,17.188333333333333,1
1067,2025-01-22 09:10:19+00:00,2025-01-22 09:10:19+00:00,71.86518518518518,0.1503703703703703,41.91740740740741,82.1262962962963,24.918518518518507,25.845185185185183,0.4503703703703702,64.79555555555555,0.000827,0.000763,0.001328,16.998888888888903,1
1103,2025-01-22 09:11:07+00:00,2025-01-22 09:11:07+00:00,210.5872413793104,0.1879310344827586,43.57241379310345,229.2431034482758,25.16551724137931,28.443103448275856,2.17,62.9244827586207,0.001021,0.00097,0.00251,18.40689655172414,1
1104,2025-01-22 09:11:09+00:00,2025-01-22 09:11:09+00:00,203.74137931034485,0.1655172413793104,43.04275862068963,223.10689655172408,24.95068965517241,27.887241379310343,2.1093103448275863,62.39586206896553,0.001003,0.000961,0.002467,18.09206896551722,1
1112,2025-01-22 09:11:19+00:00,2025-01-22 09:11:19+00:00,168.74000000000004,0.1833333333333333,43.2,185.96333333333337,25.00592592592592,27.48962962962962,1.7507407407407414,62.98444444444444,0.000882,0.000987,0.002084,18.19407407407408,1
1142,2025-01-22 09:12:01+00:00,2025-01-22 09:12:01+00:00,20.15451612903226,0.1264516129032257,42.05258064516127,28.952580645161287,25.10064516129033,25.50903225806452,0.4483870967741933,65.80387096774194,0.000733,0.000651,0.000719,16.95193548387094,1
1144,2025-01-22 09:12:04+00:00,2025-01-22 09:12:04+00:00,23.84862068965517,0.1193103448275862,42.120689655172406,31.478620689655173,25.14068965517241,25.53655172413794,0.4499999999999998,65.68241379310345,0.000763,0.000692,0.000791,16.979999999999997,1
1153,2025-01-22 09:12:15+00:00,2025-01-22 09:12:15+00:00,54.32827586206897,0.1558620689655172,41.91241379310343,64.06034482758622,25.107241379310352,25.72103448275862,0.4517241379310345,64.8034482758621,0.00084,0.000709,0.001078,16.80517241379308,1
1156,2025-01-22 09:12:19+00:00,2025-01-22 09:12:19+00:00,70.54806451612906,0.1570967741935484,42.26064516129031,81.44580645161292,25.17806451612904,26.158064516129027,0.4490322580645159,64.89645161290323,0.000837,0.000762,0.001349,17.082580645161276,1
1183,2025-01-22 09:12:55+00:00,2025-01-22 09:12:55+00:00,216.7220689655173,0.2010344827586207,43.02344827586207,236.8700000000001,25.213448275862063,28.22413793103449,2.2968965517241373,62.10206896551725,0.001058,0.000968,0.002642,17.810000000000002,1
1195,2025-01-22 09:13:12+00:00,2025-01-22 09:13:12+00:00,196.4746875,0.189375,43.41249999999999,214.9865625,25.19375,28.135625000000005,2.0284375000000003,62.81968750000001,0.000986,0.000988,0.002371,18.218749999999982,1
1208,2025-01-22 09:13:29+00:00,2025-01-22 09:13:29+00:00,117.53692307692312,0.1961538461538462,43.641153846153856,133.80730769230772,25.32346153846153,27.441538461538467,1.330384615384615,64.5473076923077,0.000891,0.000879,0.001734,18.31769230769233,1
1226,2025-01-22 09:13:52+00:00,2025-01-22 09:13:52+00:00,25.67633333333333,0.158,42.44333333333335,34.03599999999999,25.236,25.75200000000001,0.4486666666666664,65.53433333333334,0.000755,0.00064,0.000758,17.20733333333335,1
1230,2025-01-22 09:13:58+00:00,2025-01-22 09:13:58+00:00,19.75538461538462,0.1438461538461538,42.30307692307692,28.13192307692307,25.282692307692304,25.69000000000001,0.4438461538461537,65.84615384615387,0.000725,0.000631,0.000748,17.02038461538461,1
1232,2025-01-22 09:14:02+00:00,2025-01-22 09:14:02+00:00,20.94032258064517,0.147741935483871,42.11032258064515,29.154838709677424,25.199677419354845,25.59967741935484,0.4487096774193546,65.4667741935484,0.000763,0.000622,0.000723,16.910645161290308,1
1243,2025-01-22 09:14:16+00:00,2025-01-22 09:14:16+00:00,57.5386206896552,0.1417241379310344,42.35586206896551,67.06241379310345,25.37620689655173,26.170344827586216,0.4486206896551722,65.13517241379311,0.000813,0.000722,0.001099,16.97965517241378,1
1248,2025-01-22 09:14:22+00:00,2025-01-22 09:14:22+00:00,85.1883333333333,0.1643333333333333,42.053333333333335,96.135,25.294333333333327,26.195999999999987,0.4506666666666664,64.31533333333333,0.000861,0.000784,0.001526,16.759000000000007,1
1251,2025-01-22 09:14:26+00:00,2025-01-22 09:14:26+00:00,104.32354838709676,0.1658064516129032,42.48935483870968,117.66096774193552,25.402580645161287,26.75645161290323,1.1803225806451616,64.39741935483872,0.00088,0.000878,0.001746,17.086774193548393,1
1256,2025-01-22 09:14:33+00:00,2025-01-22 09:14:33+00:00,141.32466666666662,0.175,42.27433333333335,156.93500000000003,25.297999999999988,27.109000000000005,1.501333333333334,63.67600000000002,0.000851,0.000964,0.001885,16.976333333333365,1
1263,2025-01-22 09:14:42+00:00,2025-01-22 09:14:42+00:00,183.2157692307692,0.2007692307692307,42.57730769230769,199.98346153846148,25.32192307692308,27.730769230769223,1.8838461538461535,62.7973076923077,0.000933,0.001027,0.002336,17.255384615384614,1
1287,2025-01-22 09:15:14+00:00,2025-01-22 09:15:14+00:00,190.52806451612904,0.1838709677419354,43.543225806451616,207.8077419354839,25.37548387096774,28.202580645161287,1.9774193548387096,62.884193548387096,0.000971,0.000991,0.002314,18.167741935483875,1
1294,2025-01-22 09:15:23+00:00,2025-01-22 09:15:23+00:00,150.87249999999997,0.1360714285714286,43.463928571428575,165.77821428571434,25.32071428571428,27.50428571428572,1.624642857142857,63.30464285714289,0.000901,0.000967,0.001969,18.143214285714297,1
1299,2025-01-22 09:15:29+00:00,2025-01-22 09:15:29+00:00,118.85344827586206,0.1682758620689654,43.43379310344829,133.72862068965517,25.37034482758621,27.289655172413788,1.347931034482758,64.12689655172413,0.000867,0.000854,0.001729,18.06344827586208,1
1301,2025-01-22 09:15:32+00:00,2025-01-22 09:15:32+00:00,102.99576923076924,0.1696153846153847,43.615,117.19346153846152,25.450769230769215,27.275384615384613,1.200384615384615,64.70384615384617,0.000889,0.000809,0.00176,18.164230769230777,1
1327,2025-01-22 09:16:06+00:00,2025-01-22 09:16:06+00:00,26.94964285714286,0.1492857142857143,42.328214285714296,34.252500000000005,25.43821428571428,25.882499999999997,0.4460714285714284,65.71214285714287,0.000734,0.000672,0.000812,16.89000000000002,1
1347,2025-01-22 09:16:32+00:00,2025-01-22 09:16:32+00:00,134.5256666666666,0.1766666666666666,42.642,149.6933333333333,25.547333333333345,27.531333333333347,1.4436666666666675,64.12633333333332,0.000844,0.000942,0.001806,17.094666666666658,1
1372,2025-01-22 09:17:06+00:00,2025-01-22 09:17:06+00:00,213.61566666666667,0.2019999999999999,43.53433333333333,233.09833333333333,25.502,28.57266666666667,2.2323333333333326,62.42166666666666,0.001013,0.00096,0.002471,18.032333333333327,1
1387,2025-01-22 09:17:26+00:00,2025-01-22 09:17:26+00:00,135.50848484848487,0.1639393939393939,43.546363636363616,150.97666666666672,25.52181818181817,27.59030303030304,1.4915151515151504,63.82757575757579,0.000878,0.000921,0.00187,18.02454545454545,1
1390,2025-01-22 09:17:30+00:00,2025-01-22 09:17:30+00:00,114.83857142857134,0.1439285714285714,43.53321428571428,129.12571428571428,25.49571428571428,27.317142857142844,1.3071428571428574,64.04571428571428,0.000855,0.000828,0.001724,18.0375,1
1403,2025-01-22 09:17:47+00:00,2025-01-22 09:17:47+00:00,38.9596551724138,0.1368965517241379,43.02137931034481,48.51862068965516,25.549655172413782,26.33310344827586,0.4413793103448274,65.56793103448274,0.00077,0.000668,0.001029,17.471724137931027,1
1420,2025-01-22 09:18:09+00:00,2025-01-22 09:18:09+00:00,32.2971875,0.1421875,42.6871875,40.86874999999999,25.67156249999999,26.18875,0.4399999999999999,65.874375,0.000812,0.000663,0.000923,17.01562500000001,1
1428,2025-01-22 09:18:20+00:00,2025-01-22 09:18:20+00:00,73.3928125,0.1378124999999999,42.74031250000001,83.47218749999999,25.68124999999999,26.676250000000007,0.4399999999999999,64.92718750000002,0.000831,0.000743,0.0013,17.059062500000017,1
1486,2025-01-22 09:19:37+00:00,2025-01-22 09:19:37+00:00,79.5478125,0.1815624999999999,43.49843749999999,91.639375,25.740624999999994,27.0540625,0.4393749999999999,64.56093750000004,0.00083,0.00075,0.001447,17.757812499999993,1
1489,2025-01-22 09:19:41+00:00,2025-01-22 09:19:41+00:00,62.03129032258066,0.1512903225806451,43.59935483870968,73.19580645161291,25.792580645161287,27.04032258064516,0.439032258064516,65.35741935483874,0.000804,0.000743,0.001238,17.806774193548392,1
1498,2025-01-22 09:19:53+00:00,2025-01-22 09:19:53+00:00,24.9825925925926,0.1525925925925925,42.61037037037036,33.66185185185185,25.700740740740745,26.11333333333333,0.437037037037037,65.61370370370368,0.000779,0.000635,0.000791,16.909629629629617,1
1522,2025-01-22 09:20:24+00:00,2025-01-22 09:20:24+00:00,92.65433333333333,0.1636666666666666,42.544,104.51566666666668,25.759,26.906999999999996,0.8623333333333335,64.44,0.000897,0.000795,0.001569,16.785,1
1523,2025-01-22 09:20:26+00:00,2025-01-22 09:20:26+00:00,101.82964285714284,0.1996428571428571,42.89464285714286,114.87535714285715,25.87321428571429,27.28178571428571,1.155714285714286,64.68821428571428,0.000883,0.000821,0.001628,17.021428571428572,1
1544,2025-01-22 09:20:54+00:00,2025-01-22 09:20:54+00:00,214.34064516129035,0.1774193548387097,43.19741935483871,234.23225806451617,25.756129032258052,28.712580645161296,2.285483870967741,62.02709677419356,0.001037,0.000987,0.002553,17.441290322580652,1
1566,2025-01-22 09:21:25+00:00,2025-01-22 09:21:25+00:00,142.14142857142855,0.1824999999999999,43.830714285714286,158.80357142857136,25.835000000000004,28.02107142857142,1.5489285714285714,63.693571428571445,0.000874,0.000921,0.001899,17.995714285714282,1
1567,2025-01-22 09:21:26+00:00,2025-01-22 09:21:26+00:00,137.85733333333332,0.1246666666666666,43.85066666666668,151.83766666666665,25.870000000000005,27.992,1.5086666666666673,63.88866666666669,0.000875,0.00092,0.001846,17.98066666666667,1
1596,2025-01-22 09:22:04+00:00,2025-01-22 09:22:04+00:00,22.75413793103449,0.1199999999999999,42.87896551724137,29.850689655172417,25.980000000000004,26.40379310344828,0.4337931034482758,65.77724137931034,0.000735,0.000637,0.000809,16.898965517241365,1
1610,2025-01-22 09:22:25+00:00,2025-01-22 09:22:25+00:00,96.56925925925924,0.1833333333333333,42.74296296296297,108.83999999999996,25.922962962962952,27.037407407407407,1.1122222222222222,64.10333333333331,0.000901,0.000803,0.001576,16.820000000000018,1
1613,2025-01-22 09:22:29+00:00,2025-01-22 09:22:29+00:00,116.59535714285718,0.1803571428571428,43.02964285714285,130.16321428571425,26.035357142857134,27.58392857142857,1.2899999999999996,64.20535714285715,0.000912,0.000876,0.001756,16.99428571428572,1
1622,2025-01-22 09:22:41+00:00,2025-01-22 09:22:41+00:00,175.9934482758621,0.2010344827586207,42.88758620689655,192.39413793103444,25.95068965517242,28.19310344827586,1.8320689655172415,62.91586206896551,0.000914,0.001015,0.002192,16.93689655172413,1
1629,2025-01-22 09:22:50+00:00,2025-01-22 09:22:50+00:00,207.65076923076927,0.2230769230769231,43.4153846153846,226.2126923076924,26.01384615384616,28.799230769230764,2.18,62.40730769230769,0.000996,0.000987,0.002461,17.401538461538443,1
1642,2025-01-22 09:23:07+00:00,2025-01-22 09:23:07+00:00,211.0184615384616,0.1869230769230769,43.904615384615376,231.5696153846154,26.0226923076923,29.045769230769224,2.264615384615384,62.42884615384618,0.00102,0.000956,0.002458,17.881923076923076,1
1648,2025-01-22 09:23:15+00:00,2025-01-22 09:23:15+00:00,188.012,0.1703333333333333,44.29100000000001,206.201,26.094333333333346,28.998666666666672,1.974666666666667,62.95566666666664,0.000928,0.000999,0.002221,18.19666666666667,1
1651,2025-01-22 09:23:20+00:00,2025-01-22 09:23:20+00:00,166.93806451612906,0.1535483870967742,44.30387096774194,183.9535483870968,26.133225806451613,28.77354838709677,1.7832258064516138,63.37806451612904,0.000892,0.000973,0.002058,18.17064516129033,1
1668,2025-01-22 09:23:42+00:00,2025-01-22 09:23:42+00:00,58.81633333333334,0.1616666666666666,43.461,69.76466666666667,26.04433333333332,27.057666666666677,0.4343333333333332,65.05866666666664,0.000855,0.000699,0.001209,17.41666666666668,1
1679,2025-01-22 09:23:57+00:00,2025-01-22 09:23:57+00:00,20.670909090909092,0.1393939393939393,42.941212121212125,29.064848484848483,26.066363636363636,26.475454545454543,0.4299999999999998,65.56666666666669,0.000749,0.000659,0.000824,16.874848484848492,1
1727,2025-01-22 09:25:01+00:00,2025-01-22 09:25:01+00:00,218.5210344827586,0.2062068965517242,44.12827586206896,239.4834482758621,26.298275862068955,29.506551724137942,2.3744827586206885,62.6051724137931,0.00105,0.000991,0.002567,17.830000000000005,1
1741,2025-01-22 09:25:20+00:00,2025-01-22 09:25:20+00:00,167.6778787878788,0.1760606060606061,44.2660606060606,184.6621212121212,26.24484848484848,28.812727272727265,1.7787878787878788,63.36545454545456,0.0009,0.00099,0.002046,18.02121212121212,1
1747,2025-01-22 09:25:28+00:00,2025-01-22 09:25:28+00:00,128.95249999999993,0.1728571428571428,44.118214285714274,143.96178571428575,26.2307142857143,28.21428571428572,1.4478571428571427,63.71892857142858,0.000876,0.000864,0.001784,17.887499999999974,1
1771,2025-01-22 09:26:00+00:00,2025-01-22 09:26:00+00:00,19.93387096774193,0.1312903225806451,42.98419354838711,27.68032258064516,26.3183870967742,26.56290322580645,0.4299999999999998,65.86483870967741,0.000736,0.000658,0.000772,16.665806451612912,1
1781,2025-01-22 09:26:14+00:00,2025-01-22 09:26:14+00:00,46.10181818181819,0.1666666666666666,42.890000000000015,55.334242424242426,26.24818181818181,26.72515151515152,0.4299999999999998,64.97484848484848,0.000821,0.000697,0.001064,16.64181818181821,1
1797,2025-01-22 09:26:35+00:00,2025-01-22 09:26:35+00:00,147.11875,0.1612499999999999,43.0765625,160.40750000000003,26.317812499999995,28.171562500000004,1.5640625000000012,63.509374999999984,0.000895,0.000955,0.001921,16.758750000000006,1
1799,2025-01-22 09:26:38+00:00,2025-01-22 09:26:38+00:00,161.10285714285712,0.1675,43.45035714285716,176.76,26.423571428571424,28.613928571428566,1.6989285714285711,63.41107142857141,0.000912,0.001004,0.002068,17.026785714285733,1
1839,2025-01-22 09:27:32+00:00,2025-01-22 09:27:32+00:00,108.73636363636363,0.1472727272727272,44.09818181818179,122.99666666666666,26.44242424242425,28.16212121212121,1.2530303030303032,64.41424242424245,0.000911,0.000813,0.001787,17.65575757575754,1
1849,2025-01-22 09:27:45+00:00,2025-01-22 09:27:45+00:00,48.13903225806452,0.1516129032258064,43.76161290322582,58.62548387096776,26.47483870967742,27.37612903225806,0.4283870967741934,65.17999999999999,0.000814,0.000697,0.001144,17.286774193548396,1
1858,2025-01-22 09:27:56+00:00,2025-01-22 09:27:56+00:00,21.85888888888889,0.1562962962962962,43.25925925925928,30.3162962962963,26.44666666666667,26.888518518518524,0.4285185185185184,65.62148148148148,0.000748,0.000668,0.000862,16.812592592592605,1
1912,2025-01-22 09:29:10+00:00,2025-01-22 09:29:10+00:00,207.70699999999997,0.1956666666666667,44.70400000000003,226.6016666666668,26.705999999999985,29.96633333333334,2.201,62.947,0.001009,0.000971,0.002374,17.998000000000044,1
1917,2025-01-22 09:29:16+00:00,2025-01-22 09:29:16+00:00,186.58468749999992,0.1746875,44.59562499999999,204.88750000000007,26.6628125,29.55062500000001,1.9593750000000003,62.960937500000014,0.000936,0.001004,0.002177,17.932812499999994,1
1928,2025-01-22 09:29:31+00:00,2025-01-22 09:29:31+00:00,114.58032258064516,0.187741935483871,44.56548387096775,128.2512903225807,26.71741935483872,28.61870967741936,1.3067741935483874,64.3616129032258,0.000893,0.000832,0.001725,17.84806451612903,1
1943,2025-01-22 09:29:50+00:00,2025-01-22 09:29:50+00:00,32.69333333333333,0.1524242424242424,43.85878787878789,42.2530303030303,26.717878787878785,27.481212121212124,0.4209090909090909,65.86030303030306,0.000754,0.000656,0.000968,17.14090909090911,1
1973,2025-01-22 09:30:30+00:00,2025-01-22 09:30:30+00:00,119.92000000000002,0.1699999999999999,43.39275862068967,131.8372413793103,26.75793103448276,28.22655172413792,1.3193103448275867,64.09275862068965,0.00092,0.000871,0.001732,16.63482758620691,1
1982,2025-01-22 09:30:42+00:00,2025-01-22 09:30:42+00:00,178.31733333333332,0.1693333333333333,43.80599999999999,193.63233333333332,26.845,29.26433333333334,1.8693333333333333,63.19633333333334,0.000936,0.001014,0.002194,16.960999999999988,1
2008,2025-01-22 09:31:17+00:00,2025-01-22 09:31:17+00:00,183.71642857142857,0.2028571428571428,45.055357142857154,199.86035714285725,26.941071428571423,29.981428571428573,1.933571428571429,63.42535714285713,0.000954,0.000996,0.00217,18.11428571428573,1
2029,2025-01-22 09:31:45+00:00,2025-01-22 09:31:45+00:00,49.01206896551724,0.1217241379310344,43.99482758620691,58.50241379310346,26.848275862068967,27.729310344827574,0.4248275862068965,65.31172413793104,0.00079,0.000717,0.001133,17.146551724137943,1
2038,2025-01-22 09:31:56+00:00,2025-01-22 09:31:56+00:00,21.5239393939394,0.1251515151515151,43.64787878787877,30.221212121212123,26.86545454545454,27.32545454545454,0.4209090909090909,65.88727272727272,0.000779,0.000676,0.000846,16.782424242424234,1
2046,2025-01-22 09:32:08+00:00,2025-01-22 09:32:08+00:00,27.11321428571428,0.1446428571428571,43.8182142857143,35.14499999999999,27.07000000000001,27.612142857142857,0.4235714285714285,66.04428571428572,0.00079,0.000673,0.000844,16.748214285714287,1
2070,2025-01-22 09:32:41+00:00,2025-01-22 09:32:41+00:00,173.18806451612906,0.2106451612903226,43.64419354838707,189.76225806451612,26.922903225806447,29.139677419354843,1.8254838709677423,63.05419354838709,0.000972,0.00103,0.002143,16.721290322580625,1
2075,2025-01-22 09:32:47+00:00,2025-01-22 09:32:47+00:00,195.97642857142856,0.1964285714285714,43.821785714285696,214.01821428571424,26.955,29.522142857142853,2.0628571428571427,62.70249999999999,0.000982,0.001011,0.002352,16.866785714285694,1
2077,2025-01-22 09:32:50+00:00,2025-01-22 09:32:50+00:00,204.52593749999997,0.2168749999999999,43.94187499999999,223.86343749999995,26.9565625,29.7290625,2.1843750000000006,62.2859375,0.001029,0.001019,0.002406,16.98531249999999,1
2106,2025-01-22 09:33:28+00:00,2025-01-22 09:33:28+00:00,131.85892857142863,0.1485714285714285,44.70142857142857,145.9121428571428,27.03107142857141,29.080714285714286,1.4807142857142854,63.99999999999999,0.000932,0.000859,0.001826,17.67035714285716,1
2132,2025-01-22 09:34:02+00:00,2025-01-22 09:34:02+00:00,19.52437499999999,0.0918749999999999,43.53156250000001,25.6784375,27.05499999999998,27.34375,0.4212499999999999,65.68749999999997,0.000778,0.000746,0.000856,16.47656250000003,1
2139,2025-01-22 09:34:14+00:00,2025-01-22 09:34:14+00:00,43.27037037037036,0.14,43.54592592592589,52.6725925925926,27.09259259259261,27.63111111111111,0.425185185185185,65.38074074074072,0.000836,0.000713,0.00106,16.453333333333287,1
2143,2025-01-22 09:34:19+00:00,2025-01-22 09:34:19+00:00,63.941,0.1506666666666666,43.571333333333335,73.07099999999998,27.114333333333335,27.85233333333334,0.4246666666666666,65.02433333333335,0.000853,0.00075,0.001217,16.456999999999997,1
2145,2025-01-22 09:34:22+00:00,2025-01-22 09:34:22+00:00,77.25967741935486,0.1641935483870967,43.4125806451613,87.97806451612907,27.050645161290323,27.850322580645155,0.4216129032258064,64.41612903225806,0.000886,0.000769,0.001356,16.361935483870976,1
2146,2025-01-22 09:34:23+00:00,2025-01-22 09:34:23+00:00,82.25880000000001,0.1443999999999999,43.5564,93.4216,27.1028,28.053999999999995,0.4208,64.62280000000001,0.000931,0.000813,0.001422,16.453599999999998,1
2147,2025-01-22 09:34:24+00:00,2025-01-22 09:34:24+00:00,86.70032258064519,0.1551612903225806,43.595483870967726,97.31903225806454,27.11903225806452,28.15967741935485,0.7093548387096774,64.63645161290323,0.000932,0.000796,0.001476,16.476451612903205,1
2148,2025-01-22 09:34:26+00:00,2025-01-22 09:34:26+00:00,96.95030303030308,0.1433333333333332,43.83060606060607,107.68636363636364,27.161515151515147,28.433333333333337,1.124545454545454,64.43757575757574,0.000927,0.000791,0.001527,16.669090909090926,1
2155,2025-01-22 09:34:35+00:00,2025-01-22 09:34:35+00:00,143.41838709677418,0.1403225806451613,44.07096774193551,156.82870967741937,27.23161290322581,29.33096774193548,1.5522580645161284,63.967419354838725,0.000915,0.000916,0.001888,16.839354838709696,1
2167,2025-01-22 09:34:51+00:00,2025-01-22 09:34:51+00:00,207.425925925926,0.1811111111111111,44.29592592592592,225.75555555555556,27.232592592592603,30.12185185185185,2.2340740740740745,62.592222222222205,0.001022,0.00102,0.002421,17.06333333333332,1
2207,2025-01-22 09:35:44+00:00,2025-01-22 09:35:44+00:00,54.788965517241365,0.1406896551724138,44.23965517241378,63.91862068965519,27.20448275862069,28.100689655172413,0.4179310344827586,65.20620689655173,0.000789,0.000707,0.001148,17.03517241379309,1
2217,2025-01-22 09:35:58+00:00,2025-01-22 09:35:58+00:00,21.05233333333333,0.135,43.71933333333333,28.531,27.229666666666677,27.565,0.4186666666666666,65.59633333333332,0.00074,0.000689,0.000881,16.48966666666665,1
2237,2025-01-22 09:36:25+00:00,2025-01-22 09:36:25+00:00,91.3693103448276,0.1486206896551724,43.71310344827586,100.93206896551722,27.24965517241379,28.36758620689655,1.074827586206897,64.49103448275864,0.000913,0.000822,0.001519,16.46344827586207,1
2270,2025-01-22 09:37:08+00:00,2025-01-22 09:37:08+00:00,212.4442857142857,0.1971428571428572,45.19321428571429,230.7953571428572,27.44035714285713,30.588571428571424,2.325714285714285,62.59000000000001,0.001037,0.001013,0.00242,17.752857142857156,1
2281,2025-01-22 09:37:24+00:00,2025-01-22 09:37:24+00:00,152.7475000000001,0.1790625,45.221562500000005,170.03687500000004,27.407812499999995,29.79093749999999,1.6903124999999992,63.50625000000001,0.000955,0.000967,0.001986,17.81375000000001,1
2282,2025-01-22 09:37:25+00:00,2025-01-22 09:37:25+00:00,149.63148148148156,0.1507407407407407,44.79962962962964,165.3377777777778,27.30185185185185,29.53222222222224,1.651481481481481,63.28,0.000971,0.000962,0.001926,17.497777777777788,1
2300,2025-01-22 09:37:49+00:00,2025-01-22 09:37:49+00:00,37.17156250000001,0.1346875,44.479062500000005,45.98906249999998,27.439375,28.26375,0.42,65.745,0.000802,0.000682,0.001047,17.039687500000007,1
2313,2025-01-22 09:38:06+00:00,2025-01-22 09:38:06+00:00,23.514848484848493,0.1469696969696969,43.70393939393938,30.69060606060607,27.3830303030303,27.68363636363637,0.4157575757575757,65.6818181818182,0.000734,0.000656,0.000934,16.32090909090908,1
2336,2025-01-22 09:38:37+00:00,2025-01-22 09:38:37+00:00,150.5169696969697,0.1721212121212121,43.90999999999999,167.24515151515152,27.443939393939417,29.316363636363636,1.6454545454545444,63.36393939393939,0.000943,0.000964,0.002008,16.466060606060573,1
2339,2025-01-22 09:38:41+00:00,2025-01-22 09:38:41+00:00,170.072962962963,0.1640740740740741,43.85740740740742,185.9614814814816,27.445555555555543,29.47481481481482,1.8122222222222224,62.72444444444445,0.000959,0.001012,0.002168,16.41185185185188,1
2343,2025-01-22 09:38:47+00:00,2025-01-22 09:38:47+00:00,194.1444827586207,0.1824137931034482,44.13931034482759,211.7172413793104,27.44896551724138,30.00896551724137,2.071379310344828,62.61793103448278,0.000982,0.001037,0.002325,16.690344827586205,1
2365,2025-01-22 09:39:15+00:00,2025-01-22 09:39:15+00:00,193.18,0.1862962962962963,45.42518518518519,211.9603703703704,27.64740740740742,30.58222222222223,2.082962962962964,63.06592592592592,0.001,0.001044,0.002244,17.777777777777764,1
2382,2025-01-22 09:39:38+00:00,2025-01-22 09:39:38+00:00,82.75222222222222,0.1429629629629629,44.73259259259259,93.71185185185185,27.538518518518497,28.892962962962976,0.6262962962962964,64.81148148148147,0.000881,0.000801,0.001509,17.19407407407409,1
2410,2025-01-22 09:40:16+00:00,2025-01-22 09:40:16+00:00,50.24592592592594,0.1496296296296296,44.1022222222222,58.62666666666667,27.66074074074073,28.312222222222218,0.4148148148148148,65.53962962962962,0.000807,0.000734,0.001064,16.441481481481468,1
2425,2025-01-22 09:40:35+00:00,2025-01-22 09:40:35+00:00,140.7466666666667,0.155,43.99099999999999,154.67333333333335,27.62333333333334,29.319000000000003,1.5339999999999994,63.66633333333333,0.000927,0.00095,0.001922,16.367666666666647,1
2431,2025-01-22 09:40:43+00:00,2025-01-22 09:40:43+00:00,178.27212121212125,0.1463636363636364,44.1039393939394,194.4469696969697,27.55454545454547,29.78575757575758,1.90181818181818,62.635454545454536,0.00097,0.00103,0.002262,16.54939393939393,1
2449,2025-01-22 09:41:07+00:00,2025-01-22 09:41:07+00:00,214.2248275862069,0.1989655172413792,45.32862068965516,233.68517241379303,27.72206896551726,30.93689655172414,2.373793103448275,62.40896551724136,0.001084,0.00102,0.002473,17.6065517241379,1
2458,2025-01-22 09:41:20+00:00,2025-01-22 09:41:20+00:00,173.83812500000008,0.1878124999999999,45.26093749999999,190.92500000000007,27.664999999999992,30.269062499999997,1.8749999999999996,63.16468750000001,0.000941,0.001015,0.002153,17.595937499999998,1
2472,2025-01-22 09:41:38+00:00,2025-01-22 09:41:38+00:00,83.65285714285714,0.1428571428571428,45.03357142857142,95.28178571428572,27.728214285714294,29.125,0.7553571428571433,64.7539285714286,0.00086,0.000791,0.001458,17.305357142857122,1
2474,2025-01-22 09:41:41+00:00,2025-01-22 09:41:41+00:00,69.14121212121213,0.1451515151515151,44.82454545454544,80.99878787878785,27.676666666666662,28.817878787878787,0.4100000000000001,65.07818181818182,0.000828,0.000754,0.001326,17.14787878787877,1
2491,2025-01-22 09:42:03+00:00,2025-01-22 09:42:03+00:00,19.969629629629637,0.1399999999999999,44.23407407407407,27.68740740740741,27.793703703703702,28.1974074074074,0.4100000000000001,66.00000000000003,0.00073,0.000702,0.000952,16.44037037037037,1
2497,2025-01-22 09:42:11+00:00,2025-01-22 09:42:11+00:00,33.127,0.1323333333333333,43.99366666666664,42.23233333333332,27.72966666666668,28.15033333333334,0.4100000000000001,65.56366666666666,0.000805,0.000729,0.000954,16.263999999999964,1
2512,2025-01-22 09:42:33+00:00,2025-01-22 09:42:33+00:00,130.66161290322583,0.1696774193548386,44.43064516129033,144.00548387096777,27.830000000000005,29.715161290322587,1.4409677419354838,64.1551612903226,0.000939,0.000881,0.001766,16.600645161290323,1
2522,2025-01-22 09:42:46+00:00,2025-01-22 09:42:46+00:00,189.4125806451613,0.1987096774193548,44.34064516129031,206.2983870967742,27.76290322580644,30.233548387096786,2.0129032258064523,62.718387096774194,0.000995,0.001037,0.002337,16.57774193548387,1
2535,2025-01-22 09:43:04+00:00,2025-01-22 09:43:04+00:00,218.6443333333333,0.1979999999999999,45.31033333333332,237.068,27.855666666666668,31.10000000000001,2.4350000000000005,62.23166666666668,0.001064,0.001035,0.002559,17.45466666666665,1
2542,2025-01-22 09:43:13+00:00,2025-01-22 09:43:13+00:00,201.3918181818181,0.1706060606060607,45.53,218.78818181818176,27.881818181818176,30.9478787878788,2.1948484848484853,62.77090909090909,0.001044,0.001051,0.002398,17.648181818181826,1
2561,2025-01-22 09:43:38+00:00,2025-01-22 09:43:38+00:00,85.03000000000003,0.1486206896551724,45.09931034482758,96.39586206896551,27.82517241379311,29.250689655172412,0.8800000000000002,64.87241379310345,0.000865,0.000769,0.001483,17.27413793103447,1
2581,2025-01-22 09:44:04+00:00,2025-01-22 09:44:04+00:00,20.765,0.1243749999999999,44.3859375,27.52906250000001,27.941250000000014,28.3659375,0.4068750000000001,66.14125000000001,0.000705,0.000689,0.000918,16.44468749999998,1
2585,2025-01-22 09:44:09+00:00,2025-01-22 09:44:09+00:00,27.71999999999999,0.1309677419354838,44.39709677419356,34.97129032258064,27.91645161290323,28.60258064516129,0.4100000000000001,66.01580645161289,0.000747,0.000731,0.000914,16.480645161290326,1
2592,2025-01-22 09:44:20+00:00,2025-01-22 09:44:20+00:00,64.09241379310343,0.1299999999999999,44.350000000000016,73.57862068965518,27.97379310344828,28.78310344827586,0.4100000000000001,65.18551724137934,0.000875,0.000794,0.001184,16.376206896551736,1
2602,2025-01-22 09:44:33+00:00,2025-01-22 09:44:33+00:00,128.93133333333336,0.1323333333333333,44.25866666666666,141.43966666666662,27.88633333333333,29.50866666666668,1.4380000000000004,63.81533333333332,0.000921,0.000868,0.001715,16.372333333333334,1
2624,2025-01-22 09:45:01+00:00,2025-01-22 09:45:01+00:00,218.65730769230765,0.2103846153846154,45.19269230769231,239.14653846153848,28.021923076923077,31.123461538461548,2.448076923076923,62.17192307692308,0.001054,0.001068,0.002581,17.17076923076923,1
2640,2025-01-22 09:45:24+00:00,2025-01-22 09:45:24+00:00,155.871935483871,0.1590322580645161,45.50129032258064,171.621935483871,27.95,30.33903225806452,1.7106451612903224,63.48612903225807,0.000932,0.000963,0.001993,17.551290322580645,1
2652,2025-01-22 09:45:40+00:00,2025-01-22 09:45:40+00:00,75.148125,0.1268749999999999,45.09531249999999,85.98500000000001,28.023124999999983,29.4103125,0.4003125000000002,65.01375,0.000857,0.00075,0.001391,17.07218750000001,1
2672,2025-01-22 09:46:06+00:00,2025-01-22 09:46:06+00:00,22.913225806451607,0.1461290322580645,44.49354838709677,30.702258064516123,28.125483870967745,28.539354838709663,0.4012903225806453,66.16354838709675,0.000726,0.000716,0.000875,16.368064516129028,1
2696,2025-01-22 09:46:38+00:00,2025-01-22 09:46:38+00:00,152.75290322580645,0.1719354838709678,44.45419354838711,167.3887096774193,28.095161290322576,29.88387096774192,1.656774193548387,63.26193548387096,0.000935,0.000942,0.002004,16.359032258064534,1
2697,2025-01-22 09:46:40+00:00,2025-01-22 09:46:40+00:00,161.69545454545457,0.1681818181818181,44.45272727272728,178.27787878787882,28.07242424242425,30.113030303030317,1.74969696969697,63.27000000000001,0.000926,0.00097,0.00207,16.38030303030303,1
2705,2025-01-22 09:46:50+00:00,2025-01-22 09:46:50+00:00,202.43678571428575,0.1803571428571428,44.6425,217.9925,28.06357142857144,30.71642857142857,2.177857142857143,62.4425,0.001001,0.00103,0.002429,16.57892857142856,1
2711,2025-01-22 09:46:58+00:00,2025-01-22 09:46:58+00:00,218.3429032258064,0.1909677419354839,45.24032258064517,235.63806451612905,28.135483870967743,31.19870967741935,2.4251612903225808,62.18419354838712,0.001052,0.001047,0.002542,17.104838709677427,1
2717,2025-01-22 09:47:06+00:00,2025-01-22 09:47:06+00:00,215.9603448275861,0.2072413793103448,45.44103448275864,235.6237931034482,28.09689655172414,31.18034482758621,2.424827586206897,62.19620689655176,0.00104,0.001048,0.002539,17.3441379310345,1
2720,2025-01-22 09:47:10+00:00,2025-01-22 09:47:10+00:00,210.0307142857144,0.1842857142857143,45.470714285714266,227.28535714285712,28.10178571428572,31.14178571428571,2.3292857142857137,62.24964285714285,0.001033,0.001046,0.00245,17.368928571428548,1
2721,2025-01-22 09:47:11+00:00,2025-01-22 09:47:11+00:00,208.02533333333332,0.204,45.51433333333333,226.31333333333336,28.117333333333335,31.165000000000006,2.2903333333333333,62.42700000000002,0.001026,0.001043,0.002416,17.396999999999995,1
2738,2025-01-22 09:47:34+00:00,2025-01-22 09:47:34+00:00,105.86222222222224,0.1277777777777777,45.43222222222222,118.7748148148148,28.128518518518515,29.802592592592596,1.2485185185185186,64.1785185185185,0.000887,0.000806,0.001688,17.303703703703707,1
2743,2025-01-22 09:47:40+00:00,2025-01-22 09:47:40+00:00,76.69375,0.145,45.15406250000002,86.62781249999999,28.145624999999985,29.3834375,0.4000000000000002,64.69250000000001,0.000884,0.000786,0.001347,17.00843750000004,1
2760,2025-01-22 09:48:02+00:00,2025-01-22 09:48:02+00:00,19.308235294117644,0.1555882352941176,44.413529411764685,27.75235294117648,28.20029411764708,28.50205882352942,0.3994117647058825,65.9470588235294,0.000707,0.000687,0.000951,16.21323529411761,1
2766,2025-01-22 09:48:10+00:00,2025-01-22 09:48:10+00:00,29.11593750000001,0.1331249999999999,44.25812499999999,38.01406249999999,28.18062499999999,28.3925,0.4003125000000002,65.34906249999997,0.000783,0.000702,0.000949,16.077499999999997,1
2777,2025-01-22 09:48:25+00:00,2025-01-22 09:48:25+00:00,85.80696969696967,0.1381818181818181,44.32363636363635,96.52303030303032,28.19363636363636,29.10121212121212,0.8966666666666665,64.3581818181818,0.000896,0.000803,0.001407,16.129999999999992,1
2779,2025-01-22 09:48:27+00:00,2025-01-22 09:48:27+00:00,96.34000000000005,0.1545161290322581,44.45193548387098,107.05612903225806,28.21161290322582,29.3858064516129,1.12516129032258,64.43064516129034,0.000905,0.000801,0.001495,16.240322580645163,1
2798,2025-01-22 09:48:52+00:00,2025-01-22 09:48:52+00:00,205.77666666666667,0.1688888888888889,44.86518518518519,224.07074074074075,28.24666666666667,31.02259259259259,2.253333333333334,62.34481481481483,0.001017,0.001038,0.002415,16.61851851851852,1
2802,2025-01-22 09:48:59+00:00,2025-01-22 09:48:59+00:00,218.256551724138,0.1862068965517241,45.46620689655173,235.96172413793107,28.384482758620692,31.59793103448276,2.407241379310345,62.52413793103448,0.001949,0.001103,0.00279,17.081724137931037,1
2807,2025-01-22 09:49:05+00:00,2025-01-22 09:49:05+00:00,217.39241379310332,0.1775862068965517,45.586551724137934,236.72344827586213,28.307241379310334,31.51620689655173,2.405862068965517,62.22724137931036,0.001053,0.001094,0.002508,17.2793103448276,1
2828,2025-01-22 09:49:33+00:00,2025-01-22 09:49:33+00:00,112.89727272727276,0.173030303030303,45.49969696969696,126.27181818181822,28.313333333333343,30.055454545454545,1.305757575757576,64.30484848484846,0.000888,0.000834,0.001701,17.18636363636362,1
2840,2025-01-22 09:49:49+00:00,2025-01-22 09:49:49+00:00,41.49740740740741,0.1462962962962963,44.96666666666667,50.22962962962962,28.305555555555543,29.071851851851854,0.395925925925926,65.6503703703704,0.000797,0.000725,0.001054,16.661111111111126,1
2855,2025-01-22 09:50:10+00:00,2025-01-22 09:50:10+00:00,28.683846153846147,0.135,44.66692307692309,37.294615384615376,28.425769230769237,28.83000000000001,0.3953846153846156,65.97884615384615,0.000743,0.000732,0.000945,16.241153846153857,1
2888,2025-01-22 09:50:53+00:00,2025-01-22 09:50:53+00:00,209.36967741935487,0.192258064516129,44.87741935483873,226.57774193548383,28.334516129032256,31.168387096774207,2.2935483870967737,62.070322580645154,0.001007,0.001045,0.002412,16.542903225806473,1
2904,2025-01-22 09:51:14+00:00,2025-01-22 09:51:14+00:00,200.1985185185184,0.1896296296296296,45.72814814814814,216.53148148148145,28.42666666666666,31.300740740740743,2.167407407407408,62.54666666666665,0.000972,0.001049,0.002249,17.301481481481485,1
2907,2025-01-22 09:51:18+00:00,2025-01-22 09:51:18+00:00,184.0848484848485,0.1915151515151515,45.66878787878788,202.46303030303028,28.378484848484835,30.98151515151516,1.9833333333333325,62.6769696969697,0.000927,0.001047,0.002142,17.290303030303047,1
2909,2025-01-22 09:51:20+00:00,2025-01-22 09:51:20+00:00,177.49500000000003,0.1753333333333332,45.859,193.25466666666676,28.437333333333346,31.037666666666667,1.9,63.15133333333336,0.000919,0.001033,0.002041,17.42166666666666,1
2916,2025-01-22 09:51:29+00:00,2025-01-22 09:51:29+00:00,134.66392857142858,0.1617857142857142,45.73107142857143,149.89964285714288,28.429642857142856,30.52357142857144,1.5189285714285714,63.81285714285717,0.000934,0.000886,0.001752,17.301428571428577,1
2925,2025-01-22 09:51:41+00:00,2025-01-22 09:51:41+00:00,72.90964285714284,0.1385714285714285,45.5042857142857,83.95321428571431,28.47964285714286,29.9,0.3914285714285714,65.23857142857142,0.000842,0.000761,0.001263,17.02464285714284,1
2926,2025-01-22 09:51:43+00:00,2025-01-22 09:51:43+00:00,63.61677419354839,0.1493548387096774,45.315806451612914,75.05354838709677,28.42258064516129,29.39161290322581,0.3925806451612904,64.9074193548387,0.000847,0.000818,0.001262,16.89322580645163,1
2940,2025-01-22 09:52:01+00:00,2025-01-22 09:52:01+00:00,19.474838709677417,0.1209677419354838,44.72967741935485,27.73709677419356,28.517741935483876,28.80774193548387,0.3912903225806453,66.01064516129033,0.000698,0.000727,0.000881,16.211935483870977,1
2943,2025-01-22 09:52:05+00:00,2025-01-22 09:52:05+00:00,21.13344827586206,0.1210344827586207,44.594137931034496,28.2451724137931,28.475517241379308,28.755862068965502,0.3906896551724139,65.86827586206896,0.000769,0.000723,0.000952,16.118620689655188,1
2949,2025-01-22 09:52:13+00:00,2025-01-22 09:52:13+00:00,36.72531249999999,0.1275,44.74343749999999,44.22499999999999,28.561875,29.0825,0.3918750000000001,65.59562500000001,0.000762,0.00072,0.000965,16.18156249999999,1
2966,2025-01-22 09:52:35+00:00,2025-01-22 09:52:35+00:00,135.69677419354838,0.1919354838709678,44.64967741935486,149.87322580645164,28.537419354838693,30.164838709677426,1.510322580645162,63.60354838709677,0.000919,0.0009,0.001759,16.112258064516165,1
2975,2025-01-22 09:52:47+00:00,2025-01-22 09:52:47+00:00,189.79419354838717,0.1509677419354838,45.0706451612903,205.9203225806452,28.62419354838709,31.270000000000017,2.0451612903225804,62.88483870967743,0.000966,0.001085,0.002266,16.446451612903207,1
2990,2025-01-22 09:53:08+00:00,2025-01-22 09:53:08+00:00,214.1972413793103,0.1606896551724138,46.01310344827587,231.7941379310345,28.683103448275865,31.95068965517241,2.3786206896551723,62.60517241379309,0.001026,0.001079,0.002402,17.33000000000001,1
2997,2025-01-22 09:53:17+00:00,2025-01-22 09:53:17+00:00,189.8216666666667,0.1636666666666666,46.026333333333326,207.3916666666667,28.589000000000016,31.446333333333325,2.0546666666666678,62.815000000000005,0.000937,0.001068,0.002164,17.43733333333331,1
3000,2025-01-22 09:53:21+00:00,2025-01-22 09:53:21+00:00,173.30928571428572,0.1528571428571428,45.89678571428571,189.3014285714286,28.579642857142865,31.17607142857143,1.8696428571428567,63.138571428571424,0.000929,0.001034,0.002048,17.317142857142848,1
3018,2025-01-22 09:53:46+00:00,2025-01-22 09:53:46+00:00,52.43068965517242,0.1296551724137931,45.30448275862069,62.138965517241374,28.641724137931018,29.486206896551725,0.3913793103448276,65.18137931034481,0.00081,0.000721,0.001118,16.662758620689676,1
3081,2025-01-22 09:55:10+00:00,2025-01-22 09:55:10+00:00,210.7241935483871,0.1638709677419355,46.31258064516129,229.146129032258,28.93612903225808,32.030322580645155,2.3290322580645144,62.70806451612905,0.001009,0.001085,0.002339,17.376451612903214,1
3084,2025-01-22 09:55:14+00:00,2025-01-22 09:55:14+00:00,200.36999999999992,0.1603125,46.025,216.4215625,28.76999999999999,31.694375,2.1728125,62.666562500000005,0.000993,0.00107,0.002268,17.25500000000001,1
3108,2025-01-22 09:55:45+00:00,2025-01-22 09:55:45+00:00,56.53142857142855,0.1339285714285714,45.64214285714287,67.10071428571429,28.8482142857143,30.122142857142865,0.3896428571428572,65.58000000000001,0.000838,0.000742,0.0012,16.793928571428573,1
3181,2025-01-22 09:57:25+00:00,2025-01-22 09:57:25+00:00,157.6930303030302,0.1633333333333334,46.17696969696969,171.8672727272727,28.911515151515147,31.288787878787872,1.7254545454545454,63.488787878787896,0.000932,0.000982,0.001954,17.265454545454546,1
3186,2025-01-22 09:57:31+00:00,2025-01-22 09:57:31+00:00,125.45531249999998,0.1637500000000001,46.08031250000001,140.89062499999997,28.93312500000001,30.92812499999999,1.4465625000000004,64.03,0.000901,0.000894,0.001691,17.1471875,1
3236,2025-01-22 09:58:38+00:00,2025-01-22 09:58:38+00:00,148.94230769230768,0.1607692307692307,45.480384615384615,163.7315384615384,29.122692307692315,31.279230769230782,1.6357692307692306,63.85269230769231,0.00094,0.000934,0.001862,16.3576923076923,1
3237,2025-01-22 09:58:39+00:00,2025-01-22 09:58:39+00:00,153.08875,0.1634375,45.25937499999999,167.7109375,29.0925,31.072812500000005,1.6775,63.48406249999999,0.000956,0.000954,0.001947,16.16687499999999,1
3247,2025-01-22 09:58:53+00:00,2025-01-22 09:58:53+00:00,207.4917241379311,0.19,45.55068965517239,224.6006896551725,29.107586206896556,31.96206896551724,2.29,62.54724137931033,0.001007,0.001086,0.002337,16.44310344827584,1
3255,2025-01-22 09:59:03+00:00,2025-01-22 09:59:03+00:00,219.13566666666665,0.224,46.12066666666668,237.7379999999999,29.12766666666668,32.385,2.478333333333333,62.40199999999998,0.001013,0.001138,0.002473,16.993000000000002,1
3273,2025-01-22 09:59:27+00:00,2025-01-22 09:59:27+00:00,148.3233333333333,0.149,46.21333333333335,162.14700000000005,29.07466666666668,31.308000000000003,1.6350000000000002,63.711000000000006,0.00091,0.000964,0.001841,17.138666666666673,1
3287,2025-01-22 09:59:46+00:00,2025-01-22 09:59:46+00:00,54.1609375,0.1331249999999999,45.565000000000005,63.501250000000006,29.09125000000001,29.89218750000001,0.3812500000000002,65.09375,0.000805,0.000745,0.001078,16.473749999999995,1
3289,2025-01-22 09:59:49+00:00,2025-01-22 09:59:49+00:00,43.74000000000001,0.1660714285714285,45.797857142857154,52.91107142857143,29.18285714285715,30.16571428571429,0.3832142857142858,65.82714285714287,0.000776,0.000723,0.001024,16.615000000000006,1
3296,2025-01-22 09:59:58+00:00,2025-01-22 09:59:58+00:00,21.946428571428573,0.145,45.30499999999999,30.309285714285718,29.100000000000005,29.555,0.3885714285714287,65.87642857142855,0.00072,0.000676,0.000917,16.204999999999988,1
3328,2025-01-22 10:00:40+00:00,2025-01-22 10:00:40+00:00,158.4213793103448,0.1610344827586207,45.737586206896566,172.2231034482759,29.256206896551728,31.663448275862077,1.7237931034482756,63.71275862068968,0.000961,0.000981,0.001985,16.48137931034484,1
3355,2025-01-22 10:01:15+00:00,2025-01-22 10:01:15+00:00,198.57533333333336,0.1756666666666667,46.442666666666646,216.4653333333333,29.254000000000005,32.28966666666667,2.186,62.84200000000001,0.001,0.001073,0.002241,17.18866666666664,1
3357,2025-01-22 10:01:18+00:00,2025-01-22 10:01:18+00:00,189.0600000000001,0.1584848484848485,46.26696969696968,205.6887878787879,29.20515151515153,31.89969696969697,2.0490909090909093,62.654242424242426,0.000967,0.001073,0.002151,17.061818181818143,1
3360,2025-01-22 10:01:22+00:00,2025-01-22 10:01:22+00:00,172.25107142857138,0.1696428571428571,46.52821428571428,188.3810714285715,29.256071428571413,31.87035714285714,1.858928571428572,63.16714285714284,0.000938,0.001055,0.002032,17.272142857142864,1
3376,2025-01-22 10:01:44+00:00,2025-01-22 10:01:44+00:00,63.446333333333314,0.1553333333333333,45.83733333333332,73.71200000000003,29.237333333333343,30.27433333333334,0.3800000000000001,65.12666666666667,0.000851,0.000782,0.001142,16.599999999999977,1
3381,2025-01-22 10:01:51+00:00,2025-01-22 10:01:51+00:00,37.898620689655154,0.1375862068965517,45.80586206896552,46.7158620689655,29.34448275862069,30.026206896551724,0.3800000000000001,65.88068965517242,0.000775,0.000707,0.000999,16.461379310344835,1
3409,2025-01-22 10:02:29+00:00,2025-01-22 10:02:29+00:00,100.63392857142856,0.1710714285714286,45.01964285714287,111.27392857142858,29.27857142857141,30.440357142857145,1.1649999999999998,64.04785714285715,0.000922,0.000886,0.001489,15.741071428571455,1
3416,2025-01-22 10:02:38+00:00,2025-01-22 10:02:38+00:00,145.6039285714286,0.1739285714285713,45.45928571428572,162.0360714285714,29.36357142857143,31.307857142857134,1.6224999999999998,63.44750000000001,0.00093,0.000943,0.001784,16.09571428571429,1
3419,2025-01-22 10:02:42+00:00,2025-01-22 10:02:42+00:00,166.4157575757576,0.200909090909091,45.73848484848485,181.4051515151516,29.38727272727272,31.76606060606061,1.8027272727272723,63.48424242424247,0.000912,0.001019,0.001986,16.351212121212132,1
3432,2025-01-22 10:03:00+00:00,2025-01-22 10:03:00+00:00,219.0664516129033,0.1722580645161291,45.95096774193547,236.5796774193548,29.318064516129024,32.31483870967741,2.4851612903225813,62.01064516129033,0.001022,0.001114,0.002425,16.632903225806448,1
3437,2025-01-22 10:03:07+00:00,2025-01-22 10:03:07+00:00,215.95281249999996,0.1665624999999999,46.400312499999984,233.57218750000007,29.3996875,32.53906250000001,2.4609375,62.35093749999999,0.001019,0.001126,0.002431,17.000624999999985,1
3444,2025-01-22 10:03:16+00:00,2025-01-22 10:03:16+00:00,196.58483870967743,0.1677419354838709,46.503870967741946,213.57903225806447,29.350645161290338,32.25516129032257,2.169032258064516,62.639354838709686,0.000963,0.001085,0.002225,17.15322580645161,1
3488,2025-01-22 10:04:14+00:00,2025-01-22 10:04:14+00:00,36.12375,0.1284374999999999,45.515,43.28000000000001,29.54,30.04812500000001,0.3800000000000002,65.78624999999998,0.000774,0.00069,0.001014,15.975,1
3531,2025-01-22 10:05:11+00:00,2025-01-22 10:05:11+00:00,210.1426666666667,0.1733333333333333,46.435333333333325,227.59933333333336,29.48233333333333,32.46300000000001,2.3706666666666667,62.08466666666666,0.000998,0.001113,0.002343,16.952999999999996,1
3543,2025-01-22 10:05:27+00:00,2025-01-22 10:05:27+00:00,151.25444444444446,0.1407407407407407,46.47259259259261,165.50740740740736,29.51629629629628,31.72148148148147,1.666296296296296,63.46,0.000923,0.000992,0.001883,16.95629629629633,1
3558,2025-01-22 10:05:48+00:00,2025-01-22 10:05:48+00:00,49.080322580645166,0.1406451612903226,45.97064516129034,57.33354838709677,29.53129032258063,30.40612903225806,0.3790322580645162,65.37838709677419,0.000864,0.000769,0.001118,16.43935483870971,1
3574,2025-01-22 10:06:09+00:00,2025-01-22 10:06:09+00:00,24.51392857142856,0.1485714285714285,45.377857142857145,32.23571428571429,29.56178571428573,29.874642857142856,0.3728571428571427,65.84285714285713,0.000711,0.000697,0.000917,15.81607142857142,1
3587,2025-01-22 10:06:26+00:00,2025-01-22 10:06:26+00:00,84.01967741935479,0.1435483870967742,45.70548387096773,94.10129032258062,29.689999999999984,30.79870967741936,0.9706451612903224,64.8487096774194,0.000944,0.000804,0.001352,16.01548387096775,1
3598,2025-01-22 10:06:40+00:00,2025-01-22 10:06:40+00:00,155.3037037037037,0.1614814814814815,45.47148148148148,170.16185185185188,29.63444444444444,31.605925925925927,1.706296296296295,63.47148148148149,0.000952,0.000964,0.001908,15.837037037037046,1
3608,2025-01-22 10:06:55+00:00,2025-01-22 10:06:55+00:00,210.8570370370371,0.1777777777777778,45.92222222222222,227.7192592592593,29.662962962962958,32.44518518518518,2.3381481481481483,62.30074074074074,0.001032,0.00117,0.002329,16.259259259259263,1
3635,2025-01-22 10:07:30+00:00,2025-01-22 10:07:30+00:00,134.7941935483871,0.1506451612903225,46.69387096774194,148.67193548387093,29.665806451612912,31.78967741935484,1.5400000000000005,63.90774193548389,0.000894,0.00091,0.001725,17.028064516129024,1
3673,2025-01-22 10:08:20+00:00,2025-01-22 10:08:20+00:00,56.684642857142855,0.1332142857142856,45.34035714285716,64.33785714285713,29.720714285714298,30.34821428571428,0.3767857142857144,65.05464285714287,0.000838,0.000779,0.001139,15.61964285714286,1
3687,2025-01-22 10:08:38+00:00,2025-01-22 10:08:38+00:00,144.17199999999997,0.172,46.011666666666656,158.7986666666666,29.879333333333356,31.850000000000005,1.603333333333334,63.85733333333333,0.000939,0.000955,0.0018,16.132333333333303,1
3717,2025-01-22 10:09:19+00:00,2025-01-22 10:09:19+00:00,187.34629629629623,0.2207407407407407,47.01666666666669,204.4366666666667,29.87037037037037,32.65962962962964,2.068518518518518,62.96074074074076,0.000948,0.001085,0.002153,17.14629629629632,1
3729,2025-01-22 10:09:35+00:00,2025-01-22 10:09:35+00:00,110.37468749999996,0.1584375,46.7225,122.989375,29.85062500000001,31.662499999999994,1.3028125000000002,64.15343749999998,0.000943,0.00085,0.001629,16.871874999999992,1
3746,2025-01-22 10:09:57+00:00,2025-01-22 10:09:57+00:00,25.11689655172413,0.1375862068965516,45.74206896551724,31.50517241379309,29.836551724137937,30.28206896551725,0.3713793103448274,65.85827586206895,0.000728,0.000707,0.000927,15.905517241379304,1
3757,2025-01-22 10:10:11+00:00,2025-01-22 10:10:11+00:00,27.311785714285715,0.1260714285714285,45.42178571428571,34.0207142857143,29.842500000000005,30.167500000000008,0.3717857142857141,65.50035714285713,0.000737,0.000702,0.000945,15.579285714285708,1
3768,2025-01-22 10:10:26+00:00,2025-01-22 10:10:26+00:00,82.12714285714287,0.1435714285714286,45.45785714285715,91.96214285714284,29.848571428571432,30.640357142857138,0.8114285714285717,64.39964285714287,0.000877,0.000796,0.001349,15.609285714285718,1
3781,2025-01-22 10:10:43+00:00,2025-01-22 10:10:43+00:00,167.55124999999998,0.1531249999999999,45.7346875,182.7240625000001,29.89906249999999,32.0315625,1.8384375,63.102812500000034,0.000929,0.00101,0.001994,15.835625000000013,1
3799,2025-01-22 10:11:07+00:00,2025-01-22 10:11:07+00:00,217.0668965517241,0.2151724137931035,46.41413793103448,236.02137931034483,29.90413793103449,32.80206896551724,2.4679310344827585,61.83896551724139,0.001302,0.001914,0.002431,16.509999999999984,1
3806,2025-01-22 10:11:16+00:00,2025-01-22 10:11:16+00:00,197.269375,0.1768750000000001,47.04375,215.8796875,30.008125,32.955625,2.1925000000000003,62.693437500000016,0.00098,0.001106,0.002247,17.035625000000003,1
3816,2025-01-22 10:11:29+00:00,2025-01-22 10:11:29+00:00,143.12111111111113,0.1596296296296296,46.82629629629631,155.59074074074073,29.96777777777779,32.08148148148148,1.6003703703703704,63.77074074074074,0.000931,0.000921,0.001788,16.858518518518515,1
3831,2025-01-22 10:11:50+00:00,2025-01-22 10:11:50+00:00,42.81620689655171,0.16,46.23172413793103,52.27034482758622,29.99,30.804137931034475,0.3699999999999998,65.64655172413792,0.000806,0.000728,0.001089,16.241724137931026,1
3883,2025-01-22 10:12:58+00:00,2025-01-22 10:12:58+00:00,215.96692307692308,0.1957692307692308,46.48346153846153,233.5934615384616,30.12884615384615,32.933846153846154,2.446923076923077,61.9846153846154,0.000999,0.001108,0.002372,16.354615384615382,1
3892,2025-01-22 10:13:10+00:00,2025-01-22 10:13:10+00:00,214.11606060606053,0.193939393939394,46.713939393939405,231.12181818181813,30.082727272727283,33.11333333333334,2.443030303030304,62.16757575757575,0.001018,0.001137,0.002371,16.631212121212123,1
3911,2025-01-22 10:13:35+00:00,2025-01-22 10:13:35+00:00,112.06428571428567,0.1757142857142858,46.74857142857143,124.5232142857143,30.090357142857155,31.838928571428564,1.327142857142857,64.21678571428572,0.000886,0.000877,0.001672,16.658214285714276,1
3917,2025-01-22 10:13:44+00:00,2025-01-22 10:13:44+00:00,67.26709677419355,0.1493548387096774,46.50612903225809,77.59387096774194,30.131290322580643,31.247741935483862,0.3735483870967744,64.8751612903226,0.000834,0.000757,0.001272,16.374838709677444,1
3918,2025-01-22 10:13:45+00:00,2025-01-22 10:13:45+00:00,63.57214285714285,0.1517857142857143,46.35964285714285,73.6025,30.13392857142857,31.121785714285725,0.3771428571428569,65.01821428571427,0.00081,0.000768,0.001212,16.225714285714286,1
3926,2025-01-22 10:13:56+00:00,2025-01-22 10:13:56+00:00,27.6367741935484,0.1280645161290322,46.02483870967743,34.29451612903226,30.132903225806448,30.66483870967742,0.3716129032258065,65.83967741935483,0.000745,0.000675,0.000964,15.891935483870984,1
3929,2025-01-22 10:14:00+00:00,2025-01-22 10:14:00+00:00,20.74,0.128125,45.66093749999997,28.46937500000001,30.09156250000001,30.365,0.3771875000000002,65.65281249999998,0.000776,0.000664,0.000874,15.569374999999969,1
3976,2025-01-22 10:15:01+00:00,2025-01-22 10:15:01+00:00,218.73821428571432,0.1767857142857143,46.43785714285716,236.40821428571437,30.17178571428573,33.14964285714286,2.522142857142858,61.91607142857144,0.001019,0.001159,0.00247,16.266071428571436,1
3982,2025-01-22 10:15:09+00:00,2025-01-22 10:15:09+00:00,215.2920689655172,0.1872413793103448,47.20551724137931,233.17275862068965,30.316551724137938,33.54620689655172,2.4834482758620693,62.46310344827586,0.001015,0.001142,0.00244,16.888965517241374,1
4001,2025-01-22 10:15:35+00:00,2025-01-22 10:15:35+00:00,112.08843749999996,0.1571875,47.18125000000001,125.2,30.33625,32.2653125,1.3325000000000002,64.38999999999999,0.000904,0.000846,0.001661,16.845000000000013,1
4019,2025-01-22 10:15:59+00:00,2025-01-22 10:15:59+00:00,22.47866666666666,0.112,46.136333333333326,29.429666666666662,30.301333333333336,30.95466666666669,0.3699999999999998,66.06966666666668,0.00072,0.000661,0.000877,15.83499999999999,1
4051,2025-01-22 10:16:41+00:00,2025-01-22 10:16:41+00:00,155.9503333333333,0.1543333333333333,46.205666666666666,170.90533333333326,30.4,32.46866666666667,1.7356666666666665,63.48066666666666,0.000939,0.000945,0.001858,15.805666666666667,1
4058,2025-01-22 10:16:51+00:00,2025-01-22 10:16:51+00:00,196.70499999999996,0.1914285714285714,46.44071428571426,214.46857142857152,30.43142857142857,33.11285714285713,2.1975000000000007,62.68357142857143,0.000999,0.001059,0.002298,16.009285714285685,1
4067,2025-01-22 10:17:03+00:00,2025-01-22 10:17:03+00:00,218.55838709677417,0.1729032258064516,46.632580645161305,236.5622580645161,30.32903225806453,33.34838709677419,2.5451612903225804,61.84096774193548,0.001018,0.001133,0.002503,16.303548387096775,1
4085,2025-01-22 10:17:27+00:00,2025-01-22 10:17:27+00:00,154.47517241379313,0.1531034482758621,47.33551724137932,170.1272413793103,30.48724137931035,32.90827586206896,1.7220689655172416,63.53448275862069,0.000926,0.000958,0.001918,16.84827586206897,1
4103,2025-01-22 10:17:52+00:00,2025-01-22 10:17:52+00:00,38.39531250000001,0.145,46.69937500000001,47.00000000000002,30.505000000000003,31.365,0.3709374999999999,65.86906249999998,0.000783,0.00076,0.001074,16.194375000000008,1
4124,2025-01-22 10:18:20+00:00,2025-01-22 10:18:20+00:00,53.3764516129032,0.1248387096774193,45.772903225806445,61.19806451612903,30.464516129032276,31.08967741935485,0.3699999999999998,65.15838709677419,0.000822,0.000767,0.001126,15.308387096774172,1
4126,2025-01-22 10:18:23+00:00,2025-01-22 10:18:23+00:00,66.04862068965517,0.1251724137931034,46.04413793103448,74.50793103448274,30.53137931034482,31.32034482758621,0.3699999999999998,64.99172413793103,0.000862,0.000797,0.001165,15.512758620689665,1
4178,2025-01-22 10:19:31+00:00,2025-01-22 10:19:31+00:00,134.8428125,0.121875,47.180625000000006,147.76968749999995,30.545937499999997,32.614375,1.5596874999999997,63.85218750000003,0.000952,0.000848,0.001759,16.634687500000013,1
4190,2025-01-22 10:19:47+00:00,2025-01-22 10:19:47+00:00,56.29821428571427,0.1703571428571428,46.73499999999999,66.67285714285715,30.571785714285717,31.635,0.3699999999999998,65.26749999999997,0.000814,0.000738,0.001189,16.16321428571428,1
4200,2025-01-22 10:20:01+00:00,2025-01-22 10:20:01+00:00,20.842142857142864,0.1314285714285714,46.106785714285714,28.30250000000001,30.57500000000002,30.99000000000001,0.3699999999999998,65.7792857142857,0.000693,0.000737,0.001014,15.531785714285691,1
4207,2025-01-22 10:20:10+00:00,2025-01-22 10:20:10+00:00,23.90666666666667,0.1351851851851851,46.07814814814814,31.067037037037046,30.60814814814814,31.008148148148145,0.3699999999999999,65.59444444444446,0.000701,0.000702,0.000936,15.47,1
4260,2025-01-22 10:21:21+00:00,2025-01-22 10:21:21+00:00,181.659,0.1633333333333333,47.53566666666666,198.72333333333336,30.755,33.515,2.0290000000000004,62.865666666666655,0.000947,0.001013,0.002144,16.780666666666665,1
4267,2025-01-22 10:21:30+00:00,2025-01-22 10:21:30+00:00,141.26875000000004,0.165,47.85687500000002,156.386875,30.85999999999998,33.3721875,1.6162500000000006,64.2403125,0.000915,0.00089,0.001736,16.996875000000035,1
4274,2025-01-22 10:21:40+00:00,2025-01-22 10:21:40+00:00,89.48156249999998,0.1468749999999999,47.346250000000005,100.676875,30.81781249999999,32.541562500000005,1.1078125000000008,65.03749999999998,0.000868,0.000808,0.001456,16.528437500000013,1
4283,2025-01-22 10:21:51+00:00,2025-01-22 10:21:51+00:00,42.63000000000001,0.1239285714285714,46.85892857142858,50.26428571428572,30.783928571428568,31.695357142857137,0.3699999999999998,65.69857142857144,0.000792,0.000741,0.001033,16.07500000000001,1
4302,2025-01-22 10:22:16+00:00,2025-01-22 10:22:16+00:00,38.14133333333333,0.1776666666666667,46.35866666666665,46.62433333333336,30.861,31.502,0.3683333333333332,65.82133333333333,0.000833,0.000758,0.000991,15.497666666666651,1
4320,2025-01-22 10:22:41+00:00,2025-01-22 10:22:41+00:00,154.90290322580643,0.1467741935483871,46.49548387096775,168.19419354838712,30.86064516129033,32.95709677419355,1.7325806451612906,63.6222580645161,0.000954,0.000947,0.001946,15.634838709677418,1
4335,2025-01-22 10:23:01+00:00,2025-01-22 10:23:01+00:00,216.74740740740745,0.1833333333333332,47.39333333333335,234.1218518518519,30.890370370370377,34.355555555555554,2.522222222222222,62.4525925925926,0.001006,0.00112,0.002495,16.502962962962968,1
4348,2025-01-22 10:23:18+00:00,2025-01-22 10:23:18+00:00,195.27444444444444,0.1737037037037036,47.49666666666668,211.56296296296296,30.858518518518505,33.6874074074074,2.19925925925926,62.52629629629632,0.000973,0.001058,0.002271,16.638148148148172,1
4358,2025-01-22 10:23:32+00:00,2025-01-22 10:23:32+00:00,131.60625000000002,0.156875,47.81531250000001,145.76062499999995,30.960312500000008,33.20374999999999,1.5281249999999995,64.3071875,0.000902,0.000867,0.001693,16.855000000000004,1
4378,2025-01-22 10:23:59+00:00,2025-01-22 10:23:59+00:00,23.209310344827585,0.1282758620689655,46.33758620689655,30.92689655172414,30.86137931034484,31.158620689655177,0.3689655172413791,65.54827586206898,0.000796,0.000737,0.000931,15.476206896551709,1
4396,2025-01-22 10:24:23+00:00,2025-01-22 10:24:23+00:00,63.84799999999999,0.129,46.49733333333334,72.82433333333333,31.011333333333337,31.906666666666656,0.3703333333333332,65.31233333333333,0.000953,0.000802,0.001168,15.486,1
4397,2025-01-22 10:24:25+00:00,2025-01-22 10:24:25+00:00,72.85166666666669,0.1676666666666667,46.05933333333336,82.02299999999998,30.866,31.724666666666664,0.3683333333333331,64.6903333333333,0.000882,0.000825,0.00122,15.193333333333356,1
4405,2025-01-22 10:24:35+00:00,2025-01-22 10:24:35+00:00,122.7990625,0.125625,46.066250000000025,134.03468750000002,30.835625,32.2521875,1.4240625000000002,63.595312500000006,0.000945,0.000882,0.001573,15.230625000000025,1
4412,2025-01-22 10:24:47+00:00,2025-01-22 10:24:47+00:00,181.26862068965517,0.1813793103448276,46.44999999999999,195.88655172413797,30.93551724137932,33.32310344827587,1.9844827586206888,62.91758620689655,0.000948,0.001004,0.002116,15.51448275862067,1
4420,2025-01-22 10:24:57+00:00,2025-01-22 10:24:57+00:00,212.26032258064515,0.1964516129032259,46.879354838709695,229.4212903225807,30.962580645161307,33.88258064516129,2.4377419354838703,62.24032258064516,0.000996,0.001094,0.002402,15.916774193548388,1
4425,2025-01-22 10:25:04+00:00,2025-01-22 10:25:04+00:00,219.28233333333336,0.174,47.403000000000006,235.29833333333323,31.032,34.21566666666667,2.5689999999999995,62.20133333333335,0.001015,0.00112,0.002499,16.371000000000006,1
4463,2025-01-22 10:25:54+00:00,2025-01-22 10:25:54+00:00,34.515862068965525,0.1472413793103448,47.12862068965517,42.873793103448286,31.09896551724138,31.987586206896555,0.3627586206896551,66.06758620689658,0.000787,0.000683,0.001046,16.029655172413793,1
4498,2025-01-22 10:26:41+00:00,2025-01-22 10:26:41+00:00,152.00375,0.16,46.5928125,165.4503125,31.10000000000001,33.06593749999999,1.7112499999999995,63.3646875,0.000944,0.000945,0.001862,15.492812499999983,1
4514,2025-01-22 10:27:02+00:00,2025-01-22 10:27:02+00:00,218.6978125,0.2209375000000001,46.98312499999997,237.41812499999995,31.058125,33.9378125,2.5571875,61.80906250000002,0.00102,0.001138,0.002555,15.924999999999972,1
4519,2025-01-22 10:27:10+00:00,2025-01-22 10:27:10+00:00,214.2440624999999,0.1775,47.74656250000001,232.97000000000008,31.1709375,34.44781249999998,2.484375,62.46093750000001,0.001061,0.00113,0.002495,16.575625000000013,1
4536,2025-01-22 10:27:32+00:00,2025-01-22 10:27:32+00:00,134.03592592592597,0.1614814814814815,47.63703703703704,146.0685185185185,31.178888888888903,33.16518518518518,1.5559259259259255,63.75740740740743,0.000927,0.000888,0.001708,16.458148148148137,1
4545,2025-01-22 10:27:44+00:00,2025-01-22 10:27:44+00:00,73.08551724137929,0.1341379310344827,47.21482758620688,83.58862068965519,31.14,32.36827586206897,0.3637931034482757,64.96275862068966,0.000844,0.000786,0.001292,16.07482758620688,1
4588,2025-01-22 10:28:42+00:00,2025-01-22 10:28:42+00:00,156.45580645161294,0.1506451612903225,47.007096774193535,169.95064516129034,31.35903225806449,33.67645161290323,1.7638709677419362,63.62096774193551,0.000981,0.000983,0.001939,15.64806451612904,1
4590,2025-01-22 10:28:44+00:00,2025-01-22 10:28:44+00:00,165.47178571428572,0.1464285714285714,46.48250000000001,180.67000000000004,31.157857142857164,33.31178571428572,1.863571428571429,62.916071428571456,0.000955,0.000994,0.002039,15.324642857142845,1
4594,2025-01-22 10:28:49+00:00,2025-01-22 10:28:49+00:00,187.88333333333333,0.1596296296296296,46.61222222222222,202.7281481481481,31.173703703703723,33.58777777777777,2.102592592592593,62.31037037037035,0.001041,0.001412,0.004577,15.4385185185185,1
4601,2025-01-22 10:28:59+00:00,2025-01-22 10:28:59+00:00,216.07035714285715,0.1914285714285714,46.97464285714285,233.04964285714283,31.195000000000004,33.99857142857143,2.512857142857144,61.78249999999999,0.001011,0.001087,0.00252,15.779642857142845,1
4602,2025-01-22 10:29:00+00:00,2025-01-22 10:29:00+00:00,217.98935483870963,0.1909677419354839,47.122580645161285,233.2803225806451,31.19548387096776,34.198387096774205,2.5135483870967743,62.042580645161294,0.001039,0.001094,0.002551,15.927096774193526,1
4604,2025-01-22 10:29:03+00:00,2025-01-22 10:29:03+00:00,219.34172413793104,0.1910344827586207,47.48034482758621,236.96620689655168,31.29,34.46275862068966,2.570689655172413,62.09689655172415,0.001022,0.001124,0.002605,16.190344827586213,1
4624,2025-01-22 10:29:29+00:00,2025-01-22 10:29:29+00:00,149.70103448275862,0.1617241379310345,47.63275862068965,163.63482758620682,31.197241379310334,33.42620689655172,1.694827586206896,63.43241379310347,0.000935,0.000948,0.001852,16.435517241379312,1
4637,2025-01-22 10:29:46+00:00,2025-01-22 10:29:46+00:00,64.63259259259256,0.1307407407407407,47.17370370370372,73.0714814814815,31.250740740740746,32.41444444444443,0.3625925925925926,65.10740740740738,0.00081,0.000812,0.001224,15.92296296296297,1
4685,2025-01-22 10:30:49+00:00,2025-01-22 10:30:49+00:00,185.9742307692308,0.1476923076923076,47.16884615384617,201.51923076923077,31.47192307692309,34.174615384615386,2.106923076923076,63.018076923076926,0.000956,0.001051,0.002216,15.696923076923074,1
4688,2025-01-22 10:30:53+00:00,2025-01-22 10:30:53+00:00,200.12533333333343,0.157,46.981,215.90766666666667,31.356,34.10666666666667,2.287,62.35866666666663,0.000987,0.001081,0.002361,15.624999999999996,1
4703,2025-01-22 10:31:12+00:00,2025-01-22 10:31:12+00:00,211.7423333333333,0.185,47.687,229.51866666666663,31.365666666666662,34.43033333333335,2.490000000000001,62.07666666666668,0.000998,0.001139,0.002448,16.321333333333335,1
4717,2025-01-22 10:31:32+00:00,2025-01-22 10:31:32+00:00,134.3612903225806,0.1567741935483871,47.64193548387095,148.1432258064516,31.385483870967736,33.422258064516136,1.5829032258064517,63.7658064516129,0.000911,0.000913,0.001797,16.25645161290321,1
4724,2025-01-22 10:31:41+00:00,2025-01-22 10:31:41+00:00,88.90620689655174,0.1303448275862068,47.42551724137931,99.66068965517243,31.403793103448287,32.767931034482764,1.1103448275862071,64.51827586206898,0.000904,0.000874,0.001461,16.021724137931024,1
4726,2025-01-22 10:31:44+00:00,2025-01-22 10:31:44+00:00,73.71178571428571,0.1553571428571429,47.393571428571406,84.40071428571426,31.42785714285714,32.69035714285713,0.4217857142857141,65.1267857142857,0.000836,0.000808,0.001343,15.965714285714268,1
4740,2025-01-22 10:32:02+00:00,2025-01-22 10:32:02+00:00,20.905312500000004,0.1265625,46.49875,27.9421875,31.374062499999987,31.588750000000008,0.3618749999999999,65.626875,0.000711,0.000724,0.000927,15.124687500000007,1
4744,2025-01-22 10:32:09+00:00,2025-01-22 10:32:09+00:00,22.28419354838709,0.1138709677419355,46.52419354838712,28.02451612903225,31.447096774193557,31.779032258064515,0.3609677419354838,65.98709677419355,0.000705,0.000736,0.000925,15.077096774193564,1
4760,2025-01-22 10:32:30+00:00,2025-01-22 10:32:30+00:00,93.4010344827586,0.1762068965517242,46.82034482758621,104.1806896551724,31.49862068965517,32.87827586206896,1.133448275862069,64.7555172413793,0.00088,0.000848,0.001438,15.321724137931035,1
4771,2025-01-22 10:32:44+00:00,2025-01-22 10:32:44+00:00,165.65199999999993,0.1633333333333334,46.71899999999999,178.5623333333333,31.491000000000003,33.60366666666668,1.8503333333333327,63.10500000000001,0.000954,0.000982,0.001991,15.227999999999984,1
4774,2025-01-22 10:32:49+00:00,2025-01-22 10:32:49+00:00,185.21966666666663,0.1773333333333333,46.80999999999998,201.58366666666663,31.48500000000001,33.925666666666665,2.106666666666667,62.69933333333334,0.000968,0.001055,0.002285,15.32499999999997,1
4779,2025-01-22 10:32:56+00:00,2025-01-22 10:32:56+00:00,208.08466666666664,0.1856666666666667,47.62866666666668,225.3843333333333,31.57833333333332,34.69066666666666,2.402,62.56933333333336,0.001002,0.001103,0.002413,16.05033333333336,1
4791,2025-01-22 10:33:12+00:00,2025-01-22 10:33:12+00:00,213.8196428571428,0.1728571428571428,47.99214285714286,230.1732142857143,31.5567857142857,34.78642857142857,2.501428571428572,62.20392857142859,0.000998,0.001166,0.002482,16.43535714285716,1
4800,2025-01-22 10:33:23+00:00,2025-01-22 10:33:23+00:00,178.411875,0.1509375,47.92000000000002,194.205,31.51343750000001,34.175312500000004,2.014375,62.73312500000002,0.000937,0.001027,0.002131,16.406562500000017,1
4803,2025-01-22 10:33:27+00:00,2025-01-22 10:33:27+00:00,160.80181818181822,0.1566666666666667,48.179090909090895,175.0563636363636,31.58424242424243,34.19666666666667,1.815757575757576,63.43393939393937,0.000917,0.000974,0.001965,16.594848484848466,1
4863,2025-01-22 10:34:47+00:00,2025-01-22 10:34:47+00:00,175.9432142857143,0.1553571428571428,46.88964285714288,192.22892857142853,31.64607142857142,33.998571428571424,2.002857142857143,62.96607142857142,0.000925,0.001024,0.002132,15.243571428571451,1
4866,2025-01-22 10:34:51+00:00,2025-01-22 10:34:51+00:00,193.30499999999992,0.1728571428571428,46.99357142857144,208.6567857142857,31.63142857142857,34.131785714285705,2.203214285714286,62.55785714285714,0.000964,0.001082,0.002281,15.36214285714286,1
4883,2025-01-22 10:35:15+00:00,2025-01-22 10:35:15+00:00,206.11344827586203,0.1558620689655173,47.73000000000001,224.0079310344828,31.603793103448275,34.54206896551723,2.385172413793103,62.03448275862068,0.000966,0.001124,0.002387,16.126206896551736,1
4907,2025-01-22 10:35:46+00:00,2025-01-22 10:35:46+00:00,66.47448275862068,0.1741379310344827,47.45862068965516,76.69413793103446,31.67793103448275,32.826896551724126,0.3651724137931034,64.9406896551724,0.000822,0.000784,0.001251,15.780689655172411,1
4923,2025-01-22 10:36:09+00:00,2025-01-22 10:36:09+00:00,21.40142857142857,0.1389285714285714,47.0907142857143,28.07321428571429,31.83892857142856,32.42142857142857,0.36,66.29428571428569,0.000689,0.000737,0.000925,15.251785714285738,1
4930,2025-01-22 10:36:18+00:00,2025-01-22 10:36:18+00:00,41.15068965517242,0.1472413793103448,46.73586206896553,49.05517241379311,31.716896551724155,32.28413793103448,0.3613793103448275,65.44586206896552,0.000758,0.000756,0.001014,15.018965517241377,1
4935,2025-01-22 10:36:26+00:00,2025-01-22 10:36:26+00:00,71.83821428571427,0.1503571428571428,46.6782142857143,81.68964285714284,31.72285714285716,32.57785714285715,0.36,64.53785714285713,0.000827,0.000803,0.001291,14.95535714285714,1
4948,2025-01-22 10:36:43+00:00,2025-01-22 10:36:43+00:00,157.79750000000004,0.1725,46.99749999999998,173.0853125,31.72656250000001,33.825624999999995,1.7975000000000003,63.20749999999999,0.000923,0.000954,0.001918,15.270937499999969,1
4962,2025-01-22 10:37:01+00:00,2025-01-22 10:37:01+00:00,217.13379310344823,0.1562068965517241,47.61689655172414,232.52862068965524,31.794827586206896,34.78172413793104,2.566551724137931,61.8937931034483,0.001003,0.001159,0.002534,15.822068965517245,1
4968,2025-01-22 10:37:09+00:00,2025-01-22 10:37:09+00:00,217.9482142857144,0.205,47.85357142857144,235.1203571428571,31.782142857142844,34.901785714285715,2.5946428571428584,62.085000000000015,0.00102,0.001193,0.002579,16.071428571428598,1
4985,2025-01-22 10:37:31+00:00,2025-01-22 10:37:31+00:00,142.3576666666667,0.1356666666666667,48.270666666666656,155.92999999999995,31.854333333333347,34.19466666666667,1.6533333333333329,63.73733333333335,0.000901,0.000914,0.001773,16.41633333333331,1
4987,2025-01-22 10:37:34+00:00,2025-01-22 10:37:34+00:00,127.6875,0.1721428571428572,48.003928571428574,140.3607142857143,31.816785714285714,33.80964285714284,1.5260714285714294,63.91642857142858,0.000885,0.000888,0.001732,16.18714285714286,1
4992,2025-01-22 10:37:40+00:00,2025-01-22 10:37:40+00:00,94.602962962963,0.1307407407407407,48.02925925925925,105.59592592592595,31.841481481481487,33.599259259259256,1.1844444444444449,64.83592592592593,0.000868,0.00083,0.00153,16.18777777777776,1
5004,2025-01-22 10:37:56+00:00,2025-01-22 10:37:56+00:00,31.73482758620689,0.1075862068965518,47.44827586206896,39.02793103448276,31.91620689655172,32.58793103448276,0.36,66.07758620689654,0.000757,0.000712,0.001023,15.53206896551724,1
5019,2025-01-22 10:38:16+00:00,2025-01-22 10:38:16+00:00,34.4841935483871,0.1183870967741935,47.038387096774194,40.90193548387097,31.947419354838697,32.58774193548388,0.3599999999999999,65.9516129032258,0.000746,0.000714,0.001009,15.090967741935495,1
5027,2025-01-22 10:38:26+00:00,2025-01-22 10:38:26+00:00,71.49965517241377,0.1341379310344827,47.117586206896576,80.03241379310347,31.940344827586213,33.113448275862055,0.3606896551724137,65.2851724137931,0.00087,0.000821,0.001269,15.177241379310365,1
5029,2025-01-22 10:38:29+00:00,2025-01-22 10:38:29+00:00,85.70870967741935,0.1541935483870968,46.756129032258045,95.37290322580644,31.84612903225808,32.898387096774194,1.0661290322580643,64.52419354838709,0.000856,0.000826,0.00144,14.909999999999968,1
5032,2025-01-22 10:38:33+00:00,2025-01-22 10:38:33+00:00,106.82645161290324,0.1335483870967742,46.845161290322565,117.23677419354831,31.829677419354844,33.1883870967742,1.2809677419354837,63.941290322580656,0.000901,0.00086,0.001598,15.01548387096772,1
5064,2025-01-22 10:39:16+00:00,2025-01-22 10:39:16+00:00,205.64142857142863,0.1892857142857144,48.1475,223.45678571428567,31.91821428571428,34.93464285714286,2.393571428571428,62.413928571428606,0.001016,0.001079,0.002492,16.229285714285723,1
5074,2025-01-22 10:39:29+00:00,2025-01-22 10:39:29+00:00,152.2075862068965,0.1393103448275861,47.96655172413791,167.46482758620684,31.908965517241377,34.102413793103445,1.7682758620689656,63.05724137931036,0.000955,0.000917,0.001913,16.05758620689653,1
5095,2025-01-22 10:39:57+00:00,2025-01-22 10:39:57+00:00,29.63593750000001,0.1509374999999999,47.444375,37.024375,31.977812499999995,32.80500000000001,0.3659374999999998,66.06374999999998,0.000765,0.00071,0.001062,15.466562499999998,1
5115,2025-01-22 10:40:23+00:00,2025-01-22 10:40:23+00:00,57.63833333333333,0.1153333333333333,47.15566666666665,65.42300000000003,32.08866666666668,32.92000000000002,0.36,65.52933333333333,0.00087,0.000768,0.001168,15.066999999999972,1
5151,2025-01-22 10:41:11+00:00,2025-01-22 10:41:11+00:00,216.28807692307691,0.2096153846153846,48.01076923076922,234.23461538461532,32.01999999999999,34.99961538461538,2.590769230769231,61.91038461538463,0.001009,0.001223,0.002566,15.990769230769232,1
5162,2025-01-22 10:41:26+00:00,2025-01-22 10:41:26+00:00,168.24612903225807,0.1593548387096774,48.17483870967741,183.09806451612903,32.00967741935483,34.44064516129032,1.9170967741935476,62.83483870967744,0.00094,0.000978,0.00206,16.16516129032258,1
5173,2025-01-22 10:41:40+00:00,2025-01-22 10:41:40+00:00,96.57230769230776,0.145,48.23461538461539,108.75884615384616,32.13384615384614,33.83384615384615,1.2146153846153849,64.5826923076923,0.00091,0.000854,0.001539,16.100769230769245,1
5186,2025-01-22 10:41:57+00:00,2025-01-22 10:41:57+00:00,29.745185185185196,0.1366666666666666,47.25740740740742,37.7825925925926,32.04888888888887,32.6074074074074,0.3622222222222222,65.69555555555557,0.000743,0.000681,0.001017,15.208518518518552,1
5216,2025-01-22 10:42:38+00:00,2025-01-22 10:42:38+00:00,130.5103225806452,0.1729032258064516,47.050322580645165,143.09419354838707,32.11548387096775,33.72806451612903,1.5267741935483865,63.70741935483871,0.000903,0.000888,0.001677,14.934838709677416,1
5218,2025-01-22 10:42:40+00:00,2025-01-22 10:42:40+00:00,141.20703703703705,0.1596296296296296,47.362222222222215,153.15259259259258,32.21444444444445,34.18185185185185,1.634444444444444,63.93999999999999,0.000936,0.000897,0.001805,15.147777777777762,1
5223,2025-01-22 10:42:47+00:00,2025-01-22 10:42:47+00:00,174.42749999999998,0.1690625,47.19750000000001,188.66968750000004,32.106874999999995,34.34625,1.9903124999999997,62.64656249999998,0.000959,0.000996,0.002158,15.090625000000015,1
5227,2025-01-22 10:42:52+00:00,2025-01-22 10:42:52+00:00,194.43233333333336,0.1826666666666666,47.36499999999999,209.86166666666676,32.161,34.72866666666666,2.243666666666667,62.25233333333333,0.000967,0.001046,0.002369,15.203999999999986,1
5231,2025-01-22 10:42:59+00:00,2025-01-22 10:42:59+00:00,212.8225806451613,0.1719354838709677,47.62677419354837,229.83129032258057,32.150967741935474,35.01,2.520967741935484,62.16580645161291,0.001005,0.001123,0.00255,15.475806451612897,1
5239,2025-01-22 10:43:09+00:00,2025-01-22 10:43:09+00:00,218.87903225806457,0.1735483870967742,48.08838709677419,235.7470967741935,32.15999999999999,35.25677419354839,2.631290322580646,62.04935483870968,0.001012,0.001149,0.00264,15.928387096774202,1
5240,2025-01-22 10:43:11+00:00,2025-01-22 10:43:11+00:00,215.9555172413793,0.1993103448275862,48.550689655172434,232.9148275862069,32.27275862068966,35.55862068965517,2.5951724137931045,62.28758620689654,0.001009,0.001141,0.002602,16.277931034482776,1
5244,2025-01-22 10:43:16+00:00,2025-01-22 10:43:16+00:00,206.3183870967742,0.1612903225806451,48.686774193548366,222.6025806451613,32.27451612903225,35.46806451612904,2.429032258064517,62.596451612903245,0.000999,0.001098,0.002475,16.412258064516116,1
5247,2025-01-22 10:43:20+00:00,2025-01-22 10:43:20+00:00,192.9272413793103,0.1893103448275862,48.46000000000001,210.2086206896551,32.19724137931036,35.05275862068965,2.248275862068966,62.62896551724141,0.000979,0.001059,0.002352,16.262758620689645,1
5268,2025-01-22 10:43:47+00:00,2025-01-22 10:43:47+00:00,64.54125,0.141875,47.96437500000002,74.02531249999997,32.26781249999999,33.45375,0.3612499999999999,65.21843750000004,0.000804,0.000761,0.001246,15.696562500000027,1
5277,2025-01-22 10:43:59+00:00,2025-01-22 10:43:59+00:00,26.214516129032265,0.1125806451612903,47.1832258064516,32.245806451612914,32.20290322580647,32.709999999999994,0.3638709677419354,65.7641935483871,0.000738,0.000676,0.000964,14.980322580645122,1
5280,2025-01-22 10:44:03+00:00,2025-01-22 10:44:03+00:00,20.94481481481481,0.1329629629629629,47.10555555555558,27.42074074074074,32.13666666666666,32.45925925925926,0.36,65.60925925925926,0.000739,0.000716,0.000976,14.96888888888892,1
5282,2025-01-22 10:44:06+00:00,2025-01-22 10:44:06+00:00,19.7190625,0.0978125,47.421562500000014,25.075000000000006,32.2996875,32.935312499999995,0.3599999999999999,66.233125,0.000686,0.000701,0.00098,15.121875000000015,1
5306,2025-01-22 10:44:37+00:00,2025-01-22 10:44:37+00:00,124.51714285714284,0.1653571428571428,47.432500000000026,136.82321428571427,32.34178571428573,34.20964285714284,1.4828571428571429,64.25464285714285,0.000945,0.000918,0.001636,15.0907142857143,1
5315,2025-01-22 10:44:50+00:00,2025-01-22 10:44:50+00:00,186.42740740740743,0.2055555555555555,47.42185185185185,201.47703703703704,32.25814814814814,34.75888888888888,2.141481481481481,62.68370370370372,0.000997,0.00104,0.002321,15.16370370370371,1
5328,2025-01-22 10:45:07+00:00,2025-01-22 10:45:07+00:00,220.44482758620688,0.2044827586206896,48.42241379310344,236.8734482758621,32.3096551724138,35.542413793103464,2.6472413793103446,62.283103448275874,0.001012,0.001183,0.0026,16.11275862068964,1
5338,2025-01-22 10:45:22+00:00,2025-01-22 10:45:22+00:00,186.14241379310343,0.1710344827586207,48.526206896551706,202.69241379310336,32.330689655172414,35.15275862068967,2.146551724137932,62.81379310344829,0.000985,0.001077,0.002295,16.195517241379292,1
5353,2025-01-22 10:45:41+00:00,2025-01-22 10:45:41+00:00,92.79269230769228,0.1407692307692307,48.26269230769231,104.8261538461538,32.33115384615386,33.94423076923077,1.1750000000000005,64.595,0.000883,0.00081,0.001538,15.931538461538452,1
5356,2025-01-22 10:45:45+00:00,2025-01-22 10:45:45+00:00,74.73551724137931,0.1420689655172413,47.66206896551724,85.20103448275863,32.30551724137931,33.33586206896551,0.7462068965517245,64.62448275862067,0.000828,0.00081,0.00133,15.35655172413793,1
5359,2025-01-22 10:45:49+00:00,2025-01-22 10:45:49+00:00,56.87812500000002,0.1046875,48.06187499999998,65.334375,32.40437499999999,33.56374999999999,0.3599999999999999,65.27156249999997,0.000783,0.000773,0.001177,15.657499999999992,1
5382,2025-01-22 10:46:19+00:00,2025-01-22 10:46:19+00:00,41.49862068965515,0.1420689655172413,47.354827586206895,49.113103448275886,32.47103448275861,33.11551724137931,0.36,65.73137931034482,0.000798,0.000732,0.001068,14.883793103448284,1
5463,2025-01-22 10:48:07+00:00,2025-01-22 10:48:07+00:00,19.55185185185185,0.1192592592592592,47.20703703703702,25.80407407407408,32.49037037037037,32.87259259259259,0.36,65.70592592592592,0.000697,0.00071,0.00097,14.716666666666647,1
5466,2025-01-22 10:48:11+00:00,2025-01-22 10:48:11+00:00,22.242333333333345,0.124,47.44599999999998,28.34133333333334,32.593666666666685,33.10866666666666,0.3606666666666666,66.03666666666668,0.000735,0.000731,0.001015,14.852333333333291,1
5488,2025-01-22 10:48:40+00:00,2025-01-22 10:48:40+00:00,138.63535714285712,0.1682142857142858,47.3642857142857,152.14000000000004,32.59428571428573,34.42,1.628214285714286,63.671785714285726,0.000932,0.000923,0.001742,14.769999999999968,1
5491,2025-01-22 10:48:46+00:00,2025-01-22 10:48:46+00:00,167.2503448275862,0.1913793103448276,47.762413793103455,182.27103448275864,32.67689655172413,35.08586206896552,1.9175862068965517,63.35793103448275,0.000935,0.000966,0.00214,15.085517241379328,1
5505,2025-01-22 10:49:05+00:00,2025-01-22 10:49:05+00:00,219.3567741935484,0.1948387096774193,48.19161290322579,235.63,32.62741935483871,35.680000000000014,2.6554838709677413,61.94935483870967,0.001011,0.00118,0.002644,15.56419354838708,1
5511,2025-01-22 10:49:23+00:00,2025-01-22 10:49:23+00:00,182.47750000000005,0.1564285714285714,48.74857142857143,198.24357142857144,32.61928571428573,35.36178571428572,2.10857142857143,62.59285714285715,0.001001875,0.00108475,0.00240825,16.1292857142857,1
5540,2025-01-22 10:50:01+00:00,2025-01-22 10:50:01+00:00,23.33413793103449,0.1286206896551723,47.63620689655174,29.910689655172416,32.68896551724139,33.232413793103454,0.36,65.91275862068964,0.000735,0.000691,0.000972,14.947241379310348,1
5551,2025-01-22 10:50:15+00:00,2025-01-22 10:50:15+00:00,29.63545454545455,0.1181818181818181,47.19878787878788,36.06545454545453,32.68636363636364,33.07454545454546,0.3599999999999999,65.70909090909093,0.000756,0.000753,0.000988,14.512424242424238,1
5554,2025-01-22 10:50:19+00:00,2025-01-22 10:50:19+00:00,40.529062500000016,0.1128125,47.250625,46.228750000000005,32.676874999999995,33.23249999999999,0.3599999999999999,65.178125,0.000779,0.000727,0.001074,14.573750000000004,1
5578,2025-01-22 10:50:51+00:00,2025-01-22 10:50:51+00:00,189.7513793103449,0.176551724137931,47.70586206896552,203.22551724137935,32.74655172413793,35.239999999999995,2.186896551724138,62.53344827586207,0.000956,0.001376,0.003082,14.959310344827593,1
5586,2025-01-22 10:51:03+00:00,2025-01-22 10:51:03+00:00,217.05733333333328,0.1786666666666666,48.66066666666668,233.6646666666666,32.83266666666669,36.10666666666666,2.628,62.38600000000001,0.001079,0.001176,0.002616,15.827999999999989,1
5593,2025-01-22 10:51:12+00:00,2025-01-22 10:51:12+00:00,215.83624999999995,0.199375,48.587187500000006,232.420625,32.780937499999986,35.89093750000001,2.6074999999999986,62.1153125,0.001014,0.00121,0.00259,15.80625000000002,1
5594,2025-01-22 10:51:13+00:00,2025-01-22 10:51:13+00:00,212.72965517241389,0.1979310344827586,48.954827586206925,231.5234482758621,32.887241379310346,36.16793103448277,2.5862068965517238,62.45793103448278,0.001049,0.001142,0.00256,16.06758620689658,1
5614,2025-01-22 10:51:39+00:00,2025-01-22 10:51:39+00:00,107.11931034482758,0.1548275862068965,48.8344827586207,118.8120689655172,32.90206896551724,34.76827586206897,1.3310344827586202,64.6258620689655,0.00088,0.000862,0.001638,15.932413793103464,1
5650,2025-01-22 10:52:28+00:00,2025-01-22 10:52:28+00:00,76.95888888888892,0.111111111111111,47.43148148148149,84.45333333333332,32.880370370370365,33.88333333333333,0.8385185185185189,64.8288888888889,0.000881,0.000826,0.001338,14.55111111111112,1
5683,2025-01-22 10:53:15+00:00,2025-01-22 10:53:15+00:00,210.40592592592603,0.187037037037037,49.00851851851854,227.95111111111115,33.0337037037037,36.20629629629629,2.5185185185185186,62.47333333333335,0.001031,0.00115,0.002591,15.974814814814842,1
5697,2025-01-22 10:53:33+00:00,2025-01-22 10:53:33+00:00,139.93233333333328,0.1506666666666667,48.78566666666666,152.24699999999996,32.94433333333333,35.098666666666674,1.655333333333334,63.71533333333333,0.000926,0.000916,0.001824,15.841333333333331,1
5713,2025-01-22 10:53:54+00:00,2025-01-22 10:53:54+00:00,41.28321428571429,0.1235714285714285,48.13071428571429,48.61035714285714,32.98285714285715,33.797857142857154,0.36,65.4782142857143,0.000749,0.000764,0.001148,15.147857142857134,1
5721,2025-01-22 10:54:05+00:00,2025-01-22 10:54:05+00:00,20.477096774193548,0.1309677419354838,47.64516129032258,27.06193548387096,33.00967741935483,33.4283870967742,0.3599999999999999,65.97354838709678,0.000687,0.000729,0.001029,14.635483870967748,1
5756,2025-01-22 10:54:51+00:00,2025-01-22 10:54:51+00:00,186.89115384615383,0.1526923076923076,48.03423076923077,201.6265384615385,33.07846153846155,35.709230769230786,2.17423076923077,62.87615384615383,0.001007,0.001748,0.002328,14.95576923076922,1
5769,2025-01-22 10:55:08+00:00,2025-01-22 10:55:08+00:00,218.94586206896557,0.1786206896551724,48.90275862068966,236.4048275862069,33.1503448275862,36.2848275862069,2.694137931034484,61.77482758620692,0.001011,0.001181,0.00268,15.752413793103456,1
5774,2025-01-22 10:55:14+00:00,2025-01-22 10:55:14+00:00,212.42607142857148,0.1853571428571428,48.59,229.14071428571427,33.059642857142855,35.959999999999994,2.5889285714285712,61.774285714285725,0.001015,0.001169,0.002592,15.530357142857142,1
5780,2025-01-22 10:55:22+00:00,2025-01-22 10:55:22+00:00,188.37583333333328,0.1599999999999999,49.3675,205.6420833333333,33.25833333333333,36.2825,2.238333333333333,62.93416666666668,0.001001,0.0011,0.002374,16.109166666666667,1
5816,2025-01-22 10:56:11+00:00,2025-01-22 10:56:11+00:00,22.026969696969697,0.1557575757575757,47.62030303030303,28.34969696969697,33.169696969696965,33.53939393939393,0.3599999999999999,65.96939393939395,0.000711,0.000782,0.000977,14.450606060606065,1
5824,2025-01-22 10:56:21+00:00,2025-01-22 10:56:21+00:00,46.004705882352965,0.1211764705882353,47.48794117647058,52.34470588235294,33.196176470588235,33.71794117647059,0.364705882352941,65.36647058823529,0.000782,0.000744,0.001136,14.291764705882343,1
5829,2025-01-22 10:56:28+00:00,2025-01-22 10:56:28+00:00,74.35733333333334,0.1783333333333334,47.901,83.756,33.321666666666665,34.534,0.5996666666666666,65.17633333333336,0.000829,0.000871,0.001335,14.57933333333333,1
5830,2025-01-22 10:56:29+00:00,2025-01-22 10:56:29+00:00,79.53633333333336,0.1616666666666666,47.829666666666654,89.378,33.267333333333326,34.324666666666666,1.029,64.79533333333333,0.00084,0.000833,0.001405,14.562333333333328,1
5837,2025-01-22 10:56:38+00:00,2025-01-22 10:56:38+00:00,124.95148148148148,0.1518518518518518,47.97962962962964,136.0925925925926,33.29629629629629,35.15148148148149,1.5088888888888892,64.22037037037036,0.000906,0.000904,0.001698,14.683333333333344,1
5840,2025-01-22 10:56:42+00:00,2025-01-22 10:56:42+00:00,147.79846153846148,0.1911538461538462,47.7676923076923,159.24923076923076,33.206538461538464,35.10846153846154,1.71,63.50884615384616,0.000923,0.000936,0.001876,14.561153846153836,1
5858,2025-01-22 10:57:06+00:00,2025-01-22 10:57:06+00:00,219.23413793103447,0.1862068965517242,48.5158620689655,235.9558620689656,33.168620689655185,36.22758620689655,2.7086206896551714,61.77034482758622,0.001019,0.001177,0.002705,15.347241379310312,1
5902,2025-01-22 10:58:03+00:00,2025-01-22 10:58:03+00:00,21.60655172413794,0.1124137931034483,47.94103448275862,27.336206896551733,33.288965517241365,33.78379310344829,0.36,65.98103448275862,0.000666,0.000661,0.000985,14.652068965517252,1
5906,2025-01-22 10:58:09+00:00,2025-01-22 10:58:09+00:00,20.492142857142856,0.1182142857142857,47.82285714285714,25.59357142857143,33.28714285714284,33.861428571428576,0.36,66.00928571428568,0.000705,0.000699,0.000993,14.5357142857143,1
5907,2025-01-22 10:58:10+00:00,2025-01-22 10:58:10+00:00,20.37032258064517,0.1403225806451613,48.20709677419355,27.82225806451612,33.46419354838709,34.0,0.3599999999999999,66.23935483870966,0.000726,0.000693,0.001005,14.742903225806463,1
5934,2025-01-22 10:58:45+00:00,2025-01-22 10:58:45+00:00,159.04935483870966,0.1529032258064516,48.13322580645162,172.01032258064515,33.41709677419354,35.58129032258064,1.8696774193548389,63.36967741935485,0.000971,0.001,0.00208,14.71612903225808,1
5939,2025-01-22 10:58:52+00:00,2025-01-22 10:58:52+00:00,190.17272727272723,0.1906060606060607,48.07757575757576,205.3799999999999,33.28545454545454,35.77545454545455,2.2533333333333343,62.28151515151518,0.000985,0.001081,0.002391,14.792121212121216,1
5946,2025-01-22 10:59:02+00:00,2025-01-22 10:59:02+00:00,216.27225806451605,0.197741935483871,48.55225806451612,233.96258064516127,33.34290322580646,36.3316129032258,2.62032258064516,61.82129032258065,0.001018,0.001169,0.00265,15.209354838709658,1
5982,2025-01-22 10:59:49+00:00,2025-01-22 10:59:49+00:00,61.19700000000001,0.1229999999999999,48.52400000000001,69.2026666666667,33.433333333333344,34.46633333333336,0.36,65.10400000000001,0.0008,0.000753,0.001257,15.090666666666664,1
5987,2025-01-22 10:59:56+00:00,2025-01-22 10:59:56+00:00,35.7641935483871,0.1199999999999999,48.5441935483871,42.834516129032245,33.47419354838709,34.34516129032258,0.3641935483870965,65.8783870967742,0.000744,0.000692,0.001109,15.070000000000007,1
5998,2025-01-22 11:00:10+00:00,2025-01-22 11:00:10+00:00,19.968125,0.1209374999999999,47.799375000000005,26.653437499999995,33.43374999999998,33.77125,0.3599999999999999,65.9509375,0.000712,0.000697,0.001059,14.365625000000025,1
6003,2025-01-22 11:00:17+00:00,2025-01-22 11:00:17+00:00,31.802399999999984,0.1376,48.05519999999999,39.5616,33.58119999999998,34.162,0.3636000000000001,66.014,0.000759,0.000721,0.001091,14.47400000000001,1
6017,2025-01-22 11:00:35+00:00,2025-01-22 11:00:35+00:00,107.91612903225808,0.1812903225806451,47.813548387096766,118.50258064516132,33.48064516129033,34.82032258064517,1.327741935483871,64.2064516129032,0.000954,0.000888,0.001739,14.332903225806431,1
6031,2025-01-22 11:00:55+00:00,2025-01-22 11:00:55+00:00,198.686551724138,0.1693103448275861,48.25379310344826,213.93241379310345,33.47965517241381,36.15965517241381,2.3775862068965523,62.31275862068967,0.001003,0.001071,0.00253,14.774137931034453,1
6034,2025-01-22 11:00:59+00:00,2025-01-22 11:00:59+00:00,210.5316666666667,0.1943333333333333,48.498000000000005,227.80333333333328,33.470666666666666,36.438,2.5603333333333333,61.857333333333344,0.001079,0.001112,0.002615,15.027333333333338,1
6037,2025-01-22 11:01:03+00:00,2025-01-22 11:01:03+00:00,216.79935483870975,0.2029032258064516,48.90225806451613,235.0032258064517,33.57387096774194,36.68129032258065,2.68,62.1709677419355,0.001014,0.001146,0.002681,15.328387096774192,1
6054,2025-01-22 11:01:26+00:00,2025-01-22 11:01:26+00:00,176.33312500000002,0.1771875000000001,49.36218749999997,191.3359375,33.522812499999986,36.175625,2.0509375,62.94562499999999,0.001019,0.001018,0.002185,15.839374999999984,1
6056,2025-01-22 11:01:29+00:00,2025-01-22 11:01:29+00:00,161.80774193548385,0.1687096774193548,49.45451612903225,176.0703225806452,33.56870967741935,35.91806451612905,1.895483870967742,63.13322580645164,0.00097,0.00097,0.002093,15.8858064516129,1
6090,2025-01-22 11:02:14+00:00,2025-01-22 11:02:14+00:00,24.948125000000005,0.125,48.0953125,32.0603125,33.654999999999994,34.19124999999998,0.3599999999999999,66.01156250000001,0.000716,0.000703,0.001024,14.440312500000005,1
6111,2025-01-22 11:02:41+00:00,2025-01-22 11:02:41+00:00,138.8876666666666,0.1563333333333333,47.85833333333336,150.01200000000003,33.58400000000001,35.12066666666668,1.6466666666666665,63.30133333333335,0.000947,0.000999,0.001815,14.274333333333344,1
6121,2025-01-22 11:02:54+00:00,2025-01-22 11:02:54+00:00,195.79517241379315,0.1655172413793103,48.72068965517241,211.87586206896543,33.74034482758622,36.47137931034483,2.3427586206896547,62.67896551724138,0.000985,0.001096,0.002453,14.980344827586189,1
6140,2025-01-22 11:03:19+00:00,2025-01-22 11:03:19+00:00,201.8479310344828,0.173103448275862,49.425172413793135,217.98413793103455,33.68344827586207,36.78758620689656,2.443793103448276,62.60137931034483,0.000998,0.001111,0.002465,15.741724137931064,1
6165,2025-01-22 11:03:53+00:00,2025-01-22 11:03:53+00:00,47.15147058823528,0.1599999999999999,48.62323529411765,55.29470588235292,33.68029411764706,34.56647058823529,0.364705882352941,65.40441176470588,0.000768,0.000734,0.001195,14.94294117647059,1
6170,2025-01-22 11:04:00+00:00,2025-01-22 11:04:00+00:00,27.5592857142857,0.0989285714285714,48.56750000000001,32.7292857142857,33.78642857142857,34.440714285714286,0.36,66.19392857142859,0.000722,0.000735,0.001053,14.781071428571437,1
6179,2025-01-22 11:04:12+00:00,2025-01-22 11:04:12+00:00,22.67933333333333,0.1069999999999999,47.958,27.735,33.70166666666666,34.03099999999999,0.36,65.62700000000002,0.00069,0.000697,0.001004,14.256333333333338,1
6184,2025-01-22 11:04:18+00:00,2025-01-22 11:04:18+00:00,33.731724137931025,0.1141379310344828,47.86517241379311,39.82655172413794,33.69655172413795,34.12,0.36,65.53517241379309,0.000743,0.000707,0.00108,14.168620689655164,1
6214,2025-01-22 11:04:59+00:00,2025-01-22 11:04:59+00:00,209.51468749999992,0.1631249999999999,48.60874999999999,224.5015625,33.7525,36.54906250000001,2.5390625000000013,62.05750000000003,0.001043,0.001123,0.00261,14.856249999999996,1
6235,2025-01-22 11:05:26+00:00,2025-01-22 11:05:26+00:00,177.21857142857132,0.1732142857142857,49.59678571428572,191.4975,33.76642857142858,36.636428571428574,2.100000000000001,63.14607142857144,0.001008,0.001077,0.002215,15.83035714285714,1
6242,2025-01-22 11:05:35+00:00,2025-01-22 11:05:35+00:00,133.5203333333333,0.1753333333333333,49.36433333333335,146.76066666666665,33.78133333333333,35.86766666666666,1.6263333333333334,63.82466666666664,0.000934,0.000931,0.001819,15.58300000000002,1
6270,2025-01-22 11:06:12+00:00,2025-01-22 11:06:12+00:00,21.914,0.1286666666666667,48.188,28.374333333333333,33.84599999999999,34.26,0.36,66.23033333333333,0.000719,0.000697,0.001069,14.342000000000011,1
6285,2025-01-22 11:06:32+00:00,2025-01-22 11:06:32+00:00,91.04387096774194,0.1445161290322581,48.220322580645146,98.6403225806452,33.86225806451613,35.07387096774193,1.1506451612903226,64.66548387096773,0.000901,0.000866,0.001532,14.358064516129012,1
6294,2025-01-22 11:06:44+00:00,2025-01-22 11:06:44+00:00,152.23068965517243,0.159655172413793,48.36586206896551,165.3258620689655,33.86517241379308,35.74620689655172,1.7886206896551726,63.195172413793095,0.000982,0.001354,0.001973,14.500689655172422,1
6331,2025-01-22 11:07:33+00:00,2025-01-22 11:07:33+00:00,144.5451515151515,0.1666666666666667,49.87666666666667,158.3836363636364,33.97545454545454,36.54515151515152,1.7393939393939386,63.87151515151516,0.000936,0.000955,0.001902,15.901212121212131,1
6338,2025-01-22 11:07:43+00:00,2025-01-22 11:07:43+00:00,93.07375,0.1846874999999999,49.257187500000015,104.54500000000004,33.93406249999999,35.5575,1.2125,64.72625000000001,0.00093,0.00085,0.001633,15.323125000000026,1
6349,2025-01-22 11:07:57+00:00,2025-01-22 11:07:57+00:00,35.58516129032259,0.1251612903225806,48.54838709677417,41.37322580645162,33.92870967741935,34.548387096774185,0.3599999999999999,65.73064516129031,0.000737,0.000696,0.001111,14.619677419354822,1
6352,2025-01-22 11:08:01+00:00,2025-01-22 11:08:01+00:00,25.417777777777776,0.1322222222222222,48.28222222222224,31.928888888888885,33.90296296296295,34.28555555555557,0.36,65.60296296296296,0.000706,0.000684,0.001081,14.379259259259284,1
6364,2025-01-22 11:08:17+00:00,2025-01-22 11:08:17+00:00,31.240322580645163,0.13,48.03677419354838,38.10290322580644,33.910322580645165,34.288709677419355,0.3599999999999999,65.64354838709677,0.000727,0.000714,0.001022,14.126451612903216,1
6389,2025-01-22 11:08:49+00:00,2025-01-22 11:08:49+00:00,173.56896551724142,0.173448275862069,48.48344827586207,187.8320689655173,33.98206896551726,36.38689655172414,2.0686206896551727,62.951724137931016,0.000946,0.001095,0.002294,14.50137931034481,1
6390,2025-01-22 11:08:51+00:00,2025-01-22 11:08:51+00:00,182.0374193548387,0.1619354838709677,48.5822580645161,196.833870967742,33.9741935483871,36.41709677419354,2.185806451612903,62.60709677419355,0.000967,0.001077,0.002351,14.608064516129003,1
6399,2025-01-22 11:09:05+00:00,2025-01-22 11:09:05+00:00,217.99687500000005,0.1909374999999999,49.37062500000002,235.27343750000009,34.04281249999998,37.220625,2.699062500000001,62.24124999999999,0.001041,0.0012,0.002796,15.327812500000036,1
6412,2025-01-22 11:09:22+00:00,2025-01-22 11:09:22+00:00,194.05312500000008,0.1599999999999999,49.56187499999998,209.68968750000005,33.95218750000001,36.78281249999999,2.3175000000000003,62.34218749999999,0.00105,0.001075,0.002486,15.609687499999971,1
6451,2025-01-22 11:10:13+00:00,2025-01-22 11:10:13+00:00,22.395666666666656,0.1043333333333333,48.002666666666656,27.953,33.987999999999985,34.199000000000005,0.36,65.61566666666667,0.0007,0.000715,0.001032,14.01466666666667,1
6471,2025-01-22 11:10:40+00:00,2025-01-22 11:10:40+00:00,129.9548484848485,0.1421212121212121,48.308787878787854,141.05272727272728,34.07727272727273,35.72999999999998,1.5790909090909102,63.83818181818183,0.000911,0.000961,0.001722,14.231515151515126,1
6473,2025-01-22 11:10:42+00:00,2025-01-22 11:10:42+00:00,139.61093749999998,0.1659374999999999,48.55812500000001,152.5396875,34.164374999999986,36.02875000000001,1.6815625000000012,63.773125,0.001007,0.000989,0.001836,14.393750000000026,1
6477,2025-01-22 11:10:49+00:00,2025-01-22 11:10:49+00:00,172.8563333333333,0.142,48.47066666666665,186.98033333333333,34.03266666666665,36.32066666666666,2.061333333333333,62.69933333333332,0.000956,0.001014,0.002254,14.438000000000002,1
6536,2025-01-22 11:12:06+00:00,2025-01-22 11:12:06+00:00,20.110606060606056,0.1475757575757575,48.43000000000001,26.78242424242424,34.14696969696969,34.54151515151516,0.3599999999999999,65.97272727272725,0.000663,0.000714,0.001004,14.283030303030316,1
6540,2025-01-22 11:12:11+00:00,2025-01-22 11:12:11+00:00,20.16633333333333,0.1196666666666666,48.26433333333332,27.189666666666668,34.17066666666666,34.48299999999999,0.36,65.93733333333334,0.000702,0.000733,0.000996,14.093666666666657,1
6594,2025-01-22 11:13:23+00:00,2025-01-22 11:13:23+00:00,189.85969696969693,0.1609090909090909,49.8081818181818,207.09030303030295,34.23969696969697,37.1287878787879,2.304545454545454,62.631515151515146,0.001006,0.001068,0.002457,15.568484848484829,1
6612,2025-01-22 11:13:48+00:00,2025-01-22 11:13:48+00:00,71.46193548387096,0.1458064516129032,49.296774193548366,80.01806451612906,34.275161290322565,35.490645161290324,0.6251612903225805,65.0467741935484,0.000812,0.000788,0.001372,15.0216129032258,1
6618,2025-01-22 11:13:56+00:00,2025-01-22 11:13:56+00:00,39.44387096774194,0.1274193548387096,48.99967741935483,46.078387096774186,34.26967741935484,34.97741935483872,0.3599999999999999,65.38838709677418,0.000739,0.00071,0.001122,14.72999999999999,1
6642,2025-01-22 11:14:28+00:00,2025-01-22 11:14:28+00:00,68.23666666666668,0.164,48.325,76.67833333333334,34.30766666666666,35.12866666666667,0.362,64.94399999999999,0.000816,0.000782,0.001275,14.01733333333334,1
6657,2025-01-22 11:14:47+00:00,2025-01-22 11:14:47+00:00,163.5488888888889,0.1477777777777777,48.38814814814815,175.3962962962963,34.251111111111115,36.25148148148148,1.9362962962962973,62.801851851851865,0.00096,0.001008,0.002161,14.137037037037032,1
6679,2025-01-22 11:15:17+00:00,2025-01-22 11:15:17+00:00,210.7640000000001,0.1686666666666667,49.90933333333334,226.0339999999999,34.39966666666665,37.373,2.600666666666668,61.932,0.001056,0.001151,0.00268,15.509666666666696,1
6684,2025-01-22 11:15:24+00:00,2025-01-22 11:15:24+00:00,187.9369230769231,0.1761538461538461,49.85384615384617,204.7730769230769,34.37615384615385,37.17692307692308,2.2638461538461545,62.62115384615385,0.001012,0.00105,0.002449,15.477692307692324,1
6699,2025-01-22 11:15:44+00:00,2025-01-22 11:15:44+00:00,91.6381818181818,0.1151515151515151,49.531818181818174,99.95666666666664,34.38484848484847,35.867272727272734,1.1984848484848485,64.55333333333334,0.000873,0.00085,0.001621,15.146969696969704,1
6701,2025-01-22 11:15:46+00:00,2025-01-22 11:15:46+00:00,81.19321428571428,0.1525,49.731428571428566,91.07071428571432,34.50678571428572,36.21714285714286,1.084285714285714,65.16499999999999,0.000835,0.000813,0.001473,15.224642857142848,1
6717,2025-01-22 11:16:07+00:00,2025-01-22 11:16:07+00:00,19.02451612903225,0.1348387096774193,48.83677419354839,24.257096774193545,34.5283870967742,34.9632258064516,0.3599999999999999,66.26064516129028,0.000712,0.000698,0.001024,14.30838709677419,1
6733,2025-01-22 11:16:28+00:00,2025-01-22 11:16:28+00:00,67.49312499999999,0.14875,48.545937500000015,75.79875,34.495625000000004,35.2525,0.3599999999999999,64.97468749999999,0.000811,0.000808,0.001273,14.050312500000013,1
6741,2025-01-22 11:16:39+00:00,2025-01-22 11:16:39+00:00,121.92310344827588,0.1537931034482758,48.49482758620693,132.91275862068971,34.44655172413794,35.86724137931036,1.5141379310344831,63.64758620689657,0.000929,0.000915,0.001729,14.048275862068984,1
6750,2025-01-22 11:16:51+00:00,2025-01-22 11:16:51+00:00,180.03862068965518,0.1444827586206897,48.82379310344828,193.73379310344828,34.48551724137931,36.80275862068966,2.1782758620689653,62.81379310344828,0.000976,0.001066,0.00233,14.338275862068969,1
6755,2025-01-22 11:16:57+00:00,2025-01-22 11:16:57+00:00,201.67538461538456,0.1719230769230769,49.34692307692308,216.71615384615387,34.573076923076925,37.463076923076926,2.4676923076923063,62.53653846153849,0.001005,0.001116,0.002599,14.773846153846158,1
6757,2025-01-22 11:17:00+00:00,2025-01-22 11:17:00+00:00,209.13857142857145,0.1860714285714285,49.10249999999999,224.84142857142865,34.46678571428572,37.27892857142857,2.583571428571429,62.018214285714286,0.001006,0.001141,0.002659,14.635714285714265,1
6771,2025-01-22 11:17:18+00:00,2025-01-22 11:17:18+00:00,206.80034482758617,0.186206896551724,50.300689655172405,224.053448275862,34.61275862068966,37.89724137931034,2.5813793103448277,62.46137931034483,0.001015,0.001168,0.002634,15.687931034482745,1
6825,2025-01-22 11:18:30+00:00,2025-01-22 11:18:30+00:00,75.02266666666665,0.1523333333333333,48.66133333333334,84.15133333333331,34.61366666666666,35.50500000000001,1.0199999999999998,64.78700000000003,0.00087,0.000832,0.00141,14.04766666666668,1
6826,2025-01-22 11:18:31+00:00,2025-01-22 11:18:31+00:00,79.81838709677417,0.1319354838709677,48.32999999999996,88.83806451612907,34.561290322580646,35.470967741935475,1.0632258064516131,64.46774193548389,0.00085,0.000846,0.001472,13.768709677419317,1
6841,2025-01-22 11:18:51+00:00,2025-01-22 11:18:51+00:00,180.30888888888893,0.1577777777777777,48.77481481481481,193.21222222222215,34.58481481481482,36.8188888888889,2.1555555555555554,62.39259259259261,0.000935,0.001086,0.002339,14.18999999999999,1
6877,2025-01-22 11:19:38+00:00,2025-01-22 11:19:38+00:00,122.73551724137928,0.1455172413793103,49.94206896551723,136.45344827586206,34.68103448275862,36.64206896551725,1.5606896551724132,63.98206896551724,0.000901,0.000927,0.001761,15.26103448275861,1
6907,2025-01-22 11:20:19+00:00,2025-01-22 11:20:19+00:00,33.978928571428575,0.0957142857142857,48.59535714285715,38.22499999999999,34.75607142857142,35.17321428571427,0.36,65.70821428571426,0.000789,0.000693,0.001068,13.83928571428573,1
6917,2025-01-22 11:20:32+00:00,2025-01-22 11:20:32+00:00,84.77433333333335,0.146,48.77533333333332,94.18,34.789333333333325,35.82733333333333,1.1143333333333332,64.56100000000002,0.000862,0.000837,0.001549,13.98599999999999,1
6942,2025-01-22 11:21:05+00:00,2025-01-22 11:21:05+00:00,217.71,0.1767741935483871,49.60451612903225,233.56129032258065,34.79870967741933,37.810967741935485,2.758709677419356,61.85290322580644,0.000996,0.001214,0.00276,14.805806451612916,1
6949,2025-01-22 11:21:14+00:00,2025-01-22 11:21:14+00:00,215.85624999999996,0.1653125,49.96718749999999,232.134375,34.801875,37.920625,2.7590624999999998,61.84468749999998,0.001054,0.001214,0.002752,15.165312499999985,1
6965,2025-01-22 11:21:35+00:00,2025-01-22 11:21:35+00:00,141.10000000000002,0.1660714285714286,50.1382142857143,154.3835714285714,34.83000000000002,36.983571428571416,1.7282142857142853,63.66500000000003,0.000923,0.000977,0.001948,15.308214285714278,1
6979,2025-01-22 11:21:53+00:00,2025-01-22 11:21:53+00:00,52.123571428571445,0.1392857142857143,49.63999999999999,60.085,34.915714285714266,35.95035714285715,0.36,65.36714285714287,0.000785,0.000796,0.001196,14.724285714285728,1
7001,2025-01-22 11:22:22+00:00,2025-01-22 11:22:22+00:00,41.97724137931034,0.1389655172413793,48.92999999999999,48.9303448275862,34.95655172413794,35.67586206896552,0.36,65.74517241379309,0.000756,0.000724,0.001119,13.973448275862054,1
7038,2025-01-22 11:23:13+00:00,2025-01-22 11:23:13+00:00,216.0677777777777,0.1659259259259259,50.36037037037038,232.64518518518528,35.02962962962963,38.387407407407416,2.734814814814814,62.21037037037036,0.001059,0.001207,0.002841,15.330740740740753,1
7090,2025-01-22 11:24:24+00:00,2025-01-22 11:24:24+00:00,48.28357142857142,0.1217857142857143,49.21321428571428,55.22785714285713,35.17642857142857,36.02392857142857,0.3660714285714285,65.64071428571428,0.000755,0.00076,0.001217,14.036785714285706,1
7095,2025-01-22 11:24:31+00:00,2025-01-22 11:24:31+00:00,78.09000000000003,0.12375,48.64375,85.50000000000001,34.96750000000001,35.74687500000002,1.048125,64.50062499999997,0.000838,0.000839,0.001457,13.676249999999987,1
7103,2025-01-22 11:24:41+00:00,2025-01-22 11:24:41+00:00,128.9043333333333,0.1616666666666666,48.876,139.7486666666667,35.03933333333334,36.59700000000001,1.5986666666666662,63.57633333333337,0.000928,0.000941,0.001791,13.83666666666666,1
7106,2025-01-22 11:24:45+00:00,2025-01-22 11:24:45+00:00,149.49750000000003,0.1584375,49.45812499999997,161.9493750000001,35.214375,37.16343750000001,1.8168749999999991,63.64968749999999,0.000972,0.000993,0.002033,14.243749999999975,1
7110,2025-01-22 11:24:50+00:00,2025-01-22 11:24:50+00:00,172.811724137931,0.1651724137931035,49.43413793103448,187.0748275862069,35.18862068965516,37.53034482758621,2.0989655172413797,63.12551724137931,0.001004,0.00107,0.002358,14.245517241379318,1
7144,2025-01-22 11:25:36+00:00,2025-01-22 11:25:36+00:00,136.95892857142854,0.1571428571428571,50.52178571428572,148.82749999999996,35.20857142857143,37.45249999999999,1.7082142857142857,63.83035714285713,0.000904,0.000961,0.00196,15.313214285714288,1
7149,2025-01-22 11:25:43+00:00,2025-01-22 11:25:43+00:00,99.1867647058824,0.1582352941176471,50.022352941176486,110.42117647058824,35.08735294117648,36.736470588235306,1.3185294117647055,64.35823529411763,0.00091,0.000933,0.001764,14.93500000000001,1
7159,2025-01-22 11:25:56+00:00,2025-01-22 11:25:56+00:00,42.89468750000002,0.1296874999999999,50.01406249999998,50.80406249999999,35.39062500000001,36.38437499999999,0.3599999999999999,65.9396875,0.000798,0.000762,0.001205,14.623437499999971,1
7167,2025-01-22 11:26:06+00:00,2025-01-22 11:26:06+00:00,21.00967741935484,0.1496774193548387,49.395806451612906,27.584838709677413,35.249354838709685,35.890322580645176,0.3599999999999999,66.38677419354836,0.000673,0.000711,0.000993,14.14645161290322,1
7173,2025-01-22 11:26:14+00:00,2025-01-22 11:26:14+00:00,22.502307692307696,0.1115384615384615,48.87730769230772,28.150384615384628,35.1326923076923,35.46538461538461,0.36,65.84961538461538,0.000736,0.00075,0.000994,13.744615384615416,1
7186,2025-01-22 11:26:31+00:00,2025-01-22 11:26:31+00:00,76.50363636363633,0.1333333333333334,49.088484848484846,85.130303030303,35.258484848484834,36.26787878787879,1.041212121212121,65.09727272727275,0.000829,0.000834,0.001498,13.830000000000013,1
7201,2025-01-22 11:26:51+00:00,2025-01-22 11:26:51+00:00,175.99964285714282,0.1689285714285714,49.53750000000002,190.5057142857144,35.222857142857144,37.86428571428572,2.16,62.92607142857145,0.00098,0.001054,0.002378,14.31464285714288,1
7217,2025-01-22 11:27:13+00:00,2025-01-22 11:27:13+00:00,217.3984848484849,0.1672727272727273,50.281212121212114,233.6869696969697,35.28242424242425,38.45818181818181,2.7830303030303027,61.89545454545454,0.001038,0.001216,0.002852,14.998787878787866,1
7248,2025-01-22 11:27:54+00:00,2025-01-22 11:27:54+00:00,50.63848484848488,0.1078787878787879,49.4960606060606,57.62060606060607,35.25696969696971,36.06787878787878,0.3599999999999999,65.1930303030303,0.000773,0.000756,0.001234,14.23909090909089,1
7259,2025-01-22 11:28:08+00:00,2025-01-22 11:28:08+00:00,19.752758620689647,0.1217241379310345,49.51172413793103,25.11620689655173,35.35689655172415,35.946551724137926,0.3589655172413792,66.32,0.000682,0.000716,0.001029,14.154827586206885,1
7273,2025-01-22 11:28:26+00:00,2025-01-22 11:28:26+00:00,55.23193548387098,0.1567741935483871,48.9274193548387,62.18161290322579,35.307419354838714,35.96612903225807,0.3619354838709676,65.10870967741937,0.000772,0.000772,0.001235,13.619999999999983,1
7288,2025-01-22 11:28:46+00:00,2025-01-22 11:28:46+00:00,152.64705882352948,0.1547058823529412,49.2429411764706,164.97176470588235,35.30823529411765,37.26352941176471,1.862647058823529,63.16941176470588,0.000976,0.001017,0.002112,13.934705882352944,1
7291,2025-01-22 11:28:50+00:00,2025-01-22 11:28:50+00:00,171.86,0.1533333333333333,49.188,185.13900000000007,35.30999999999999,37.31466666666668,2.102666666666668,62.56866666666668,0.001016,0.001088,0.002367,13.878000000000014,1
7318,2025-01-22 11:29:27+00:00,2025-01-22 11:29:27+00:00,180.9760714285714,0.1592857142857142,50.6125,194.8364285714286,35.353571428571435,38.04428571428571,2.196071428571429,62.84000000000001,0.001032,0.001075,0.002466,15.25892857142857,1
7339,2025-01-22 11:29:54+00:00,2025-01-22 11:29:54+00:00,50.37259259259259,0.1392592592592592,50.12444444444444,58.01074074074071,35.492592592592594,36.59777777777777,0.36,65.69999999999999,0.000786,0.000757,0.001247,14.631851851851842,1
7359,2025-01-22 11:30:21+00:00,2025-01-22 11:30:21+00:00,35.82741935483872,0.1193548387096774,49.05387096774195,42.24064516129033,35.43967741935485,35.85032258064516,0.3599999999999999,65.49838709677421,0.000752,0.000699,0.001102,13.6141935483871,1
7368,2025-01-22 11:30:32+00:00,2025-01-22 11:30:32+00:00,80.63925925925925,0.1337037037037037,48.91333333333332,88.36592592592591,35.35037037037038,36.2874074074074,1.0940740740740746,64.39222222222222,0.000874,0.000842,0.001532,13.562962962962942,1
7372,2025-01-22 11:30:38+00:00,2025-01-22 11:30:38+00:00,111.87068965517244,0.1368965517241379,49.18034482758619,121.59655172413792,35.41172413793102,36.78275862068965,1.4300000000000006,64.03827586206899,0.000963,0.000908,0.001821,13.768620689655172,1
7375,2025-01-22 11:30:42+00:00,2025-01-22 11:30:42+00:00,131.52321428571426,0.1328571428571428,49.01642857142856,141.97035714285713,35.40642857142856,36.72428571428571,1.6349999999999991,63.32035714285716,0.000956,0.000943,0.001839,13.610000000000008,1
7432,2025-01-22 11:31:56+00:00,2025-01-22 11:31:56+00:00,44.01967741935484,0.132258064516129,50.13709677419354,52.15709677419353,35.62806451612902,36.51451612903226,0.3599999999999999,65.84290322580645,0.000808,0.000788,0.001199,14.509032258064522,1
7441,2025-01-22 11:32:08+00:00,2025-01-22 11:32:08+00:00,20.29454545454545,0.1172727272727272,49.374848484848485,25.510303030303028,35.470000000000006,35.92939393939394,0.3599999999999999,65.75636363636366,0.000698,0.000722,0.000999,13.90484848484848,1
7472,2025-01-22 11:32:49+00:00,2025-01-22 11:32:49+00:00,165.77529411764712,0.1594117647058823,49.23764705882353,179.27323529411763,35.46735294117647,37.53058823529413,2.02735294117647,62.68235294117645,0.000956,0.001002,0.002279,13.770294117647062,1
7543,2025-01-22 11:34:24+00:00,2025-01-22 11:34:24+00:00,45.34766666666667,0.1403333333333333,49.42366666666667,52.39166666666666,35.75100000000001,36.34499999999999,0.36,65.59733333333332,0.000797,0.000756,0.001233,13.672666666666656,1
7572,2025-01-22 11:35:04+00:00,2025-01-22 11:35:04+00:00,213.15758620689653,0.1793103448275863,50.372413793103455,230.40758620689655,35.74344827586206,38.931379310344816,2.7693103448275878,62.17655172413794,0.001041,0.001195,0.002832,14.628965517241395,1
7582,2025-01-22 11:35:17+00:00,2025-01-22 11:35:17+00:00,212.8557692307692,0.193076923076923,50.558461538461536,229.03692307692305,35.67153846153846,38.73230769230769,2.756538461538462,61.83499999999999,0.001018,0.001197,0.002805,14.886923076923075,1
7583,2025-01-22 11:35:18+00:00,2025-01-22 11:35:18+00:00,211.14781249999996,0.1684375,50.612187500000005,227.62312499999985,35.68906250000001,38.739375,2.7290624999999995,61.91187500000003,0.001013,0.001189,0.002786,14.923124999999992,1
7588,2025-01-22 11:35:25+00:00,2025-01-22 11:35:25+00:00,190.94862068965517,0.1813793103448276,51.10758620689656,205.2034482758621,35.77620689655173,38.75344827586208,2.375862068965517,62.71413793103451,0.001014,0.001106,0.002552,15.331379310344836,1
7599,2025-01-22 11:35:39+00:00,2025-01-22 11:35:39+00:00,124.4151724137931,0.1555172413793104,50.6986206896552,136.6351724137931,35.70310344827587,37.8348275862069,1.5899999999999996,64.13103448275862,0.00092,0.000943,0.001889,14.995517241379332,1
7608,2025-01-22 11:35:51+00:00,2025-01-22 11:35:51+00:00,64.67464285714284,0.1557142857142857,50.38392857142857,73.8882142857143,35.77571428571427,36.92714285714286,0.4742857142857139,65.06357142857142,0.000811,0.000768,0.001377,14.608214285714295,1
7610,2025-01-22 11:35:53+00:00,2025-01-22 11:35:53+00:00,56.650000000000006,0.1506451612903225,50.08064516129033,64.99967741935481,35.71258064516129,36.68451612903226,0.3580645161290322,65.23225806451613,0.00083,0.000756,0.001248,14.36806451612904,1
7612,2025-01-22 11:35:56+00:00,2025-01-22 11:35:56+00:00,45.70303030303031,0.1239393939393939,50.12696969696969,52.350000000000016,35.782121212121204,36.6421212121212,0.3596969696969696,65.47060606060606,0.000765,0.000717,0.001176,14.344848484848484,1
7649,2025-01-22 11:36:45+00:00,2025-01-22 11:36:45+00:00,144.64666666666668,0.145,49.47766666666667,155.918,35.79066666666665,37.64866666666667,1.783666666666666,63.52899999999998,0.000914,0.000965,0.001988,13.68700000000002,1
7678,2025-01-22 11:37:24+00:00,2025-01-22 11:37:24+00:00,194.73142857142855,0.1757142857142856,50.77678571428571,210.14178571428573,35.789642857142844,38.636428571428574,2.407857142857143,62.40928571428571,0.001048,0.001084,0.002654,14.987142857142864,1
7679,2025-01-22 11:37:25+00:00,2025-01-22 11:37:25+00:00,191.55678571428567,0.1678571428571428,50.917500000000025,205.51749999999996,35.80285714285713,38.673928571428576,2.3600000000000003,62.52071428571428,0.001007,0.0011,0.002584,15.114642857142895,1
7682,2025-01-22 11:37:29+00:00,2025-01-22 11:37:29+00:00,174.3064285714286,0.1457142857142857,50.83642857142856,188.0196428571429,35.796071428571416,38.42035714285714,2.131428571428572,62.81178571428571,0.000981,0.001008,0.002392,15.04035714285714,1
7697,2025-01-22 11:37:49+00:00,2025-01-22 11:37:49+00:00,74.34,0.1313793103448276,50.257931034482766,83.97689655172412,35.78931034482757,36.98034482758621,1.0496551724137937,64.77448275862069,0.000802,0.000802,0.001479,14.468620689655197,1
7712,2025-01-22 11:38:08+00:00,2025-01-22 11:38:08+00:00,20.447812500000005,0.1203124999999999,49.6778125,25.663750000000007,35.911875,36.30937500000001,0.3587499999999999,66.054375,0.000659,0.000689,0.001027,13.7659375,1
7722,2025-01-22 11:38:22+00:00,2025-01-22 11:38:22+00:00,38.11137931034482,0.126551724137931,49.56999999999999,44.08344827586206,35.93379310344828,36.51068965517242,0.3603448275862069,65.8162068965517,0.00075,0.000696,0.001196,13.636206896551712,1
7723,2025-01-22 11:38:23+00:00,2025-01-22 11:38:23+00:00,41.30566666666665,0.1293333333333333,49.56400000000003,47.78,35.91266666666666,36.55233333333333,0.3613333333333333,65.55633333333331,0.000737,0.000717,0.001188,13.651333333333367,1
7764,2025-01-22 11:39:18+00:00,2025-01-22 11:39:18+00:00,211.86777777777783,0.1796296296296296,51.14851851851852,228.3222222222221,36.03296296296297,39.34222222222224,2.7133333333333343,62.4511111111111,0.001028,0.001225,0.002785,15.115555555555552,1
7782,2025-01-22 11:39:42+00:00,2025-01-22 11:39:42+00:00,111.12399999999998,0.141,50.68499999999999,120.97899999999998,35.92399999999999,37.689,1.4529999999999998,64.19900000000004,0.000913,0.000925,0.001925,14.760999999999996,1
7814,2025-01-22 11:40:23+00:00,2025-01-22 11:40:23+00:00,40.86,0.1243333333333333,49.37200000000001,46.78633333333335,35.995999999999995,36.41733333333333,0.36,65.48799999999999,0.000732,0.000701,0.001171,13.376000000000012,1
7823,2025-01-22 11:40:35+00:00,2025-01-22 11:40:35+00:00,91.7910344827586,0.1162068965517241,49.72413793103449,99.3406896551724,36.0706896551724,37.2844827586207,1.2117241379310344,64.5955172413793,0.000879,0.000867,0.001694,13.65344827586209,1
7824,2025-01-22 11:40:37+00:00,2025-01-22 11:40:37+00:00,101.83851851851853,0.1503703703703703,49.417777777777786,111.96925925925926,35.98148148148149,37.180370370370376,1.3311111111111114,64.2022222222222,0.000894,0.000894,0.001745,13.436296296296298,1
7836,2025-01-22 11:40:52+00:00,2025-01-22 11:40:52+00:00,177.76400000000004,0.1473333333333333,49.683666666666674,189.60099999999997,35.980333333333334,38.19266666666666,2.1943333333333346,62.60066666666667,0.000959,0.001082,0.002443,13.70333333333334,1
7884,2025-01-22 11:41:57+00:00,2025-01-22 11:41:57+00:00,43.580645161290334,0.1306451612903225,50.22483870967742,49.93161290322579,36.05064516129032,36.74354838709679,0.359032258064516,65.2825806451613,0.000761,0.000729,0.001199,14.174193548387102,1
7889,2025-01-22 11:42:03+00:00,2025-01-22 11:42:03+00:00,27.010645161290316,0.124516129032258,49.81806451612905,32.55419354838708,36.0306451612903,36.49903225806451,0.356774193548387,65.64290322580645,0.000726,0.000719,0.001049,13.787419354838748,1
7897,2025-01-22 11:42:14+00:00,2025-01-22 11:42:14+00:00,21.005999999999997,0.1243333333333333,49.56833333333334,26.01233333333333,36.06399999999999,36.39866666666666,0.3609999999999999,65.98733333333331,0.000694,0.000736,0.001025,13.50433333333335,1
7920,2025-01-22 11:42:44+00:00,2025-01-22 11:42:44+00:00,138.91148148148147,0.1866666666666667,49.6640740740741,150.77814814814815,36.07962962962962,37.7822222222222,1.7248148148148148,63.42000000000001,0.000914,0.000987,0.001968,13.58444444444448,1
7933,2025-01-22 11:43:02+00:00,2025-01-22 11:43:02+00:00,209.61935483870965,0.1832258064516129,50.60354838709677,224.28741935483865,36.19612903225807,39.16161290322581,2.673548387096774,62.15032258064519,0.001048,0.001172,0.002854,14.407419354838702,1
7940,2025-01-22 11:43:11+00:00,2025-01-22 11:43:11+00:00,218.3232142857142,0.2271428571428571,50.7182142857143,236.0521428571429,36.127142857142864,39.26571428571429,2.865714285714286,61.87035714285717,0.001114,0.001224,0.003008,14.59107142857144,1
7969,2025-01-22 11:43:49+00:00,2025-01-22 11:43:49+00:00,77.25633333333336,0.1176666666666666,50.554333333333325,86.0253333333333,36.08833333333333,37.30566666666667,1.0823333333333331,64.58500000000001,0.000843,0.000815,0.001485,14.465999999999994,1
7984,2025-01-22 11:44:09+00:00,2025-01-22 11:44:09+00:00,19.97848484848485,0.1436363636363636,49.76999999999999,26.2760606060606,36.11818181818182,36.45515151515151,0.3560606060606059,65.79727272727273,0.000701,0.000725,0.00104,13.651818181818172,1
8018,2025-01-22 11:44:55+00:00,2025-01-22 11:44:55+00:00,187.99033333333333,0.1586666666666666,49.92799999999998,201.2226666666666,36.126333333333335,38.546,2.3286666666666678,62.19666666666669,0.001015,0.001099,0.002588,13.801666666666648,1
8030,2025-01-22 11:45:11+00:00,2025-01-22 11:45:11+00:00,219.86576923076927,0.1973076923076923,50.675384615384615,235.51807692307693,36.19307692307694,39.29692307692308,2.885,61.5523076923077,0.001065,0.001248,0.003006,14.482307692307678,1
8036,2025-01-22 11:45:18+00:00,2025-01-22 11:45:18+00:00,212.42406250000008,0.19,51.05156249999998,228.49687500000005,36.24468750000002,39.4015625,2.767500000000001,62.03906249999999,0.00107,0.001219,0.002903,14.806874999999962,1
8083,2025-01-22 11:46:21+00:00,2025-01-22 11:46:21+00:00,33.3616129032258,0.1283870967741935,49.580322580645145,38.92935483870968,36.31387096774195,36.60290322580647,0.3564516129032257,65.54225806451612,0.000766,0.000713,0.001099,13.266451612903197,1
8106,2025-01-22 11:46:51+00:00,2025-01-22 11:46:51+00:00,170.82392857142858,0.1582142857142857,50.13857142857143,183.70285714285717,36.360000000000014,38.64142857142856,2.128571428571429,62.84035714285714,0.000974,0.00104,0.002458,13.778571428571418,1
8170,2025-01-22 11:48:17+00:00,2025-01-22 11:48:17+00:00,24.88777777777777,0.1107407407407407,50.04629629629631,29.97000000000001,36.4337037037037,36.89148148148148,0.36,66.08629629629631,0.000692,0.000789,0.001049,13.612592592592604,1
8174,2025-01-22 11:48:22+00:00,2025-01-22 11:48:22+00:00,36.16343750000001,0.1253125,49.890625000000014,40.79468749999999,36.4346875,36.9684375,0.3599999999999999,65.81875000000002,0.00076,0.000733,0.001133,13.455937500000012,1
8221,2025-01-22 11:49:27+00:00,2025-01-22 11:49:27+00:00,188.209,0.1756666666666666,51.56833333333331,201.94533333333337,36.604,39.48966666666666,2.3399999999999994,62.82033333333333,0.001011,0.001038,0.002509,14.964333333333308,1
8229,2025-01-22 11:49:41+00:00,2025-01-22 11:49:41+00:00,119.70866666666667,0.113,51.18100000000001,129.887,36.470000000000006,38.365,1.582,64.02666666666667,0.000927,0.000879,0.001843,14.711000000000006,1
8250,2025-01-22 11:50:08+00:00,2025-01-22 11:50:08+00:00,20.813030303030303,0.1566666666666667,50.28575757575758,27.269090909090917,36.57515151515152,37.13060606060606,0.3599999999999999,66.27757575757576,0.000709,0.000729,0.001047,13.71060606060606,1
8259,2025-01-22 11:50:20+00:00,2025-01-22 11:50:20+00:00,29.2796875,0.1178125,49.65312499999999,34.728750000000005,36.5028125,36.63125000000001,0.3618749999999999,65.46125,0.000704,0.000727,0.00105,13.150312499999991,1
8313,2025-01-22 11:51:31+00:00,2025-01-22 11:51:31+00:00,170.0045161290324,0.1503225806451613,51.3893548387097,185.0987096774194,36.57290322580644,39.07225806451612,2.138064516129033,62.76354838709677,0.001008,0.001027,0.002376,14.816451612903265,1
8318,2025-01-22 11:51:37+00:00,2025-01-22 11:51:37+00:00,141.86161290322582,0.1341935483870967,51.26967741935485,154.6038709677419,36.5458064516129,38.70645161290325,1.7945161290322584,63.46387096774195,0.000953,0.000953,0.002055,14.723870967741943,1
8323,2025-01-22 11:51:44+00:00,2025-01-22 11:51:44+00:00,105.05096774193544,0.1596774193548386,51.128709677419344,117.1425806451613,36.59064516129034,38.26903225806452,1.4161290322580642,64.42870967741936,0.000914,0.000869,0.001855,14.538064516129005,1
8339,2025-01-22 11:52:05+00:00,2025-01-22 11:52:05+00:00,24.37185185185185,0.1007407407407407,50.58407407407408,30.027777777777786,36.7048148148148,37.46925925925926,0.36,66.28333333333336,0.000712,0.000702,0.001059,13.879259259259284,1
8344,2025-01-22 11:52:11+00:00,2025-01-22 11:52:11+00:00,19.40903225806452,0.1348387096774193,50.22322580645164,24.417741935483875,36.65129032258065,37.05290322580646,0.3551612903225805,66.03612903225806,0.000747,0.000718,0.001035,13.571935483870988,1
8367,2025-01-22 11:52:41+00:00,2025-01-22 11:52:41+00:00,117.93533333333332,0.1663333333333333,50.25933333333333,128.1256666666667,36.719000000000015,38.26866666666668,1.526333333333333,64.09166666666668,0.000978,0.000929,0.001923,13.540333333333315,1
8383,2025-01-22 11:53:02+00:00,2025-01-22 11:53:02+00:00,207.59733333333327,0.1693333333333334,50.75466666666667,221.92200000000005,36.68633333333332,39.54133333333334,2.689,61.98133333333335,0.001044,0.001163,0.002794,14.06833333333335,1
8385,2025-01-22 11:53:05+00:00,2025-01-22 11:53:05+00:00,212.9938709677419,0.1806451612903226,50.699677419354806,229.17645161290315,36.66129032258065,39.55225806451613,2.806451612903226,61.88870967741933,0.00107,0.001193,0.002845,14.03838709677416,1
8415,2025-01-22 11:53:44+00:00,2025-01-22 11:53:44+00:00,106.72333333333329,0.1525925925925925,51.19666666666666,117.12296296296296,36.66259259259258,38.32444444444445,1.4299999999999995,64.21814814814816,0.000913,0.00087,0.001871,14.534074074074075,1
8420,2025-01-22 11:53:51+00:00,2025-01-22 11:53:51+00:00,71.47266666666665,0.1523333333333333,50.97566666666667,80.02033333333331,36.718,37.97366666666667,1.0313333333333337,65.15866666666672,0.000836,0.00079,0.001494,14.257666666666664,1
8427,2025-01-22 11:54:00+00:00,2025-01-22 11:54:00+00:00,37.7032142857143,0.1374999999999999,50.50964285714285,43.60428571428572,36.68857142857143,37.301428571428566,0.36,65.67642857142857,0.000724,0.00072,0.0012,13.821071428571422,1
8441,2025-01-22 11:54:18+00:00,2025-01-22 11:54:18+00:00,25.545312499999994,0.125625,50.0825,30.3571875,36.75375,37.190000000000005,0.3599999999999999,65.8996875,0.000699,0.000718,0.001048,13.32875,1
8463,2025-01-22 11:54:47+00:00,2025-01-22 11:54:47+00:00,147.27851851851858,0.1525925925925926,50.54481481481481,158.56592592592588,36.81481481481482,39.1462962962963,1.846296296296296,63.62037037037035,0.000958,0.000994,0.002162,13.729999999999997,1
8486,2025-01-22 11:55:17+00:00,2025-01-22 11:55:17+00:00,215.26129032258063,0.1587096774193549,51.33290322580644,231.32935483870975,36.7948387096774,39.8667741935484,2.857096774193549,61.90354838709677,0.001024,0.001213,0.002924,14.53806451612904,1
8500,2025-01-22 11:55:36+00:00,2025-01-22 11:55:36+00:00,148.59586206896546,0.1303448275862069,51.446896551724144,159.83620689655174,36.76172413793103,38.99448275862069,1.8644827586206891,63.3737931034483,0.00096,0.000967,0.002179,14.685172413793111,1
8524,2025-01-22 11:56:07+00:00,2025-01-22 11:56:07+00:00,22.224666666666675,0.1016666666666667,50.28866666666668,26.790999999999997,36.77866666666666,37.20666666666668,0.3603333333333333,65.87433333333334,0.000703,0.000682,0.001096,13.51000000000002,1
8543,2025-01-22 11:56:32+00:00,2025-01-22 11:56:32+00:00,70.4184375,0.146875,49.869062500000005,79.03000000000002,36.78062499999999,37.56593749999999,1.0071875,64.8815625,0.000897,0.00082,0.001436,13.08843750000002,1
8557,2025-01-22 11:56:50+00:00,2025-01-22 11:56:50+00:00,160.35774193548386,0.1677419354838709,50.48967741935484,173.69870967741932,36.870967741935495,39.05967741935483,2.0264516129032257,63.15354838709678,0.000978,0.001037,0.002356,13.618709677419346,1
8560,2025-01-22 11:56:54+00:00,2025-01-22 11:56:54+00:00,180.513125,0.166875,50.705625000000005,192.865,36.92187500000002,39.539375,2.274375,62.9496875,0.000998,0.001087,0.002571,13.783749999999984,1
8569,2025-01-22 11:57:06+00:00,2025-01-22 11:57:06+00:00,215.4006896551724,0.1486206896551724,50.93137931034483,228.9727586206897,36.81275862068967,39.73448275862069,2.8303448275862078,61.60275862068965,0.001029,0.001207,0.002904,14.11862068965516,1
8572,2025-01-22 11:57:10+00:00,2025-01-22 11:57:10+00:00,219.661724137931,0.1899999999999999,51.32724137931033,234.79620689655184,36.92724137931032,40.04275862068964,2.9189655172413795,62.00551724137932,0.00104,0.001242,0.002964,14.400000000000006,1
8577,2025-01-22 11:57:17+00:00,2025-01-22 11:57:17+00:00,214.067037037037,0.1937037037037038,51.314074074074064,230.97296296296287,36.79592592592591,39.85777777777779,2.85925925925926,61.66185185185186,0.001031,0.001224,0.002917,14.518148148148155,1
8588,2025-01-22 11:57:31+00:00,2025-01-22 11:57:31+00:00,172.56214285714285,0.1360714285714286,51.88142857142856,187.06928571428577,36.90321428571428,39.58714285714286,2.190714285714285,62.84750000000001,0.000989,0.001043,0.002462,14.97821428571428,1
8607,2025-01-22 11:57:56+00:00,2025-01-22 11:57:56+00:00,51.72749999999999,0.1109375,51.10312499999998,57.97312500000002,36.9315625,38.00718749999999,0.3599999999999999,65.46656250000001,0.000791,0.00075,0.0013,14.17156249999998,1
8618,2025-01-22 11:58:10+00:00,2025-01-22 11:58:10+00:00,20.376874999999988,0.121875,50.32562500000001,24.85625,36.9346875,37.4046875,0.3590624999999999,66.263125,0.000661,0.000697,0.001093,13.390937500000014,1
8619,2025-01-22 11:58:12+00:00,2025-01-22 11:58:12+00:00,19.284285714285712,0.1117857142857142,50.0857142857143,25.17285714285715,36.90785714285715,37.30964285714288,0.3596428571428571,65.82035714285713,0.000742,0.000723,0.00107,13.177857142857157,1
8637,2025-01-22 11:58:35+00:00,2025-01-22 11:58:35+00:00,84.41531249999996,0.1171874999999999,50.09718749999999,92.0303125,36.9071875,37.9346875,1.1603125,64.59875,0.000867,0.000857,0.001684,13.18999999999999,1
8649,2025-01-22 11:58:51+00:00,2025-01-22 11:58:51+00:00,165.32935483870958,0.1670967741935484,50.62677419354838,177.87903225806448,36.99709677419355,39.31935483870967,2.0890322580645164,63.30064516129031,0.001008,0.001061,0.002432,13.629677419354827,1
8669,2025-01-22 11:59:17+00:00,2025-01-22 11:59:17+00:00,215.70718750000003,0.169375,51.79624999999999,231.6809375,37.0459375,40.22531249999999,2.8718749999999997,62.0196875,0.001068,0.001255,0.003016,14.7503125,1
8711,2025-01-22 12:00:12+00:00,2025-01-22 12:00:12+00:00,19.28296296296297,0.1266666666666666,50.46333333333335,24.61074074074074,37.09185185185186,37.44148148148148,0.36,66.20851851851852,0.000674,0.000702,0.001102,13.371481481481496,1
8722,2025-01-22 12:00:27+00:00,2025-01-22 12:00:27+00:00,49.53965517241381,0.1331034482758621,50.08275862068965,56.10655172413792,36.99103448275863,37.82758620689657,0.36,65.46241379310344,0.000775,0.00075,0.001274,13.091724137931024,1
8744,2025-01-22 12:00:56+00:00,2025-01-22 12:00:56+00:00,186.64034482758615,0.1410344827586207,50.56172413793105,199.22448275862064,36.997241379310346,39.43517241379309,2.3800000000000003,62.43137931034481,0.001012,0.001092,0.002666,13.564482758620706,1
8757,2025-01-22 12:01:13+00:00,2025-01-22 12:01:13+00:00,220.5207407407408,0.1970370370370371,51.59888888888891,236.26814814814816,37.08444444444445,40.20703703703703,2.954074074074075,61.93962962962964,0.001056,0.001262,0.003078,14.514444444444456,1
8761,2025-01-22 12:01:18+00:00,2025-01-22 12:01:18+00:00,214.21769230769235,0.1838461538461538,51.73961538461538,230.4950000000001,37.09384615384616,40.40307692307693,2.859230769230769,62.16846153846156,0.001065,0.001233,0.002986,14.645769230769218,1
8798,2025-01-22 12:02:06+00:00,2025-01-22 12:02:06+00:00,24.99354838709676,0.1448387096774193,50.16967741935484,31.20129032258065,37.019032258064506,37.188064516129046,0.3596774193548386,65.52612903225811,0.000706,0.00075,0.001129,13.150645161290337,1
8809,2025-01-22 12:02:21+00:00,2025-01-22 12:02:21+00:00,29.441250000000004,0.119375,50.10750000000001,34.96093749999999,37.06281249999999,37.35999999999999,0.3599999999999999,65.44500000000002,0.000724,0.000712,0.001138,13.044687500000016,1
8818,2025-01-22 12:02:33+00:00,2025-01-22 12:02:33+00:00,72.67666666666666,0.1113333333333333,50.21333333333334,80.60266666666669,37.085000000000015,37.99399999999999,1.042,64.80833333333334,0.000786,0.0008,0.001479,13.128333333333323,1
8830,2025-01-22 12:02:48+00:00,2025-01-22 12:02:48+00:00,149.6240625,0.1443749999999999,50.38374999999999,161.28124999999997,37.10281250000002,38.98218749999999,1.8796875,63.327812500000014,0.000963,0.000999,0.002244,13.280937499999972,1
8831,2025-01-22 12:02:50+00:00,2025-01-22 12:02:50+00:00,158.92892857142857,0.1728571428571429,50.6860714285714,170.97964285714284,37.22607142857144,39.351071428571416,1.9996428571428573,63.39857142857144,0.000964,0.001017,0.002338,13.459999999999958,1
8869,2025-01-22 12:03:39+00:00,2025-01-22 12:03:39+00:00,137.275,0.12,51.70933333333333,147.6313333333333,37.13,39.27033333333333,1.7590000000000006,63.72933333333336,0.000969,0.00095,0.002115,14.57933333333333,1
8878,2025-01-22 12:03:51+00:00,2025-01-22 12:03:51+00:00,74.75103448275861,0.133448275862069,51.67896551724136,83.68586206896553,37.24103448275863,38.78344827586205,1.079655172413793,65.19586206896552,0.000818,0.000802,0.001558,14.43793103448273,1
8882,2025-01-22 12:03:56+00:00,2025-01-22 12:03:56+00:00,53.479642857142856,0.1596428571428571,51.58928571428572,62.34857142857141,37.32499999999999,38.49249999999999,0.36,65.79107142857141,0.000736,0.000734,0.001318,14.264285714285728,1
8897,2025-01-22 12:04:17+00:00,2025-01-22 12:04:17+00:00,22.91964285714286,0.1132142857142857,50.48178571428573,27.512499999999992,37.24285714285715,37.65,0.36,65.94214285714284,0.000709,0.00071,0.00109,13.23892857142858,1
8931,2025-01-22 12:05:02+00:00,2025-01-22 12:05:02+00:00,205.58666666666664,0.1600000000000001,51.30566666666665,220.60333333333332,37.37533333333332,40.28233333333333,2.686666666666666,62.35166666666667,0.001023,0.00118,0.002869,13.93033333333333,1
8967,2025-01-22 12:05:50+00:00,2025-01-22 12:05:50+00:00,79.67964285714288,0.1174999999999999,51.4282142857143,88.92,37.22642857142858,38.62642857142856,1.1460714285714282,64.62678571428572,0.000824,0.00082,0.001632,14.20178571428572,1
8998,2025-01-22 12:06:31+00:00,2025-01-22 12:06:31+00:00,63.66366666666667,0.1033333333333333,50.211000000000006,69.47766666666668,37.25266666666666,37.95333333333333,0.36,64.98899999999999,0.000778,0.000794,0.001401,12.958333333333345,1
9026,2025-01-22 12:07:08+00:00,2025-01-22 12:07:08+00:00,217.1684615384616,0.1634615384615385,51.29346153846155,231.7492307692308,37.316153846153846,40.37653846153847,2.902307692307692,61.88923076923079,0.001025,0.001282,0.002971,13.977307692307704,1
9036,2025-01-22 12:07:21+00:00,2025-01-22 12:07:21+00:00,209.73482758620693,0.1710344827586206,51.72310344827588,226.2041379310345,37.27310344827584,40.193103448275856,2.777241379310346,61.65965517241381,0.001033,0.001206,0.002881,14.450000000000038,1
9045,2025-01-22 12:07:33+00:00,2025-01-22 12:07:33+00:00,167.55576923076922,0.1711538461538462,51.97846153846154,182.0876923076923,37.32615384615384,39.859615384615374,2.1269230769230774,63.10653846153846,0.000991,0.001044,0.002452,14.652307692307694,1
9051,2025-01-22 12:07:41+00:00,2025-01-22 12:07:41+00:00,128.0021875,0.1296875,51.7140625,139.23093749999998,37.31781249999998,39.2040625,1.6903124999999992,63.59937500000001,0.000937,0.000919,0.002046,14.396250000000016,1
9055,2025-01-22 12:07:46+00:00,2025-01-22 12:07:46+00:00,101.59714285714284,0.1228571428571428,51.59714285714284,111.27678571428568,37.26178571428572,38.86428571428571,1.3992857142857138,64.06714285714284,0.000889,0.000884,0.001888,14.335357142857127,1
9059,2025-01-22 12:07:51+00:00,2025-01-22 12:07:51+00:00,76.59714285714288,0.1046428571428571,51.39142857142856,85.14035714285717,37.28892857142856,38.582142857142856,1.1060714285714284,64.62857142857142,0.000809,0.000799,0.001557,14.1025,1
9083,2025-01-22 12:08:24+00:00,2025-01-22 12:08:24+00:00,36.94580645161291,0.1203225806451613,50.35032258064514,42.72935483870967,37.37548387096776,37.77483870967743,0.3609677419354838,65.63451612903228,0.000708,0.000703,0.001196,12.974838709677384,1
9111,2025-01-22 12:09:01+00:00,2025-01-22 12:09:01+00:00,200.7548387096773,0.1690322580645161,51.26258064516129,215.7074193548388,37.48387096774195,40.30516129032257,2.625806451612904,62.31483870967742,0.001009,0.001164,0.002836,13.778709677419345,1
9114,2025-01-22 12:09:04+00:00,2025-01-22 12:09:04+00:00,209.10241379310347,0.1551724137931034,51.09379310344827,222.18551724137924,37.384827586206896,40.21724137931035,2.751724137931034,62.02310344827584,0.001015,0.001198,0.002907,13.708965517241374,1
9123,2025-01-22 12:09:18+00:00,2025-01-22 12:09:18+00:00,215.14000000000004,0.1804,51.714399999999976,231.1332,37.37279999999999,40.409600000000005,2.886,61.64520000000002,0.001069,0.001238,0.003112,14.341599999999984,1
9124,2025-01-22 12:09:19+00:00,2025-01-22 12:09:19+00:00,214.20967741935485,0.1538709677419355,51.820322580645154,229.17064516129028,37.410322580645165,40.4941935483871,2.8500000000000005,61.87064516129036,0.00108,0.001233,0.003093,14.40999999999999,1
9130,2025-01-22 12:09:27+00:00,2025-01-22 12:09:27+00:00,192.26161290322585,0.1583870967741935,52.231612903225816,207.7129032258064,37.458709677419385,40.35322580645162,2.4783870967741923,62.32193548387097,0.001099,0.001111,0.002827,14.77290322580643,1
9162,2025-01-22 12:10:09+00:00,2025-01-22 12:10:09+00:00,21.31592592592592,0.1185185185185185,50.61518518518518,26.995925925925924,37.42814814814816,37.72185185185186,0.355185185185185,65.89666666666668,0.000705,0.000715,0.00107,13.187037037037022,1
9195,2025-01-22 12:10:52+00:00,2025-01-22 12:10:52+00:00,164.7596296296296,0.1533333333333333,50.92407407407405,177.79111111111104,37.55074074074074,39.83629629629631,2.111111111111111,63.25370370370369,0.000976,0.00105,0.002443,13.373333333333306,1
9197,2025-01-22 12:10:55+00:00,2025-01-22 12:10:55+00:00,177.20629629629627,0.1651851851851851,50.78518518518519,192.10074074074072,37.478888888888896,39.75703703703704,2.2940740740740733,62.51333333333333,0.000997,0.001071,0.002568,13.306296296296296,1
9198,2025-01-22 12:10:56+00:00,2025-01-22 12:10:56+00:00,183.35375,0.1875,50.8640625,196.915,37.486250000000005,39.84125,2.352500000000001,62.61218750000002,0.000986,0.001092,0.002656,13.377812499999996,1
9205,2025-01-22 12:11:05+00:00,2025-01-22 12:11:05+00:00,210.72857142857137,0.1557142857142857,51.14607142857144,226.33357142857133,37.48,40.26714285714285,2.786071428571429,61.82142857142856,0.001008,0.001205,0.002893,13.666071428571437,1
9212,2025-01-22 12:11:16+00:00,2025-01-22 12:11:16+00:00,217.9981481481483,0.19,51.77037037037035,234.38666666666663,37.51074074074073,40.56851851851852,2.922222222222221,61.70962962962963,0.00105,0.001273,0.003009,14.259629629629622,1
9219,2025-01-22 12:11:25+00:00,2025-01-22 12:11:25+00:00,200.30103448275855,0.1817241379310345,51.955172413793086,215.1606896551724,37.48689655172415,40.37448275862068,2.5972413793103435,62.0751724137931,0.001036,0.001168,0.002795,14.468275862068936,1
9224,2025-01-22 12:11:31+00:00,2025-01-22 12:11:31+00:00,177.9250000000001,0.1617857142857142,52.10857142857143,191.3410714285715,37.51035714285713,40.13714285714285,2.2739285714285726,62.76357142857143,0.000984,0.001058,0.002554,14.5982142857143,1
9226,2025-01-22 12:11:34+00:00,2025-01-22 12:11:34+00:00,164.395625,0.1762499999999999,52.251875000000005,178.6590625,37.5746875,40.048437500000006,2.089375000000001,62.96062499999999,0.000975,0.001054,0.002443,14.67718750000001,1
9229,2025-01-22 12:11:38+00:00,2025-01-22 12:11:38+00:00,143.91034482758616,0.1358620689655172,52.33896551724137,156.09620689655165,37.61793103448276,40.02655172413793,1.8510344827586207,63.83896551724138,0.000942,0.000995,0.002236,14.721034482758611,1
9238,2025-01-22 12:11:50+00:00,2025-01-22 12:11:50+00:00,82.55758620689657,0.1572413793103448,51.346551724137925,93.1065517241379,37.51379310344827,38.6603448275862,1.1831034482758622,64.35896551724137,0.000811,0.000841,0.001682,13.832758620689653,1
9249,2025-01-22 12:12:04+00:00,2025-01-22 12:12:04+00:00,30.69076923076924,0.1315384615384615,51.19076923076924,36.91884615384615,37.62384615384615,38.25384615384616,0.36,65.90230769230769,0.000705,0.000714,0.001136,13.56692307692309,1
9256,2025-01-22 12:12:15+00:00,2025-01-22 12:12:15+00:00,20.312758620689653,0.1551724137931034,50.45793103448278,26.56379310344827,37.5396551724138,37.74103448275862,0.3582758620689654,65.78172413793104,0.000699,0.000755,0.00105,12.918275862068988,1
9276,2025-01-22 12:12:41+00:00,2025-01-22 12:12:41+00:00,108.4425,0.1325,50.31642857142856,119.91285714285716,37.52392857142856,38.78357142857144,1.4671428571428575,63.84428571428574,0.000898,0.0009,0.001923,12.792500000000004,1
9307,2025-01-22 12:13:23+00:00,2025-01-22 12:13:23+00:00,205.5462962962963,0.1466666666666666,52.01407407407409,220.26296296296283,37.57259259259259,40.54703703703704,2.715925925925925,62.1688888888889,0.00102,0.001175,0.002875,14.441481481481496,1
9326,2025-01-22 12:13:48+00:00,2025-01-22 12:13:48+00:00,92.87903225806456,0.1561290322580645,51.80645161290319,103.8854838709677,37.597741935483874,39.17129032258065,1.3106451612903225,64.4974193548387,0.000846,0.000862,0.001819,14.208709677419314,1
9360,2025-01-22 12:14:32+00:00,2025-01-22 12:14:32+00:00,65.18241379310345,0.1379310344827586,50.54827586206897,71.72724137931036,37.66206896551725,38.38000000000001,0.36,64.80586206896548,0.000789,0.000778,0.001435,12.88620689655172,1
9425,2025-01-22 12:15:59+00:00,2025-01-22 12:15:59+00:00,45.99961538461538,0.113076923076923,51.26269230769231,52.511923076923054,37.65999999999998,38.47192307692308,0.3588461538461539,65.16923076923078,0.000755,0.000738,0.001278,13.602692307692324,1
9441,2025-01-22 12:16:20+00:00,2025-01-22 12:16:20+00:00,25.735357142857147,0.1189285714285714,50.52428571428569,31.07178571428572,37.69214285714286,37.979642857142856,0.3589285714285714,65.78857142857142,0.000671,0.000727,0.001085,12.832142857142829,1
9450,2025-01-22 12:16:31+00:00,2025-01-22 12:16:31+00:00,59.42851851851852,0.1433333333333333,50.63666666666668,65.76814814814814,37.73777777777778,38.43888888888888,0.3581481481481481,65.11259259259259,0.000768,0.000778,0.001357,12.898888888888898,1
9467,2025-01-22 12:16:54+00:00,2025-01-22 12:16:54+00:00,174.13321428571425,0.1796428571428572,51.13392857142856,186.37142857142857,37.79892857142857,40.09464285714285,2.2282142857142864,62.64821428571429,0.000951,0.001058,0.002518,13.334999999999994,1
9468,2025-01-22 12:16:55+00:00,2025-01-22 12:16:55+00:00,178.02499999999998,0.1471874999999999,50.90031250000001,190.0365625000001,37.71781250000001,40.018125,2.292499999999999,62.37000000000001,0.000981,0.00108,0.002576,13.182500000000005,1
9476,2025-01-22 12:17:06+00:00,2025-01-22 12:17:06+00:00,212.3468965517241,0.1906896551724139,51.392758620689634,227.3662068965517,37.76137931034482,40.60137931034484,2.838275862068964,61.79310344827588,0.001048,0.001219,0.002955,13.631379310344812,1
9496,2025-01-22 12:17:32+00:00,2025-01-22 12:17:32+00:00,175.85321428571424,0.1817857142857142,52.31892857142856,189.29750000000007,37.790357142857125,40.40892857142858,2.2574999999999994,62.83964285714286,0.000973,0.001094,0.002575,14.528571428571432,1
9497,2025-01-22 12:17:33+00:00,2025-01-22 12:17:33+00:00,171.77193548387092,0.1967741935483871,52.58193548387096,185.74709677419364,37.874516129032266,40.66677419354839,2.2,63.249032258064496,0.000981,0.00106,0.002511,14.707419354838692,1
9518,2025-01-22 12:18:02+00:00,2025-01-22 12:18:02+00:00,35.99400000000001,0.1223333333333333,51.24333333333333,42.883,37.79099999999998,38.40933333333333,0.3596666666666666,65.63099999999999,0.000748,0.000717,0.001169,13.45233333333335,1
9538,2025-01-22 12:18:29+00:00,2025-01-22 12:18:29+00:00,50.93518518518519,0.1322222222222222,50.846666666666685,57.198148148148135,37.87888888888889,38.65296296296297,0.3592592592592592,65.61740740740741,0.000774,0.000711,0.001302,12.967777777777798,1
9539,2025-01-22 12:18:31+00:00,2025-01-22 12:18:31+00:00,58.61222222222223,0.14,50.427037037037046,64.86037037037035,37.80777777777777,38.34111111111111,0.36,64.83148148148146,0.000767,0.000763,0.001309,12.619259259259271,1
9544,2025-01-22 12:18:37+00:00,2025-01-22 12:18:37+00:00,86.19870967741936,0.1332258064516129,50.698709677419366,94.58806451612902,37.832580645161286,38.814193548387095,1.2074193548387089,64.47774193548388,0.000837,0.000858,0.001738,12.86612903225808,1
9562,2025-01-22 12:19:01+00:00,2025-01-22 12:19:01+00:00,198.49300000000005,0.163,51.28300000000002,212.88933333333327,37.85066666666667,40.37133333333334,2.6203333333333343,61.935666666666656,0.001015,0.001189,0.002851,13.432333333333354,1
9596,2025-01-22 12:19:47+00:00,2025-01-22 12:19:47+00:00,102.58903225806456,0.1287096774193548,52.0235483870968,112.10225806451608,37.8567741935484,39.4067741935484,1.414193548387097,64.07677419354837,0.000872,0.000881,0.001964,14.166774193548406,1
9602,2025-01-22 12:19:55+00:00,2025-01-22 12:19:55+00:00,63.60066666666667,0.1206666666666666,51.847,70.38533333333334,37.95966666666666,39.18233333333334,0.3673333333333332,65.35233333333332,0.000797,0.000785,0.001456,13.88733333333333,1
9623,2025-01-22 12:20:23+00:00,2025-01-22 12:20:23+00:00,31.821428571428555,0.12,50.538928571428585,36.67321428571428,37.83142857142857,38.118928571428576,0.36,65.42821428571429,0.000728,0.000703,0.001142,12.707500000000016,1
9628,2025-01-22 12:20:30+00:00,2025-01-22 12:20:30+00:00,55.11035714285714,0.1157142857142857,50.72714285714285,61.16178571428573,37.92607142857141,38.55392857142858,0.36,65.21607142857144,0.000752,0.000771,0.001297,12.80107142857144,1
9656,2025-01-22 12:21:08+00:00,2025-01-22 12:21:08+00:00,215.20483870967743,0.1419354838709677,51.81612903225808,229.4309677419356,37.964838709677416,41.00354838709676,2.892258064516129,61.60548387096775,0.001038,0.001255,0.003045,13.85129032258066,1
9666,2025-01-22 12:21:21+00:00,2025-01-22 12:21:21+00:00,209.7507142857143,0.1892857142857142,52.3142857142857,228.23107142857148,37.97500000000001,41.04285714285714,2.8632142857142857,61.87250000000002,0.001065,0.001259,0.003037,14.339285714285694,1
9676,2025-01-22 12:21:34+00:00,2025-01-22 12:21:34+00:00,168.70586206896556,0.1279310344827585,52.16172413793103,180.98206896551733,37.91,40.18103448275862,2.159310344827586,62.59620689655175,0.001032,0.001053,0.002545,14.251724137931028,1
9687,2025-01-22 12:21:49+00:00,2025-01-22 12:21:49+00:00,92.20068965517238,0.1268965517241379,51.846551724137925,101.33241379310344,37.94034482758622,39.214827586206894,1.3048275862068968,64.20896551724138,0.000871,0.000869,0.00182,13.9062068965517,1
9696,2025-01-22 12:22:00+00:00,2025-01-22 12:22:00+00:00,43.99,0.1046874999999999,51.47468749999999,50.794375,37.96531250000001,38.75531250000001,0.3584374999999998,65.3490625,0.000735,0.000734,0.001181,13.509374999999975,1
9718,2025-01-22 12:22:31+00:00,2025-01-22 12:22:31+00:00,58.26200000000001,0.1273333333333333,50.81266666666667,63.62466666666668,37.97500000000001,38.707666666666654,0.3596666666666666,65.14,0.000771,0.000762,0.001302,12.837666666666664,1
9722,2025-01-22 12:22:36+00:00,2025-01-22 12:22:36+00:00,79.33275862068965,0.1275862068965517,50.82689655172416,87.62068965517243,37.96862068965518,38.9296551724138,1.135172413793104,64.62344827586206,0.000807,0.000835,0.001579,12.858275862068972,1
9730,2025-01-22 12:22:46+00:00,2025-01-22 12:22:46+00:00,131.75892857142858,0.1814285714285714,50.91535714285713,142.43678571428566,37.976428571428585,39.611428571428576,1.711428571428571,63.59000000000001,0.000914,0.000987,0.002039,12.938928571428548,1
9733,2025-01-22 12:22:50+00:00,2025-01-22 12:22:50+00:00,151.62433333333334,0.173,50.87200000000001,164.0586666666667,37.92333333333334,39.58966666666665,1.9436666666666675,62.99333333333335,0.000947,0.001008,0.002322,12.948666666666668,1
9742,2025-01-22 12:23:03+00:00,2025-01-22 12:23:03+00:00,203.11107142857148,0.1882142857142857,51.69428571428574,218.65357142857147,38.13357142857143,41.017857142857146,2.707857142857143,62.41392857142858,0.001051,0.001173,0.002963,13.560714285714312,1
9752,2025-01-22 12:23:16+00:00,2025-01-22 12:23:16+00:00,218.4653571428572,0.1892857142857143,52.03607142857142,234.647142857143,38.03249999999999,41.09571428571428,2.9910714285714266,61.65928571428574,0.001074,0.001288,0.003146,14.003571428571432,1
9756,2025-01-22 12:23:22+00:00,2025-01-22 12:23:22+00:00,210.81709677419357,0.164516129032258,52.30967741935484,225.20064516129025,38.040322580645146,41.053225806451614,2.841612903225807,61.96129032258064,0.001059,0.001208,0.00303,14.269354838709695,1
9791,2025-01-22 12:24:08+00:00,2025-01-22 12:24:08+00:00,24.56655172413792,0.1220689655172413,51.19655172413794,30.67068965517242,38.0748275862069,38.49793103448276,0.352413793103448,65.92310344827584,0.000698,0.000749,0.001124,13.12172413793104,1
9797,2025-01-22 12:24:15+00:00,2025-01-22 12:24:15+00:00,19.92333333333334,0.1196296296296296,51.17407407407405,25.34925925925927,38.13185185185185,38.567407407407416,0.3522222222222221,66.1137037037037,0.000687,0.000721,0.001057,13.0422222222222,1
9798,2025-01-22 12:24:17+00:00,2025-01-22 12:24:17+00:00,20.35733333333333,0.1286666666666666,50.81166666666668,26.069333333333336,38.05766666666666,38.30900000000001,0.3499999999999998,65.86600000000001,0.000679,0.000732,0.001098,12.754000000000012,1
9811,2025-01-22 12:24:34+00:00,2025-01-22 12:24:34+00:00,69.64,0.1074193548387096,50.88709677419357,76.86096774193547,38.08354838709676,38.93935483870968,0.9932258064516132,64.98967741935486,0.000796,0.000813,0.001439,12.80354838709681,1
9814,2025-01-22 12:24:38+00:00,2025-01-22 12:24:38+00:00,88.89464285714283,0.1346428571428571,50.87107142857142,96.74714285714283,38.09107142857143,39.10321428571429,1.2432142857142858,64.51428571428572,0.000857,0.00086,0.001749,12.779999999999989,1
9822,2025-01-22 12:24:48+00:00,2025-01-22 12:24:48+00:00,140.5786666666667,0.137,50.99966666666668,151.1026666666666,38.09533333333333,39.82966666666667,1.8163333333333336,63.478333333333325,0.000944,0.000979,0.002221,12.904333333333348,1
9851,2025-01-22 12:25:29+00:00,2025-01-22 12:25:29+00:00,190.8066666666667,0.174074074074074,52.59888888888889,205.3211111111111,38.12925925925926,40.954444444444455,2.491851851851852,62.467037037037045,0.001033,0.001128,0.002795,14.46962962962963,1
9852,2025-01-22 12:25:30+00:00,2025-01-22 12:25:30+00:00,185.578125,0.171875,52.77187500000002,200.63625000000013,38.16437500000001,41.23281249999998,2.428124999999999,62.7725,0.001033,0.001116,0.002734,14.607500000000016,1
9856,2025-01-22 12:25:35+00:00,2025-01-22 12:25:35+00:00,164.89653846153846,0.1596153846153846,52.60461538461539,178.9280769230769,38.13423076923077,40.684230769230766,2.131153846153846,63.08115384615387,0.000967,0.00106,0.002503,14.470384615384624,1
9863,2025-01-22 12:25:45+00:00,2025-01-22 12:25:45+00:00,114.14148148148143,0.1477777777777778,52.43185185185185,125.86666666666666,38.14333333333333,39.9937037037037,1.5581481481481478,64.16222222222221,0.000886,0.000938,0.002067,14.288518518518522,1
9903,2025-01-22 12:26:37+00:00,2025-01-22 12:26:37+00:00,83.54400000000001,0.1326666666666667,51.23799999999999,90.42133333333337,38.27233333333333,39.34933333333333,1.1683333333333334,64.90966666666665,0.000832,0.000857,0.001639,12.965666666666657,1
9919,2025-01-22 12:26:58+00:00,2025-01-22 12:26:58+00:00,185.40518518518516,0.16,51.5551851851852,198.8874074074074,38.24703703703704,40.784444444444446,2.440740740740741,62.45074074074075,0.000957,0.001125,0.002731,13.308148148148156,1
9922,2025-01-22 12:27:02+00:00,2025-01-22 12:27:02+00:00,200.86290322580643,0.1783870967741935,52.09032258064516,214.68548387096777,38.27677419354837,41.34999999999998,2.6567741935483866,62.50967741935484,0.000996,0.001177,0.002874,13.813548387096787,1
9958,2025-01-22 12:27:49+00:00,2025-01-22 12:27:49+00:00,94.96925925925925,0.1448148148148147,52.187407407407406,103.40629629629628,38.25407407407406,39.68925925925927,1.3418518518518514,64.37296296296297,0.00086,0.000914,0.001882,13.933333333333344,1
9988,2025-01-22 12:28:28+00:00,2025-01-22 12:28:28+00:00,45.22923076923076,0.1276923076923077,51.30384615384615,50.39730769230768,38.35923076923076,39.15961538461538,0.36,65.74499999999998,0.000747,0.00071,0.001218,12.944615384615396,1
10002,2025-01-22 12:28:47+00:00,2025-01-22 12:28:47+00:00,132.37999999999994,0.1612499999999999,51.19125,145.793125,38.282812499999984,39.96125,1.7515625,63.57718750000004,0.00092,0.000987,0.002092,12.90843750000002,1
10012,2025-01-22 12:29:00+00:00,2025-01-22 12:29:00+00:00,191.72185185185177,0.1281481481481482,51.67592592592593,206.83296296296288,38.336296296296304,40.911111111111126,2.558148148148148,62.14814814814815,0.001002,0.001153,0.002835,13.339629629629629,1
10026,2025-01-22 12:29:20+00:00,2025-01-22 12:29:20+00:00,216.0846666666667,0.2086666666666667,52.653,232.1223333333333,38.370666666666665,41.53933333333331,2.915,61.80766666666669,0.001108,0.00127,0.003176,14.282333333333334,1
10029,2025-01-22 12:29:23+00:00,2025-01-22 12:29:23+00:00,209.7903125000001,0.1843749999999999,52.56437499999997,224.7090625,38.33999999999999,41.3234375,2.805937499999999,62.0421875,0.001105,0.001204,0.00306,14.22437499999998,1
10052,2025-01-22 12:29:54+00:00,2025-01-22 12:29:54+00:00,71.16937500000002,0.145,52.23562499999999,79.27187499999998,38.339375,39.6640625,1.0609375000000003,65.1096875,0.000794,0.000836,0.001553,13.896249999999988,1
10062,2025-01-22 12:30:07+00:00,2025-01-22 12:30:07+00:00,26.847741935483867,0.1370967741935483,51.27193548387096,31.80193548387098,38.30161290322578,38.66935483870969,0.3596774193548386,65.58580645161292,0.000722,0.000687,0.001135,12.97032258064518,1
10073,2025-01-22 12:30:21+00:00,2025-01-22 12:30:21+00:00,25.33451612903226,0.1309677419354839,51.18645161290321,30.503548387096775,38.392580645161296,38.82290322580645,0.3570967741935484,65.90000000000002,0.00067,0.000726,0.00109,12.793870967741915,1
10083,2025-01-22 12:30:34+00:00,2025-01-22 12:30:34+00:00,67.74322580645159,0.1199999999999999,51.03741935483871,74.51806451612903,38.35612903225805,39.13774193548388,0.8416129032258064,64.98225806451613,0.000792,0.000799,0.001419,12.681290322580658,1
10109,2025-01-22 12:31:10+00:00,2025-01-22 12:31:10+00:00,216.10642857142855,0.127142857142857,52.073214285714265,232.02607142857136,38.415357142857125,41.43964285714287,2.972499999999998,61.741785714285705,0.001067,0.001266,0.003129,13.65785714285714,1
10124,2025-01-22 12:31:31+00:00,2025-01-22 12:31:31+00:00,183.68612903225804,0.1629032258064516,53.06806451612904,198.7887096774193,38.48096774193547,41.49838709677418,2.4070967741935485,62.99225806451612,0.001052,0.001106,0.002796,14.587096774193569,1
10140,2025-01-22 12:31:52+00:00,2025-01-22 12:31:52+00:00,80.7308,0.1067999999999999,52.44559999999999,91.1028,38.48880000000001,39.9156,1.1884,64.94400000000002,0.000834,0.00086,0.001718,13.956799999999973,1
10148,2025-01-22 12:32:02+00:00,2025-01-22 12:32:02+00:00,40.54964285714285,0.1185714285714285,51.9525,47.24107142857141,38.49000000000001,39.294285714285714,0.3553571428571427,65.8517857142857,0.000734,0.000733,0.00123,13.462499999999991,1
10157,2025-01-22 12:32:14+00:00,2025-01-22 12:32:14+00:00,19.24,0.1289285714285714,51.10571428571426,23.636071428571427,38.34250000000001,38.63999999999999,0.3514285714285712,65.79535714285713,0.000662,0.000726,0.001096,12.763214285714255,1
10159,2025-01-22 12:32:16+00:00,2025-01-22 12:32:16+00:00,19.94689655172413,0.1224137931034482,51.22103448275863,23.591379310344838,38.40655172413792,38.72448275862068,0.3520689655172412,66.02448275862068,0.000688,0.000745,0.00105,12.814482758620713,1
10169,2025-01-22 12:32:30+00:00,2025-01-22 12:32:30+00:00,50.52862068965516,0.1241379310344828,51.01931034482757,57.59724137931035,38.42344827586206,39.018275862068975,0.3541379310344826,65.19758620689653,0.000754,0.00072,0.001244,12.595862068965516,1
10175,2025-01-22 12:32:37+00:00,2025-01-22 12:32:37+00:00,81.37142857142858,0.1242857142857143,51.32964285714285,89.21857142857148,38.52785714285714,39.63392857142857,1.1567857142857143,64.98499999999999,0.000846,0.000869,0.001687,12.801785714285709,1
10181,2025-01-22 12:32:45+00:00,2025-01-22 12:32:45+00:00,120.90892857142856,0.1071428571428571,51.16607142857144,130.7239285714286,38.40214285714285,39.85821428571429,1.627142857142857,63.7725,0.000926,0.000977,0.00204,12.763928571428591,1
10191,2025-01-22 12:32:58+00:00,2025-01-22 12:32:58+00:00,184.3493103448276,0.1682758620689655,51.80689655172416,198.1468965517242,38.51344827586208,41.03586206896552,2.4303448275862074,62.63931034482758,0.000977,0.001103,0.002729,13.293448275862085,1
10206,2025-01-22 12:33:18+00:00,2025-01-22 12:33:18+00:00,218.38387096774196,0.1596774193548387,52.79193548387096,233.7845161290323,38.58612903225806,41.8351612903226,3.03,61.89387096774195,0.001034,0.001278,0.003072,14.2058064516129,1
10208,2025-01-22 12:33:21+00:00,2025-01-22 12:33:21+00:00,213.6236666666666,0.1686666666666666,52.57833333333331,228.85,38.45566666666669,41.52133333333333,2.9510000000000005,61.76766666666666,0.001035,0.001255,0.00302,14.122666666666625,1
10222,2025-01-22 12:33:39+00:00,2025-01-22 12:33:39+00:00,147.8790322580645,0.1538709677419355,52.93870967741936,161.26451612903227,38.55193548387095,40.81935483870967,1.933548387096775,63.3832258064516,0.00096,0.00101,0.0023,14.386774193548405,1
10252,2025-01-22 12:34:18+00:00,2025-01-22 12:34:18+00:00,20.769629629629637,0.1148148148148147,51.21037037037037,24.752222222222223,38.51407407407406,38.91740740740742,0.3533333333333331,66.01259259259261,0.000728,0.00073,0.001081,12.69629629629631,1
10282,2025-01-22 12:34:58+00:00,2025-01-22 12:34:58+00:00,182.7134615384616,0.1715384615384615,51.60653846153846,196.2507692307693,38.5353846153846,40.89730769230769,2.42,62.51807692307695,0.000956,0.001098,0.002709,13.071153846153862,1
10318,2025-01-22 12:35:45+00:00,2025-01-22 12:35:45+00:00,118.45774193548388,0.1325806451612903,52.92838709677421,129.2251612903226,38.69290322580646,40.822580645161295,1.621612903225807,64.41129032258064,0.000881,0.000929,0.002053,14.235483870967748,1
10330,2025-01-22 12:36:01+00:00,2025-01-22 12:36:01+00:00,44.64612903225804,0.1441935483870968,52.08419354838708,51.11161290322581,38.64935483870965,39.49161290322581,0.3599999999999999,65.55161290322583,0.000732,0.000771,0.001242,13.434838709677429,1
10343,2025-01-22 12:36:18+00:00,2025-01-22 12:36:18+00:00,20.902903225806455,0.1374193548387097,51.20387096774196,25.94935483870967,38.58870967741935,38.81225806451612,0.3574193548387095,65.92419354838711,0.000662,0.000692,0.00105,12.615161290322604,1
10345,2025-01-22 12:36:20+00:00,2025-01-22 12:36:20+00:00,22.74612903225806,0.0961290322580645,51.38225806451615,27.802903225806443,38.65483870967743,39.13064516129034,0.3599999999999999,66.06774193548387,0.000688,0.000739,0.001085,12.727419354838725,1
10347,2025-01-22 12:36:23+00:00,2025-01-22 12:36:23+00:00,28.83035714285714,0.1396428571428571,51.11178571428572,33.87607142857144,38.585714285714296,38.87178571428571,0.3553571428571427,65.68107142857141,0.000664,0.000731,0.001045,12.526071428571427,1
10367,2025-01-22 12:36:49+00:00,2025-01-22 12:36:49+00:00,140.5922222222222,0.1485185185185185,51.36629629629631,151.45481481481482,38.61777777777779,40.33962962962963,1.842962962962964,63.36962962962963,0.000914,0.000998,0.002238,12.748518518518516,1
10378,2025-01-22 12:37:04+00:00,2025-01-22 12:37:04+00:00,204.3212121212122,0.1633333333333333,51.83303030303031,218.14939393939383,38.61030303030302,41.32060606060607,2.762727272727272,61.92787878787878,0.001017,0.001196,0.002953,13.22272727272729,1
10428,2025-01-22 12:38:12+00:00,2025-01-22 12:38:12+00:00,20.22,0.100625,51.7765625,24.07250000000001,38.7671875,39.351875,0.3540624999999998,66.30093749999997,0.000675,0.000752,0.001075,13.009375000000006,1
10431,2025-01-22 12:38:16+00:00,2025-01-22 12:38:16+00:00,19.731034482758623,0.116551724137931,51.375862068965546,24.303448275862063,38.69620689655172,38.986206896551714,0.3510344827586205,66.03103448275863,0.000694,0.000685,0.001071,12.679655172413833,1
10436,2025-01-22 12:38:22+00:00,2025-01-22 12:38:22+00:00,26.662068965517246,0.1137931034482758,51.33793103448277,31.041724137931038,38.77275862068967,39.15827586206896,0.3593103448275862,66.13793103448275,0.000672,0.000721,0.001068,12.565172413793093,1
10493,2025-01-22 12:39:38+00:00,2025-01-22 12:39:38+00:00,155.20433333333332,0.146,53.07633333333333,168.1186666666667,38.76166666666667,41.26499999999999,2.041333333333333,63.47766666666666,0.000973,0.001021,0.002486,14.314666666666652,1
10499,2025-01-22 12:39:46+00:00,2025-01-22 12:39:46+00:00,114.40200000000004,0.1239999999999999,52.71833333333333,125.12466666666673,38.70433333333335,40.52166666666667,1.5759999999999992,63.900666666666666,0.000912,0.000927,0.002107,14.013999999999974,1
10502,2025-01-22 12:39:50+00:00,2025-01-22 12:39:50+00:00,94.00483870967736,0.1270967741935484,52.67225806451612,103.42967741935485,38.7658064516129,40.26129032258065,1.34741935483871,64.30161290322582,0.00085,0.000889,0.00189,13.90645161290322,1
10515,2025-01-22 12:40:07+00:00,2025-01-22 12:40:07+00:00,28.48566666666668,0.0756666666666667,51.78699999999999,33.74099999999999,38.765666666666654,39.27933333333335,0.3579999999999999,65.83766666666666,0.000674,0.000681,0.001177,13.021333333333338,1
10542,2025-01-22 12:40:42+00:00,2025-01-22 12:40:42+00:00,102.99766666666666,0.1423333333333333,51.33466666666668,111.539,38.768666666666654,39.99033333333333,1.4280000000000006,64.12833333333334,0.000903,0.000927,0.001999,12.566000000000024,1
10564,2025-01-22 12:41:13+00:00,2025-01-22 12:41:13+00:00,219.46466666666663,0.1896666666666667,52.44100000000001,235.516,38.83533333333334,41.798333333333325,3.0453333333333323,61.49300000000001,0.001088,0.001281,0.003237,13.605666666666671,1
10571,2025-01-22 12:41:22+00:00,2025-01-22 12:41:22+00:00,213.20774193548385,0.1780645161290321,52.77225806451613,228.17,38.78806451612903,41.83806451612901,2.929677419354839,61.5325806451613,0.00109,0.001244,0.003141,13.984193548387104,1
10576,2025-01-22 12:41:28+00:00,2025-01-22 12:41:28+00:00,197.4539393939393,0.1639393939393939,53.04333333333332,213.25030303030292,38.83242424242425,41.73363636363636,2.6718181818181823,62.07454545454544,0.001149,0.001175,0.002978,14.210909090909064,1
10585,2025-01-22 12:41:40+00:00,2025-01-22 12:41:40+00:00,146.9562962962963,0.1518518518518518,53.167777777777786,159.08925925925928,38.965185185185184,41.38925925925926,1.9292592592592588,63.56777777777779,0.000985,0.000978,0.002402,14.202592592592602,1
10600,2025-01-22 12:42:00+00:00,2025-01-22 12:42:00+00:00,49.097419354838685,0.1251612903225806,52.23225806451615,56.73645161290324,38.88774193548388,39.83935483870966,0.3580645161290321,65.52129032258065,0.000737,0.000754,0.001318,13.344516129032272,1
10601,2025-01-22 12:42:01+00:00,2025-01-22 12:42:01+00:00,45.7,0.1376666666666666,52.411,53.08166666666667,38.96400000000001,39.81466666666667,0.36,65.71733333333333,0.000744,0.000731,0.001298,13.44699999999998,1
10605,2025-01-22 12:42:06+00:00,2025-01-22 12:42:06+00:00,31.56806451612904,0.1090322580645161,52.17580645161289,36.56,38.952580645161305,39.725161290322575,0.3599999999999999,66.18225806451613,0.000728,0.000686,0.001134,13.223225806451588,1
10623,2025-01-22 12:42:30+00:00,2025-01-22 12:42:30+00:00,47.65709677419356,0.122258064516129,51.28774193548387,54.03258064516129,38.85903225806452,39.3990322580645,0.3599999999999999,65.39451612903225,0.000775,0.000754,0.001283,12.428709677419356,1
10624,2025-01-22 12:42:31+00:00,2025-01-22 12:42:31+00:00,51.14535714285716,0.0949999999999999,51.65714285714288,58.14464285714286,38.95214285714286,39.70714285714286,0.36,65.53964285714285,0.00074,0.000756,0.001328,12.70500000000002,1
10632,2025-01-22 12:42:42+00:00,2025-01-22 12:42:42+00:00,102.0645161290323,0.1832258064516128,51.6616129032258,112.27516129032256,38.94387096774195,40.260645161290334,1.4170967741935483,64.4041935483871,0.000886,0.0009,0.001941,12.71774193548385,1
10659,2025-01-22 12:43:18+00:00,2025-01-22 12:43:18+00:00,217.82142857142847,0.1739285714285714,52.89964285714289,233.1714285714285,38.96250000000003,42.098214285714285,3.0249999999999995,61.61071428571428,0.001089,0.001304,0.003244,13.93714285714286,1
10660,2025-01-22 12:43:20+00:00,2025-01-22 12:43:20+00:00,216.65344827586208,0.1572413793103448,52.80241379310345,231.21310344827597,38.88965517241379,41.937241379310336,2.9903448275862075,61.550344827586216,0.001094,0.001267,0.00322,13.912758620689658,1
10675,2025-01-22 12:43:39+00:00,2025-01-22 12:43:39+00:00,151.9152,0.1344,53.007200000000005,164.80840000000003,38.8868,41.17999999999999,1.9991999999999992,63.0388,0.000971,0.001002,0.002432,14.12040000000001,1
10689,2025-01-22 12:43:58+00:00,2025-01-22 12:43:58+00:00,58.39607142857143,0.1346428571428571,52.69392857142855,66.03964285714284,39.00428571428572,40.12071428571428,0.3528571428571426,65.42249999999997,0.000775,0.000768,0.001376,13.689642857142829,1
10690,2025-01-22 12:43:59+00:00,2025-01-22 12:43:59+00:00,54.81642857142857,0.1189285714285714,52.271785714285706,61.38107142857143,38.91321428571429,39.79250000000001,0.3592857142857142,65.08464285714285,0.000778,0.000757,0.001348,13.358571428571416,1
10698,2025-01-22 12:44:10+00:00,2025-01-22 12:44:10+00:00,22.503448275862063,0.1444827586206896,51.66482758620691,28.764482758620684,38.9006896551724,39.2758620689655,0.3520689655172411,65.72310344827585,0.000683,0.000695,0.001062,12.764137931034512,1
10701,2025-01-22 12:44:13+00:00,2025-01-22 12:44:13+00:00,20.8840625,0.10125,52.0346875,24.629999999999995,39.04875,39.621875,0.3556249999999998,66.3090625,0.000681,0.000738,0.001188,12.9859375,1
10744,2025-01-22 12:45:10+00:00,2025-01-22 12:45:10+00:00,215.37066666666664,0.1633333333333334,52.42833333333335,230.66633333333328,38.99700000000001,41.879000000000005,2.977333333333334,61.49533333333333,0.001056,0.001255,0.00311,13.431333333333342,1
10767,2025-01-22 12:45:40+00:00,2025-01-22 12:45:40+00:00,148.72518518518518,0.1225925925925926,53.31185185185184,159.35962962962964,39.06592592592592,41.43740740740741,1.928888888888889,63.44703703703705,0.000958,0.000997,0.002394,14.24592592592591,1
10780,2025-01-22 12:45:57+00:00,2025-01-22 12:45:57+00:00,62.6944827586207,0.1062068965517241,52.44275862068967,70.60137931034484,38.992068965517234,40.068275862068965,0.8437931034482758,64.9993103448276,0.000764,0.000775,0.001444,13.450689655172432,1
10803,2025-01-22 12:46:28+00:00,2025-01-22 12:46:28+00:00,39.585,0.1207692307692307,51.43499999999999,45.5146153846154,39.01730769230768,39.40269230769229,0.3569230769230769,65.48230769230771,0.000734,0.000679,0.001219,12.417692307692306,1
10828,2025-01-22 12:47:01+00:00,2025-01-22 12:47:01+00:00,190.75653846153847,0.153076923076923,52.258076923076935,205.4111538461538,39.09846153846156,41.773076923076914,2.5784615384615384,62.329615384615366,0.001024,0.001146,0.002906,13.159615384615378,1
10859,2025-01-22 12:47:44+00:00,2025-01-22 12:47:44+00:00,128.28206896551723,0.1034482758620689,53.026206896551706,137.63689655172422,39.08172413793105,41.00827586206897,1.747931034482758,63.73137931034482,0.000895,0.000969,0.002184,13.94448275862066,1
10865,2025-01-22 12:47:52+00:00,2025-01-22 12:47:52+00:00,87.16448275862074,0.156896551724138,52.96517241379311,97.548275862069,39.14931034482758,40.68862068965519,1.2710344827586206,64.62379310344826,0.000827,0.000879,0.001808,13.815862068965522,1
10876,2025-01-22 12:48:07+00:00,2025-01-22 12:48:07+00:00,29.026538461538465,0.1203846153846154,52.28,34.711153846153834,39.14923076923076,39.75076923076924,0.3592307692307692,65.90538461538462,0.000719,0.000677,0.001138,13.13076923076924,1
10887,2025-01-22 12:48:21+00:00,2025-01-22 12:48:21+00:00,23.576129032258063,0.1277419354838709,51.79258064516127,29.31064516129032,39.13032258064517,39.69935483870967,0.3545161290322579,66.2383870967742,0.000717,0.000744,0.001068,12.662258064516095,1
10925,2025-01-22 12:49:11+00:00,2025-01-22 12:49:11+00:00,216.71,0.1753846153846154,52.50961538461539,232.2307692307692,39.13923076923076,42.058076923076925,3.0103846153846154,61.57153846153846,0.001068,0.001265,0.003255,13.37038461538463,1
10932,2025-01-22 12:49:23+00:00,2025-01-22 12:49:23+00:00,210.7526666666667,0.1853333333333333,53.323,227.42033333333328,39.20766666666668,42.379333333333335,2.896333333333335,62.056333333333306,0.001091,0.001246,0.003187,14.115333333333323,1
10934,2025-01-22 12:49:25+00:00,2025-01-22 12:49:25+00:00,209.17103448275864,0.1524137931034482,53.07620689655172,223.02931034482748,39.11758620689655,42.08137931034482,2.8362068965517246,61.83413793103448,0.001115,0.001215,0.003138,13.95862068965517,1
10967,2025-01-22 12:50:09+00:00,2025-01-22 12:50:09+00:00,26.438125,0.1131249999999999,52.18593749999996,31.1165625,39.22218750000001,39.7675,0.3553124999999998,65.958125,0.000722,0.00071,0.001157,12.963749999999948,1
10971,2025-01-22 12:50:14+00:00,2025-01-22 12:50:14+00:00,20.18793103448276,0.113103448275862,52.01068965517242,24.703103448275854,39.23793103448277,39.67137931034484,0.3499999999999998,66.07999999999998,0.000652,0.00071,0.001088,12.77275862068965,1
10974,2025-01-22 12:50:19+00:00,2025-01-22 12:50:19+00:00,21.47555555555556,0.1385185185185185,51.86888888888888,25.37962962962963,39.24222222222223,39.5951851851852,0.3581481481481481,66.04370370370371,0.000678,0.000728,0.001099,12.626666666666653,1
10991,2025-01-22 12:50:41+00:00,2025-01-22 12:50:41+00:00,94.3525,0.1414285714285714,51.5635714285714,102.48785714285712,39.15571428571429,40.19964285714286,1.3303571428571437,64.23857142857142,0.000868,0.000884,0.00196,12.407857142857113,1
10995,2025-01-22 12:50:47+00:00,2025-01-22 12:50:47+00:00,124.28258064516132,0.1438709677419354,51.78387096774191,135.18870967741933,39.1658064516129,40.75322580645161,1.6870967741935488,63.76935483870971,0.000931,0.000968,0.002129,12.61806451612901,1
11013,2025-01-22 12:51:10+00:00,2025-01-22 12:51:10+00:00,214.98740740740735,0.1703703703703704,52.76296296296299,229.11962962962969,39.25185185185185,42.26296296296296,2.9685185185185183,61.818148148148126,0.001063,0.00127,0.003164,13.511111111111134,1
11015,2025-01-22 12:51:13+00:00,2025-01-22 12:51:13+00:00,216.1693103448276,0.1855172413793104,52.70379310344829,233.5237931034482,39.19827586206898,42.1486206896552,3.0462068965517237,61.74999999999998,0.001058,0.001286,0.00323,13.505517241379302,1
11018,2025-01-22 12:51:17+00:00,2025-01-22 12:51:17+00:00,220.2743333333333,0.2183333333333333,52.87666666666667,236.54566666666656,39.19766666666669,42.287000000000006,3.087000000000001,61.43800000000001,0.001057,0.001292,0.003259,13.67899999999998,1
11057,2025-01-22 12:52:08+00:00,2025-01-22 12:52:08+00:00,29.01555555555556,0.1155555555555555,52.12222222222223,33.589629629629634,39.2537037037037,39.750370370370376,0.3537037037037036,65.82333333333334,0.000696,0.000664,0.001125,12.868518518518528,1
11062,2025-01-22 12:52:14+00:00,2025-01-22 12:52:14+00:00,19.88833333333334,0.1176666666666666,51.86833333333335,25.415333333333333,39.249,39.603,0.3556666666666667,66.02833333333334,0.000675,0.000762,0.001113,12.619333333333344,1
11077,2025-01-22 12:52:34+00:00,2025-01-22 12:52:34+00:00,60.739032258064505,0.1283870967741935,51.63709677419355,67.2277419354839,39.27419354838708,39.906451612903226,0.3532258064516127,65.12548387096777,0.000763,0.000772,0.001417,12.36290322580647,1
11096,2025-01-22 12:52:59+00:00,2025-01-22 12:52:59+00:00,180.1621428571429,0.155,52.00357142857142,194.0,39.25142857142857,41.57964285714285,2.425714285714285,62.52428571428572,0.001009,0.00113,0.002856,12.75214285714285,1
11104,2025-01-22 12:53:10+00:00,2025-01-22 12:53:10+00:00,213.94931034482752,0.1793103448275862,52.53793103448275,228.47931034482764,39.3006896551724,42.17724137931036,2.951034482758622,61.87379310344825,0.001055,0.001246,0.003169,13.237241379310356,1
11112,2025-01-22 12:53:20+00:00,2025-01-22 12:53:20+00:00,217.25620689655167,0.1506896551724137,53.091724137931024,231.52862068965507,39.27793103448276,42.40620689655174,3.0400000000000005,61.625517241379335,0.001072,0.001275,0.003246,13.813793103448267,1
11120,2025-01-22 12:53:30+00:00,2025-01-22 12:53:30+00:00,195.16148148148156,0.1525925925925925,53.3922222222222,208.962962962963,39.29185185185183,42.18962962962963,2.6333333333333324,62.31407407407406,0.00108,0.001141,0.002997,14.10037037037037,1
11137,2025-01-22 12:53:53+00:00,2025-01-22 12:53:53+00:00,85.99900000000002,0.142,52.774999999999984,94.59833333333331,39.23899999999998,40.48533333333333,1.2516666666666665,64.474,0.000845,0.000857,0.001805,13.536,1
11202,2025-01-22 12:55:21+00:00,2025-01-22 12:55:21+00:00,215.3996774193548,0.1783870967741935,53.12225806451614,231.1254838709677,39.37451612903228,42.400967741935496,3.0319354838709685,61.58774193548386,0.001067,0.001272,0.003232,13.74774193548386,1
11204,2025-01-22 12:55:25+00:00,2025-01-22 12:55:25+00:00,210.167,0.1796666666666667,53.17966666666667,225.01766666666663,39.313333333333325,42.29699999999999,2.883,61.53999999999999,0.001079,0.00122,0.003122,13.866333333333344,1
11211,2025-01-22 12:55:34+00:00,2025-01-22 12:55:34+00:00,180.08120000000002,0.1528,53.65240000000001,193.0104,39.42279999999998,42.2436,2.3692,62.6948,0.001042,0.001103,0.002832,14.229600000000026,1
11215,2025-01-22 12:55:39+00:00,2025-01-22 12:55:39+00:00,156.76566666666668,0.1533333333333333,53.591666666666654,170.44566666666665,39.44466666666668,41.923,2.076,63.26033333333334,0.001019,0.001016,0.002579,14.146999999999975,1
11221,2025-01-22 12:55:47+00:00,2025-01-22 12:55:47+00:00,116.02193548387096,0.1277419354838709,53.19612903225809,125.68387096774195,39.38774193548389,41.21935483870968,1.602903225806452,64.01258064516126,0.000914,0.000913,0.002151,13.808387096774204,1
11229,2025-01-22 12:55:57+00:00,2025-01-22 12:55:57+00:00,66.66793103448275,0.1093103448275861,52.748275862068965,74.37551724137933,39.39448275862067,40.51862068965517,1.0282758620689658,65.0403448275862,0.000785,0.000783,0.001539,13.353793103448297,1
11232,2025-01-22 12:56:01+00:00,2025-01-22 12:56:01+00:00,50.06612903225805,0.1161290322580645,52.49870967741936,57.05774193548385,39.36032258064515,40.194516129032266,0.3574193548387096,65.27870967741936,0.000757,0.000758,0.001472,13.13838709677421,1
11258,2025-01-22 12:56:35+00:00,2025-01-22 12:56:35+00:00,62.82903225806452,0.1051612903225806,51.90967741935484,69.89354838709676,39.457741935483895,40.13870967741935,0.5258064516129032,64.99064516129035,0.000774,0.000779,0.001463,12.451935483870948,1
11282,2025-01-22 12:57:07+00:00,2025-01-22 12:57:07+00:00,205.70357142857145,0.1892857142857143,52.47928571428571,222.51642857142863,39.42785714285716,42.16857142857143,2.851785714285714,61.722142857142856,0.001055,0.001224,0.00306,13.051428571428552,1
11293,2025-01-22 12:57:21+00:00,2025-01-22 12:57:21+00:00,217.3078571428572,0.1882142857142857,53.28499999999999,232.02892857142865,39.45428571428573,42.543214285714285,3.043214285714285,61.44178571428572,0.001075,0.001281,0.003208,13.830714285714263,1
11306,2025-01-22 12:57:38+00:00,2025-01-22 12:57:38+00:00,163.65466666666663,0.1813333333333333,53.41133333333335,176.2653333333333,39.42166666666666,41.89633333333333,2.151,63.03366666666668,0.001018,0.001041,0.00262,13.989666666666686,1
11314,2025-01-22 12:57:49+00:00,2025-01-22 12:57:49+00:00,106.4937037037037,0.1040740740740741,53.18111111111113,115.74111111111112,39.50814814814814,41.17851851851852,1.504444444444444,64.2625925925926,0.000939,0.000897,0.002112,13.672962962962991,1
11319,2025-01-22 12:57:55+00:00,2025-01-22 12:57:55+00:00,76.23333333333335,0.1283333333333333,53.17166666666667,85.29233333333329,39.582666666666654,40.962,1.1479999999999997,65.14566666666668,0.000834,0.000814,0.001645,13.589000000000013,1
11321,2025-01-22 12:57:58+00:00,2025-01-22 12:57:58+00:00,62.98862068965519,0.143103448275862,52.742068965517234,70.63241379310344,39.47827586206897,40.52344827586209,0.6875862068965519,65.0255172413793,0.000787,0.000776,0.001531,13.263793103448265,1
11325,2025-01-22 12:58:03+00:00,2025-01-22 12:58:03+00:00,42.9582142857143,0.1157142857142857,52.515357142857134,49.39428571428572,39.4557142857143,40.24535714285714,0.36,65.45285714285713,0.000725,0.000715,0.001327,13.059642857142832,1
11334,2025-01-22 12:58:15+00:00,2025-01-22 12:58:15+00:00,20.455999999999992,0.1013333333333333,52.06766666666667,24.62566666666667,39.54166666666666,39.95099999999999,0.3503333333333331,66.17600000000002,0.00069,0.000687,0.001134,12.52600000000001,1
11347,2025-01-22 12:58:32+00:00,2025-01-22 12:58:32+00:00,51.42896551724139,0.1458620689655172,52.01206896551725,56.02931034482759,39.53172413793102,40.12172413793105,0.3555172413793103,65.22344827586208,0.000749,0.000762,0.00135,12.480344827586222,1
11385,2025-01-22 12:59:23+00:00,2025-01-22 12:59:23+00:00,215.7144,0.1687999999999999,53.2888,228.73120000000003,39.55560000000001,42.464,3.0016000000000003,61.54559999999999,0.001059,0.001267,0.003208,13.733199999999982,1
11396,2025-01-22 12:59:38+00:00,2025-01-22 12:59:38+00:00,163.69037037037037,0.1181481481481481,53.74296296296298,175.5351851851851,39.6137037037037,42.03703703703704,2.158148148148148,62.92333333333334,0.001039,0.001051,0.002677,14.129259259259284,1
11408,2025-01-22 12:59:53+00:00,2025-01-22 12:59:53+00:00,86.47580645161294,0.1412903225806452,53.22225806451615,95.52096774193542,39.61096774193548,41.04387096774194,1.2764516129032255,64.68483870967742,0.000823,0.000848,0.001842,13.611290322580672,1
11409,2025-01-22 12:59:55+00:00,2025-01-22 12:59:55+00:00,77.33793103448275,0.1355172413793103,52.97999999999999,85.9603448275862,39.53999999999998,40.79068965517241,1.1575862068965512,64.8506896551724,0.000852,0.000832,0.00169,13.440000000000012,1
11425,2025-01-22 13:00:17+00:00,2025-01-22 13:00:17+00:00,19.72965517241379,0.1534482758620689,52.28275862068964,25.93137931034483,39.680689655172415,40.13965517241379,0.3499999999999998,66.2993103448276,0.000674,0.000683,0.001109,12.602068965517226,1
11440,2025-01-22 13:00:36+00:00,2025-01-22 13:00:36+00:00,66.6910344827586,0.1244827586206896,51.82275862068967,73.11827586206897,39.56206896551724,40.28620689655172,0.9586206896551728,65.02310344827588,0.000807,0.000806,0.001503,12.260689655172428,1
11449,2025-01-22 13:00:48+00:00,2025-01-22 13:00:48+00:00,127.13433333333334,0.1546666666666666,52.35566666666668,136.468,39.697,41.51233333333334,1.7073333333333331,64.14400000000002,0.000913,0.000995,0.002122,12.658666666666685,1
11461,2025-01-22 13:01:04+00:00,2025-01-22 13:01:04+00:00,197.16678571428568,0.1635714285714286,52.59142857142857,211.9853571428571,39.6525,42.35678571428573,2.7035714285714283,62.166071428571456,0.001071,0.001178,0.003002,12.938928571428576,1
11477,2025-01-22 13:01:26+00:00,2025-01-22 13:01:26+00:00,206.9432142857143,0.1914285714285715,53.45428571428574,223.02821428571428,39.602500000000006,42.62642857142856,2.881428571428572,61.771428571428565,0.001083,0.001206,0.003168,13.851785714285732,1
11478,2025-01-22 13:01:28+00:00,2025-01-22 13:01:28+00:00,202.6672413793104,0.14,53.58793103448277,216.3641379310345,39.68034482758619,42.60862068965517,2.786896551724139,62.226551724137934,0.001107,0.00118,0.003124,13.907586206896582,1
11512,2025-01-22 13:02:12+00:00,2025-01-22 13:02:12+00:00,22.497096774193547,0.1329032258064516,52.204193548387096,27.63096774193548,39.62967741935483,40.03677419354838,0.3506451612903224,65.89741935483872,0.00068,0.000679,0.001089,12.574516129032268,1
11523,2025-01-22 13:02:29+00:00,2025-01-22 13:02:29+00:00,38.61129032258064,0.13,52.2764516129032,44.283548387096765,39.73903225806451,40.641612903225806,0.3570967741935482,65.96709677419352,0.000698,0.000723,0.001279,12.53741935483869,1
11542,2025-01-22 13:02:54+00:00,2025-01-22 13:02:54+00:00,155.18151515151513,0.1406060606060605,52.20909090909091,166.65060606060604,39.687575757575765,41.68939393939393,2.074848484848485,63.15575757575756,0.000973,0.001042,0.002546,12.521515151515146,1
11550,2025-01-22 13:03:05+00:00,2025-01-22 13:03:05+00:00,200.22571428571425,0.1878571428571428,52.96928571428573,215.4875,39.81499999999999,42.70642857142856,2.746785714285715,62.396785714285706,0.001026,0.001219,0.003062,13.15428571428574,1
11552,2025-01-22 13:03:07+00:00,2025-01-22 13:03:07+00:00,205.14548387096775,0.1519354838709678,52.48451612903226,219.47354838709677,39.60225806451612,42.304193548387104,2.8383870967741958,61.607741935483865,0.001042,0.001225,0.003114,12.882258064516137,1
11558,2025-01-22 13:03:15+00:00,2025-01-22 13:03:15+00:00,217.50090909090912,0.2012121212121211,53.20121212121213,234.69969696969704,39.79333333333332,42.81818181818184,3.080303030303029,61.71242424242426,0.001038,0.001299,0.003259,13.407878787878808,1
11572,2025-01-22 13:03:33+00:00,2025-01-22 13:03:33+00:00,186.05344827586205,0.1524137931034483,53.65689655172414,200.10482758620697,39.69517241379312,42.43517241379313,2.492413793103448,62.348965517241375,0.00103,0.001106,0.00291,13.961724137931014,1
11575,2025-01-22 13:03:37+00:00,2025-01-22 13:03:37+00:00,169.71793103448277,0.1513793103448275,53.58275862068965,183.6155172413794,39.68620689655173,42.16103448275863,2.2806896551724143,62.54724137931033,0.000995,0.001048,0.002758,13.896551724137929,1
11583,2025-01-22 13:03:48+00:00,2025-01-22 13:03:48+00:00,113.98451612903229,0.1425806451612903,53.35451612903229,124.98935483870972,39.67322580645163,41.42903225806451,1.5932258064516138,63.949032258064506,0.000901,0.000929,0.002203,13.68129032258065,1
11589,2025-01-22 13:03:58+00:00,2025-01-22 13:03:58+00:00,64.65928571428572,0.1149999999999999,52.863214285714285,72.04714285714287,39.673928571428576,40.725,1.0214285714285716,64.84357142857144,0.000767,0.000778,0.001595,13.18928571428571,1
11606,2025-01-22 13:04:21+00:00,2025-01-22 13:04:21+00:00,22.112187500000008,0.1296875,52.27343750000001,26.45875,39.84406249999999,40.2396875,0.3509374999999998,66.31375000000001,0.000766,0.000743,0.001111,12.429375000000022,1
11610,2025-01-22 13:04:26+00:00,2025-01-22 13:04:26+00:00,30.62724137931035,0.1089655172413793,52.19103448275861,35.29862068965518,39.84379310344826,40.36999999999999,0.3527586206896551,65.97344827586207,0.000727,0.000702,0.001108,12.347241379310349,1
11616,2025-01-22 13:04:34+00:00,2025-01-22 13:04:34+00:00,56.456538461538486,0.1442307692307692,51.91730769230768,63.02846153846154,39.72884615384616,40.286538461538456,0.3596153846153846,65.07,0.00084,0.000772,0.001397,12.188461538461524,1
11651,2025-01-22 13:05:22+00:00,2025-01-22 13:05:22+00:00,216.2503225806452,0.1861290322580645,53.81451612903227,232.4496774193548,39.95612903225808,43.26516129032258,3.043225806451612,61.981612903225816,0.00106,0.001302,0.003306,13.858387096774194,1
11660,2025-01-22 13:05:34+00:00,2025-01-22 13:05:34+00:00,182.33428571428564,0.1525,53.62678571428571,196.33571428571423,39.79999999999999,42.34178571428571,2.4403571428571427,62.24214285714287,0.001017,0.00112,0.0029,13.82678571428572,1
11674,2025-01-22 13:05:52+00:00,2025-01-22 13:05:52+00:00,94.25133333333332,0.1426666666666666,53.46666666666665,103.8633333333334,39.90633333333336,41.583000000000006,1.3706666666666676,64.75133333333332,0.00085,0.000893,0.001957,13.56033333333329,1
11686,2025-01-22 13:06:08+00:00,2025-01-22 13:06:08+00:00,30.668666666666677,0.0973333333333333,52.906666666666645,35.521,39.98433333333334,40.61466666666666,0.3526666666666666,66.07500000000002,0.000753,0.000688,0.001155,12.922333333333306,1
11703,2025-01-22 13:06:30+00:00,2025-01-22 13:06:30+00:00,41.78774193548387,0.1264516129032258,51.86612903225809,47.31419354838708,39.8016129032258,40.14677419354839,0.3599999999999999,65.15516129032257,0.00076,0.000691,0.001217,12.064516129032292,1
11743,2025-01-22 13:07:27+00:00,2025-01-22 13:07:27+00:00,207.33741935483872,0.1838709677419354,53.71677419354838,221.4767741935485,39.82387096774194,42.78290322580646,2.857096774193548,61.86870967741934,0.00108,0.001212,0.00319,13.892903225806442,1
11744,2025-01-22 13:07:28+00:00,2025-01-22 13:07:28+00:00,204.17466666666664,0.154,53.72866666666667,218.0623333333333,39.84366666666666,42.81399999999997,2.799333333333334,62.09266666666667,0.001117,0.001194,0.003164,13.885000000000012,1
11801,2025-01-22 13:08:43+00:00,2025-01-22 13:08:43+00:00,97.04903225806449,0.1583870967741935,52.190322580645166,106.42903225806457,39.88548387096776,41.00516129032259,1.385806451612903,64.21322580645163,0.000875,0.000894,0.001924,12.304838709677412,1
11812,2025-01-22 13:08:57+00:00,2025-01-22 13:08:57+00:00,168.733,0.1443333333333333,52.31399999999999,179.918,39.87199999999999,41.87466666666668,2.2666666666666675,62.45866666666664,0.001005,0.00107,0.002749,12.441999999999991,1
11823,2025-01-22 13:09:12+00:00,2025-01-22 13:09:12+00:00,214.80413793103455,0.1765517241379311,53.00344827586208,230.40896551724128,39.930689655172415,42.69793103448276,3.007586206896551,61.3755172413793,0.001064,0.001268,0.003216,13.072758620689669,1
11856,2025-01-22 13:09:55+00:00,2025-01-22 13:09:55+00:00,80.59814814814816,0.1599999999999999,53.35518518518519,89.57777777777777,39.98111111111112,41.23185185185184,1.2188888888888891,64.79555555555557,0.000825,0.000831,0.001741,13.374074074074072,1
11859,2025-01-22 13:09:59+00:00,2025-01-22 13:09:59+00:00,63.122800000000005,0.1088,53.082,70.51279999999996,39.972400000000015,40.92639999999999,0.8588,65.06639999999997,0.000775,0.000765,0.001549,13.109599999999986,1
11868,2025-01-22 13:10:11+00:00,2025-01-22 13:10:11+00:00,25.635714285714275,0.0982142857142857,52.78035714285714,30.047857142857143,40.0225,40.65464285714286,0.36,66.14321428571427,0.000671,0.0007,0.001162,12.75785714285714,1
11869,2025-01-22 13:10:12+00:00,2025-01-22 13:10:12+00:00,23.286,0.1016666666666667,52.758,28.80933333333332,40.06533333333333,40.58466666666666,0.3513333333333331,66.13266666666668,0.000679,0.000675,0.001103,12.692666666666677,1
11870,2025-01-22 13:10:13+00:00,2025-01-22 13:10:13+00:00,22.010714285714283,0.0928571428571428,52.35178571428572,26.875000000000004,39.92857142857143,40.24392857142857,0.3499999999999998,65.70071428571427,0.000692,0.000701,0.00112,12.423214285714288,1
11879,2025-01-22 13:10:25+00:00,2025-01-22 13:10:25+00:00,27.050370370370374,0.1111111111111111,52.141481481481485,31.840370370370373,39.98037037037038,40.28407407407407,0.3548148148148146,65.84629629629629,0.000663,0.000704,0.00115,12.161111111111104,1
11884,2025-01-22 13:10:32+00:00,2025-01-22 13:10:32+00:00,46.939333333333344,0.1336666666666666,52.53766666666666,52.43933333333334,40.07766666666666,40.74099999999999,0.3516666666666665,65.67733333333332,0.000731,0.000721,0.001262,12.46,1
11909,2025-01-22 13:11:06+00:00,2025-01-22 13:11:06+00:00,201.40615384615387,0.1619230769230769,52.77499999999998,214.6076923076924,40.011153846153846,42.64115384615384,2.7792307692307685,61.97269230769234,0.00109,0.001204,0.003083,12.763846153846131,1
11933,2025-01-22 13:11:42+00:00,2025-01-22 13:11:42+00:00,149.53481481481484,0.1459259259259259,53.84592592592593,162.1381481481482,40.0637037037037,42.26185185185186,1.998518518518519,63.33148148148148,0.000968,0.001049,0.00247,13.78222222222223,1
11937,2025-01-22 13:11:49+00:00,2025-01-22 13:11:49+00:00,111.8725,0.1553125,53.81968749999999,124.25687500000004,40.11124999999999,41.89156249999999,1.5890624999999996,64.17718749999999,0.000937,0.000958,0.002216,13.708437500000002,1
11940,2025-01-22 13:11:54+00:00,2025-01-22 13:11:54+00:00,86.88037037037037,0.1374074074074074,53.60703703703705,95.63592592592592,40.10518518518519,41.51851851851852,1.2900000000000005,64.69962962962963,0.000849,0.000864,0.001849,13.50185185185186,1
11946,2025-01-22 13:12:05+00:00,2025-01-22 13:12:05+00:00,41.23266666666667,0.1296666666666666,52.74999999999999,47.369,40.03566666666664,40.508333333333326,0.3549999999999999,65.25566666666666,0.000729,0.000713,0.001336,12.714333333333345,1
11961,2025-01-22 13:12:27+00:00,2025-01-22 13:12:27+00:00,31.95206896551724,0.15,52.13000000000002,36.24655172413792,40.07586206896553,40.34724137931035,0.3499999999999998,65.76827586206895,0.000693,0.000666,0.001135,12.05413793103449,1
11966,2025-01-22 13:12:33+00:00,2025-01-22 13:12:33+00:00,49.76857142857142,0.1210714285714286,52.23071428571431,55.98821428571431,40.07678571428571,40.80500000000001,0.355,65.44964285714285,0.000753,0.000747,0.001371,12.153928571428594,1
11985,2025-01-22 13:13:04+00:00,2025-01-22 13:13:04+00:00,194.93,0.1724999999999999,53.12214285714283,208.3925,40.11571428571428,42.868214285714295,2.685,62.543214285714285,0.001041,0.001163,0.003066,13.00642857142855,1
11997,2025-01-22 13:13:19+00:00,2025-01-22 13:13:19+00:00,219.18741935483877,0.2083870967741935,53.79967741935482,235.70064516129037,40.1283870967742,43.43290322580645,3.144838709677421,61.80612903225804,0.001086,0.001337,0.003425,13.671290322580624,1
12001,2025-01-22 13:13:25+00:00,2025-01-22 13:13:25+00:00,213.0267857142857,0.1807142857142857,54.01642857142858,228.69964285714283,40.10785714285715,43.28178571428571,3.0182142857142877,61.74035714285715,0.001121,0.001301,0.003348,13.908571428571436,1
12012,2025-01-22 13:13:42+00:00,2025-01-22 13:13:42+00:00,149.64633333333333,0.1396666666666667,53.76266666666667,161.266,40.03733333333333,42.227,2.0,63.11933333333336,0.000969,0.001055,0.002627,13.72533333333334,1
12019,2025-01-22 13:13:52+00:00,2025-01-22 13:13:52+00:00,97.68687499999996,0.1121875,53.43406249999999,105.91937500000004,40.019374999999975,41.50031249999999,1.4237499999999996,64.195,0.000868,0.000894,0.002083,13.414687500000014,1
12033,2025-01-22 13:14:16+00:00,2025-01-22 13:14:16+00:00,20.41148148148148,0.0988888888888889,52.64481481481481,23.71185185185185,40.11296296296297,40.532222222222224,0.3499999999999998,66.07851851851852,0.000664,0.000691,0.001137,12.53185185185184,1
12077,2025-01-22 13:15:30+00:00,2025-01-22 13:15:30+00:00,199.2571428571428,0.1625,53.94642857142856,214.3739285714286,40.14,43.06392857142856,2.7471428571428578,62.23107142857145,0.001088,0.001207,0.003111,13.806428571428562,1
12078,2025-01-22 13:15:33+00:00,2025-01-22 13:15:33+00:00,189.93862068965527,0.1837931034482759,53.92379310344828,204.71310344827583,40.09310344827586,42.80517241379312,2.5779310344827584,62.04241379310343,0.001089,0.001135,0.003006,13.830689655172414,1
12080,2025-01-22 13:15:44+00:00,2025-01-22 13:15:44+00:00,141.01785714285717,0.1492857142857142,53.87142857142855,152.97,40.14107142857143,42.2575,1.9103571428571429,63.35321428571429,0.001054,0.000979,0.002515,13.730357142857123,1
12081,2025-01-22 13:15:49+00:00,2025-01-22 13:15:49+00:00,114.84838709677422,0.1174193548387096,53.62870967741932,124.36161290322585,40.14000000000001,41.86354838709676,1.606451612903227,63.88193548387098,0.000996,0.000914,0.00224,13.488709677419315,1
12087,2025-04-07 09:57:12+00:00,2025-04-07 09:57:12+00:00,174.3553333333333,0.2353333333333335,41.31466666666667,196.71399999999988,21.12,23.893666666666665,1.855666666666667,63.13300000000001,0.000918,0.001072,0.002148,20.194666666666667,1
12117,2025-04-07 09:57:51+00:00,2025-04-07 09:57:51+00:00,20.49636363636365,0.1833333333333334,40.30515151515151,32.419090909090905,21.18848484848485,21.75272727272728,0.5799999999999997,65.55757575757575,0.000798,0.000671,0.000919,19.116666666666653,1
12144,2025-04-07 09:58:26+00:00,2025-04-07 09:58:26+00:00,134.60799999999998,0.2009999999999999,40.31666666666668,152.92133333333334,21.228666666666676,23.072333333333344,1.4696666666666671,63.89533333333335,0.000886,0.000734,0.001417,19.088000000000005,1
12160,2025-04-07 09:58:47+00:00,2025-04-07 09:58:47+00:00,214.3784375,0.2346874999999999,40.8496875,238.29,21.285937499999992,24.368125000000006,2.19625,62.26968749999997,0.00089,0.001057,0.00217,19.56375000000001,1
12165,2025-04-07 09:58:54+00:00,2025-04-07 09:58:54+00:00,219.68290322580643,0.2458064516129032,41.06870967741935,243.97258064516123,21.286129032258057,24.508064516129032,2.2638709677419366,62.25516129032258,0.000946,0.00111,0.002297,19.782580645161293,1
12181,2025-04-07 09:59:15+00:00,2025-04-07 09:59:15+00:00,160.24303030303022,0.216969696969697,41.42666666666668,182.3063636363637,21.333333333333343,23.91909090909091,1.7148484848484855,63.53454545454548,0.000868,0.001046,0.002093,20.093333333333334,1
12195,2025-04-07 09:59:33+00:00,2025-04-07 09:59:33+00:00,69.74699999999999,0.2056666666666667,41.05199999999999,85.4336666666667,21.35666666666668,22.731333333333325,0.5299999999999998,64.87733333333331,0.000844,0.000752,0.001413,19.69533333333332,1
12197,2025-04-07 09:59:36+00:00,2025-04-07 09:59:36+00:00,57.30866666666666,0.1976666666666667,40.94833333333334,72.20699999999995,21.369000000000003,22.54733333333333,0.5299999999999998,65.08133333333333,0.000821,0.00074,0.001308,19.57933333333333,1
12206,2025-04-07 09:59:49+00:00,2025-04-07 09:59:49+00:00,21.844848484848487,0.1878787878787879,40.47454545454545,34.55757575757576,21.40333333333333,21.97363636363637,0.5209090909090907,65.75606060606061,0.000785,0.000689,0.00093,19.07121212121212,1
12211,2025-04-07 09:59:55+00:00,2025-04-07 09:59:55+00:00,19.824375000000003,0.1771875,40.39406249999998,31.457187500000003,21.404374999999987,21.96093750000001,0.5199999999999997,65.8203125,0.000753,0.000678,0.000821,18.989687499999995,1
12224,2025-04-07 10:00:12+00:00,2025-04-07 10:00:12+00:00,64.17333333333335,0.1899999999999999,40.32266666666666,79.67299999999999,21.426333333333343,22.41133333333334,0.5256666666666664,64.81099999999999,0.000788,0.000681,0.00093,18.89633333333332,1
12232,2025-04-07 10:00:23+00:00,2025-04-07 10:00:23+00:00,117.79964285714289,0.2117857142857143,40.39214285714287,135.65857142857138,21.45714285714286,23.11071428571428,1.323214285714286,63.91607142857145,0.000856,0.000726,0.00127,18.93500000000001,1
12251,2025-04-07 10:00:48+00:00,2025-04-07 10:00:48+00:00,215.86322580645165,0.2416129032258063,40.92774193548388,239.43161290322573,21.50387096774194,24.577096774193546,2.213870967741935,62.46258064516128,0.0009,0.001068,0.002155,19.42387096774194,1
12304,2025-04-07 10:01:57+00:00,2025-04-07 10:01:57+00:00,22.334838709677427,0.1719354838709677,40.46032258064517,33.81967741935484,21.63967741935484,22.12225806451612,0.5219354838709674,65.91064516129032,0.00076,0.00065,0.000773,18.820645161290333,1
12313,2025-04-07 10:02:10+00:00,2025-04-07 10:02:10+00:00,54.92218750000001,0.18625,40.459375000000016,69.16593750000004,21.6278125,22.482499999999987,0.5331249999999998,65.12593749999999,0.000802,0.000681,0.000893,18.831562500000015,1
12383,2025-04-07 10:03:43+00:00,2025-04-07 10:03:43+00:00,33.521875,0.184375,40.9878125,47.17468749999998,21.79,22.6003125,0.5265624999999997,65.74687499999999,0.000821,0.000732,0.000992,19.1978125,1
12399,2025-04-07 10:04:04+00:00,2025-04-07 10:04:04+00:00,33.364333333333335,0.177,40.581666666666656,47.11400000000001,21.85000000000001,22.458,0.5379999999999998,65.48633333333335,0.000794,0.000685,0.00081,18.731666666666644,1
12416,2025-04-07 10:04:27+00:00,2025-04-07 10:04:27+00:00,138.6175,0.215,40.689062500000006,156.703125,21.8759375,23.756250000000016,1.4968750000000006,63.74375,0.000894,0.00074,0.001371,18.813125000000007,1
12434,2025-04-07 10:04:50+00:00,2025-04-07 10:04:50+00:00,217.23,0.2363333333333334,41.26099999999999,241.05166666666665,21.918999999999997,25.046,2.245333333333334,62.33933333333336,0.000955,0.001096,0.002158,19.341999999999995,1
12476,2025-04-07 10:05:45+00:00,2025-04-07 10:05:45+00:00,29.928437500000005,0.1840625,41.04093750000002,42.88250000000001,22.0065625,22.7221875,0.5199999999999997,65.5709375,0.000802,0.000733,0.000923,19.034375000000026,1
12485,2025-04-07 10:05:57+00:00,2025-04-07 10:05:57+00:00,21.55703703703704,0.1792592592592593,40.74555555555556,33.85222222222223,22.02666666666666,22.52851851851851,0.5199999999999997,65.76037037037037,0.000756,0.00066,0.000826,18.718888888888905,1
12513,2025-04-07 10:06:34+00:00,2025-04-07 10:06:34+00:00,170.5377419354839,0.2196774193548388,40.86290322580645,190.83967741935493,22.097096774193552,24.446129032258064,1.772258064516129,63.1941935483871,0.00089,0.000817,0.001634,18.765806451612896,1
12523,2025-04-07 10:06:47+00:00,2025-04-07 10:06:47+00:00,213.33848484848485,0.2466666666666667,41.303333333333335,236.22454545454536,22.105757575757583,25.166969696969705,2.1939393939393934,62.40090909090909,0.000922,0.001076,0.002088,19.197575757575752,1
12531,2025-04-07 10:06:57+00:00,2025-04-07 10:06:57+00:00,219.005625,0.248125,41.66156250000001,241.64874999999992,22.1334375,25.320624999999986,2.29,62.433125,0.000966,0.001108,0.002293,19.528125000000014,1
12587,2025-04-07 10:08:12+00:00,2025-04-07 10:08:12+00:00,61.84333333333333,0.189,40.84333333333333,75.71866666666666,22.219,23.11066666666667,0.5199999999999997,65.08566666666665,0.000825,0.000722,0.000866,18.624333333333325,1
12593,2025-04-07 10:08:20+00:00,2025-04-07 10:08:20+00:00,99.5809677419355,0.1987096774193548,40.80064516129031,115.50129032258066,22.258709677419358,23.607419354838704,1.194193548387097,64.25806451612902,0.000863,0.000731,0.001081,18.54193548387096,1
12595,2025-04-07 10:08:23+00:00,2025-04-07 10:08:23+00:00,115.3348387096774,0.2196774193548386,40.851612903225806,132.70967741935482,22.261612903225803,23.81677419354839,1.321935483870967,64.1409677419355,0.000895,0.00074,0.001202,18.590000000000003,1
12650,2025-04-07 10:09:35+00:00,2025-04-07 10:09:35+00:00,64.32843749999999,0.1865625,41.686875,79.70843749999999,22.3740625,23.626874999999995,0.5199999999999997,65.2584375,0.00087,0.000743,0.001319,19.3128125,1
12658,2025-04-07 10:09:45+00:00,2025-04-07 10:09:45+00:00,30.714375,0.18125,41.30812499999998,42.9371875,22.35750000000001,23.118125,0.5199999999999997,65.62312499999999,0.000891,0.000726,0.000953,18.95062499999997,1
12660,2025-04-07 10:09:49+00:00,2025-04-07 10:09:49+00:00,22.26633333333333,0.1756666666666667,41.16466666666668,34.43966666666666,22.352666666666668,22.96266666666666,0.5199999999999997,65.67633333333335,0.001076,0.000712,0.000938,18.81200000000001,1
12663,2025-04-07 10:09:53+00:00,2025-04-07 10:09:53+00:00,19.33,0.1870967741935484,41.02354838709676,31.365161290322572,22.38032258064516,22.88548387096774,0.5199999999999997,65.93387096774191,0.000772,0.000671,0.000831,18.6432258064516,1
12664,2025-04-07 10:09:54+00:00,2025-04-07 10:09:54+00:00,19.6403125,0.1984375,41.0375,31.3771875,22.388124999999995,22.916874999999997,0.5199999999999997,65.56718750000002,0.000783,0.000656,0.000811,18.649375000000006,1
12748,2025-04-07 10:11:44+00:00,2025-04-07 10:11:44+00:00,32.88821428571429,0.1842857142857143,41.40928571428572,46.32285714285714,22.551428571428563,23.338214285714287,0.5214285714285711,65.4889285714286,0.000791,0.000683,0.00095,18.857857142857156,1
12783,2025-04-07 10:12:30+00:00,2025-04-07 10:12:30+00:00,148.85366666666673,0.2123333333333334,41.13566666666665,167.3710000000001,22.640999999999988,24.633666666666677,1.607333333333333,63.83333333333336,0.000857,0.000785,0.001392,18.494666666666664,1
12818,2025-04-07 10:13:16+00:00,2025-04-07 10:13:16+00:00,161.47800000000004,0.2276666666666668,42.33966666666667,181.66300000000004,22.70600000000001,25.252666666666677,1.7493333333333327,63.35766666666667,0.00089,0.001044,0.002007,19.633666666666663,1
12829,2025-04-07 10:13:31+00:00,2025-04-07 10:13:31+00:00,85.53575757575761,0.2084848484848485,42.07818181818183,101.68121212121214,22.694848484848485,24.27666666666668,0.5263636363636361,64.67090909090908,0.000865,0.000788,0.001441,19.383333333333347,1
12843,2025-04-07 10:13:50+00:00,2025-04-07 10:13:50+00:00,21.827575757575755,0.180909090909091,41.37090909090908,34.08424242424242,22.720909090909103,23.303333333333335,0.5248484848484846,65.83272727272725,0.000768,0.000666,0.000862,18.649999999999977,1
12855,2025-04-07 10:14:06+00:00,2025-04-07 10:14:06+00:00,37.6678125,0.1903125,41.08718750000001,49.66374999999999,22.75,23.362812500000004,0.5199999999999997,65.25593750000002,0.000778,0.000665,0.000768,18.337187500000013,1
12857,2025-04-07 10:14:09+00:00,2025-04-07 10:14:09+00:00,48.02931034482759,0.2096551724137931,41.17103448275862,61.06379310344828,22.75068965517241,23.477931034482754,0.5206896551724135,65.19655172413795,0.000822,0.000664,0.000813,18.420344827586213,1
12867,2025-04-07 10:14:22+00:00,2025-04-07 10:14:22+00:00,107.50151515151516,0.2136363636363636,41.21424242424242,124.2403030303031,22.76545454545454,24.23303030303031,1.2606060606060605,64.14696969696968,0.000844,0.000733,0.001149,18.448787878787883,1
12896,2025-04-07 10:15:00+00:00,2025-04-07 10:15:00+00:00,214.91935483870964,0.2322580645161291,42.24354838709678,238.76548387096776,22.81580645161289,26.05419354838709,2.2896774193548395,62.43322580645163,0.000976,0.001117,0.002243,19.42774193548389,1
12910,2025-04-07 10:15:18+00:00,2025-04-07 10:15:18+00:00,153.6931249999999,0.229375,42.50906249999999,173.99531249999993,22.84125,25.334062500000005,1.6809375000000006,63.63375000000001,0.000921,0.001014,0.001982,19.667812499999997,1
12917,2025-04-07 10:15:27+00:00,2025-04-07 10:15:27+00:00,106.23516129032258,0.2016129032258064,42.22806451612904,123.36645161290328,22.88387096774193,24.68354838709677,1.2787096774193554,64.36709677419354,0.000889,0.000852,0.001594,19.344193548387107,1
12954,2025-04-07 10:16:17+00:00,2025-04-07 10:16:17+00:00,81.12187500000003,0.1953125000000001,41.30999999999998,96.19312500000004,22.956562500000004,24.106874999999995,0.5299999999999998,64.4859375,0.000833,0.000709,0.000925,18.353437499999977,1
12965,2025-04-07 10:16:32+00:00,2025-04-07 10:16:32+00:00,158.76718749999998,0.2203125,41.45000000000001,177.03781249999992,22.97875000000001,25.126249999999988,1.6946875000000006,63.46656250000001,0.000875,0.000781,0.001432,18.47125,1
12967,2025-04-07 10:16:34+00:00,2025-04-07 10:16:34+00:00,166.80451612903224,0.2338709677419354,41.48193548387097,187.63451612903225,22.982258064516135,25.263870967741926,1.7767741935483865,63.25161290322581,0.000881,0.000824,0.001544,18.499677419354832,1
13002,2025-04-07 10:17:21+00:00,2025-04-07 10:17:21+00:00,138.24666666666664,0.1996666666666667,42.583000000000006,157.4666666666667,23.06433333333332,25.32066666666667,1.5843333333333334,63.94199999999999,0.000887,0.000939,0.001871,19.51866666666669,1
13007,2025-04-07 10:17:28+00:00,2025-04-07 10:17:28+00:00,101.52,0.2003125,42.42749999999999,119.66843749999995,23.05937499999999,24.8765625,1.2703125000000004,64.4865625,0.000863,0.000817,0.001554,19.368125,1
13008,2025-04-07 10:17:29+00:00,2025-04-07 10:17:29+00:00,96.9755882352941,0.1914705882352942,42.31999999999999,113.03676470588232,23.062941176470588,24.78176470588236,1.2258823529411766,64.52558823529411,0.000861,0.000802,0.001476,19.2570588235294,1
13036,2025-04-07 10:18:06+00:00,2025-04-07 10:18:06+00:00,36.405,0.1763333333333333,41.43466666666666,49.52666666666666,23.110000000000007,23.729999999999997,0.5523333333333336,65.26133333333333,0.000753,0.000674,0.000781,18.32466666666665,1
13082,2025-04-07 10:19:06+00:00,2025-04-07 10:19:06+00:00,201.92656249999996,0.2215625,42.6253125,225.10875,23.210000000000008,26.261875000000003,2.1690625,62.73875,0.000935,0.00113,0.00216,19.41531249999999,1
13083,2025-04-07 10:19:08+00:00,2025-04-07 10:19:08+00:00,196.78125,0.253125,42.63718749999998,218.8565625,23.223125000000007,26.1890625,2.088437500000001,62.75343749999998,0.000938,0.001121,0.002154,19.41406249999997,1
13097,2025-04-07 10:19:26+00:00,2025-04-07 10:19:26+00:00,112.47454545454548,0.22,42.56939393939393,130.39272727272723,23.22090909090909,25.17363636363637,1.3675757575757586,64.21666666666668,0.000907,0.000843,0.001628,19.348484848484844,1
13100,2025-04-07 10:19:30+00:00,2025-04-07 10:19:30+00:00,92.12999999999998,0.2000000000000001,42.402142857142856,108.96107142857149,23.233571428571437,24.87928571428572,1.2000000000000004,64.67285714285714,0.000874,0.000807,0.00144,19.168571428571425,1
13105,2025-04-07 10:19:36+00:00,2025-04-07 10:19:36+00:00,63.9169696969697,0.1884848484848484,42.19818181818182,78.57666666666664,23.21848484848485,24.4839393939394,0.5442424242424243,64.98484848484847,0.000849,0.000733,0.001223,18.97969696969697,1
13114,2025-04-07 10:19:48+00:00,2025-04-07 10:19:48+00:00,26.466969696969706,0.1948484848484848,41.75999999999999,38.4739393939394,23.26393939393939,23.91363636363636,0.5621212121212125,65.78696969696969,0.000788,0.000706,0.000889,18.496060606060603,1
13131,2025-04-07 10:20:10+00:00,2025-04-07 10:20:10+00:00,49.755625,0.1775,41.505,62.48593749999998,23.28906249999999,24.030625000000004,0.5625000000000003,65.26,0.000766,0.000686,0.000856,18.21593750000001,1
13139,2025-04-07 10:20:21+00:00,2025-04-07 10:20:21+00:00,99.64379310344822,0.216206896551724,41.54965517241378,115.51172413793104,23.312413793103435,24.675172413793096,1.2465517241379305,64.38724137931032,0.000835,0.000719,0.000998,18.237241379310344,1
13166,2025-04-07 10:20:56+00:00,2025-04-07 10:20:56+00:00,218.44620689655164,0.2451724137931034,42.42379310344829,242.5096551724137,23.36206896551724,26.58275862068965,2.3806896551724144,62.27655172413794,0.000921,0.001115,0.002172,19.06172413793105,1
13187,2025-04-07 10:21:24+00:00,2025-04-07 10:21:24+00:00,123.39899999999994,0.1949999999999999,42.71333333333335,141.87133333333338,23.42566666666668,25.530000000000005,1.4853333333333332,64.02266666666665,0.000896,0.000939,0.001727,19.287666666666677,1
13194,2025-04-07 10:21:33+00:00,2025-04-07 10:21:33+00:00,78.43866666666669,0.186,42.44833333333334,94.04666666666668,23.427333333333326,24.887,0.553666666666667,64.93866666666668,0.000912,0.00079,0.001365,19.02100000000001,1
13204,2025-04-07 10:21:46+00:00,2025-04-07 10:21:46+00:00,29.89733333333333,0.1786666666666667,41.95033333333336,41.80633333333334,23.432666666666663,24.195000000000004,0.581,65.66133333333335,0.000781,0.000692,0.000882,18.51766666666669,1
13206,2025-04-07 10:21:49+00:00,2025-04-07 10:21:49+00:00,24.01206896551724,0.1727586206896552,41.81689655172414,36.11827586206897,23.464137931034497,24.047586206896547,0.5762068965517242,65.84310344827585,0.000771,0.000683,0.000849,18.352758620689645,1
13210,2025-04-07 10:21:54+00:00,2025-04-07 10:21:54+00:00,20.08766666666667,0.1683333333333333,41.71000000000001,31.004333333333328,23.462333333333344,23.976333333333333,0.5600000000000003,66.00133333333335,0.00077,0.000661,0.000772,18.247666666666664,1
13212,2025-04-07 10:21:57+00:00,2025-04-07 10:21:57+00:00,20.053666666666672,0.1763333333333334,41.594,31.694333333333343,23.48166666666668,23.95866666666666,0.5700000000000002,65.65666666666668,0.000757,0.000702,0.000796,18.11233333333332,1
13234,2025-04-07 10:22:25+00:00,2025-04-07 10:22:25+00:00,119.21906249999998,0.2134374999999999,41.684375,137.12875,23.490625000000005,25.099375,1.4578124999999995,64.1325,0.000873,0.000754,0.001242,18.19374999999999,1
13247,2025-04-07 10:22:42+00:00,2025-04-07 10:22:42+00:00,197.27709677419352,0.2358064516129033,41.99290322580645,218.7274193548387,23.522903225806445,26.26483870967742,2.115806451612903,62.724193548387085,0.00089,0.000999,0.001877,18.47,1
13249,2025-04-07 10:22:45+00:00,2025-04-07 10:22:45+00:00,205.659,0.245,42.112,228.4393333333333,23.543666666666656,26.47600000000001,2.1993333333333336,62.411,0.00089,0.001015,0.001938,18.56833333333334,1
13280,2025-04-07 10:23:27+00:00,2025-04-07 10:23:27+00:00,109.47970588235296,0.2038235294117646,42.73500000000002,127.4520588235294,23.59970588235295,25.472352941176474,1.3823529411764703,64.29088235294117,0.000863,0.000838,0.001565,19.13529411764707,1
13284,2025-04-07 10:23:32+00:00,2025-04-07 10:23:32+00:00,83.859696969697,0.2084848484848485,42.567575757575774,100.28606060606062,23.6009090909091,25.13060606060605,0.5727272727272729,64.78424242424241,0.000852,0.000784,0.001344,18.96666666666668,1
13320,2025-04-07 10:24:19+00:00,2025-04-07 10:24:19+00:00,87.98428571428569,0.195,41.71642857142856,102.50428571428574,23.65214285714285,24.85535714285715,0.6264285714285714,64.46071428571427,0.0008,0.00072,0.000958,18.06428571428571,1
13390,2025-04-07 10:25:51+00:00,2025-04-07 10:25:51+00:00,21.864333333333327,0.186,42.03533333333335,33.23433333333333,23.83666666666667,24.385999999999992,0.5746666666666668,65.68066666666668,0.000755,0.000685,0.00088,18.19866666666668,1
13402,2025-04-07 10:26:07+00:00,2025-04-07 10:26:07+00:00,37.54642857142858,0.1878571428571428,41.76999999999998,50.026428571428575,23.83428571428572,24.428214285714283,0.5700000000000002,65.46142857142857,0.000772,0.000665,0.000723,17.935714285714262,1
13405,2025-04-07 10:26:11+00:00,2025-04-07 10:26:11+00:00,52.09464285714285,0.1653571428571429,41.77571428571429,64.5217857142857,23.854642857142853,24.56285714285715,0.5760714285714286,65.23535714285717,0.000773,0.000737,0.000848,17.92107142857144,1
13409,2025-04-07 10:26:16+00:00,2025-04-07 10:26:16+00:00,72.3655172413793,0.1927586206896551,41.75103448275863,86.75999999999998,23.851379310344832,24.824482758620693,0.5686206896551727,64.83517241379307,0.000806,0.000716,0.00091,17.899655172413794,1
13416,2025-04-07 10:26:25+00:00,2025-04-07 10:26:25+00:00,118.15333333333332,0.2023333333333334,41.85966666666665,134.89933333333332,23.86000000000001,25.429666666666662,1.4246666666666672,63.93666666666669,0.00084,0.000752,0.001162,17.999666666666638,1
13427,2025-04-07 10:26:40+00:00,2025-04-07 10:26:40+00:00,188.9423529411765,0.2229411764705882,42.13117647058823,210.5241176470588,23.860882352941186,26.42441176470588,2.0602941176470586,62.78382352941177,0.00086,0.000934,0.001799,18.270294117647047,1
13483,2025-04-07 10:27:54+00:00,2025-04-07 10:27:54+00:00,19.246774193548383,0.1709677419354839,42.04838709677418,30.58967741935484,23.97903225806453,24.46935483870967,0.5838709677419353,65.81290322580648,0.000732,0.000661,0.000823,18.069354838709646,1
13488,2025-04-07 10:28:01+00:00,2025-04-07 10:28:01+00:00,23.703125,0.1790625,41.92874999999998,35.56468749999999,23.96906250000001,24.4590625,0.5799999999999997,65.64406249999999,0.000733,0.000649,0.000845,17.95968749999997,1
13494,2025-04-07 10:28:09+00:00,2025-04-07 10:28:09+00:00,43.69575757575757,0.1890909090909091,41.87,56.876363636363614,23.99000000000001,24.665454545454534,0.5799999999999997,65.48727272727272,0.000789,0.000688,0.00077,17.879999999999992,1
13518,2025-04-07 10:28:40+00:00,2025-04-07 10:28:40+00:00,188.85781250000008,0.2315625000000001,42.25031249999999,209.15906250000003,24.01625,26.5803125,2.0424999999999995,62.93249999999999,0.000897,0.000922,0.001778,18.23406249999999,1
13565,2025-04-07 10:29:42+00:00,2025-04-07 10:29:42+00:00,43.49406250000001,0.1984375,42.563125,56.74968750000003,24.108437500000008,25.0678125,0.5693750000000002,65.44218749999997,0.000811,0.000697,0.001005,18.45468749999999,1
13580,2025-04-07 10:30:02+00:00,2025-04-07 10:30:02+00:00,24.582,0.1876666666666667,42.062666666666665,36.73499999999999,24.128666666666664,24.63366666666666,0.5660000000000002,65.712,0.000725,0.000719,0.000776,17.934,1
13583,2025-04-07 10:30:06+00:00,2025-04-07 10:30:06+00:00,33.96030303030302,0.1724242424242424,42.02636363636365,46.449090909090906,24.128787878787875,24.682727272727263,0.566060606060606,65.36757575757574,0.000762,0.000649,0.000765,17.897575757575773,1
13593,2025-04-07 10:30:20+00:00,2025-04-07 10:30:20+00:00,91.12781249999996,0.2103125,41.9940625,106.36250000000004,24.1603125,25.34968749999999,0.8887499999999999,64.50968750000001,0.000821,0.000711,0.00094,17.83375,1
13608,2025-04-07 10:30:40+00:00,2025-04-07 10:30:40+00:00,187.5146428571428,0.2232142857142857,42.31214285714286,208.14464285714283,24.201071428571424,26.772857142857145,2.0685714285714285,62.825,0.000875,0.000908,0.001711,18.111071428571435,1
13614,2025-04-07 10:30:47+00:00,2025-04-07 10:30:47+00:00,209.48969696969704,0.2403030303030302,42.53666666666666,231.54242424242415,24.1939393939394,27.121515151515148,2.306060606060606,62.46090909090909,0.000894,0.001059,0.001938,18.34272727272726,1
13630,2025-04-07 10:31:08+00:00,2025-04-07 10:31:08+00:00,199.13193548387093,0.2309677419354839,43.26612903225805,222.0235483870968,24.218064516129047,27.21322580645163,2.204516129032259,62.6616129032258,0.000939,0.001114,0.002093,19.048064516129003,1
13687,2025-04-07 10:32:23+00:00,2025-04-07 10:32:23+00:00,104.69580645161288,0.1983870967741936,42.11225806451617,120.73774193548384,24.32225806451612,25.71548387096773,1.369677419354839,64.2890322580645,0.000921,0.000728,0.001069,17.790000000000052,1
13701,2025-04-07 10:32:41+00:00,2025-04-07 10:32:41+00:00,190.5610000000001,0.2343333333333334,42.48666666666667,211.3256666666667,24.341333333333345,26.968000000000007,2.1010000000000004,62.75033333333332,0.000876,0.000941,0.001767,18.14533333333333,1
13723,2025-04-07 10:33:10+00:00,2025-04-07 10:33:10+00:00,192.6303125,0.2196875,43.473125,215.2625,24.396874999999994,27.3496875,2.1315625,62.89656250000001,0.000952,0.001125,0.002035,19.07625,1
13738,2025-04-07 10:33:30+00:00,2025-04-07 10:33:30+00:00,98.36437500000004,0.188125,43.21312500000002,113.7703125,24.408124999999988,26.130625,1.2965625,64.5528125,0.000875,0.000814,0.001444,18.80500000000003,1
13740,2025-04-07 10:33:33+00:00,2025-04-07 10:33:33+00:00,82.60758620689653,0.1937931034482758,43.14758620689655,97.89068965517244,24.40862068965516,25.924482758620687,0.5741379310344829,64.83896551724139,0.000862,0.000808,0.001334,18.738965517241382,1
13761,2025-04-07 10:34:00+00:00,2025-04-07 10:34:00+00:00,21.80482758620689,0.1813793103448275,42.22655172413796,33.13931034482759,24.43241379310344,24.914137931034475,0.5720689655172415,65.60206896551723,0.000765,0.000684,0.000742,17.79413793103452,1
13804,2025-04-07 10:34:56+00:00,2025-04-07 10:34:56+00:00,220.29903225806453,0.2293548387096774,43.19741935483872,242.2658064516129,24.4983870967742,27.698709677419355,2.468387096774193,62.336129032258086,0.000945,0.001134,0.002091,18.69903225806452,1
13839,2025-04-07 10:35:42+00:00,2025-04-07 10:35:42+00:00,45.614,0.173,43.002333333333326,58.536666666666655,24.566666666666656,25.546666666666667,0.5929999999999999,65.54299999999998,0.000825,0.000709,0.001075,18.43566666666667,1
13840,2025-04-07 10:35:44+00:00,2025-04-07 10:35:44+00:00,38.89258064516127,0.1770967741935484,42.84806451612902,50.73483870967742,24.565806451612897,25.396129032258067,0.5980645161290322,65.61838709677417,0.000813,0.000701,0.001089,18.282258064516125,1
13844,2025-04-07 10:35:49+00:00,2025-04-07 10:35:49+00:00,26.19806451612903,0.1941935483870968,42.6893548387097,38.03483870967744,24.568709677419356,25.18354838709678,0.5774193548387098,65.78870967741933,0.000793,0.000692,0.000932,18.120645161290344,1
13866,2025-04-07 10:36:18+00:00,2025-04-07 10:36:18+00:00,78.39620689655176,0.1862068965517242,42.40551724137933,93.01448275862064,24.61793103448277,25.661034482758623,0.56448275862069,64.81448275862068,0.000813,0.000728,0.000914,17.787586206896563,1
13870,2025-04-07 10:36:23+00:00,2025-04-07 10:36:23+00:00,104.4775,0.19625,42.460937500000014,118.913125,24.625000000000004,26.0053125,1.2821874999999994,64.44375000000001,0.000848,0.000766,0.001047,17.83593750000001,1
13923,2025-04-07 10:37:32+00:00,2025-04-07 10:37:32+00:00,89.30233333333331,0.1976666666666667,43.50466666666666,105.11200000000002,24.69233333333332,26.253000000000004,0.7513333333333331,64.68799999999997,0.000897,0.000798,0.001343,18.812333333333346,1
13926,2025-04-07 10:37:36+00:00,2025-04-07 10:37:36+00:00,69.4174193548387,0.1954838709677419,43.34225806451612,84.99387096774191,24.70548387096776,26.01709677419355,0.570967741935484,64.9225806451613,0.000892,0.000764,0.001232,18.63677419354836,1
13981,2025-04-07 10:38:48+00:00,2025-04-07 10:38:48+00:00,209.80517241379303,0.2427586206896552,43.133103448275854,232.4289655172413,24.783103448275853,27.756896551724147,2.293448275862068,62.33310344827586,0.000922,0.001091,0.001931,18.35,1
13987,2025-04-07 10:38:56+00:00,2025-04-07 10:38:56+00:00,219.2513333333333,0.2276666666666666,43.45399999999999,242.05133333333345,24.80633333333333,27.97833333333333,2.503666666666667,62.16466666666666,0.000943,0.001121,0.00209,18.64766666666665,1
13989,2025-04-07 10:38:59+00:00,2025-04-07 10:38:59+00:00,217.6740625,0.2290625,43.5875,240.31625000000005,24.8078125,27.99000000000001,2.4665625000000007,62.2784375,0.000968,0.001143,0.002134,18.7796875,1
14002,2025-04-07 10:39:16+00:00,2025-04-07 10:39:16+00:00,170.75312499999995,0.21375,43.983125,191.5978125000001,24.8353125,27.51312500000001,1.919375,63.402812499999975,0.000921,0.001106,0.001988,19.1478125,1
14005,2025-04-07 10:39:20+00:00,2025-04-07 10:39:20+00:00,152.39766666666668,0.2086666666666667,43.89766666666669,171.99533333333332,24.826333333333345,27.286333333333324,1.7593333333333336,63.50466666666664,0.000905,0.001013,0.001885,19.07133333333335,1
14019,2025-04-07 10:39:38+00:00,2025-04-07 10:39:38+00:00,61.708999999999975,0.1803333333333333,43.41166666666666,75.64266666666664,24.841000000000008,26.056666666666672,0.59,65.14900000000002,0.000849,0.000755,0.001192,18.570666666666654,1
14025,2025-04-07 10:39:47+00:00,2025-04-07 10:39:47+00:00,31.273448275862076,0.1793103448275863,43.08862068965517,43.79310344827587,24.845517241379312,25.620344827586216,0.5799999999999998,65.58896551724138,0.000795,0.00069,0.000958,18.24310344827586,1
14040,2025-04-07 10:40:07+00:00,2025-04-07 10:40:07+00:00,34.66606060606058,0.1972727272727272,42.63939393939394,46.460303030303,24.868484848484844,25.404545454545456,0.5766666666666664,65.72636363636364,0.000769,0.000659,0.000804,17.770909090909097,1
14048,2025-04-07 10:40:18+00:00,2025-04-07 10:40:18+00:00,76.7191176470588,0.1976470588235294,42.64852941176471,91.2070588235294,24.90529411764706,25.94470588235293,0.5929411764705881,64.62382352941175,0.000852,0.00071,0.000887,17.743235294117653,1
14076,2025-04-07 10:40:54+00:00,2025-04-07 10:40:54+00:00,217.8575,0.2453571428571428,43.50750000000001,241.1175,24.96107142857144,28.133928571428573,2.440000000000001,62.14821428571428,0.000931,0.001104,0.002041,18.54642857142857,1
14106,2025-04-07 10:41:34+00:00,2025-04-07 10:41:34+00:00,81.34700000000001,0.1979999999999999,43.69533333333332,96.81733333333332,24.988666666666678,26.41933333333333,0.6,64.96700000000003,0.000858,0.000801,0.001331,18.70666666666665,1
14110,2025-04-07 10:41:39+00:00,2025-04-07 10:41:39+00:00,58.451764705882354,0.1838235294117647,43.46441176470588,73.24323529411765,24.99970588235294,26.159999999999982,0.5991176470588236,65.20029411764709,0.00086,0.000745,0.001161,18.464705882352938,1
14133,2025-04-07 10:42:09+00:00,2025-04-07 10:42:09+00:00,39.47580645161291,0.1587096774193549,42.72870967741936,50.94483870967741,25.037419354838697,25.620645161290327,0.5799999999999997,65.2948387096774,0.000742,0.000701,0.000896,17.691290322580663,1
14136,2025-04-07 10:42:13+00:00,2025-04-07 10:42:13+00:00,54.994666666666674,0.2003333333333333,42.764,67.992,25.043999999999983,25.82833333333333,0.59,65.33100000000002,0.00081,0.000671,0.000907,17.720000000000017,1
14143,2025-04-07 10:42:22+00:00,2025-04-07 10:42:22+00:00,96.21,0.1946875,42.79906249999998,111.44062499999998,25.054375,26.33343749999999,1.2415625000000003,64.34218750000001,0.000837,0.000727,0.00108,17.744687499999976,1
14153,2025-04-07 10:42:35+00:00,2025-04-07 10:42:35+00:00,161.90709677419352,0.223225806451613,42.9916129032258,181.30838709677425,25.060967741935475,27.27290322580645,1.8577419354838705,63.25741935483871,0.000882,0.000822,0.001434,17.930645161290325,1
14161,2025-04-07 10:42:46+00:00,2025-04-07 10:42:46+00:00,204.81906250000003,0.204375,43.2803125,225.2803125000001,25.08906250000001,27.919062499999992,2.260937499999999,62.60437499999999,0.000885,0.001003,0.001864,18.191249999999982,1
14175,2025-04-07 10:43:04+00:00,2025-04-07 10:43:04+00:00,211.50187500000007,0.2284375000000001,43.95312500000001,234.4878125,25.113437500000007,28.285,2.3893750000000007,62.4103125,0.000981,0.001135,0.002131,18.8396875,1
14194,2025-04-07 10:43:29+00:00,2025-04-07 10:43:29+00:00,107.62352941176474,0.1917647058823529,43.95411764705884,124.24852941176468,25.137647058823525,27.01147058823529,1.392941176470588,64.30088235294117,0.00087,0.000844,0.001489,18.816470588235312,1
14213,2025-04-07 10:43:57+00:00,2025-04-07 10:43:57+00:00,19.56000000000001,0.1741935483870968,42.99225806451612,31.13935483870968,25.203548387096795,25.6258064516129,0.6003225806451613,65.70451612903226,0.000754,0.000667,0.000842,17.788709677419327,1
14236,2025-04-07 10:44:27+00:00,2025-04-07 10:44:27+00:00,120.33125,0.189375,42.973125,137.656875,25.22437500000001,26.890625,1.4656250000000002,63.776875,0.000855,0.000748,0.001195,17.748749999999998,1
14252,2025-04-07 10:44:48+00:00,2025-04-07 10:44:48+00:00,209.0465625000001,0.244375,43.43156250000003,230.81406249999992,25.253124999999997,28.16656250000002,2.3534375,62.44562499999999,0.000944,0.001042,0.001896,18.178437500000037,1
14262,2025-04-07 10:45:01+00:00,2025-04-07 10:45:01+00:00,217.87343750000008,0.2387500000000001,43.9559375,239.7162500000001,25.267499999999988,28.483749999999983,2.4465624999999998,62.232187500000016,0.000969,0.001135,0.002154,18.68843750000001,1
14265,2025-04-07 10:45:05+00:00,2025-04-07 10:45:05+00:00,209.0570588235294,0.2170588235294118,44.06852941176467,232.4244117647058,25.25941176470588,28.427058823529418,2.3411764705882363,62.5191176470588,0.000967,0.001132,0.00214,18.809117647058795,1
14268,2025-04-07 10:45:09+00:00,2025-04-07 10:45:09+00:00,199.7131250000001,0.2328125000000001,44.15718750000002,221.9609375,25.265312499999997,28.333749999999988,2.2106249999999994,62.416875000000005,0.000951,0.001128,0.002099,18.891875000000027,1
14298,2025-04-07 10:45:49+00:00,2025-04-07 10:45:49+00:00,27.45032258064517,0.1651612903225806,43.28774193548387,39.37645161290322,25.313548387096784,25.95193548387097,0.6383870967741939,66.0890322580645,0.00079,0.000722,0.000923,17.97419354838709,1
14316,2025-04-07 10:46:14+00:00,2025-04-07 10:46:14+00:00,57.12580645161293,0.1903225806451612,42.95741935483869,70.21741935483873,25.33967741935485,26.165483870967737,0.6141935483870966,65.03096774193548,0.00079,0.000698,0.000846,17.617741935483846,1
14321,2025-04-07 10:46:21+00:00,2025-04-07 10:46:21+00:00,88.67214285714286,0.1978571428571428,43.03964285714286,104.31178571428566,25.36464285714285,26.58714285714287,0.637142857142857,64.38642857142857,0.000811,0.000733,0.000926,17.675000000000004,1
14331,2025-04-07 10:46:34+00:00,2025-04-07 10:46:34+00:00,155.689375,0.191875,43.15468750000001,174.49656250000004,25.390312499999997,27.519375,1.8278125,63.174687500000005,0.000862,0.000813,0.00134,17.764375000000015,1
14333,2025-04-07 10:46:36+00:00,2025-04-07 10:46:36+00:00,164.35966666666673,0.224,43.19066666666668,184.8923333333333,25.402333333333324,27.624333333333336,1.8900000000000008,63.41233333333332,0.000877,0.000835,0.001448,17.788333333333355,1
14337,2025-04-07 10:46:42+00:00,2025-04-07 10:46:42+00:00,190.1576666666667,0.221,43.312000000000005,210.785,25.39599999999999,28.026333333333334,2.18,62.623333333333335,0.000888,0.000963,0.001692,17.916000000000015,1
14344,2025-04-07 10:46:51+00:00,2025-04-07 10:46:51+00:00,214.1778571428571,0.2357142857142856,43.631071428571424,237.0896428571428,25.40071428571427,28.45678571428573,2.416428571428572,62.50035714285714,0.000915,0.001077,0.001947,18.230357142857155,1
14356,2025-04-07 10:47:07+00:00,2025-04-07 10:47:07+00:00,206.52586206896547,0.2120689655172414,44.26103448275863,227.9144827586207,25.414137931034475,28.602758620689656,2.3268965517241385,62.45034482758621,0.000958,0.00113,0.002133,18.84689655172415,1
14366,2025-04-07 10:47:20+00:00,2025-04-07 10:47:20+00:00,153.90294117647068,0.2082352941176471,44.31588235294115,174.4173529411765,25.447647058823545,27.91970588235293,1.8173529411764704,63.6064705882353,0.000933,0.001035,0.00189,18.868235294117607,1
14368,2025-04-07 10:47:22+00:00,2025-04-07 10:47:22+00:00,145.43499999999997,0.199375,44.27374999999999,164.6490625000001,25.446562500000013,27.83187500000001,1.7328124999999992,63.76937500000001,0.000918,0.000985,0.001782,18.82718749999997,1
14373,2025-04-07 10:47:29+00:00,2025-04-07 10:47:29+00:00,109.094375,0.2053125,44.156562500000014,126.39312499999996,25.465000000000003,27.332187500000003,1.445625,64.31249999999997,0.000931,0.00085,0.001501,18.69156250000001,1
14382,2025-04-07 10:47:42+00:00,2025-04-07 10:47:42+00:00,48.852647058823536,0.1876470588235294,43.69264705882353,62.477352941176456,25.475000000000005,26.438529411764712,0.6038235294117648,65.42323529411767,0.000832,0.000743,0.001076,18.217647058823527,1
14384,2025-04-07 10:47:45+00:00,2025-04-07 10:47:45+00:00,38.73848484848486,0.1809090909090909,43.61545454545455,51.80090909090912,25.475757575757587,26.36030303030304,0.6075757575757577,65.53363636363638,0.000808,0.000704,0.001039,18.13969696969696,1
14398,2025-04-07 10:48:03+00:00,2025-04-07 10:48:03+00:00,24.178529411764707,0.1638235294117647,43.10941176470588,35.29323529411764,25.50205882352941,26.004411764705885,0.6088235294117645,65.7991176470588,0.000722,0.000709,0.000825,17.607352941176465,1
14426,2025-04-07 10:48:40+00:00,2025-04-07 10:48:40+00:00,182.82516129032263,0.222258064516129,43.30967741935483,202.1661290322581,25.560322580645156,28.060967741935475,2.129354838709677,62.88483870967742,0.000884,0.000883,0.001583,17.749354838709674,1
14428,2025-04-07 10:48:42+00:00,2025-04-07 10:48:42+00:00,190.263,0.2309999999999999,43.45300000000001,210.84066666666655,25.569000000000003,28.209999999999983,2.1906666666666665,62.874,0.0009,0.000926,0.001707,17.884000000000007,1
14434,2025-04-07 10:48:50+00:00,2025-04-07 10:48:50+00:00,211.95516129032256,0.240967741935484,43.71709677419356,234.3329032258065,25.57161290322581,28.61129032258065,2.44258064516129,62.36741935483868,0.000923,0.001082,0.001926,18.145483870967748,1
14446,2025-04-07 10:49:06+00:00,2025-04-07 10:49:06+00:00,207.90187499999996,0.231875,44.2925,231.13593749999995,25.602500000000006,28.7565625,2.3506250000000017,62.446562500000006,0.000965,0.001145,0.002127,18.69,1
14454,2025-04-07 10:49:16+00:00,2025-04-07 10:49:16+00:00,174.4336363636364,0.2127272727272727,44.46939393939395,195.3266666666667,25.601818181818192,28.347878787878795,2.008484848484848,63.35363636363637,0.000935,0.001086,0.001972,18.86757575757576,1
14468,2025-04-07 10:49:35+00:00,2025-04-07 10:49:35+00:00,78.76375,0.2075,44.05968749999997,95.32218749999998,25.6334375,27.08500000000001,0.5940625,64.95937499999998,0.000877,0.000798,0.00131,18.42624999999997,1
14499,2025-04-07 10:50:15+00:00,2025-04-07 10:50:15+00:00,59.90516129032259,0.1848387096774193,43.1216129032258,72.5548387096774,25.711612903225816,26.537419354838693,0.6029032258064515,65.0261290322581,0.000811,0.0007,0.000884,17.409999999999986,1
14506,2025-04-07 10:50:24+00:00,2025-04-07 10:50:24+00:00,102.02636363636364,0.1809090909090909,43.26939393939393,117.59727272727274,25.706363636363648,27.090303030303044,1.3203030303030308,64.28363636363636,0.000835,0.000731,0.001069,17.56303030303028,1
14508,2025-04-07 10:50:27+00:00,2025-04-07 10:50:27+00:00,118.41870967741936,0.2058064516129032,43.25935483870969,135.03741935483868,25.712258064516156,27.290322580645164,1.4787096774193549,64.11645161290323,0.000886,0.000768,0.001152,17.547096774193538,1
14526,2025-04-07 10:50:51+00:00,2025-04-07 10:50:51+00:00,212.99696969696967,0.2266666666666667,43.83484848484848,236.0960606060605,25.769393939393925,28.78030303030303,2.4660606060606063,62.20515151515153,0.000931,0.001079,0.001913,18.065454545454557,1
14568,2025-04-07 10:51:46+00:00,2025-04-07 10:51:46+00:00,36.28225806451613,0.1829032258064516,43.78064516129032,48.27032258064515,25.80870967741934,26.610967741935493,0.6938709677419355,65.6832258064516,0.00081,0.000698,0.000993,17.971935483870976,1
14583,2025-04-07 10:52:05+00:00,2025-04-07 10:52:05+00:00,27.481333333333325,0.1599999999999999,43.28066666666665,38.229333333333344,25.83066666666668,26.348000000000003,0.6490000000000001,65.69066666666664,0.000736,0.00066,0.000811,17.44999999999997,1
14589,2025-04-07 10:52:13+00:00,2025-04-07 10:52:13+00:00,52.11166666666666,0.1866666666666667,43.255,64.38033333333333,25.84800000000001,26.597000000000005,0.6296666666666668,65.15433333333333,0.000764,0.000688,0.000886,17.406999999999986,1
14598,2025-04-07 10:52:25+00:00,2025-04-07 10:52:25+00:00,107.7642857142857,0.1957142857142856,43.31071428571427,123.01428571428563,25.872857142857143,27.318214285714284,1.3939285714285716,64.20357142857141,0.00093,0.000752,0.001089,17.437857142857123,1
14610,2025-04-07 10:52:41+00:00,2025-04-07 10:52:41+00:00,184.5885294117648,0.2252941176470589,43.59911764705882,205.0691176470588,25.90558823529411,28.435882352941164,2.120588235294118,62.89000000000001,0.000912,0.000927,0.001607,17.693529411764708,1
14615,2025-04-07 10:52:47+00:00,2025-04-07 10:52:47+00:00,204.5193548387096,0.2358064516129032,43.79387096774191,226.5674193548388,25.909354838709664,28.80129032258064,2.3400000000000003,62.48451612903226,0.000922,0.001032,0.001827,17.884516129032246,1
14619,2025-04-07 10:52:53+00:00,2025-04-07 10:52:53+00:00,216.82371428571432,0.2360000000000001,44.03057142857141,239.01771428571425,25.93885714285716,29.06,2.5025714285714287,62.276857142857146,0.000933,0.001107,0.001957,18.091714285714254,1
14638,2025-04-07 10:53:18+00:00,2025-04-07 10:53:18+00:00,166.350625,0.218125,44.68843749999999,186.6809375,25.96687500000002,28.646562499999987,1.9778124999999995,63.35718750000001,0.000921,0.00108,0.001934,18.721562499999973,1
14650,2025-04-07 10:53:36+00:00,2025-04-07 10:53:36+00:00,76.12321428571428,0.1889285714285715,44.234285714285726,91.32964285714286,25.992500000000007,27.403214285714288,0.6492857142857146,64.86071428571427,0.000929,0.000798,0.00129,18.24178571428572,1
14671,2025-04-07 10:54:05+00:00,2025-04-07 10:54:05+00:00,26.881428571428568,0.1757142857142857,43.37749999999998,38.46285714285715,26.04642857142856,26.589285714285715,0.6414285714285716,65.53892857142857,0.000781,0.000674,0.000798,17.331071428571423,1
14674,2025-04-07 10:54:09+00:00,2025-04-07 10:54:09+00:00,38.011,0.1643333333333334,43.26633333333333,49.28366666666667,26.07766666666667,26.573999999999995,0.6430000000000003,65.43133333333331,0.000725,0.000705,0.000777,17.18866666666666,1
14678,2025-04-07 10:54:14+00:00,2025-04-07 10:54:14+00:00,54.78903225806452,0.1774193548387097,43.33645161290321,67.12806451612903,26.070645161290336,26.85903225806451,0.6458064516129035,65.24612903225805,0.000775,0.00069,0.000859,17.265806451612875,1
14679,2025-04-07 10:54:15+00:00,2025-04-07 10:54:15+00:00,58.56968750000001,0.170625,43.363125,71.05281250000002,26.059375,26.87125,0.6525000000000002,65.0821875,0.000768,0.000701,0.000844,17.303749999999997,1
14694,2025-04-07 10:54:35+00:00,2025-04-07 10:54:35+00:00,157.34645161290322,0.1958064516129032,43.5416129032258,175.68,26.090000000000007,28.202580645161305,1.917741935483872,63.296451612903205,0.000855,0.000882,0.00132,17.45161290322579,1
14706,2025-04-07 10:54:51+00:00,2025-04-07 10:54:51+00:00,212.3828125,0.2465625000000001,44.085,235.7325,26.11343750000001,29.1775,2.4990624999999995,62.20718750000001,0.000915,0.001093,0.001924,17.97156249999999,1
14711,2025-04-07 10:54:57+00:00,2025-04-07 10:54:57+00:00,219.54172413793103,0.2327586206896552,44.2406896551724,242.2034482758621,26.128965517241376,29.250000000000004,2.640344827586208,62.317931034482754,0.000938,0.001146,0.002048,18.111724137931027,1
14759,2025-04-07 10:56:00+00:00,2025-04-07 10:56:00+00:00,20.524827586206897,0.1710344827586207,43.49862068965517,31.011034482758618,26.20344827586208,26.60275862068965,0.716551724137931,65.82655172413791,0.000747,0.000682,0.000838,17.295172413793093,1
14768,2025-04-07 10:56:12+00:00,2025-04-07 10:56:12+00:00,46.60699999999999,0.1643333333333333,43.43366666666667,58.11299999999999,26.22500000000001,26.87033333333333,0.7613333333333336,65.25833333333331,0.000793,0.000686,0.000855,17.208666666666655,1
14795,2025-04-07 10:56:49+00:00,2025-04-07 10:56:49+00:00,209.60724137931032,0.2365517241379311,44.0741379310345,230.57379310344825,26.2803448275862,29.191724137931036,2.451724137931034,62.34068965517241,0.000927,0.001053,0.001883,17.793793103448298,1
14796,2025-04-07 10:56:50+00:00,2025-04-07 10:56:50+00:00,210.72483870967736,0.2145161290322581,44.103870967741926,232.86774193548385,26.28999999999999,29.254193548387097,2.4738709677419357,62.37580645161292,0.000928,0.001058,0.001919,17.813870967741938,1
14812,2025-04-07 10:57:11+00:00,2025-04-07 10:57:11+00:00,195.45129032258063,0.2441935483870967,44.81258064516128,218.36709677419344,26.30064516129031,29.293225806451616,2.3038709677419367,62.77580645161292,0.000968,0.001142,0.002081,18.51193548387097,1
14853,2025-04-07 10:58:05+00:00,2025-04-07 10:58:05+00:00,26.86129032258065,0.1832258064516128,43.58032258064517,38.48258064516129,26.359354838709688,26.85612903225806,0.7332258064516131,65.67903225806451,0.000747,0.000712,0.000867,17.220967741935485,1
14887,2025-04-07 10:58:49+00:00,2025-04-07 10:58:49+00:00,208.71696969696967,0.2245454545454547,44.140303030303016,230.31181818181813,26.42090909090908,29.341818181818173,2.4190909090909103,62.40545454545452,0.000963,0.001025,0.001888,17.71939393939394,1
14892,2025-04-07 10:58:56+00:00,2025-04-07 10:58:56+00:00,218.3387096774193,0.2361290322580645,44.40451612903227,240.91000000000005,26.426129032258064,29.588387096774195,2.548709677419355,62.185483870967744,0.000957,0.001126,0.002027,17.978387096774203,1
14899,2025-04-07 10:59:05+00:00,2025-04-07 10:59:05+00:00,212.59312499999996,0.21875,44.763125,234.35531250000005,26.451875000000012,29.60562500000001,2.503124999999999,62.35281249999999,0.000982,0.001118,0.002132,18.311249999999987,1
14921,2025-04-07 10:59:34+00:00,2025-04-07 10:59:34+00:00,87.87161290322584,0.1887096774193548,44.59225806451612,103.29193548387096,26.48129032258065,28.047096774193545,1.1845161290322574,64.71290322580647,0.000867,0.000803,0.001305,18.110967741935468,1
14923,2025-04-07 10:59:36+00:00,2025-04-07 10:59:36+00:00,78.11206896551725,0.1824137931034483,44.61586206896551,92.69103448275864,26.46379310344828,27.95793103448276,0.6162068965517239,64.78344827586207,0.0009,0.000835,0.001284,18.152068965517223,1
14934,2025-04-07 10:59:51+00:00,2025-04-07 10:59:51+00:00,25.745312500000004,0.1696875,43.98593750000001,37.15437500000001,26.531562499999986,27.0990625,0.6525000000000002,65.7965625,0.000797,0.000708,0.000941,17.454375000000027,1
14955,2025-04-07 11:00:18+00:00,2025-04-07 11:00:18+00:00,69.89566666666664,0.1963333333333334,43.703,83.70866666666666,26.56866666666668,27.50366666666667,0.5816666666666667,64.9636666666667,0.0008,0.000694,0.000896,17.134333333333323,1
14979,2025-04-07 11:00:50+00:00,2025-04-07 11:00:50+00:00,209.785,0.2346666666666667,44.24,231.3346666666666,26.61166666666667,29.546000000000003,2.3666666666666663,62.38366666666669,0.000938,0.001038,0.001919,17.62833333333333,1
14990,2025-04-07 11:01:04+00:00,2025-04-07 11:01:04+00:00,215.6386666666667,0.2443333333333333,44.85033333333332,238.04133333333337,26.610000000000007,29.800666666666668,2.4613333333333345,62.283000000000015,0.000987,0.001136,0.002153,18.24033333333331,1
14994,2025-04-07 11:01:11+00:00,2025-04-07 11:01:11+00:00,199.0606896551724,0.2100000000000001,45.04413793103448,218.76517241379315,26.60517241379311,29.65689655172414,2.2182758620689653,62.56137931034484,0.000974,0.001106,0.002112,18.43896551724137,1
15000,2025-04-07 11:01:19+00:00,2025-04-07 11:01:19+00:00,164.5258620689655,0.2075862068965517,45.08965517241376,184.40551724137936,26.62862068965517,29.243448275862068,1.9106896551724133,63.20931034482759,0.000942,0.001048,0.001939,18.461034482758595,1
15014,2025-04-07 11:01:37+00:00,2025-04-07 11:01:37+00:00,73.71757575757573,0.1775757575757575,44.64757575757578,88.86939393939394,26.64848484848484,28.043030303030296,0.5799999999999997,64.8787878787879,0.00086,0.000807,0.001319,17.999090909090942,1
15020,2025-04-07 11:01:45+00:00,2025-04-07 11:01:45+00:00,41.03655172413794,0.173448275862069,44.29896551724136,53.4758620689655,26.660689655172405,27.53068965517243,0.5741379310344829,65.58862068965516,0.000808,0.000733,0.001026,17.63827586206896,1
15036,2025-04-07 11:02:06+00:00,2025-04-07 11:02:06+00:00,27.562413793103467,0.173448275862069,43.73344827586206,38.45172413793104,26.684827586206914,27.16758620689657,0.570344827586207,65.6258620689655,0.000815,0.000683,0.000795,17.048620689655145,1
15041,2025-04-07 11:02:12+00:00,2025-04-07 11:02:12+00:00,44.7640625,0.1846875,43.69375,56.2646875,26.720937500000005,27.330312500000005,0.5700000000000002,65.43874999999997,0.00077,0.000688,0.000894,16.97281249999999,1
15049,2025-04-07 11:02:23+00:00,2025-04-07 11:02:23+00:00,92.9783333333333,0.201,43.83933333333335,108.23233333333332,26.718333333333348,27.97,1.3106666666666658,64.326,0.00082,0.000751,0.000954,17.121000000000002,1
15058,2025-04-07 11:02:35+00:00,2025-04-07 11:02:35+00:00,154.72448275862067,0.1893103448275862,43.937931034482766,172.38655172413797,26.71862068965519,28.804827586206905,1.8058620689655176,63.43206896551725,0.000878,0.000788,0.0013,17.219310344827576,1
15061,2025-04-07 11:02:38+00:00,2025-04-07 11:02:38+00:00,169.10866666666666,0.2143333333333333,44.02,187.6680000000001,26.74166666666667,29.01533333333333,1.9299999999999995,63.29300000000002,0.000895,0.000852,0.001451,17.278333333333325,1
15064,2025-04-07 11:02:42+00:00,2025-04-07 11:02:42+00:00,185.75906250000008,0.2221875000000001,44.06874999999999,205.3409375,26.7509375,29.262812500000003,2.1009375,62.70687500000001,0.000954,0.000936,0.001604,17.317812499999988,1
15066,2025-04-07 11:02:45+00:00,2025-04-07 11:02:45+00:00,196.41321428571428,0.2217857142857144,44.18035714285713,217.5928571428572,26.73857142857144,29.464642857142863,2.2225000000000006,62.61357142857141,0.000973,0.000941,0.001758,17.441785714285693,1
15071,2025-04-07 11:02:52+00:00,2025-04-07 11:02:52+00:00,213.4296875,0.2390625,44.501875,236.6190625,26.76906249999999,29.8065625,2.460937499999999,62.1565625,0.00094,0.001079,0.001942,17.73281250000001,1
15079,2025-04-07 11:03:02+00:00,2025-04-07 11:03:02+00:00,218.253,0.2486666666666666,44.84933333333332,239.60966666666675,26.784999999999997,29.94533333333333,2.526333333333334,62.16366666666667,0.000984,0.001149,0.002096,18.064333333333327,1
15127,2025-04-07 11:04:06+00:00,2025-04-07 11:04:06+00:00,28.293666666666677,0.1599999999999999,43.81233333333332,38.595,26.83566666666667,27.32233333333334,0.5700000000000002,65.62266666666667,0.000715,0.000754,0.000887,16.976666666666652,1
15156,2025-04-07 11:04:44+00:00,2025-04-07 11:04:44+00:00,193.5478571428572,0.215,44.243214285714274,212.88464285714284,26.881071428571428,29.54392857142857,2.1707142857142867,63.01964285714286,0.000941,0.00094,0.001701,17.362142857142846,1
15161,2025-04-07 11:04:51+00:00,2025-04-07 11:04:51+00:00,212.09064516129027,0.2370967741935485,44.470645161290335,233.73645161290327,26.913548387096768,29.8841935483871,2.4241935483870973,62.40612903225806,0.000944,0.001068,0.001906,17.557096774193568,1
15167,2025-04-07 11:04:59+00:00,2025-04-07 11:04:59+00:00,219.4936363636364,0.2339393939393939,44.84727272727272,241.5890909090909,26.91333333333333,30.14727272727274,2.553333333333333,62.206666666666656,0.000994,0.001143,0.00207,17.933939393939387,1
15173,2025-04-07 11:05:07+00:00,2025-04-07 11:05:07+00:00,208.5656666666666,0.217,45.09066666666666,230.94600000000003,26.919666666666668,30.053333333333324,2.3933333333333326,62.49933333333336,0.001,0.001138,0.002132,18.17099999999999,1
15180,2025-04-07 11:05:16+00:00,2025-04-07 11:05:16+00:00,179.54187499999998,0.2096875,45.2296875,199.269375,26.934375,29.751562499999995,2.0406250000000004,63.10906250000003,0.001,0.001104,0.001997,18.29531250000001,1
15251,2025-04-07 11:06:50+00:00,2025-04-07 11:06:50+00:00,210.21551724137927,0.23,44.57103448275862,231.3451724137931,27.09551724137932,30.00689655172413,2.3913793103448278,62.38448275862071,0.000943,0.001044,0.001865,17.4755172413793,1
15258,2025-04-07 11:06:59+00:00,2025-04-07 11:06:59+00:00,219.8375757575757,0.2360606060606061,44.929393939393954,241.3469696969697,27.099393939393952,30.31757575757576,2.5630303030303017,62.22606060606061,0.000984,0.001142,0.002071,17.830000000000002,1
15285,2025-04-07 11:07:35+00:00,2025-04-07 11:07:35+00:00,85.64441176470591,0.1911764705882352,45.05764705882353,100.66647058823526,27.141176470588224,28.639411764705883,0.9617647058823529,64.72970588235293,0.000868,0.000795,0.001305,17.916470588235303,1
15287,2025-04-07 11:07:37+00:00,2025-04-07 11:07:37+00:00,75.92612903225807,0.2067741935483871,44.94193548387098,91.63387096774191,27.154193548387088,28.53419354838709,0.6016129032258061,64.78032258064516,0.000889,0.000769,0.001317,17.78774193548389,1
15290,2025-04-07 11:07:41+00:00,2025-04-07 11:07:41+00:00,58.423666666666655,0.1773333333333334,44.818333333333335,71.70733333333335,27.14866666666666,28.26200000000001,0.5700000000000002,65.26299999999999,0.00086,0.000784,0.001156,17.669666666666675,1
15293,2025-04-07 11:07:45+00:00,2025-04-07 11:07:45+00:00,43.83214285714286,0.1678571428571428,44.67107142857144,56.04178571428572,27.14678571428571,28.050000000000004,0.5700000000000002,65.43714285714286,0.000815,0.000757,0.001051,17.52428571428573,1
15325,2025-04-07 11:08:27+00:00,2025-04-07 11:08:27+00:00,111.5851612903226,0.1993548387096774,44.12032258064516,127.06483870967746,27.204838709677432,28.67129032258064,1.4019354838709677,64.16612903225806,0.000852,0.000776,0.001114,16.915483870967726,1
15330,2025-04-07 11:08:34+00:00,2025-04-07 11:08:34+00:00,146.6893333333333,0.1906666666666667,44.18800000000001,165.03533333333334,27.231000000000005,29.20066666666667,1.7476666666666674,63.48133333333335,0.000878,0.000822,0.001259,16.957000000000004,1
15340,2025-04-07 11:08:47+00:00,2025-04-07 11:08:47+00:00,200.96677419354845,0.2364516129032258,44.52645161290321,222.29419354838709,27.26451612903225,30.03967741935484,2.2964516129032257,62.629677419354856,0.00092,0.000984,0.001792,17.261935483870957,1
15341,2025-04-07 11:08:48+00:00,2025-04-07 11:08:48+00:00,202.7921212121212,0.2118181818181819,44.59151515151513,224.1554545454545,27.25454545454545,30.07333333333333,2.313333333333332,62.47393939393939,0.000936,0.001005,0.001809,17.33696969696968,1
15389,2025-04-07 11:09:51+00:00,2025-04-07 11:09:51+00:00,27.28533333333333,0.1773333333333333,44.56000000000001,39.20066666666666,27.33300000000001,27.98200000000001,0.589,65.65633333333335,0.000773,0.000688,0.000959,17.227000000000004,1
15426,2025-04-07 11:10:41+00:00,2025-04-07 11:10:41+00:00,178.303,0.2200000000000001,44.48166666666668,198.62066666666675,27.39266666666666,29.88233333333333,2.06,63.132666666666665,0.000895,0.000872,0.001534,17.089000000000024,1
15432,2025-04-07 11:10:49+00:00,2025-04-07 11:10:49+00:00,206.1732258064516,0.2380645161290323,44.72129032258064,227.7322580645161,27.40096774193547,30.329032258064533,2.429032258064516,62.518709677419366,0.000941,0.001021,0.001844,17.320322580645172,1
15434,2025-04-07 11:10:51+00:00,2025-04-07 11:10:51+00:00,211.4223529411764,0.2308823529411765,44.820294117647066,232.754705882353,27.42352941176469,30.418235294117647,2.4729411764705875,62.3458823529412,0.000929,0.001062,0.001902,17.396764705882376,1
15435,2025-04-07 11:10:53+00:00,2025-04-07 11:10:53+00:00,213.98000000000013,0.226875,44.9034375,236.146875,27.42531249999999,30.470937499999984,2.532500000000001,62.19406250000001,0.000934,0.001069,0.001932,17.478125000000013,1
15455,2025-04-07 11:11:19+00:00,2025-04-07 11:11:19+00:00,168.631935483871,0.2138709677419355,45.61516129032261,188.44612903225809,27.459677419354847,30.12806451612904,1.9822580645161283,63.16806451612906,0.00093,0.001055,0.001911,18.155483870967764,1
15457,2025-04-07 11:11:21+00:00,2025-04-07 11:11:21+00:00,160.27870967741936,0.2019354838709678,45.63903225806451,178.99741935483868,27.45838709677421,30.03032258064516,1.9235483870967744,63.22709677419357,0.000938,0.001004,0.001854,18.1806451612903,1
15468,2025-04-07 11:11:36+00:00,2025-04-07 11:11:36+00:00,82.13033333333331,0.1903333333333333,45.28133333333332,97.71033333333332,27.480333333333345,28.982333333333333,0.8009999999999992,64.811,0.000855,0.000806,0.001312,17.80099999999997,1
15479,2025-04-07 11:11:50+00:00,2025-04-07 11:11:50+00:00,30.614838709677425,0.1903225806451613,44.70645161290323,41.92612903225806,27.477741935483884,28.209999999999997,0.575483870967742,65.78064516129034,0.000778,0.00072,0.000936,17.228709677419346,1
15484,2025-04-07 11:11:57+00:00,2025-04-07 11:11:57+00:00,19.875333333333334,0.163,44.42400000000001,30.91733333333334,27.500333333333337,27.995000000000005,0.5723333333333335,65.845,0.000763,0.000661,0.000858,16.92366666666667,1
15489,2025-04-07 11:12:03+00:00,2025-04-07 11:12:03+00:00,22.32393939393939,0.1790909090909091,44.24969696969698,32.88242424242423,27.50878787878787,27.91999999999999,0.5700000000000002,65.81060606060605,0.000786,0.000721,0.000783,16.740909090909106,1
15491,2025-04-07 11:12:06+00:00,2025-04-07 11:12:06+00:00,27.31344827586208,0.17,44.27896551724137,37.30482758620689,27.53482758620689,28.02758620689655,0.5696551724137933,65.90999999999998,0.000717,0.000689,0.000816,16.744137931034476,1
15495,2025-04-07 11:12:11+00:00,2025-04-07 11:12:11+00:00,39.467407407407386,0.1796296296296296,44.21,50.75629629629631,27.53074074074073,28.094074074074072,0.5788888888888889,65.58925925925926,0.00079,0.000704,0.000806,16.679259259259272,1
15520,2025-04-07 11:12:44+00:00,2025-04-07 11:12:44+00:00,189.50931034482764,0.2189655172413794,44.677931034482775,209.9596551724138,27.56655172413793,30.18,2.213103448275862,62.80793103448276,0.000932,0.00092,0.00167,17.11137931034484,1
15534,2025-04-07 11:13:04+00:00,2025-04-07 11:13:04+00:00,216.48249999999996,0.21375,45.450937500000016,236.929375,27.596250000000012,30.790624999999988,2.580937500000001,62.29812499999997,0.001002,0.001119,0.002102,17.8546875,1
15576,2025-04-07 11:14:00+00:00,2025-04-07 11:14:00+00:00,19.668750000000014,0.1678125,44.5025,29.949062499999997,27.6265625,28.115625000000005,0.6425000000000003,65.9521875,0.000739,0.000663,0.000857,16.8759375,1
15610,2025-04-07 11:14:45+00:00,2025-04-07 11:14:45+00:00,191.81625000000008,0.2175,44.76656249999999,212.39999999999984,27.70906250000001,30.3840625,2.2406250000000005,62.73812499999999,0.000931,0.000936,0.001672,17.057499999999973,1
15628,2025-04-07 11:15:08+00:00,2025-04-07 11:15:08+00:00,208.09000000000003,0.2278125000000001,45.6609375,229.8884375,27.7490625,30.88812500000001,2.473125,62.40468750000003,0.001003,0.001143,0.002181,17.911874999999995,1
15660,2025-04-07 11:15:50+00:00,2025-04-07 11:15:50+00:00,31.234516129032265,0.1541935483870968,44.8267741935484,41.559032258064526,27.77935483870967,28.471935483870965,0.6235483870967741,65.67580645161291,0.000791,0.000709,0.000956,17.047419354838727,1
15683,2025-04-07 11:16:20+00:00,2025-04-07 11:16:20+00:00,73.55464285714285,0.1985714285714286,44.4142857142857,86.79071428571429,27.812857142857137,28.764642857142853,0.6192857142857141,64.92071428571428,0.000787,0.00071,0.000911,16.601428571428567,1
15751,2025-04-07 11:17:49+00:00,2025-04-07 11:17:49+00:00,34.087666666666664,0.1683333333333334,45.01466666666666,45.00166666666667,27.910333333333323,28.666000000000007,0.661,65.67633333333333,0.000789,0.000721,0.000993,17.10433333333334,1
15769,2025-04-07 11:18:13+00:00,2025-04-07 11:18:13+00:00,44.13266666666669,0.1826666666666667,44.51833333333334,55.51366666666669,27.94066666666666,28.617000000000004,0.6966666666666667,65.41666666666667,0.000752,0.000688,0.000823,16.577666666666676,1
15774,2025-04-07 11:18:20+00:00,2025-04-07 11:18:20+00:00,73.95689655172416,0.1982758620689655,44.52724137931033,85.65620689655174,27.94448275862069,28.89586206896551,0.7175862068965518,64.76172413793105,0.000855,0.000713,0.000922,16.582758620689642,1
15819,2025-04-07 11:19:19+00:00,2025-04-07 11:19:19+00:00,171.64787878787877,0.2042424242424242,45.99787878787879,190.53696969696972,28.012727272727272,30.683333333333326,2.182121212121212,63.35060606060607,0.000939,0.00107,0.001942,17.985151515151518,1
15833,2025-04-07 11:19:37+00:00,2025-04-07 11:19:37+00:00,82.34968749999999,0.1934375,45.61593749999999,96.21499999999996,28.05406249999998,29.513750000000016,0.993125,64.94718750000001,0.00089,0.000792,0.0013,17.561875000000008,1
15852,2025-04-07 11:20:03+00:00,2025-04-07 11:20:03+00:00,21.049666666666667,0.174,44.62933333333332,31.39533333333333,28.072333333333333,28.477999999999994,0.6286666666666665,65.79766666666666,0.00072,0.000658,0.000855,16.556999999999988,1
15859,2025-04-07 11:20:12+00:00,2025-04-07 11:20:12+00:00,40.55125000000002,0.1815624999999999,44.581249999999976,52.0484375,28.095312500000013,28.6825,0.5968749999999997,65.46312499999999,0.000733,0.000688,0.000841,16.485937499999963,1
15861,2025-04-07 11:20:15+00:00,2025-04-07 11:20:15+00:00,50.17937500000001,0.1778124999999999,44.584375,62.92968749999999,28.087500000000016,28.799375,0.5831249999999999,65.315,0.000791,0.000653,0.000862,16.496874999999978,1
15871,2025-04-07 11:20:28+00:00,2025-04-07 11:20:28+00:00,112.07718749999997,0.21125,44.63093750000001,127.04031249999998,28.08875000000001,29.55999999999999,1.4284375000000007,64.1846875,0.000899,0.000762,0.001122,16.542187499999997,1
15895,2025-04-07 11:21:00+00:00,2025-04-07 11:21:00+00:00,219.8893548387096,0.2274193548387097,45.63064516129033,240.82838709677412,28.12451612903226,31.28225806451612,2.61741935483871,62.12935483870965,0.000979,0.001147,0.002103,17.506129032258073,1
15917,2025-04-07 11:21:28+00:00,2025-04-07 11:21:28+00:00,129.17484848484847,0.1957575757575758,46.036969696969685,145.4369696969697,28.18818181818184,30.324848484848488,1.7212121212121214,63.9978787878788,0.000941,0.000893,0.001611,17.848787878787846,1
15926,2025-04-07 11:21:40+00:00,2025-04-07 11:21:40+00:00,67.59625,0.1759374999999999,45.54031250000001,80.90875000000004,28.175,29.4046875,0.7637499999999998,65.15968750000002,0.000887,0.000827,0.001269,17.365312500000016,1
15950,2025-04-07 11:22:12+00:00,2025-04-07 11:22:12+00:00,39.3871875,0.1846875,44.625937500000006,51.057499999999976,28.2003125,28.78718750000001,0.8284374999999999,65.531875,0.000739,0.000644,0.000872,16.425625000000007,1
15967,2025-04-07 11:22:34+00:00,2025-04-07 11:22:34+00:00,141.65310344827586,0.1996551724137931,44.81448275862069,157.87689655172417,28.226896551724156,30.102758620689656,1.914827586206897,63.81586206896552,0.000928,0.000807,0.001314,16.587586206896532,1
15971,2025-04-07 11:22:39+00:00,2025-04-07 11:22:39+00:00,165.39,0.2053333333333333,44.90066666666668,184.57666666666665,28.244666666666664,30.45266666666667,2.0823333333333336,63.20466666666665,0.00093,0.000836,0.00139,16.656000000000017,1
15984,2025-04-07 11:22:56+00:00,2025-04-07 11:22:56+00:00,217.62687500000007,0.2246875,45.55625,238.6184374999999,28.242812500000003,31.403125,2.6971875,62.26,0.00096,0.0011,0.002019,17.313437499999996,1
15991,2025-04-07 11:23:05+00:00,2025-04-07 11:23:05+00:00,215.89433333333344,0.2309999999999999,45.95166666666666,237.0583333333333,28.258666666666663,31.513333333333332,2.6983333333333337,62.323,0.001021,0.001146,0.002211,17.692999999999998,1
15994,2025-04-07 11:23:09+00:00,2025-04-07 11:23:09+00:00,207.4158620689656,0.2255172413793102,46.058965517241376,229.23448275862071,28.26862068965517,31.34965517241379,2.562068965517242,62.47931034482759,0.001003,0.001143,0.002205,17.790344827586207,1
16020,2025-04-07 11:23:43+00:00,2025-04-07 11:23:43+00:00,56.30733333333333,0.1953333333333334,45.54966666666666,69.98166666666664,28.297999999999995,29.380000000000003,0.6466666666666667,65.25033333333333,0.000831,0.000779,0.001168,17.251666666666665,1
16032,2025-04-07 11:23:59+00:00,2025-04-07 11:23:59+00:00,19.580000000000005,0.1758064516129032,44.87645161290322,30.03935483870968,28.32870967741936,28.778387096774207,0.6812903225806451,66.03645161290324,0.000754,0.00067,0.000883,16.54774193548386,1
16034,2025-04-07 11:24:02+00:00,2025-04-07 11:24:02+00:00,20.956333333333344,0.1763333333333334,44.83066666666666,30.425,28.33,28.770666666666664,0.6773333333333332,65.71700000000003,0.000733,0.000696,0.000879,16.50066666666666,1
16039,2025-04-07 11:24:08+00:00,2025-04-07 11:24:08+00:00,28.3296875,0.1765625,44.74343750000001,39.6978125,28.318749999999994,28.84,0.6903125,65.6709375,0.000707,0.000706,0.000849,16.42468750000002,1
16083,2025-04-07 11:25:06+00:00,2025-04-07 11:25:06+00:00,214.06354838709677,0.232258064516129,46.02612903225805,236.03516129032252,28.36741935483872,31.598387096774182,2.638709677419355,62.25096774193548,0.00102,0.001152,0.002233,17.65870967741933,1
16090,2025-04-07 11:25:15+00:00,2025-04-07 11:25:15+00:00,190.20548387096773,0.2087096774193549,46.28838709677421,210.2809677419356,28.39709677419354,31.331612903225803,2.29,62.892580645161296,0.001015,0.001135,0.002106,17.89129032258067,1
16119,2025-04-07 11:25:53+00:00,2025-04-07 11:25:53+00:00,26.281290322580645,0.1732258064516128,45.18935483870968,36.65129032258066,28.45193548387098,29.034193548387105,0.6545161290322582,65.71774193548389,0.000771,0.00072,0.000951,16.737419354838696,1
16166,2025-04-07 11:26:55+00:00,2025-04-07 11:26:55+00:00,215.3316129032259,0.2170967741935483,45.66161290322582,236.8416129032258,28.53419354838709,31.585161290322592,2.6383870967741934,62.112580645161295,0.000941,0.001099,0.00198,17.127419354838732,1
16177,2025-04-07 11:27:09+00:00,2025-04-07 11:27:09+00:00,208.21133333333327,0.2226666666666667,46.21000000000001,229.58800000000008,28.53199999999998,31.654,2.553333333333333,62.361,0.000992,0.001144,0.00217,17.67800000000003,1
16183,2025-04-07 11:27:18+00:00,2025-04-07 11:27:18+00:00,178.9424999999999,0.2225,46.4203125,199.204375,28.538749999999983,31.352812499999988,2.1821874999999995,62.98968749999999,0.00096,0.001078,0.001988,17.881562500000015,1
16199,2025-04-07 11:27:39+00:00,2025-04-07 11:27:39+00:00,74.00233333333337,0.1909999999999999,45.87066666666665,88.29533333333332,28.55866666666666,29.90633333333334,0.6839999999999999,64.86766666666668,0.000882,0.00082,0.001324,17.31199999999999,1
16200,2025-04-07 11:27:41+00:00,2025-04-07 11:27:41+00:00,65.87733333333334,0.191,45.80966666666667,79.98633333333328,28.57333333333335,29.789,0.6463333333333335,65.05333333333336,0.000865,0.000812,0.001286,17.236333333333324,1
16210,2025-04-07 11:27:54+00:00,2025-04-07 11:27:54+00:00,24.229354838709675,0.1764516129032258,45.2793548387097,35.98903225806453,28.58548387096774,29.1367741935484,0.649032258064516,65.6822580645161,0.000759,0.000742,0.000956,16.69387096774196,1
16221,2025-04-07 11:28:08+00:00,2025-04-07 11:28:08+00:00,27.62000000000001,0.163448275862069,44.98137931034484,38.24999999999999,28.58310344827587,29.08724137931033,0.6765517241379311,65.80931034482755,0.000705,0.000708,0.000818,16.398275862068964,1
16222,2025-04-07 11:28:09+00:00,2025-04-07 11:28:09+00:00,29.79800000000001,0.1699999999999999,44.90466666666669,40.16633333333335,28.573666666666668,29.08433333333332,0.6546666666666667,65.66266666666668,0.000745,0.000745,0.000838,16.331000000000024,1
16233,2025-04-07 11:28:24+00:00,2025-04-07 11:28:24+00:00,87.69911764705884,0.2008823529411765,44.95911764705885,102.21117647058828,28.60470588235296,29.744705882352942,1.2823529411764705,64.52499999999998,0.00082,0.000756,0.001016,16.35441176470589,1
16235,2025-04-07 11:28:26+00:00,2025-04-07 11:28:26+00:00,98.74848484848486,0.1806060606060606,44.9309090909091,112.92727272727276,28.61757575757576,29.90363636363637,1.414848484848485,64.48333333333332,0.000815,0.000795,0.001072,16.313333333333336,1
16250,2025-04-07 11:28:46+00:00,2025-04-07 11:28:46+00:00,191.92096774193556,0.2212903225806451,45.34580645161288,211.76032258064515,28.625483870967734,31.27290322580645,2.3425806451612914,62.66387096774194,0.000905,0.000972,0.001701,16.720322580645142,1
16265,2025-04-07 11:29:06+00:00,2025-04-07 11:29:06+00:00,215.71187499999985,0.2246875,46.1984375,236.3771875,28.661562499999988,31.869375,2.6596875000000004,62.20093749999999,0.000997,0.001197,0.00221,17.53687500000001,1
16271,2025-04-07 11:29:14+00:00,2025-04-07 11:29:14+00:00,195.10066666666663,0.209,46.423,214.97566666666663,28.654999999999998,31.671666666666656,2.3723333333333327,62.701000000000015,0.000974,0.00115,0.002127,17.768,1
16299,2025-04-07 11:29:52+00:00,2025-04-07 11:29:52+00:00,29.50727272727273,0.1696969696969696,45.46454545454547,40.506969696969705,28.72969696969698,29.35151515151515,0.6478787878787878,65.65515151515152,0.000784,0.000734,0.000989,16.73484848484849,1
16365,2025-04-07 11:31:19+00:00,2025-04-07 11:31:19+00:00,175.80870967741936,0.217741935483871,46.51129032258064,195.17000000000007,28.825161290322583,31.590322580645168,2.1554838709677417,62.91612903225807,0.000948,0.001069,0.001988,17.68612903225805,1
16401,2025-04-07 11:32:07+00:00,2025-04-07 11:32:07+00:00,25.2665625,0.1709375,45.09437500000002,35.26187499999999,28.85562500000001,29.285312500000003,0.6387500000000005,65.75406250000002,0.00068,0.000696,0.000842,16.238750000000007,1
16421,2025-04-07 11:32:33+00:00,2025-04-07 11:32:33+00:00,132.6506666666667,0.1806666666666667,45.25566666666667,147.78266666666664,28.88266666666666,30.656,1.7276666666666671,63.71366666666668,0.000881,0.000803,0.001256,16.37300000000001,1
16465,2025-04-07 11:33:33+00:00,2025-04-07 11:33:33+00:00,106.7630303030303,0.2218181818181819,46.43636363636364,123.42696969696966,28.9448484848485,30.78090909090909,1.515757575757576,64.30151515151513,0.00088,0.000857,0.001467,17.491515151515138,1
16485,2025-04-07 11:33:59+00:00,2025-04-07 11:33:59+00:00,20.084333333333337,0.155,45.38999999999999,29.585,28.98200000000001,29.453333333333337,0.6366666666666669,65.93733333333333,0.000722,0.000669,0.000878,16.407999999999983,1
16488,2025-04-07 11:34:03+00:00,2025-04-07 11:34:03+00:00,20.58235294117647,0.1817647058823529,45.25323529411765,31.219117647058823,28.96764705882355,29.39176470588237,0.6400000000000002,65.98735294117647,0.00072,0.000658,0.000856,16.285588235294092,1
16497,2025-04-07 11:34:15+00:00,2025-04-07 11:34:15+00:00,46.91741935483872,0.1567741935483871,45.16870967741937,56.92806451612905,29.00451612903225,29.637419354838716,0.6199999999999999,65.32193548387099,0.000795,0.000706,0.000886,16.164193548387118,1
16521,2025-04-07 11:34:47+00:00,2025-04-07 11:34:47+00:00,195.05151515151508,0.2027272727272728,45.613030303030285,213.57727272727283,29.02424242424241,31.699393939393943,2.3421212121212136,62.85666666666668,0.000937,0.000969,0.00172,16.588787878787876,1
16523,2025-04-07 11:34:51+00:00,2025-04-07 11:34:51+00:00,206.9580645161291,0.2119354838709678,45.78548387096774,226.24483870967737,29.03193548387096,31.92903225806453,2.486774193548387,62.32548387096774,0.000934,0.001032,0.001856,16.75354838709678,1
16527,2025-04-07 11:34:56+00:00,2025-04-07 11:34:56+00:00,215.979,0.2403333333333333,46.01333333333332,237.81500000000003,29.054666666666662,32.108,2.607666666666667,62.22033333333333,0.000946,0.001124,0.002037,16.95866666666666,1
16535,2025-04-07 11:35:06+00:00,2025-04-07 11:35:06+00:00,215.42137931034483,0.2351724137931034,46.41275862068966,237.5455172413793,29.05758620689653,32.207931034482755,2.6420689655172422,62.14931034482759,0.001017,0.001158,0.002248,17.355172413793124,1
16542,2025-04-07 11:35:15+00:00,2025-04-07 11:35:15+00:00,193.467,0.2226666666666667,46.66733333333331,213.13666666666663,29.055333333333337,31.992999999999995,2.309,62.951,0.000984,0.001143,0.002132,17.611999999999973,1
16555,2025-04-07 11:35:32+00:00,2025-04-07 11:35:32+00:00,112.77625,0.188125,46.52937499999998,128.40187499999996,29.067499999999995,30.9775,1.5699999999999994,64.28062499999999,0.000906,0.000858,0.00151,17.461874999999985,1
16560,2025-04-07 11:35:39+00:00,2025-04-07 11:35:39+00:00,77.912,0.1989999999999999,46.26833333333332,91.7776666666667,29.071333333333328,30.482000000000003,0.6946666666666667,64.72699999999998,0.000918,0.00083,0.001412,17.19699999999999,1
16591,2025-04-07 11:36:22+00:00,2025-04-07 11:36:22+00:00,74.889375,0.1943749999999999,45.25562499999998,87.92906249999996,29.125625000000003,30.097187500000004,0.6378125000000001,65.0790625,0.000808,0.000751,0.000981,16.129999999999978,1
16641,2025-04-07 11:37:28+00:00,2025-04-07 11:37:28+00:00,134.39935483870968,0.206774193548387,46.67516129032259,152.11580645161283,29.205483870967758,31.40387096774192,1.7464516129032248,63.855806451612935,0.000955,0.000921,0.001746,17.469677419354838,1
16647,2025-04-07 11:37:36+00:00,2025-04-07 11:37:36+00:00,92.8493548387097,0.1954838709677419,46.41870967741934,107.62387096774192,29.224516129032267,30.827419354838717,1.332580645161291,64.55580645161291,0.000872,0.000844,0.001426,17.194193548387076,1
16649,2025-04-07 11:37:38+00:00,2025-04-07 11:37:38+00:00,83.11424242424242,0.1890909090909091,46.4,97.63000000000002,29.25333333333333,30.73848484848485,1.2478787878787874,64.83848484848482,0.000878,0.000828,0.001358,17.14666666666667,1
16657,2025-04-07 11:37:49+00:00,2025-04-07 11:37:49+00:00,38.37999999999999,0.1625806451612902,45.88806451612901,48.88774193548388,29.248387096774195,30.05193548387097,0.5922580645161287,65.64806451612904,0.000819,0.00074,0.001071,16.63967741935482,1
16683,2025-04-07 11:38:23+00:00,2025-04-07 11:38:23+00:00,79.15058823529412,0.1870588235294117,45.3979411764706,92.41000000000004,29.26470588235293,30.328235294117643,0.6032352941176471,64.80352941176471,0.000791,0.000738,0.001035,16.133235294117668,1
16704,2025-04-07 11:38:50+00:00,2025-04-07 11:38:50+00:00,203.10965517241377,0.2372413793103448,45.89689655172413,223.79344827586212,29.275862068965505,32.1003448275862,2.4258620689655164,62.3855172413793,0.000939,0.001027,0.001864,16.621034482758628,1
16761,2025-04-07 11:40:06+00:00,2025-04-07 11:40:06+00:00,22.750322580645157,0.1770967741935483,45.420322580645184,33.06,29.379677419354834,29.791290322580647,0.5590322580645164,65.81387096774195,0.000705,0.000694,0.00087,16.04064516129035,1
16816,2025-04-07 11:41:18+00:00,2025-04-07 11:41:18+00:00,183.5642424242424,0.2106060606060607,46.98666666666667,202.04636363636357,29.436969696969697,32.28303030303031,2.1506060606060604,62.922121212121205,0.000976,0.001098,0.002102,17.549696969696974,1
16817,2025-04-07 11:41:20+00:00,2025-04-07 11:41:20+00:00,175.15225806451605,0.2106451612903226,46.938064516129046,193.32387096774195,29.460322580645176,32.16870967741936,2.055483870967742,63.06032258064517,0.000989,0.001094,0.00206,17.47774193548387,1
16826,2025-04-07 11:41:32+00:00,2025-04-07 11:41:32+00:00,114.87656249999996,0.193125,46.80499999999997,131.870625,29.472812500000018,31.4415625,1.5193749999999997,64.140625,0.000904,0.000894,0.001593,17.332187499999954,1
16829,2025-04-07 11:41:36+00:00,2025-04-07 11:41:36+00:00,94.64392857142856,0.1871428571428572,46.64107142857144,109.5114285714286,29.460357142857152,31.11535714285714,1.2946428571428574,64.52214285714284,0.000881,0.000873,0.00147,17.180714285714284,1
16846,2025-04-07 11:41:59+00:00,2025-04-07 11:41:59+00:00,20.18857142857143,0.1732142857142857,45.70392857142859,30.341785714285717,29.483571428571437,29.93999999999998,0.5399999999999997,66.00750000000001,0.00075,0.000668,0.000949,16.220357142857157,1
16863,2025-04-07 11:42:21+00:00,2025-04-07 11:42:21+00:00,68.15199999999999,0.189,45.53099999999999,81.21133333333331,29.523666666666653,30.416000000000007,0.5399999999999996,65.011,0.000788,0.000716,0.000977,16.00733333333333,1
16874,2025-04-07 11:42:36+00:00,2025-04-07 11:42:36+00:00,144.26862068965514,0.1910344827586207,45.68068965517242,159.93551724137924,29.52379310344826,31.43000000000001,1.7341379310344824,63.46586206896552,0.000925,0.000898,0.001377,16.156896551724163,1
16894,2025-04-07 11:43:02+00:00,2025-04-07 11:43:02+00:00,219.22727272727263,0.2372727272727272,46.57969696969696,241.29878787878792,29.54606060606061,32.716060606060594,2.6527272727272733,62.02727272727271,0.001,0.001151,0.002248,17.033636363636344,1
16903,2025-04-07 11:43:14+00:00,2025-04-07 11:43:14+00:00,198.25888888888892,0.2355555555555555,46.98703703703703,218.66185185185188,29.5485185185185,32.560740740740755,2.35851851851852,62.59481481481482,0.001017,0.001147,0.002281,17.438518518518528,1
16920,2025-04-07 11:43:36+00:00,2025-04-07 11:43:36+00:00,95.62733333333333,0.1896666666666666,46.746000000000016,110.50599999999996,29.57900000000001,31.25100000000001,1.332,64.55666666666667,0.00091,0.000887,0.001472,17.167000000000005,1
16928,2025-04-07 11:43:47+00:00,2025-04-07 11:43:47+00:00,46.96966666666666,0.1813333333333333,46.27466666666666,58.70199999999998,29.58066666666668,30.521000000000004,0.5536666666666669,65.45499999999998,0.000819,0.000789,0.001178,16.693999999999985,1
16929,2025-04-07 11:43:48+00:00,2025-04-07 11:43:48+00:00,42.354827586206895,0.1696551724137931,46.22310344827584,54.39655172413795,29.593793103448284,30.459310344827585,0.5313793103448274,65.36689655172415,0.000821,0.00076,0.001127,16.62931034482755,1
16955,2025-04-07 11:44:25+00:00,2025-04-07 11:44:25+00:00,85.68354838709676,0.1812903225806451,45.60193548387095,99.25903225806456,29.61290322580646,30.747419354838694,1.1877419354838712,64.53999999999999,0.000824,0.000777,0.001072,15.989032258064494,1
16976,2025-04-07 11:44:52+00:00,2025-04-07 11:44:52+00:00,207.2484375000001,0.2209375,46.18406250000002,227.155625,29.670624999999987,32.5275,2.441875,62.41406249999999,0.000991,0.001063,0.001989,16.51343750000003,1
16997,2025-04-07 11:45:21+00:00,2025-04-07 11:45:21+00:00,171.89483870967743,0.2009677419354839,47.15548387096774,191.0435483870968,29.67516129032258,32.354516129032255,2.0216129032258063,63.11935483870968,0.001011,0.001159,0.002056,17.48032258064516,1
17016,2025-04-07 11:45:46+00:00,2025-04-07 11:45:46+00:00,51.010000000000005,0.185,46.41299999999999,63.48966666666666,29.70433333333335,30.722,0.5419999999999996,65.35200000000002,0.000844,0.000785,0.001217,16.70866666666664,1
17034,2025-04-07 11:46:09+00:00,2025-04-07 11:46:09+00:00,27.38064516129033,0.1635483870967741,45.61258064516127,37.05064516129032,29.75290322580645,30.16451612903225,0.5319354838709675,65.78903225806451,0.000722,0.000691,0.000897,15.859677419354824,1
17041,2025-04-07 11:46:19+00:00,2025-04-07 11:46:19+00:00,58.59655172413794,0.1668965517241379,45.65206896551723,70.00482758620689,29.751379310344827,30.545172413793097,0.5458620689655175,65.17620689655172,0.000749,0.000697,0.00093,15.900689655172403,1
17044,2025-04-07 11:46:23+00:00,2025-04-07 11:46:23+00:00,76.06272727272727,0.1727272727272727,45.69848484848485,88.32090909090908,29.756666666666664,30.76454545454546,0.5399999999999996,64.76515151515149,0.000799,0.00076,0.001,15.941818181818189,1
17074,2025-04-07 11:47:02+00:00,2025-04-07 11:47:02+00:00,219.154,0.242,46.73166666666667,240.8836666666668,29.796999999999983,32.97233333333333,2.6576666666666666,62.06133333333332,0.000984,0.001145,0.002253,16.934666666666686,1
17089,2025-04-07 11:47:22+00:00,2025-04-07 11:47:22+00:00,168.47866666666658,0.207,47.19766666666668,186.81866666666664,29.798999999999985,32.44833333333334,2.0036666666666667,63.26666666666668,0.000956,0.001087,0.002035,17.398666666666692,1
17100,2025-04-07 11:47:36+00:00,2025-04-07 11:47:36+00:00,97.751,0.2043333333333334,46.86533333333335,112.5993333333333,29.832333333333345,31.494666666666674,1.323333333333333,64.65733333333334,0.000868,0.000883,0.001474,17.033,1
17103,2025-04-07 11:47:40+00:00,2025-04-07 11:47:40+00:00,77.8946875,0.1793750000000001,46.73812499999999,90.64031249999994,29.83156250000001,31.23749999999999,0.5743750000000001,64.8740625,0.0009,0.000854,0.001416,16.906562499999975,1
17109,2025-04-07 11:47:48+00:00,2025-04-07 11:47:48+00:00,44.83766666666667,0.1726666666666666,46.406999999999975,55.86666666666666,29.82333333333333,30.75333333333333,0.5239999999999997,65.47466666666669,0.000897,0.000785,0.001164,16.583666666666645,1
17123,2025-04-07 11:48:06+00:00,2025-04-07 11:48:06+00:00,22.309677419354838,0.1719354838709677,45.74258064516129,32.299032258064514,29.84032258064518,30.30612903225808,0.5761290322580647,65.91548387096773,0.000696,0.000685,0.000873,15.902258064516111,1
17124,2025-04-07 11:48:07+00:00,2025-04-07 11:48:07+00:00,23.504482758620693,0.1703448275862069,45.80379310344826,33.45275862068965,29.83827586206898,30.304482758620694,0.5844827586206895,65.89103448275861,0.000725,0.000694,0.000883,15.965517241379285,1
17134,2025-04-07 11:48:21+00:00,2025-04-07 11:48:21+00:00,65.86125000000003,0.1871875,45.73250000000001,78.22281249999999,29.860312500000006,30.767812499999987,0.5706250000000002,64.91156249999999,0.000792,0.00071,0.000982,15.872187500000004,1
17151,2025-04-07 11:48:43+00:00,2025-04-07 11:48:43+00:00,174.94199999999998,0.2016666666666667,46.01366666666667,192.8280000000001,29.86266666666667,32.23966666666668,2.0830000000000006,62.88499999999999,0.000896,0.000891,0.00155,16.151000000000003,1
17178,2025-04-07 11:49:18+00:00,2025-04-07 11:49:18+00:00,186.36032258064523,0.2064516129032257,47.24612903225808,205.46000000000004,29.92161290322579,32.7658064516129,2.212903225806452,62.99999999999999,0.001,0.001112,0.002204,17.324516129032286,1
17224,2025-04-07 11:50:19+00:00,2025-04-07 11:50:19+00:00,57.469666666666654,0.1813333333333334,45.74966666666666,69.04566666666666,29.97633333333334,30.80666666666668,0.5520000000000003,64.93066666666665,0.000745,0.000705,0.000955,15.773333333333325,1
17238,2025-04-07 11:50:37+00:00,2025-04-07 11:50:37+00:00,145.67677419354834,0.2158064516129032,46.01677419354839,162.6706451612903,29.987096774193557,31.981290322580648,1.776451612903225,63.44225806451615,0.000901,0.000879,0.001354,16.029677419354833,1
17241,2025-04-07 11:50:41+00:00,2025-04-07 11:50:41+00:00,164.31178571428566,0.1914285714285714,46.05,182.12214285714285,30.019285714285704,32.21607142857142,1.9653571428571424,63.20499999999999,0.000873,0.000918,0.001454,16.030714285714293,1
17244,2025-04-07 11:50:45+00:00,2025-04-07 11:50:45+00:00,181.29448275862063,0.2089655172413792,46.095517241379326,201.8779310344828,29.997241379310346,32.46310344827586,2.163793103448276,62.84655172413793,0.000929,0.000911,0.001636,16.098275862068984,1
17252,2025-04-07 11:50:55+00:00,2025-04-07 11:50:55+00:00,212.9189655172414,0.2055172413793103,46.53586206896552,233.33758620689665,30.01379310344827,33.024827586206904,2.5555172413793104,62.09482758620689,0.000964,0.001082,0.002054,16.522068965517253,1
17275,2025-04-07 11:51:25+00:00,2025-04-07 11:51:25+00:00,155.70774193548382,0.2061290322580646,47.3225806451613,173.868064516129,30.04548387096773,32.4741935483871,1.9225806451612908,63.35677419354838,0.000922,0.001076,0.00192,17.277096774193573,1
17285,2025-04-07 11:51:38+00:00,2025-04-07 11:51:38+00:00,88.90400000000001,0.1931428571428572,46.99,103.69142857142856,30.03799999999998,31.648857142857125,1.2622857142857142,64.47200000000001,0.000851,0.000858,0.001391,16.952000000000023,1
17291,2025-04-07 11:51:46+00:00,2025-04-07 11:51:46+00:00,53.26535714285713,0.17,46.57607142857142,64.40071428571427,30.058571428571437,31.09392857142858,0.541785714285714,65.31499999999998,0.000828,0.000791,0.001181,16.517499999999984,1
17299,2025-04-07 11:51:58+00:00,2025-04-07 11:51:58+00:00,21.39428571428571,0.1485714285714286,46.09357142857144,32.40821428571428,30.047499999999985,30.590000000000007,0.5407142857142854,65.9142857142857,0.000799,0.000684,0.000962,16.04607142857146,1
17326,2025-04-07 11:52:34+00:00,2025-04-07 11:52:34+00:00,128.7689655172414,0.2017241379310345,46.05137931034483,145.57275862068963,30.07689655172415,31.84724137931035,1.6224137931034486,63.7455172413793,0.000848,0.000831,0.001299,15.974482758620676,1
17330,2025-04-07 11:52:39+00:00,2025-04-07 11:52:39+00:00,154.2286666666666,0.1993333333333334,46.06233333333333,170.5636666666667,30.102666666666675,32.174,1.8646666666666656,63.38266666666667,0.000856,0.000849,0.001383,15.959666666666651,1
17343,2025-04-07 11:52:56+00:00,2025-04-07 11:52:56+00:00,214.1429032258065,0.2335483870967743,46.62161290322584,235.0774193548387,30.08967741935485,33.11193548387096,2.574193548387097,62.12548387096772,0.000922,0.001099,0.002068,16.531935483870992,1
17368,2025-04-07 11:53:30+00:00,2025-04-07 11:53:30+00:00,131.19806451612902,0.1854838709677419,47.311612903225786,148.3064516129033,30.133548387096763,32.31935483870968,1.6854838709677418,63.83451612903224,0.000885,0.000965,0.001778,17.178064516129023,1
17376,2025-04-07 11:53:40+00:00,2025-04-07 11:53:40+00:00,79.26068965517243,0.1879310344827586,46.93310344827589,93.55517241379304,30.14586206896551,31.595172413793115,0.8455172413793098,64.7151724137931,0.00091,0.00086,0.001416,16.787241379310384,1
17377,2025-04-07 11:53:42+00:00,2025-04-07 11:53:42+00:00,70.37071428571427,0.1728571428571428,46.89892857142858,82.92035714285717,30.16107142857142,31.49321428571429,0.5399999999999997,64.95785714285714,0.000897,0.000872,0.001371,16.737857142857163,1
17383,2025-04-07 11:53:50+00:00,2025-04-07 11:53:50+00:00,38.79636363636363,0.1636363636363637,46.56666666666668,49.90818181818184,30.157272727272726,31.01848484848484,0.5287878787878787,65.42424242424241,0.000809,0.000773,0.001153,16.40939393939395,1
17388,2025-04-07 11:53:56+00:00,2025-04-07 11:53:56+00:00,25.11965517241379,0.1468965517241379,46.30275862068965,33.30517241379311,30.171034482758625,30.7351724137931,0.5279310344827585,65.76482758620689,0.000746,0.00076,0.001027,16.13172413793102,1
17390,2025-04-07 11:53:59+00:00,2025-04-07 11:53:59+00:00,20.771515151515143,0.1457575757575757,46.21848484848484,29.81,30.166969696969684,30.667575757575754,0.5284848484848483,65.87909090909092,0.000727,0.000703,0.000983,16.051515151515158,1
17393,2025-04-07 11:54:03+00:00,2025-04-07 11:54:03+00:00,19.435714285714283,0.1735714285714286,46.08285714285716,28.911071428571425,30.15964285714285,30.57,0.5299999999999998,65.8432142857143,0.000721,0.000687,0.000917,15.923214285714309,1
17398,2025-04-07 11:54:09+00:00,2025-04-07 11:54:09+00:00,25.627,0.1976666666666667,45.95700000000001,36.08633333333335,30.158666666666655,30.60966666666668,0.536333333333333,65.67799999999998,0.000691,0.000736,0.000903,15.79833333333335,1
17406,2025-04-07 11:54:20+00:00,2025-04-07 11:54:20+00:00,59.70666666666665,0.1933333333333333,45.86939393939394,71.40151515151516,30.184545454545457,30.94212121212122,0.550909090909091,65.22575757575758,0.00075,0.000719,0.000953,15.68484848484848,1
17415,2025-04-07 11:54:31+00:00,2025-04-07 11:54:31+00:00,113.12531249999996,0.19,46.010000000000005,127.56718749999996,30.192500000000013,31.708750000000013,1.4678124999999993,64.0496875,0.000831,0.000817,0.001253,15.817499999999992,1
17418,2025-04-07 11:54:35+00:00,2025-04-07 11:54:35+00:00,132.9687096774194,0.1877419354838709,46.05193548387096,149.32548387096782,30.200000000000017,32.03032258064516,1.6709677419354838,63.7216129032258,0.000894,0.000861,0.001343,15.85193548387094,1
17431,2025-04-07 11:54:52+00:00,2025-04-07 11:54:52+00:00,205.2955882352942,0.1944117647058824,46.53294117647059,224.3452941176471,30.21882352941178,33.086764705882345,2.4502941176470583,62.40852941176473,0.000928,0.001047,0.001944,16.314117647058808,1
17437,2025-04-07 11:55:00+00:00,2025-04-07 11:55:00+00:00,218.1705882352942,0.2035294117647058,46.89235294117649,238.71235294117645,30.21823529411766,33.40058823529412,2.6661764705882365,61.87941176470587,0.000965,0.001124,0.002238,16.67411764705883,1
17438,2025-04-07 11:55:02+00:00,2025-04-07 11:55:02+00:00,219.8027586206896,0.2158620689655172,47.02551724137931,239.33275862068973,30.21241379310345,33.40206896551723,2.681724137931034,61.92999999999999,0.000975,0.001126,0.002258,16.813103448275857,1
17445,2025-04-07 11:55:11+00:00,2025-04-07 11:55:11+00:00,209.81100000000004,0.2053333333333333,47.35066666666668,229.4416666666668,30.24266666666667,33.351333333333336,2.5413333333333337,62.29599999999999,0.001015,0.001164,0.002348,17.108000000000008,1
17478,2025-04-07 11:55:55+00:00,2025-04-07 11:55:55+00:00,27.076666666666664,0.1739393939393938,46.42424242424245,37.44545454545453,30.25999999999999,30.89818181818181,0.5318181818181815,65.88818181818185,0.00077,0.000742,0.00098,16.16424242424246,1
17484,2025-04-07 11:56:05+00:00,2025-04-07 11:56:05+00:00,20.835666666666658,0.1676666666666667,46.03566666666667,30.33600000000001,30.262,30.75033333333333,0.533333333333333,65.894,0.000697,0.000719,0.00092,15.773666666666674,1
17491,2025-04-07 11:56:14+00:00,2025-04-07 11:56:14+00:00,37.07625,0.1753124999999999,45.9496875,47.759375,30.2621875,30.829062500000003,0.5434375,65.5665625,0.000713,0.000699,0.000851,15.6875,1
17505,2025-04-07 11:56:32+00:00,2025-04-07 11:56:32+00:00,116.60852941176478,0.178529411764706,46.08352941176469,131.92205882352943,30.293823529411743,31.902058823529416,1.4964705882352944,63.89558823529413,0.000833,0.000812,0.001248,15.78970588235294,1
17525,2025-04-07 11:57:00+00:00,2025-04-07 11:57:00+00:00,218.23968749999997,0.2159375,46.955937500000005,238.07625000000004,30.3165625,33.51312499999999,2.659687500000001,62.03124999999999,0.000972,0.001146,0.00223,16.639375000000005,1
17542,2025-04-07 11:57:22+00:00,2025-04-07 11:57:22+00:00,171.22156249999992,0.2000000000000001,47.549375,190.20562500000003,30.324062500000004,33.08437500000001,2.054687499999999,63.04687499999999,0.000959,0.001094,0.002087,17.225312499999994,1
17583,2025-04-07 11:58:16+00:00,2025-04-07 11:58:16+00:00,44.00214285714285,0.1914285714285714,46.06857142857144,55.14749999999999,30.381071428571424,31.076785714285727,0.5299999999999998,65.36749999999998,0.000712,0.000717,0.000857,15.687500000000014,1
17602,2025-04-07 11:58:41+00:00,2025-04-07 11:58:41+00:00,160.7267741935484,0.2009677419354839,46.284516129032255,178.13129032258075,30.429677419354817,32.60225806451613,1.9309677419354845,63.1893548387097,0.000858,0.000866,0.00142,15.854838709677438,1
17607,2025-04-07 11:58:47+00:00,2025-04-07 11:58:47+00:00,187.66606060606065,0.2203030303030304,46.46,206.39575757575764,30.436969696969715,32.98909090909091,2.2233333333333323,62.756060606060615,0.000897,0.000934,0.001709,16.02303030303028,1
17645,2025-04-07 11:59:38+00:00,2025-04-07 11:59:38+00:00,92.21392857142853,0.1867857142857143,47.27392857142856,106.86607142857144,30.46107142857144,32.14321428571428,1.3321428571428569,64.51285714285713,0.000863,0.000881,0.001479,16.812857142857126,1
17653,2025-04-07 11:59:49+00:00,2025-04-07 11:59:49+00:00,44.43999999999999,0.1734482758620689,46.80758620689656,55.93586206896551,30.46379310344829,31.42586206896552,0.5406896551724135,65.69379310344827,0.0008,0.000815,0.001155,16.34379310344827,1
17671,2025-04-07 12:00:14+00:00,2025-04-07 12:00:14+00:00,36.8484375,0.1774999999999999,46.16281250000001,47.4909375,30.523437499999982,31.111250000000013,0.5284374999999998,65.5671875,0.000758,0.000651,0.000877,15.639375000000022,1
17676,2025-04-07 12:00:20+00:00,2025-04-07 12:00:20+00:00,57.971379310344815,0.1572413793103448,46.11689655172412,68.83862068965517,30.52103448275861,31.32586206896552,0.5344827586206894,65.25689655172413,0.000764,0.000725,0.000974,15.595862068965506,1
17682,2025-04-07 12:00:28+00:00,2025-04-07 12:00:28+00:00,95.30000000000004,0.1929032258064516,46.23,108.82612903225804,30.5174193548387,31.794838709677418,1.282903225806451,64.65806451612903,0.000874,0.000785,0.001124,15.712580645161296,1
17689,2025-04-07 12:00:37+00:00,2025-04-07 12:00:37+00:00,140.9287096774193,0.1929032258064517,46.29967741935482,158.0406451612903,30.532903225806432,32.47870967741934,1.7335483870967745,63.47838709677421,0.000905,0.000863,0.0014,15.76677419354839,1
17769,2025-04-07 12:02:23+00:00,2025-04-07 12:02:23+00:00,69.96645161290324,0.182258064516129,46.22709677419355,82.19645161290326,30.631290322580643,31.596774193548388,0.5348387096774191,64.94419354838708,0.000845,0.000747,0.001009,15.595806451612903,1
17808,2025-04-07 12:03:16+00:00,2025-04-07 12:03:16+00:00,197.39774193548388,0.2070967741935484,47.74483870967742,216.6254838709677,30.70709677419356,33.731290322580655,2.365806451612904,62.69096774193547,0.000986,0.001153,0.002356,17.037741935483858,1
17810,2025-04-07 12:03:18+00:00,2025-04-07 12:03:18+00:00,190.82645161290324,0.2116129032258065,47.755483870967744,210.03709677419357,30.7009677419355,33.666129032258056,2.2651612903225806,62.79483870967742,0.000974,0.001134,0.002255,17.054516129032244,1
17815,2025-04-07 12:03:25+00:00,2025-04-07 12:03:25+00:00,160.54448275862066,0.2017241379310345,47.77965517241378,178.24758620689653,30.72758620689656,33.294137931034484,1.967586206896551,63.37413793103448,0.000947,0.00104,0.002006,17.052068965517222,1
17826,2025-04-07 12:03:39+00:00,2025-04-07 12:03:39+00:00,88.07193548387099,0.1835483870967741,47.389354838709686,102.83709677419355,30.72903225806453,32.30806451612903,1.2654838709677416,64.61225806451611,0.000868,0.000884,0.001449,16.660322580645154,1
17849,2025-04-07 12:04:10+00:00,2025-04-07 12:04:10+00:00,26.65875,0.1665625,46.28749999999998,36.1496875,30.722187500000008,31.24125,0.5399999999999996,65.85343749999998,0.000713,0.000734,0.000891,15.565312499999973,1
17868,2025-04-07 12:04:34+00:00,2025-04-07 12:04:34+00:00,123.9,0.1958620689655172,46.38310344827583,139.0144827586207,30.734137931034493,32.42655172413792,1.5906896551724143,63.8948275862069,0.000846,0.00082,0.001334,15.64896551724134,1
17872,2025-04-07 12:04:40+00:00,2025-04-07 12:04:40+00:00,154.9803225806452,0.1916129032258064,46.46741935483871,171.49354838709675,30.745161290322585,32.86,1.871935483870968,63.36483870967744,0.000841,0.000866,0.00139,15.722258064516126,1
17896,2025-04-07 12:05:12+00:00,2025-04-07 12:05:12+00:00,209.18466666666663,0.221,47.69533333333333,228.5516666666666,30.801999999999985,33.958,2.5489999999999995,62.297666666666665,0.001001,0.0012,0.002411,16.893333333333345,1
17908,2025-04-07 12:05:28+00:00,2025-04-07 12:05:28+00:00,146.70034482758618,0.2003448275862069,47.80551724137928,163.55896551724138,30.80448275862068,33.20344827586207,1.840689655172414,63.625517241379306,0.000915,0.001004,0.001884,17.0010344827586,1
17965,2025-04-07 12:06:44+00:00,2025-04-07 12:06:44+00:00,173.00424242424242,0.2045454545454545,46.675757575757565,190.99515151515152,30.86757575757576,33.24787878787878,2.064242424242424,63.02454545454545,0.000891,0.000912,0.001579,15.808181818181804,1
17974,2025-04-07 12:06:56+00:00,2025-04-07 12:06:56+00:00,211.5745161290323,0.2270967741935484,47.11612903225804,232.44354838709663,30.90129032258063,33.921612903225814,2.5667741935483868,62.21193548387098,0.00095,0.001095,0.002084,16.21483870967741,1
17989,2025-04-07 12:07:16+00:00,2025-04-07 12:07:16+00:00,197.3525,0.2115625,47.881875,217.5871875,30.92937500000001,33.986250000000005,2.385625,62.57312499999999,0.000978,0.001163,0.002355,16.952499999999983,1
18008,2025-04-07 12:07:41+00:00,2025-04-07 12:07:41+00:00,80.71903225806453,0.1896774193548387,47.469677419354845,94.08387096774192,30.93,32.42225806451613,1.0796774193548389,64.73354838709677,0.000929,0.00087,0.001455,16.53967741935485,1
18018,2025-04-07 12:07:54+00:00,2025-04-07 12:07:54+00:00,31.32275862068965,0.1517241379310345,46.89241379310343,40.65620689655173,30.96068965517243,31.681034482758616,0.5306896551724136,65.66275862068964,0.000778,0.000758,0.001074,15.931724137931,1
18019,2025-04-07 12:07:55+00:00,2025-04-07 12:07:55+00:00,28.41703703703704,0.1681481481481481,46.87592592592592,39.06185185185185,30.9551851851852,31.637037037037043,0.5329629629629629,65.89259259259259,0.000786,0.00072,0.00106,15.92074074074072,1
18035,2025-04-07 12:08:16+00:00,2025-04-07 12:08:16+00:00,41.06624999999999,0.17375,46.41468749999999,51.06031250000001,30.945312500000004,31.616874999999997,0.5299999999999998,65.47218750000003,0.000732,0.00067,0.000852,15.469374999999989,1
18060,2025-04-07 12:08:49+00:00,2025-04-07 12:08:49+00:00,192.40656250000004,0.2228125,46.91718750000002,210.92312500000008,31.0040625,33.69312500000001,2.2878125,62.6365625,0.00092,0.000973,0.001789,15.913125000000022,1
18065,2025-04-07 12:08:55+00:00,2025-04-07 12:08:55+00:00,209.5751612903225,0.223225806451613,47.1232258064516,229.08774193548385,31.01806451612902,33.98483870967743,2.531935483870967,62.18677419354838,0.000962,0.00109,0.002088,16.10516129032258,1
18071,2025-04-07 12:09:03+00:00,2025-04-07 12:09:03+00:00,219.9096875,0.231875,47.51749999999999,240.116875,31.012187499999992,34.26656250000001,2.69,61.893125,0.000992,0.00124,0.002303,16.5053125,1
18074,2025-04-07 12:09:07+00:00,2025-04-07 12:09:07+00:00,217.6278125,0.2087500000000001,47.6853125,237.37093750000005,31.02718749999999,34.246875,2.6596875000000004,62.14656249999998,0.001014,0.001182,0.002411,16.658125000000013,1
18079,2025-04-07 12:09:14+00:00,2025-04-07 12:09:14+00:00,205.3696774193548,0.2219354838709677,47.89290322580645,223.77129032258068,31.03290322580644,34.15387096774194,2.4680645161290324,62.47516129032258,0.000978,0.001195,0.002332,16.86000000000001,1
18095,2025-04-07 12:09:35+00:00,2025-04-07 12:09:35+00:00,111.61250000000004,0.1931249999999999,47.7709375,126.89999999999998,31.027187499999982,32.932187500000005,1.4928124999999994,64.20812499999998,0.000899,0.000913,0.001666,16.74375000000001,1
18111,2025-04-07 12:09:56+00:00,2025-04-07 12:09:56+00:00,26.923103448275857,0.1758620689655173,46.90344827586207,37.11793103448274,31.051379310344814,31.735862068965503,0.551034482758621,65.91724137931034,0.000768,0.000726,0.001004,15.852068965517256,1
18115,2025-04-07 12:10:01+00:00,2025-04-07 12:10:01+00:00,20.428709677419352,0.1680645161290322,46.71387096774195,30.14322580645161,31.04967741935483,31.5825806451613,0.5474193548387096,66.05387096774193,0.000764,0.000672,0.000924,15.664193548387118,1
18149,2025-04-07 12:10:45+00:00,2025-04-07 12:10:45+00:00,176.04645161290324,0.2070967741935484,46.78548387096773,193.51419354838717,31.110967741935493,33.515483870967735,2.111612903225806,62.929354838709685,0.000891,0.000911,0.001606,15.67451612903223,1
18161,2025-04-07 12:11:01+00:00,2025-04-07 12:11:01+00:00,218.18566666666672,0.2373333333333333,47.45733333333335,239.53966666666665,31.110000000000007,34.28666666666667,2.7166666666666663,62.08233333333333,0.001987,0.001173,0.002221,16.34733333333334,1
18172,2025-04-07 12:11:16+00:00,2025-04-07 12:11:16+00:00,198.12714285714287,0.2071428571428571,48.04964285714285,218.07785714285703,31.124642857142856,34.20142857142857,2.403928571428571,62.63392857142859,0.000987,0.001159,0.002325,16.924999999999994,1
18181,2025-04-07 12:11:27+00:00,2025-04-07 12:11:27+00:00,153.2077419354839,0.2061290322580646,48.01064516129033,170.75000000000003,31.139354838709668,33.6274193548387,1.9103225806451607,63.30032258064514,0.000937,0.00103,0.001911,16.87129032258066,1
18185,2025-04-07 12:11:33+00:00,2025-04-07 12:11:33+00:00,122.65206896551722,0.1927586206896552,47.937931034482766,138.53620689655173,31.135172413793093,33.2496551724138,1.6282758620689652,64.03551724137928,0.000907,0.000951,0.001741,16.802758620689673,1
18188,2025-04-07 12:11:36+00:00,2025-04-07 12:11:36+00:00,106.66281249999996,0.1809375,47.838124999999984,121.40843750000003,31.16187499999998,33.00812499999999,1.469375,64.34593750000002,0.000875,0.000887,0.001588,16.676250000000003,1
18232,2025-04-07 12:12:34+00:00,2025-04-07 12:12:34+00:00,121.13129032258064,0.1858064516129032,46.67548387096773,135.2145161290322,31.186129032258044,32.84322580645162,1.575483870967742,63.8451612903226,0.000867,0.000844,0.001332,15.48935483870968,1
18267,2025-04-07 12:13:21+00:00,2025-04-07 12:13:21+00:00,181.4534482758621,0.2017241379310345,48.15344827586207,200.206551724138,31.23344827586208,34.09620689655173,2.2182758620689658,62.93482758620691,0.000927,0.001114,0.002144,16.919999999999987,1
18274,2025-04-07 12:13:31+00:00,2025-04-07 12:13:31+00:00,134.15575757575755,0.203030303030303,48.05303030303029,151.83272727272728,31.24000000000001,33.50575757575756,1.7351515151515142,63.80303030303031,0.000905,0.000962,0.001803,16.81303030303028,1
18298,2025-04-07 12:14:02+00:00,2025-04-07 12:14:02+00:00,19.931290322580654,0.1819354838709677,46.82967741935487,29.58290322580645,31.23064516129032,31.80451612903227,0.53258064516129,65.92774193548387,0.000737,0.000727,0.000958,15.599032258064543,1
18299,2025-04-07 12:14:03+00:00,2025-04-07 12:14:03+00:00,19.23606060606061,0.1627272727272727,46.816666666666656,28.9639393939394,31.227878787878797,31.72969696969698,0.5369696969696969,65.94969696969696,0.000742,0.00067,0.000901,15.588787878787862,1
18302,2025-04-07 12:14:07+00:00,2025-04-07 12:14:07+00:00,20.540666666666667,0.1596666666666666,46.646,29.87733333333334,31.25966666666666,31.712000000000007,0.5299999999999998,65.90399999999998,0.000732,0.000683,0.000936,15.386333333333331,1
18326,2025-04-07 12:14:39+00:00,2025-04-07 12:14:39+00:00,146.22766666666666,0.2086666666666667,46.77466666666666,162.9743333333333,31.29199999999998,33.254666666666665,1.8173333333333337,63.64533333333334,0.000901,0.000882,0.00146,15.48266666666668,1
18376,2025-04-07 12:15:44+00:00,2025-04-07 12:15:44+00:00,69.41187500000001,0.1925,47.66343750000001,82.14937499999996,31.332812500000014,32.703125,0.5299999999999998,65.065625,0.000867,0.000844,0.001426,16.330624999999994,1
18387,2025-04-07 12:15:59+00:00,2025-04-07 12:15:59+00:00,23.0241935483871,0.146774193548387,46.96129032258065,31.928387096774184,31.3351612903226,31.938064516129028,0.5299999999999998,65.99935483870966,0.000827,0.00071,0.00104,15.626129032258056,1
18409,2025-04-07 12:16:27+00:00,2025-04-07 12:16:27+00:00,82.80096774193548,0.1703225806451612,46.74161290322581,95.09225806451612,31.363870967741946,32.51387096774194,1.2087096774193549,64.79451612903227,0.000789,0.000757,0.001078,15.377741935483863,1
18419,2025-04-07 12:16:41+00:00,2025-04-07 12:16:41+00:00,155.1477777777778,0.2048148148148147,46.95481481481484,171.61,31.38629629629629,33.52518518518518,1.9162962962962968,63.2337037037037,0.000849,0.00088,0.001423,15.568518518518548,1
18424,2025-04-07 12:16:47+00:00,2025-04-07 12:16:47+00:00,181.9315151515152,0.2057575757575758,47.05212121212119,199.65242424242425,31.388484848484847,33.93212121212119,2.206363636363637,62.790000000000006,0.000922,0.000945,0.001683,15.663636363636346,1
18431,2025-04-07 12:16:56+00:00,2025-04-07 12:16:56+00:00,211.438125,0.2075000000000001,47.3859375,230.84499999999997,31.3871875,34.403750000000024,2.590625000000001,62.27593749999999,0.000932,0.001092,0.002068,15.998750000000008,1
18453,2025-04-07 12:17:25+00:00,2025-04-07 12:17:25+00:00,164.7381818181818,0.1912121212121212,48.27606060606059,183.0684848484848,31.413636363636357,34.094545454545454,2.049090909090908,63.13000000000002,0.000937,0.00108,0.00202,16.862424242424236,1
18474,2025-04-07 12:17:53+00:00,2025-04-07 12:17:53+00:00,36.55999999999999,0.1553125,47.3209375,46.31187499999999,31.448125000000008,32.260312500000005,0.5399999999999996,65.5390625,0.000831,0.000755,0.001112,15.872812499999991,1
18475,2025-04-07 12:17:54+00:00,2025-04-07 12:17:54+00:00,33.560606060606055,0.1690909090909091,47.27727272727272,43.32848484848484,31.448181818181823,32.21636363636363,0.5430303030303031,65.61545454545453,0.000766,0.000731,0.001143,15.8290909090909,1
18488,2025-04-07 12:18:11+00:00,2025-04-07 12:18:11+00:00,26.83379310344828,0.1562068965517241,46.80241379310343,35.936551724137935,31.441379310344825,31.95172413793103,0.5399999999999996,65.70620689655175,0.000684,0.000689,0.000863,15.361034482758608,1
18515,2025-04-07 12:18:46+00:00,2025-04-07 12:18:46+00:00,177.19437500000006,0.2178125,47.11187499999998,195.57687500000003,31.46531250000001,33.949375,2.155625,62.988125,0.000915,0.000952,0.001653,15.646562499999972,1
18534,2025-04-07 12:19:11+00:00,2025-04-07 12:19:11+00:00,213.01088235294125,0.2311764705882353,48.14882352941177,233.72029411764711,31.502647058823527,34.735294117647065,2.6788235294117664,62.07558823529412,0.001058,0.001627,0.002441,16.646176470588244,1
18548,2025-04-07 12:19:30+00:00,2025-04-07 12:19:30+00:00,140.82903225806453,0.1945161290322581,48.25483870967742,158.58225806451617,31.500967741935483,33.850322580645155,1.8367741935483872,63.77,0.000955,0.000997,0.001891,16.75387096774194,1
18558,2025-04-07 12:19:43+00:00,2025-04-07 12:19:43+00:00,75.43379310344827,0.1717241379310345,47.85103448275861,88.45172413793098,31.51206896551724,32.8951724137931,0.8951724137931031,65.0758620689655,0.000906,0.000846,0.001513,16.338965517241366,1
18566,2025-04-07 12:19:53+00:00,2025-04-07 12:19:53+00:00,36.93848484848484,0.1663636363636363,47.40757575757577,46.6130303030303,31.5160606060606,32.37000000000001,0.5560606060606066,65.79818181818183,0.000802,0.000764,0.001122,15.891515151515172,1
18573,2025-04-07 12:20:02+00:00,2025-04-07 12:20:02+00:00,20.323448275862077,0.1468965517241379,47.03344827586207,28.93068965517241,31.516206896551708,32.03103448275864,0.5500000000000003,65.92206896551725,0.000764,0.000677,0.000953,15.517241379310365,1
18580,2025-04-07 12:20:13+00:00,2025-04-07 12:20:13+00:00,30.20821428571428,0.1585714285714285,46.83142857142856,39.26107142857143,31.50321428571428,32.08107142857143,0.5521428571428574,65.7121428571429,0.000745,0.000751,0.00093,15.328214285714278,1
18589,2025-04-07 12:20:25+00:00,2025-04-07 12:20:25+00:00,72.59999999999998,0.1763636363636363,46.91757575757576,84.99454545454543,31.546060606060585,32.575151515151525,0.5500000000000003,64.82333333333335,0.000806,0.000747,0.001029,15.371515151515176,1
18595,2025-04-07 12:20:33+00:00,2025-04-07 12:20:33+00:00,113.22166666666666,0.17,46.88866666666669,126.36299999999996,31.551333333333314,33.07199999999999,1.505,64.08233333333337,0.000889,0.000847,0.001322,15.337333333333373,1
18672,2025-04-07 12:22:15+00:00,2025-04-07 12:22:15+00:00,34.19620689655173,0.1672413793103448,46.84310344827585,44.73620689655173,31.59413793103449,32.167241379310354,0.5496551724137935,65.72241379310343,0.000846,0.000684,0.000927,15.248965517241356,1
18675,2025-04-07 12:22:19+00:00,2025-04-07 12:22:19+00:00,46.61733333333333,0.153,46.82366666666665,57.11900000000001,31.60600000000001,32.309000000000005,0.5399999999999996,65.391,0.00074,0.000715,0.000979,15.217666666666634,1
18680,2025-04-07 12:22:25+00:00,2025-04-07 12:22:25+00:00,72.29068965517243,0.1696551724137931,46.89482758620694,83.57310344827586,31.62172413793104,32.62275862068966,0.5399999999999996,64.97206896551725,0.000788,0.000741,0.001091,15.2731034482759,1
18713,2025-04-07 12:23:09+00:00,2025-04-07 12:23:09+00:00,216.75966666666665,0.2153333333333333,48.20233333333333,237.7206666666667,31.67666666666665,34.92233333333333,2.764333333333334,62.089333333333336,0.000978,0.001205,0.002433,16.525666666666677,1
18725,2025-04-07 12:23:24+00:00,2025-04-07 12:23:24+00:00,171.8493750000001,0.2234375,48.51093750000001,190.1656250000001,31.685625000000005,34.46593750000001,2.1237500000000007,63.21999999999999,0.000973,0.001115,0.002138,16.825312500000006,1
18734,2025-04-07 12:23:36+00:00,2025-04-07 12:23:36+00:00,112.73545454545456,0.1806060606060606,48.27636363636362,127.37727272727278,31.68969696969697,33.646969696969684,1.545757575757576,64.31212121212121,0.000873,0.000932,0.001669,16.586666666666645,1
18749,2025-04-07 12:23:56+00:00,2025-04-07 12:23:56+00:00,29.38633333333333,0.166,47.38899999999999,39.661000000000016,31.68800000000002,32.44733333333333,0.5600000000000003,65.71600000000004,0.000753,0.00076,0.001141,15.700999999999969,1
18767,2025-04-07 12:24:19+00:00,2025-04-07 12:24:19+00:00,46.79451612903224,0.1735483870967742,46.92225806451615,57.73612903225806,31.722903225806466,32.42806451612902,0.5570967741935489,65.19096774193545,0.000774,0.000693,0.000964,15.199354838709684,1
18784,2025-04-07 12:24:42+00:00,2025-04-07 12:24:42+00:00,156.84206896551717,0.1924137931034482,47.18482758620691,173.50896551724148,31.73172413793105,33.89275862068966,1.9555172413793096,63.14793103448278,0.000873,0.000902,0.001471,15.45310344827586,1
18790,2025-04-07 12:24:49+00:00,2025-04-07 12:24:49+00:00,187.30387096774203,0.2170967741935484,47.36354838709678,206.0935483870969,31.760645161290316,34.41806451612904,2.2967741935483867,62.78419354838709,0.000976,0.001012,0.001851,15.602903225806465,1
18795,2025-04-07 12:24:56+00:00,2025-04-07 12:24:56+00:00,208.72205882352944,0.2129411764705882,47.61647058823528,229.00088235294123,31.75205882352941,34.72970588235293,2.6149999999999998,62.15911764705882,0.000949,0.001102,0.00209,15.86441176470587,1
18823,2025-04-07 12:25:34+00:00,2025-04-07 12:25:34+00:00,122.85937500000004,0.18875,48.44812500000002,139.0953125,31.759062499999995,33.8975,1.6768749999999997,64.17531250000002,0.000949,0.00097,0.001762,16.689062500000023,1
18862,2025-04-07 12:26:26+00:00,2025-04-07 12:26:26+00:00,74.69999999999999,0.1758064516129032,47.01548387096774,86.5209677419355,31.78258064516129,32.8758064516129,0.6116129032258066,64.84225806451613,0.00079,0.000797,0.001077,15.232903225806457,1
18883,2025-04-07 12:26:54+00:00,2025-04-07 12:26:54+00:00,203.2553333333333,0.2200000000000001,47.63500000000003,222.69266666666667,31.81766666666669,34.74,2.5696666666666657,62.289333333333325,0.000925,0.001046,0.001994,15.817333333333345,1
18902,2025-04-07 12:27:19+00:00,2025-04-07 12:27:19+00:00,193.814375,0.22375,48.64156250000001,212.57,31.838125000000005,34.911875,2.4093749999999994,62.55531249999999,0.000952,0.001174,0.002351,16.80343750000001,1
18923,2025-04-07 12:27:46+00:00,2025-04-07 12:27:46+00:00,64.28968749999999,0.1759375,47.98374999999999,76.988125,31.8765625,33.15343749999999,0.5612500000000001,65.22000000000001,0.000841,0.000831,0.001406,16.10718749999999,1
18931,2025-04-07 12:27:58+00:00,2025-04-07 12:27:58+00:00,26.023333333333333,0.174,47.43533333333332,36.285,31.86633333333334,32.542666666666655,0.5603333333333337,65.72766666666668,0.000747,0.000753,0.001038,15.568999999999978,1
18932,2025-04-07 12:28:00+00:00,2025-04-07 12:28:00+00:00,22.688125,0.1699999999999999,47.44500000000001,31.810625000000005,31.880312499999995,32.52156250000001,0.5600000000000002,65.79281249999998,0.000751,0.000713,0.001042,15.564687500000012,1
18936,2025-04-07 12:28:06+00:00,2025-04-07 12:28:06+00:00,19.39749999999999,0.1484374999999999,47.15937499999996,28.831562500000004,31.883749999999992,32.36312500000001,0.5600000000000002,65.97218750000002,0.000706,0.000717,0.000945,15.27562499999997,1
18939,2025-04-07 12:28:10+00:00,2025-04-07 12:28:10+00:00,23.298275862068955,0.1596551724137931,47.092413793103454,32.49655172413793,31.87172413793104,32.34275862068966,0.5631034482758623,66.13379310344827,0.000692,0.000733,0.000889,15.220689655172418,1
18943,2025-04-07 12:28:15+00:00,2025-04-07 12:28:15+00:00,33.28843749999999,0.154375,47.0553125,43.43468750000001,31.870312500000004,32.5215625,0.5659375000000002,65.75562500000001,0.000716,0.000695,0.000941,15.184999999999995,1
18951,2025-04-07 12:28:26+00:00,2025-04-07 12:28:26+00:00,73.57142857142858,0.1878571428571428,47.06357142857141,86.92535714285712,31.876785714285717,32.92964285714285,0.5717857142857145,64.86357142857146,0.000811,0.00076,0.001081,15.1867857142857,1
18964,2025-04-07 12:28:43+00:00,2025-04-07 12:28:43+00:00,159.8445161290323,0.2019354838709677,47.27677419354839,176.92322580645163,31.932580645161284,34.14870967741935,2.007096774193548,63.30419354838709,0.000869,0.000904,0.001507,15.344193548387109,1
19007,2025-04-07 12:29:39+00:00,2025-04-07 12:29:39+00:00,99.12533333333332,0.1783333333333333,48.325333333333326,113.17433333333337,31.95966666666668,33.73733333333335,1.4239999999999997,64.36833333333335,0.000862,0.000906,0.001579,16.365666666666645,1
19010,2025-04-07 12:29:43+00:00,2025-04-07 12:29:43+00:00,78.74107142857142,0.1825,48.22392857142857,92.63928571428572,31.96964285714288,33.474285714285706,1.2275000000000005,64.84035714285714,0.000881,0.000871,0.001528,16.254285714285697,1
19045,2025-04-07 12:30:29+00:00,2025-04-07 12:30:29+00:00,88.40124999999999,0.1959375,47.14093750000001,101.138125,32.0040625,33.202187499999994,1.2846874999999995,64.78281249999998,0.00079,0.000792,0.001133,15.13687500000001,1
19058,2025-04-07 12:30:46+00:00,2025-04-07 12:30:46+00:00,173.29199999999997,0.2066666666666666,47.44299999999999,190.35933333333335,31.999333333333333,34.437666666666665,2.1416666666666666,63.05233333333334,0.000937,0.000921,0.001613,15.443666666666658,1
19085,2025-04-07 12:31:23+00:00,2025-04-07 12:31:23+00:00,178.71758620689658,0.173103448275862,48.77551724137934,196.17482758620696,32.0548275862069,34.95689655172414,2.223793103448276,63.04034482758621,0.000931,0.001135,0.002259,16.720689655172443,1
19087,2025-04-07 12:31:25+00:00,2025-04-07 12:31:25+00:00,170.32774193548389,0.1825806451612904,48.77129032258063,189.33838709677423,32.06193548387095,34.84322580645162,2.149032258064517,63.15838709677419,0.000913,0.001174,0.002158,16.709354838709686,1
19097,2025-04-07 12:31:41+00:00,2025-04-07 12:31:41+00:00,90.06275862068959,0.1896551724137931,48.33068965517241,103.68827586206896,32.06379310344829,33.682068965517246,1.3296551724137928,64.56206896551724,0.000867,0.000882,0.001555,16.266896551724116,1
19099,2025-04-07 12:31:44+00:00,2025-04-07 12:31:44+00:00,75.41448275862066,0.1806896551724138,48.26206896551724,88.0851724137931,32.08793103448277,33.51413793103448,0.8441379310344825,64.91999999999999,0.000914,0.000913,0.00159,16.174137931034466,1
19124,2025-04-07 12:32:18+00:00,2025-04-07 12:32:18+00:00,41.01499999999999,0.1693333333333334,47.214000000000006,51.279,32.126999999999995,32.76966666666667,0.5536666666666668,65.54466666666664,0.000735,0.000693,0.000943,15.08700000000001,1
19133,2025-04-07 12:32:30+00:00,2025-04-07 12:32:30+00:00,91.720303030303,0.1818181818181818,47.26212121212122,104.61909090909091,32.110909090909104,33.40636363636364,1.3100000000000005,64.33575757575755,0.000787,0.000775,0.00115,15.15121212121212,1
19179,2025-04-07 12:33:30+00:00,2025-04-07 12:33:30+00:00,147.23071428571433,0.2025000000000001,48.75857142857144,164.07749999999996,32.17249999999999,34.62142857142856,1.9178571428571425,63.57535714285716,0.000941,0.001025,0.001937,16.58607142857145,1
19180,2025-04-07 12:33:31+00:00,2025-04-07 12:33:31+00:00,142.6446875,0.1843749999999999,48.766562500000006,159.45468749999995,32.16093749999998,34.57593749999999,1.873125,63.77874999999998,0.000899,0.000997,0.001893,16.605625000000025,1
19186,2025-04-07 12:33:39+00:00,2025-04-07 12:33:39+00:00,100.6990625,0.1825000000000001,48.5321875,115.30499999999996,32.17968749999999,33.9965625,1.4640625,64.49874999999999,0.000865,0.000913,0.001613,16.352500000000006,1
19192,2025-04-07 12:33:47+00:00,2025-04-07 12:33:47+00:00,62.77406249999999,0.1665624999999999,48.188750000000006,74.2696875,32.191875000000024,33.4234375,0.5700000000000002,65.04656250000001,0.000842,0.000856,0.001417,15.996874999999982,1
19198,2025-04-07 12:33:55+00:00,2025-04-07 12:33:55+00:00,33.89187499999999,0.1621875,47.850937500000015,44.626875,32.19500000000002,33.032187499999985,0.565625,65.53468750000002,0.00083,0.000754,0.001128,15.655937499999991,1
19219,2025-04-07 12:34:22+00:00,2025-04-07 12:34:22+00:00,54.83392857142858,0.1725,47.2267857142857,65.5625,32.21571428571429,33.038214285714275,0.5678571428571431,65.23250000000002,0.000757,0.000709,0.00101,15.011071428571412,1
19226,2025-04-07 12:34:31+00:00,2025-04-07 12:34:31+00:00,96.80107142857146,0.18,47.26928571428571,110.11035714285713,32.216071428571446,33.54428571428572,1.3753571428571425,64.27142857142856,0.000833,0.000827,0.001208,15.053214285714262,1
19234,2025-04-07 12:34:42+00:00,2025-04-07 12:34:42+00:00,153.101875,0.195,47.46875000000003,170.04468749999995,32.23468750000001,34.38250000000001,1.926874999999999,63.28062499999999,0.000862,0.000921,0.001496,15.234062500000022,1
19274,2025-04-07 12:35:34+00:00,2025-04-07 12:35:34+00:00,127.6909375,0.1996875000000001,48.78718749999999,143.625625,32.29187499999998,34.47625000000001,1.7312499999999995,63.89374999999999,0.000892,0.000956,0.001816,16.495312500000004,1
19275,2025-04-07 12:35:36+00:00,2025-04-07 12:35:36+00:00,115.51419354838714,0.1870967741935484,48.73096774193549,132.05161290322582,32.28322580645159,34.33935483870969,1.6280645161290324,64.2025806451613,0.000887,0.000975,0.001759,16.447741935483897,1
19276,2025-04-07 12:35:37+00:00,2025-04-07 12:35:37+00:00,111.79322580645164,0.1774193548387097,48.676774193548376,127.20516129032256,32.27419354838708,34.25,1.5829032258064513,64.3009677419355,0.000898,0.000935,0.001686,16.402580645161294,1
19279,2025-04-07 12:35:41+00:00,2025-04-07 12:35:41+00:00,90.68233333333336,0.1789999999999999,48.526,105.282,32.28466666666665,33.93366666666666,1.3396666666666663,64.61600000000003,0.000872,0.000937,0.001582,16.24133333333335,1
19287,2025-04-07 12:35:51+00:00,2025-04-07 12:35:51+00:00,47.07343750000002,0.1612499999999999,48.0365625,57.95437499999999,32.28468749999998,33.31437499999999,0.5421874999999996,65.42624999999998,0.000816,0.000802,0.001268,15.751875000000013,1
19298,2025-04-07 12:36:06+00:00,2025-04-07 12:36:06+00:00,19.72906250000001,0.1681249999999999,47.432500000000005,28.6228125,32.31093749999998,32.78843750000001,0.5515625000000003,66.12499999999999,0.000726,0.000785,0.000962,15.121562500000024,1
19300,2025-04-07 12:36:08+00:00,2025-04-07 12:36:08+00:00,20.644,0.1406666666666666,47.45066666666666,30.03066666666666,32.30666666666666,32.82333333333334,0.5533333333333336,65.91466666666665,0.000728,0.000702,0.000928,15.144000000000004,1
19315,2025-04-07 12:36:28+00:00,2025-04-07 12:36:28+00:00,80.93387096774192,0.1667741935483871,47.33870967741935,92.49516129032254,32.30967741935483,33.481290322580655,1.1461290322580646,64.6574193548387,0.000787,0.000775,0.001132,15.029032258064523,1
19329,2025-04-07 12:36:46+00:00,2025-04-07 12:36:46+00:00,170.6202941176471,0.1876470588235294,47.605294117647055,187.5326470588236,32.33617647058824,34.74029411764706,2.138823529411765,62.982941176470575,0.000869,0.000933,0.001651,15.269117647058811,1
19359,2025-04-07 12:37:26+00:00,2025-04-07 12:37:26+00:00,167.32,0.1989999999999999,48.98400000000001,185.1236666666667,32.39966666666665,35.11666666666667,2.128000000000001,63.034666666666666,0.000904,0.00111,0.002144,16.584333333333362,1
19394,2025-04-07 12:38:13+00:00,2025-04-07 12:38:13+00:00,26.6725,0.1687500000000001,47.46468749999999,36.3634375,32.45031250000002,32.97781250000001,0.5493750000000003,65.7546875,0.000676,0.000707,0.00098,15.014374999999973,1
19410,2025-04-07 12:38:34+00:00,2025-04-07 12:38:34+00:00,111.43218750000004,0.1840625,47.49499999999999,124.465625,32.451562500000016,33.96968749999999,1.5090625000000006,64.20062499999997,0.000834,0.000821,0.001359,15.043437499999976,1
19423,2025-04-07 12:38:51+00:00,2025-04-07 12:38:51+00:00,190.279393939394,0.2145454545454546,47.89787878787879,209.07939393939384,32.48181818181819,35.13121212121212,2.3812121212121222,62.62515151515149,0.000901,0.001005,0.001886,15.416060606060595,1
19435,2025-04-07 12:39:07+00:00,2025-04-07 12:39:07+00:00,218.74314285714283,0.2217142857142858,48.57828571428573,238.47114285714284,32.47742857142858,35.748,2.822857142857143,62.00485714285715,0.000976,0.001229,0.002447,16.100857142857144,1
19453,2025-04-07 12:39:30+00:00,2025-04-07 12:39:30+00:00,150.38387096774198,0.1929032258064516,49.00064516129032,166.93451612903223,32.51354838709677,34.98096774193548,1.95258064516129,63.46419354838712,0.000906,0.001025,0.001966,16.487096774193553,1
19464,2025-04-07 12:39:45+00:00,2025-04-07 12:39:45+00:00,72.67124999999999,0.1871875,48.543125,86.37875000000001,32.51499999999999,33.95,0.9737499999999998,64.97625000000001,0.000918,0.000906,0.001537,16.028125000000003,1
19476,2025-04-07 12:40:00+00:00,2025-04-07 12:40:00+00:00,24.60233333333334,0.146,47.87833333333332,33.170333333333346,32.55433333333333,33.225333333333325,0.5546666666666672,65.733,0.000764,0.000717,0.001073,15.323999999999993,1
19482,2025-04-07 12:40:08+00:00,2025-04-07 12:40:08+00:00,20.856896551724137,0.1589655172413793,47.59965517241381,29.328620689655175,32.56137931034481,33.029655172413804,0.5500000000000003,65.8541379310345,0.000722,0.00066,0.000914,15.038275862069,1
19499,2025-04-07 12:40:31+00:00,2025-04-07 12:40:31+00:00,94.55709677419355,0.1709677419354839,47.58935483870967,107.72322580645158,32.58064516129034,33.91870967741935,1.3516129032258064,64.41806451612904,0.000833,0.000785,0.001227,15.008709677419326,1
19524,2025-04-07 12:41:03+00:00,2025-04-07 12:41:03+00:00,217.48566666666665,0.2213333333333332,48.490666666666655,238.37833333333336,32.64099999999999,35.80033333333333,2.829,62.01600000000001,0.000959,0.00115,0.002407,15.849666666666664,1
19548,2025-04-07 12:41:35+00:00,2025-04-07 12:41:35+00:00,125.23031249999998,0.1893749999999999,49.01125,140.09093750000005,32.66062499999998,34.79718749999999,1.711249999999999,63.94687499999997,0.000904,0.000981,0.001839,16.350625000000022,1
19551,2025-04-07 12:41:39+00:00,2025-04-07 12:41:39+00:00,103.53096774193548,0.1716129032258064,48.84870967741936,118.2632258064516,32.65580645161288,34.49354838709679,1.507096774193548,64.4051612903226,0.000901,0.000927,0.001694,16.192903225806475,1
19561,2025-04-07 12:41:52+00:00,2025-04-07 12:41:52+00:00,46.0603448275862,0.173103448275862,48.25931034482758,56.72068965517242,32.68413793103446,33.65827586206897,0.5551724137931037,65.55689655172414,0.000818,0.000805,0.001302,15.57517241379312,1
19577,2025-04-07 12:42:14+00:00,2025-04-07 12:42:14+00:00,28.053333333333324,0.1726666666666667,47.54366666666665,37.00433333333334,32.68633333333334,33.21566666666667,0.5630000000000003,65.63066666666668,0.000719,0.000729,0.000934,14.857333333333315,1
19605,2025-04-07 12:42:51+00:00,2025-04-07 12:42:51+00:00,188.9170588235295,0.2023529411764706,48.01323529411766,207.7470588235294,32.735588235294124,35.37588235294117,2.3455882352941195,62.524411764705896,0.000904,0.001002,0.001889,15.27764705882354,1
19626,2025-04-07 12:43:18+00:00,2025-04-07 12:43:18+00:00,200.9496774193548,0.2135483870967742,49.18419354838712,220.2174193548387,32.73000000000001,35.89129032258065,2.552258064516128,62.48161290322579,0.000974,0.001204,0.00244,16.454193548387103,1
19655,2025-04-07 12:43:58+00:00,2025-04-07 12:43:58+00:00,29.12032258064517,0.1709677419354839,48.09354838709675,39.01354838709677,32.765483870967735,33.483548387096775,0.5429032258064512,65.79129032258065,0.00077,0.000763,0.001099,15.328064516129018,1
19672,2025-04-07 12:44:20+00:00,2025-04-07 12:44:20+00:00,44.21392857142858,0.1735714285714285,47.63357142857144,55.37750000000002,32.79285714285713,33.491428571428564,0.5424999999999996,65.29321428571426,0.000731,0.000718,0.000981,14.840714285714306,1
19685,2025-04-07 12:44:37+00:00,2025-04-07 12:44:37+00:00,124.3854838709678,0.1903225806451612,47.75161290322583,139.10419354838706,32.78741935483869,34.529032258064504,1.6612903225806444,64.09193548387097,0.000858,0.000883,0.001476,14.964193548387136,1
19691,2025-04-07 12:44:45+00:00,2025-04-07 12:44:45+00:00,164.433870967742,0.1938709677419355,47.9209677419355,181.0722580645161,32.79580645161288,35.10774193548388,2.073548387096773,63.21709677419356,0.000879,0.000922,0.001602,15.125161290322616,1
19696,2025-04-07 12:44:51+00:00,2025-04-07 12:44:51+00:00,188.56642857142856,0.1935714285714285,48.0907142857143,206.89285714285717,32.824642857142855,35.47392857142858,2.3717857142857137,62.44571428571429,0.000912,0.001004,0.00188,15.266071428571443,1
19698,2025-04-07 12:44:54+00:00,2025-04-07 12:44:54+00:00,199.790625,0.213125,48.2178125,218.19968749999992,32.821562500000006,35.6240625,2.516875000000002,62.238749999999975,0.000952,0.001093,0.002006,15.396249999999997,1
19762,2025-04-07 12:46:21+00:00,2025-04-07 12:46:21+00:00,46.95033333333335,0.1553333333333333,47.70433333333335,57.46366666666668,32.91533333333332,33.62533333333333,0.5606666666666669,65.19033333333333,0.000785,0.000709,0.000955,14.789000000000025,1
19789,2025-04-07 12:46:56+00:00,2025-04-07 12:46:56+00:00,204.69374999999997,0.2181249999999999,48.33437499999998,224.284375,32.94625000000001,35.830625000000005,2.6065625000000003,62.3415625,0.000908,0.00107,0.00208,15.388124999999969,1
19796,2025-04-07 12:47:05+00:00,2025-04-07 12:47:05+00:00,219.24129032258057,0.2170967741935483,48.764516129032266,239.64838709677423,32.94354838709678,36.13129032258065,2.861935483870968,61.95354838709679,0.00096,0.001176,0.002422,15.820967741935483,1
19802,2025-04-07 12:47:13+00:00,2025-04-07 12:47:13+00:00,212.9746666666668,0.2256666666666668,49.131,232.23533333333336,32.93033333333334,36.14033333333335,2.7549999999999994,62.02400000000003,0.000973,0.001237,0.002515,16.200666666666663,1
19821,2025-04-07 12:47:38+00:00,2025-04-07 12:47:38+00:00,110.42266666666669,0.1786666666666666,49.18899999999999,126.16299999999998,32.95833333333334,34.92933333333334,1.5849999999999995,64.09099999999998,0.000896,0.000951,0.001753,16.230666666666643,1
19832,2025-04-07 12:47:52+00:00,2025-04-07 12:47:52+00:00,47.026129032258055,0.1635483870967741,48.5390322580645,58.05903225806451,32.96451612903228,33.96096774193549,0.5600000000000002,65.42032258064519,0.000846,0.000811,0.001281,15.574516129032226,1
19858,2025-04-07 12:48:26+00:00,2025-04-07 12:48:26+00:00,67.41612903225807,0.18,47.85806451612902,78.62903225806451,33.0116129032258,33.96290322580645,0.5451612903225805,65.14129032258066,0.000792,0.000907,0.001106,14.846451612903216,1
19868,2025-04-07 12:48:39+00:00,2025-04-07 12:48:39+00:00,132.75133333333335,0.1963333333333333,47.89500000000002,147.2746666666667,33.00166666666667,34.804,1.7363333333333335,63.70299999999998,0.000901,0.000898,0.001562,14.893333333333352,1
19870,2025-04-07 12:48:42+00:00,2025-04-07 12:48:42+00:00,147.44031249999995,0.195625,47.994375000000005,164.07562500000003,33.012812499999995,35.0496875,1.888125,63.445,0.000859,0.000926,0.001556,14.98156250000001,1
19921,2025-04-07 12:49:49+00:00,2025-04-07 12:49:49+00:00,58.90133333333337,0.1626666666666667,48.75433333333333,71.11433333333335,33.04433333333332,34.218,0.5600000000000003,65.37466666666667,0.000831,0.000838,0.001465,15.710000000000008,1
19922,2025-04-07 12:49:50+00:00,2025-04-07 12:49:50+00:00,55.21379310344831,0.1703448275862069,48.71517241379311,66.16896551724139,33.04517241379308,34.18551724137931,0.5600000000000003,65.22896551724139,0.000842,0.000813,0.001384,15.670000000000025,1
19924,2025-04-07 12:49:53+00:00,2025-04-07 12:49:53+00:00,43.81999999999999,0.1539393939393939,48.55242424242425,54.596666666666685,33.03727272727271,33.97878787878788,0.5636363636363637,65.48757575757577,0.000811,0.000786,0.001299,15.515151515151544,1
19938,2025-04-07 12:50:11+00:00,2025-04-07 12:50:11+00:00,21.98666666666666,0.1476666666666667,47.886333333333305,30.977,33.06266666666664,33.495999999999995,0.5556666666666669,65.791,0.000688,0.000696,0.000957,14.823666666666668,1
19952,2025-04-07 12:50:31+00:00,2025-04-07 12:50:31+00:00,89.71241379310347,0.176551724137931,47.90896551724138,102.14172413793104,33.09862068965519,34.29896551724139,1.3265517241379308,64.50068965517241,0.000833,0.000792,0.001222,14.810344827586192,1
19961,2025-04-07 12:50:43+00:00,2025-04-07 12:50:43+00:00,152.00375000000005,0.2071875000000002,47.9715625,168.50937499999998,33.080312500000005,35.11875,1.964374999999999,63.43500000000002,0.000855,0.000904,0.001559,14.891249999999992,1
19968,2025-04-07 12:50:52+00:00,2025-04-07 12:50:52+00:00,190.5451515151515,0.2112121212121212,48.32242424242423,209.549393939394,33.0878787878788,35.73969696969697,2.4312121212121216,62.52909090909088,0.000939,0.001018,0.00192,15.234545454545426,1
19984,2025-04-07 12:51:13+00:00,2025-04-07 12:51:13+00:00,214.72000000000008,0.2132142857142857,49.24642857142857,234.69035714285715,33.12785714285714,36.36821428571429,2.806785714285714,62.24642857142857,0.000983,0.001267,0.002558,16.11857142857143,1
19995,2025-04-07 12:51:27+00:00,2025-04-07 12:51:27+00:00,169.01181818181811,0.2033333333333333,49.49727272727274,186.43181818181813,33.15242424242424,35.85212121212122,2.165454545454546,62.900000000000006,0.000946,0.001125,0.002208,16.344848484848498,1
19997,2025-04-07 12:51:30+00:00,2025-04-07 12:51:30+00:00,153.21774193548387,0.1993548387096774,49.46870967741936,170.56741935483865,33.15903225806451,35.64870967741936,2.0080645161290325,63.29806451612906,0.000931,0.001102,0.002084,16.309677419354855,1
19999,2025-04-07 12:51:32+00:00,2025-04-07 12:51:32+00:00,144.38588235294117,0.1923529411764706,49.47470588235296,160.99852941176476,33.13205882352942,35.54235294117648,1.9105882352941173,63.44911764705881,0.000916,0.001024,0.001996,16.342647058823538,1
20024,2025-04-07 12:52:05+00:00,2025-04-07 12:52:05+00:00,19.31060606060607,0.1551515151515151,48.10030303030303,28.41272727272727,33.17757575757575,33.68272727272726,0.5600000000000002,66.11545454545455,0.000701,0.000669,0.001043,14.92272727272728,1
20033,2025-04-07 12:52:18+00:00,2025-04-07 12:52:18+00:00,36.982666666666674,0.1653333333333333,47.91533333333334,46.04533333333335,33.18266666666668,33.77699999999998,0.556666666666667,65.61366666666666,0.000736,0.000682,0.000956,14.732666666666669,1
20039,2025-04-07 12:52:26+00:00,2025-04-07 12:52:26+00:00,66.31741935483873,0.1745161290322581,47.91645161290323,77.72709677419356,33.196129032258085,34.16258064516129,0.5612903225806454,65.00258064516129,0.000753,0.000749,0.0011,14.720322580645146,1
20040,2025-04-07 12:52:28+00:00,2025-04-07 12:52:28+00:00,74.50200000000001,0.166,47.924333333333344,86.06700000000002,33.19766666666667,34.22666666666668,0.6043333333333334,65.00566666666667,0.000766,0.000758,0.001157,14.726666666666674,1
20086,2025-04-07 12:53:29+00:00,2025-04-07 12:53:29+00:00,159.48838709677415,0.204516129032258,49.52709677419354,177.20516129032254,33.22741935483872,35.81193548387097,2.0596774193548377,63.24967741935484,0.000945,0.001092,0.002146,16.299677419354822,1
20091,2025-04-07 12:53:36+00:00,2025-04-07 12:53:36+00:00,123.8606896551724,0.203103448275862,49.417931034482784,141.15999999999997,33.22586206896553,35.31413793103449,1.7137931034482763,63.95586206896554,0.000925,0.000999,0.001919,16.19206896551725,1
20111,2025-04-07 12:54:02+00:00,2025-04-07 12:54:02+00:00,23.304545454545448,0.1715151515151514,48.31030303030302,32.88363636363636,33.25939393939394,33.83545454545455,0.5500000000000003,65.96060606060608,0.00074,0.000716,0.001108,15.05090909090908,1
20121,2025-04-07 12:54:16+00:00,2025-04-07 12:54:16+00:00,30.94266666666666,0.1626666666666666,47.95866666666668,40.54866666666668,33.25566666666666,33.75633333333333,0.5449999999999996,65.81433333333334,0.000738,0.000725,0.001027,14.703000000000015,1
20126,2025-04-07 12:54:23+00:00,2025-04-07 12:54:23+00:00,52.751000000000005,0.1553333333333333,47.97266666666668,62.877666666666656,33.27033333333332,34.058666666666674,0.5399999999999996,65.27400000000002,0.000769,0.000706,0.00106,14.702333333333364,1
20145,2025-04-07 12:54:48+00:00,2025-04-07 12:54:48+00:00,172.85967741935482,0.1961290322580645,48.261290322580656,191.74,33.26935483870967,35.67258064516129,2.201290322580646,62.83129032258063,0.000907,0.00097,0.001782,14.99193548387099,1
20173,2025-04-07 12:55:24+00:00,2025-04-07 12:55:24+00:00,182.07733333333337,0.2103333333333334,49.64966666666669,202.0706666666665,33.301999999999985,36.18266666666667,2.317,62.82866666666668,0.000994,0.001249,0.002385,16.347666666666704,1
20174,2025-04-07 12:55:26+00:00,2025-04-07 12:55:26+00:00,173.284375,0.2096875,49.60968749999998,192.6671875,33.28437499999999,36.075625,2.233750000000001,63.0421875,0.000987,0.001156,0.002326,16.32531249999999,1
20179,2025-04-07 12:55:32+00:00,2025-04-07 12:55:32+00:00,144.69454545454542,0.1845454545454546,49.5533333333333,162.81939393939393,33.292727272727255,35.709090909090904,1.9360606060606065,63.52757575757577,0.000926,0.001038,0.002072,16.260606060606044,1
20188,2025-04-07 12:55:44+00:00,2025-04-07 12:55:44+00:00,83.67483870967743,0.1848387096774193,49.14548387096774,97.53741935483872,33.29580645161289,34.84741935483871,1.2812903225806458,64.75516129032259,0.000916,0.000886,0.001654,15.849677419354848,1
20189,2025-04-07 12:55:47+00:00,2025-04-07 12:55:47+00:00,69.54424242424241,0.1651515151515152,49.05757575757576,82.85121212121211,33.31484848484848,34.67969696969698,0.5424242424242419,65.0039393939394,0.00092,0.000872,0.001639,15.742727272727272,1
20235,2025-04-07 12:56:48+00:00,2025-04-07 12:56:48+00:00,171.96774193548384,0.1945161290322581,48.29774193548388,190.3583870967742,33.38225806451613,35.77774193548387,2.179999999999999,62.8832258064516,0.000891,0.000948,0.001801,14.915483870967748,1
20238,2025-04-07 12:56:52+00:00,2025-04-07 12:56:52+00:00,189.67967741935485,0.2016129032258065,48.4509677419355,207.24516129032256,33.368064516129046,36.03193548387097,2.381612903225806,62.72741935483872,0.000946,0.001037,0.00197,15.082903225806454,1
20259,2025-04-07 12:57:20+00:00,2025-04-07 12:57:20+00:00,198.35566666666668,0.2243333333333333,49.65633333333335,216.96866666666665,33.372,36.516000000000005,2.548666666666666,62.33166666666669,0.000967,0.001204,0.002555,16.28433333333335,1
20275,2025-04-07 12:57:41+00:00,2025-04-07 12:57:41+00:00,99.2367741935484,0.1838709677419355,49.381935483871,114.06451612903231,33.40870967741934,35.17483870967741,1.4493548387096775,64.48387096774195,0.000862,0.000919,0.001776,15.97322580645166,1
20287,2025-04-07 12:57:57+00:00,2025-04-07 12:57:57+00:00,34.2459375,0.1578125,48.64624999999998,43.609375,33.40031249999999,34.245625000000004,0.5199999999999997,65.7778125,0.000774,0.000758,0.001253,15.24593749999999,1
20291,2025-04-07 12:58:03+00:00,2025-04-07 12:58:03+00:00,22.22758620689655,0.1582758620689655,48.40758620689653,32.182068965517246,33.40724137931032,33.94827586206898,0.5199999999999997,65.85758620689653,0.000745,0.000696,0.001141,15.000344827586211,1
20302,2025-04-07 12:58:18+00:00,2025-04-07 12:58:18+00:00,34.73542857142857,0.1722857142857142,48.06885714285712,44.84371428571431,33.42371428571428,34.003714285714274,0.5199999999999997,65.6182857142857,0.000737,0.000689,0.001009,14.645142857142844,1
20304,2025-04-07 12:58:20+00:00,2025-04-07 12:58:20+00:00,41.17766666666668,0.17,48.04933333333332,51.23500000000001,33.42566666666665,34.02166666666667,0.5199999999999997,65.54666666666667,0.000704,0.000723,0.001032,14.623666666666663,1
20328,2025-04-07 12:58:52+00:00,2025-04-07 12:58:52+00:00,188.89032258064512,0.2287096774193549,48.53709677419354,207.918064516129,33.45419354838712,36.07548387096774,2.386451612903226,62.52580645161291,0.000925,0.001015,0.001967,15.082903225806426,1
20342,2025-04-07 12:59:10+00:00,2025-04-07 12:59:10+00:00,217.93451612903223,0.2148387096774193,49.346774193548384,238.50709677419363,33.457096774193566,36.6725806451613,2.850967741935482,61.73516129032257,0.000988,0.001266,0.002593,15.889677419354818,1
20343,2025-04-07 12:59:11+00:00,2025-04-07 12:59:11+00:00,217.2825806451613,0.215483870967742,49.40870967741937,237.1712903225807,33.452258064516144,36.69193548387096,2.843870967741936,61.97935483870968,0.000977,0.001236,0.00261,15.956451612903225,1
20345,2025-04-07 12:59:14+00:00,2025-04-07 12:59:14+00:00,214.040606060606,0.2218181818181818,49.5021212121212,233.85757575757572,33.45454545454547,36.70696969696969,2.773939393939394,61.95969696969696,0.000977,0.001264,0.002627,16.047575757575736,1
20355,2025-04-07 12:59:27+00:00,2025-04-07 12:59:27+00:00,171.60343749999998,0.1925,49.75968750000001,188.665,33.452812500000014,36.23375000000001,2.175312500000001,63.17250000000001,0.000954,0.001122,0.002284,16.306874999999998,1
20359,2025-04-07 12:59:32+00:00,2025-04-07 12:59:32+00:00,147.86333333333332,0.18,49.71100000000001,163.97966666666667,33.46133333333335,35.90366666666667,1.9269999999999996,63.56766666666668,0.000981,0.001032,0.002096,16.249666666666663,1
20369,2025-04-07 12:59:45+00:00,2025-04-07 12:59:45+00:00,81.02133333333333,0.174,49.28866666666666,93.88500000000002,33.46800000000001,35.00266666666667,1.2316666666666662,64.9706666666667,0.000915,0.000881,0.001692,15.820666666666646,1
20415,2025-04-07 13:00:46+00:00,2025-04-07 13:00:46+00:00,162.6993333333333,0.2236666666666667,48.40233333333335,180.1996666666667,33.52899999999999,35.773,2.0510000000000006,63.06566666666669,0.000877,0.000934,0.001685,14.873333333333356,1
20431,2025-04-07 13:01:07+00:00,2025-04-07 13:01:07+00:00,219.13718750000007,0.2199999999999999,49.25718749999999,239.36187500000003,33.51999999999999,36.76249999999999,2.8603125,61.82999999999996,0.000954,0.001187,0.002525,15.737187499999996,1
20433,2025-04-07 13:01:09+00:00,2025-04-07 13:01:09+00:00,219.6365625,0.2193750000000001,49.361875000000026,239.63281249999997,33.51812499999999,36.80406250000001,2.87,61.80500000000001,0.000969,0.001213,0.002573,15.843750000000036,1
20436,2025-04-07 13:01:13+00:00,2025-04-07 13:01:13+00:00,215.7846875,0.20875,49.563125,235.378125,33.53031249999999,36.81312499999999,2.7990625000000016,61.90343750000001,0.000984,0.001231,0.002624,16.032812500000013,1
20437,2025-04-07 13:01:14+00:00,2025-04-07 13:01:14+00:00,213.9123333333333,0.2226666666666666,49.61133333333334,233.5873333333332,33.508999999999986,36.83,2.7769999999999992,61.92933333333334,0.000977,0.001233,0.002629,16.102333333333355,1
20471,2025-04-07 13:02:00+00:00,2025-04-07 13:02:00+00:00,27.329032258064515,0.1525806451612903,48.64709677419355,36.82032258064515,33.563870967741934,34.215806451612906,0.5096774193548386,65.72483870967741,0.000766,0.000727,0.001138,15.083225806451615,1
20475,2025-04-07 13:02:06+00:00,2025-04-07 13:02:06+00:00,20.255454545454544,0.1718181818181818,48.43000000000003,30.33303030303032,33.5821212121212,34.11454545454545,0.5099999999999999,65.87757575757574,0.00073,0.000671,0.001044,14.847878787878829,1
20510,2025-04-07 13:02:51+00:00,2025-04-07 13:02:51+00:00,183.49774193548387,0.207741935483871,48.604193548387066,202.2593548387097,33.609677419354846,36.16064516129032,2.3135483870967746,62.637741935483874,0.00092,0.000998,0.001937,14.99451612903222,1
20521,2025-04-07 13:03:07+00:00,2025-04-07 13:03:07+00:00,219.92500000000007,0.2075,49.33187500000002,239.25,33.6309375,36.86531249999999,2.87875,61.83937500000001,0.000973,0.001203,0.002552,15.700937500000016,1
20524,2025-04-07 13:03:11+00:00,2025-04-07 13:03:11+00:00,217.784375,0.22,49.47781249999999,238.005,33.656562499999986,36.876875000000005,2.8581250000000007,61.969375000000014,0.000989,0.001245,0.002638,15.821250000000006,1
20558,2025-04-07 13:03:56+00:00,2025-04-07 13:03:56+00:00,37.76741935483872,0.1580645161290323,48.87709677419354,49.01580645161292,33.67645161290322,34.54806451612903,0.5396774193548384,65.52483870967743,0.000808,0.000788,0.001266,15.200645161290318,1
20570,2025-04-07 13:04:13+00:00,2025-04-07 13:04:13+00:00,23.191034482758617,0.1610344827586207,48.26172413793103,32.356206896551704,33.67655172413791,34.15172413793105,0.5248275862068962,65.93241379310344,0.000726,0.000685,0.001043,14.585172413793124,1
20579,2025-04-07 13:04:25+00:00,2025-04-07 13:04:25+00:00,57.54275862068966,0.1824137931034483,48.26379310344827,69.07965517241381,33.685517241379294,34.538275862068964,0.5600000000000003,65.16310344827586,0.000791,0.000726,0.001115,14.578275862068978,1
20583,2025-04-07 13:04:30+00:00,2025-04-07 13:04:30+00:00,79.93333333333335,0.1603030303030303,48.23333333333333,91.99212121212123,33.67303030303028,34.78121212121213,1.2384848484848487,64.7187878787879,0.000792,0.000763,0.00118,14.560303030303048,1
20585,2025-04-07 13:04:32+00:00,2025-04-07 13:04:32+00:00,89.20968749999999,0.1746875,48.23906250000001,101.39624999999998,33.6825,34.9203125,1.3146875,64.5815625,0.000836,0.000812,0.001291,14.556562500000013,1
20592,2025-04-07 13:04:42+00:00,2025-04-07 13:04:42+00:00,140.68787878787882,0.1857575757575758,48.40515151515152,156.19484848484848,33.70575757575759,35.610000000000014,1.8375757575757572,63.6060606060606,0.000905,0.000898,0.001639,14.699393939393936,1
20607,2025-04-07 13:05:01+00:00,2025-04-07 13:05:01+00:00,212.42387096774183,0.2290322580645162,49.08129032258062,232.48483870967743,33.73548387096775,36.81290322580645,2.745161290322581,62.1558064516129,0.000945,0.001162,0.002345,15.345806451612871,1
20614,2025-04-07 13:05:10+00:00,2025-04-07 13:05:10+00:00,218.64129032258072,0.2248387096774194,49.49032258064516,238.726129032258,33.72903225806453,36.94193548387098,2.888387096774194,61.989677419354834,0.000989,0.001233,0.002631,15.761290322580628,1
20618,2025-04-07 13:05:16+00:00,2025-04-07 13:05:16+00:00,210.7040625,0.2212500000000001,49.72781250000003,230.431875,33.72843750000001,36.94656249999999,2.751249999999999,62.11343749999999,0.000994,0.001244,0.00266,15.999375000000017,1
20619,2025-04-07 13:05:17+00:00,2025-04-07 13:05:17+00:00,208.3616129032258,0.207741935483871,49.7616129032258,227.1299999999999,33.716451612903235,36.879032258064505,2.7103225806451605,62.20129032258066,0.001001,0.001235,0.002642,16.04516129032256,1
20643,2025-04-07 13:05:48+00:00,2025-04-07 13:05:48+00:00,68.11575757575758,0.1554545454545455,49.34090909090907,81.02121212121213,33.77424242424241,35.091515151515146,0.5433333333333332,65.03909090909089,0.000863,0.000855,0.001585,15.566666666666665,1
20647,2025-04-07 13:05:54+00:00,2025-04-07 13:05:54+00:00,45.636333333333326,0.1513333333333333,49.04099999999999,56.09900000000002,33.76966666666666,34.746666666666655,0.533333333333333,65.33266666666664,0.000813,0.000796,0.001377,15.271333333333333,1
20650,2025-04-07 13:05:58+00:00,2025-04-07 13:05:58+00:00,32.74966666666668,0.1673333333333333,48.86500000000002,43.24766666666666,33.77266666666665,34.52866666666667,0.5293333333333331,65.89099999999999,0.00079,0.000751,0.001188,15.092333333333372,1
20674,2025-04-07 13:06:29+00:00,2025-04-07 13:06:29+00:00,74.31531249999999,0.170625,48.32531250000001,86.36062499999998,33.78562499999999,34.837812500000005,0.9134375000000002,64.89874999999998,0.000756,0.000749,0.001172,14.53968750000002,1
20680,2025-04-07 13:06:37+00:00,2025-04-07 13:06:37+00:00,115.01866666666668,0.173,48.41066666666669,128.16600000000005,33.796333333333315,35.373666666666665,1.5773333333333337,64.06000000000002,0.000841,0.00083,0.001462,14.614333333333375,1
20686,2025-04-07 13:06:45+00:00,2025-04-07 13:06:45+00:00,154.76062500000006,0.2078125,48.54718749999997,171.32218749999998,33.79281249999998,35.967187499999994,1.9921875,63.20375000000002,0.000862,0.00091,0.001625,14.754374999999987,1
20696,2025-04-07 13:06:58+00:00,2025-04-07 13:06:58+00:00,207.06677419354835,0.2212903225806451,48.91225806451615,225.3125806451613,33.81387096774195,36.728387096774185,2.6700000000000004,62.1583870967742,0.000946,0.001094,0.002214,15.098387096774196,1
20706,2025-04-07 13:07:11+00:00,2025-04-07 13:07:11+00:00,218.57375,0.218125,49.61999999999998,238.2109375000001,33.82843750000001,37.0890625,2.880625,61.82343750000002,0.000983,0.001221,0.002593,15.791562499999976,1
20736,2025-04-07 13:07:50+00:00,2025-04-07 13:07:50+00:00,61.45343749999999,0.1784374999999999,49.29687499999999,73.61374999999998,33.86000000000001,35.058125000000004,0.5299999999999998,65.1684375,0.000855,0.000825,0.001504,15.436874999999986,1
20759,2025-04-07 13:08:20+00:00,2025-04-07 13:08:20+00:00,38.157,0.1523333333333333,48.36699999999998,47.841,33.876,34.52766666666666,0.5353333333333331,65.43499999999999,0.000695,0.000678,0.001043,14.490999999999984,1
20762,2025-04-07 13:08:24+00:00,2025-04-07 13:08:24+00:00,53.250322580645175,0.1609677419354839,48.35290322580645,63.078709677419376,33.89387096774193,34.63806451612903,0.5399999999999996,65.22354838709677,0.000719,0.000709,0.001103,14.459032258064518,1
20765,2025-04-07 13:08:28+00:00,2025-04-07 13:08:28+00:00,69.30187499999998,0.171875,48.36625000000001,80.76249999999996,33.8784375,34.84468749999999,0.5412499999999998,65.0840625,0.000767,0.000753,0.001152,14.487812500000013,1
20779,2025-04-07 13:08:47+00:00,2025-04-07 13:08:47+00:00,164.5476666666667,0.1903333333333333,48.63366666666664,181.03833333333336,33.90333333333332,36.131,2.0886666666666662,63.01833333333333,0.000885,0.000928,0.001741,14.730333333333313,1
20803,2025-04-07 13:09:19+00:00,2025-04-07 13:09:19+00:00,204.14437499999997,0.2240625,49.991875,223.444375,33.94562500000001,37.07875,2.6396875,62.20249999999999,0.000981,0.001256,0.002624,16.046249999999993,1
20804,2025-04-07 13:09:21+00:00,2025-04-07 13:09:21+00:00,196.98172413793097,0.2189655172413793,49.98655172413793,217.2762068965517,33.9410344827586,37.00862068965517,2.5506896551724143,62.399655172413816,0.000976,0.001216,0.002602,16.04551724137933,1
20814,2025-04-07 13:09:34+00:00,2025-04-07 13:09:34+00:00,140.62964285714287,0.1903571428571428,49.977857142857154,157.23821428571432,33.93285714285715,36.26821428571428,1.8778571428571431,63.65107142857146,0.000923,0.001031,0.002085,16.045,1
20818,2025-04-07 13:09:39+00:00,2025-04-07 13:09:39+00:00,114.9017647058823,0.1776470588235294,49.80588235294117,130.2570588235294,33.9458823529412,35.88617647058822,1.6335294117647057,64.13558823529411,0.000888,0.000954,0.00188,15.859999999999973,1
20820,2025-04-07 13:09:42+00:00,2025-04-07 13:09:42+00:00,99.76870967741932,0.1680645161290322,49.744516129032256,113.45677419354836,33.94129032258067,35.69387096774195,1.4596774193548387,64.54548387096774,0.00087,0.000954,0.001795,15.803225806451586,1
20830,2025-04-07 13:09:55+00:00,2025-04-07 13:09:55+00:00,42.26225806451614,0.1503225806451613,49.131290322580654,53.43516129032258,33.93774193548388,34.86741935483871,0.5299999999999998,65.66645161290322,0.000788,0.000778,0.001337,15.193548387096776,1
20842,2025-04-07 13:10:11+00:00,2025-04-07 13:10:11+00:00,20.6574193548387,0.147741935483871,48.50774193548386,29.857741935483883,33.95129032258066,34.421612903225814,0.5229032258064513,65.96548387096776,0.000681,0.000709,0.000998,14.556451612903205,1
20849,2025-04-07 13:10:20+00:00,2025-04-07 13:10:20+00:00,38.15766666666666,0.1436666666666667,48.41066666666666,47.17099999999999,33.95833333333335,34.57466666666666,0.5416666666666663,65.54433333333333,0.000698,0.000697,0.001013,14.452333333333309,1
20851,2025-04-07 13:10:22+00:00,2025-04-07 13:10:22+00:00,44.72999999999998,0.1617857142857143,48.41071428571429,54.6635714285714,33.95678571428572,34.62785714285714,0.5378571428571426,65.35035714285716,0.000713,0.000724,0.001,14.45392857142857,1
20853,2025-04-07 13:10:25+00:00,2025-04-07 13:10:25+00:00,55.3583870967742,0.172258064516129,48.40645161290324,65.76419354838711,33.95451612903227,34.72935483870968,0.5332258064516127,65.19032258064519,0.000766,0.000709,0.001123,14.451935483870969,1
20870,2025-04-07 13:10:47+00:00,2025-04-07 13:10:47+00:00,162.63424242424253,0.1987878787878788,48.67424242424242,179.63606060606057,33.99424242424242,36.22757575757575,2.083939393939395,63.1512121212121,0.00089,0.000936,0.001738,14.68,1
20874,2025-04-07 13:10:52+00:00,2025-04-07 13:10:52+00:00,184.6203125,0.1918750000000001,48.78187499999998,202.2518750000001,33.98031250000001,36.53781250000001,2.3609375,62.82781250000002,0.000914,0.001001,0.001978,14.801562499999967,1
20904,2025-04-07 13:11:32+00:00,2025-04-07 13:11:32+00:00,152.45562500000003,0.1856249999999999,50.06968749999999,169.810625,34.01624999999999,36.52468750000001,2.002500000000001,63.310937500000016,0.000914,0.001065,0.002123,16.053437499999994,1
20925,2025-04-07 13:11:59+00:00,2025-04-07 13:11:59+00:00,32.07699999999999,0.161,49.04999999999999,41.44199999999999,34.08100000000002,34.774333333333324,0.5299999999999998,65.58999999999997,0.000753,0.00072,0.00117,14.968999999999973,1
20951,2025-04-07 13:12:33+00:00,2025-04-07 13:12:33+00:00,92.1003225806452,0.1864516129032258,48.59387096774193,105.16903225806452,34.068064516129034,35.37064516129031,1.3370967741935482,64.48709677419356,0.000793,0.000824,0.001293,14.525806451612894,1
20974,2025-04-07 13:13:04+00:00,2025-04-07 13:13:04+00:00,216.02121212121207,0.2254545454545455,49.438484848484855,235.95666666666656,34.09454545454547,37.25727272727273,2.82969696969697,61.915757575757546,0.001208,0.001245,0.002468,15.343939393939388,1
21014,2025-04-07 13:13:56+00:00,2025-04-07 13:13:56+00:00,40.24718750000001,0.1615625,49.229062500000005,50.85687499999997,34.14937499999999,35.029687500000016,0.5550000000000004,65.57968749999999,0.000783,0.000777,0.001282,15.079687500000013,1
21017,2025-04-07 13:14:00+00:00,2025-04-07 13:14:00+00:00,29.506562499999998,0.154375,49.04718749999998,38.365625,34.14812499999999,34.861562500000005,0.5465625000000004,65.58312500000002,0.000752,0.000827,0.001163,14.899062499999983,1
21032,2025-04-07 13:14:21+00:00,2025-04-07 13:14:21+00:00,40.27529411764707,0.1591176470588235,48.55117647058824,49.81617647058825,34.16294117647059,34.76235294117646,0.5299999999999999,65.4170588235294,0.000725,0.000692,0.000983,14.38823529411765,1
21051,2025-04-07 13:14:46+00:00,2025-04-07 13:14:46+00:00,157.15064516129033,0.1967741935483871,48.73354838709678,173.22548387096774,34.162580645161285,36.27774193548385,2.0196774193548386,63.18193548387098,0.000868,0.000921,0.001695,14.570967741935496,1
21054,2025-04-07 13:14:50+00:00,2025-04-07 13:14:50+00:00,175.6241935483871,0.192258064516129,48.86387096774192,192.88774193548383,34.16709677419354,36.56741935483871,2.2496774193548394,62.89774193548387,0.000891,0.000979,0.001867,14.69677419354838,1
21072,2025-04-07 13:15:13+00:00,2025-04-07 13:15:13+00:00,217.45548387096764,0.2174193548387097,49.88677419354837,236.70483870967743,34.20000000000002,37.4367741935484,2.882903225806453,62.01548387096776,0.000973,0.001256,0.002652,15.686774193548352,1
21084,2025-04-07 13:15:29+00:00,2025-04-07 13:15:29+00:00,167.5696666666667,0.1946666666666667,50.28033333333331,185.5603333333333,34.22266666666668,36.88933333333332,2.1840000000000006,63.091000000000015,0.000939,0.001144,0.002321,16.057666666666627,1
21117,2025-04-07 13:16:12+00:00,2025-04-07 13:16:12+00:00,21.3425,0.1443749999999999,48.6940625,29.870625,34.239375,34.7728125,0.5193749999999998,65.9384375,0.000718,0.000741,0.001003,14.4546875,1
21172,2025-04-07 13:17:24+00:00,2025-04-07 13:17:24+00:00,190.11382352941175,0.1917647058823529,50.27647058823527,208.2138235294117,34.30764705882351,37.27764705882354,2.453823529411765,62.58470588235294,0.000949,0.001184,0.002473,15.968823529411758,1
21183,2025-04-07 13:17:39+00:00,2025-04-07 13:17:39+00:00,118.70193548387095,0.1790322580645161,50.05129032258063,133.70225806451617,34.311935483870954,36.27193548387096,1.670645161290322,63.9990322580645,0.000903,0.00098,0.001963,15.739354838709671,1
21197,2025-04-07 13:17:58+00:00,2025-04-07 13:17:58+00:00,35.23571428571427,0.1492857142857142,49.24857142857143,45.1725,34.30178571428571,35.08785714285714,0.5328571428571426,65.59,0.00078,0.000763,0.001269,14.946785714285724,1
21205,2025-04-07 13:18:09+00:00,2025-04-07 13:18:09+00:00,19.651562500000004,0.1578124999999999,48.78468750000001,28.308750000000007,34.31656250000001,34.7521875,0.5199999999999997,66.14843749999997,0.00072,0.000685,0.00102,14.468125,1
21207,2025-04-07 13:18:12+00:00,2025-04-07 13:18:12+00:00,20.668000000000003,0.148,48.717333333333336,29.587333333333333,34.30733333333331,34.74699999999999,0.5199999999999997,65.92800000000001,0.000698,0.000691,0.001017,14.410000000000023,1
21262,2025-04-07 13:19:25+00:00,2025-04-07 13:19:25+00:00,186.94,0.2034375,50.32875,204.73125,34.36874999999999,37.2909375,2.43,62.6328125,0.001008,0.001192,0.002502,15.960000000000008,1
21269,2025-04-07 13:19:34+00:00,2025-04-07 13:19:34+00:00,145.25483870967747,0.1922580645161291,50.32677419354839,161.3554838709677,34.37322580645162,36.77193548387097,1.935483870967741,63.72548387096776,0.000933,0.001056,0.002105,15.953548387096768,1
21281,2025-04-07 13:19:50+00:00,2025-04-07 13:19:50+00:00,65.51121212121213,0.1830303030303031,49.704545454545446,77.92545454545456,34.36848484848486,35.63515151515151,0.5296969696969694,65.05212121212122,0.000849,0.000856,0.001597,15.336060606060585,1
21295,2025-04-07 13:20:08+00:00,2025-04-07 13:20:08+00:00,19.84322580645161,0.1474193548387097,48.89967741935486,29.012258064516125,34.3974193548387,34.894516129032255,0.5199999999999997,65.87870967741937,0.000709,0.000691,0.001061,14.502258064516155,1
21302,2025-04-07 13:20:17+00:00,2025-04-07 13:20:17+00:00,27.31724137931035,0.1510344827586207,48.75,37.089655172413806,34.43172413793102,34.92724137931033,0.5234482758620688,65.82310344827587,0.000689,0.000699,0.000995,14.31827586206898,1
21313,2025-04-07 13:20:32+00:00,2025-04-07 13:20:32+00:00,83.71600000000002,0.1786666666666666,48.739,95.51266666666668,34.43033333333332,35.54933333333334,1.249333333333333,64.50433333333335,0.000798,0.000845,0.001222,14.308666666666682,1
21341,2025-04-07 13:21:09+00:00,2025-04-07 13:21:09+00:00,219.77193548387092,0.2135483870967743,49.91290322580646,239.62354838709672,34.43161290322579,37.65709677419356,2.93483870967742,61.93870967741936,0.000955,0.00121,0.002571,15.48129032258067,1
21349,2025-04-07 13:21:19+00:00,2025-04-07 13:21:19+00:00,206.20200000000003,0.2086666666666667,50.26966666666666,225.9,34.44133333333331,37.609,2.708666666666666,62.249,0.000966,0.00124,0.002656,15.828333333333347,1
21371,2025-04-07 13:21:48+00:00,2025-04-07 13:21:48+00:00,74.65599999999998,0.1709999999999999,49.839333333333336,87.15133333333327,34.48066666666668,35.85666666666666,1.2040000000000002,64.83,0.000889,0.000883,0.001667,15.358666666666656,1
21374,2025-04-07 13:21:53+00:00,2025-04-07 13:21:53+00:00,53.06321428571429,0.1642857142857143,49.657857142857154,64.45178571428572,34.494642857142864,35.567142857142855,0.521785714285714,65.16892857142857,0.000818,0.000824,0.001471,15.16321428571429,1
21406,2025-04-07 13:22:35+00:00,2025-04-07 13:22:35+00:00,97.68838709677424,0.1638709677419354,48.843225806451606,109.79709677419356,34.536129032258046,35.83225806451613,1.4096774193548394,64.44677419354836,0.000798,0.000818,0.001366,14.30709677419356,1
21435,2025-04-07 13:23:14+00:00,2025-04-07 13:23:14+00:00,215.8951724137931,0.2362068965517241,50.19310344827586,236.65448275862076,34.52793103448274,37.820689655172416,2.902413793103449,62.0244827586207,0.000988,0.001255,0.002697,15.665172413793124,1
21438,2025-04-07 13:23:18+00:00,2025-04-07 13:23:18+00:00,209.24214285714285,0.2114285714285714,50.34999999999999,229.3910714285714,34.5367857142857,37.74357142857144,2.7871428571428574,62.15500000000001,0.000986,0.001248,0.002691,15.813214285714288,1
21448,2025-04-07 13:23:31+00:00,2025-04-07 13:23:31+00:00,161.2185294117647,0.1873529411764705,50.49558823529412,178.76617647058825,34.5505882352941,37.18000000000001,2.1205882352941168,63.088823529411776,0.000942,0.001151,0.002244,15.945000000000022,1
21457,2025-04-07 13:23:43+00:00,2025-04-07 13:23:43+00:00,100.54322580645162,0.1761290322580645,50.11580645161288,114.37225806451612,34.556129032258035,36.30903225806451,1.4887096774193542,64.54193548387096,0.000863,0.000954,0.001788,15.55967741935484,1
21460,2025-04-07 13:23:47+00:00,2025-04-07 13:23:47+00:00,79.59806451612906,0.1716129032258064,49.994193548387095,92.9103225806452,34.5648387096774,36.04870967741935,1.2570967741935484,64.8116129032258,0.000878,0.000883,0.001732,15.429354838709692,1
21490,2025-04-07 13:24:26+00:00,2025-04-07 13:24:26+00:00,55.277096774193566,0.175483870967742,48.79935483870965,65.74290322580644,34.6041935483871,35.35258064516129,0.5267741935483868,65.14774193548388,0.000731,0.000707,0.001101,14.195161290322552,1
21491,2025-04-07 13:24:28+00:00,2025-04-07 13:24:28+00:00,63.605294117647055,0.1629411764705882,48.84823529411762,74.05617647058824,34.606176470588245,35.503823529411775,0.5399999999999996,65.06558823529413,0.000781,0.000725,0.001095,14.242058823529376,1
21502,2025-04-07 13:24:42+00:00,2025-04-07 13:24:42+00:00,133.42000000000002,0.1906666666666668,48.97633333333335,147.87699999999995,34.60233333333335,36.43700000000001,1.7966666666666669,63.901000000000025,0.000879,0.000912,0.001689,14.374000000000002,1
21509,2025-04-07 13:24:51+00:00,2025-04-07 13:24:51+00:00,175.805,0.2100000000000001,49.18531249999999,193.7240625,34.61625,37.09218749999999,2.293125,62.71437500000002,0.000902,0.00099,0.001944,14.569062499999989,1
21527,2025-04-07 13:25:15+00:00,2025-04-07 13:25:15+00:00,214.3383333333333,0.2243333333333334,50.24033333333334,235.2183333333334,34.64133333333333,37.86233333333334,2.8810000000000007,61.81633333333335,0.000993,0.001278,0.002682,15.59900000000001,1
21533,2025-04-07 13:25:23+00:00,2025-04-07 13:25:23+00:00,194.6106896551724,0.2086206896551724,50.53310344827583,214.4137931034483,34.6503448275862,37.63551724137932,2.5541379310344827,62.50172413793103,0.000978,0.001233,0.002596,15.882758620689636,1
21544,2025-04-07 13:25:37+00:00,2025-04-07 13:25:37+00:00,131.9576666666666,0.19,50.36599999999997,147.47566666666668,34.66033333333332,36.85333333333335,1.8213333333333328,63.66333333333336,0.000928,0.001008,0.00204,15.705666666666652,1
21549,2025-04-07 13:25:44+00:00,2025-04-07 13:25:44+00:00,96.18312500000005,0.1774999999999999,50.16187499999998,109.54812500000008,34.655624999999986,36.30656249999999,1.4474999999999998,64.6746875,0.000861,0.000943,0.001787,15.506249999999994,1
21587,2025-04-07 13:26:35+00:00,2025-04-07 13:26:35+00:00,95.2227272727273,0.1715151515151515,48.93848484848486,107.92727272727276,34.71212121212123,35.96454545454545,1.386363636363636,64.43181818181819,0.00079,0.000822,0.001339,14.22636363636363,1
21593,2025-04-07 13:26:43+00:00,2025-04-07 13:26:43+00:00,137.70612903225808,0.197741935483871,49.06451612903224,152.84645161290325,34.71129032258066,36.54290322580645,1.839354838709678,63.662903225806446,0.000903,0.000901,0.001693,14.353225806451585,1
21615,2025-04-07 13:27:13+00:00,2025-04-07 13:27:13+00:00,217.76033333333345,0.2173333333333334,50.28099999999999,237.6683333333333,34.71366666666668,37.95366666666666,2.953666666666666,61.80766666666671,0.000995,0.001263,0.002701,15.567333333333307,1
21637,2025-04-07 13:27:42+00:00,2025-04-07 13:27:42+00:00,107.52857142857148,0.1757142857142857,50.31214285714283,121.4967857142857,34.74178571428572,36.57535714285716,1.571428571428571,64.30857142857143,0.000885,0.000973,0.001901,15.570357142857112,1
21648,2025-04-07 13:27:56+00:00,2025-04-07 13:27:56+00:00,43.605312499999975,0.1625,49.6821875,54.36656249999998,34.72843750000001,35.669999999999995,0.5340624999999998,65.28218749999999,0.000782,0.00078,0.001327,14.953749999999983,1
21651,2025-04-07 13:28:00+00:00,2025-04-07 13:28:00+00:00,32.55542857142857,0.1628571428571428,49.47228571428573,41.68885714285715,34.742,35.48657142857144,0.5299999999999999,65.68685714285718,0.000817,0.000725,0.001236,14.730285714285737,1
21691,2025-04-07 13:28:53+00:00,2025-04-07 13:28:53+00:00,183.5375862068966,0.2027586206896551,49.33206896551723,200.9706896551725,34.78206896551724,37.30827586206896,2.3737931034482767,62.705517241379326,0.000942,0.001007,0.002012,14.54999999999999,1
21712,2025-04-07 13:29:20+00:00,2025-04-07 13:29:20+00:00,205.35903225806456,0.2119354838709678,50.50741935483869,224.70516129032265,34.815806451612886,37.97354838709678,2.730322580645161,62.18838709677421,0.001004,0.001268,0.002671,15.691612903225804,1
21721,2025-04-07 13:29:32+00:00,2025-04-07 13:29:32+00:00,159.1831034482759,0.193448275862069,50.59896551724139,175.95793103448273,34.82103448275863,37.40689655172415,2.1475862068965523,63.26448275862069,0.000947,0.001109,0.002248,15.777931034482762,1
21730,2025-04-07 13:29:44+00:00,2025-04-07 13:29:44+00:00,98.31999999999994,0.1715625,50.31499999999999,111.088125,34.82625000000001,36.54375,1.4728125,64.44468749999999,0.00087,0.000927,0.001798,15.488749999999982,1
21731,2025-04-07 13:29:45+00:00,2025-04-07 13:29:45+00:00,91.95172413793108,0.1506896551724138,50.29379310344827,104.6596551724138,34.818965517241395,36.48275862068967,1.4148275862068964,64.60137931034484,0.000847,0.000925,0.001734,15.474827586206878,1
21746,2025-04-07 13:30:05+00:00,2025-04-07 13:30:05+00:00,21.801212121212124,0.1696969696969696,49.3360606060606,32.31242424242424,34.86545454545454,35.3860606060606,0.5600000000000002,65.94242424242424,0.000745,0.000698,0.00121,14.47060606060606,1
21747,2025-04-07 13:30:06+00:00,2025-04-07 13:30:06+00:00,21.847741935483874,0.1470967741935484,49.27354838709677,30.13935483870968,34.86387096774194,35.385806451612886,0.5532258064516133,65.82516129032258,0.000718,0.000693,0.001132,14.409677419354836,1
21750,2025-04-07 13:30:11+00:00,2025-04-07 13:30:11+00:00,19.582500000000003,0.15,49.1371875,27.982499999999995,34.8709375,35.32875000000001,0.5512500000000002,65.88750000000002,0.000703,0.00066,0.001085,14.266250000000008,1
21764,2025-04-07 13:30:30+00:00,2025-04-07 13:30:30+00:00,70.67793103448275,0.1796551724137932,48.97827586206897,82.17379310344829,34.864482758620696,35.84206896551724,0.5700000000000002,64.84517241379312,0.000786,0.000737,0.001189,14.113793103448272,1
21780,2025-04-07 13:30:50+00:00,2025-04-07 13:30:50+00:00,169.80758620689662,0.2003448275862069,49.32137931034481,186.43965517241375,34.86206896551725,37.22310344827586,2.2168965517241386,62.94344827586207,0.000889,0.000979,0.001877,14.459310344827555,1
21782,2025-04-07 13:30:53+00:00,2025-04-07 13:30:53+00:00,182.76666666666677,0.2056666666666667,49.43266666666669,200.9273333333333,34.892999999999994,37.38633333333334,2.408333333333333,62.74033333333335,0.000913,0.00101,0.002006,14.53966666666669,1
21783,2025-04-07 13:30:54+00:00,2025-04-07 13:30:54+00:00,187.1055172413793,0.1913793103448277,49.441034482758624,203.94655172413792,34.89206896551723,37.445517241379314,2.451379310344827,62.56275862068967,0.000925,0.001031,0.002064,14.548965517241392,1
21785,2025-04-07 13:30:57+00:00,2025-04-07 13:30:57+00:00,196.34612903225812,0.1948387096774194,49.569677419354846,215.37935483870967,34.89225806451613,37.67741935483871,2.583870967741935,62.29387096774192,0.000914,0.001063,0.002151,14.67741935483872,1
21788,2025-04-07 13:31:01+00:00,2025-04-07 13:31:01+00:00,209.23133333333328,0.2246666666666667,49.68933333333334,227.574,34.87833333333333,37.80966666666666,2.773,61.90066666666666,0.000916,0.001138,0.002313,14.811000000000009,1
21814,2025-04-07 13:31:36+00:00,2025-04-07 13:31:36+00:00,140.28548387096777,0.1929032258064516,50.64677419354837,156.09225806451613,34.890967741935484,37.27967741935485,1.919677419354838,63.49451612903226,0.000919,0.001027,0.002073,15.75580645161289,1
21841,2025-04-07 13:32:12+00:00,2025-04-07 13:32:12+00:00,20.739062500000003,0.1534375,49.16937500000002,28.8390625,34.934375,35.398125,0.5500000000000003,65.83968750000001,0.000713,0.000676,0.001052,14.23500000000002,1
21889,2025-04-07 13:33:15+00:00,2025-04-07 13:33:15+00:00,216.68333333333325,0.2048484848484848,50.47606060606061,235.1345454545454,34.99666666666667,38.24303030303029,2.9224242424242437,61.704545454545446,0.000967,0.001258,0.002721,15.479393939393944,1
21902,2025-04-07 13:33:32+00:00,2025-04-07 13:33:32+00:00,161.21296296296293,0.1937037037037037,50.71333333333333,177.43555555555557,34.994814814814816,37.53777777777778,2.137407407407408,63.40037037037037,0.000924,0.001101,0.002266,15.718518518518508,1
21906,2025-04-07 13:33:37+00:00,2025-04-07 13:33:37+00:00,135.2067857142857,0.1910714285714285,50.61464285714286,151.07892857142858,35.00107142857143,37.23821428571428,1.865,63.72642857142858,0.000899,0.001005,0.002091,15.613571428571433,1
21931,2025-04-07 13:34:10+00:00,2025-04-07 13:34:10+00:00,19.211515151515147,0.1381818181818181,49.23333333333333,26.82272727272727,35.01575757575757,35.460606060606054,0.527272727272727,65.98363636363635,0.000705,0.00065,0.001054,14.217575757575766,1
21985,2025-04-07 13:35:22+00:00,2025-04-07 13:35:22+00:00,201.10323529411767,0.2141176470588235,50.72794117647059,221.1226470588236,35.10029411764706,38.18000000000001,2.691470588235294,62.25058823529412,0.001035,0.00124,0.002677,15.627647058823529,1
21992,2025-04-07 13:35:31+00:00,2025-04-07 13:35:31+00:00,165.69843749999998,0.1940625,50.83656249999999,182.30781249999995,35.10281250000002,37.78093750000002,2.1853125000000007,63.34812499999999,0.000958,0.001127,0.00232,15.733749999999972,1
22002,2025-04-07 13:35:44+00:00,2025-04-07 13:35:44+00:00,100.25516129032258,0.1719354838709677,50.46483870967743,113.35258064516124,35.10322580645162,36.80193548387096,1.495806451612902,64.40935483870969,0.000875,0.000951,0.001825,15.361612903225812,1
22005,2025-04-07 13:35:48+00:00,2025-04-07 13:35:48+00:00,79.44548387096769,0.1912903225806451,50.37161290322578,92.9751612903226,35.11032258064515,36.53064516129034,1.3064516129032262,64.86935483870968,0.000891,0.000886,0.001726,15.261290322580628,1
22044,2025-04-07 13:36:39+00:00,2025-04-07 13:36:39+00:00,111.78499999999998,0.1685714285714286,49.29035714285713,125.11285714285714,35.1442857142857,36.663928571428585,1.5878571428571426,63.96035714285716,0.000829,0.000861,0.001539,14.146071428571432,1
22078,2025-04-07 13:37:24+00:00,2025-04-07 13:37:24+00:00,194.23562500000008,0.20375,50.921875000000014,214.27093750000003,35.174375,38.237187500000005,2.607812499999999,62.220937500000005,0.000976,0.00123,0.002591,15.747500000000016,1
22082,2025-04-07 13:37:29+00:00,2025-04-07 13:37:29+00:00,176.6840625,0.213125,50.88812500000002,193.4050000000001,35.17499999999999,37.953437500000014,2.3387499999999988,62.85624999999999,0.000977,0.001142,0.002419,15.713125000000034,1
22117,2025-04-07 13:38:16+00:00,2025-04-07 13:38:16+00:00,22.964827586206894,0.1382758620689654,49.29758620689656,31.12275862068965,35.213793103448275,35.68241379310346,0.5282758620689653,65.69275862068967,0.000718,0.000683,0.001087,14.08379310344828,1
22133,2025-04-07 13:38:37+00:00,2025-04-07 13:38:37+00:00,100.92966666666668,0.1679999999999999,49.30933333333335,113.01366666666668,35.22633333333335,36.56733333333332,1.4733333333333327,64.28733333333331,0.000824,0.000815,0.001425,14.082999999999998,1
22144,2025-04-07 13:38:52+00:00,2025-04-07 13:38:52+00:00,176.47181818181812,0.1824242424242424,49.52515151515152,192.3887878787879,35.22848484848487,37.6209090909091,2.296969696969696,62.66272727272728,0.000914,0.000996,0.001941,14.296666666666646,1
22169,2025-04-07 13:39:24+00:00,2025-04-07 13:39:24+00:00,196.18241379310348,0.1906896551724138,50.91793103448278,213.48448275862063,35.25896551724137,38.303103448275856,2.596206896551723,62.38344827586207,0.000991,0.001224,0.00265,15.658965517241406,1
22207,2025-04-07 13:40:15+00:00,2025-04-07 13:40:15+00:00,22.004999999999995,0.1473333333333333,49.34733333333336,30.107,35.27699999999998,35.716333333333324,0.5329999999999997,65.91233333333334,0.000665,0.000723,0.001013,14.07033333333338,1
22219,2025-04-07 13:40:31+00:00,2025-04-07 13:40:31+00:00,70.65266666666666,0.1683333333333334,49.31966666666666,82.23866666666665,35.31466666666665,36.23966666666667,0.6029999999999999,64.91666666666664,0.000766,0.000745,0.001275,14.00500000000001,1
22238,2025-04-07 13:40:56+00:00,2025-04-07 13:40:56+00:00,191.48393939393927,0.2181818181818182,49.75151515151515,209.08000000000004,35.33787878787879,37.989393939393935,2.51848484848485,62.33545454545455,0.000933,0.001066,0.0021,14.413636363636355,1
22243,2025-04-07 13:41:03+00:00,2025-04-07 13:41:03+00:00,211.836,0.2146666666666667,50.06399999999999,230.87833333333336,35.33866666666668,38.379000000000005,2.843000000000001,61.88133333333333,0.000936,0.001145,0.00238,14.725333333333316,1
22247,2025-04-07 13:41:08+00:00,2025-04-07 13:41:08+00:00,217.45749999999995,0.2335714285714286,50.32214285714285,238.3057142857142,35.35214285714287,38.47857142857144,2.9796428571428564,62.0125,0.000965,0.001188,0.002561,14.969999999999978,1
22250,2025-04-07 13:41:12+00:00,2025-04-07 13:41:12+00:00,219.5408823529411,0.2194117647058824,50.54735294117645,238.5729411764706,35.34764705882353,38.6014705882353,2.9967647058823523,61.74882352941178,0.001001,0.001274,0.002684,15.199705882352916,1
22259,2025-04-07 13:41:24+00:00,2025-04-07 13:41:24+00:00,196.2927272727273,0.2057575757575758,50.98030303030302,215.14969696969703,35.37909090909092,38.42333333333332,2.6081818181818184,62.35,0.000973,0.001254,0.002654,15.6012121212121,1
22282,2025-04-07 13:41:54+00:00,2025-04-07 13:41:54+00:00,55.0637931034483,0.1579310344827587,50.21241379310346,66.66,35.41999999999999,36.44241379310345,0.5199999999999997,65.52448275862068,0.00082,0.000848,0.001541,14.79241379310347,1
22318,2025-04-07 13:42:42+00:00,2025-04-07 13:42:42+00:00,124.70363636363636,0.1812121212121212,49.44030303030305,139.64999999999998,35.462727272727285,37.169090909090905,1.72969696969697,63.85333333333332,0.000855,0.000894,0.001681,13.977575757575764,1
22333,2025-04-07 13:43:02+00:00,2025-04-07 13:43:02+00:00,208.5940625,0.2084375,50.12812500000002,226.69000000000003,35.531874999999985,38.474375,2.7903125,62.16500000000001,0.000963,0.00114,0.002353,14.596250000000031,1
22352,2025-04-07 13:43:27+00:00,2025-04-07 13:43:27+00:00,186.1621875,0.195,51.08593749999998,203.82343749999995,35.530937499999986,38.46218750000002,2.4718750000000007,62.849375,0.000961,0.001205,0.002563,15.554999999999993,1
22356,2025-04-07 13:43:32+00:00,2025-04-07 13:43:32+00:00,163.98000000000008,0.2064516129032258,51.05999999999999,182.00516129032252,35.56935483870969,38.18129032258068,2.2003225806451607,62.98612903225804,0.000925,0.001125,0.002334,15.490645161290296,1
22370,2025-04-07 13:43:50+00:00,2025-04-07 13:43:50+00:00,73.77275862068963,0.1644827586206896,50.49965517241379,86.14551724137932,35.556206896551714,36.95482758620689,1.2351724137931035,65.01000000000002,0.000887,0.000878,0.001672,14.943448275862076,1
22379,2025-04-07 13:44:02+00:00,2025-04-07 13:44:02+00:00,29.92625,0.1534374999999999,49.990312500000016,39.3928125,35.60187500000003,36.266875,0.5299999999999998,65.78375000000001,0.00077,0.00072,0.001187,14.388437499999988,1
22410,2025-04-07 13:44:43+00:00,2025-04-07 13:44:43+00:00,130.36548387096778,0.1861290322580646,49.61129032258063,144.32741935483872,35.63354838709678,37.40935483870969,1.7870967741935493,63.53032258064516,0.000864,0.000891,0.001699,13.977741935483849,1
22415,2025-04-07 13:44:49+00:00,2025-04-07 13:44:49+00:00,160.13285714285712,0.1832142857142858,49.71000000000002,175.0803571428571,35.638571428571424,37.82000000000001,2.111428571428571,63.26607142857142,0.000912,0.000947,0.001817,14.071428571428598,1
22418,2025-04-07 13:44:53+00:00,2025-04-07 13:44:53+00:00,179.34068965517244,0.1948275862068965,49.82137931034482,195.1251724137931,35.66793103448275,38.11344827586207,2.350689655172414,62.65689655172415,0.000914,0.001007,0.002002,14.153448275862075,1
22443,2025-04-07 13:45:26+00:00,2025-04-07 13:45:26+00:00,190.20968750000003,0.199375,51.141562500000006,208.8034374999999,35.68562500000001,38.67156250000001,2.5346875000000004,62.63062500000001,0.000971,0.001194,0.00257,15.455937499999996,1
22447,2025-04-07 13:45:31+00:00,2025-04-07 13:45:31+00:00,170.14354838709676,0.2022580645161291,51.22612903225808,188.00935483870967,35.696129032258085,38.419354838709694,2.2712903225806444,63.00838709677418,0.000958,0.001126,0.002375,15.529999999999994,1
22479,2025-04-07 13:46:15+00:00,2025-04-07 13:46:15+00:00,21.61156249999999,0.143125,49.6,29.35062499999999,35.71250000000002,36.132500000000014,0.5362499999999998,65.98156250000001,0.000648,0.00067,0.001063,13.887499999999982,1
22488,2025-04-07 13:46:26+00:00,2025-04-07 13:46:26+00:00,48.76677419354837,0.1441935483870967,49.55451612903225,57.95258064516128,35.73387096774194,36.45935483870967,0.541290322580645,65.20129032258063,0.000715,0.000711,0.001092,13.820645161290308,1
22500,2025-04-07 13:46:42+00:00,2025-04-07 13:46:42+00:00,124.30187499999997,0.17375,49.66718749999999,136.9775,35.73875000000001,37.4103125,1.7234374999999995,63.9015625,0.000853,0.000885,0.001631,13.92843749999998,1
22510,2025-04-07 13:46:55+00:00,2025-04-07 13:46:55+00:00,184.7706451612904,0.2235483870967742,49.96258064516129,203.49064516129027,35.778064516129014,38.34806451612902,2.4754838709677403,62.57580645161288,0.000921,0.001042,0.002042,14.184516129032277,1
22538,2025-04-07 13:47:32+00:00,2025-04-07 13:47:32+00:00,165.90393939393937,0.1845454545454546,51.29090909090911,182.7663636363636,35.79848484848484,38.43454545454547,2.2254545454545447,62.9857575757576,0.000931,0.001127,0.002316,15.49242424242427,1
22542,2025-04-07 13:47:37+00:00,2025-04-07 13:47:37+00:00,142.18785714285713,0.1971428571428571,51.15892857142857,156.9,35.81107142857143,38.04892857142857,1.9478571428571425,63.48857142857144,0.000908,0.001022,0.0021,15.347857142857135,1
22547,2025-04-07 13:47:44+00:00,2025-04-07 13:47:44+00:00,104.46500000000005,0.1783333333333333,51.02166666666668,119.01166666666664,35.83366666666667,37.61833333333332,1.5939999999999996,64.258,0.000863,0.000943,0.001869,15.188000000000002,1
22554,2025-04-07 13:47:53+00:00,2025-04-07 13:47:53+00:00,61.50533333333333,0.164,50.56833333333332,73.66000000000003,35.826,37.01866666666664,0.5303333333333331,65.17699999999999,0.000831,0.000865,0.001583,14.74233333333332,1
22557,2025-04-07 13:47:57+00:00,2025-04-07 13:47:57+00:00,45.87225806451613,0.1503225806451612,50.41774193548388,55.44354838709676,35.83903225806453,36.79451612903225,0.539354838709677,65.3448387096774,0.000774,0.000792,0.001411,14.578709677419354,1
22566,2025-04-07 13:48:09+00:00,2025-04-07 13:48:09+00:00,19.545161290322586,0.1454838709677419,49.78290322580643,28.28096774193548,35.82322580645162,36.30516129032258,0.5299999999999998,66.20516129032256,0.000711,0.000734,0.001139,13.959677419354811,1
22576,2025-04-07 13:48:22+00:00,2025-04-07 13:48:22+00:00,35.247187499999995,0.16,49.62031250000002,43.464375,35.83968750000001,36.3809375,0.5600000000000002,65.73156250000001,0.000669,0.000725,0.001072,13.780625000000008,1
22581,2025-04-07 13:48:28+00:00,2025-04-07 13:48:28+00:00,55.446551724137926,0.1703448275862069,49.60206896551724,65.28758620689653,35.845517241379326,36.60689655172415,0.5500000000000003,65.12896551724137,0.0013,0.001418,0.000805,13.756551724137914,1
22585,2025-04-07 13:48:33+00:00,2025-04-07 13:48:33+00:00,77.26468750000002,0.1909374999999999,49.67093750000002,89.42062499999996,35.87656250000001,36.877812500000005,1.2431250000000005,64.6578125,0.000248,0.000684,0.001195,13.79437500000001,1
