index,Index,Time,Applied torque,Pressure - leak line,Temperature - leak line,Pressure - output,Temperature - suction line,Temperature - output,Flow - leak line,Flow - output,Sensor 1,Sensor 2,Sensor 3,Temp. diff,stan
0,2024-01-04 08:37:58+00:00,2024-01-04 08:37:58+00:00,31.784062499999997,0.19375,33.872812499999974,43.91999999999997,24.188750000000017,24.59,0.2393750000000002,65.80187500000001,0.001053,0.000844,0.002469,9.684062499999955,0
1,2024-01-04 08:37:59+00:00,2024-01-04 08:37:59+00:00,26.428750000000026,0.1943750000000001,33.96062500000003,36.67718750000002,24.20906250000002,24.64750000000003,0.2375000000000002,66.1146875,0.001184,0.000712,0.00242,9.75156250000001,0
2,2024-01-04 08:38:00+00:00,2024-01-04 08:38:00+00:00,22.9746551724138,0.1812068965517241,33.99517241379311,32.7239655172414,24.207241379310364,24.681034482758605,0.2368965517241381,65.90844827586203,0.001028,0.000744,0.002316,9.787931034482742,0
3,2024-01-04 08:38:02+00:00,2024-01-04 08:38:02+00:00,20.45730158730158,0.1707936507936507,34.129523809523846,28.77142857142857,24.21952380952383,24.703650793650787,0.231746031746032,66.01650793650789,0.001185,0.000807,0.002343,9.910000000000014,0
4,2024-01-04 08:38:03+00:00,2024-01-04 08:38:03+00:00,19.980625,0.1771875,34.09687499999999,28.983437499999997,24.221875000000026,24.676250000000003,0.2325000000000003,66.014375,0.001104,0.000808,0.002342,9.874999999999968,0
5,2024-01-04 08:38:04+00:00,2024-01-04 08:38:04+00:00,19.98750000000001,0.1878125,34.1028125,29.87656249999999,24.23375000000001,24.67031250000003,0.2337500000000002,66.09062500000002,0.001051,0.000682,0.002291,9.869062499999988,0
6,2024-01-04 08:38:06+00:00,2024-01-04 08:38:06+00:00,20.05217391304348,0.188695652173913,34.13043478260869,29.21434782608696,24.259130434782605,24.68608695652174,0.2369565217391306,66.07956521739132,0.001065,0.000819,0.002298,9.871304347826085,0
7,2024-01-04 08:38:07+00:00,2024-01-04 08:38:07+00:00,20.293571428571436,0.1775,34.129999999999995,28.226071428571423,24.260357142857146,24.692499999999995,0.2346428571428573,66.23142857142857,0.001054,0.00064,0.002289,9.869642857142852,0
8,2024-01-04 08:38:08+00:00,2024-01-04 08:38:08+00:00,19.8996,0.1707999999999999,34.128,28.398000000000007,24.2696,24.6888,0.2340000000000001,66.0592,0.001194,0.000743,0.002235,9.858400000000003,0
9,2024-01-04 08:38:10+00:00,2024-01-04 08:38:10+00:00,20.05275862068965,0.1855172413793103,34.20655172413793,29.13413793103448,24.30655172413792,24.698620689655176,0.2334482758620691,66.2006896551724,0.000993,0.000725,0.002275,9.90000000000001,0
10,2024-01-04 08:38:11+00:00,2024-01-04 08:38:11+00:00,19.29833333333333,0.1804166666666666,34.156666666666666,28.927083333333343,24.30291666666666,24.71041666666667,0.2333333333333334,66.16458333333335,0.001114,0.000727,0.002243,9.853750000000003,0
11,2024-01-04 08:38:12+00:00,2024-01-04 08:38:12+00:00,20.26862068965518,0.1924137931034483,34.207931034482755,28.892758620689666,24.307931034482746,24.69482758620689,0.2317241379310346,65.97724137931034,0.00097,0.000628,0.002182,9.90000000000001,0
12,2024-01-04 08:38:13+00:00,2024-01-04 08:38:13+00:00,19.5415625,0.17625,34.222500000000004,28.62718750000001,24.3140625,24.74125,0.2350000000000001,65.83749999999999,0.001066,0.000762,0.002203,9.908437500000002,0
13,2024-01-04 08:38:15+00:00,2024-01-04 08:38:15+00:00,19.67375000000001,0.1871874999999999,34.26359375000001,29.168906250000017,24.33749999999997,24.760000000000005,0.2343750000000002,66.2740625,0.001075,0.000663,0.002219,9.926093750000042,0
14,2024-01-04 08:38:16+00:00,2024-01-04 08:38:16+00:00,19.647812499999997,0.175,34.30265624999999,28.48359375,24.350156249999973,24.765,0.2356250000000002,66.038125,0.001071,0.000733,0.002178,9.952500000000018,0
15,2024-01-04 08:38:17+00:00,2024-01-04 08:38:17+00:00,19.970468749999995,0.1734375,34.31296875000001,28.63093750000001,24.355937500000003,24.74890625,0.2354687500000002,65.95734375,0.001004,0.000779,0.002158,9.957031250000009,0
16,2024-01-04 08:38:19+00:00,2024-01-04 08:38:19+00:00,19.444062499999987,0.1864062499999999,34.328437499999986,29.007812500000007,24.392656250000027,24.791718749999987,0.2364062500000002,66.09781250000003,0.000999,0.000722,0.002219,9.93578124999996,0
17,2024-01-04 08:38:20+00:00,2024-01-04 08:38:20+00:00,19.96453125,0.1768750000000001,34.35140625,29.68749999999999,24.38187500000001,24.784531249999983,0.2356250000000002,66.15859375000002,0.001105,0.000666,0.002132,9.969531249999983,0
18,2024-01-04 08:38:21+00:00,2024-01-04 08:38:21+00:00,19.27896551724138,0.1670689655172414,34.40724137931035,28.337586206896564,24.38741379310347,24.80810344827585,0.2315517241379313,65.81948275862068,0.001087,0.000923,0.002086,10.01982758620688,0
19,2024-01-04 08:38:23+00:00,2024-01-04 08:38:23+00:00,21.442962962962955,0.182962962962963,34.4362962962963,30.25888888888889,24.417407407407403,24.847777777777782,0.2392592592592594,66.07703703703704,0.00101,0.000708,0.002155,10.018888888888895,0
20,2024-01-04 08:38:24+00:00,2024-01-04 08:38:24+00:00,22.29576923076923,0.18,34.4726923076923,30.40307692307692,24.411153846153844,24.876153846153844,0.2357692307692309,65.93115384615385,0.00105,0.000734,0.002086,10.061538461538454,0
21,2024-01-04 08:38:25+00:00,2024-01-04 08:38:25+00:00,22.80038461538462,0.1776923076923077,34.48346153846155,31.690000000000005,24.420384615384613,24.864999999999995,0.2365384615384616,65.76038461538464,0.001115,0.000754,0.002135,10.063076923076936,0
22,2024-01-04 08:38:27+00:00,2024-01-04 08:38:27+00:00,26.82769230769232,0.1830769230769231,34.56307692307692,36.14615384615385,24.42038461538461,24.93038461538461,0.2365384615384616,65.95038461538464,0.001129,0.000733,0.002209,10.142692307692313,0
23,2024-01-04 08:38:28+00:00,2024-01-04 08:38:28+00:00,28.358461538461544,0.1853846153846154,34.57884615384615,37.5426923076923,24.43961538461539,24.931923076923077,0.2400000000000001,65.93076923076923,0.001077,0.000705,0.002226,10.13923076923076,0
24,2024-01-04 08:38:29+00:00,2024-01-04 08:38:29+00:00,30.77413793103448,0.183103448275862,34.54965517241379,40.19448275862069,24.466896551724147,24.931724137931035,0.2355172413793105,65.71517241379311,0.001148,0.000697,0.002248,10.082758620689646,0
25,2024-01-04 08:38:31+00:00,2024-01-04 08:38:31+00:00,36.10285714285714,0.1946428571428571,34.70285714285715,46.40071428571429,24.486428571428576,25.05035714285714,0.2392857142857144,66.00464285714283,0.001127,0.000797,0.002356,10.216428571428573,0
26,2024-01-04 08:38:32+00:00,2024-01-04 08:38:32+00:00,38.2304,0.1916,34.74319999999999,48.524800000000006,24.4796,25.069599999999998,0.2400000000000001,65.73840000000001,0.001171,0.000789,0.002344,10.263599999999986,0
27,2024-01-04 08:38:33+00:00,2024-01-04 08:38:33+00:00,41.84666666666666,0.1903703703703703,34.7937037037037,52.64703703703704,24.473333333333336,25.117037037037026,0.2392592592592594,65.59629629629632,0.00124,0.000749,0.00247,10.320370370370362,0
28,2024-01-04 08:38:34+00:00,2024-01-04 08:38:34+00:00,45.485000000000014,0.1896153846153846,34.86307692307693,56.04692307692308,24.47269230769232,25.20230769230769,0.2384615384615385,65.50615384615384,0.001163,0.000805,0.002465,10.390384615384615,0
29,2024-01-04 08:38:36+00:00,2024-01-04 08:38:36+00:00,52.23399999999999,0.178,35.02199999999999,63.143999999999984,24.5024,25.267599999999995,0.2376000000000001,65.38400000000001,0.001243,0.000802,0.002676,10.519599999999992,0
30,2024-01-04 08:38:37+00:00,2024-01-04 08:38:37+00:00,57.18655172413792,0.1924137931034482,35.0455172413793,67.9037931034483,24.50862068965517,25.3044827586207,0.240344827586207,65.57793103448277,0.001258,0.00085,0.002641,10.53689655172413,0
31,2024-01-04 08:38:38+00:00,2024-01-04 08:38:38+00:00,61.517857142857146,0.1985714285714286,35.077857142857155,72.68785714285715,24.51178571428571,25.348571428571425,0.2335714285714287,65.33,0.001335,0.000857,0.002779,10.566071428571444,0
32,2024-01-04 08:38:40+00:00,2024-01-04 08:38:40+00:00,70.34772727272725,0.2004545454545454,35.247272727272744,81.90909090909089,24.52045454545454,25.53681818181818,0.2395454545454546,65.34363636363634,0.001308,0.000849,0.00296,10.726818181818205,0
33,2024-01-04 08:38:41+00:00,2024-01-04 08:38:41+00:00,74.30249999999998,0.1899999999999999,35.311249999999994,86.30708333333331,24.528333333333325,25.595833333333328,0.2370833333333334,64.73708333333333,0.001395,0.000902,0.003044,10.782916666666669,0
34,2024-01-04 08:38:42+00:00,2024-01-04 08:38:42+00:00,79.46576923076921,0.2192307692307693,35.399999999999984,91.6803846153846,24.536923076923067,25.679615384615374,0.2388461538461539,65.31192307692307,0.00139,0.000862,0.003141,10.863076923076918,0
35,2024-01-04 08:38:44+00:00,2024-01-04 08:38:44+00:00,89.15724137931035,0.193103448275862,35.495862068965515,101.07689655172412,24.536896551724134,25.79689655172414,0.2358620689655174,64.7689655172414,0.00143,0.000886,0.003335,10.95896551724138,0
36,2024-01-04 08:38:45+00:00,2024-01-04 08:38:45+00:00,93.47233333333332,0.2140000000000001,35.55200000000001,106.582,24.573333333333338,25.858333333333334,0.2400000000000001,64.93266666666665,0.001564,0.000926,0.003915,10.978666666666667,0
37,2024-01-04 08:38:46+00:00,2024-01-04 08:38:46+00:00,99.40038461538464,0.2115384615384616,35.63653846153846,112.65538461538462,24.58423076923077,25.981538461538467,0.2411538461538462,64.50346153846152,0.00155,0.000926,0.004059,11.052307692307686,0
38,2024-01-04 08:38:48+00:00,2024-01-04 08:38:48+00:00,109.36791666666667,0.1924999999999999,35.76291666666667,123.08583333333335,24.597916666666663,26.13833333333333,0.2358333333333333,64.59416666666668,0.001622,0.000943,0.004164,11.165000000000004,0
39,2024-01-04 08:38:49+00:00,2024-01-04 08:38:49+00:00,114.40074074074072,0.2014814814814814,35.8137037037037,128.8322222222222,24.622962962962955,26.20222222222222,0.2396296296296297,64.42703703703705,0.001619,0.000956,0.00428,11.190740740740749,0
40,2024-01-04 08:38:50+00:00,2024-01-04 08:38:50+00:00,119.74208333333333,0.20875,35.874583333333334,134.37083333333337,24.639166666666664,26.30041666666666,0.2933333333333333,64.43333333333332,0.00164,0.00097,0.004393,11.23541666666667,0
41,2024-01-04 08:38:52+00:00,2024-01-04 08:38:52+00:00,130.6076,0.2232,36.06639999999998,144.95519999999996,24.656400000000005,26.450400000000005,0.9696000000000002,64.3132,0.001578,0.000973,0.004584,11.409999999999975,0
42,2024-01-04 08:38:53+00:00,2024-01-04 08:38:53+00:00,135.49925925925922,0.2274074074074075,36.18148148148147,151.0462962962963,24.69037037037039,26.53962962962963,1.0103703703703706,63.97740740740743,0.00161,0.001007,0.004763,11.49111111111108,0
43,2024-01-04 08:38:54+00:00,2024-01-04 08:38:54+00:00,140.37130434782608,0.2213043478260869,36.329130434782606,156.7530434782609,24.700434782608696,26.638695652173915,1.0582608695652171,63.88130434782611,0.001713,0.001039,0.004838,11.62869565217391,0
44,2024-01-04 08:38:55+00:00,2024-01-04 08:38:55+00:00,145.34275862068966,0.2293103448275862,36.39931034482759,161.70103448275862,24.715517241379317,26.732068965517243,1.1044827586206891,63.80413793103449,0.001697,0.000969,0.005077,11.683793103448275,0
45,2024-01-04 08:38:57+00:00,2024-01-04 08:38:57+00:00,155.128,0.2228,36.51520000000001,171.94799999999998,24.7292,26.908400000000007,1.212,63.32719999999999,0.001771,0.001035,0.005272,11.786000000000003,0
46,2024-01-04 08:38:58+00:00,2024-01-04 08:38:58+00:00,161.18892857142856,0.2271428571428572,36.59357142857143,176.79285714285717,24.743571428571435,26.97428571428572,1.2832142857142854,63.68321428571428,0.001807,0.000997,0.005521,11.849999999999994,0
47,2024-01-04 08:38:59+00:00,2024-01-04 08:38:59+00:00,164.96481481481482,0.2325925925925926,36.73074074074074,181.2592592592593,24.74037037037037,27.084074074074078,1.3125925925925923,63.48777777777778,0.001865,0.001022,0.005634,11.990370370370371,0
48,2024-01-04 08:39:01+00:00,2024-01-04 08:39:01+00:00,174.11708333333328,0.2320833333333334,36.832916666666655,191.3141666666667,24.76791666666666,27.16708333333334,1.4029166666666668,63.32916666666668,0.001915,0.001012,0.005889,12.064999999999994,0
49,2024-01-04 08:39:02+00:00,2024-01-04 08:39:02+00:00,178.41583333333332,0.2304166666666668,36.93708333333334,195.7083333333333,24.775416666666658,27.255416666666655,1.4483333333333333,63.11291666666668,0.00187,0.000999,0.006003,12.161666666666685,0
50,2024-01-04 08:39:03+00:00,2024-01-04 08:39:03+00:00,182.19159999999997,0.2372,37.03320000000001,199.7676,24.770799999999998,27.336,1.4884,62.99799999999999,0.001967,0.000981,0.006107,12.262400000000014,0
51,2024-01-04 08:39:05+00:00,2024-01-04 08:39:05+00:00,191.12458333333336,0.2420833333333333,37.15791666666666,209.03541666666675,24.77,27.477499999999992,1.5850000000000009,62.94750000000001,0.001904,0.001039,0.006231,12.387916666666662,0
52,2024-01-04 08:39:07+00:00,2024-01-04 08:39:07+00:00,197.52692307692308,0.2403846153846154,37.356923076923074,215.62730769230768,24.783846153846152,27.595384615384617,1.6492307692307686,62.71076923076924,0.001999,0.001033,0.006455,12.573076923076922,0
53,2024-01-04 08:39:35+00:00,2024-01-04 08:39:35+00:00,191.02750000000003,0.2429166666666666,39.70875,209.6087499999999,25.00458333333333,28.06333333333333,1.6987500000000004,62.998333333333335,0.001982,0.000984,0.006309,14.704166666666666,0
54,2024-01-04 08:39:36+00:00,2024-01-04 08:39:36+00:00,186.4971999999999,0.2155999999999999,39.73680000000001,205.2692,25.0068,28.046,1.6715999999999993,62.9416,0.001945,0.00103,0.006141,14.730000000000013,0
55,2024-01-04 08:39:37+00:00,2024-01-04 08:39:37+00:00,183.0236363636363,0.2300000000000001,39.77454545454545,201.05590909090907,25.02318181818181,27.978181818181813,1.6340909090909086,63.30272727272727,0.001919,0.001064,0.006008,14.751363636363642,0
56,2024-01-04 08:39:39+00:00,2024-01-04 08:39:39+00:00,174.0081481481482,0.2262962962962964,39.77703703703703,192.29259259259263,25.05370370370369,27.88,1.5470370370370372,63.252592592592585,0.001832,0.001063,0.005872,14.723333333333336,0
57,2024-01-04 08:39:40+00:00,2024-01-04 08:39:40+00:00,170.94291666666663,0.2162500000000001,39.79416666666666,187.6625,25.04416666666665,27.826666666666668,1.417916666666667,63.50083333333333,0.001819,0.001008,0.005693,14.750000000000009,0
58,2024-01-04 08:39:41+00:00,2024-01-04 08:39:41+00:00,164.7076,0.2252,39.833200000000005,181.9052,25.0416,27.7784,1.3516000000000004,63.41640000000003,0.001744,0.000958,0.005663,14.791600000000006,0
59,2024-01-04 08:39:43+00:00,2024-01-04 08:39:43+00:00,155.16920000000005,0.2168,39.858,172.03999999999996,25.056400000000004,27.710000000000004,1.3151999999999997,63.734800000000014,0.001735,0.001049,0.005454,14.8016,0
60,2024-01-04 08:39:44+00:00,2024-01-04 08:39:44+00:00,150.8608695652174,0.2226086956521739,39.76695652173913,168.28739130434784,25.057391304347828,27.599565217391294,1.2860869565217394,63.98434782608698,0.001696,0.00108,0.005223,14.709565217391305,0
61,2024-01-04 08:39:45+00:00,2024-01-04 08:39:45+00:00,145.56519999999998,0.2204000000000001,39.806,162.3492,25.0548,27.56599999999999,1.2351999999999996,63.744799999999984,0.001566,0.00094,0.00504,14.7512,0
62,2024-01-04 08:39:47+00:00,2024-01-04 08:39:47+00:00,135.61791666666667,0.2225000000000001,39.76291666666668,151.84416666666667,25.101250000000007,27.446666666666676,1.1558333333333335,63.98749999999998,0.001731,0.000997,0.004912,14.661666666666669,0
63,2024-01-04 08:39:48+00:00,2024-01-04 08:39:48+00:00,130.34777777777776,0.2077777777777777,39.82185185185185,146.12555555555554,25.120370370370363,27.3962962962963,1.1092592592592596,63.96851851851849,0.001541,0.001018,0.004674,14.701481481481483,0
64,2024-01-04 08:39:49+00:00,2024-01-04 08:39:49+00:00,124.35346153846154,0.2046153846153847,39.799615384615386,140.0823076923077,25.12961538461538,27.327692307692303,1.0626923076923078,64.26499999999999,0.001622,0.000992,0.004844,14.670000000000003,0
65,2024-01-04 08:39:50+00:00,2024-01-04 08:39:50+00:00,119.14625000000002,0.1970833333333333,39.7675,134.61833333333337,25.15041666666667,27.25125,1.0145833333333334,64.27333333333335,0.001571,0.000988,0.004722,14.61708333333333,0
66,2024-01-04 08:39:52+00:00,2024-01-04 08:39:52+00:00,109.36291666666666,0.1941666666666667,39.69958333333332,124.20749999999998,25.156250000000004,27.15666666666667,0.949166666666667,64.11874999999999,0.001573,0.001041,0.004501,14.54333333333332,0
67,2024-01-04 08:39:53+00:00,2024-01-04 08:39:53+00:00,104.41291666666665,0.2041666666666667,39.71083333333334,118.6429166666667,25.143333333333327,27.08291666666666,0.9166666666666666,64.76958333333336,0.001596,0.001074,0.004335,14.567500000000011,0
68,2024-01-04 08:39:54+00:00,2024-01-04 08:39:54+00:00,98.70615384615388,0.1984615384615385,39.656923076923086,113.12961538461542,25.17576923076924,26.984230769230773,0.5726923076923076,64.60769230769232,0.001606,0.0011,0.004235,14.481153846153845,0
69,2024-01-04 08:39:56+00:00,2024-01-04 08:39:56+00:00,89.26678571428569,0.2007142857142858,39.59857142857145,102.18642857142854,25.18321428571428,26.85142857142858,0.237857142857143,64.83464285714282,0.001465,0.001101,0.004122,14.415357142857165,0
70,2024-01-04 08:39:57+00:00,2024-01-04 08:39:57+00:00,84.35142857142857,0.1895238095238095,39.58428571428571,97.32761904761904,25.17333333333333,26.78142857142858,0.2361904761904763,64.6257142857143,0.001606,0.001045,0.004022,14.41095238095238,0
71,2024-01-04 08:39:58+00:00,2024-01-04 08:39:58+00:00,79.12785714285715,0.1910714285714286,39.519642857142856,91.575,25.177142857142847,26.73857142857143,0.2375000000000001,64.99214285714285,0.001467,0.00098,0.003897,14.342500000000008,0
72,2024-01-04 08:40:00+00:00,2024-01-04 08:40:00+00:00,69.48851851851852,0.1777777777777778,39.43222222222222,81.37148148148147,25.20444444444445,26.62148148148148,0.2325925925925927,64.92777777777776,0.001587,0.000998,0.003915,14.227777777777767,0
73,2024-01-04 08:40:01+00:00,2024-01-04 08:40:01+00:00,65.75565217391303,0.1830434782608695,39.41826086956522,76.67608695652176,25.206086956521744,26.55782608695652,0.232608695652174,65.43478260869566,0.001452,0.000957,0.003811,14.21217391304348,0
74,2024-01-04 08:40:02+00:00,2024-01-04 08:40:02+00:00,60.09499999999999,0.1846153846153845,39.365384615384606,71.90384615384617,25.21692307692308,26.465769230769222,0.2357692307692308,64.8692307692308,0.001369,0.000983,0.003576,14.148461538461524,0
75,2024-01-04 08:40:04+00:00,2024-01-04 08:40:04+00:00,52.85800000000001,0.1903999999999999,39.25719999999999,64.10480000000001,25.233200000000007,26.37960000000001,0.2300000000000001,65.4904,0.001449,0.001045,0.003414,14.023999999999983,0
76,2024-01-04 08:40:05+00:00,2024-01-04 08:40:05+00:00,48.81608695652174,0.1834782608695652,39.21478260869566,60.126956521739146,25.22869565217392,26.328260869565216,0.2326086956521739,65.38391304347826,0.001436,0.000844,0.003474,13.98608695652174,0
77,2024-01-04 08:40:06+00:00,2024-01-04 08:40:06+00:00,45.13440000000001,0.1676,39.1568,55.47559999999999,25.2296,26.2808,0.2348000000000001,65.35039999999998,0.001362,0.000961,0.003269,13.927199999999996,0
78,2024-01-04 08:40:08+00:00,2024-01-04 08:40:08+00:00,39.062272727272735,0.1759090909090909,39.12681818181819,49.494090909090936,25.25636363636363,26.171818181818185,0.2350000000000001,65.6459090909091,0.001323,0.000882,0.003314,13.870454545454557,0
79,2024-01-04 08:40:09+00:00,2024-01-04 08:40:09+00:00,35.11791666666666,0.17875,39.01958333333333,45.597916666666656,25.27125,26.15625000000001,0.2345833333333334,65.51708333333333,0.001384,0.000885,0.003186,13.748333333333331,0
80,2024-01-04 08:40:10+00:00,2024-01-04 08:40:10+00:00,32.83136363636363,0.1804545454545455,38.99045454545455,42.498636363636365,25.279545454545453,26.109545454545454,0.2300000000000001,65.85818181818182,0.001401,0.000956,0.003162,13.710909090909094,0
81,2024-01-04 08:40:11+00:00,2024-01-04 08:40:11+00:00,31.3048,0.1852,38.97320000000001,41.196,25.271999999999995,26.0928,0.2324,66.04320000000001,0.001302,0.000911,0.003027,13.701200000000018,0
82,2024-01-04 08:40:13+00:00,2024-01-04 08:40:13+00:00,25.72695652173913,0.1760869565217391,38.84869565217391,35.493478260869566,25.289565217391303,25.988260869565217,0.2321739130434783,66.17434782608694,0.001277,0.000879,0.003084,13.559130434782606,0
83,2024-01-04 08:40:14+00:00,2024-01-04 08:40:14+00:00,24.155769230769238,0.1703846153846154,38.804230769230784,33.20230769230769,25.28653846153846,25.95576923076923,0.2300000000000001,65.90230769230769,0.001342,0.000903,0.002966,13.517692307692323,0
84,2024-01-04 08:40:15+00:00,2024-01-04 08:40:15+00:00,22.997391304347826,0.1734782608695652,38.76695652173913,31.597826086956523,25.323043478260857,25.993478260869555,0.2347826086956523,65.98565217391305,0.001207,0.000872,0.002927,13.443913043478275,0
85,2024-01-04 08:40:17+00:00,2024-01-04 08:40:17+00:00,21.131249999999994,0.1712499999999999,38.71833333333333,29.81625,25.31666666666666,25.937916666666663,0.2304166666666668,66.06541666666668,0.001423,0.000849,0.002974,13.401666666666667,0
86,2024-01-04 08:40:18+00:00,2024-01-04 08:40:18+00:00,20.3864,0.1872,38.65919999999999,29.337600000000005,25.3328,25.915199999999995,0.2320000000000001,66.15599999999999,0.001184,0.000869,0.002928,13.326399999999992,0
87,2024-01-04 08:40:19+00:00,2024-01-04 08:40:19+00:00,19.5292,0.1692,38.584,27.634399999999992,25.33600000000001,25.92120000000001,0.2316000000000001,65.744,0.001245,0.000805,0.002921,13.247999999999994,0
88,2024-01-04 08:40:21+00:00,2024-01-04 08:40:21+00:00,19.531111111111112,0.1699999999999999,38.56037037037037,28.18444444444445,25.3437037037037,25.91037037037037,0.2300000000000001,65.89777777777778,0.001257,0.000981,0.002939,13.216666666666672,0
89,2024-01-04 08:40:22+00:00,2024-01-04 08:40:22+00:00,20.35037037037037,0.1785185185185185,38.54148148148148,28.412222222222223,25.34592592592592,25.904444444444444,0.2333333333333334,65.96148148148148,0.001228,0.000825,0.002923,13.19555555555556,0
90,2024-01-04 08:40:23+00:00,2024-01-04 08:40:23+00:00,20.908,0.1908,38.5052,29.328,25.35320000000001,25.891200000000005,0.2312000000000001,65.99880000000002,0.001261,0.000952,0.003029,13.15199999999999,0
91,2024-01-04 08:40:25+00:00,2024-01-04 08:40:25+00:00,22.773043478260867,0.1778260869565217,38.408695652173925,31.178260869565225,25.38217391304348,25.874782608695647,0.2300000000000001,65.78173913043479,0.001237,0.000849,0.003008,13.026521739130448,0
92,2024-01-04 08:40:26+00:00,2024-01-04 08:40:26+00:00,24.034166666666664,0.18375,38.44458333333335,32.943333333333335,25.365833333333335,25.911249999999995,0.2325,66.31916666666665,0.001152,0.000917,0.003002,13.07875000000001,0
93,2024-01-04 08:40:27+00:00,2024-01-04 08:40:27+00:00,26.624583333333337,0.1808333333333333,38.44083333333334,35.21541666666668,25.39,25.882500000000004,0.2391666666666667,65.80291666666668,0.001374,0.000923,0.00311,13.05083333333334,0
94,2024-01-04 08:40:28+00:00,2024-01-04 08:40:28+00:00,27.074,0.1828,38.4904,36.4176,25.3976,25.9652,0.2352000000000002,65.58440000000002,0.001289,0.000809,0.003061,13.092799999999992,0
95,2024-01-04 08:40:30+00:00,2024-01-04 08:40:30+00:00,33.41120000000001,0.1796,38.45560000000001,41.90439999999999,25.404399999999992,25.9804,0.2324000000000001,65.60719999999998,0.001338,0.000877,0.003201,13.05120000000002,0
96,2024-01-04 08:40:31+00:00,2024-01-04 08:40:31+00:00,35.79695652173913,0.18,38.47521739130434,44.45782608695652,25.40217391304348,26.04217391304347,0.2334782608695653,65.7395652173913,0.001346,0.000856,0.003152,13.073043478260864,0
97,2024-01-04 08:40:32+00:00,2024-01-04 08:40:32+00:00,38.552692307692304,0.1788461538461539,38.51307692307692,46.9796153846154,25.421923076923083,26.084615384615383,0.2346153846153847,65.52384615384618,0.001364,0.000847,0.003369,13.09115384615384,0
98,2024-01-04 08:40:34+00:00,2024-01-04 08:40:34+00:00,44.83583333333333,0.1891666666666667,38.517500000000005,55.021250000000016,25.4525,26.15916666666666,0.2400000000000001,65.64958333333334,0.00138,0.000961,0.003297,13.065000000000005,0
99,2024-01-04 08:40:35+00:00,2024-01-04 08:40:35+00:00,48.0003846153846,0.196923076923077,38.589615384615385,58.95461538461537,25.46153846153847,26.231538461538467,0.2326923076923078,65.56730769230772,0.001463,0.00098,0.003602,13.128076923076916,0
100,2024-01-04 08:40:36+00:00,2024-01-04 08:40:36+00:00,52.15583333333334,0.1895833333333333,38.58833333333333,62.334583333333335,25.485000000000003,26.2675,0.2316666666666667,65.13791666666667,0.001487,0.000916,0.00361,13.103333333333328,0
101,2024-01-04 08:40:38+00:00,2024-01-04 08:40:38+00:00,60.85434782608695,0.1821739130434782,38.63521739130434,71.05217391304348,25.483913043478264,26.429130434782603,0.2386956521739131,64.77478260869565,0.001338,0.0009,0.003706,13.15130434782608,0
102,2024-01-04 08:40:39+00:00,2024-01-04 08:40:39+00:00,64.68960000000001,0.1888,38.7112,75.59880000000001,25.48160000000001,26.4696,0.2352000000000001,64.97480000000002,0.001473,0.001,0.003926,13.229599999999987,0
103,2024-01-04 08:40:40+00:00,2024-01-04 08:40:40+00:00,69.3473913043478,0.1934782608695652,38.71391304347825,80.4182608695652,25.497826086956525,26.538260869565217,0.2317391304347827,64.9626086956522,0.001496,0.000927,0.003947,13.216086956521725,0
104,2024-01-04 08:40:42+00:00,2024-01-04 08:40:42+00:00,78.35000000000001,0.1852173913043477,38.76565217391304,89.68043478260871,25.493913043478265,26.63782608695653,0.2365217391304348,64.77000000000001,0.001491,0.001062,0.003905,13.271739130434778,0
105,2024-01-04 08:40:43+00:00,2024-01-04 08:40:43+00:00,83.55727272727273,0.1831818181818182,38.78045454545456,95.12863636363636,25.50727272727272,26.71681818181818,0.2377272727272728,64.71090909090908,0.001518,0.00101,0.003974,13.27318181818184,0
106,2024-01-04 08:40:44+00:00,2024-01-04 08:40:44+00:00,87.59185185185186,0.2040740740740741,38.82777777777777,100.54222222222222,25.51851851851852,26.801111111111112,0.2400000000000001,64.78555555555556,0.001584,0.001059,0.004185,13.30925925925925,0
107,2024-01-04 08:40:46+00:00,2024-01-04 08:40:46+00:00,97.615,0.195,38.8475,110.42416666666666,25.53791666666666,26.9,0.2654166666666667,64.61375000000001,0.001591,0.001024,0.004304,13.309583333333345,0
108,2024-01-04 08:40:47+00:00,2024-01-04 08:40:47+00:00,103.79148148148144,0.2007407407407407,38.98259259259259,116.62999999999998,25.54555555555556,27.02259259259259,0.6499999999999999,64.51222222222222,0.001766,0.001027,0.004446,13.437037037037031,0
109,2024-01-04 08:40:48+00:00,2024-01-04 08:40:48+00:00,108.16153846153848,0.2130769230769231,38.96153846153846,121.68615384615389,25.563461538461528,27.099615384615397,0.915,64.35692307692305,0.001559,0.001011,0.004544,13.398076923076932,0
110,2024-01-04 08:40:49+00:00,2024-01-04 08:40:49+00:00,113.57173913043476,0.2056521739130435,39.02,127.77608695652178,25.56782608695652,27.203043478260877,0.9565217391304346,64.27304347826087,0.001672,0.00102,0.004621,13.452173913043485,0
111,2024-01-04 08:40:51+00:00,2024-01-04 08:40:51+00:00,123.81043478260868,0.2034782608695652,39.08260869565217,138.14782608695648,25.556086956521742,27.309130434782613,1.035652173913043,64.14,0.001605,0.001031,0.004764,13.526521739130423,0
112,2024-01-04 08:40:52+00:00,2024-01-04 08:40:52+00:00,129.83750000000003,0.2008333333333334,39.11625,144.15499999999997,25.58083333333333,27.405416666666667,1.0800000000000003,64.08041666666666,0.001705,0.001082,0.004913,13.53541666666667,0
113,2024-01-04 08:40:53+00:00,2024-01-04 08:40:53+00:00,134.33739130434782,0.2134782608695653,39.14869565217391,149.64782608695657,25.581304347826087,27.496956521739133,1.1304347826086951,63.76913043478261,0.001619,0.000973,0.005013,13.567391304347826,0
114,2024-01-04 08:40:55+00:00,2024-01-04 08:40:55+00:00,144.64956521739134,0.22,39.24,160.1413043478261,25.60521739130436,27.64739130434782,1.2173913043478264,63.68260869565216,0.00169,0.001021,0.005032,13.634782608695645,0
115,2024-01-04 08:40:56+00:00,2024-01-04 08:40:56+00:00,150.0382142857143,0.2075,39.25785714285714,165.3332142857143,25.624285714285715,27.704999999999995,1.263214285714286,63.59607142857143,0.001675,0.00105,0.005203,13.633571428571424,0
116,2024-01-04 08:40:57+00:00,2024-01-04 08:40:57+00:00,154.62043478260873,0.2130434782608695,39.32826086956523,170.25652173913042,25.63347826086957,27.81652173913044,1.311304347826087,63.57652173913043,0.001764,0.000995,0.005501,13.69478260869566,0
117,2024-01-04 08:40:59+00:00,2024-01-04 08:40:59+00:00,163.57136363636366,0.2268181818181818,39.46772727272728,181.02727272727267,25.64363636363636,27.985,1.3927272727272728,63.38409090909088,0.001839,0.001014,0.005562,13.824090909090923,0
118,2024-01-04 08:41:00+00:00,2024-01-04 08:41:00+00:00,169.40620689655168,0.223448275862069,39.50241379310344,186.2206896551725,25.669999999999987,28.05862068965517,1.434137931034483,63.18586206896552,0.001821,0.001001,0.005874,13.832413793103456,0
119,2024-01-04 08:41:01+00:00,2024-01-04 08:41:01+00:00,172.97590909090903,0.2113636363636363,39.58318181818181,190.56818181818176,25.660909090909083,28.13636363636364,1.4690909090909088,63.23272727272727,0.001957,0.001021,0.005929,13.92227272727273,0
120,2024-01-04 08:41:03+00:00,2024-01-04 08:41:03+00:00,181.43576923076924,0.223076923076923,39.691153846153846,199.32730769230773,25.6576923076923,28.253076923076915,1.5565384615384612,63.09192307692309,0.001948,0.001042,0.006196,14.033461538461545,0
121,2024-01-04 08:41:04+00:00,2024-01-04 08:41:04+00:00,185.2684615384615,0.2307692307692308,39.75384615384616,204.1534615384615,25.689999999999998,28.32923076923076,1.6157692307692302,63.02192307692311,0.001908,0.00103,0.006274,14.063846153846168,0
122,2024-01-04 08:41:05+00:00,2024-01-04 08:41:05+00:00,190.47269230769237,0.2215384615384615,39.84769230769231,208.2642307692308,25.70115384615385,28.396538461538466,1.6823076923076918,62.960384615384605,0.001923,0.001011,0.006256,14.146538461538457,0
123,2024-01-04 08:41:08+00:00,2024-01-04 08:41:08+00:00,199.05583333333337,0.2495833333333334,40.099583333333335,218.20500000000007,25.698333333333338,28.599999999999994,1.998333333333334,62.59916666666667,0.001988,0.001141,0.006491,14.401249999999996,0
124,2024-01-04 08:41:09+00:00,2024-01-04 08:41:09+00:00,202.6548,0.2428,40.1616,221.43960000000007,25.690800000000014,28.6488,2.036,62.686400000000006,0.001946,0.001045,0.006569,14.470799999999986,0
125,2024-01-04 08:41:12+00:00,2024-01-04 08:41:12+00:00,210.0365217391304,0.2491304347826088,40.4195652173913,229.6717391304347,25.726956521739133,28.8304347826087,2.1413043478260856,62.37478260869566,0.001997,0.001054,0.006798,14.692608695652169,0
126,2024-01-04 08:41:27+00:00,2024-01-04 08:41:27+00:00,213.61105263157896,0.2515789473684211,41.47578947368421,233.51526315789476,25.844736842105277,29.12631578947368,2.2336842105263157,62.47526315789474,0.001992,0.001056,0.006856,15.631052631578935,0
127,2024-01-04 08:41:29+00:00,2024-01-04 08:41:29+00:00,209.15954545454545,0.2459090909090909,41.561363636363645,229.25,25.854545454545462,29.107727272727267,2.185909090909091,62.52181818181818,0.001966,0.00111,0.006751,15.706818181818182,0
128,2024-01-04 08:41:30+00:00,2024-01-04 08:41:30+00:00,206.7916666666667,0.2445833333333333,41.649166666666666,226.03458333333333,25.840416666666677,29.112916666666667,2.1508333333333334,62.3775,0.001944,0.001025,0.006672,15.808749999999993,0
129,2024-01-04 08:41:31+00:00,2024-01-04 08:41:31+00:00,203.73333333333332,0.248095238095238,41.67000000000001,223.6761904761904,25.849523809523816,29.05238095238096,2.122380952380952,62.57523809523809,0.001962,0.001036,0.00657,15.820476190476192,0
130,2024-01-04 08:41:33+00:00,2024-01-04 08:41:33+00:00,197.6013636363637,0.2404545454545455,41.776363636363634,217.30045454545456,25.88818181818182,29.024545454545454,2.040454545454546,62.67045454545456,0.001912,0.001047,0.006436,15.888181818181812,0
131,2024-01-04 08:41:34+00:00,2024-01-04 08:41:34+00:00,194.6331578947368,0.243157894736842,41.81842105263159,214.02210526315787,25.890526315789465,29.026842105263157,1.9999999999999996,62.83263157894735,0.001886,0.001115,0.006296,15.92789473684212,0
132,2024-01-04 08:41:35+00:00,2024-01-04 08:41:35+00:00,191.0424,0.2396000000000001,41.8524,209.4244,25.88,28.981600000000004,1.9572,62.8232,0.001808,0.001041,0.006117,15.972399999999997,0
133,2024-01-04 08:41:37+00:00,2024-01-04 08:41:37+00:00,182.4838095238095,0.2361904761904762,41.90333333333332,201.49476190476187,25.90047619047619,28.88714285714285,1.8661904761904764,62.57190476190476,0.00177,0.001049,0.005982,16.002857142857124,0
134,2024-01-04 08:41:38+00:00,2024-01-04 08:41:38+00:00,179.3520833333333,0.2291666666666666,41.91333333333332,197.48041666666663,25.900416666666658,28.875000000000004,1.8245833333333323,62.915416666666665,0.001774,0.001024,0.005831,16.012916666666662,0
135,2024-01-04 08:41:39+00:00,2024-01-04 08:41:39+00:00,175.55954545454549,0.2254545454545455,41.91454545454545,192.57454545454547,25.909999999999997,28.820454545454552,1.7790909090909095,63.052727272727246,0.001697,0.001067,0.005696,16.004545454545454,0
136,2024-01-04 08:41:41+00:00,2024-01-04 08:41:41+00:00,165.65913043478255,0.2334782608695652,41.90304347826086,183.7834782608696,25.939130434782616,28.71478260869565,1.7191304347826084,63.31695652173912,0.001572,0.001,0.005425,15.963913043478248,0
137,2024-01-04 08:41:42+00:00,2024-01-04 08:41:42+00:00,160.60391304347834,0.228695652173913,41.93521739130435,177.91304347826082,25.945652173913057,28.6304347826087,1.667391304347826,63.10130434782607,0.001664,0.001013,0.005234,15.989565217391291,0
138,2024-01-04 08:41:43+00:00,2024-01-04 08:41:43+00:00,155.0890909090909,0.2168181818181818,41.91363636363636,173.14999999999998,25.971818181818183,28.625454545454545,1.6336363636363636,63.45727272727276,0.0015,0.001018,0.005093,15.94181818181817,0
139,2024-01-04 08:41:45+00:00,2024-01-04 08:41:45+00:00,146.085,0.21,41.90749999999999,162.7320833333333,25.9725,28.48833333333333,1.5520833333333333,63.46541666666666,0.001523,0.001049,0.004868,15.934999999999992,0
140,2024-01-04 08:41:46+00:00,2024-01-04 08:41:46+00:00,141.96920000000003,0.2136,41.9044,157.1784,25.97280000000001,28.437599999999986,1.5031999999999994,63.90679999999998,0.001486,0.000975,0.004725,15.931599999999984,0
141,2024-01-04 08:41:47+00:00,2024-01-04 08:41:47+00:00,135.96680000000003,0.214,41.85520000000001,152.2544,25.98080000000001,28.324800000000003,1.464,63.760400000000025,0.00143,0.000992,0.004646,15.8744,0
142,2024-01-04 08:41:48+00:00,2024-01-04 08:41:48+00:00,130.97000000000006,0.2250000000000001,41.84272727272728,146.36681818181813,26.0,28.25545454545455,1.415909090909091,63.92772727272728,0.001522,0.001044,0.004427,15.842727272727274,0
143,2024-01-04 08:41:50+00:00,2024-01-04 08:41:50+00:00,121.175,0.2168181818181819,41.74,134.91363636363636,25.99954545454545,28.129999999999985,1.3331818181818182,64.19818181818182,0.001406,0.001024,0.004483,15.740454545454549,0
144,2024-01-04 08:41:51+00:00,2024-01-04 08:41:51+00:00,114.93625,0.2000000000000001,41.75208333333334,128.96833333333333,25.99333333333333,28.07041666666667,1.2770833333333336,64.10041666666666,0.001506,0.00108,0.004575,15.75875000000001,0
145,2024-01-04 08:41:52+00:00,2024-01-04 08:41:52+00:00,109.17777777777782,0.2040740740740741,41.75148148148147,123.65925925925922,25.992222222222225,27.987037037037044,1.2285185185185186,64.10037037037038,0.001486,0.001048,0.004546,15.759259259259244,0
146,2024-01-04 08:41:54+00:00,2024-01-04 08:41:54+00:00,98.57625,0.19625,41.65166666666668,113.3025,26.01833333333333,27.857083333333332,1.1375000000000002,64.49416666666666,0.001487,0.001089,0.004432,15.633333333333349,0
147,2024-01-04 08:41:55+00:00,2024-01-04 08:41:55+00:00,94.84640000000005,0.2072,41.58959999999999,108.1424,26.031199999999984,27.77,1.0975999999999997,64.458,0.001544,0.00104,0.004337,15.558400000000006,0
148,2024-01-04 08:41:56+00:00,2024-01-04 08:41:56+00:00,89.57159999999998,0.1964,41.55,102.3244,26.0284,27.719999999999985,1.0464,64.62520000000004,0.001394,0.000992,0.004188,15.5216,0
149,2024-01-04 08:41:58+00:00,2024-01-04 08:41:58+00:00,80.14115384615381,0.2015384615384616,41.47346153846154,92.41807692307692,26.06576923076923,27.565,0.956923076923077,64.76807692307692,0.001453,0.001038,0.004049,15.407692307692312,0
150,2024-01-04 08:41:59+00:00,2024-01-04 08:41:59+00:00,75.0377272727273,0.1977272727272727,41.429545454545455,87.1472727272727,26.051818181818188,27.559090909090912,0.9195454545454544,65.02227272727272,0.001392,0.001016,0.003846,15.377727272727268,0
151,2024-01-04 08:42:00+00:00,2024-01-04 08:42:00+00:00,70.51464285714289,0.1860714285714285,41.36928571428571,81.96464285714285,26.05214285714285,27.48071428571429,0.7675000000000002,65.13714285714285,0.001341,0.000997,0.003641,15.31714285714286,0
152,2024-01-04 08:42:02+00:00,2024-01-04 08:42:02+00:00,61.46269230769231,0.1961538461538461,41.246538461538464,72.55153846153846,26.07038461538462,27.35615384615386,0.2300000000000001,65.28346153846154,0.001272,0.000958,0.003622,15.176153846153843,0
153,2024-01-04 08:42:03+00:00,2024-01-04 08:42:03+00:00,57.44782608695652,0.1926086956521739,41.18826086956521,68.24521739130435,26.085217391304354,27.27434782608696,0.231304347826087,65.0804347826087,0.00126,0.001009,0.003558,15.103043478260858,0
154,2024-01-04 08:42:04+00:00,2024-01-04 08:42:04+00:00,53.00239999999999,0.1823999999999999,41.1936,62.72920000000003,26.07080000000001,27.271200000000004,0.2312000000000001,65.4004,0.001225,0.000958,0.003341,15.122799999999998,0
155,2024-01-04 08:42:05+00:00,2024-01-04 08:42:05+00:00,49.761304347826105,0.1743478260869565,41.07826086956523,59.538695652173935,26.08956521739131,27.205217391304345,0.2300000000000001,65.36173913043478,0.001288,0.000941,0.003299,14.988695652173917,0
156,2024-01-04 08:42:07+00:00,2024-01-04 08:42:07+00:00,42.29217391304348,0.1786956521739131,41.01304347826086,51.987391304347845,26.125217391304343,27.119999999999983,0.2321739130434783,65.73304347826087,0.001195,0.000925,0.003149,14.88782608695652,0
157,2024-01-04 08:42:08+00:00,2024-01-04 08:42:08+00:00,39.52615384615386,0.1815384615384615,40.943461538461534,48.62076923076923,26.13192307692308,27.053846153846163,0.2323076923076924,65.53999999999999,0.001183,0.000883,0.003159,14.811538461538458,0
158,2024-01-04 08:42:09+00:00,2024-01-04 08:42:09+00:00,35.892727272727264,0.1795454545454545,40.87454545454545,45.57136363636363,26.124090909090903,26.99863636363636,0.2300000000000001,65.6486363636364,0.001166,0.000881,0.003069,14.75045454545454,0
159,2024-01-04 08:42:11+00:00,2024-01-04 08:42:11+00:00,31.77159999999999,0.1816,40.7836,40.1428,26.130799999999997,26.8804,0.2320000000000001,65.9548,0.001209,0.000829,0.00305,14.652800000000006,0
160,2024-01-04 08:42:12+00:00,2024-01-04 08:42:12+00:00,28.46521739130436,0.1869565217391304,40.71869565217391,37.71999999999999,26.133043478260863,26.83869565217392,0.2300000000000001,66.01304347826087,0.001214,0.000939,0.002969,14.585652173913047,0
161,2024-01-04 08:42:13+00:00,2024-01-04 08:42:13+00:00,26.614090909090905,0.1913636363636364,40.68545454545453,35.25545454545454,26.139999999999983,26.84909090909091,0.2300000000000001,65.8072727272727,0.001118,0.000853,0.002898,14.545454545454549,0
162,2024-01-04 08:42:15+00:00,2024-01-04 08:42:15+00:00,23.88708333333333,0.1841666666666666,40.61833333333332,31.695000000000007,26.14791666666666,26.800833333333333,0.2308333333333334,65.93916666666665,0.001115,0.000823,0.002958,14.470416666666658,0
163,2024-01-04 08:42:16+00:00,2024-01-04 08:42:16+00:00,21.9515,0.1765,40.557,29.8655,26.1585,26.7705,0.2325,66.10700000000001,0.001203,0.000825,0.002956,14.3985,0
164,2024-01-04 08:42:17+00:00,2024-01-04 08:42:17+00:00,20.4004347826087,0.1691304347826087,40.5291304347826,28.151739130434777,26.17173913043479,26.75565217391305,0.2295652173913044,65.97000000000001,0.001067,0.000775,0.002856,14.35739130434781,0
165,2024-01-04 08:42:19+00:00,2024-01-04 08:42:19+00:00,19.718636363636364,0.1786363636363636,40.44272727272725,28.09590909090909,26.18772727272728,26.703636363636356,0.2300000000000001,65.90045454545455,0.001184,0.0009,0.002851,14.254999999999978,0
166,2024-01-04 08:42:20+00:00,2024-01-04 08:42:20+00:00,19.6785,0.1774999999999999,40.378,27.677000000000003,26.17650000000001,26.73350000000001,0.23,65.98049999999999,0.001118,0.000803,0.002909,14.201499999999989,0
167,2024-01-04 08:42:21+00:00,2024-01-04 08:42:21+00:00,19.36653846153846,0.1753846153846154,40.40499999999999,27.20961538461538,26.180000000000007,26.678076923076915,0.2300000000000001,66.09692307692305,0.001216,0.000947,0.002868,14.22499999999998,0
168,2024-01-04 08:42:23+00:00,2024-01-04 08:42:23+00:00,20.36954545454545,0.1763636363636364,40.31272727272728,28.323181818181823,26.21227272727273,26.68227272727273,0.2300000000000001,65.80636363636364,0.00114,0.000898,0.002861,14.100454545454554,0
169,2024-01-04 08:42:24+00:00,2024-01-04 08:42:24+00:00,21.8144,0.1748,40.30079999999999,29.9912,26.20960000000001,26.710800000000003,0.2300000000000001,65.9668,0.00114,0.000864,0.002921,14.09119999999998,0
170,2024-01-04 08:42:25+00:00,2024-01-04 08:42:25+00:00,22.735416666666666,0.1708333333333333,40.26416666666668,30.16083333333333,26.205,26.737916666666678,0.2300000000000001,65.74291666666666,0.001217,0.000907,0.002974,14.05916666666668,0
171,2024-01-04 08:42:26+00:00,2024-01-04 08:42:26+00:00,24.015357142857145,0.185,40.30357142857143,32.21964285714285,26.223214285714292,26.765357142857138,0.2325000000000001,65.80107142857145,0.001172,0.000821,0.002977,14.080357142857135,0
172,2024-01-04 08:42:28+00:00,2024-01-04 08:42:28+00:00,27.309615384615395,0.1792307692307692,40.245,35.325,26.259615384615376,26.761923076923075,0.2311538461538463,65.74461538461539,0.001193,0.000882,0.003008,13.98538461538462,0
173,2024-01-04 08:42:29+00:00,2024-01-04 08:42:29+00:00,29.388148148148147,0.1751851851851852,40.27740740740741,38.396666666666654,26.268518518518505,26.83185185185186,0.2303703703703705,65.63222222222224,0.001227,0.000791,0.00311,14.008888888888904,0
174,2024-01-04 08:42:30+00:00,2024-01-04 08:42:30+00:00,32.197037037037035,0.1818518518518519,40.26703703703703,40.90037037037037,26.27222222222221,26.83777777777778,0.2311111111111112,65.46777777777778,0.001266,0.000882,0.003116,13.994814814814813,0
175,2024-01-04 08:42:32+00:00,2024-01-04 08:42:32+00:00,37.36,0.1722222222222222,40.30629629629629,46.66259259259258,26.254444444444445,26.919259259259256,0.2362962962962965,65.62333333333333,0.001151,0.000822,0.003176,14.051851851851843,0
176,2024-01-04 08:42:33+00:00,2024-01-04 08:42:33+00:00,41.46200000000001,0.1939999999999999,40.2704,49.890000000000015,26.27960000000001,26.908,0.2300000000000001,65.398,0.001226,0.000864,0.003335,13.99079999999999,0
177,2024-01-04 08:42:34+00:00,2024-01-04 08:42:34+00:00,44.16291666666667,0.1829166666666667,40.30708333333333,53.521666666666654,26.29458333333333,26.97333333333333,0.2304166666666668,65.29500000000002,0.001275,0.000833,0.003293,14.0125,0
178,2024-01-04 08:42:36+00:00,2024-01-04 08:42:36+00:00,51.746,0.1819999999999999,40.31433333333333,61.28766666666666,26.289999999999985,27.067333333333327,0.2346666666666668,65.309,0.001339,0.00092,0.003575,14.024333333333344,0
179,2024-01-04 08:42:37+00:00,2024-01-04 08:42:37+00:00,55.18038461538461,0.1842307692307692,40.32,65.4980769230769,26.29346153846153,27.13346153846153,0.2323076923076924,64.87192307692308,0.001247,0.000877,0.003535,14.026538461538472,0
180,2024-01-04 08:42:38+00:00,2024-01-04 08:42:38+00:00,60.01499999999999,0.1833333333333333,40.333333333333336,69.64583333333331,26.296666666666663,27.16625,0.2316666666666667,65.05499999999999,0.00142,0.000971,0.00376,14.036666666666672,0
181,2024-01-04 08:42:40+00:00,2024-01-04 08:42:40+00:00,68.59846153846155,0.1919230769230769,40.36884615384615,78.77961538461537,26.31038461538461,27.29153846153846,0.2365384615384616,64.94692307692308,0.001251,0.000876,0.003835,14.05846153846154,0
182,2024-01-04 08:42:41+00:00,2024-01-04 08:42:41+00:00,72.86172413793102,0.1982758620689656,40.40310344827588,83.37379310344826,26.31620689655173,27.36310344827585,0.3910344827586207,64.82827586206898,0.001354,0.000926,0.003787,14.086896551724148,0
183,2024-01-04 08:42:42+00:00,2024-01-04 08:42:42+00:00,77.52037037037037,0.2029629629629629,40.397407407407385,88.6351851851852,26.33037037037037,27.4325925925926,0.8337037037037041,64.74296296296296,0.001437,0.000987,0.003991,14.06703703703701,0
184,2024-01-04 08:42:44+00:00,2024-01-04 08:42:44+00:00,87.48423076923078,0.1876923076923076,40.41461538461538,98.73269230769232,26.32923076923077,27.55115384615384,0.9930769230769227,64.44884615384613,0.001494,0.000903,0.004216,14.085384615384609,0
185,2024-01-04 08:42:45+00:00,2024-01-04 08:42:45+00:00,93.36500000000002,0.2034615384615385,40.43692307692309,104.12653846153844,26.32730769230769,27.64076923076923,1.030384615384615,64.37500000000001,0.001486,0.001006,0.004159,14.1096153846154,0
186,2024-01-04 08:42:46+00:00,2024-01-04 08:42:46+00:00,97.4457142857143,0.2146428571428572,40.44357142857144,109.66214285714284,26.357142857142865,27.697142857142858,1.0735714285714286,64.6435714285714,0.001514,0.000975,0.00452,14.086428571428574,0
187,2024-01-04 08:42:47+00:00,2024-01-04 08:42:47+00:00,102.94,0.2085185185185185,40.45481481481483,114.71296296296296,26.365555555555563,27.7588888888889,1.1192592592592592,64.20555555555553,0.001524,0.00097,0.00463,14.089259259259268,0
188,2024-01-04 08:42:49+00:00,2024-01-04 08:42:49+00:00,112.62714285714289,0.2053571428571428,40.51571428571429,125.02714285714283,26.365357142857142,27.95571428571429,1.2135714285714283,63.9907142857143,0.001568,0.001015,0.004743,14.150357142857144,0
189,2024-01-04 08:42:50+00:00,2024-01-04 08:42:50+00:00,117.47107142857136,0.2135714285714287,40.56464285714284,131.3314285714286,26.372857142857143,28.029642857142857,1.2589285714285716,64.0357142857143,0.001584,0.001016,0.004831,14.19178571428569,0
190,2024-01-04 08:42:51+00:00,2024-01-04 08:42:51+00:00,123.39862068965512,0.2027586206896552,40.58034482758622,136.80689655172415,26.373103448275863,28.109310344827584,1.306896551724137,63.806206896551735,0.00157,0.000957,0.004889,14.207241379310354,0
191,2024-01-04 08:42:53+00:00,2024-01-04 08:42:53+00:00,133.64629629629627,0.217037037037037,40.60333333333333,147.99666666666664,26.413703703703703,28.23407407407408,1.3977777777777776,63.81925925925927,0.001544,0.000984,0.004756,14.189629629629628,0
192,2024-01-04 08:42:54+00:00,2024-01-04 08:42:54+00:00,138.77920000000003,0.218,40.6728,153.06199999999998,26.404799999999994,28.343200000000007,1.4388000000000003,63.6668,0.001535,0.000987,0.004747,14.268,0
193,2024-01-04 08:42:55+00:00,2024-01-04 08:42:55+00:00,143.9123333333333,0.2196666666666666,40.675,158.81466666666668,26.403666666666663,28.42633333333333,1.4846666666666664,63.67466666666667,0.001591,0.000978,0.005016,14.271333333333336,0
194,2024-01-04 08:42:57+00:00,2024-01-04 08:42:57+00:00,154.97592592592596,0.2240740740740741,40.7562962962963,169.42814814814813,26.436296296296295,28.58,1.574444444444444,63.26111111111112,0.001626,0.001004,0.005158,14.32,0
195,2024-01-04 08:42:58+00:00,2024-01-04 08:42:58+00:00,158.12933333333334,0.2186666666666667,40.774,173.99466666666677,26.426333333333336,28.659999999999997,1.610666666666667,63.33000000000001,0.001596,0.000936,0.005233,14.347666666666663,0
196,2024-01-04 08:42:59+00:00,2024-01-04 08:42:59+00:00,163.28592592592594,0.2351851851851853,40.84185185185184,179.60037037037037,26.43666666666667,28.733703703703718,1.663333333333333,63.36222222222222,0.001661,0.001,0.00554,14.405185185185172,0
197,2024-01-04 08:43:01+00:00,2024-01-04 08:43:01+00:00,172.72416666666666,0.2341666666666666,40.93458333333333,188.9829166666667,26.468333333333348,28.91958333333333,1.743333333333333,63.312916666666666,0.001633,0.000954,0.005601,14.46624999999998,0
198,2024-01-04 08:43:02+00:00,2024-01-04 08:43:02+00:00,176.01481481481486,0.2322222222222223,40.97111111111112,193.48444444444445,26.47296296296297,28.98444444444444,1.7818518518518514,62.922592592592586,0.00176,0.001021,0.005815,14.498148148148148,0
199,2024-01-04 08:43:03+00:00,2024-01-04 08:43:03+00:00,180.5930769230769,0.2226923076923077,41.0373076923077,197.9053846153846,26.486923076923084,29.05307692307692,1.823461538461539,62.85269230769233,0.001766,0.000975,0.006005,14.550384615384615,0
200,2024-01-04 08:43:04+00:00,2024-01-04 08:43:04+00:00,184.49827586206897,0.2334482758620689,41.055172413793095,202.39793103448275,26.486896551724136,29.085172413793096,1.8765517241379317,63.09172413793102,0.001786,0.001003,0.006121,14.568275862068958,0
201,2024-01-04 08:43:06+00:00,2024-01-04 08:43:06+00:00,192.28586206896557,0.2386206896551724,41.21068965517241,209.98931034482757,26.47758620689656,29.2351724137931,1.9568965517241377,62.65896551724136,0.001851,0.000959,0.006293,14.733103448275852,0
202,2024-01-04 08:43:07+00:00,2024-01-04 08:43:07+00:00,195.9839285714285,0.2303571428571428,41.22678571428572,213.8253571428572,26.499285714285712,29.284999999999997,2.003928571428572,62.68035714285713,0.00182,0.001027,0.006385,14.727500000000006,0
203,2024-01-04 08:43:08+00:00,2024-01-04 08:43:08+00:00,199.062142857143,0.2396428571428572,41.278571428571446,217.5632142857143,26.526428571428568,29.36035714285714,2.043214285714286,62.58464285714284,0.001866,0.001004,0.006561,14.75214285714288,0
204,2024-01-04 08:43:10+00:00,2024-01-04 08:43:10+00:00,204.39037037037045,0.2407407407407407,41.438518518518514,223.81703703703704,26.538888888888884,29.48037037037037,2.119629629629629,62.2862962962963,0.00189,0.00107,0.006639,14.89962962962963,0
205,2024-01-04 08:43:11+00:00,2024-01-04 08:43:11+00:00,208.35041666666663,0.2433333333333334,41.505,226.8750000000001,26.55624999999999,29.52958333333333,2.15875,62.29291666666666,0.001904,0.001007,0.006754,14.948750000000013,0
206,2024-01-04 08:43:12+00:00,2024-01-04 08:43:12+00:00,210.368,0.238,41.61633333333335,229.0333333333334,26.55166666666665,29.606333333333332,2.188,62.45600000000001,0.00197,0.001065,0.006866,15.064666666666696,0
207,2024-01-04 08:43:14+00:00,2024-01-04 08:43:14+00:00,214.0044444444444,0.2414814814814816,41.75925925925925,232.99888888888884,26.54037037037036,29.667407407407413,2.2496296296296303,62.36555555555556,0.001998,0.001061,0.006949,15.218888888888896,0
208,2024-01-04 08:43:15+00:00,2024-01-04 08:43:15+00:00,215.66103448275865,0.2534482758620689,41.83655172413794,235.13896551724133,26.544137931034463,29.73758620689655,2.27,62.3296551724138,0.001985,0.00102,0.006989,15.292413793103478,0
209,2024-01-04 08:43:16+00:00,2024-01-04 08:43:16+00:00,217.1779999999999,0.2366666666666667,41.88300000000001,235.6456666666667,26.541666666666647,29.74333333333334,2.285,62.05900000000001,0.001954,0.00103,0.006973,15.341333333333363,0
210,2024-01-04 08:43:18+00:00,2024-01-04 08:43:18+00:00,218.45200000000003,0.2483333333333334,42.06999999999999,237.85566666666668,26.577,29.800666666666668,2.3216666666666663,62.39533333333337,0.001924,0.000995,0.007027,15.492999999999988,0
211,2024-01-04 08:43:19+00:00,2024-01-04 08:43:19+00:00,219.1732,0.2495999999999999,42.1156,238.3660000000001,26.5772,29.838799999999992,2.334,62.17240000000001,0.001961,0.00101,0.007074,15.5384,0
212,2024-01-04 08:43:20+00:00,2024-01-04 08:43:20+00:00,220.1346153846154,0.2446153846153846,42.16230769230768,239.63500000000008,26.580769230769224,29.861153846153847,2.344615384615386,62.03346153846154,0.001958,0.001009,0.007088,15.581538461538454,0
213,2024-01-04 08:43:22+00:00,2024-01-04 08:43:22+00:00,218.81642857142865,0.2485714285714285,42.31535714285712,238.2085714285714,26.575714285714287,29.87107142857142,2.348214285714286,61.95071428571432,0.001994,0.001053,0.007076,15.739642857142837,0
214,2024-01-04 08:43:23+00:00,2024-01-04 08:43:23+00:00,218.9972413793103,0.2513793103448276,42.45655172413792,238.28551724137944,26.57206896551725,29.86862068965517,2.3465517241379312,62.24551724137929,0.001936,0.000967,0.007034,15.884482758620674,0
215,2024-01-04 08:43:24+00:00,2024-01-04 08:43:24+00:00,217.87625,0.245,42.51499999999999,236.5816666666667,26.595,29.89,2.3279166666666677,62.29958333333334,0.001972,0.00105,0.007027,15.919999999999996,0
216,2024-01-04 08:43:25+00:00,2024-01-04 08:43:25+00:00,217.37074074074067,0.2451851851851852,42.53333333333333,235.30333333333343,26.58703703703705,29.884814814814813,2.31925925925926,62.14518518518519,0.001949,0.001015,0.006951,15.946296296296286,0
217,2024-01-04 08:43:27+00:00,2024-01-04 08:43:27+00:00,213.34185185185183,0.2385185185185184,42.69555555555554,232.3688888888888,26.59407407407407,29.896296296296292,2.2833333333333345,62.39703703703705,0.001894,0.000982,0.006866,16.101481481481475,0
218,2024-01-04 08:43:28+00:00,2024-01-04 08:43:28+00:00,211.10071428571428,0.2435714285714287,42.715,229.64607142857147,26.612500000000008,29.87571428571428,2.2489285714285705,62.33071428571429,0.001905,0.001011,0.006812,16.10249999999999,0
219,2024-01-04 08:43:29+00:00,2024-01-04 08:43:29+00:00,209.05518518518525,0.2485185185185186,42.75222222222221,228.304074074074,26.6162962962963,29.856296296296296,2.223703703703704,62.43518518518517,0.001895,0.000997,0.006721,16.135925925925907,0
220,2024-01-04 08:43:31+00:00,2024-01-04 08:43:31+00:00,204.37099999999992,0.2426666666666666,42.87833333333335,223.33833333333325,26.61666666666667,29.81266666666668,2.1656666666666657,62.43599999999999,0.001854,0.000979,0.006634,16.261666666666674,0
221,2024-01-04 08:43:32+00:00,2024-01-04 08:43:32+00:00,201.15076923076927,0.221923076923077,42.89076923076924,219.07423076923075,26.60192307692309,29.80807692307693,2.128076923076923,62.39,0.001842,0.000995,0.006522,16.28884615384615,0
222,2024-01-04 08:43:33+00:00,2024-01-04 08:43:33+00:00,197.56111111111107,0.2281481481481481,42.9337037037037,216.7148148148148,26.615555555555552,29.745925925925924,2.090740740740741,62.50555555555557,0.001797,0.001013,0.006385,16.318148148148147,0
223,2024-01-04 08:43:35+00:00,2024-01-04 08:43:35+00:00,191.4437037037036,0.2237037037037037,43.00888888888888,208.74296296296305,26.62888888888889,29.72740740740741,2.008148148148148,62.372592592592575,0.001756,0.000968,0.006262,16.379999999999992,0
224,2024-01-04 08:43:36+00:00,2024-01-04 08:43:36+00:00,187.69115384615375,0.2276923076923078,43.00923076923077,205.3684615384616,26.638846153846146,29.649230769230776,1.9603846153846147,62.82769230769232,0.001711,0.000999,0.00613,16.370384615384623,0
225,2024-01-04 08:43:37+00:00,2024-01-04 08:43:37+00:00,182.8578571428571,0.2221428571428572,43.0692857142857,201.83892857142857,26.63928571428571,29.646428571428565,1.915357142857143,62.84285714285715,0.001674,0.000994,0.0059,16.42999999999999,0
226,2024-01-04 08:43:39+00:00,2024-01-04 08:43:39+00:00,175.1243333333333,0.2153333333333334,43.05233333333332,192.523,26.67533333333333,29.53766666666666,1.832999999999999,62.943000000000005,0.001646,0.000975,0.005734,16.37699999999999,0
227,2024-01-04 08:43:40+00:00,2024-01-04 08:43:40+00:00,170.84714285714284,0.2307142857142858,43.031785714285725,188.0342857142857,26.67535714285714,29.44678571428571,1.7946428571428572,63.03642857142857,0.001591,0.00098,0.005644,16.356428571428584,0
228,2024-01-04 08:43:41+00:00,2024-01-04 08:43:41+00:00,167.3307407407407,0.2240740740740741,43.06925925925925,183.49,26.680740740740752,29.40777777777777,1.7551851851851856,63.30666666666668,0.001521,0.000942,0.005368,16.388518518518495,0
229,2024-01-04 08:43:42+00:00,2024-01-04 08:43:42+00:00,162.34642857142862,0.2267857142857143,43.06142857142856,178.09,26.703214285714296,29.34250000000001,1.714642857142858,63.13000000000001,0.001502,0.000966,0.005192,16.35821428571426,0
230,2024-01-04 08:43:44+00:00,2024-01-04 08:43:44+00:00,151.23999999999998,0.2181481481481482,43.03592592592591,167.8748148148148,26.703333333333337,29.210000000000008,1.6270370370370368,63.59518518518517,0.001433,0.000959,0.005013,16.332592592592572,0
231,2024-01-04 08:43:45+00:00,2024-01-04 08:43:45+00:00,148.08321428571432,0.2135714285714287,43.06964285714287,163.28250000000003,26.690357142857145,29.17607142857141,1.5914285714285707,63.572499999999984,0.001422,0.000927,0.004855,16.379285714285725,0
232,2024-01-04 08:43:46+00:00,2024-01-04 08:43:46+00:00,142.0742857142857,0.2053571428571429,43.040000000000006,157.54607142857142,26.687857142857148,29.112142857142864,1.5435714285714288,63.76178571428572,0.001421,0.001003,0.004696,16.35214285714286,0
233,2024-01-04 08:43:48+00:00,2024-01-04 08:43:48+00:00,132.29285714285717,0.2167857142857142,42.99,146.28749999999997,26.726428571428578,28.95142857142857,1.4528571428571426,63.786785714285706,0.001455,0.000992,0.004655,16.263571428571424,0
234,2024-01-04 08:43:49+00:00,2024-01-04 08:43:49+00:00,125.90708333333332,0.1929166666666667,42.92874999999999,140.92291666666665,26.724166666666672,28.93125000000001,1.4120833333333334,63.96999999999998,0.00142,0.000945,0.004446,16.204583333333314,0
235,2024-01-04 08:43:50+00:00,2024-01-04 08:43:50+00:00,121.42481481481482,0.2118518518518519,42.905555555555566,136.22592592592594,26.720740740740755,28.838518518518523,1.37,64.38666666666664,0.001375,0.00095,0.004549,16.18481481481481,0
236,2024-01-04 08:43:52+00:00,2024-01-04 08:43:52+00:00,110.852962962963,0.1955555555555557,42.86259259259258,124.63185185185183,26.73,28.70296296296296,1.2722222222222228,64.18851851851853,0.001417,0.000977,0.004594,16.132592592592584,0
237,2024-01-04 08:43:53+00:00,2024-01-04 08:43:53+00:00,105.2503571428572,0.1878571428571428,42.82285714285713,118.39857142857146,26.7475,28.676428571428573,1.2225,64.30535714285715,0.001416,0.000946,0.004513,16.075357142857133,0
238,2024-01-04 08:43:54+00:00,2024-01-04 08:43:54+00:00,100.22392857142856,0.1978571428571429,42.809285714285714,112.80857142857144,26.753571428571423,28.601785714285715,1.1775,64.4082142857143,0.001389,0.000991,0.004341,16.055714285714288,0
239,2024-01-04 08:43:56+00:00,2024-01-04 08:43:56+00:00,90.08357142857145,0.2010714285714286,42.68464285714284,103.03928571428568,26.78321428571428,28.415714285714284,1.0782142857142856,64.53249999999998,0.001385,0.000965,0.004231,15.90142857142856,0
240,2024-01-04 08:43:57+00:00,2024-01-04 08:43:57+00:00,84.62413793103448,0.196896551724138,42.66379310344827,97.63931034482758,26.78482758620688,28.345172413793108,1.0386206896551724,64.78172413793104,0.001344,0.001,0.004119,15.87896551724139,0
241,2024-01-04 08:43:58+00:00,2024-01-04 08:43:58+00:00,80.13379310344828,0.1934482758620689,42.590689655172405,92.1203448275862,26.78724137931033,28.26862068965516,0.9910344827586204,64.46758620689656,0.001359,0.000988,0.004061,15.80344827586207,0
242,2024-01-04 08:44:00+00:00,2024-01-04 08:44:00+00:00,71.46083333333334,0.18625,42.532500000000006,82.14458333333336,26.7825,28.176250000000007,0.8954166666666667,65.06500000000001,0.001353,0.001041,0.003929,15.750000000000004,0
243,2024-01-04 08:44:01+00:00,2024-01-04 08:44:01+00:00,66.70444444444445,0.2051851851851852,42.464444444444446,77.78740740740741,26.788518518518508,28.127777777777787,0.4188888888888888,65.42185185185184,0.0012,0.000865,0.003692,15.675925925925938,0
244,2024-01-04 08:44:02+00:00,2024-01-04 08:44:02+00:00,62.065666666666665,0.1806666666666666,42.40800000000001,72.78466666666667,26.80166666666667,28.032,0.2320000000000001,65.06133333333331,0.001284,0.000918,0.003567,15.60633333333334,0
245,2024-01-04 08:44:03+00:00,2024-01-04 08:44:03+00:00,57.50148148148148,0.1811111111111111,42.354444444444425,68.28888888888889,26.79555555555556,27.99814814814815,0.2377777777777778,65.25814814814815,0.001241,0.000868,0.003583,15.55888888888887,0
246,2024-01-04 08:44:05+00:00,2024-01-04 08:44:05+00:00,50.00620689655173,0.2013793103448277,42.24586206896552,60.339999999999975,26.829655172413787,27.87758620689656,0.2300000000000001,65.47896551724136,0.001195,0.000943,0.003322,15.416206896551728,0
247,2024-01-04 08:44:06+00:00,2024-01-04 08:44:06+00:00,46.76192307692309,0.1811538461538461,42.18769230769231,56.08153846153846,26.81000000000001,27.828076923076928,0.2365384615384616,65.31115384615384,0.001177,0.00086,0.003293,15.377692307692303,0
248,2024-01-04 08:44:07+00:00,2024-01-04 08:44:07+00:00,43.01769230769231,0.1861538461538462,42.11846153846155,52.57846153846154,26.8153846153846,27.77038461538461,0.2330769230769232,65.66192307692305,0.001169,0.000854,0.003092,15.303076923076954,0
249,2024-01-04 08:44:09+00:00,2024-01-04 08:44:09+00:00,36.81999999999999,0.1962068965517241,42.07999999999999,46.41206896551724,26.852068965517248,27.65965517241379,0.233793103448276,65.87068965517241,0.001093,0.000891,0.00313,15.227931034482744,0
250,2024-01-04 08:44:10+00:00,2024-01-04 08:44:10+00:00,34.26518518518519,0.1725925925925926,42.02666666666666,42.86148148148148,26.85037037037037,27.66592592592594,0.2300000000000001,65.46481481481482,0.001132,0.000835,0.002991,15.176296296296282,0
251,2024-01-04 08:44:11+00:00,2024-01-04 08:44:11+00:00,30.97266666666667,0.1686666666666666,41.953,39.79966666666667,26.862333333333343,27.62733333333332,0.2300000000000001,65.83466666666665,0.001139,0.000794,0.003019,15.09066666666666,0
252,2024-01-04 08:44:13+00:00,2024-01-04 08:44:13+00:00,26.698148148148142,0.1818518518518518,41.87333333333333,35.64962962962962,26.86962962962962,27.52740740740742,0.2329629629629631,65.82555555555557,0.00111,0.000851,0.0029,15.003703703703708,0
253,2024-01-04 08:44:14+00:00,2024-01-04 08:44:14+00:00,25.146296296296303,0.1692592592592593,41.77999999999999,33.06222222222221,26.8725925925926,27.49592592592593,0.2300000000000001,66.16777777777779,0.001086,0.000895,0.002933,14.90740740740739,0
254,2024-01-04 08:44:15+00:00,2024-01-04 08:44:15+00:00,23.700000000000006,0.1762962962962963,41.8074074074074,31.604444444444454,26.877407407407404,27.497777777777785,0.2344444444444445,65.76185185185184,0.001124,0.00085,0.002949,14.93,0
255,2024-01-04 08:44:17+00:00,2024-01-04 08:44:17+00:00,20.87758620689656,0.1637931034482758,41.66793103448274,28.414827586206904,26.891034482758613,27.460689655172438,0.2310344827586208,65.6755172413793,0.001201,0.000815,0.00288,14.776896551724128,0
256,2024-01-04 08:44:18+00:00,2024-01-04 08:44:18+00:00,20.37076923076923,0.1669230769230769,41.66807692307692,28.29615384615384,26.896923076923077,27.45346153846153,0.231923076923077,65.97653846153845,0.001004,0.000765,0.002896,14.771153846153844,0
257,2024-01-04 08:44:19+00:00,2024-01-04 08:44:19+00:00,19.537857142857145,0.1757142857142857,41.60785714285714,27.527500000000003,26.89357142857142,27.42357142857143,0.2300000000000001,65.91821428571431,0.001122,0.000799,0.002907,14.714285714285722,0
258,2024-01-04 08:44:20+00:00,2024-01-04 08:44:20+00:00,19.639310344827585,0.1827586206896551,41.5455172413793,27.40137931034484,26.89344827586206,27.394482758620686,0.230344827586207,66.09655172413791,0.001071,0.000774,0.002842,14.65206896551724,0
259,2024-01-04 08:44:22+00:00,2024-01-04 08:44:22+00:00,20.07892857142857,0.1742857142857142,41.501428571428576,27.398571428571437,26.9225,27.419642857142858,0.2300000000000001,65.89821428571429,0.001093,0.000808,0.002862,14.57892857142858,0
260,2024-01-04 08:44:23+00:00,2024-01-04 08:44:23+00:00,20.28444444444445,0.1729629629629629,41.47148148148149,27.9825925925926,26.9325925925926,27.40592592592592,0.2292592592592593,65.96851851851854,0.001096,0.000854,0.002916,14.538888888888888,0
261,2024-01-04 08:44:24+00:00,2024-01-04 08:44:24+00:00,21.794074074074075,0.1781481481481482,41.443333333333335,29.33703703703704,26.913703703703717,27.43111111111112,0.2281481481481483,65.86481481481482,0.00117,0.000876,0.002931,14.52962962962962,0
262,2024-01-04 08:44:26+00:00,2024-01-04 08:44:26+00:00,23.722857142857134,0.1767857142857143,41.40642857142858,30.994285714285702,26.95250000000001,27.45892857142857,0.2300000000000001,65.77,0.001139,0.000832,0.00293,14.45392857142857,0
263,2024-01-04 08:44:27+00:00,2024-01-04 08:44:27+00:00,26.14346153846154,0.1765384615384615,41.39807692307692,33.13576923076923,26.95346153846155,27.44384615384615,0.2300000000000001,65.83846153846154,0.001108,0.000874,0.003055,14.444615384615371,0
264,2024-01-04 08:44:28+00:00,2024-01-04 08:44:28+00:00,27.02692307692307,0.1653846153846153,41.35307692307693,35.11923076923077,26.95192307692308,27.43038461538462,0.2300000000000001,65.7576923076923,0.00112,0.000798,0.003062,14.40115384615385,0
265,2024-01-04 08:44:30+00:00,2024-01-04 08:44:30+00:00,32.50296296296296,0.1796296296296296,41.410370370370366,39.51259259259259,26.963333333333352,27.514074074074077,0.2300000000000001,65.79,0.001201,0.000912,0.003089,14.447037037037012,0
266,2024-01-04 08:44:31+00:00,2024-01-04 08:44:31+00:00,34.327777777777776,0.1814814814814814,41.4051851851852,42.42185185185187,26.97777777777778,27.55518518518518,0.2348148148148149,65.9914814814815,0.001242,0.000869,0.003218,14.427407407407417,0
267,2024-01-04 08:44:32+00:00,2024-01-04 08:44:32+00:00,37.018620689655165,0.1806896551724138,41.41379310344829,46.05137931034482,26.978275862068976,27.605517241379303,0.2300000000000001,65.64655172413792,0.001181,0.00087,0.003216,14.435517241379316,0
268,2024-01-04 08:44:34+00:00,2024-01-04 08:44:34+00:00,43.84068965517242,0.1720689655172413,41.396206896551725,53.02586206896553,27.000344827586208,27.69862068965518,0.2341379310344829,65.2658620689655,0.001322,0.000849,0.003361,14.395862068965515,0
269,2024-01-04 08:44:35+00:00,2024-01-04 08:44:35+00:00,47.475,0.1803571428571428,41.455714285714286,56.37107142857143,26.99928571428571,27.73035714285715,0.2321428571428573,65.48107142857138,0.001263,0.000907,0.003412,14.456428571428578,0
270,2024-01-04 08:44:36+00:00,2024-01-04 08:44:36+00:00,51.039285714285725,0.1839285714285714,41.41392857142857,60.75071428571429,27.005357142857143,27.7575,0.2307142857142858,65.19714285714285,0.00127,0.000877,0.003585,14.408571428571427,0
271,2024-01-04 08:44:38+00:00,2024-01-04 08:44:38+00:00,59.24041666666667,0.1908333333333333,41.45583333333334,68.6675,27.017499999999995,27.832500000000007,0.2333333333333334,65.03749999999997,0.00134,0.000927,0.00361,14.438333333333343,0
272,2024-01-04 08:44:39+00:00,2024-01-04 08:44:39+00:00,62.586785714285725,0.1896428571428572,41.47357142857143,72.59249999999999,27.00678571428572,27.89642857142857,0.2385714285714287,65.23107142857143,0.001359,0.000921,0.003806,14.46678571428571,0
273,2024-01-04 08:44:40+00:00,2024-01-04 08:44:40+00:00,67.71866666666666,0.1919999999999999,41.46933333333333,77.98866666666665,27.009,27.969999999999988,0.2316666666666668,64.884,0.001383,0.000978,0.003721,14.460333333333327,0
274,2024-01-04 08:44:41+00:00,2024-01-04 08:44:41+00:00,72.94115384615385,0.1888461538461538,41.4876923076923,82.5569230769231,26.99384615384616,28.01115384615384,0.6903846153846154,64.91038461538461,0.001402,0.000886,0.00395,14.493846153846142,0
275,2024-01-04 08:44:43+00:00,2024-01-04 08:44:43+00:00,81.68037037037037,0.1925925925925926,41.46962962962965,92.75555555555556,27.00333333333333,28.125555555555565,0.9633333333333336,64.59111111111112,0.001462,0.000969,0.004038,14.466296296296314,0
276,2024-01-04 08:44:44+00:00,2024-01-04 08:44:44+00:00,86.84000000000002,0.1926923076923077,41.53615384615384,97.8376923076923,27.0203846153846,28.235769230769225,1.005384615384615,64.5026923076923,0.001398,0.000894,0.004021,14.51576923076924,0
277,2024-01-04 08:44:45+00:00,2024-01-04 08:44:45+00:00,91.915,0.2096428571428571,41.5375,103.33928571428572,27.032142857142844,28.27892857142857,1.0467857142857142,64.4482142857143,0.001473,0.000967,0.004199,14.505357142857155,0
278,2024-01-04 08:44:47+00:00,2024-01-04 08:44:47+00:00,101.85965517241377,0.1958620689655172,41.50655172413794,113.57379310344832,27.062068965517245,28.438965517241385,1.1372413793103449,64.43275862068964,0.001532,0.001007,0.004558,14.444482758620698,0
279,2024-01-04 08:44:48+00:00,2024-01-04 08:44:48+00:00,106.94777777777776,0.2092592592592593,41.56222222222222,118.80888888888892,27.061111111111117,28.52259259259259,1.1844444444444446,64.36333333333334,0.001543,0.00101,0.004697,14.501111111111104,0
280,2024-01-04 08:44:49+00:00,2024-01-04 08:44:49+00:00,111.99678571428572,0.1964285714285714,41.58678571428571,124.23464285714286,27.06357142857143,28.62,1.2335714285714283,63.89892857142859,0.001545,0.001019,0.004809,14.523214285714282,0
281,2024-01-04 08:44:51+00:00,2024-01-04 08:44:51+00:00,123.18888888888888,0.2081481481481481,41.64333333333334,136.2518518518518,27.091851851851864,28.773703703703717,1.3248148148148151,63.967037037037024,0.001549,0.000978,0.004895,14.551481481481474,0
282,2024-01-04 08:44:52+00:00,2024-01-04 08:44:52+00:00,127.17827586206896,0.2113793103448276,41.59586206896552,141.24448275862068,27.102413793103462,28.817931034482758,1.36448275862069,63.898620689655175,0.001613,0.001024,0.004934,14.49344827586206,0
283,2024-01-04 08:44:53+00:00,2024-01-04 08:44:53+00:00,132.92400000000004,0.2064,41.65439999999999,146.66639999999998,27.102800000000013,28.89560000000001,1.4176000000000002,63.76880000000003,0.001584,0.001019,0.004791,14.551599999999976,0
284,2024-01-04 08:44:55+00:00,2024-01-04 08:44:55+00:00,143.61892857142865,0.2185714285714286,41.69571428571427,156.9564285714286,27.11214285714286,29.06428571428571,1.4967857142857142,63.843571428571465,0.001523,0.000994,0.004836,14.583571428571409,0
285,2024-01-04 08:44:56+00:00,2024-01-04 08:44:56+00:00,148.3437037037037,0.2307407407407407,41.74,162.84962962962965,27.134444444444444,29.14666666666665,1.5411111111111109,63.817407407407394,0.001594,0.000988,0.005069,14.60555555555555,0
286,2024-01-04 08:44:57+00:00,2024-01-04 08:44:57+00:00,152.63148148148153,0.2266666666666666,41.77518518518517,167.62148148148148,27.13592592592592,29.245925925925924,1.588148148148149,63.25851851851854,0.001631,0.001032,0.005282,14.639259259259251,0
287,2024-01-04 08:44:59+00:00,2024-01-04 08:44:59+00:00,162.29777777777775,0.2322222222222222,41.81962962962962,178.55851851851855,27.13444444444444,29.402592592592597,1.6800000000000006,63.53259259259261,0.001611,0.001063,0.005319,14.685185185185183,0
288,2024-01-04 08:45:00+00:00,2024-01-04 08:45:00+00:00,168.43935483870968,0.2212903225806451,41.82967741935485,183.57548387096776,27.16064516129032,29.463870967741947,1.732258064516129,63.1158064516129,0.001643,0.001014,0.00564,14.669032258064531,0
289,2024-01-04 08:45:01+00:00,2024-01-04 08:45:01+00:00,171.04071428571427,0.2214285714285715,41.89214285714286,186.88428571428568,27.1475,29.575714285714287,1.7632142857142863,63.162500000000016,0.001675,0.001029,0.005695,14.74464285714286,0
290,2024-01-04 08:45:02+00:00,2024-01-04 08:45:02+00:00,176.26076923076923,0.2326923076923077,41.91269230769232,192.8184615384616,27.184615384615384,29.60500000000001,1.812307692307692,63.18269230769229,0.001777,0.001056,0.005974,14.728076923076934,0
291,2024-01-04 08:45:04+00:00,2024-01-04 08:45:04+00:00,185.5520689655172,0.2372413793103448,42.05034482758621,201.8275862068965,27.18310344827585,29.773793103448284,1.9096551724137931,62.98000000000001,0.001765,0.00104,0.006049,14.867241379310354,0
292,2024-01-04 08:45:05+00:00,2024-01-04 08:45:05+00:00,188.1285185185185,0.2477777777777778,42.07740740740741,205.12888888888884,27.18370370370369,29.82962962962963,1.9403703703703707,62.77518518518519,0.001859,0.001055,0.006231,14.893703703703718,0
293,2024-01-04 08:45:06+00:00,2024-01-04 08:45:06+00:00,190.7907142857144,0.2389285714285715,42.135,209.66857142857148,27.207500000000007,29.9382142857143,1.9953571428571428,62.98464285714285,0.001854,0.001057,0.006427,14.927499999999991,0
294,2024-01-04 08:45:08+00:00,2024-01-04 08:45:08+00:00,198.99517241379303,0.2296551724137932,42.25413793103448,216.79724137931035,27.19965517241379,30.05448275862069,2.0796551724137937,62.65724137931036,0.001827,0.001053,0.006481,15.054482758620686,0
295,2024-01-04 08:45:09+00:00,2024-01-04 08:45:09+00:00,201.8222222222222,0.2440740740740741,42.32851851851853,220.2555555555556,27.211111111111123,30.11740740740741,2.121111111111112,62.8062962962963,0.001871,0.001063,0.006598,15.117407407407406,0
296,2024-01-04 08:45:10+00:00,2024-01-04 08:45:10+00:00,205.1992857142857,0.2446428571428572,42.36642857142857,222.7971428571429,27.23714285714286,30.11785714285714,2.157499999999999,62.42857142857144,0.00191,0.001076,0.006685,15.129285714285713,0
297,2024-01-04 08:45:12+00:00,2024-01-04 08:45:12+00:00,210.05892857142857,0.2467857142857143,42.50571428571429,228.27071428571423,27.26821428571428,30.29142857142858,2.2199999999999984,62.1525,0.001934,0.001077,0.006785,15.237500000000017,0
298,2024-01-04 08:45:13+00:00,2024-01-04 08:45:13+00:00,211.71793103448272,0.2403448275862069,42.63517241379311,230.22068965517235,27.254482758620693,30.359310344827588,2.257586206896552,62.39103448275864,0.001952,0.001057,0.006876,15.380689655172414,0
299,2024-01-04 08:45:14+00:00,2024-01-04 08:45:14+00:00,213.2792307692307,0.2334615384615386,42.694615384615375,231.59961538461536,27.25,30.405,2.2753846153846164,62.43115384615384,0.001971,0.001078,0.006963,15.444615384615377,0
300,2024-01-04 08:45:16+00:00,2024-01-04 08:45:16+00:00,216.61111111111111,0.2437037037037036,42.81481481481482,234.9266666666668,27.277777777777764,30.4414814814815,2.3274074074074083,62.27037037037036,0.001967,0.001033,0.007005,15.53703703703706,0
301,2024-01-04 08:45:17+00:00,2024-01-04 08:45:17+00:00,217.92642857142852,0.2467857142857143,42.89142857142858,236.62321428571437,27.27464285714285,30.498571428571427,2.3528571428571428,62.23678571428571,0.001975,0.001047,0.007063,15.616785714285731,0
302,2024-01-04 08:45:18+00:00,2024-01-04 08:45:18+00:00,217.85074074074075,0.2451851851851851,42.986296296296274,237.29259259259257,27.27925925925925,30.52629629629629,2.36037037037037,62.1551851851852,0.00197,0.00106,0.007051,15.707037037037026,0
303,2024-01-04 08:45:19+00:00,2024-01-04 08:45:19+00:00,219.40483870967748,0.2474193548387097,43.059354838709694,238.1193548387098,27.269677419354835,30.567741935483877,2.376774193548387,62.28967741935484,0.001977,0.001105,0.007073,15.78967741935486,0
304,2024-01-04 08:45:21+00:00,2024-01-04 08:45:21+00:00,220.0358620689656,0.2420689655172413,43.16137931034481,238.25068965517232,27.307241379310337,30.60413793103447,2.386896551724139,62.37000000000002,0.001975,0.001077,0.007105,15.854137931034476,0
305,2024-01-04 08:45:22+00:00,2024-01-04 08:45:22+00:00,219.11538461538456,0.2384615384615385,43.24769230769231,238.10846153846157,27.329230769230776,30.60307692307692,2.3953846153846152,62.10769230769232,0.001962,0.001032,0.007102,15.918461538461536,0
306,2024-01-04 08:45:23+00:00,2024-01-04 08:45:23+00:00,219.0334615384615,0.2346153846153846,43.31730769230769,237.5565384615384,27.32615384615385,30.612692307692296,2.3880769230769228,62.05307692307694,0.001953,0.00103,0.007063,15.99115384615384,0
307,2024-01-04 08:45:25+00:00,2024-01-04 08:45:25+00:00,217.36033333333324,0.2373333333333333,43.43233333333334,235.949,27.330333333333343,30.630666666666663,2.368333333333333,62.09766666666666,0.001961,0.001023,0.007028,16.101999999999997,0
308,2024-01-04 08:45:26+00:00,2024-01-04 08:45:26+00:00,215.28259259259252,0.2377777777777778,43.48814814814814,234.4396296296296,27.350740740740743,30.625185185185188,2.3559259259259258,62.24111111111114,0.001938,0.001093,0.006993,16.137407407407398,0
309,2024-01-04 08:45:27+00:00,2024-01-04 08:45:27+00:00,213.1671428571429,0.2482142857142857,43.53178571428572,232.76142857142852,27.35321428571429,30.616071428571423,2.3285714285714287,62.52392857142858,0.001971,0.001101,0.006904,16.178571428571423,0
310,2024-01-04 08:45:29+00:00,2024-01-04 08:45:29+00:00,210.4429166666666,0.22875,43.662083333333335,228.03333333333345,27.38541666666666,30.61208333333333,2.2804166666666674,62.290833333333325,0.001918,0.001036,0.006811,16.276666666666674,0
311,2024-01-04 08:45:30+00:00,2024-01-04 08:45:30+00:00,206.82000000000008,0.2364285714285714,43.73535714285715,225.23357142857157,27.37392857142857,30.61035714285714,2.2425,62.65000000000001,0.00188,0.001042,0.006691,16.361428571428576,0
312,2024-01-04 08:45:31+00:00,2024-01-04 08:45:31+00:00,205.00629629629623,0.2348148148148148,43.77666666666668,223.67592592592592,27.38222222222222,30.59555555555556,2.2244444444444444,62.21370370370372,0.001849,0.001044,0.00659,16.394444444444456,0
313,2024-01-04 08:45:33+00:00,2024-01-04 08:45:33+00:00,199.38862068965523,0.2431034482758621,43.79586206896551,217.73000000000005,27.404482758620677,30.52344827586206,2.148275862068966,62.63206896551724,0.001829,0.001015,0.006476,16.39137931034484,0
314,2024-01-04 08:45:34+00:00,2024-01-04 08:45:34+00:00,195.38038461538463,0.2284615384615384,43.85384615384615,212.91615384615383,27.398461538461525,30.52846153846153,2.096538461538462,62.77038461538464,0.001779,0.001037,0.006256,16.455384615384624,0
315,2024-01-04 08:45:35+00:00,2024-01-04 08:45:35+00:00,192.1124,0.2316,43.8764,209.7004000000001,27.40679999999999,30.47040000000001,2.0524,62.554,0.001674,0.000996,0.006074,16.469600000000014,0
316,2024-01-04 08:45:37+00:00,2024-01-04 08:45:37+00:00,183.9474193548388,0.2206451612903226,43.95064516129033,201.6264516129032,27.45419354838711,30.44516129032259,1.966451612903226,62.88225806451613,0.001682,0.001053,0.005981,16.496451612903222,0
317,2024-01-04 08:45:38+00:00,2024-01-04 08:45:38+00:00,180.06692307692305,0.2269230769230769,43.9626923076923,197.1988461538461,27.45653846153847,30.38769230769231,1.9169230769230765,62.99307692307694,0.001662,0.001019,0.005768,16.50615384615383,0
318,2024-01-04 08:45:39+00:00,2024-01-04 08:45:39+00:00,175.9232000000001,0.2188000000000001,43.92720000000002,192.6267999999999,27.460000000000004,30.308800000000016,1.877199999999999,63.177600000000005,0.001613,0.001007,0.005587,16.467200000000016,0
319,2024-01-04 08:45:40+00:00,2024-01-04 08:45:40+00:00,171.8596296296296,0.2055555555555556,43.954444444444455,188.2922222222223,27.47037037037037,30.28592592592593,1.8374074074074076,62.92925925925926,0.001518,0.001048,0.005481,16.48407407407408,0
320,2024-01-04 08:45:42+00:00,2024-01-04 08:45:42+00:00,162.82481481481483,0.217037037037037,43.94740740740741,178.71666666666664,27.48111111111112,30.13851851851852,1.7529629629629628,63.29925925925927,0.001458,0.000989,0.00517,16.46629629629629,0
321,2024-01-04 08:45:43+00:00,2024-01-04 08:45:43+00:00,158.04037037037037,0.2148148148148149,43.93814814814817,173.5851851851852,27.48814814814816,30.09777777777777,1.7100000000000006,63.43518518518518,0.001455,0.001025,0.005124,16.450000000000017,0
322,2024-01-04 08:45:44+00:00,2024-01-04 08:45:44+00:00,152.51370370370373,0.2025925925925926,43.95185185185187,167.78111111111116,27.47592592592593,30.065185185185182,1.6677777777777774,63.35518518518517,0.001388,0.000967,0.004803,16.475925925925935,0
323,2024-01-04 08:45:46+00:00,2024-01-04 08:45:46+00:00,142.32321428571427,0.2075,43.95857142857143,157.63357142857143,27.516785714285707,29.93464285714285,1.5775000000000006,63.55285714285717,0.001331,0.000997,0.004604,16.441785714285718,0
324,2024-01-04 08:45:47+00:00,2024-01-04 08:45:47+00:00,136.8355172413793,0.2120689655172414,43.870689655172406,152.68482758620686,27.52275862068964,29.797241379310343,1.531724137931035,63.83137931034484,0.001322,0.000996,0.004585,16.347931034482766,0
325,2024-01-04 08:45:48+00:00,2024-01-04 08:45:48+00:00,132.98666666666668,0.2011111111111112,43.84851851851851,146.38814814814816,27.511851851851848,29.78740740740739,1.488518518518518,63.87074074074073,0.001345,0.000959,0.004521,16.336666666666662,0
326,2024-01-04 08:45:50+00:00,2024-01-04 08:45:50+00:00,122.69107142857148,0.2060714285714286,43.795357142857135,136.21750000000003,27.542499999999983,29.645357142857147,1.3964285714285718,64.09892857142859,0.001367,0.001007,0.00451,16.252857142857152,0
327,2024-01-04 08:45:51+00:00,2024-01-04 08:45:51+00:00,116.47703703703702,0.1888888888888889,43.78111111111111,129.5403703703703,27.536666666666655,29.592222222222222,1.3525925925925923,64.36111111111113,0.00135,0.000995,0.004485,16.24444444444445,0
328,2024-01-04 08:45:52+00:00,2024-01-04 08:45:52+00:00,111.36840000000002,0.2024,43.750800000000005,125.38000000000004,27.53479999999999,29.5264,1.3056,64.5112,0.001323,0.000983,0.004441,16.216000000000015,0
329,2024-01-04 08:45:54+00:00,2024-01-04 08:45:54+00:00,101.8246153846154,0.2003846153846154,43.69923076923077,114.81846153846158,27.58115384615385,29.40115384615385,1.2238461538461538,64.77115384615387,0.001361,0.00104,0.004392,16.118076923076924,0
330,2024-01-04 08:45:55+00:00,2024-01-04 08:45:55+00:00,97.09962962962965,0.195925925925926,43.66074074074075,108.63851851851857,27.555555555555543,29.32777777777778,1.1574074074074068,64.53444444444445,0.001293,0.00099,0.004245,16.105185185185206,0
331,2024-01-04 08:45:56+00:00,2024-01-04 08:45:56+00:00,90.75296296296298,0.2033333333333333,43.59333333333333,102.85111111111112,27.580740740740747,29.25296296296296,1.1103703703703705,64.73481481481481,0.001242,0.000986,0.00401,16.012592592592586,0
332,2024-01-04 08:45:57+00:00,2024-01-04 08:45:57+00:00,85.07703703703703,0.1855555555555556,43.52518518518519,97.72037037037036,27.590370370370383,29.177407407407404,1.0648148148148149,64.83259259259258,0.001199,0.00096,0.003889,15.934814814814803,0
333,2024-01-04 08:45:59+00:00,2024-01-04 08:45:59+00:00,77.55153846153847,0.1973076923076922,43.47,88.18538461538462,27.621923076923075,29.079615384615384,0.97,65.08038461538462,0.001305,0.000952,0.003923,15.848076923076924,0
334,2024-01-04 08:46:00+00:00,2024-01-04 08:46:00+00:00,71.74964285714283,0.1825,43.39714285714286,82.94785714285716,27.611785714285723,29.008928571428577,0.9264285714285708,65.00678571428571,0.001169,0.000921,0.003712,15.785357142857135,0
335,2024-01-04 08:46:01+00:00,2024-01-04 08:46:01+00:00,66.96928571428569,0.1917857142857143,43.32571428571429,78.60785714285714,27.61071428571429,28.94535714285714,0.7950000000000006,65.12000000000002,0.001183,0.000909,0.003623,15.71499999999999,0
336,2024-01-04 08:46:03+00:00,2024-01-04 08:46:03+00:00,59.07653846153847,0.1976923076923078,43.30692307692308,69.43692307692308,27.639615384615382,28.84000000000001,0.233846153846154,65.33653846153848,0.00117,0.000953,0.003517,15.667307692307691,0
337,2024-01-04 08:46:04+00:00,2024-01-04 08:46:04+00:00,54.799687499999976,0.1759374999999999,43.24625,64.81718750000002,27.637812499999992,28.7878125,0.2318750000000002,65.4834375,0.001111,0.00094,0.003364,15.608437500000004,0
338,2024-01-04 08:46:05+00:00,2024-01-04 08:46:05+00:00,50.742413793103466,0.1751724137931034,43.12724137931032,60.05862068965517,27.641724137931035,28.72793103448276,0.2317241379310346,65.08655172413793,0.001088,0.000912,0.003247,15.485517241379284,0
339,2024-01-04 08:46:07+00:00,2024-01-04 08:46:07+00:00,43.60266666666667,0.1853333333333334,43.124333333333325,52.78033333333333,27.66533333333332,28.663,0.2300000000000001,65.40933333333335,0.001123,0.000866,0.003155,15.459000000000003,0
340,2024-01-04 08:46:08+00:00,2024-01-04 08:46:08+00:00,40.13346153846154,0.1903846153846154,43.05961538461536,49.64038461538461,27.669999999999995,28.57038461538463,0.2311538461538463,65.66884615384615,0.001073,0.000807,0.002967,15.389615384615368,0
341,2024-01-04 08:46:09+00:00,2024-01-04 08:46:09+00:00,37.63407407407408,0.1699999999999999,42.99111111111112,46.54111111111112,27.68962962962963,28.550370370370366,0.2300000000000001,65.62777777777778,0.001026,0.000902,0.002964,15.301481481481488,0
342,2024-01-04 08:46:11+00:00,2024-01-04 08:46:11+00:00,31.8674074074074,0.1762962962962963,42.88370370370371,40.53555555555555,27.696666666666665,28.45703703703703,0.2307407407407408,65.60592592592592,0.001019,0.00081,0.002927,15.187037037037044,0
343,2024-01-04 08:46:12+00:00,2024-01-04 08:46:12+00:00,29.69518518518518,0.192962962962963,42.82703703703705,37.67555555555556,27.69851851851852,28.423333333333336,0.2348148148148149,65.84,0.000974,0.000824,0.002835,15.12851851851853,0
344,2024-01-04 08:46:13+00:00,2024-01-04 08:46:13+00:00,27.30999999999999,0.1751851851851851,42.77629629629632,35.03592592592592,27.70296296296297,28.366296296296305,0.2307407407407408,65.97925925925925,0.00099,0.000863,0.002749,15.073333333333345,0
345,2024-01-04 08:46:15+00:00,2024-01-04 08:46:15+00:00,23.567333333333327,0.1743333333333333,42.69699999999999,31.877666666666663,27.71400000000001,28.321000000000005,0.2300000000000001,65.69999999999999,0.001039,0.000895,0.002735,14.982999999999985,0
346,2024-01-04 08:46:16+00:00,2024-01-04 08:46:16+00:00,22.4773076923077,0.1715384615384615,42.66615384615383,29.6723076923077,27.71615384615385,28.305769230769236,0.2311538461538463,66.10923076923076,0.001005,0.000892,0.002752,14.949999999999974,0
347,2024-01-04 08:46:17+00:00,2024-01-04 08:46:17+00:00,21.084137931034483,0.179655172413793,42.59275862068966,28.5296551724138,27.75172413793104,28.270000000000003,0.2327586206896553,66.07310344827586,0.000952,0.000802,0.002712,14.84103448275862,0
348,2024-01-04 08:46:18+00:00,2024-01-04 08:46:18+00:00,20.96239999999999,0.1776,42.5324,28.169599999999992,27.756799999999995,28.246,0.2300000000000001,65.90479999999998,0.001012,0.00082,0.00272,14.7756,0
349,2024-01-04 08:46:20+00:00,2024-01-04 08:46:20+00:00,19.81344827586207,0.1737931034482759,42.49551724137933,27.002068965517243,27.765862068965507,28.247586206896557,0.2300000000000001,65.98620689655174,0.001003,0.000801,0.002663,14.729655172413825,0
350,2024-01-04 08:46:21+00:00,2024-01-04 08:46:21+00:00,20.09961538461539,0.1734615384615384,42.435,27.098846153846143,27.783076923076912,28.27461538461538,0.2300000000000001,66.25576923076923,0.000939,0.000792,0.002697,14.651923076923085,0
351,2024-01-04 08:46:22+00:00,2024-01-04 08:46:22+00:00,19.21703703703703,0.1707407407407407,42.44444444444445,27.417407407407406,27.78407407407406,28.247407407407405,0.2285185185185186,66.24296296296296,0.001006,0.000867,0.00274,14.66037037037039,0
352,2024-01-04 08:46:24+00:00,2024-01-04 08:46:24+00:00,21.988888888888894,0.1818518518518518,42.36518518518518,28.930740740740745,27.797777777777764,28.232592592592592,0.2300000000000001,66.05259259259259,0.001023,0.000833,0.002771,14.56740740740742,0
353,2024-01-04 08:46:25+00:00,2024-01-04 08:46:25+00:00,21.857241379310352,0.1810344827586207,42.364137931034506,29.733793103448267,27.80310344827585,28.26620689655172,0.2300000000000001,65.87448275862073,0.000975,0.000827,0.002762,14.561034482758656,0
354,2024-01-04 08:46:26+00:00,2024-01-04 08:46:26+00:00,24.144074074074062,0.1837037037037037,42.36666666666665,31.74074074074074,27.800370370370384,28.25444444444444,0.2303703703703705,65.82407407407409,0.001095,0.000885,0.00284,14.566296296296269,0
355,2024-01-04 08:46:28+00:00,2024-01-04 08:46:28+00:00,27.210322580645165,0.1745161290322581,42.27419354838708,34.956129032258055,27.819032258064524,28.28161290322581,0.2303225806451614,65.81451612903227,0.000972,0.0008,0.002901,14.455161290322556,0
356,2024-01-04 08:46:29+00:00,2024-01-04 08:46:29+00:00,29.29857142857143,0.1717857142857143,42.34857142857141,36.66785714285714,27.817142857142866,28.37678571428572,0.2346428571428572,66.07357142857144,0.001021,0.000854,0.002935,14.531428571428547,0
357,2024-01-04 08:46:30+00:00,2024-01-04 08:46:30+00:00,30.94392857142856,0.1778571428571428,42.32107142857142,39.28428571428572,27.823214285714297,28.386785714285715,0.2382142857142858,65.83392857142857,0.001018,0.000849,0.002926,14.497857142857123,0
358,2024-01-04 08:46:32+00:00,2024-01-04 08:46:32+00:00,36.95428571428571,0.1885714285714285,42.32214285714287,45.5242857142857,27.84428571428572,28.423214285714277,0.2371428571428573,65.63035714285714,0.001087,0.000866,0.003109,14.477857142857143,0
359,2024-01-04 08:46:33+00:00,2024-01-04 08:46:33+00:00,40.608888888888885,0.1748148148148147,42.30481481481482,48.24333333333331,27.84148148148149,28.494074074074085,0.231851851851852,65.55444444444446,0.001144,0.000841,0.003109,14.463333333333328,0
360,2024-01-04 08:46:34+00:00,2024-01-04 08:46:34+00:00,43.09291666666667,0.1754166666666667,42.31333333333335,52.190000000000005,27.854166666666675,28.514583333333345,0.2304166666666668,65.46166666666669,0.001095,0.000917,0.003221,14.459166666666672,0
361,2024-01-04 08:46:36+00:00,2024-01-04 08:46:36+00:00,51.02307692307689,0.1846153846153846,42.27769230769232,59.81846153846156,27.855,28.60576923076924,0.2300000000000001,65.17423076923077,0.001199,0.000865,0.003371,14.42269230769232,0
362,2024-01-04 08:46:37+00:00,2024-01-04 08:46:37+00:00,55.22576923076922,0.1861538461538462,42.339615384615385,63.538846153846166,27.85500000000001,28.659230769230764,0.2392307692307693,65.4196153846154,0.001118,0.000878,0.003397,14.484615384615374,0
363,2024-01-04 08:46:38+00:00,2024-01-04 08:46:38+00:00,58.13344827586205,0.1927586206896551,42.307241379310334,67.56172413793105,27.885172413793097,28.70862068965517,0.237241379310345,65.14896551724138,0.001203,0.000926,0.003666,14.422068965517235,0
364,2024-01-04 08:46:39+00:00,2024-01-04 08:46:39+00:00,62.54750000000002,0.1841666666666667,42.34833333333334,72.03041666666668,27.885416666666668,28.779166666666654,0.2341666666666667,65.21166666666666,0.001156,0.000884,0.003615,14.462916666666676,0
365,2024-01-04 08:46:41+00:00,2024-01-04 08:46:41+00:00,71.53555555555555,0.1851851851851852,42.34222222222221,81.34592592592593,27.89259259259259,28.891111111111112,0.6611111111111112,64.79370370370371,0.001284,0.000919,0.003905,14.449629629629625,0
366,2024-01-04 08:46:42+00:00,2024-01-04 08:46:42+00:00,76.19857142857144,0.1914285714285714,42.36107142857141,86.33714285714287,27.888214285714287,28.955714285714297,0.9260714285714288,64.82178571428571,0.001253,0.00096,0.003926,14.472857142857126,0
367,2024-01-04 08:46:43+00:00,2024-01-04 08:46:43+00:00,80.61535714285716,0.1910714285714286,42.35607142857142,91.3925,27.89785714285713,29.027499999999986,0.9671428571428572,64.56214285714286,0.00129,0.000929,0.004087,14.458214285714284,0
368,2024-01-04 08:46:45+00:00,2024-01-04 08:46:45+00:00,89.98518518518519,0.2003703703703703,42.37777777777777,101.82185185185185,27.912592592592592,29.17,1.0574074074074074,64.37777777777781,0.001381,0.001006,0.004277,14.46518518518518,0
369,2024-01-04 08:46:46+00:00,2024-01-04 08:46:46+00:00,95.50999999999998,0.1889285714285714,42.34964285714284,106.85321428571432,27.91642857142857,29.243571428571432,1.1075000000000002,64.33178571428572,0.001334,0.000996,0.004249,14.433214285714268,0
370,2024-01-04 08:46:47+00:00,2024-01-04 08:46:47+00:00,101.8313793103448,0.1906896551724137,42.348965517241375,112.83551724137928,27.940689655172427,29.309655172413795,1.1589655172413798,64.38689655172416,0.001379,0.00098,0.004303,14.408275862068948,0
371,2024-01-04 08:46:49+00:00,2024-01-04 08:46:49+00:00,111.12874999999998,0.1966666666666667,42.43541666666666,123.09958333333336,27.980000000000004,29.48833333333334,1.252916666666667,64.14624999999997,0.00138,0.00096,0.004471,14.455416666666656,0
372,2024-01-04 08:46:50+00:00,2024-01-04 08:46:50+00:00,115.92428571428572,0.1985714285714285,42.46035714285716,128.0803571428572,27.972857142857155,29.585357142857152,1.2928571428571427,63.889642857142825,0.001472,0.001023,0.004634,14.4875,0
373,2024-01-04 08:46:51+00:00,2024-01-04 08:46:51+00:00,120.82464285714283,0.21,42.42714285714286,134.72642857142856,27.983928571428574,29.64928571428572,1.3417857142857148,63.96535714285714,0.001507,0.001023,0.004733,14.443214285714284,0
374,2024-01-04 08:46:53+00:00,2024-01-04 08:46:53+00:00,132.32172413793106,0.1989655172413792,42.463448275862056,145.66275862068966,28.00137931034483,29.81586206896551,1.4365517241379318,63.53586206896552,0.001436,0.000962,0.004739,14.462068965517226,0
375,2024-01-04 08:46:54+00:00,2024-01-04 08:46:54+00:00,137.7051724137931,0.2065517241379311,42.55758620689654,150.62275862068964,28.00103448275862,29.927241379310345,1.4734482758620686,63.66896551724139,0.001412,0.000962,0.004682,14.556551724137918,0
376,2024-01-04 08:46:55+00:00,2024-01-04 08:46:55+00:00,143.174,0.206,42.515,155.9683333333333,28.03699999999999,29.97366666666666,1.5206666666666666,63.61033333333332,0.001421,0.000993,0.004733,14.478000000000012,0
377,2024-01-04 08:46:56+00:00,2024-01-04 08:46:56+00:00,147.83851851851855,0.2196296296296296,42.49777777777777,161.817037037037,28.02888888888888,30.020370370370383,1.5670370370370368,63.40740740740743,0.001429,0.001013,0.004932,14.468888888888891,0
378,2024-01-04 08:46:58+00:00,2024-01-04 08:46:58+00:00,157.04857142857148,0.2185714285714286,42.61107142857144,171.9557142857143,28.045000000000005,30.195714285714292,1.6642857142857144,63.35035714285716,0.001528,0.001119,0.005251,14.56607142857143,0
379,2024-01-04 08:46:59+00:00,2024-01-04 08:46:59+00:00,162.2426923076923,0.2138461538461538,42.64923076923076,176.8011538461538,28.051923076923064,30.316923076923096,1.7107692307692308,63.03346153846156,0.001556,0.000982,0.005425,14.597307692307698,0
380,2024-01-04 08:47:00+00:00,2024-01-04 08:47:00+00:00,166.58000000000004,0.2100000000000001,42.692962962962966,181.80370370370363,28.065555555555548,30.41,1.7485185185185188,63.03888888888891,0.001581,0.001019,0.005509,14.627407407407418,0
381,2024-01-04 08:47:02+00:00,2024-01-04 08:47:02+00:00,175.22888888888883,0.217037037037037,42.78962962962963,191.20333333333332,28.102222222222235,30.53518518518517,1.8403703703703709,62.933703703703706,0.001677,0.000997,0.005853,14.687407407407395,0
382,2024-01-04 08:47:03+00:00,2024-01-04 08:47:03+00:00,180.3203703703704,0.228888888888889,42.81037037037039,196.15296296296296,28.101111111111123,30.62703703703703,1.8859259259259256,62.96592592592594,0.001727,0.001057,0.005906,14.709259259259262,0
383,2024-01-04 08:47:04+00:00,2024-01-04 08:47:04+00:00,184.45423076923075,0.2292307692307691,42.8723076923077,199.79923076923075,28.095,30.69115384615385,1.933076923076924,62.82346153846153,0.001764,0.00103,0.006125,14.777307692307698,0
384,2024-01-04 08:47:06+00:00,2024-01-04 08:47:06+00:00,191.7103846153846,0.2296153846153846,42.98961538461539,207.4619230769231,28.12423076923077,30.826538461538465,2.024230769230769,62.82615384615386,0.00176,0.001009,0.006177,14.86538461538462,0
385,2024-01-04 08:47:07+00:00,2024-01-04 08:47:07+00:00,195.21833333333336,0.2283333333333333,43.02583333333334,211.86416666666665,28.129166666666663,30.914583333333344,2.0733333333333333,62.63541666666669,0.001848,0.001052,0.006377,14.896666666666672,0
386,2024-01-04 08:47:08+00:00,2024-01-04 08:47:08+00:00,196.9957142857143,0.2292857142857144,43.125714285714295,214.235,28.125,30.962142857142855,2.1,62.32,0.001859,0.00102,0.006499,15.0007142857143,0
387,2024-01-04 08:47:10+00:00,2024-01-04 08:47:10+00:00,203.2610714285714,0.2278571428571429,43.20357142857144,221.40785714285715,28.16142857142857,31.10142857142857,2.1878571428571427,62.397142857142846,0.001906,0.001044,0.00659,15.04214285714287,0
388,2024-01-04 08:47:11+00:00,2024-01-04 08:47:11+00:00,207.2,0.24,43.257,224.6680000000001,28.19133333333333,31.149333333333345,2.2289999999999988,62.40466666666667,0.001939,0.001088,0.006703,15.065666666666669,0
389,2024-01-04 08:47:12+00:00,2024-01-04 08:47:12+00:00,208.15000000000003,0.2396551724137931,43.294827586206885,227.4072413793104,28.18758620689656,31.20620689655173,2.2648275862068963,62.18379310344829,0.001947,0.001055,0.006824,15.107241379310327,0
390,2024-01-04 08:47:14+00:00,2024-01-04 08:47:14+00:00,213.93400000000008,0.2428000000000001,43.527200000000015,231.9788,28.217200000000005,31.34080000000001,2.3264000000000005,62.00719999999998,0.001981,0.001069,0.006911,15.31000000000001,0
391,2024-01-04 08:47:16+00:00,2024-01-04 08:47:16+00:00,215.67200000000005,0.2348000000000001,43.63639999999999,234.1512,28.20520000000001,31.41359999999999,2.3684000000000007,62.34040000000001,0.001983,0.001066,0.006977,15.43119999999998,0
392,2024-01-04 08:47:17+00:00,2024-01-04 08:47:17+00:00,217.0826666666667,0.2423333333333332,43.67400000000001,236.23766666666663,28.20933333333335,31.435333333333343,2.393333333333332,62.554666666666655,0.001972,0.001031,0.00706,15.464666666666655,0
393,2024-01-04 08:47:19+00:00,2024-01-04 08:47:19+00:00,218.91074074074075,0.2359259259259259,43.78666666666667,237.75888888888892,28.24851851851852,31.492592592592587,2.431851851851852,61.83592592592591,0.001977,0.001033,0.00703,15.538148148148151,0
394,2024-01-04 08:47:25+00:00,2024-01-04 08:47:25+00:00,216.0248275862069,0.2400000000000001,44.21137931034482,235.334827586207,28.278965517241367,31.58,2.4275862068965526,62.28,0.001917,0.001052,0.006896,15.93241379310345,0
395,2024-01-04 08:47:27+00:00,2024-01-04 08:47:27+00:00,212.7984615384616,0.2365384615384616,44.31846153846155,232.27269230769235,28.309615384615384,31.59423076923077,2.3788461538461543,62.31038461538462,0.001883,0.001091,0.006815,16.008846153846164,0
396,2024-01-04 08:47:28+00:00,2024-01-04 08:47:28+00:00,211.96000000000004,0.2360714285714285,44.39035714285715,230.90857142857132,28.307499999999997,31.61892857142857,2.365357142857143,62.08535714285716,0.001868,0.001058,0.006729,16.082857142857154,0
397,2024-01-04 08:47:29+00:00,2024-01-04 08:47:29+00:00,210.09620689655168,0.2327586206896553,44.45275862068965,228.1955172413793,28.33000000000001,31.60275862068965,2.327931034482759,62.2441379310345,0.001856,0.001039,0.006623,16.12275862068964,0
398,2024-01-04 08:47:31+00:00,2024-01-04 08:47:31+00:00,205.2724000000001,0.2328,44.5124,222.8396,28.34240000000001,31.55039999999999,2.2704,62.4392,0.00181,0.001027,0.006532,16.16999999999999,0
399,2024-01-04 08:47:32+00:00,2024-01-04 08:47:32+00:00,201.8207407407408,0.2377777777777778,44.576296296296285,220.6240740740741,28.36703703703704,31.549999999999997,2.2355555555555555,62.59074074074074,0.001842,0.000996,0.006435,16.209259259259245,0
400,2024-01-04 08:47:33+00:00,2024-01-04 08:47:33+00:00,198.7140740740741,0.2403703703703704,44.59111111111112,217.58148148148155,28.37925925925926,31.528888888888883,2.1974074074074075,62.44481481481479,0.00181,0.001044,0.006399,16.211851851851858,0
401,2024-01-04 08:47:34+00:00,2024-01-04 08:47:34+00:00,195.0616666666667,0.2270833333333334,44.65625,213.64749999999995,28.38208333333333,31.53125,2.1541666666666663,62.66916666666665,0.001735,0.001026,0.006248,16.27416666666667,0
402,2024-01-04 08:47:36+00:00,2024-01-04 08:47:36+00:00,189.4632258064516,0.2116129032258064,44.692580645161314,206.30419354838705,28.404516129032253,31.47645161290322,2.065806451612903,62.61096774193549,0.001705,0.001031,0.006042,16.28806451612906,0
403,2024-01-04 08:47:37+00:00,2024-01-04 08:47:37+00:00,185.39153846153843,0.2234615384615385,44.677692307692304,202.2873076923076,28.40538461538461,31.37576923076923,2.0192307692307687,62.75769230769231,0.001719,0.001033,0.005963,16.272307692307695,0
404,2024-01-04 08:47:38+00:00,2024-01-04 08:47:38+00:00,181.31,0.2084615384615385,44.70884615384618,197.6684615384615,28.400384615384613,31.338461538461534,1.965769230769232,63.018461538461565,0.001585,0.001002,0.005741,16.308461538461568,0
405,2024-01-04 08:47:40+00:00,2024-01-04 08:47:40+00:00,173.18296296296296,0.2233333333333334,44.69222222222223,189.51481481481483,28.4377777777778,31.25629629629629,1.893333333333334,63.204444444444434,0.001585,0.001,0.005591,16.25444444444443,0
406,2024-01-04 08:47:41+00:00,2024-01-04 08:47:41+00:00,168.31777777777782,0.2277777777777778,44.71407407407408,184.3155555555556,28.45555555555557,31.23185185185185,1.831851851851852,63.20407407407408,0.001507,0.000983,0.005402,16.258518518518514,0
407,2024-01-04 08:47:42+00:00,2024-01-04 08:47:42+00:00,162.61517241379312,0.2017241379310345,44.74896551724137,179.02793103448278,28.453793103448287,31.18310344827585,1.7927586206896555,63.0593103448276,0.001517,0.001029,0.005279,16.295172413793086,0
408,2024-01-04 08:47:44+00:00,2024-01-04 08:47:44+00:00,154.60888888888883,0.2159259259259259,44.715185185185184,169.26888888888885,28.47703703703705,31.068148148148143,1.7088888888888885,63.37740740740743,0.001447,0.001028,0.004979,16.238148148148134,0
409,2024-01-04 08:47:45+00:00,2024-01-04 08:47:45+00:00,147.83259259259265,0.2107407407407407,44.71407407407409,163.45629629629627,28.50333333333333,30.97740740740741,1.6570370370370369,63.50777777777779,0.001413,0.000975,0.004875,16.21074074074076,0
410,2024-01-04 08:47:46+00:00,2024-01-04 08:47:46+00:00,142.65,0.2114285714285713,44.70428571428573,157.80607142857144,28.490714285714287,30.904642857142868,1.616785714285715,63.5425,0.001392,0.000948,0.004782,16.213571428571438,0
411,2024-01-04 08:47:48+00:00,2024-01-04 08:47:48+00:00,132.9348148148148,0.2033333333333334,44.641481481481485,148.38111111111115,28.49037037037037,30.79037037037037,1.5218518518518522,64.15259259259257,0.001389,0.00098,0.004576,16.15111111111111,0
412,2024-01-04 08:47:49+00:00,2024-01-04 08:47:49+00:00,128.11222222222227,0.2081481481481482,44.61555555555556,142.67074074074074,28.492592592592597,30.71666666666667,1.4785185185185186,63.85666666666665,0.001352,0.001014,0.004413,16.122962962962966,0
413,2024-01-04 08:47:50+00:00,2024-01-04 08:47:50+00:00,122.95642857142856,0.2024999999999999,44.63571428571431,137.33857142857144,28.492857142857144,30.66428571428571,1.433214285714285,63.96607142857143,0.00135,0.000945,0.004413,16.142857142857164,0
414,2024-01-04 08:47:52+00:00,2024-01-04 08:47:52+00:00,113.2926923076923,0.1980769230769231,44.5453846153846,126.36615384615384,28.52423076923077,30.55230769230769,1.346923076923077,64.37307692307692,0.001323,0.000979,0.004372,16.02115384615383,0
415,2024-01-04 08:47:53+00:00,2024-01-04 08:47:53+00:00,106.1617857142857,0.1946428571428571,44.53357142857143,120.67071428571433,28.537499999999984,30.440357142857152,1.2925000000000004,64.48678571428573,0.001374,0.001012,0.004341,15.996071428571444,0
416,2024-01-04 08:47:54+00:00,2024-01-04 08:47:54+00:00,102.82178571428572,0.1892857142857142,44.52035714285714,114.6614285714286,28.53749999999999,30.44,1.2478571428571426,64.68250000000002,0.001297,0.000935,0.004299,15.982857142857153,0
417,2024-01-04 08:47:55+00:00,2024-01-04 08:47:55+00:00,97.26166666666666,0.20125,44.44333333333335,109.69083333333332,28.54958333333332,30.32875000000001,1.1970833333333333,64.44083333333334,0.001321,0.000966,0.004255,15.89375000000003,0
418,2024-01-04 08:47:57+00:00,2024-01-04 08:47:57+00:00,87.45285714285714,0.1821428571428572,44.36571428571428,98.56428571428572,28.56250000000001,30.18178571428572,1.1003571428571424,64.755,0.001279,0.000954,0.004065,15.803214285714263,0
419,2024-01-04 08:47:58+00:00,2024-01-04 08:47:58+00:00,82.43827586206893,0.1917241379310344,44.30517241379309,93.63103448275862,28.582758620689667,30.122413793103444,1.0486206896551729,64.71517241379311,0.001201,0.000916,0.003881,15.72241379310342,0
420,2024-01-04 08:47:59+00:00,2024-01-04 08:47:59+00:00,76.8862962962963,0.1785185185185186,44.2374074074074,88.64222222222227,28.59185185185187,30.0125925925926,0.9999999999999998,64.76851851851853,0.00126,0.00097,0.00391,15.645555555555523,0
421,2024-01-04 08:48:01+00:00,2024-01-04 08:48:01+00:00,67.88259259259262,0.1774074074074074,44.20518518518519,78.32074074074073,28.60814814814815,29.96222222222222,0.8992592592592593,65.10074074074073,0.001175,0.000899,0.00368,15.597037037037037,0
422,2024-01-04 08:48:02+00:00,2024-01-04 08:48:02+00:00,63.28679999999999,0.1812,44.12479999999999,73.76880000000001,28.613600000000005,29.9248,0.2980000000000001,65.04800000000002,0.001211,0.000921,0.00365,15.511199999999988,0
423,2024-01-04 08:48:03+00:00,2024-01-04 08:48:03+00:00,59.747692307692304,0.1861538461538461,44.10346153846153,69.38576923076923,28.627692307692307,29.88115384615385,0.2392307692307693,65.17961538461539,0.001154,0.000875,0.003423,15.475769230769224,0
424,2024-01-04 08:48:05+00:00,2024-01-04 08:48:05+00:00,51.86214285714285,0.1785714285714285,43.99750000000001,61.57464285714286,28.670357142857146,29.76285714285714,0.2375000000000001,65.37000000000002,0.001102,0.000858,0.003371,15.327142857142867,0
425,2024-01-04 08:48:06+00:00,2024-01-04 08:48:06+00:00,46.86758620689654,0.1744827586206896,43.96551724137933,56.72103448275863,28.656206896551712,29.71551724137933,0.2368965517241381,65.23896551724138,0.001083,0.000871,0.003227,15.309310344827612,0
426,2024-01-04 08:48:07+00:00,2024-01-04 08:48:07+00:00,43.798,0.1776,43.903200000000005,53.60680000000002,28.677599999999995,29.6468,0.2324000000000001,65.594,0.001021,0.000816,0.003077,15.22560000000001,0
427,2024-01-04 08:48:09+00:00,2024-01-04 08:48:09+00:00,38.15576923076921,0.1746153846153846,43.83730769230769,46.03346153846154,28.694615384615386,29.611538461538466,0.2315384615384616,65.74576923076923,0.001061,0.00087,0.003042,15.142692307692304,0
428,2024-01-04 08:48:10+00:00,2024-01-04 08:48:10+00:00,35.414516129032265,0.1648387096774194,43.76290322580645,43.33677419354838,28.70645161290323,29.52193548387097,0.2364516129032259,65.8958064516129,0.001053,0.000856,0.003019,15.056451612903215,0
429,2024-01-04 08:48:11+00:00,2024-01-04 08:48:11+00:00,32.35259259259259,0.1762962962962962,43.70518518518519,40.12925925925925,28.71666666666668,29.51296296296296,0.2337037037037038,65.77814814814815,0.000986,0.000803,0.002945,14.988518518518507,0
430,2024-01-04 08:48:13+00:00,2024-01-04 08:48:13+00:00,28.292380952380945,0.1685714285714285,43.60809523809523,34.92809523809525,28.7547619047619,29.42,0.2328571428571429,65.83142857142859,0.00098,0.000825,0.002844,14.853333333333332,0
431,2024-01-04 08:48:14+00:00,2024-01-04 08:48:14+00:00,25.132307692307684,0.1684615384615384,43.48846153846153,32.01692307692308,28.761538461538457,29.35615384615385,0.2338461538461538,65.87076923076923,0.001018,0.000897,0.002775,14.726923076923072,0
432,2024-01-04 08:48:15+00:00,2024-01-04 08:48:15+00:00,23.883703703703716,0.1725925925925926,43.52074074074075,31.897777777777783,28.760740740740736,29.37444444444445,0.2325925925925927,66.03851851851852,0.000972,0.00082,0.002785,14.760000000000012,0
433,2024-01-04 08:48:16+00:00,2024-01-04 08:48:16+00:00,22.26888888888889,0.1699999999999999,43.49074074074074,30.167777777777783,28.761851851851848,29.342592592592585,0.234814814814815,65.90481481481483,0.001025,0.000889,0.002789,14.728888888888893,0
434,2024-01-04 08:48:18+00:00,2024-01-04 08:48:18+00:00,19.925000000000004,0.1721428571428571,43.39821428571428,27.53821428571428,28.76357142857142,29.315357142857145,0.2300000000000001,66.15035714285713,0.00101,0.000837,0.00277,14.63464285714286,0
435,2024-01-04 08:48:19+00:00,2024-01-04 08:48:19+00:00,20.598518518518517,0.1629629629629629,43.34925925925927,26.762962962962973,28.78185185185184,29.301481481481485,0.2300000000000001,65.96074074074076,0.00099,0.000765,0.002719,14.56740740740743,0
436,2024-01-04 08:48:20+00:00,2024-01-04 08:48:20+00:00,19.59777777777778,0.1796296296296297,43.33592592592591,26.997407407407408,28.789999999999992,29.27925925925926,0.2307407407407408,66.30259259259259,0.001028,0.000838,0.002723,14.54592592592592,0
437,2024-01-04 08:48:22+00:00,2024-01-04 08:48:22+00:00,20.092500000000005,0.1667857142857143,43.20499999999999,27.175,28.798214285714277,29.27642857142857,0.2350000000000001,66.04821428571427,0.000943,0.000741,0.002746,14.406785714285718,0
438,2024-01-04 08:48:23+00:00,2024-01-04 08:48:23+00:00,20.710740740740736,0.1618518518518518,43.24,26.97074074074074,28.781851851851847,29.238518518518507,0.2303703703703705,66.00592592592595,0.00106,0.000811,0.002732,14.458148148148148,0
439,2024-01-04 08:48:24+00:00,2024-01-04 08:48:24+00:00,21.461071428571437,0.1735714285714285,43.16107142857145,28.196785714285717,28.79714285714285,29.23214285714285,0.2325000000000001,66.16392857142857,0.000972,0.000777,0.002782,14.363928571428596,0
440,2024-01-04 08:48:26+00:00,2024-01-04 08:48:26+00:00,22.63740740740741,0.1577777777777777,43.12629629629631,30.48222222222223,28.80074074074074,29.25333333333333,0.2300000000000001,65.85555555555555,0.001022,0.000871,0.002848,14.325555555555573,0
441,2024-01-04 08:48:27+00:00,2024-01-04 08:48:27+00:00,24.96653846153847,0.1757692307692307,43.182692307692335,31.820384615384604,28.81615384615385,29.30192307692309,0.2353846153846155,65.75192307692308,0.00102,0.000822,0.002875,14.36653846153849,0
442,2024-01-04 08:48:28+00:00,2024-01-04 08:48:28+00:00,26.76884615384616,0.1730769230769231,43.165,33.855384615384615,28.82346153846155,29.325384615384618,0.2392307692307693,65.99923076923079,0.00103,0.000784,0.002905,14.341538461538448,0
443,2024-01-04 08:48:30+00:00,2024-01-04 08:48:30+00:00,30.89413793103449,0.183448275862069,43.10517241379309,38.41137931034483,28.82310344827587,29.393448275862085,0.2334482758620691,65.72068965517244,0.001075,0.000852,0.002948,14.282068965517222,0
444,2024-01-04 08:48:31+00:00,2024-01-04 08:48:31+00:00,33.81814814814814,0.1614814814814814,43.1037037037037,40.77703703703705,28.85444444444445,29.41148148148148,0.2348148148148149,65.56666666666665,0.001069,0.000871,0.003024,14.24925925925925,0
445,2024-01-04 08:48:32+00:00,2024-01-04 08:48:32+00:00,36.60935483870967,0.172258064516129,43.12677419354839,43.49161290322581,28.848064516129043,29.46129032258065,0.2377419354838711,65.79290322580646,0.00107,0.000883,0.003098,14.27870967741935,0
446,2024-01-04 08:48:33+00:00,2024-01-04 08:48:33+00:00,39.43607142857143,0.1664285714285715,43.15857142857144,46.96285714285714,28.845,29.534285714285726,0.2314285714285715,65.49107142857143,0.001075,0.000849,0.003163,14.31357142857144,0
447,2024-01-04 08:48:35+00:00,2024-01-04 08:48:35+00:00,46.449666666666666,0.1833333333333333,43.083666666666666,54.33433333333334,28.857333333333333,29.575000000000003,0.2393333333333334,65.48933333333335,0.001142,0.000861,0.00332,14.226333333333333,0
448,2024-01-04 08:48:36+00:00,2024-01-04 08:48:36+00:00,49.90115384615384,0.1842307692307693,43.16769230769231,58.450769230769225,28.868076923076924,29.63615384615385,0.2365384615384616,65.34307692307692,0.00112,0.000862,0.003358,14.299615384615382,0
449,2024-01-04 08:48:37+00:00,2024-01-04 08:48:37+00:00,53.51925925925925,0.1814814814814813,43.154814814814834,62.62703703703705,28.89851851851851,29.694074074074084,0.2337037037037038,65.1851851851852,0.001286,0.000951,0.003559,14.256296296296323,0
450,2024-01-04 08:48:39+00:00,2024-01-04 08:48:39+00:00,62.21653846153846,0.19,43.134230769230776,71.02884615384617,28.897307692307685,29.80461538461537,0.233846153846154,65.17115384615384,0.001189,0.000921,0.003617,14.236923076923093,0
451,2024-01-04 08:48:40+00:00,2024-01-04 08:48:40+00:00,66.17444444444445,0.1937037037037036,43.12074074074073,75.8714814814815,28.93000000000001,29.835555555555555,0.4548148148148148,65.03407407407407,0.001209,0.000851,0.003781,14.190740740740717,0
452,2024-01-04 08:48:41+00:00,2024-01-04 08:48:41+00:00,71.41923076923077,0.18,43.14269230769232,80.09192307692305,28.931538461538448,29.942692307692298,0.7430769230769231,64.90884615384616,0.001254,0.000934,0.003826,14.211153846153866,0
453,2024-01-04 08:48:43+00:00,2024-01-04 08:48:43+00:00,80.2237931034483,0.1962068965517242,43.13896551724136,89.62103448275863,28.94965517241381,30.04379310344828,0.98,64.84068965517243,0.001356,0.000957,0.004093,14.189310344827554,0
454,2024-01-04 08:48:44+00:00,2024-01-04 08:48:44+00:00,84.85107142857146,0.1921428571428571,43.16857142857143,95.3092857142857,28.958928571428576,30.138214285714295,1.0242857142857142,64.69714285714285,0.0013,0.00097,0.004137,14.209642857142857,0
455,2024-01-04 08:48:45+00:00,2024-01-04 08:48:45+00:00,89.82791666666667,0.2070833333333333,43.14333333333334,100.40458333333332,28.95583333333333,30.15791666666668,1.0770833333333336,64.76833333333333,0.001343,0.000981,0.004152,14.187500000000004,0
456,2024-01-04 08:48:47+00:00,2024-01-04 08:48:47+00:00,99.42319999999997,0.204,43.153200000000005,110.84280000000004,28.97720000000001,30.356799999999996,1.1672000000000002,64.09720000000002,0.001389,0.000972,0.004339,14.175999999999997,0
457,2024-01-04 08:48:48+00:00,2024-01-04 08:48:48+00:00,105.82642857142854,0.1824999999999999,43.18714285714287,116.10821428571428,28.981785714285728,30.45035714285714,1.2221428571428572,64.29249999999998,0.001427,0.000975,0.004493,14.20535714285714,0
458,2024-01-04 08:48:49+00:00,2024-01-04 08:48:49+00:00,109.77600000000004,0.1953333333333333,43.18966666666668,121.65799999999996,28.975666666666672,30.506333333333323,1.266333333333333,64.34433333333331,0.001463,0.00096,0.004648,14.214000000000002,0
459,2024-01-04 08:48:51+00:00,2024-01-04 08:48:51+00:00,120.23925925925931,0.1962962962962963,43.22000000000001,133.43222222222224,29.0137037037037,30.62999999999999,1.3644444444444446,63.9451851851852,0.001504,0.00099,0.004779,14.206296296296312,0
460,2024-01-04 08:48:52+00:00,2024-01-04 08:48:52+00:00,124.75919999999996,0.1964,43.2764,138.15279999999998,29.017199999999992,30.8244,1.4044,63.967200000000005,0.001497,0.000984,0.00484,14.259200000000003,0
461,2024-01-04 08:48:53+00:00,2024-01-04 08:48:53+00:00,131.34833333333333,0.1903333333333333,43.22266666666666,143.98133333333334,29.043666666666653,30.861000000000008,1.4466666666666663,63.524,0.001442,0.00102,0.004764,14.17900000000001,0
462,2024-01-04 08:48:54+00:00,2024-01-04 08:48:54+00:00,136.84925925925924,0.2085185185185185,43.27777777777778,149.9833333333333,29.0411111111111,30.967037037037034,1.5037037037037049,63.84444444444442,0.001408,0.000958,0.004736,14.23666666666668,0
463,2024-01-04 08:48:56+00:00,2024-01-04 08:48:56+00:00,146.6148275862069,0.2251724137931034,43.35206896551723,160.90034482758622,29.062758620689667,31.132068965517245,1.5913793103448284,63.54379310344827,0.001441,0.000972,0.004834,14.289310344827566,0
464,2024-01-04 08:48:57+00:00,2024-01-04 08:48:57+00:00,151.58615384615382,0.2080769230769232,43.36384615384615,166.33307692307693,29.05038461538462,31.19346153846153,1.644230769230769,63.55692307692308,0.001504,0.001002,0.005064,14.313461538461528,0
465,2024-01-04 08:48:58+00:00,2024-01-04 08:48:58+00:00,155.7927586206897,0.2144827586206897,43.38413793103447,171.30965517241376,29.08344827586207,31.252413793103443,1.6889655172413804,63.3951724137931,0.001543,0.000966,0.005368,14.300689655172402,0
466,2024-01-04 08:49:00+00:00,2024-01-04 08:49:00+00:00,167.0924137931034,0.2127586206896552,43.50275862068966,181.2720689655173,29.10758620689656,31.4748275862069,1.7834482758620689,63.107931034482746,0.001554,0.000996,0.005432,14.395172413793103,0
467,2024-01-04 08:49:01+00:00,2024-01-04 08:49:01+00:00,170.85750000000004,0.2125,43.54000000000001,185.6995833333334,29.11625,31.545416666666664,1.8220833333333335,63.09041666666666,0.001632,0.000998,0.005711,14.423750000000016,0
468,2024-01-04 08:49:02+00:00,2024-01-04 08:49:02+00:00,174.87346153846158,0.2323076923076923,43.50038461538462,190.0661538461538,29.13923076923076,31.558461538461536,1.867692307692308,62.94269230769232,0.001699,0.00101,0.005852,14.361153846153858,0
469,2024-01-04 08:49:04+00:00,2024-01-04 08:49:04+00:00,183.7629629629629,0.2244444444444445,43.65296296296296,199.4188888888889,29.134444444444444,31.73074074074074,1.9659259259259256,62.5948148148148,0.001735,0.001035,0.006044,14.518518518518515,0
470,2024-01-04 08:49:05+00:00,2024-01-04 08:49:05+00:00,186.78259259259252,0.2292592592592592,43.70296296296298,202.51555555555555,29.136666666666656,31.793703703703702,2.0140740740740743,62.70888888888887,0.001769,0.001027,0.006132,14.566296296296322,0
471,2024-01-04 08:49:06+00:00,2024-01-04 08:49:06+00:00,189.73,0.2261538461538462,43.77384615384616,206.73,29.15653846153845,31.90192307692309,2.066153846153846,62.98346153846155,0.001835,0.001053,0.006368,14.617307692307708,0
472,2024-01-04 08:49:08+00:00,2024-01-04 08:49:08+00:00,197.01785714285717,0.2332142857142857,43.89928571428573,214.05392857142857,29.191785714285736,32.02678571428571,2.1496428571428567,62.467857142857135,0.001815,0.001036,0.006413,14.707499999999996,0
473,2024-01-04 08:49:09+00:00,2024-01-04 08:49:09+00:00,200.585,0.2311538461538463,43.94576923076924,217.5438461538461,29.186538461538472,32.065384615384616,2.195769230769231,62.61346153846154,0.001896,0.001089,0.006535,14.759230769230763,0
474,2024-01-04 08:49:10+00:00,2024-01-04 08:49:10+00:00,203.6944444444444,0.2351851851851852,44.01962962962962,221.0022222222221,29.18925925925926,32.1311111111111,2.228148148148149,62.47074074074076,0.001918,0.001076,0.006688,14.83037037037036,0
475,2024-01-04 08:49:11+00:00,2024-01-04 08:49:11+00:00,207.3875,0.2260714285714285,44.0525,223.4607142857142,29.201785714285723,32.192142857142855,2.268571428571429,62.15321428571429,0.001915,0.001041,0.006743,14.850714285714272,0
476,2024-01-04 08:49:13+00:00,2024-01-04 08:49:13+00:00,210.33740740740737,0.2440740740740741,44.1611111111111,228.49222222222213,29.22851851851852,32.27148148148147,2.3377777777777777,62.40518518518519,0.001953,0.001071,0.006781,14.932592592592576,0
477,2024-01-04 08:49:14+00:00,2024-01-04 08:49:14+00:00,212.29137931034475,0.2331034482758621,44.23344827586205,230.2337931034483,29.243793103448283,32.34620689655173,2.363793103448275,62.10620689655173,0.001966,0.001073,0.006843,14.98965517241377,0
478,2024-01-04 08:49:18+00:00,2024-01-04 08:49:18+00:00,217.88153846153855,0.2234615384615384,44.48615384615384,235.87846153846152,29.268846153846145,32.49307692307693,2.470384615384615,62.00730769230768,0.001996,0.00102,0.00704,15.217307692307696,0
479,2024-01-04 08:49:22+00:00,2024-01-04 08:49:22+00:00,218.48310344827587,0.230344827586207,44.79586206896551,236.72931034482755,29.31206896551725,32.59275862068965,2.489310344827587,62.27758620689655,0.001987,0.00104,0.007041,15.483793103448257,0
480,2024-01-04 08:49:23+00:00,2024-01-04 08:49:23+00:00,218.73466666666675,0.237,44.89500000000002,237.21633333333327,29.32000000000001,32.61266666666667,2.502666666666666,62.04633333333333,0.001969,0.001067,0.006977,15.575000000000005,0
481,2024-01-04 08:49:25+00:00,2024-01-04 08:49:25+00:00,216.55307692307684,0.2430769230769232,45.023076923076914,235.46961538461545,29.30615384615383,32.6146153846154,2.4853846153846137,62.39192307692307,0.001901,0.001054,0.006878,15.716923076923084,0
482,2024-01-04 08:49:26+00:00,2024-01-04 08:49:26+00:00,216.6575,0.2275,45.01285714285716,234.23857142857145,29.33571428571429,32.60892857142857,2.470357142857143,62.02607142857143,0.001946,0.001058,0.006887,15.677142857142869,0
483,2024-01-04 08:49:27+00:00,2024-01-04 08:49:27+00:00,214.59880000000004,0.2404,45.1232,232.33880000000008,29.33240000000001,32.63759999999999,2.4508,62.2972,0.001898,0.001084,0.006787,15.790799999999988,0
484,2024-01-04 08:49:29+00:00,2024-01-04 08:49:29+00:00,210.6058064516129,0.237741935483871,45.23612903225808,228.2709677419354,29.35,32.62774193548388,2.394193548387096,62.37032258064519,0.001841,0.001029,0.006688,15.886129032258076,0
485,2024-01-04 08:49:30+00:00,2024-01-04 08:49:30+00:00,208.33407407407407,0.2544444444444443,45.275925925925904,226.84888888888884,29.3625925925926,32.62555555555556,2.3596296296296297,62.7062962962963,0.001852,0.001093,0.006585,15.913333333333306,0
486,2024-01-04 08:49:31+00:00,2024-01-04 08:49:31+00:00,205.895925925926,0.2255555555555556,45.28592592592593,222.89592592592587,29.38333333333333,32.5662962962963,2.3259259259259264,62.33037037037035,0.001851,0.00104,0.006548,15.902592592592605,0
487,2024-01-04 08:49:32+00:00,2024-01-04 08:49:32+00:00,202.97814814814825,0.2414814814814814,45.36481481481482,221.09111111111116,29.389629629629628,32.598518518518524,2.298518518518518,62.56666666666667,0.001798,0.00104,0.00642,15.975185185185191,0
488,2024-01-04 08:49:34+00:00,2024-01-04 08:49:34+00:00,196.3485185185185,0.2425925925925927,45.457777777777785,214.50111111111116,29.4074074074074,32.523703703703696,2.2062962962962964,62.9037037037037,0.001784,0.00106,0.006275,16.050370370370388,0
489,2024-01-04 08:49:35+00:00,2024-01-04 08:49:35+00:00,193.57172413793103,0.2179310344827586,45.44551724137931,210.3293103448277,29.40827586206895,32.503793103448274,2.16655172413793,62.6003448275862,0.001735,0.001007,0.006232,16.037241379310355,0
490,2024-01-04 08:49:36+00:00,2024-01-04 08:49:36+00:00,189.86961538461537,0.2234615384615385,45.49230769230769,206.78961538461533,29.41461538461538,32.47884615384615,2.123076923076923,63.12423076923076,0.001698,0.00101,0.005997,16.07769230769231,0
491,2024-01-04 08:49:38+00:00,2024-01-04 08:49:38+00:00,181.2167741935484,0.2138709677419354,45.48806451612904,198.06129032258056,29.446451612903235,32.35096774193547,2.0180645161290323,62.94774193548387,0.001703,0.001017,0.005948,16.041612903225808,0
492,2024-01-04 08:49:39+00:00,2024-01-04 08:49:39+00:00,177.87439999999995,0.2152,45.474,193.57800000000003,29.452800000000007,32.322,1.9808,63.162000000000006,0.001641,0.001031,0.005732,16.02119999999999,0
493,2024-01-04 08:49:40+00:00,2024-01-04 08:49:40+00:00,173.5355555555556,0.2133333333333332,45.48296296296295,188.9788888888889,29.469259259259275,32.30074074074073,1.9318518518518517,63.159629629629634,0.001557,0.001005,0.005523,16.013703703703676,0
494,2024-01-04 08:49:42+00:00,2024-01-04 08:49:42+00:00,163.86142857142858,0.2096428571428572,45.50857142857143,179.0603571428571,29.47714285714287,32.193928571428565,1.8364285714285715,63.15678571428572,0.001571,0.001014,0.005486,16.03142857142856,0
495,2024-01-04 08:49:43+00:00,2024-01-04 08:49:43+00:00,158.31538461538463,0.2203846153846154,45.49615384615384,174.96499999999995,29.48269230769232,32.12192307692308,1.7923076923076933,63.67038461538463,0.001496,0.001008,0.005219,16.01346153846152,0
496,2024-01-04 08:49:44+00:00,2024-01-04 08:49:44+00:00,154.44730769230767,0.2161538461538462,45.47846153846155,170.2265384615384,29.505769230769225,32.073076923076925,1.7430769230769223,63.36,0.001498,0.000966,0.00497,15.972692307692329,0
497,2024-01-04 08:49:46+00:00,2024-01-04 08:49:46+00:00,144.84137931034485,0.22,45.50241379310346,158.92517241379306,29.528620689655163,31.97655172413793,1.6510344827586212,63.86689655172412,0.001389,0.000973,0.004799,15.973793103448294,0
498,2024-01-04 08:49:47+00:00,2024-01-04 08:49:47+00:00,139.60000000000005,0.2024,45.4884,153.90799999999996,29.5312,31.907200000000003,1.6072000000000002,63.51120000000001,0.001361,0.000986,0.004715,15.9572,0
499,2024-01-04 08:49:48+00:00,2024-01-04 08:49:48+00:00,133.0403333333333,0.2063333333333334,45.45333333333336,148.03133333333332,29.53199999999999,31.798666666666676,1.5590000000000002,63.74033333333332,0.001379,0.000968,0.004586,15.921333333333363,0
500,2024-01-04 08:49:49+00:00,2024-01-04 08:49:49+00:00,128.34840000000003,0.2035999999999999,45.44999999999999,143.14320000000006,29.533199999999987,31.781600000000008,1.5108,64.0772,0.001341,0.001036,0.004558,15.916800000000002,0
501,2024-01-04 08:49:51+00:00,2024-01-04 08:49:51+00:00,118.9933333333333,0.2033333333333334,45.42466666666668,132.07866666666666,29.544999999999995,31.661666666666665,1.4266666666666663,64.253,0.001337,0.000974,0.004523,15.879666666666688,0
502,2024-01-04 08:49:52+00:00,2024-01-04 08:49:52+00:00,113.93249999999998,0.1946428571428571,45.32357142857142,126.27892857142857,29.554999999999986,31.57642857142857,1.3771428571428572,64.41642857142857,0.001327,0.001011,0.004419,15.768571428571438,0
503,2024-01-04 08:49:53+00:00,2024-01-04 08:49:53+00:00,107.44846153846152,0.1923076923076924,45.2726923076923,120.60076923076925,29.55730769230768,31.49346153846153,1.3307692307692305,64.41576923076924,0.001349,0.001004,0.004374,15.715384615384622,0
504,2024-01-04 08:49:55+00:00,2024-01-04 08:49:55+00:00,97.68777777777775,0.1814814814814815,45.21037037037037,109.7255555555556,29.564814814814824,31.35666666666666,1.2348148148148146,64.62703703703703,0.001351,0.000981,0.004372,15.645555555555546,0
505,2024-01-04 08:49:56+00:00,2024-01-04 08:49:56+00:00,92.9096153846154,0.1950000000000001,45.21269230769232,104.63153846153844,29.560769230769225,31.283076923076926,1.1842307692307694,64.85499999999999,0.001333,0.000976,0.00419,15.65192307692309,0
506,2024-01-04 08:49:57+00:00,2024-01-04 08:49:57+00:00,87.03185185185187,0.1903703703703703,45.143703703703714,99.18814814814816,29.577407407407414,31.214814814814822,1.1292592592592592,64.57407407407409,0.0013,0.000967,0.004056,15.5662962962963,0
507,2024-01-04 08:49:59+00:00,2024-01-04 08:49:59+00:00,77.83615384615383,0.1857692307692307,45.06346153846153,89.29846153846157,29.58807692307693,31.12461538461539,1.0330769230769232,64.69076923076923,0.001228,0.000892,0.003986,15.475384615384602,0
508,2024-01-04 08:50:00+00:00,2024-01-04 08:50:00+00:00,73.22111111111113,0.174074074074074,45.02518518518518,83.80703703703703,29.590000000000007,31.04296296296296,0.9811111111111112,64.77111111111111,0.001232,0.000948,0.00385,15.435185185185173,0
509,2024-01-04 08:50:01+00:00,2024-01-04 08:50:01+00:00,68.87384615384613,0.1865384615384615,44.96038461538462,78.79076923076924,29.60653846153846,30.982692307692325,0.9350000000000004,65.22923076923077,0.001165,0.000892,0.003692,15.35384615384616,0
510,2024-01-04 08:50:03+00:00,2024-01-04 08:50:03+00:00,60.105925925925945,0.1748148148148148,44.84555555555558,69.75666666666667,29.624814814814812,30.83074074074074,0.2592592592592593,65.25555555555556,0.001172,0.0009,0.003602,15.220740740740762,0
511,2024-01-04 08:50:04+00:00,2024-01-04 08:50:04+00:00,55.78214285714285,0.1739285714285714,44.83785714285714,64.55714285714288,29.6225,30.797499999999992,0.2400000000000001,65.46535714285714,0.001118,0.000864,0.00343,15.215357142857137,0
512,2024-01-04 08:50:05+00:00,2024-01-04 08:50:05+00:00,51.7984,0.1735999999999999,44.75120000000001,60.5952,29.6232,30.775199999999995,0.2400000000000001,65.57199999999999,0.001096,0.000887,0.003295,15.128000000000014,0
513,2024-01-04 08:50:07+00:00,2024-01-04 08:50:07+00:00,45.04642857142857,0.1825,44.65285714285714,54.26321428571431,29.65857142857141,30.630357142857143,0.2382142857142858,65.74642857142855,0.001021,0.000799,0.00317,14.99428571428573,0
514,2024-01-04 08:50:08+00:00,2024-01-04 08:50:08+00:00,41.971428571428575,0.1696428571428571,44.618214285714274,49.28857142857142,29.665714285714284,30.62357142857143,0.2428571428571429,65.72464285714284,0.001073,0.00083,0.003098,14.95249999999999,0
515,2024-01-04 08:50:09+00:00,2024-01-04 08:50:09+00:00,38.29208333333334,0.19375,44.54916666666666,46.605,29.680833333333325,30.54416666666666,0.2404166666666668,66.01124999999998,0.001004,0.000833,0.003028,14.868333333333332,0
516,2024-01-04 08:50:10+00:00,2024-01-04 08:50:10+00:00,35.64269230769231,0.1769230769230769,44.54923076923077,43.56884615384615,29.67230769230768,30.53346153846153,0.241923076923077,65.9073076923077,0.001042,0.000852,0.002963,14.876923076923088,0
517,2024-01-04 08:50:12+00:00,2024-01-04 08:50:12+00:00,30.10115384615385,0.1753846153846154,44.380769230769225,38.07384615384616,29.7096153846154,30.41884615384615,0.2400000000000001,65.93384615384613,0.001027,0.000797,0.002923,14.671153846153825,0
518,2024-01-04 08:50:13+00:00,2024-01-04 08:50:13+00:00,27.974800000000005,0.1712,44.3256,35.6364,29.70640000000001,30.39399999999999,0.2400000000000001,66.20320000000001,0.001047,0.000848,0.002849,14.619199999999992,0
519,2024-01-04 08:50:14+00:00,2024-01-04 08:50:14+00:00,26.447692307692307,0.1676923076923077,44.293461538461536,33.13423076923077,29.70923076923078,30.415769230769232,0.2415384615384616,65.89884615384615,0.001037,0.000841,0.002851,14.584230769230755,0
520,2024-01-04 08:50:16+00:00,2024-01-04 08:50:16+00:00,23.20785714285714,0.1667857142857143,44.215,29.613928571428577,29.76321428571428,30.34285714285715,0.2400000000000001,66.04392857142857,0.000997,0.000771,0.002808,14.45178571428572,0
521,2024-01-04 08:50:17+00:00,2024-01-04 08:50:17+00:00,21.88678571428571,0.1810714285714286,44.15250000000002,28.75,29.77571428571428,30.35357142857145,0.2400000000000001,66.07964285714287,0.000998,0.000834,0.00277,14.376785714285742,0
522,2024-01-04 08:50:18+00:00,2024-01-04 08:50:18+00:00,20.175185185185185,0.167037037037037,44.09481481481483,27.32444444444445,29.771111111111107,30.327407407407417,0.2400000000000001,66.1562962962963,0.001002,0.00079,0.002737,14.323703703703725,0
523,2024-01-04 08:50:20+00:00,2024-01-04 08:50:20+00:00,19.700740740740734,0.1648148148148147,44.06,26.02962962962963,29.800370370370363,30.317777777777785,0.2396296296296297,66.0251851851852,0.001067,0.000778,0.002728,14.259629629629632,0
524,2024-01-04 08:50:21+00:00,2024-01-04 08:50:21+00:00,19.827500000000004,0.1632142857142857,44.03499999999999,25.720714285714287,29.78607142857141,30.31785714285713,0.2400000000000001,66.03178571428572,0.001035,0.000865,0.002746,14.248928571428577,0
525,2024-01-04 08:50:22+00:00,2024-01-04 08:50:22+00:00,20.205185185185183,0.1703703703703704,43.99037037037038,26.607407407407404,29.809999999999995,30.28296296296296,0.2400000000000001,66.23296296296297,0.000992,0.000854,0.002726,14.180370370370383,0
526,2024-01-04 08:50:24+00:00,2024-01-04 08:50:24+00:00,21.450000000000006,0.1667857142857142,43.95642857142859,27.736071428571424,29.83750000000001,30.32892857142858,0.2414285714285715,65.97214285714283,0.001073,0.000827,0.002762,14.11892857142858,0
527,2024-01-04 08:50:25+00:00,2024-01-04 08:50:25+00:00,21.705000000000005,0.1717857142857143,43.97714285714287,28.236071428571424,29.83000000000001,30.32892857142857,0.2400000000000001,65.98500000000001,0.00104,0.000858,0.002814,14.147142857142864,0
528,2024-01-04 08:50:26+00:00,2024-01-04 08:50:26+00:00,23.38500000000001,0.1646666666666667,43.930000000000014,29.85766666666666,29.835666666666675,30.322666666666677,0.2426666666666667,65.919,0.001028,0.00079,0.002848,14.094333333333338,0
529,2024-01-04 08:50:28+00:00,2024-01-04 08:50:28+00:00,25.90225806451614,0.1651612903225806,43.94387096774194,33.313870967741934,29.844516129032264,30.401612903225807,0.2416129032258065,65.88129032258067,0.001042,0.000877,0.002921,14.099354838709672,0
530,2024-01-04 08:50:29+00:00,2024-01-04 08:50:29+00:00,28.527586206896554,0.1610344827586206,43.85620689655172,35.34379310344828,29.87034482758621,30.40896551724138,0.2410344827586208,65.69827586206895,0.001038,0.000829,0.002942,13.98586206896551,0
531,2024-01-04 08:50:30+00:00,2024-01-04 08:50:30+00:00,30.14,0.1762962962962964,43.87851851851851,37.85740740740741,29.877037037037034,30.4125925925926,0.2418518518518519,65.8114814814815,0.001034,0.000816,0.002983,14.001481481481475,0
532,2024-01-04 08:50:31+00:00,2024-01-04 08:50:31+00:00,33.09035714285714,0.1814285714285714,43.90321428571429,40.7325,29.88035714285714,30.469642857142865,0.245,65.9382142857143,0.001087,0.000862,0.003103,14.022857142857152,0
533,2024-01-04 08:50:33+00:00,2024-01-04 08:50:33+00:00,38.4372,0.1624,43.9048,45.93000000000001,29.897199999999994,30.5612,0.2472,65.36320000000002,0.001128,0.000893,0.003135,14.0076,0
534,2024-01-04 08:50:34+00:00,2024-01-04 08:50:34+00:00,41.85444444444445,0.1785185185185186,43.88777777777778,49.891481481481485,29.91037037037038,30.60148148148148,0.2418518518518519,65.51370370370371,0.001116,0.00088,0.003206,13.977407407407398,0
535,2024-01-04 08:50:35+00:00,2024-01-04 08:50:35+00:00,46.1848275862069,0.1713793103448276,43.89034482758622,53.90931034482758,29.9158620689655,30.607931034482757,0.2444827586206897,65.12689655172414,0.001125,0.000853,0.003359,13.97448275862072,0
536,2024-01-04 08:50:37+00:00,2024-01-04 08:50:37+00:00,53.24321428571428,0.1710714285714285,43.881071428571445,61.38857142857143,29.93928571428573,30.762857142857133,0.2485714285714285,65.1364285714286,0.001222,0.000946,0.003465,13.941785714285713,0
537,2024-01-04 08:50:38+00:00,2024-01-04 08:50:38+00:00,57.69666666666668,0.1775757575757575,43.89606060606061,65.32030303030307,29.962424242424262,30.784242424242425,0.2496969696969697,65.09606060606062,0.00118,0.000916,0.003546,13.933636363636346,0
538,2024-01-04 08:50:39+00:00,2024-01-04 08:50:39+00:00,61.46538461538463,0.163076923076923,43.92807692307692,69.61269230769231,29.95269230769232,30.86038461538463,0.2546153846153846,65.04461538461538,0.001237,0.000869,0.00376,13.975384615384597,0
539,2024-01-04 08:50:41+00:00,2024-01-04 08:50:41+00:00,69.74500000000002,0.1886666666666666,43.91,78.70900000000002,29.99000000000001,30.982999999999997,0.8773333333333334,65.11566666666664,0.001237,0.000939,0.003735,13.919999999999998,0
540,2024-01-04 08:50:42+00:00,2024-01-04 08:50:42+00:00,74.38133333333333,0.189,43.93866666666669,84.01266666666666,29.98766666666668,31.056,0.9569999999999996,64.98366666666668,0.001305,0.000938,0.004007,13.951000000000016,0
541,2024-01-04 08:50:43+00:00,2024-01-04 08:50:43+00:00,78.88666666666667,0.194074074074074,43.91370370370372,89.75740740740741,29.995925925925924,31.093333333333334,1.0011111111111115,64.92296296296298,0.001244,0.000947,0.003965,13.917777777777792,0
542,2024-01-04 08:50:45+00:00,2024-01-04 08:50:45+00:00,88.90827586206898,0.1879310344827586,43.91896551724138,98.97344827586204,30.009655172413783,31.241034482758625,1.0979310344827586,64.65448275862067,0.001328,0.000983,0.004104,13.9093103448276,0
543,2024-01-04 08:50:46+00:00,2024-01-04 08:50:46+00:00,93.85296296296296,0.1933333333333333,43.94074074074075,105.13629629629632,30.012592592592583,31.337407407407397,1.1548148148148154,64.43037037037038,0.001304,0.000918,0.004298,13.928148148148164,0
544,2024-01-04 08:50:47+00:00,2024-01-04 08:50:47+00:00,99.84172413793102,0.1882758620689656,43.922413793103445,110.31241379310345,30.0258620689655,31.38310344827586,1.2048275862068965,64.21586206896552,0.001335,0.000987,0.004308,13.896551724137948,0
545,2024-01-04 08:50:48+00:00,2024-01-04 08:50:48+00:00,104.1453846153846,0.1876923076923076,43.93576923076924,114.89653846153844,30.03923076923077,31.49615384615385,1.2484615384615387,64.4953846153846,0.001316,0.00097,0.004338,13.89653846153847,0
546,2024-01-04 08:50:50+00:00,2024-01-04 08:50:50+00:00,115.74961538461538,0.205,43.94923076923077,126.27576923076926,30.05076923076924,31.634999999999994,1.3473076923076923,64.06961538461539,0.001347,0.000997,0.004442,13.898461538461536,0
547,2024-01-04 08:50:51+00:00,2024-01-04 08:50:51+00:00,118.6725925925926,0.1896296296296296,43.95777777777777,131.02666666666667,30.05444444444444,31.7248148148148,1.385185185185185,63.96444444444445,0.001372,0.000978,0.004545,13.903333333333332,0
548,2024-01-04 08:50:52+00:00,2024-01-04 08:50:52+00:00,124.83714285714288,0.2117857142857142,43.97250000000001,137.04321428571427,30.05071428571427,31.774285714285707,1.4339285714285717,64.0225,0.001421,0.001012,0.004605,13.92178571428574,0
549,2024-01-04 08:50:54+00:00,2024-01-04 08:50:54+00:00,134.8324137931034,0.206551724137931,44.008965517241386,148.4320689655173,30.08137931034484,31.93586206896552,1.5293103448275862,63.69448275862069,0.00142,0.001004,0.004583,13.92758620689655,0
550,2024-01-04 08:50:55+00:00,2024-01-04 08:50:55+00:00,140.85555555555553,0.1977777777777778,44.02703703703703,153.30703703703705,30.090000000000003,32.02666666666668,1.5755555555555558,63.24185185185186,0.001428,0.000984,0.004712,13.937037037037022,0
551,2024-01-04 08:50:56+00:00,2024-01-04 08:50:56+00:00,144.98107142857145,0.2046428571428571,44.08285714285713,158.51928571428576,30.111785714285723,32.145714285714284,1.6267857142857145,63.55892857142858,0.001444,0.00099,0.004932,13.971071428571406,0
552,2024-01-04 08:50:58+00:00,2024-01-04 08:50:58+00:00,155.12481481481478,0.2122222222222222,44.12370370370371,169.58962962962966,30.11074074074074,32.28703703703703,1.7214814814814816,63.56111111111112,0.001518,0.000966,0.005227,14.01296296296297,0
553,2024-01-04 08:50:59+00:00,2024-01-04 08:50:59+00:00,160.53199999999998,0.1928,44.1516,174.15479999999997,30.13999999999999,32.3784,1.7783999999999995,63.07600000000002,0.001601,0.001041,0.005314,14.011600000000012,0
554,2024-01-04 08:51:00+00:00,2024-01-04 08:51:00+00:00,165.36857142857144,0.23,44.209642857142846,179.95071428571427,30.144642857142845,32.46357142857142,1.8225,63.29964285714285,0.001572,0.001034,0.005451,14.065,0
555,2024-01-04 08:51:02+00:00,2024-01-04 08:51:02+00:00,174.54037037037034,0.2255555555555555,44.26592592592591,189.5503703703704,30.139259259259248,32.59555555555556,1.923703703703704,62.9637037037037,0.001673,0.001019,0.005748,14.126666666666663,0
556,2024-01-04 08:51:03+00:00,2024-01-04 08:51:03+00:00,178.06428571428577,0.2278571428571429,44.28642857142855,193.05642857142857,30.149999999999984,32.67357142857144,1.969285714285714,63.13607142857143,0.00169,0.001062,0.005809,14.136428571428567,0
557,2024-01-04 08:51:04+00:00,2024-01-04 08:51:04+00:00,181.78080000000003,0.2187999999999999,44.35560000000001,198.022,30.1684,32.74,2.0156,62.72439999999999,0.001769,0.001078,0.006077,14.187200000000011,0
558,2024-01-04 08:51:06+00:00,2024-01-04 08:51:06+00:00,191.3155555555556,0.2185185185185185,44.46444444444446,206.12925925925933,30.167037037037037,32.870370370370374,2.1166666666666667,62.579999999999984,0.001733,0.001055,0.006073,14.297407407407428,0
559,2024-01-04 08:51:07+00:00,2024-01-04 08:51:07+00:00,192.9796428571429,0.2132142857142857,44.49392857142856,209.2507142857144,30.162499999999987,32.93857142857143,2.1575,62.58892857142855,0.00183,0.001083,0.006322,14.331428571428567,0
560,2024-01-04 08:51:08+00:00,2024-01-04 08:51:08+00:00,196.07769230769236,0.2353846153846154,44.56115384615384,213.5534615384615,30.176538461538467,32.97307692307691,2.2038461538461536,62.647307692307706,0.001835,0.00107,0.006348,14.384615384615367,0
561,2024-01-04 08:51:09+00:00,2024-01-04 08:51:09+00:00,200.2368965517242,0.2282758620689656,44.614827586206914,216.99379310344824,30.19758620689657,33.07655172413792,2.2455172413793103,62.623793103448286,0.00188,0.001114,0.006485,14.417241379310344,0
562,2024-01-04 08:51:11+00:00,2024-01-04 08:51:11+00:00,205.74379310344824,0.2237931034482758,44.75068965517242,222.45793103448275,30.199655172413813,33.200344827586214,2.318620689655172,62.3544827586207,0.001895,0.001066,0.006631,14.55103448275861,0
563,2024-01-04 08:51:12+00:00,2024-01-04 08:51:12+00:00,208.2259259259259,0.2303703703703703,44.820740740740746,225.15740740740736,30.226666666666663,33.21555555555555,2.353333333333333,61.94333333333333,0.001942,0.001131,0.006709,14.594074074074085,0
564,2024-01-04 08:51:13+00:00,2024-01-04 08:51:13+00:00,210.7917857142857,0.2346428571428571,44.88428571428572,228.27571428571423,30.22607142857144,33.307142857142864,2.393214285714285,62.25392857142858,0.001934,0.001072,0.006761,14.658214285714276,0
565,2024-01-04 08:51:15+00:00,2024-01-04 08:51:15+00:00,215.34962962962965,0.2355555555555557,45.0348148148148,231.9962962962963,30.24851851851852,33.38111111111111,2.454814814814815,62.40925925925925,0.001994,0.001058,0.006847,14.786296296296278,0
566,2024-01-04 08:51:16+00:00,2024-01-04 08:51:16+00:00,214.51111111111103,0.2296296296296297,45.10962962962961,232.72000000000008,30.244074074074074,33.42074074074075,2.47037037037037,62.035185185185206,0.001934,0.001019,0.006883,14.865555555555536,0
567,2024-01-04 08:51:17+00:00,2024-01-04 08:51:17+00:00,216.4583870967743,0.2361290322580646,45.17709677419355,234.99129032258065,30.251290322580644,33.486774193548385,2.5025806451612898,62.05516129032259,0.001956,0.001101,0.006898,14.925806451612909,0
568,2024-01-04 08:51:19+00:00,2024-01-04 08:51:19+00:00,219.31615384615387,0.2403846153846154,45.28923076923078,236.4584615384616,30.27730769230768,33.502307692307696,2.534615384615385,61.87076923076924,0.001919,0.001036,0.006846,15.011923076923097,0
569,2024-01-04 08:51:20+00:00,2024-01-04 08:51:20+00:00,218.8999999999999,0.23,45.41428571428575,237.2778571428571,30.25928571428571,33.552499999999995,2.5485714285714285,61.78571428571428,0.001916,0.001081,0.006882,15.155000000000037,0
570,2024-01-04 08:51:21+00:00,2024-01-04 08:51:21+00:00,219.11629629629627,0.2385185185185186,45.49333333333334,237.51666666666668,30.26518518518517,33.58962962962963,2.5607407407407403,62.198148148148135,0.00191,0.001064,0.006914,15.228148148148165,0
571,2024-01-04 08:51:23+00:00,2024-01-04 08:51:23+00:00,219.5906896551724,0.2444827586206897,45.58344827586205,236.92413793103444,30.26689655172413,33.57,2.552758620689654,61.99931034482759,0.001914,0.001053,0.006898,15.316551724137916,0
572,2024-01-04 08:51:24+00:00,2024-01-04 08:51:24+00:00,218.8238461538461,0.2230769230769231,45.64807692307692,235.85038461538463,30.26923076923076,33.60230769230769,2.547307692307692,62.08730769230768,0.001896,0.001071,0.006825,15.378846153846164,0
573,2024-01-04 08:51:25+00:00,2024-01-04 08:51:25+00:00,216.77925925925925,0.2251851851851852,45.70296296296296,234.82222222222228,30.29888888888888,33.54333333333333,2.531481481481483,61.85444444444445,0.001909,0.001144,0.00683,15.404074074074078,0
574,2024-01-04 08:51:26+00:00,2024-01-04 08:51:26+00:00,215.3868965517241,0.2327586206896552,45.76896551724138,233.4344827586207,30.293103448275847,33.54379310344828,2.5079310344827577,61.93724137931036,0.0019,0.001079,0.006779,15.475862068965537,0
575,2024-01-04 08:51:28+00:00,2024-01-04 08:51:28+00:00,211.93892857142856,0.2253571428571429,45.915000000000006,230.0771428571429,30.29749999999998,33.61,2.458928571428572,62.18428571428571,0.001882,0.001068,0.006679,15.617500000000025,0
576,2024-01-04 08:51:29+00:00,2024-01-04 08:51:29+00:00,210.0834482758621,0.2306896551724138,45.95206896551725,228.3903448275862,30.296551724137927,33.56517241379311,2.435862068965517,62.38689655172413,0.001864,0.001025,0.006576,15.655517241379322,0
577,2024-01-04 08:51:30+00:00,2024-01-04 08:51:30+00:00,207.8465517241379,0.2220689655172415,46.02862068965516,226.43413793103448,30.291724137931016,33.54689655172412,2.4203448275862067,62.41724137931037,0.001813,0.00101,0.00655,15.736896551724149,0
578,2024-01-04 08:51:32+00:00,2024-01-04 08:51:32+00:00,204.0512,0.2280000000000001,46.0904,221.2352,30.306399999999982,33.505599999999994,2.3431999999999995,62.24839999999999,0.001864,0.001071,0.006471,15.78400000000002,0
579,2024-01-04 08:51:33+00:00,2024-01-04 08:51:33+00:00,199.9009375,0.2218750000000001,46.146562500000016,217.11593749999992,30.324687500000003,33.5015625,2.2906250000000004,62.5209375,0.001797,0.001068,0.006374,15.821875000000013,0
580,2024-01-04 08:51:34+00:00,2024-01-04 08:51:34+00:00,196.99857142857132,0.23,46.18035714285717,214.96821428571425,30.319285714285712,33.45,2.260357142857143,62.75964285714284,0.00175,0.001071,0.006259,15.861071428571456,0
581,2024-01-04 08:51:36+00:00,2024-01-04 08:51:36+00:00,191.2331034482758,0.223448275862069,46.218620689655175,207.16413793103453,30.319310344827574,33.35551724137931,2.163448275862069,62.59827586206896,0.001701,0.001042,0.006072,15.899310344827596,0
582,2024-01-04 08:51:37+00:00,2024-01-04 08:51:37+00:00,185.9744444444444,0.2166666666666667,46.26259259259258,202.6088888888888,30.3351851851852,33.36185185185185,2.1081481481481488,62.83185185185184,0.001699,0.001028,0.006,15.927407407407388,0
583,2024-01-04 08:51:38+00:00,2024-01-04 08:51:38+00:00,181.415,0.22,46.26714285714286,198.7667857142856,30.34178571428573,33.287142857142854,2.058571428571429,62.795,0.001649,0.001043,0.005822,15.925357142857129,0
584,2024-01-04 08:51:40+00:00,2024-01-04 08:51:40+00:00,173.95344827586206,0.2144827586206897,46.24896551724138,189.8272413793103,30.324482758620693,33.20448275862068,1.9772413793103447,62.917241379310326,0.001616,0.001019,0.005693,15.924482758620687,0
585,2024-01-04 08:51:41+00:00,2024-01-04 08:51:41+00:00,169.70566666666667,0.2103333333333334,46.24066666666668,185.10000000000005,30.371,33.15766666666668,1.9249999999999992,62.96366666666667,0.001582,0.001032,0.005537,15.869666666666678,0
586,2024-01-04 08:51:42+00:00,2024-01-04 08:51:42+00:00,165.12576923076924,0.2073076923076924,46.24576923076923,180.8242307692308,30.37346153846154,33.107692307692304,1.8861538461538467,63.001153846153855,0.001549,0.001017,0.005371,15.872307692307686,0
587,2024-01-04 08:51:44+00:00,2024-01-04 08:51:44+00:00,154.4484615384615,0.2046153846153846,46.29730769230768,169.8738461538462,30.391153846153838,33.017692307692315,1.7815384615384622,63.15461538461541,0.001454,0.000989,0.005114,15.906153846153847,0
588,2024-01-04 08:51:45+00:00,2024-01-04 08:51:45+00:00,149.81959999999998,0.1848,46.253600000000006,164.8564,30.412399999999987,32.9652,1.7407999999999997,63.66800000000001,0.001441,0.000979,0.005054,15.841200000000018,0
589,2024-01-04 08:51:46+00:00,2024-01-04 08:51:46+00:00,144.84535714285713,0.2017857142857143,46.20714285714288,159.84357142857144,30.42464285714285,32.88750000000001,1.6864285714285714,63.8932142857143,0.001443,0.000966,0.004856,15.782500000000027,0
590,2024-01-04 08:51:47+00:00,2024-01-04 08:51:47+00:00,140.92600000000002,0.205,46.22266666666667,154.50466666666668,30.440333333333324,32.82733333333333,1.6416666666666662,63.91999999999998,0.001398,0.001016,0.00463,15.782333333333344,0
591,2024-01-04 08:51:49+00:00,2024-01-04 08:51:49+00:00,129.70642857142855,0.1946428571428571,46.16892857142858,143.73857142857142,30.45214285714287,32.6817857142857,1.5432142857142863,63.940714285714265,0.00137,0.00103,0.004451,15.71678571428571,0
592,2024-01-04 08:51:50+00:00,2024-01-04 08:51:50+00:00,124.69599999999998,0.1908,46.1296,137.9612,30.478800000000007,32.65560000000001,1.4883999999999995,64.2076,0.001333,0.000992,0.004467,15.650799999999997,0
593,2024-01-04 08:51:51+00:00,2024-01-04 08:51:51+00:00,119.54275862068968,0.1962068965517241,46.1441379310345,132.6237931034483,30.473103448275875,32.59103448275862,1.4489655172413796,64.03275862068962,0.001361,0.000947,0.004442,15.671034482758625,0
594,2024-01-04 08:51:53+00:00,2024-01-04 08:51:53+00:00,109.01535714285714,0.1832142857142857,46.01285714285715,121.36392857142852,30.509999999999994,32.449642857142855,1.3596428571428578,64.37535714285713,0.001341,0.001,0.004419,15.502857142857156,0
595,2024-01-04 08:51:54+00:00,2024-01-04 08:51:54+00:00,105.0145833333334,0.1999999999999999,46.01833333333334,116.72833333333335,30.507083333333338,32.379583333333336,1.3141666666666667,64.60083333333333,0.001421,0.001024,0.004409,15.51125,0
596,2024-01-04 08:51:55+00:00,2024-01-04 08:51:55+00:00,99.66218749999996,0.1956249999999999,45.92218750000001,110.56218749999998,30.50937499999999,32.326250000000016,1.0296874999999996,64.6184375,0.001377,0.001002,0.004366,15.412812500000015,0
597,2024-01-04 08:51:57+00:00,2024-01-04 08:51:57+00:00,88.82846153846153,0.1942307692307693,45.85038461538462,99.98230769230769,30.53730769230768,32.19346153846155,0.8934615384615385,64.8923076923077,0.00129,0.000965,0.004182,15.313076923076938,0
598,2024-01-04 08:51:58+00:00,2024-01-04 08:51:58+00:00,83.77346153846155,0.1926923076923077,45.80115384615386,94.66076923076922,30.53346153846152,32.12961538461537,0.8319230769230767,64.86269230769231,0.001277,0.000984,0.004003,15.26769230769234,0
599,2024-01-04 08:51:59+00:00,2024-01-04 08:51:59+00:00,78.68966666666665,0.1796666666666666,45.772666666666666,89.422,30.53833333333332,32.08466666666667,0.7899999999999999,64.80466666666668,0.001314,0.00098,0.003998,15.23433333333335,0
600,2024-01-04 08:52:01+00:00,2024-01-04 08:52:01+00:00,69.62615384615385,0.1846153846153846,45.66000000000001,79.14307692307693,30.5723076923077,31.989615384615394,0.6838461538461538,65.26961538461536,0.001168,0.000931,0.003773,15.087692307692311,0
601,2024-01-04 08:52:02+00:00,2024-01-04 08:52:02+00:00,65.28111111111113,0.177037037037037,45.67037037037036,74.39333333333333,30.59111111111112,31.905925925925928,0.6425925925925928,64.95296296296294,0.001213,0.00095,0.003712,15.079259259259237,0
602,2024-01-04 08:52:03+00:00,2024-01-04 08:52:03+00:00,59.97239999999999,0.1784,45.56759999999999,69.64800000000001,30.5972,31.866400000000013,0.1164,64.92120000000001,0.001146,0.000908,0.003526,14.970399999999984,0
603,2024-01-04 08:52:05+00:00,2024-01-04 08:52:05+00:00,52.90275862068966,0.1706896551724138,45.51931034482759,61.43999999999997,30.61758620689655,31.759310344827583,-0.03,65.34379310344826,0.001163,0.000876,0.003466,14.901724137931035,0
604,2024-01-04 08:52:06+00:00,2024-01-04 08:52:06+00:00,48.77965517241381,0.180344827586207,45.4144827586207,57.77310344827583,30.62896551724138,31.693448275862075,-0.03,65.53965517241382,0.001134,0.000884,0.003264,14.78551724137932,0
605,2024-01-04 08:52:07+00:00,2024-01-04 08:52:07+00:00,44.85407407407408,0.1674074074074074,45.395555555555575,53.65814814814815,30.618518518518524,31.68296296296297,-0.03,65.58518518518518,0.001079,0.000855,0.003187,14.77703703703705,0
606,2024-01-04 08:52:08+00:00,2024-01-04 08:52:08+00:00,42.622307692307686,0.1776923076923076,45.31153846153845,50.310384615384606,30.627692307692307,31.603846153846156,-0.03,65.74384615384614,0.001066,0.000872,0.003122,14.68384615384614,0
607,2024-01-04 08:52:10+00:00,2024-01-04 08:52:10+00:00,35.57333333333333,0.1655555555555555,45.19259259259261,43.61814814814815,30.66185185185184,31.509629629629615,-0.0281481481481481,65.68222222222224,0.001023,0.000849,0.003024,14.530740740740764,0
608,2024-01-04 08:52:11+00:00,2024-01-04 08:52:11+00:00,32.841538461538455,0.1638461538461538,45.196923076923085,40.13999999999999,30.656153846153835,31.50769230769229,-0.03,65.91038461538461,0.001038,0.00083,0.002926,14.54076923076925,0
609,2024-01-04 08:52:12+00:00,2024-01-04 08:52:12+00:00,30.429615384615392,0.1719230769230769,45.10846153846153,37.85961538461539,30.680000000000007,31.45807692307693,-0.03,65.92807692307694,0.001023,0.000819,0.002898,14.428461538461526,0
610,2024-01-04 08:52:14+00:00,2024-01-04 08:52:14+00:00,26.15551724137932,0.1675862068965517,44.974827586206914,33.260000000000005,30.70793103448277,31.38241379310344,-0.03,65.72310344827586,0.000975,0.000848,0.002841,14.266896551724145,0
611,2024-01-04 08:52:15+00:00,2024-01-04 08:52:15+00:00,24.350000000000005,0.1721428571428571,44.96928571428573,31.292142857142863,30.70642857142858,31.357500000000005,-0.03,65.86642857142854,0.000998,0.000902,0.0028,14.26285714285715,0
612,2024-01-04 08:52:16+00:00,2024-01-04 08:52:16+00:00,23.16633333333334,0.1596666666666666,44.90333333333332,30.125000000000007,30.72666666666668,31.326,-0.029,65.88533333333335,0.001046,0.000864,0.002815,14.176666666666634,0
613,2024-01-04 08:52:18+00:00,2024-01-04 08:52:18+00:00,20.620714285714293,0.157142857142857,44.85607142857142,26.71928571428572,30.733928571428574,31.306071428571418,-0.0310714285714285,66.12892857142857,0.001045,0.000884,0.002742,14.12214285714284,0
614,2024-01-04 08:52:19+00:00,2024-01-04 08:52:19+00:00,20.42846153846154,0.1715384615384615,44.82923076923076,26.59538461538462,30.73653846153847,31.287692307692303,-0.03,66.03192307692308,0.000954,0.000826,0.00271,14.092692307692293,0
615,2024-01-04 08:52:20+00:00,2024-01-04 08:52:20+00:00,19.50903225806452,0.1651612903225806,44.76967741935483,25.617419354838702,30.74096774193549,31.29322580645161,-0.0329032258064516,66.11419354838708,0.001049,0.000915,0.002717,14.02870967741934,0
616,2024-01-04 08:52:22+00:00,2024-01-04 08:52:22+00:00,19.50428571428571,0.1582142857142857,44.71892857142857,26.28428571428572,30.751785714285717,31.30571428571428,-0.0303571428571428,65.93357142857144,0.000978,0.000901,0.002715,13.967142857142855,0
617,2024-01-04 08:52:23+00:00,2024-01-04 08:52:23+00:00,20.542857142857144,0.165,44.69500000000001,26.24750000000001,30.7475,31.276428571428564,-0.03,66.11142857142859,0.001,0.000913,0.002745,13.947500000000003,0
618,2024-01-04 08:52:24+00:00,2024-01-04 08:52:24+00:00,20.533571428571424,0.1549999999999999,44.68392857142857,26.69214285714285,30.74178571428572,31.31607142857143,-0.03,65.98499999999999,0.000954,0.0008,0.00279,13.942142857142848,0
619,2024-01-04 08:52:25+00:00,2024-01-04 08:52:25+00:00,21.30703703703703,0.1611111111111111,44.62666666666666,28.53444444444444,30.75629629629629,31.28629629629629,-0.03,66.22037037037035,0.001139,0.000958,0.002843,13.870370370370368,0
620,2024-01-04 08:52:27+00:00,2024-01-04 08:52:27+00:00,24.433793103448277,0.1551724137931034,44.58241379310344,30.621034482758628,30.783793103448268,31.321724137931028,-0.0310344827586207,66.03103448275864,0.001011,0.000825,0.002889,13.798620689655174,0
621,2024-01-04 08:52:28+00:00,2024-01-04 08:52:28+00:00,26.10322580645161,0.1635483870967741,44.59161290322579,32.04129032258066,30.77516129032256,31.30354838709677,-0.03,65.94677419354838,0.000982,0.000927,0.002932,13.816451612903226,0
622,2024-01-04 08:52:29+00:00,2024-01-04 08:52:29+00:00,27.62933333333333,0.173,44.59333333333333,34.984666666666655,30.796999999999976,31.347333333333324,-0.03,66.04766666666669,0.001056,0.000867,0.002948,13.79633333333335,0
623,2024-01-04 08:52:31+00:00,2024-01-04 08:52:31+00:00,32.7325,0.1625,44.54107142857144,39.46321428571429,30.806071428571425,31.403928571428573,-0.0275,65.80178571428573,0.001023,0.000826,0.002973,13.73500000000001,0
624,2024-01-04 08:52:32+00:00,2024-01-04 08:52:32+00:00,35.772000000000006,0.169,44.554666666666655,42.48566666666667,30.810333333333325,31.45433333333333,-0.0296666666666666,65.71966666666668,0.001013,0.000831,0.003089,13.74433333333333,0
625,2024-01-04 08:52:33+00:00,2024-01-04 08:52:33+00:00,38.6413043478261,0.1634782608695651,44.54391304347826,45.87260869565217,30.815217391304348,31.443043478260872,-0.03,65.55260869565218,0.001116,0.000863,0.003143,13.728695652173917,0
626,2024-01-04 08:52:35+00:00,2024-01-04 08:52:35+00:00,45.25107142857144,0.1592857142857142,44.53749999999999,52.769999999999975,30.816428571428585,31.556785714285702,-0.03,65.3325,0.001097,0.000808,0.003222,13.721071428571404,0
627,2024-01-04 08:52:36+00:00,2024-01-04 08:52:36+00:00,48.34148148148148,0.1777777777777778,44.56814814814814,56.46296296296296,30.82037037037037,31.61444444444444,-0.03,65.50000000000001,0.001135,0.000897,0.003383,13.74777777777777,0
628,2024-01-04 08:52:37+00:00,2024-01-04 08:52:37+00:00,52.18148148148147,0.1788888888888889,44.58333333333334,60.416296296296295,30.81555555555557,31.667777777777783,-0.0285185185185185,65.4288888888889,0.001133,0.000853,0.003501,13.767777777777775,0
629,2024-01-04 08:52:39+00:00,2024-01-04 08:52:39+00:00,60.76928571428572,0.1710714285714286,44.57321428571429,68.75678571428574,30.842142857142864,31.74392857142856,-0.0289285714285714,64.7925,0.001134,0.000829,0.003547,13.731071428571427,0
630,2024-01-04 08:52:40+00:00,2024-01-04 08:52:40+00:00,64.70423076923076,0.1769230769230769,44.56769230769229,73.38,30.85192307692309,31.78846153846153,0.4223076923076924,64.88230769230766,0.001226,0.000885,0.003728,13.715769230769205,0
631,2024-01-04 08:52:41+00:00,2024-01-04 08:52:41+00:00,68.99275862068966,0.1768965517241379,44.57620689655173,78.10310344827586,30.86068965517242,31.87827586206895,0.6417241379310343,64.78655172413792,0.001247,0.000914,0.003827,13.715517241379311,0
632,2024-01-04 08:52:43+00:00,2024-01-04 08:52:43+00:00,78.57428571428571,0.185,44.562857142857126,87.90464285714283,30.893928571428567,31.98142857142858,0.7307142857142861,64.56785714285714,0.001245,0.00089,0.003989,13.66892857142856,0
633,2024-01-04 08:52:44+00:00,2024-01-04 08:52:44+00:00,83.65615384615383,0.1776923076923077,44.56999999999999,92.7938461538462,30.880384615384614,32.07961538461539,0.7815384615384614,64.86076923076922,0.001299,0.000916,0.00406,13.689615384615372,0
634,2024-01-04 08:52:45+00:00,2024-01-04 08:52:45+00:00,88.61074074074074,0.1992592592592594,44.547777777777775,98.30481481481485,30.88296296296296,32.11555555555555,0.8322222222222224,64.53777777777778,0.00137,0.000928,0.004316,13.664814814814816,0
635,2024-01-04 08:52:46+00:00,2024-01-04 08:52:46+00:00,93.2692,0.1811999999999999,44.5524,103.3076,30.88519999999999,32.206399999999995,0.8848000000000001,64.718,0.001306,0.00091,0.004266,13.667200000000008,0
636,2024-01-04 08:52:48+00:00,2024-01-04 08:52:48+00:00,103.57499999999996,0.1925000000000001,44.60964285714287,114.27857142857142,30.90464285714285,32.364285714285714,0.9889285714285718,64.11285714285712,0.001314,0.000982,0.004242,13.705000000000016,0
637,2024-01-04 08:52:49+00:00,2024-01-04 08:52:49+00:00,108.64483870967744,0.1870967741935484,44.61903225806451,119.5287096774194,30.89032258064515,32.44225806451611,1.0325806451612902,64.06677419354841,0.001323,0.000941,0.004451,13.728709677419356,0
638,2024-01-04 08:52:50+00:00,2024-01-04 08:52:50+00:00,114.14142857142862,0.1889285714285714,44.625357142857126,125.41357142857144,30.924642857142867,32.522499999999994,1.0817857142857144,64.2692857142857,0.001382,0.000952,0.004626,13.70071428571426,0
639,2024-01-04 08:52:52+00:00,2024-01-04 08:52:52+00:00,123.0648,0.1891999999999999,44.66759999999999,135.50840000000005,30.960400000000007,32.684400000000004,1.1668000000000007,63.52919999999998,0.001454,0.000995,0.004707,13.707199999999986,0
640,2024-01-04 08:52:53+00:00,2024-01-04 08:52:53+00:00,129.53961538461542,0.1938461538461539,44.67538461538462,141.40576923076924,30.965384615384625,32.78115384615385,1.2184615384615385,63.92076923076922,0.001401,0.000958,0.004725,13.709999999999996,0
641,2024-01-04 08:52:54+00:00,2024-01-04 08:52:54+00:00,134.5867857142857,0.2042857142857142,44.71642857142857,147.25785714285712,30.961428571428595,32.87999999999999,1.2764285714285717,63.71714285714285,0.001433,0.000997,0.004699,13.754999999999978,0
642,2024-01-04 08:52:56+00:00,2024-01-04 08:52:56+00:00,144.69500000000002,0.2010714285714286,44.71571428571429,158.38321428571427,30.993571428571432,33.035714285714285,1.3721428571428569,63.29285714285714,0.001405,0.000959,0.00477,13.72214285714286,0
643,2024-01-04 08:52:57+00:00,2024-01-04 08:52:57+00:00,149.85639999999998,0.2291999999999999,44.76520000000001,163.74800000000005,31.020399999999984,33.0596,1.4236000000000004,63.56800000000001,0.001445,0.000987,0.00497,13.744800000000025,0
644,2024-01-04 08:52:58+00:00,2024-01-04 08:52:58+00:00,155.37517241379308,0.2048275862068965,44.83689655172412,169.06275862068958,31.019310344827574,33.18172413793104,1.473793103448275,63.40689655172414,0.001565,0.001026,0.005285,13.817586206896545,0
645,2024-01-04 08:53:00+00:00,2024-01-04 08:53:00+00:00,164.17571428571432,0.215,44.88392857142858,178.02285714285716,31.02535714285713,33.36535714285715,1.5635714285714282,63.32714285714288,0.001571,0.000991,0.005394,13.858571428571445,0
646,2024-01-04 08:53:01+00:00,2024-01-04 08:53:01+00:00,168.48222222222228,0.2185185185185185,44.932592592592606,182.9455555555556,31.025185185185176,33.40259259259259,1.6033333333333333,63.14481481481481,0.001574,0.000962,0.005529,13.90740740740743,0
647,2024-01-04 08:53:02+00:00,2024-01-04 08:53:02+00:00,174.27566666666664,0.217,44.89666666666667,188.349,31.037666666666656,33.46733333333333,1.6649999999999996,62.79833333333334,0.001681,0.001004,0.005831,13.859000000000012,0
648,2024-01-04 08:53:03+00:00,2024-01-04 08:53:03+00:00,177.2111111111111,0.22,44.971851851851845,192.35666666666668,31.025185185185176,33.58148148148149,1.7125925925925929,62.93666666666663,0.001681,0.001032,0.005836,13.946666666666667,0
649,2024-01-04 08:53:05+00:00,2024-01-04 08:53:05+00:00,186.00821428571427,0.2142857142857143,45.08285714285714,201.46714285714287,31.04999999999999,33.74964285714286,1.821071428571429,62.65535714285716,0.001774,0.001015,0.006126,14.032857142857154,0
650,2024-01-04 08:53:06+00:00,2024-01-04 08:53:06+00:00,189.14428571428564,0.2221428571428571,45.14,205.7542857142857,31.06392857142857,33.77892857142858,1.8710714285714287,62.59964285714285,0.001745,0.001006,0.006129,14.076071428571437,0
651,2024-01-04 08:53:07+00:00,2024-01-04 08:53:07+00:00,193.18142857142857,0.2271428571428571,45.24785714285715,209.03642857142853,31.07785714285714,33.86714285714286,1.918571428571428,62.55,0.001816,0.001022,0.006323,14.170000000000009,0
652,2024-01-04 08:53:09+00:00,2024-01-04 08:53:09+00:00,199.78933333333327,0.2346666666666667,45.31099999999997,216.75866666666676,31.113000000000003,33.98733333333334,2.013333333333334,62.61,0.001845,0.001001,0.006476,14.197999999999968,0
653,2024-01-04 08:53:10+00:00,2024-01-04 08:53:10+00:00,203.9716,0.2412,45.3952,220.5512,31.122000000000003,34.087599999999995,2.056,62.328,0.001894,0.001049,0.00649,14.2732,0
654,2024-01-04 08:53:11+00:00,2024-01-04 08:53:11+00:00,205.66592592592585,0.2162962962962963,45.45555555555556,221.84185185185183,31.120740740740736,34.1425925925926,2.0955555555555563,62.47592592592593,0.001936,0.001064,0.006655,14.33481481481482,0
655,2024-01-04 08:53:13+00:00,2024-01-04 08:53:13+00:00,210.2537037037038,0.2411111111111111,45.55888888888888,227.80259259259256,31.152222222222218,34.224074074074075,2.16888888888889,62.47370370370371,0.001957,0.001011,0.006747,14.406666666666665,0
656,2024-01-04 08:53:14+00:00,2024-01-04 08:53:14+00:00,212.1620689655172,0.2175862068965518,45.650000000000006,229.0462068965517,31.16931034482757,34.26931034482759,2.194827586206896,62.13862068965518,0.001956,0.001054,0.006775,14.480689655172434,0
657,2024-01-04 08:53:15+00:00,2024-01-04 08:53:15+00:00,214.1685185185185,0.2351851851851852,45.7025925925926,231.29370370370373,31.17666666666666,34.31740740740741,2.2225925925925925,62.26037037037037,0.001949,0.001055,0.006808,14.525925925925936,0
658,2024-01-04 08:53:17+00:00,2024-01-04 08:53:17+00:00,216.8292592592592,0.2248148148148148,45.849629629629646,233.5785185185185,31.184074074074083,34.39925925925927,2.277407407407408,62.12925925925926,0.001951,0.001021,0.006858,14.665555555555564,0
659,2024-01-04 08:53:18+00:00,2024-01-04 08:53:18+00:00,217.1072,0.2376,45.95640000000001,235.54320000000007,31.20320000000001,34.40319999999999,2.3024,61.8632,0.001991,0.001051,0.006928,14.7532,0
660,2024-01-04 08:53:19+00:00,2024-01-04 08:53:19+00:00,219.48185185185176,0.2451851851851852,46.03703703703703,237.07222222222225,31.19925925925927,34.456666666666656,2.324074074074073,62.03777777777778,0.001963,0.00099,0.006962,14.83777777777776,0
661,2024-01-04 08:53:22+00:00,2024-01-04 08:53:22+00:00,219.7762962962963,0.2492592592592592,46.26222222222221,237.7059259259259,31.232962962962976,34.537777777777784,2.34888888888889,62.01037037037037,0.001933,0.001039,0.006888,15.029259259259238,0
662,2024-01-04 08:53:23+00:00,2024-01-04 08:53:23+00:00,219.87846153846155,0.24,46.27692307692307,236.52038461538453,31.24153846153846,34.54807692307691,2.336538461538461,62.17692307692308,0.001911,0.000987,0.00691,15.035384615384608,0
663,2024-01-04 08:53:24+00:00,2024-01-04 08:53:24+00:00,218.81461538461537,0.228076923076923,46.383461538461546,235.8780769230769,31.23384615384616,34.57923076923076,2.3296153846153853,62.05961538461538,0.001964,0.001033,0.006886,15.149615384615387,0
664,2024-01-04 08:53:26+00:00,2024-01-04 08:53:26+00:00,215.28333333333333,0.237037037037037,46.52185185185184,233.17703703703708,31.25296296296296,34.57074074074074,2.2992592592592582,62.377777777777766,0.001904,0.001054,0.006789,15.268888888888885,0
665,2024-01-04 08:53:27+00:00,2024-01-04 08:53:27+00:00,214.59423076923065,0.2392307692307692,46.57269230769232,232.3234615384616,31.27269230769229,34.584230769230764,2.279615384615385,62.33038461538463,0.001872,0.000987,0.006741,15.300000000000022,0
666,2024-01-04 08:53:28+00:00,2024-01-04 08:53:28+00:00,212.94960000000003,0.2208,46.6404,230.39120000000003,31.26239999999999,34.5884,2.2595999999999994,62.1804,0.00188,0.001053,0.006702,15.37800000000001,0
667,2024-01-04 08:53:30+00:00,2024-01-04 08:53:30+00:00,209.6189285714285,0.235,46.772142857142846,225.82892857142855,31.27571428571428,34.57357142857143,2.1921428571428567,62.13750000000001,0.001861,0.001029,0.006588,15.49642857142857,0
668,2024-01-04 08:53:31+00:00,2024-01-04 08:53:31+00:00,205.71035714285708,0.2167857142857144,46.771785714285706,222.9675,31.27535714285713,34.50714285714285,2.156785714285714,62.188214285714295,0.001812,0.001012,0.006514,15.496428571428575,0
669,2024-01-04 08:53:32+00:00,2024-01-04 08:53:32+00:00,203.17714285714288,0.2107142857142857,46.82714285714288,219.84821428571428,31.294642857142843,34.50178571428571,2.120357142857143,62.25535714285716,0.001849,0.001037,0.006453,15.53250000000003,0
670,2024-01-04 08:53:34+00:00,2024-01-04 08:53:34+00:00,196.9248148148148,0.2122222222222222,46.88000000000002,214.29888888888888,31.29703703703703,34.420370370370364,2.040740740740741,62.306666666666665,0.001787,0.001021,0.006346,15.582962962962988,0
671,2024-01-04 08:53:35+00:00,2024-01-04 08:53:35+00:00,193.9933333333333,0.228,46.889,211.69866666666664,31.316666666666663,34.412,2.0000000000000004,62.35599999999998,0.001764,0.001013,0.006237,15.572333333333336,0
672,2024-01-04 08:53:36+00:00,2024-01-04 08:53:36+00:00,190.1107142857142,0.2096428571428572,46.90571428571428,207.2678571428572,31.31607142857143,34.413571428571444,1.9517857142857145,62.68178571428574,0.001731,0.001017,0.006115,15.589642857142852,0
673,2024-01-04 08:53:38+00:00,2024-01-04 08:53:38+00:00,183.1277777777778,0.2207407407407408,46.97333333333335,199.6707407407408,31.320370370370373,34.317037037037046,1.8470370370370373,62.84148148148148,0.00171,0.000982,0.006025,15.652962962962976,0
674,2024-01-04 08:53:39+00:00,2024-01-04 08:53:39+00:00,179.38392857142858,0.2135714285714286,46.96785714285716,194.6057142857143,31.341428571428576,34.246785714285714,1.7953571428571429,62.751428571428576,0.001652,0.001033,0.005764,15.62642857142858,0
675,2024-01-04 08:53:40+00:00,2024-01-04 08:53:40+00:00,175.08413793103458,0.2096551724137931,46.98206896551724,190.1510344827587,31.337931034482768,34.236206896551735,1.7624137931034485,63.2448275862069,0.001634,0.001035,0.005722,15.644137931034468,0
676,2024-01-04 08:53:41+00:00,2024-01-04 08:53:41+00:00,170.92241379310352,0.2158620689655172,46.99103448275863,185.4096551724138,31.36620689655172,34.17068965517241,1.6968965517241372,63.12586206896551,0.001538,0.000972,0.005444,15.624827586206909,0
677,2024-01-04 08:53:43+00:00,2024-01-04 08:53:43+00:00,160.5318518518518,0.215925925925926,47.01962962962963,175.98481481481474,31.37222222222222,34.032962962962955,1.608148148148148,63.57925925925926,0.001546,0.000975,0.005417,15.647407407407409,0
678,2024-01-04 08:53:44+00:00,2024-01-04 08:53:44+00:00,155.61533333333333,0.1896666666666666,46.982,170.1686666666666,31.36833333333334,33.99699999999999,1.5506666666666669,63.48033333333333,0.001466,0.000964,0.005122,15.61366666666666,0
679,2024-01-04 08:53:45+00:00,2024-01-04 08:53:45+00:00,151.8275,0.2078571428571429,46.96464285714285,166.39357142857148,31.37107142857143,33.96285714285714,1.5125000000000004,63.55642857142858,0.001445,0.001003,0.004959,15.59357142857142,0
680,2024-01-04 08:53:47+00:00,2024-01-04 08:53:47+00:00,141.79821428571424,0.1964285714285714,46.90428571428573,154.48357142857145,31.397142857142853,33.81250000000001,1.4110714285714283,63.635000000000005,0.001484,0.001039,0.004884,15.50714285714288,0
681,2024-01-04 08:53:48+00:00,2024-01-04 08:53:48+00:00,136.045925925926,0.1848148148148148,46.91222222222223,149.29370370370367,31.393333333333324,33.767037037037035,1.3596296296296302,63.72925925925924,0.001433,0.000978,0.004785,15.518888888888902,0
682,2024-01-04 08:53:49+00:00,2024-01-04 08:53:49+00:00,129.98206896551724,0.1989655172413793,46.90965517241382,144.01137931034486,31.411379310344827,33.71310344827587,1.3120689655172413,63.788965517241365,0.001382,0.000961,0.004667,15.498275862068994,0
683,2024-01-04 08:53:51+00:00,2024-01-04 08:53:51+00:00,120.14296296296298,0.1888888888888889,46.838888888888896,132.68851851851852,31.417777777777765,33.5611111111111,1.2107407407407411,64.0522222222222,0.001458,0.001028,0.00467,15.42111111111113,0
684,2024-01-04 08:53:52+00:00,2024-01-04 08:53:52+00:00,115.56592592592597,0.1892592592592593,46.81111111111112,127.5888888888889,31.45444444444445,33.53148148148147,1.1659259259259258,64.15481481481481,0.001401,0.001001,0.004621,15.356666666666662,0
685,2024-01-04 08:53:53+00:00,2024-01-04 08:53:53+00:00,110.26153846153844,0.183076923076923,46.78692307692309,121.46192307692309,31.440384615384616,33.46384615384616,1.118846153846154,64.58615384615385,0.001411,0.000969,0.004568,15.346538461538472,0
686,2024-01-04 08:53:55+00:00,2024-01-04 08:53:55+00:00,99.49870967741938,0.1841935483870968,46.66580645161292,110.67322580645155,31.45709677419357,33.29225806451613,1.0229032258064517,64.61354838709677,0.001393,0.001008,0.004487,15.208709677419352,0
687,2024-01-04 08:53:56+00:00,2024-01-04 08:53:56+00:00,94.21439999999996,0.1915999999999999,46.64599999999999,105.6904,31.44800000000001,33.23879999999999,0.9720000000000002,64.54440000000001,0.001349,0.000982,0.00431,15.197999999999972,0
688,2024-01-04 08:53:57+00:00,2024-01-04 08:53:57+00:00,89.96437499999998,0.19125,46.60406249999998,100.54624999999996,31.46375000000001,33.1675,0.9146875,64.70499999999998,0.001273,0.000955,0.004096,15.140312499999972,0
689,2024-01-04 08:53:59+00:00,2024-01-04 08:53:59+00:00,79.25241379310344,0.1844827586206897,46.502068965517246,89.69862068965513,31.485517241379323,33.04275862068965,0.807931034482759,64.85862068965517,0.00127,0.000906,0.004077,15.016551724137924,0
690,2024-01-04 08:54:00+00:00,2024-01-04 08:54:00+00:00,75.02444444444446,0.1803703703703704,46.42925925925926,85.17481481481481,31.47814814814816,32.942222222222206,0.7648148148148147,64.8759259259259,0.00127,0.000933,0.003966,14.9511111111111,0
691,2024-01-04 08:54:01+00:00,2024-01-04 08:54:01+00:00,70.2237037037037,0.1766666666666667,46.39518518518517,79.83481481481483,31.484814814814825,32.89703703703704,0.7133333333333337,65.06333333333333,0.001229,0.00092,0.003771,14.910370370370345,0
692,2024-01-04 08:54:02+00:00,2024-01-04 08:54:02+00:00,65.62392857142855,0.1689285714285714,46.3610714285714,74.71607142857145,31.497499999999995,32.85285714285713,0.6642857142857145,64.99571428571429,0.001196,0.000905,0.003716,14.863571428571404,0
693,2024-01-04 08:54:04+00:00,2024-01-04 08:54:04+00:00,57.22269230769233,0.1803846153846154,46.24346153846154,66.15576923076922,31.527307692307684,32.70961538461539,-0.0273076923076923,65.48461538461538,0.001168,0.000838,0.003558,14.716153846153857,0
694,2024-01-04 08:54:05+00:00,2024-01-04 08:54:05+00:00,53.22962962962965,0.1725925925925926,46.17148148148149,61.663703703703696,31.531111111111095,32.6637037037037,-0.0344444444444444,65.24888888888889,0.001268,0.000909,0.003417,14.640370370370396,0
695,2024-01-04 08:54:06+00:00,2024-01-04 08:54:06+00:00,49.11851851851852,0.1681481481481481,46.15666666666667,58.45962962962963,31.518888888888885,32.62111111111112,-0.0307407407407407,65.34777777777778,0.001137,0.000863,0.003351,14.637777777777789,0
696,2024-01-04 08:54:08+00:00,2024-01-04 08:54:08+00:00,42.03222222222224,0.1507407407407407,46.02888888888887,50.59444444444444,31.51703703703703,32.55703703703702,-0.0314814814814814,65.49999999999999,0.00105,0.000786,0.00319,14.51185185185184,0
697,2024-01-04 08:54:09+00:00,2024-01-04 08:54:09+00:00,39.23964285714285,0.1760714285714286,46.0057142857143,47.68071428571428,31.523928571428563,32.47607142857143,-0.03,65.64571428571428,0.001019,0.000798,0.003096,14.481785714285737,0
698,2024-01-04 08:54:10+00:00,2024-01-04 08:54:10+00:00,36.491428571428585,0.1635714285714285,45.93928571428573,43.322499999999984,31.55107142857141,32.44964285714285,-0.0310714285714285,65.60392857142857,0.001031,0.000804,0.003015,14.38821428571432,0
699,2024-01-04 08:54:12+00:00,2024-01-04 08:54:12+00:00,31.26733333333334,0.1753333333333333,45.844666666666654,38.36299999999999,31.549666666666653,32.39833333333333,-0.0303333333333333,66.18733333333334,0.000952,0.000731,0.002973,14.295000000000002,0
700,2024-01-04 08:54:13+00:00,2024-01-04 08:54:13+00:00,28.09730769230769,0.1719230769230769,45.76000000000002,35.674615384615386,31.57884615384616,32.33730769230769,-0.0319230769230769,65.87423076923073,0.000971,0.000748,0.002912,14.181153846153858,0
701,2024-01-04 08:54:14+00:00,2024-01-04 08:54:14+00:00,27.06296296296297,0.1622222222222222,45.69370370370371,32.855555555555554,31.59222222222222,32.353333333333346,-0.0325925925925926,65.93444444444441,0.001017,0.0009,0.002831,14.101481481481493,0
702,2024-01-04 08:54:16+00:00,2024-01-04 08:54:16+00:00,23.27814814814815,0.1633333333333333,45.63888888888887,29.63074074074074,31.59666666666667,32.27111111111112,-0.0322222222222222,65.93851851851856,0.001018,0.000835,0.002839,14.0422222222222,0
703,2024-01-04 08:54:17+00:00,2024-01-04 08:54:17+00:00,21.42517241379309,0.163103448275862,45.59448275862067,27.857931034482768,31.60862068965518,32.2248275862069,-0.0375862068965517,66.03379310344828,0.000984,0.000769,0.0028,13.985862068965492,0
704,2024-01-04 08:54:18+00:00,2024-01-04 08:54:18+00:00,21.283103448275863,0.1558620689655172,45.55482758620689,27.25413793103448,31.626551724137933,32.22379310344828,-0.0320689655172413,66.15517241379311,0.001078,0.000847,0.002764,13.928275862068958,0
705,2024-01-04 08:54:20+00:00,2024-01-04 08:54:20+00:00,19.56,0.1755555555555556,45.46962962962965,26.11555555555556,31.66185185185184,32.230000000000004,-0.0337037037037037,66.07814814814814,0.00097,0.000825,0.002738,13.807777777777805,0
706,2024-01-04 08:54:21+00:00,2024-01-04 08:54:21+00:00,19.475,0.1717857142857143,45.451428571428565,25.645,31.662499999999994,32.23285714285714,-0.0360714285714285,66.32107142857144,0.001038,0.000933,0.00275,13.78892857142857,0
707,2024-01-04 08:54:22+00:00,2024-01-04 08:54:22+00:00,19.52206896551724,0.1506896551724137,45.42551724137931,25.337586206896543,31.678275862068997,32.20551724137931,-0.036551724137931,65.93241379310344,0.000976,0.000868,0.00277,13.747241379310315,0
708,2024-01-04 08:54:23+00:00,2024-01-04 08:54:23+00:00,19.783076923076923,0.1826923076923077,45.33384615384614,26.278846153846164,31.690384615384623,32.16615384615385,-0.04,66.2626923076923,0.00101,0.000924,0.002786,13.643461538461516,0
709,2024-01-04 08:54:25+00:00,2024-01-04 08:54:25+00:00,21.531333333333343,0.1643333333333333,45.30299999999998,27.52133333333334,31.69200000000001,32.20333333333333,-0.0326666666666666,65.96066666666665,0.001074,0.000898,0.002818,13.610999999999969,0
710,2024-01-04 08:54:26+00:00,2024-01-04 08:54:26+00:00,22.373103448275863,0.1682758620689655,45.28241379310344,28.412758620689665,31.695862068965532,32.210344827586205,-0.0337931034482758,65.99068965517242,0.001029,0.000807,0.002901,13.586551724137902,0
711,2024-01-04 08:54:27+00:00,2024-01-04 08:54:27+00:00,24.512758620689656,0.1613793103448276,45.26758620689654,30.86172413793104,31.695517241379317,32.23448275862069,-0.0320689655172414,65.70206896551724,0.001009,0.000837,0.002945,13.572068965517223,0
712,2024-01-04 08:54:29+00:00,2024-01-04 08:54:29+00:00,26.96521739130434,0.1756521739130435,45.22043478260869,33.854782608695665,31.726086956521748,32.24086956521739,-0.0334782608695652,65.87304347826084,0.001085,0.000791,0.002932,13.494347826086944,0
713,2024-01-04 08:54:30+00:00,2024-01-04 08:54:30+00:00,29.43038461538461,0.1819230769230769,45.21307692307692,37.49538461538461,31.723846153846168,32.31269230769232,-0.035,65.87961538461539,0.001056,0.000846,0.002973,13.489230769230751,0
714,2024-01-04 08:54:31+00:00,2024-01-04 08:54:31+00:00,33.30333333333333,0.1719047619047619,45.24761904761905,39.41809523809523,31.733333333333334,32.34238095238095,-0.03,65.78476190476192,0.001054,0.000813,0.003051,13.514285714285707,0
715,2024-01-04 08:54:33+00:00,2024-01-04 08:54:33+00:00,37.5836,0.162,45.21040000000001,44.2912,31.748799999999992,32.4176,-0.0332,65.6832,0.001119,0.000877,0.003167,13.461600000000017,0
716,2024-01-04 08:54:34+00:00,2024-01-04 08:54:34+00:00,41.942000000000014,0.1696,45.2116,48.16439999999999,31.7624,32.482800000000005,-0.0316,65.47879999999998,0.001104,0.000832,0.003215,13.449200000000005,0
717,2024-01-04 08:54:35+00:00,2024-01-04 08:54:35+00:00,44.48793103448276,0.1648275862068965,45.183793103448295,51.75724137931034,31.756206896551724,32.51172413793103,-0.0306896551724138,65.31551724137931,0.001066,0.000823,0.003281,13.42758620689657,0
718,2024-01-04 08:54:37+00:00,2024-01-04 08:54:37+00:00,51.70807692307694,0.1876923076923077,45.22038461538462,59.25538461538461,31.80461538461539,32.60192307692308,-0.0315384615384615,65.48346153846154,0.001152,0.000878,0.00346,13.415769230769229,0
719,2024-01-04 08:54:38+00:00,2024-01-04 08:54:38+00:00,55.645555555555575,0.1733333333333334,45.20370370370373,63.79407407407408,31.80370370370369,32.62296296296297,-0.0311111111111111,65.0225925925926,0.001169,0.000823,0.00348,13.400000000000034,0
720,2024-01-04 08:54:39+00:00,2024-01-04 08:54:39+00:00,59.86464285714287,0.1757142857142856,45.23821428571427,67.67928571428568,31.79249999999999,32.734642857142845,-0.0114285714285714,65.06499999999998,0.001272,0.000882,0.00368,13.44571428571428,0
721,2024-01-04 08:54:40+00:00,2024-01-04 08:54:40+00:00,64.74714285714286,0.1678571428571428,45.25249999999999,72.25285714285714,31.792857142857137,32.78357142857143,0.4096428571428571,65.08214285714287,0.001214,0.000853,0.00376,13.459642857142851,0
722,2024-01-04 08:54:42+00:00,2024-01-04 08:54:42+00:00,73.38269230769232,0.1926923076923077,45.26076923076923,81.61307692307693,31.82038461538463,32.9273076923077,0.6969230769230766,65.05346153846155,0.001289,0.000908,0.003969,13.440384615384598,0
723,2024-01-04 08:54:43+00:00,2024-01-04 08:54:43+00:00,77.4903448275862,0.186896551724138,45.26862068965516,86.75655172413792,31.828275862068978,32.93379310344828,0.7358620689655173,64.76,0.001258,0.000901,0.003969,13.44034482758618,0
724,2024-01-04 08:54:44+00:00,2024-01-04 08:54:44+00:00,82.4116129032258,0.1874193548387096,45.27354838709677,92.0887096774194,31.832903225806465,33.035161290322584,0.7932258064516127,64.71612903225805,0.001384,0.001002,0.00419,13.440645161290302,0
725,2024-01-04 08:54:46+00:00,2024-01-04 08:54:46+00:00,92.65275862068964,0.1972413793103449,45.282758620689656,102.69206896551724,31.871034482758613,33.1941379310345,0.891034482758621,64.59379310344829,0.001314,0.000912,0.00427,13.411724137931042,0
726,2024-01-04 08:54:47+00:00,2024-01-04 08:54:47+00:00,96.85933333333332,0.185,45.313333333333325,107.19166666666663,31.888999999999992,33.294,0.9376666666666664,64.29566666666665,0.001329,0.000981,0.004295,13.424333333333331,0
727,2024-01-04 08:54:48+00:00,2024-01-04 08:54:48+00:00,103.83892857142855,0.1942857142857143,45.29035714285714,113.53250000000004,31.89071428571428,33.34250000000001,0.9946428571428572,64.38857142857142,0.001317,0.000969,0.004328,13.399642857142862,0
728,2024-01-04 08:54:50+00:00,2024-01-04 08:54:50+00:00,112.16142857142862,0.1935714285714286,45.30214285714284,123.88749999999992,31.909285714285705,33.545357142857135,1.092857142857143,64.19428571428573,0.001343,0.000995,0.004412,13.392857142857135,0
729,2024-01-04 08:54:51+00:00,2024-01-04 08:54:51+00:00,118.69962962962964,0.1959259259259259,45.25962962962964,130.11444444444444,31.926296296296304,33.5851851851852,1.1392592592592592,64.01777777777778,0.001394,0.000982,0.004542,13.333333333333332,0
730,2024-01-04 08:54:52+00:00,2024-01-04 08:54:52+00:00,123.09857142857147,0.1975,45.36249999999999,135.0071428571429,31.945,33.690357142857145,1.185357142857143,63.735357142857154,0.001412,0.001076,0.004652,13.41749999999999,0
731,2024-01-04 08:54:54+00:00,2024-01-04 08:54:54+00:00,133.8860714285714,0.1975,45.39964285714287,146.225,31.944642857142863,33.84678571428572,1.2828571428571425,63.66357142857144,0.001417,0.000979,0.004752,13.455000000000002,0
732,2024-01-04 08:54:55+00:00,2024-01-04 08:54:55+00:00,139.7382142857143,0.1992857142857143,45.41678571428572,151.46964285714284,31.963928571428585,33.92749999999999,1.3367857142857142,63.37642857142857,0.001474,0.00102,0.004864,13.452857142857138,0
733,2024-01-04 08:54:56+00:00,2024-01-04 08:54:56+00:00,143.3375862068966,0.1879310344827586,45.428965517241394,156.61379310344824,31.9693103448276,34.00655172413792,1.386551724137931,63.472413793103456,0.001444,0.00098,0.004872,13.459655172413797,0
734,2024-01-04 08:54:58+00:00,2024-01-04 08:54:58+00:00,154.3323333333333,0.206,45.48566666666668,167.61766666666662,31.97000000000001,34.16866666666667,1.4826666666666668,63.098000000000006,0.00149,0.001054,0.005054,13.515666666666675,0
735,2024-01-04 08:54:59+00:00,2024-01-04 08:54:59+00:00,159.18583333333336,0.2045833333333333,45.51083333333332,172.70125,31.964166666666674,34.24166666666667,1.5383333333333338,63.01791666666667,0.001571,0.00099,0.005363,13.546666666666647,0
736,2024-01-04 08:55:00+00:00,2024-01-04 08:55:00+00:00,163.0843333333333,0.2216666666666667,45.57899999999998,177.5366666666667,31.977333333333338,34.33500000000001,1.5793333333333337,63.273,0.001604,0.001032,0.005405,13.601666666666642,0
737,2024-01-04 08:55:01+00:00,2024-01-04 08:55:01+00:00,167.5014285714286,0.2053571428571428,45.62071428571429,181.59321428571428,31.98964285714286,34.42285714285714,1.6328571428571426,62.84714285714285,0.001644,0.001,0.005716,13.631071428571431,0
738,2024-01-04 08:55:03+00:00,2024-01-04 08:55:03+00:00,177.32580645161298,0.2164516129032259,45.68354838709679,191.1264516129032,32.00645161290322,34.59129032258065,1.739032258064516,62.52806451612904,0.001671,0.001029,0.005779,13.677096774193572,0
739,2024-01-04 08:55:04+00:00,2024-01-04 08:55:04+00:00,181.26703703703703,0.2114814814814815,45.72851851851853,195.86111111111117,32.03814814814813,34.667037037037026,1.7962962962962965,62.9137037037037,0.001774,0.001039,0.005965,13.690370370370395,0
740,2024-01-04 08:55:05+00:00,2024-01-04 08:55:05+00:00,185.22758620689655,0.2206896551724139,45.77275862068964,200.1644827586207,32.03965517241379,34.715172413793105,1.845862068965517,62.78689655172413,0.001767,0.00103,0.006156,13.733103448275855,0
741,2024-01-04 08:55:07+00:00,2024-01-04 08:55:07+00:00,193.25923076923075,0.2261538461538462,45.8930769230769,208.6653846153846,32.05846153846153,34.87923076923076,1.95,62.51038461538461,0.001837,0.001061,0.006256,13.834615384615375,0
742,2024-01-04 08:55:08+00:00,2024-01-04 08:55:08+00:00,196.2414285714285,0.2014285714285714,45.941428571428574,211.34178571428575,32.054285714285705,34.92964285714286,1.9928571428571424,62.48,0.001867,0.001054,0.006357,13.88714285714287,0
743,2024-01-04 08:55:09+00:00,2024-01-04 08:55:09+00:00,199.18461538461528,0.2192307692307693,46.00615384615383,215.51807692307688,32.07346153846156,34.9573076923077,2.0403846153846144,62.18653846153847,0.001882,0.001073,0.006491,13.932692307692273,0
744,2024-01-04 08:55:11+00:00,2024-01-04 08:55:11+00:00,205.0562962962962,0.2337037037037037,46.16037037037039,221.43703703703693,32.06999999999999,35.088888888888896,2.117407407407408,62.25703703703702,0.001948,0.001052,0.006657,14.090370370370394,0
745,2024-01-04 08:55:12+00:00,2024-01-04 08:55:12+00:00,208.06269230769232,0.2307692307692308,46.22423076923079,223.80999999999997,32.10346153846155,35.082307692307694,2.163076923076924,62.2973076923077,0.00197,0.001068,0.006735,14.120769230769234,0
746,2024-01-04 08:55:13+00:00,2024-01-04 08:55:13+00:00,209.6864285714285,0.2289285714285714,46.267499999999984,226.3328571428571,32.0907142857143,35.1457142857143,2.192857142857144,62.23571428571429,0.00197,0.001057,0.006812,14.176785714285684,0
747,2024-01-04 08:55:16+00:00,2024-01-04 08:55:16+00:00,215.3838461538461,0.2326923076923078,46.45461538461538,232.5234615384616,32.10615384615386,35.308461538461536,2.290384615384616,62.13846153846156,0.001898,0.001053,0.006825,14.34846153846152,0
748,2024-01-04 08:55:17+00:00,2024-01-04 08:55:17+00:00,216.71249999999995,0.2232142857142858,46.5717857142857,233.825,32.09642857142858,35.33607142857144,2.324285714285714,61.87035714285712,0.001932,0.001055,0.006867,14.47535714285712,0
749,2024-01-04 08:55:18+00:00,2024-01-04 08:55:18+00:00,217.38137931034484,0.233448275862069,46.59689655172415,235.0824137931034,32.102068965517255,35.347586206896565,2.34448275862069,61.98206896551725,0.001937,0.001033,0.006925,14.494827586206895,0
750,2024-01-04 08:55:20+00:00,2024-01-04 08:55:20+00:00,220.21692307692317,0.2280769230769231,46.82384615384613,236.56423076923076,32.12307692307692,35.43115384615384,2.378846153846154,62.11615384615384,0.001954,0.001051,0.006964,14.700769230769213,0
751,2024-01-04 08:55:21+00:00,2024-01-04 08:55:21+00:00,219.3857142857143,0.2357142857142857,46.87642857142858,236.9039285714286,32.122142857142855,35.42214285714285,2.389642857142858,61.96535714285714,0.001976,0.001076,0.006984,14.754285714285729,0
752,2024-01-04 08:55:22+00:00,2024-01-04 08:55:22+00:00,219.9726923076923,0.2334615384615384,46.94115384615385,236.52884615384616,32.12653846153846,35.47038461538461,2.3857692307692315,61.97576923076922,0.001933,0.001025,0.006963,14.814615384615394,0
753,2024-01-04 08:55:24+00:00,2024-01-04 08:55:24+00:00,218.1439285714286,0.2332142857142858,47.05392857142857,235.3057142857143,32.1442857142857,35.477142857142866,2.371785714285715,61.75321428571429,0.001936,0.001094,0.00691,14.90964285714287,0
754,2024-01-04 08:55:25+00:00,2024-01-04 08:55:25+00:00,218.9077777777777,0.2233333333333333,47.16666666666666,234.8418518518518,32.15777777777776,35.48111111111112,2.377777777777778,61.66925925925926,0.001904,0.001041,0.006886,15.008888888888904,0
755,2024-01-04 08:55:26+00:00,2024-01-04 08:55:26+00:00,216.2941379310345,0.2337931034482759,47.19344827586208,233.32689655172405,32.15413793103446,35.50206896551724,2.3434482758620696,61.95206896551724,0.00194,0.00105,0.006853,15.03931034482762,0
756,2024-01-04 08:55:28+00:00,2024-01-04 08:55:28+00:00,212.9144000000001,0.2284,47.34479999999999,229.76479999999992,32.149999999999984,35.4996,2.3044,61.99280000000001,0.001892,0.000995,0.006805,15.1948,0
757,2024-01-04 08:55:29+00:00,2024-01-04 08:55:29+00:00,211.08827586206883,0.2231034482758621,47.40689655172414,228.21172413793096,32.18068965517241,35.46827586206895,2.2744827586206897,61.91206896551723,0.00193,0.001076,0.006744,15.22620689655173,0
758,2024-01-04 08:55:30+00:00,2024-01-04 08:55:30+00:00,208.4159259259259,0.2225925925925926,47.4362962962963,226.69703703703712,32.16777777777776,35.46148148148148,2.2570370370370365,61.94925925925928,0.001866,0.001002,0.006689,15.26851851851854,0
759,2024-01-04 08:55:32+00:00,2024-01-04 08:55:32+00:00,204.68551724137936,0.2334482758620689,47.54931034482758,221.9493103448276,32.1755172413793,35.434827586206886,2.190689655172414,61.916206896551714,0.001864,0.001054,0.006581,15.373793103448278,0
760,2024-01-04 08:55:33+00:00,2024-01-04 08:55:33+00:00,200.67115384615389,0.2273076923076923,47.61461538461538,217.69230769230765,32.18961538461541,35.43192307692307,2.1330769230769224,62.51615384615384,0.001839,0.001032,0.006458,15.424999999999976,0
761,2024-01-04 08:55:34+00:00,2024-01-04 08:55:34+00:00,197.81925925925927,0.2211111111111111,47.561481481481465,215.0555555555556,32.21148148148149,35.34,2.0877777777777786,62.41037037037037,0.001828,0.001056,0.006366,15.349999999999971,0
762,2024-01-04 08:55:36+00:00,2024-01-04 08:55:36+00:00,191.0237037037037,0.2125925925925926,47.66222222222223,206.99148148148143,32.20407407407409,35.32814814814815,1.9870370370370365,62.38703703703703,0.001781,0.001049,0.006236,15.458148148148132,0
763,2024-01-04 08:55:37+00:00,2024-01-04 08:55:37+00:00,188.15076923076916,0.2223076923076923,47.64692307692308,203.15769230769232,32.20615384615385,35.26769230769231,1.940769230769231,62.83692307692308,0.001748,0.00101,0.006136,15.440769230769227,0
764,2024-01-04 08:55:38+00:00,2024-01-04 08:55:38+00:00,183.9992592592593,0.2181481481481481,47.69259259259261,198.92592592592595,32.21777777777778,35.2277777777778,1.879629629629629,62.62592592592591,0.001729,0.001075,0.005986,15.474814814814827,0
765,2024-01-04 08:55:39+00:00,2024-01-04 08:55:39+00:00,179.04892857142858,0.2107142857142858,47.65214285714286,194.4475,32.24107142857143,35.160714285714285,1.8325,62.882142857142846,0.001649,0.000996,0.005792,15.411071428571432,0
766,2024-01-04 08:55:41+00:00,2024-01-04 08:55:41+00:00,170.74896551724143,0.2062068965517242,47.727241379310335,185.36586206896555,32.25137931034483,35.10724137931033,1.745862068965517,63.070689655172416,0.001641,0.001014,0.005724,15.475862068965505,0
767,2024-01-04 08:55:42+00:00,2024-01-04 08:55:42+00:00,166.49359999999993,0.2092,47.68400000000001,180.20720000000009,32.26399999999999,35.055200000000006,1.6892000000000005,63.334,0.001586,0.00104,0.005506,15.420000000000025,0
768,2024-01-04 08:55:43+00:00,2024-01-04 08:55:43+00:00,161.45444444444445,0.2022222222222222,47.71259259259259,175.9737037037037,32.273333333333326,35.01999999999999,1.6418518518518517,63.31592592592594,0.001483,0.000992,0.005232,15.439259259259266,0
769,2024-01-04 08:55:45+00:00,2024-01-04 08:55:45+00:00,151.9940740740741,0.2114814814814814,47.65037037037036,165.93296296296296,32.283333333333324,34.843333333333334,1.534814814814815,63.54296296296296,0.001428,0.000989,0.005074,15.367037037037036,0
770,2024-01-04 08:55:46+00:00,2024-01-04 08:55:46+00:00,146.83241379310343,0.1996551724137931,47.65862068965518,160.35,32.284137931034465,34.83724137931035,1.485172413793104,63.59724137931034,0.001408,0.000986,0.004899,15.374482758620715,0
771,2024-01-04 08:55:47+00:00,2024-01-04 08:55:47+00:00,141.3634482758621,0.2062068965517242,47.63724137931034,154.66000000000008,32.29931034482757,34.73413793103448,1.4320689655172405,63.63241379310347,0.001299,0.000942,0.004619,15.337931034482772,0
772,2024-01-04 08:55:49+00:00,2024-01-04 08:55:49+00:00,131.44206896551722,0.1999999999999999,47.62241379310347,144.78344827586204,32.32344827586206,34.67068965517242,1.3362068965517244,63.85793103448277,0.00134,0.001001,0.004605,15.298965517241406,0
773,2024-01-04 08:55:50+00:00,2024-01-04 08:55:50+00:00,125.985,0.1926923076923077,47.58423076923077,138.5846153846154,32.320384615384626,34.60807692307692,1.285,63.85346153846152,0.001342,0.000967,0.004625,15.263846153846146,0
774,2024-01-04 08:55:51+00:00,2024-01-04 08:55:51+00:00,121.0225,0.1978571428571429,47.52821428571429,133.9360714285714,32.325714285714305,34.504999999999995,1.2399999999999998,64.32785714285716,0.00135,0.000979,0.00459,15.20249999999998,0
775,2024-01-04 08:55:53+00:00,2024-01-04 08:55:53+00:00,111.0589285714286,0.1964285714285715,47.46642857142858,122.88142857142854,32.36821428571428,34.39964285714285,1.1492857142857142,64.30250000000002,0.00132,0.00096,0.0045,15.0982142857143,0
776,2024-01-04 08:55:54+00:00,2024-01-04 08:55:54+00:00,105.23740740740742,0.2074074074074075,47.38962962962962,117.50518518518518,32.38814814814814,34.30962962962963,1.0907407407407403,64.26703703703706,0.001298,0.000963,0.004431,15.001481481481475,0
777,2024-01-04 08:55:55+00:00,2024-01-04 08:55:55+00:00,100.8976666666666,0.1883333333333333,47.36033333333333,112.05133333333336,32.379666666666665,34.23500000000001,1.0450000000000004,64.39399999999998,0.001289,0.000937,0.004357,14.980666666666664,0
778,2024-01-04 08:55:57+00:00,2024-01-04 08:55:57+00:00,90.19096774193548,0.19,47.30580645161289,100.46612903225804,32.37806451612903,34.115161290322575,0.938709677419355,64.69193548387095,0.001268,0.000969,0.004245,14.92774193548386,0
779,2024-01-04 08:55:58+00:00,2024-01-04 08:55:58+00:00,84.44275862068963,0.1851724137931034,47.208965517241374,95.21206896551725,32.37344827586207,34.016896551724145,0.884137931034483,65.00172413793102,0.00123,0.000906,0.004069,14.835517241379309,0
780,2024-01-04 08:55:59+00:00,2024-01-04 08:55:59+00:00,80.36958333333335,0.1854166666666667,47.21291666666667,90.03458333333334,32.37541666666667,33.95749999999999,0.8312499999999999,64.88291666666667,0.001159,0.000896,0.003867,14.8375,0
781,2024-01-04 08:56:00+00:00,2024-01-04 08:56:00+00:00,75.56185185185186,0.1844444444444444,47.14481481481481,85.47444444444443,32.38185185185185,33.91222222222222,0.7796296296296297,64.94703703703703,0.001154,0.000867,0.003817,14.76296296296296,0
782,2024-01-04 08:56:02+00:00,2024-01-04 08:56:02+00:00,66.29066666666664,0.1779999999999999,47.03999999999998,75.26799999999999,32.40166666666666,33.75933333333333,0.6769999999999998,65.30466666666668,0.00117,0.000861,0.003761,14.63833333333332,0
783,2024-01-04 08:56:03+00:00,2024-01-04 08:56:03+00:00,61.30555555555557,0.1707407407407407,47.00259259259257,70.44814814814815,32.39962962962962,33.70777777777778,0.6170370370370369,65.06259259259258,0.001063,0.000851,0.003513,14.602962962962948,0
784,2024-01-04 08:56:04+00:00,2024-01-04 08:56:04+00:00,57.47888888888887,0.1718518518518519,46.96962962962963,66.96111111111112,32.403333333333315,33.68222222222222,0.2933333333333333,65.10074074074076,0.001067,0.000789,0.003442,14.566296296296317,0
785,2024-01-04 08:56:06+00:00,2024-01-04 08:56:06+00:00,50.08214285714285,0.1757142857142857,46.83714285714286,58.20821428571429,32.4042857142857,33.520357142857144,-0.0371428571428571,65.33107142857145,0.001043,0.000793,0.003362,14.43285714285716,0
786,2024-01-04 08:56:07+00:00,2024-01-04 08:56:07+00:00,45.49035714285715,0.1642857142857143,46.79500000000001,53.505,32.3992857142857,33.49285714285714,-0.0371428571428571,65.36464285714287,0.000993,0.000773,0.003183,14.395714285714304,0
787,2024-01-04 08:56:08+00:00,2024-01-04 08:56:08+00:00,42.96307692307692,0.1711538461538461,46.743461538461546,51.09346153846153,32.41538461538461,33.416538461538465,-0.04,65.4923076923077,0.000977,0.000768,0.003132,14.328076923076935,0
788,2024-01-04 08:56:10+00:00,2024-01-04 08:56:10+00:00,36.871481481481474,0.1666666666666667,46.68592592592594,43.798518518518506,32.43703703703703,33.36925925925926,-0.0351851851851851,65.61481481481478,0.001054,0.000744,0.002988,14.248888888888914,0
789,2024-01-04 08:56:11+00:00,2024-01-04 08:56:11+00:00,33.62310344827587,0.1620689655172413,46.58172413793101,40.28965517241379,32.44724137931035,33.27896551724139,-0.0355172413793103,65.54517241379311,0.001005,0.00082,0.002972,14.134482758620663,0
790,2024-01-04 08:56:12+00:00,2024-01-04 08:56:12+00:00,31.601999999999997,0.1673333333333334,46.48766666666668,38.22966666666667,32.44866666666668,33.229,-0.039,65.73733333333332,0.000963,0.000732,0.0029,14.038999999999994,0
791,2024-01-04 08:56:14+00:00,2024-01-04 08:56:14+00:00,26.39433333333333,0.1653333333333334,46.41333333333333,33.56366666666665,32.45700000000001,33.21033333333333,-0.036,65.97733333333333,0.001465,0.001423,0.002844,13.956333333333326,0
792,2024-01-04 08:56:15+00:00,2024-01-04 08:56:15+00:00,24.85642857142857,0.1599999999999999,46.33214285714285,31.39428571428572,32.461428571428584,33.16571428571428,-0.0389285714285714,65.94857142857144,0.001081,0.000951,0.002799,13.870714285714264,0
793,2024-01-04 08:56:16+00:00,2024-01-04 08:56:16+00:00,23.102400000000006,0.1636,46.33439999999999,29.07,32.4848,33.178000000000004,-0.04,66.058,0.000946,0.000749,0.002739,13.849599999999988,0
794,2024-01-04 08:56:17+00:00,2024-01-04 08:56:17+00:00,22.155769230769238,0.1703846153846153,46.28230769230769,27.91576923076923,32.48576923076924,33.14807692307693,-0.0392307692307692,65.97153846153847,0.000973,0.000754,0.002653,13.796538461538454,0
795,2024-01-04 08:56:19+00:00,2024-01-04 08:56:19+00:00,20.125185185185188,0.1629629629629629,46.19000000000001,25.51148148148148,32.50999999999999,33.111111111111114,-0.04,65.98111111111112,0.000909,0.000838,0.002678,13.68000000000002,0
796,2024-01-04 08:56:20+00:00,2024-01-04 08:56:20+00:00,20.25500000000001,0.1606666666666667,46.09033333333333,25.529000000000003,32.53733333333332,33.05766666666667,-0.039,65.87033333333333,0.000932,0.000836,0.002609,13.553000000000004,0
797,2024-01-04 08:56:21+00:00,2024-01-04 08:56:21+00:00,19.882500000000004,0.1612499999999999,46.07291666666666,25.177916666666658,32.54374999999998,33.12708333333333,-0.04,65.73208333333334,0.000915,0.00084,0.002649,13.529166666666685,0
798,2024-01-04 08:56:23+00:00,2024-01-04 08:56:23+00:00,19.699285714285715,0.1503571428571428,46.04,25.272142857142853,32.59142857142859,33.10928571428572,-0.0389285714285714,65.83607142857143,0.000948,0.000882,0.002677,13.448571428571412,0
799,2024-01-04 08:56:24+00:00,2024-01-04 08:56:24+00:00,19.927407407407404,0.1674074074074074,45.96925925925928,25.655555555555548,32.58296296296299,33.08666666666667,-0.0403703703703703,66.05555555555557,0.000954,0.000854,0.002617,13.386296296296294,0
800,2024-01-04 08:56:25+00:00,2024-01-04 08:56:25+00:00,21.1425,0.1657142857142857,45.97821428571428,26.754999999999992,32.5882142857143,33.14678571428572,-0.04,66.07535714285716,0.000891,0.000792,0.002708,13.38999999999998,0
801,2024-01-04 08:56:27+00:00,2024-01-04 08:56:27+00:00,23.75148148148148,0.1674074074074074,45.92666666666669,29.90962962962963,32.61518518518519,33.150000000000006,-0.0366666666666666,66.0022222222222,0.000912,0.000737,0.002831,13.311481481481492,0
802,2024-01-04 08:56:28+00:00,2024-01-04 08:56:28+00:00,25.928888888888896,0.1703703703703704,45.918888888888894,31.95777777777777,32.62444444444444,33.18777777777779,-0.0392592592592592,65.60925925925928,0.000926,0.000723,0.00285,13.294444444444451,0
803,2024-01-04 08:56:29+00:00,2024-01-04 08:56:29+00:00,27.94535714285715,0.1707142857142858,45.924642857142864,33.488571428571426,32.63357142857142,33.20964285714287,-0.0375,65.78642857142857,0.000961,0.000758,0.002843,13.291071428571442,0
804,2024-01-04 08:56:31+00:00,2024-01-04 08:56:31+00:00,31.96172413793104,0.1634482758620689,45.91275862068967,38.23137931034482,32.66689655172413,33.2806896551724,-0.0375862068965517,65.94793103448276,0.000957,0.000759,0.002915,13.245862068965543,0
805,2024-01-04 08:56:32+00:00,2024-01-04 08:56:32+00:00,35.10370370370371,0.1644444444444444,45.87925925925925,40.98111111111111,32.673333333333325,33.327777777777776,-0.0388888888888888,65.54740740740742,0.000954,0.000761,0.00292,13.205925925925923,0
806,2024-01-04 08:56:33+00:00,2024-01-04 08:56:33+00:00,37.31999999999999,0.1703571428571428,45.919285714285714,43.9825,32.693928571428586,33.393214285714286,-0.0375,65.57785714285716,0.001092,0.000761,0.003074,13.225357142857128,0
807,2024-01-04 08:56:35+00:00,2024-01-04 08:56:35+00:00,44.265357142857134,0.1753571428571428,45.91928571428572,50.8,32.701071428571446,33.45,-0.0375,65.55142857142856,0.001035,0.000769,0.003122,13.218214285714277,0
808,2024-01-04 08:56:36+00:00,2024-01-04 08:56:36+00:00,47.79862068965517,0.1720689655172413,45.89241379310344,54.40896551724139,32.69724137931035,33.51482758620689,-0.04,65.35586206896551,0.001021,0.000818,0.00325,13.195172413793095,0
809,2024-01-04 08:56:37+00:00,2024-01-04 08:56:37+00:00,50.82821428571429,0.1660714285714286,45.86785714285715,57.57357142857142,32.70785714285715,33.49642857142857,-0.0371428571428571,65.24750000000002,0.001144,0.000841,0.003312,13.159999999999997,0
810,2024-01-04 08:56:38+00:00,2024-01-04 08:56:38+00:00,55.487857142857145,0.1742857142857142,45.91964285714285,62.56357142857145,32.701428571428586,33.57749999999999,-0.0325,65.17499999999998,0.001084,0.0008,0.0035,13.21821428571426,0
811,2024-01-04 08:56:40+00:00,2024-01-04 08:56:40+00:00,64.16111111111111,0.1677777777777778,45.9551851851852,71.31666666666666,32.7088888888889,33.69407407407407,0.4948148148148149,65.00740740740743,0.001123,0.000824,0.00355,13.246296296296292,0
812,2024-01-04 08:56:41+00:00,2024-01-04 08:56:41+00:00,68.30500000000002,0.17875,45.93625,76.40083333333334,32.71791666666667,33.74916666666668,0.6562499999999999,65.07958333333335,0.001218,0.00084,0.00381,13.218333333333334,0
813,2024-01-04 08:56:42+00:00,2024-01-04 08:56:42+00:00,72.37599999999999,0.1872,45.90240000000003,80.93159999999997,32.717600000000004,33.78360000000001,0.7048000000000001,65.3,0.001181,0.000831,0.003865,13.184800000000024,0
814,2024-01-04 08:56:44+00:00,2024-01-04 08:56:44+00:00,81.82642857142856,0.1853571428571429,45.92357142857143,91.08642857142856,32.745357142857145,33.93428571428569,0.8014285714285714,64.65642857142856,0.001196,0.000843,0.003923,13.178214285714285,0
815,2024-01-04 08:56:45+00:00,2024-01-04 08:56:45+00:00,87.73892857142857,0.1960714285714286,45.94928571428573,97.08535714285712,32.74892857142858,34.003571428571426,0.85,64.66714285714286,0.001266,0.000872,0.004157,13.20035714285715,0
816,2024-01-04 08:56:46+00:00,2024-01-04 08:56:46+00:00,91.77920000000002,0.1767999999999999,45.94759999999999,101.0684,32.749599999999994,34.06280000000001,0.9000000000000002,64.658,0.001327,0.000925,0.004326,13.197999999999992,0
817,2024-01-04 08:56:48+00:00,2024-01-04 08:56:48+00:00,102.01428571428572,0.1907142857142857,45.93678571428571,112.37249999999996,32.76999999999999,34.25607142857142,1.0071428571428571,64.5107142857143,0.001341,0.000909,0.004406,13.166785714285725,0
818,2024-01-04 08:56:49+00:00,2024-01-04 08:56:49+00:00,106.81666666666668,0.187037037037037,45.96,117.5144444444444,32.76999999999999,34.344444444444456,1.051851851851852,63.976666666666674,0.001334,0.000931,0.004476,13.190000000000005,0
819,2024-01-04 08:56:50+00:00,2024-01-04 08:56:50+00:00,112.76037037037034,0.1977777777777778,45.97703703703702,123.65370370370368,32.79185185185184,34.446666666666665,1.102962962962963,64.09925925925927,0.001363,0.000957,0.004586,13.185185185185183,0
820,2024-01-04 08:56:52+00:00,2024-01-04 08:56:52+00:00,123.00806451612908,0.1935483870967741,46.02774193548386,133.85451612903225,32.80806451612901,34.57548387096773,1.199354838709677,63.79,0.001414,0.00095,0.004732,13.219677419354852,0
821,2024-01-04 08:56:53+00:00,2024-01-04 08:56:53+00:00,127.10821428571424,0.1953571428571428,46.036785714285706,138.86142857142855,32.80571428571428,34.65749999999999,1.2400000000000002,63.84357142857142,0.001414,0.000948,0.004784,13.231071428571424,0
822,2024-01-04 08:56:54+00:00,2024-01-04 08:56:54+00:00,133.05800000000002,0.1856,45.9876,144.19279999999998,32.81239999999998,34.706,1.2891999999999997,63.6212,0.001385,0.000936,0.004675,13.175200000000018,0
823,2024-01-04 08:56:55+00:00,2024-01-04 08:56:55+00:00,138.92862068965516,0.1941379310344828,46.04862068965515,150.16103448275865,32.81206896551726,34.77827586206897,1.3427586206896551,63.88068965517241,0.001447,0.000934,0.004755,13.23655172413789,0
824,2024-01-04 08:56:57+00:00,2024-01-04 08:56:57+00:00,149.18814814814814,0.2081481481481481,46.09111111111113,161.80518518518517,32.86925925925926,34.965185185185184,1.455185185185185,63.20703703703704,0.001496,0.000953,0.005057,13.221851851851874,0
825,2024-01-04 08:56:58+00:00,2024-01-04 08:56:58+00:00,152.83785714285713,0.2064285714285714,46.15071428571429,166.4385714285714,32.868571428571435,35.058214285714286,1.5039285714285715,63.18357142857145,0.001504,0.00097,0.00512,13.282142857142851,0
826,2024-01-04 08:56:59+00:00,2024-01-04 08:56:59+00:00,158.6496296296296,0.2074074074074074,46.20333333333335,171.47777777777776,32.86333333333334,35.11074074074074,1.5518518518518518,63.06444444444443,0.001579,0.000984,0.005423,13.34000000000001,0
827,2024-01-04 08:57:01+00:00,2024-01-04 08:57:01+00:00,167.37933333333334,0.1946666666666667,46.266,180.525,32.893333333333324,35.290333333333336,1.6579999999999997,62.97166666666665,0.001611,0.000981,0.005521,13.372666666666674,0
828,2024-01-04 08:57:02+00:00,2024-01-04 08:57:02+00:00,172.34148148148148,0.2177777777777777,46.313333333333325,185.83555555555557,32.90629629629628,35.36037037037036,1.712962962962962,63.22592592592592,0.001681,0.001013,0.005761,13.407037037037044,0
829,2024-01-04 08:57:03+00:00,2024-01-04 08:57:03+00:00,176.62750000000008,0.2082142857142856,46.33928571428573,190.0078571428571,32.90357142857142,35.44499999999999,1.771428571428571,62.87214285714284,0.001718,0.001006,0.005915,13.435714285714312,0
830,2024-01-04 08:57:05+00:00,2024-01-04 08:57:05+00:00,185.40730769230765,0.213076923076923,46.45653846153845,199.39846153846156,32.92076923076921,35.565769230769234,1.878461538461539,62.77500000000001,0.001752,0.001074,0.006053,13.53576923076924,0
831,2024-01-04 08:57:06+00:00,2024-01-04 08:57:06+00:00,188.24799999999996,0.2132,46.47840000000001,202.8408,32.926399999999994,35.638000000000005,1.9236000000000004,62.60880000000001,0.001787,0.001002,0.006192,13.552000000000014,0
832,2024-01-04 08:57:07+00:00,2024-01-04 08:57:07+00:00,191.78400000000005,0.2312,46.5172,208.03679999999997,32.96840000000001,35.657999999999994,1.9804000000000004,62.594,0.001839,0.001012,0.00633,13.548799999999993,0
833,2024-01-04 08:57:09+00:00,2024-01-04 08:57:09+00:00,199.3885185185185,0.2255555555555557,46.67259259259259,214.53148148148145,32.94888888888891,35.85,2.074814814814815,62.27518518518519,0.001786,0.000987,0.006369,13.723703703703684,0
834,2024-01-04 08:57:10+00:00,2024-01-04 08:57:10+00:00,201.22758620689652,0.2193103448275863,46.76068965517242,217.17931034482743,32.93793103448279,35.90379310344828,2.116896551724138,62.3148275862069,0.001853,0.001006,0.006508,13.822758620689632,0
835,2024-01-04 08:57:11+00:00,2024-01-04 08:57:11+00:00,204.65000000000003,0.2282142857142857,46.7792857142857,220.6060714285713,32.95678571428572,35.94107142857143,2.161785714285714,62.12857142857141,0.001861,0.001015,0.006634,13.822499999999977,0
836,2024-01-04 08:57:13+00:00,2024-01-04 08:57:13+00:00,208.9433333333333,0.2288888888888889,46.911111111111126,226.59037037037035,32.96074074074075,36.03518518518518,2.240370370370371,62.024444444444455,0.001907,0.001008,0.006749,13.950370370370372,0
837,2024-01-04 08:57:14+00:00,2024-01-04 08:57:14+00:00,211.06333333333325,0.2174074074074073,47.0025925925926,228.23481481481485,32.95555555555558,36.11962962962964,2.28,61.755185185185184,0.001954,0.001008,0.006855,14.047037037037022,0
838,2024-01-04 08:57:15+00:00,2024-01-04 08:57:15+00:00,213.28541666666663,0.2241666666666666,47.07500000000001,230.55458333333328,32.963333333333345,36.15708333333332,2.3145833333333337,61.99541666666666,0.001964,0.001002,0.006879,14.111666666666665,0
839,2024-01-04 08:57:16+00:00,2024-01-04 08:57:16+00:00,216.42500000000007,0.2261538461538461,47.13769230769232,232.67461538461535,32.97153846153848,36.2173076923077,2.353461538461539,61.76884615384616,0.001789,0.000985,0.005494,14.16615384615384,0
840,2024-01-04 08:57:22+00:00,2024-01-04 08:57:22+00:00,220.3207692307692,0.2315384615384615,47.60961538461541,236.0380769230769,32.98769230769232,36.4003846153846,2.4015384615384607,61.97346153846157,0.001993,0.001005,0.007081,14.621923076923087,0
841,2024-01-04 08:57:24+00:00,2024-01-04 08:57:24+00:00,218.63344827586212,0.2444827586206897,47.75517241379309,235.83482758620693,33.02241379310344,36.37655172413794,2.4000000000000004,61.91965517241381,0.001989,0.001011,0.007064,14.732758620689651,0
842,2024-01-04 08:57:26+00:00,2024-01-04 08:57:26+00:00,217.34039999999996,0.222,47.88360000000001,233.63200000000003,33.02479999999999,36.418,2.3808,61.94839999999999,0.001924,0.001008,0.006972,14.858800000000016,0
843,2024-01-04 08:57:27+00:00,2024-01-04 08:57:27+00:00,215.27392857142857,0.2175,47.98285714285716,231.615,33.045357142857135,36.45499999999999,2.3628571428571434,61.948571428571405,0.001891,0.001009,0.006904,14.93750000000002,0
844,2024-01-04 08:57:28+00:00,2024-01-04 08:57:28+00:00,213.15740740740733,0.23,47.97666666666668,230.55407407407404,33.04814814814813,36.40592592592592,2.3377777777777777,62.00666666666667,0.001883,0.001027,0.006838,14.928518518518551,0
845,2024-01-04 08:57:30+00:00,2024-01-04 08:57:30+00:00,208.47357142857132,0.2221428571428571,48.08535714285712,226.0292857142857,33.067142857142855,36.37535714285715,2.273571428571429,62.11678571428571,0.001865,0.000998,0.006754,15.018214285714263,0
846,2024-01-04 08:57:31+00:00,2024-01-04 08:57:31+00:00,206.7984,0.2176,48.1872,223.90920000000003,33.09600000000002,36.4092,2.2500000000000004,62.2212,0.001842,0.000987,0.006722,15.091199999999986,0
847,2024-01-04 08:57:32+00:00,2024-01-04 08:57:32+00:00,204.88333333333327,0.2214814814814815,48.23814814814817,221.38111111111104,33.10111111111112,36.38111111111111,2.2096296296296307,62.290000000000006,0.001837,0.001018,0.006637,15.137037037037048,0
848,2024-01-04 08:57:33+00:00,2024-01-04 08:57:33+00:00,202.2368,0.2232,48.308000000000014,218.13520000000003,33.09720000000001,36.3696,2.162,62.35280000000001,0.001804,0.001021,0.006495,15.210800000000006,0
849,2024-01-04 08:57:35+00:00,2024-01-04 08:57:35+00:00,194.66370370370373,0.2192592592592592,48.33296296296297,211.57999999999987,33.1311111111111,36.28444444444444,2.0677777777777786,62.553333333333335,0.00179,0.001012,0.006428,15.201851851851863,0
850,2024-01-04 08:57:36+00:00,2024-01-04 08:57:36+00:00,191.99629629629635,0.2251851851851852,48.30333333333332,207.3503703703704,33.13185185185185,36.25629629629629,2.02,62.78,0.001741,0.001012,0.006293,15.171481481481472,0
851,2024-01-04 08:57:37+00:00,2024-01-04 08:57:37+00:00,188.1596153846154,0.2123076923076924,48.332307692307694,203.20615384615388,33.140384615384605,36.232692307692304,1.961538461538462,62.35230769230772,0.001692,0.001001,0.006127,15.19192307692309,0
852,2024-01-04 08:57:39+00:00,2024-01-04 08:57:39+00:00,180.5485185185185,0.2188888888888888,48.35481481481484,195.3648148148149,33.16259259259258,36.12111111111111,1.8851851851851849,62.8162962962963,0.001614,0.000995,0.005938,15.192222222222256,0
853,2024-01-04 08:57:40+00:00,2024-01-04 08:57:40+00:00,175.8032,0.2136000000000001,48.36719999999998,190.6916,33.166,36.07359999999999,1.8284,62.91080000000001,0.00156,0.000982,0.005744,15.201199999999986,0
854,2024-01-04 08:57:41+00:00,2024-01-04 08:57:41+00:00,171.06607142857143,0.2192857142857143,48.38285714285716,186.5771428571429,33.16214285714283,36.01571428571428,1.7746428571428567,62.726428571428585,0.001499,0.000973,0.005538,15.220714285714324,0
855,2024-01-04 08:57:43+00:00,2024-01-04 08:57:43+00:00,162.0448387096774,0.1983870967741935,48.36935483870967,175.64645161290315,33.182258064516134,35.86999999999999,1.6687096774193544,63.50838709677421,0.001462,0.000974,0.005354,15.187096774193536,0
856,2024-01-04 08:57:44+00:00,2024-01-04 08:57:44+00:00,156.7,0.2010714285714286,48.38857142857143,171.07142857142858,33.18785714285717,35.85178571428572,1.6150000000000004,63.157500000000006,0.00147,0.000958,0.005248,15.200714285714264,0
857,2024-01-04 08:57:45+00:00,2024-01-04 08:57:45+00:00,153.8436,0.1976,48.35960000000002,166.30880000000002,33.1972,35.76719999999999,1.5596000000000003,63.38440000000001,0.00137,0.000961,0.005012,15.16240000000002,0
858,2024-01-04 08:57:47+00:00,2024-01-04 08:57:47+00:00,142.03884615384618,0.2046153846153846,48.268076923076926,155.4023076923077,33.204615384615394,35.66615384615384,1.4542307692307692,64.04884615384618,0.001359,0.000977,0.004899,15.063461538461532,0
859,2024-01-04 08:57:48+00:00,2024-01-04 08:57:48+00:00,137.1685185185185,0.1959259259259259,48.29,149.8896296296296,33.2162962962963,35.60962962962962,1.4133333333333336,63.73629629629632,0.001329,0.000939,0.004705,15.0737037037037,0
860,2024-01-04 08:57:49+00:00,2024-01-04 08:57:49+00:00,132.65133333333333,0.1896666666666667,48.28266666666664,144.8456666666666,33.228000000000016,35.55866666666667,1.3640000000000008,63.83533333333332,0.001345,0.000943,0.004702,15.054666666666629,0
861,2024-01-04 08:57:51+00:00,2024-01-04 08:57:51+00:00,121.77586206896554,0.1868965517241379,48.22758620689658,133.8931034482759,33.23517241379311,35.44275862068965,1.256551724137931,63.73413793103448,0.00132,0.000943,0.004616,14.992413793103474,0
862,2024-01-04 08:57:52+00:00,2024-01-04 08:57:52+00:00,116.82625,0.18375,48.16750000000001,128.56708333333327,33.258333333333326,35.319583333333334,1.2145833333333336,64.09291666666665,0.0013,0.000945,0.004516,14.909166666666684,0
863,2024-01-04 08:57:53+00:00,2024-01-04 08:57:53+00:00,111.31407407407411,0.1792592592592592,48.12777777777775,123.03259259259254,33.25222222222222,35.29333333333334,1.1644444444444442,64.22111111111111,0.001297,0.000956,0.00451,14.875555555555527,0
864,2024-01-04 08:57:54+00:00,2024-01-04 08:57:54+00:00,106.19961538461536,0.1830769230769231,48.09269230769231,117.225,33.255384615384614,35.21269230769231,1.1138461538461542,64.05692307692307,0.001302,0.00097,0.004479,14.837307692307697,0
865,2024-01-04 08:57:56+00:00,2024-01-04 08:57:56+00:00,95.65,0.1846428571428571,48.0125,106.92285714285713,33.252857142857145,35.07500000000002,1.0214285714285718,64.6489285714286,0.001277,0.000936,0.004362,14.759642857142858,0
866,2024-01-04 08:57:57+00:00,2024-01-04 08:57:57+00:00,90.3034482758621,0.1775862068965518,47.98241379310343,100.84827586206896,33.26517241379309,35.00758620689656,0.96,64.8296551724138,0.001299,0.000929,0.004271,14.717241379310344,0
867,2024-01-04 08:57:58+00:00,2024-01-04 08:57:58+00:00,86.38740740740742,0.1807407407407408,47.90777777777779,95.8737037037037,33.27259259259259,34.92555555555556,0.904074074074074,64.82,0.001197,0.000894,0.004129,14.6351851851852,0
868,2024-01-04 08:58:00+00:00,2024-01-04 08:58:00+00:00,75.35827586206895,0.18,47.82310344827585,85.7537931034483,33.292068965517224,34.80517241379311,0.8065517241379311,64.87620689655172,0.001149,0.000861,0.003915,14.531034482758628,0
869,2024-01-04 08:58:01+00:00,2024-01-04 08:58:01+00:00,71.87379310344826,0.1741379310344827,47.77724137931035,80.81827586206899,33.31379310344828,34.74172413793103,0.7548275862068965,65.11413793103448,0.001146,0.000846,0.003814,14.46344827586207,0
870,2024-01-04 08:58:02+00:00,2024-01-04 08:58:02+00:00,67.6872,0.1764,47.70519999999998,76.24680000000001,33.2952,34.71279999999999,0.7048000000000002,65.18,0.001197,0.000852,0.003793,14.409999999999975,0
871,2024-01-04 08:58:04+00:00,2024-01-04 08:58:04+00:00,58.17655172413794,0.176551724137931,47.60793103448276,66.98689655172412,33.3341379310345,34.60758620689655,0.3944827586206896,65.57827586206896,0.001103,0.000826,0.003645,14.273793103448265,0
872,2024-01-04 08:58:05+00:00,2024-01-04 08:58:05+00:00,53.92038461538462,0.1773076923076922,47.56576923076921,62.86269230769229,33.34500000000001,34.50000000000001,0.0003846153846153,65.3546153846154,0.001019,0.000791,0.0034,14.2207692307692,0
873,2024-01-04 08:58:06+00:00,2024-01-04 08:58:06+00:00,50.35678571428572,0.1778571428571429,47.47250000000002,58.58964285714286,33.33928571428573,34.467499999999994,-0.04,65.5275,0.001032,0.000771,0.003402,14.133214285714288,0
874,2024-01-04 08:58:08+00:00,2024-01-04 08:58:08+00:00,43.682307692307695,0.1723076923076923,47.37038461538461,50.73576923076923,33.365,34.36076923076922,-0.0346153846153846,65.55846153846153,0.000974,0.000767,0.003221,14.005384615384608,0
875,2024-01-04 08:58:09+00:00,2024-01-04 08:58:09+00:00,40.56517241379309,0.1634482758620689,47.35689655172414,47.25551724137932,33.37379310344828,34.39586206896553,-0.04,65.63965517241381,0.001019,0.000746,0.003132,13.983103448275862,0
876,2024-01-04 08:58:10+00:00,2024-01-04 08:58:10+00:00,37.59758620689656,0.1741379310344827,47.27137931034481,44.45344827586207,33.382413793103446,34.2641379310345,-0.04,65.55827586206897,0.000975,0.00082,0.003028,13.888965517241369,0
877,2024-01-04 08:58:12+00:00,2024-01-04 08:58:12+00:00,31.70653846153846,0.1746153846153846,47.19846153846152,38.72692307692309,33.398846153846144,34.231153846153845,-0.0392307692307692,65.78807692307694,0.000923,0.000727,0.002972,13.79961538461538,0
878,2024-01-04 08:58:13+00:00,2024-01-04 08:58:13+00:00,29.553200000000007,0.1631999999999999,47.13839999999999,35.6816,33.41719999999999,34.171200000000006,-0.0396,65.8656,0.000902,0.000763,0.002873,13.721200000000003,0
879,2024-01-04 08:58:14+00:00,2024-01-04 08:58:14+00:00,27.207096774193563,0.1838709677419354,47.08645161290321,34.19677419354839,33.41483870967741,34.1383870967742,-0.04,66.03129032258066,0.000956,0.000797,0.002853,13.6716129032258,0
880,2024-01-04 08:58:15+00:00,2024-01-04 08:58:15+00:00,25.206296296296298,0.1737037037037036,47.00444444444447,31.685185185185198,33.40999999999998,34.098888888888894,-0.04,66.15222222222224,0.000889,0.00077,0.002767,13.594444444444484,0
881,2024-01-04 08:58:17+00:00,2024-01-04 08:58:17+00:00,22.84846153846153,0.1788461538461538,46.896923076923095,29.05,33.448076923076925,34.02038461538462,-0.04,66.29153846153844,0.000937,0.000794,0.002817,13.44884615384617,0
882,2024-01-04 08:58:18+00:00,2024-01-04 08:58:18+00:00,21.032857142857143,0.17,46.89142857142857,27.038571428571437,33.44178571428571,34.069285714285705,-0.04,65.96964285714286,0.000906,0.000767,0.002719,13.449642857142862,0
883,2024-01-04 08:58:19+00:00,2024-01-04 08:58:19+00:00,20.47892857142857,0.1542857142857143,46.858571428571416,26.50892857142856,33.429285714285705,34.10107142857144,-0.04,66.09142857142857,0.000908,0.000823,0.002686,13.429285714285712,0
884,2024-01-04 08:58:21+00:00,2024-01-04 08:58:21+00:00,19.78916666666667,0.1770833333333333,46.73291666666668,25.545833333333324,33.47041666666667,34.01333333333333,-0.0404166666666666,65.88583333333332,0.001012,0.000897,0.002767,13.262500000000005,0
885,2024-01-04 08:58:22+00:00,2024-01-04 08:58:22+00:00,19.550357142857145,0.1610714285714286,46.678928571428585,26.13821428571429,33.469285714285725,33.971428571428575,-0.04,66.075,0.000943,0.000808,0.002697,13.20964285714286,0
886,2024-01-04 08:58:23+00:00,2024-01-04 08:58:23+00:00,19.44407407407407,0.157037037037037,46.662962962962986,25.908888888888896,33.48037037037039,33.970000000000006,-0.04,66.18666666666668,0.001134,0.001114,0.00275,13.1825925925926,0
887,2024-01-04 08:58:25+00:00,2024-01-04 08:58:25+00:00,22.56827586206896,0.1737931034482759,46.57724137931033,27.669655172413783,33.50655172413793,34.01379310344827,-0.0406896551724138,65.92172413793102,0.000961,0.000797,0.002771,13.0706896551724,0
888,2024-01-04 08:58:26+00:00,2024-01-04 08:58:26+00:00,22.022962962962968,0.1681481481481481,46.58074074074073,27.896296296296292,33.50444444444444,34.03888888888889,-0.0407407407407407,65.86000000000001,0.000881,0.000764,0.002748,13.076296296296292,0
889,2024-01-04 08:58:27+00:00,2024-01-04 08:58:27+00:00,24.00678571428572,0.1571428571428572,46.54571428571428,30.096785714285712,33.50642857142857,34.032500000000006,-0.04,65.48285714285716,0.000987,0.000762,0.002912,13.039285714285704,0
890,2024-01-04 08:58:29+00:00,2024-01-04 08:58:29+00:00,27.565384615384616,0.16,46.57115384615384,33.379615384615384,33.532692307692294,34.10076923076924,-0.04,65.87115384615383,0.000911,0.000748,0.002919,13.038461538461547,0
891,2024-01-04 08:58:30+00:00,2024-01-04 08:58:30+00:00,29.685,0.1553846153846154,46.560769230769225,34.85269230769231,33.53307692307691,34.14153846153846,-0.04,65.55884615384618,0.000934,0.000831,0.002931,13.027692307692313,0
892,2024-01-04 08:58:31+00:00,2024-01-04 08:58:31+00:00,31.56777777777777,0.1703703703703704,46.5548148148148,37.8025925925926,33.53037037037037,34.16222222222221,-0.04,65.73592592592593,0.000957,0.000755,0.002969,13.024444444444434,0
893,2024-01-04 08:58:32+00:00,2024-01-04 08:58:32+00:00,34.534400000000005,0.1648,46.526,40.890800000000006,33.53159999999998,34.20559999999999,-0.04,65.68799999999999,0.00095,0.000753,0.003021,12.994400000000011,0
894,2024-01-04 08:58:34+00:00,2024-01-04 08:58:34+00:00,40.34120000000001,0.1776,46.53959999999999,47.2136,33.569200000000016,34.2488,-0.04,65.38920000000002,0.00105,0.000769,0.003159,12.970399999999977,0
895,2024-01-04 08:58:35+00:00,2024-01-04 08:58:35+00:00,43.82299999999999,0.1693333333333332,46.52866666666667,50.66366666666666,33.581666666666685,34.29566666666666,-0.04,65.67899999999997,0.001015,0.000765,0.00322,12.946999999999989,0
896,2024-01-04 08:58:36+00:00,2024-01-04 08:58:36+00:00,46.89928571428572,0.1692857142857142,46.52321428571428,53.558928571428574,33.5907142857143,34.332857142857144,-0.04,65.42250000000001,0.001068,0.000758,0.003302,12.932499999999983,0
897,2024-01-04 08:58:38+00:00,2024-01-04 08:58:38+00:00,54.50923076923079,0.1715384615384616,46.55923076923076,61.48884615384615,33.58269230769232,34.471538461538465,-0.0369230769230769,65.22576923076925,0.001098,0.000887,0.003482,12.97653846153844,0
898,2024-01-04 08:58:39+00:00,2024-01-04 08:58:39+00:00,58.4890322580645,0.1770967741935483,46.4974193548387,66.22870967741937,33.604838709677416,34.47516129032258,0.0764516129032258,65.1641935483871,0.001113,0.000828,0.003505,12.89258064516128,0
899,2024-01-04 08:58:40+00:00,2024-01-04 08:58:40+00:00,63.13166666666667,0.1766666666666667,46.48333333333333,70.87733333333335,33.61733333333334,34.553000000000004,0.4640000000000002,64.82366666666665,0.001158,0.000832,0.003752,12.865999999999984,0
900,2024-01-04 08:58:42+00:00,2024-01-04 08:58:42+00:00,72.25499999999998,0.1742307692307692,46.53769230769229,79.92961538461537,33.610384615384625,34.704615384615394,0.707692307692308,65.125,0.001179,0.000856,0.00388,12.927307692307664,0
901,2024-01-04 08:58:43+00:00,2024-01-04 08:58:43+00:00,76.26384615384617,0.1915384615384615,46.59807692307694,85.16961538461538,33.615,34.768846153846155,0.7550000000000001,64.69538461538463,0.001182,0.000854,0.003911,12.983076923076936,0
902,2024-01-04 08:58:44+00:00,2024-01-04 08:58:44+00:00,80.87142857142855,0.1660714285714285,46.56678571428571,89.40857142857142,33.642142857142844,34.82178571428572,0.8025,64.67321428571428,0.001256,0.000888,0.004101,12.924642857142864,0
903,2024-01-04 08:58:46+00:00,2024-01-04 08:58:46+00:00,91.30193548387096,0.1809677419354838,46.578387096774165,100.50000000000004,33.6516129032258,34.96903225806453,0.9103225806451616,64.5506451612903,0.001333,0.000907,0.004295,12.926774193548368,0
904,2024-01-04 08:58:47+00:00,2024-01-04 08:58:47+00:00,96.48807692307692,0.1773076923076923,46.566153846153846,105.28692307692306,33.65653846153845,35.057307692307695,0.9634615384615384,64.32692307692308,0.001352,0.00092,0.004474,12.909615384615392,0
905,2024-01-04 08:58:48+00:00,2024-01-04 08:58:48+00:00,101.09370370370372,0.1896296296296295,46.60518518518517,111.03592592592594,33.66185185185184,35.10814814814815,1.0196296296296292,64.38185185185186,0.001386,0.000932,0.004571,12.943333333333328,0
906,2024-01-04 08:58:50+00:00,2024-01-04 08:58:50+00:00,110.73607142857144,0.1707142857142858,46.56964285714285,121.17142857142856,33.66642857142857,35.26964285714284,1.099642857142857,63.89321428571428,0.001445,0.001006,0.004686,12.903214285714284,0
907,2024-01-04 08:58:51+00:00,2024-01-04 08:58:51+00:00,116.39103448275864,0.1886206896551725,46.61862068965516,127.81793103448275,33.67793103448275,35.34172413793103,1.1637931034482758,64.00034482758622,0.001448,0.000957,0.004797,12.940689655172411,0
908,2024-01-04 08:58:52+00:00,2024-01-04 08:58:52+00:00,121.16759999999998,0.1967999999999999,46.6544,133.5996,33.67999999999998,35.40399999999999,1.2063999999999997,63.9688,0.001486,0.000969,0.004851,12.974400000000024,0
909,2024-01-04 08:58:53+00:00,2024-01-04 08:58:53+00:00,126.89153846153846,0.1903846153846154,46.6476923076923,139.2819230769231,33.677692307692304,35.53615384615384,1.263076923076923,63.67961538461538,0.001428,0.000981,0.004786,12.97,0
910,2024-01-04 08:58:55+00:00,2024-01-04 08:58:55+00:00,136.97703703703706,0.1974074074074074,46.68740740740741,149.41962962962964,33.70851851851854,35.689259259259266,1.3548148148148154,63.735185185185166,0.001455,0.000956,0.004836,12.978888888888877,0
911,2024-01-04 08:58:56+00:00,2024-01-04 08:58:56+00:00,143.4951851851852,0.205925925925926,46.75481481481479,154.7614814814815,33.744814814814816,35.76296296296296,1.4085185185185194,63.63629629629632,0.001556,0.000965,0.005126,13.009999999999977,0
912,2024-01-04 08:58:57+00:00,2024-01-04 08:58:57+00:00,146.85566666666665,0.2033333333333333,46.755,159.86400000000003,33.75266666666666,35.82033333333332,1.4539999999999993,63.57633333333334,0.001517,0.000944,0.00513,13.002333333333333,0
913,2024-01-04 08:58:59+00:00,2024-01-04 08:58:59+00:00,157.18499999999997,0.1908333333333333,46.85166666666666,170.22166666666666,33.7625,36.02708333333332,1.5612500000000002,62.95291666666668,0.00157,0.000969,0.005386,13.089166666666664,0
914,2024-01-04 08:59:00+00:00,2024-01-04 08:59:00+00:00,162.659,0.2113333333333333,46.85366666666669,176.01066666666665,33.77566666666665,36.08566666666666,1.6196666666666666,62.82133333333332,0.00155,0.000984,0.005449,13.078000000000038,0
915,2024-01-04 08:59:01+00:00,2024-01-04 08:59:01+00:00,166.10777777777767,0.2196296296296296,46.90925925925927,180.5692592592592,33.792222222222215,36.17222222222223,1.675555555555556,63.13148148148148,0.001622,0.000989,0.005705,13.117037037037058,0
916,2024-01-04 08:59:03+00:00,2024-01-04 08:59:03+00:00,176.0076666666666,0.2156666666666667,46.94000000000001,189.6596666666667,33.78799999999999,36.31633333333334,1.786333333333334,62.71733333333331,0.001642,0.000981,0.005805,13.152000000000022,0
917,2024-01-04 08:59:04+00:00,2024-01-04 08:59:04+00:00,178.98037037037037,0.2211111111111112,47.04074074074073,194.23777777777775,33.786296296296285,36.39333333333333,1.8407407407407408,62.84592592592593,0.001703,0.000977,0.006004,13.254444444444443,0
918,2024-01-04 08:59:05+00:00,2024-01-04 08:59:05+00:00,183.99275862068973,0.2172413793103448,47.08482758620688,198.54620689655167,33.80620689655174,36.48310344827586,1.8989655172413784,62.86482758620689,0.00176,0.001005,0.00617,13.278620689655137,0
919,2024-01-04 08:59:07+00:00,2024-01-04 08:59:07+00:00,191.49500000000003,0.2203571428571429,47.23142857142857,207.22642857142856,33.814642857142864,36.625714285714274,2.016071428571429,62.67321428571429,0.001816,0.001033,0.006324,13.416785714285709,0
920,2024-01-04 08:59:08+00:00,2024-01-04 08:59:08+00:00,195.82357142857143,0.2225,47.26285714285713,210.69928571428576,33.80821428571428,36.66857142857142,2.057500000000001,62.32857142857144,0.001865,0.001002,0.006476,13.45464285714285,0
921,2024-01-04 08:59:09+00:00,2024-01-04 08:59:09+00:00,197.7533333333333,0.2096666666666666,47.33033333333332,213.39033333333336,33.82966666666668,36.75099999999998,2.091333333333333,62.197333333333326,0.001932,0.001029,0.006611,13.50066666666664,0
922,2024-01-04 08:59:10+00:00,2024-01-04 08:59:10+00:00,201.81500000000003,0.2203333333333334,47.37966666666669,216.68633333333327,33.84033333333335,36.80399999999999,2.151,62.11933333333332,0.001941,0.001012,0.006733,13.53933333333334,0
923,2024-01-04 08:59:12+00:00,2024-01-04 08:59:12+00:00,207.09800000000004,0.222,47.531666666666666,222.79766666666671,33.83833333333335,36.91466666666667,2.230000000000001,61.76999999999999,0.001957,0.001028,0.006804,13.693333333333314,0
924,2024-01-04 08:59:13+00:00,2024-01-04 08:59:13+00:00,209.1074074074074,0.2333333333333334,47.59222222222224,226.00333333333333,33.862592592592605,36.9811111111111,2.271851851851852,62.11925925925927,0.001932,0.001039,0.006831,13.729629629629637,0
925,2024-01-04 08:59:14+00:00,2024-01-04 08:59:14+00:00,211.57068965517243,0.2241379310344828,47.66103448275862,227.89862068965525,33.8748275862069,37.015172413793096,2.308275862068966,62.03862068965518,0.001949,0.001022,0.006918,13.786206896551723,0
926,2024-01-04 08:59:16+00:00,2024-01-04 08:59:16+00:00,214.99892857142865,0.2217857142857142,47.82499999999999,231.2146428571428,33.87642857142857,37.096428571428575,2.375000000000001,61.72107142857145,0.001974,0.001023,0.006981,13.94857142857142,0
927,2024-01-04 08:59:17+00:00,2024-01-04 08:59:17+00:00,216.6706896551724,0.2272413793103449,47.874827586206926,232.68172413793096,33.88965517241378,37.14827586206896,2.3927586206896554,61.8451724137931,0.001992,0.001007,0.007026,13.985172413793144,0
928,2024-01-04 08:59:18+00:00,2024-01-04 08:59:18+00:00,217.1256,0.2288,47.973200000000006,233.6836,33.90079999999998,37.17359999999999,2.4295999999999998,61.857600000000005,0.001994,0.001011,0.007085,14.072400000000023,0
929,2024-01-04 08:59:24+00:00,2024-01-04 08:59:24+00:00,217.8086666666667,0.2296666666666666,48.41233333333333,235.58533333333332,33.93500000000001,37.37066666666668,2.4786666666666672,62.30766666666667,0.001975,0.00103,0.007074,14.47733333333332,0
930,2024-01-04 08:59:25+00:00,2024-01-04 08:59:25+00:00,217.7,0.2357692307692308,48.51499999999999,234.59576923076924,33.9523076923077,37.34884615384616,2.464615384615384,61.92769230769232,0.001949,0.001026,0.007038,14.562692307692297,0
931,2024-01-04 08:59:26+00:00,2024-01-04 08:59:26+00:00,216.1082142857144,0.2303571428571428,48.57214285714287,233.84892857142856,33.963214285714294,37.38678571428572,2.451428571428572,61.7557142857143,0.001952,0.001024,0.007032,14.60892857142857,0
932,2024-01-04 08:59:28+00:00,2024-01-04 08:59:28+00:00,214.27038461538453,0.2246153846153847,48.72884615384616,230.89384615384623,33.96846153846155,37.38461538461539,2.4123076923076927,61.82076923076925,0.001933,0.001021,0.006943,14.760384615384616,0
933,2024-01-04 08:59:29+00:00,2024-01-04 08:59:29+00:00,211.59517241379305,0.2324137931034482,48.783448275862064,229.05896551724132,33.978965517241384,37.405172413793096,2.3831034482758624,62.22965517241377,0.001918,0.001022,0.006909,14.80448275862068,0
934,2024-01-04 08:59:30+00:00,2024-01-04 08:59:30+00:00,209.64230769230764,0.2096153846153846,48.78999999999999,225.9676923076923,33.986923076923084,37.36692307692309,2.346923076923077,62.07461538461537,0.001885,0.00103,0.006801,14.803076923076908,0
935,2024-01-04 08:59:31+00:00,2024-01-04 08:59:31+00:00,206.8836,0.2172000000000001,48.8472,223.7824,34.014799999999994,37.3596,2.3111999999999986,62.1696,0.001909,0.001026,0.006763,14.832400000000009,0
936,2024-01-04 08:59:33+00:00,2024-01-04 08:59:33+00:00,202.94071428571425,0.2246428571428572,48.96071428571429,218.23642857142852,34.01499999999999,37.30607142857144,2.231785714285714,62.59892857142859,0.001857,0.00103,0.006665,14.945714285714295,0
937,2024-01-04 08:59:34+00:00,2024-01-04 08:59:34+00:00,199.7852173913044,0.2147826086956522,48.99304347826087,214.8447826086956,34.0191304347826,37.27260869565218,2.1795652173913047,62.71391304347826,0.001843,0.001027,0.006546,14.973913043478262,0
938,2024-01-04 08:59:35+00:00,2024-01-04 08:59:35+00:00,195.1260714285715,0.2071428571428571,49.018214285714286,211.2353571428571,34.02142857142856,37.27107142857142,2.132142857142857,62.15642857142854,0.001798,0.001026,0.006413,14.996785714285728,0
939,2024-01-04 08:59:37+00:00,2024-01-04 08:59:37+00:00,189.54000000000008,0.2100000000000001,49.10599999999999,204.16,34.0476,37.18559999999999,2.0332000000000003,62.6204,0.001765,0.001027,0.006313,15.058399999999992,0
940,2024-01-04 08:59:38+00:00,2024-01-04 08:59:38+00:00,184.74307692307696,0.213076923076923,49.08000000000001,200.0307692307692,34.065000000000005,37.12038461538461,1.98076923076923,62.64692307692307,0.00174,0.001046,0.006196,15.015000000000008,0
941,2024-01-04 08:59:39+00:00,2024-01-04 08:59:39+00:00,181.4992857142857,0.1964285714285714,49.11464285714284,195.42535714285717,34.08035714285715,37.115,1.9367857142857143,62.543928571428566,0.001655,0.001044,0.006001,15.034285714285687,0
942,2024-01-04 08:59:41+00:00,2024-01-04 08:59:41+00:00,172.31862068965512,0.2062068965517242,49.09758620689655,187.4641379310345,34.08206896551725,37.00172413793104,1.8362068965517249,62.834827586206885,0.001583,0.001005,0.005749,15.0155172413793,0
943,2024-01-04 08:59:42+00:00,2024-01-04 08:59:42+00:00,166.78370370370376,0.204074074074074,49.14111111111109,181.45222222222213,34.082222222222235,36.93703703703704,1.7685185185185175,63.295925925925935,0.00157,0.001013,0.005676,15.05888888888886,0
944,2024-01-04 08:59:43+00:00,2024-01-04 08:59:43+00:00,162.9830769230769,0.205,49.10653846153848,177.69576923076923,34.103076923076934,36.86884615384616,1.7234615384615388,63.285,0.001513,0.000995,0.005408,15.003461538461544,0
945,2024-01-04 08:59:45+00:00,2024-01-04 08:59:45+00:00,153.26481481481477,0.1981481481481481,49.06481481481481,167.0181481481481,34.123703703703704,36.7525925925926,1.6092592592592598,63.12259259259263,0.00152,0.000982,0.005352,14.941111111111104,0
946,2024-01-04 08:59:46+00:00,2024-01-04 08:59:46+00:00,148.29480000000004,0.1995999999999999,49.06280000000001,162.3436,34.149199999999986,36.71960000000001,1.5544000000000004,63.462,0.001416,0.000951,0.005032,14.913600000000024,0
947,2024-01-04 08:59:47+00:00,2024-01-04 08:59:47+00:00,143.87423076923076,0.1911538461538462,49.03307692307691,156.69076923076923,34.15807692307691,36.65153846153847,1.498846153846153,63.350769230769245,0.001411,0.000966,0.004938,14.875,0
948,2024-01-04 08:59:49+00:00,2024-01-04 08:59:49+00:00,132.68833333333333,0.1936666666666666,48.995333333333335,145.709,34.160333333333305,36.54033333333333,1.3930000000000005,63.88066666666667,0.001409,0.000975,0.004867,14.83500000000003,0
949,2024-01-04 08:59:50+00:00,2024-01-04 08:59:50+00:00,127.23769230769228,0.1903846153846154,48.97,140.0226923076923,34.180384615384604,36.46076923076924,1.3361538461538456,63.67576923076925,0.001382,0.000941,0.004733,14.789615384615397,0
950,2024-01-04 08:59:51+00:00,2024-01-04 08:59:51+00:00,122.63296296296292,0.1955555555555555,48.935925925925936,134.57888888888886,34.18,36.42518518518518,1.2925925925925934,63.851111111111095,0.001361,0.000958,0.004693,14.755925925925936,0
951,2024-01-04 08:59:52+00:00,2024-01-04 08:59:52+00:00,117.07518518518516,0.1851851851851851,48.945925925925934,129.3459259259259,34.20851851851853,36.36037037037036,1.243703703703703,64.18888888888888,0.001367,0.000941,0.004631,14.737407407407405,0
952,2024-01-04 08:59:54+00:00,2024-01-04 08:59:54+00:00,106.95935483870969,0.1893548387096774,48.85677419354837,118.22193548387096,34.221290322580664,36.22774193548387,1.1435483870967738,64.28741935483872,0.001373,0.000957,0.004607,14.635483870967704,0
953,2024-01-04 08:59:55+00:00,2024-01-04 08:59:55+00:00,101.99807692307698,0.1846153846153846,48.787692307692296,112.63769230769228,34.238846153846154,36.154230769230765,1.096923076923077,64.34769230769233,0.001389,0.000952,0.004555,14.548846153846142,0
954,2024-01-04 08:59:56+00:00,2024-01-04 08:59:56+00:00,97.23035714285712,0.1782142857142857,48.77035714285714,107.21857142857148,34.24535714285714,36.080714285714286,1.0510714285714289,64.45214285714287,0.001368,0.000916,0.004428,14.525000000000006,0
955,2024-01-04 08:59:58+00:00,2024-01-04 08:59:58+00:00,86.74,0.1767857142857143,48.64428571428573,96.01428571428572,34.25071428571429,35.963214285714294,0.9414285714285716,64.56357142857142,0.001263,0.0009,0.004189,14.39357142857144,0
956,2024-01-04 08:59:59+00:00,2024-01-04 08:59:59+00:00,82.02259259259262,0.1703703703703703,48.62407407407407,90.92111111111112,34.26814814814814,35.87148148148148,0.8774074074074073,64.73703703703704,0.001253,0.000878,0.00414,14.35592592592593,0
957,2024-01-04 09:00:00+00:00,2024-01-04 09:00:00+00:00,76.60666666666667,0.1744444444444444,48.59074074074073,85.66666666666667,34.279259259259256,35.832962962962974,0.8233333333333331,64.70222222222222,0.001217,0.000856,0.004016,14.311481481481472,0
958,2024-01-04 09:00:02+00:00,2024-01-04 09:00:02+00:00,67.3103846153846,0.1711538461538462,48.47730769230771,76.24499999999999,34.31115384615384,35.70346153846155,0.7192307692307696,65.10461538461539,0.001156,0.000864,0.003855,14.166153846153868,0
959,2024-01-04 09:00:03+00:00,2024-01-04 09:00:03+00:00,63.2482142857143,0.1632142857142857,48.3817857142857,71.3375,34.30392857142856,35.617142857142845,0.6764285714285716,64.95142857142858,0.00117,0.000819,0.003799,14.07785714285714,0
960,2024-01-04 09:00:04+00:00,2024-01-04 09:00:04+00:00,59.157,0.1696666666666667,48.36166666666665,67.588,34.31333333333335,35.560333333333325,0.6289999999999998,65.21666666666667,0.001124,0.000806,0.003621,14.048333333333304,0
961,2024-01-04 09:00:06+00:00,2024-01-04 09:00:06+00:00,51.51499999999998,0.1803571428571428,48.26785714285715,59.3692857142857,34.311428571428564,35.43964285714284,-0.0432142857142857,65.44000000000001,0.001119,0.000794,0.003474,13.956428571428589,0
962,2024-01-04 09:00:07+00:00,2024-01-04 09:00:07+00:00,47.94275862068964,0.1672413793103448,48.2,55.27275862068966,34.31413793103449,35.4051724137931,-0.04,65.32689655172416,0.001088,0.000777,0.00338,13.885862068965508,0
963,2024-01-04 09:00:08+00:00,2024-01-04 09:00:08+00:00,43.73962962962964,0.1696296296296296,48.15925925925925,51.22296296296295,34.31703703703701,35.370370370370374,-0.0462962962962963,65.46814814814816,0.001028,0.000791,0.003209,13.84222222222224,0
964,2024-01-04 09:00:09+00:00,2024-01-04 09:00:09+00:00,40.563103448275854,0.1713793103448276,48.000689655172415,47.96586206896551,34.35275862068967,35.2906896551724,-0.0403448275862069,65.61655172413792,0.001075,0.000754,0.003145,13.647931034482744,0
965,2024-01-04 09:00:11+00:00,2024-01-04 09:00:11+00:00,34.44703703703705,0.164074074074074,47.9003703703704,40.99444444444446,34.36000000000001,35.193333333333335,-0.0411111111111111,65.62407407407407,0.000998,0.000744,0.003078,13.54037037037039,0
966,2024-01-04 09:00:12+00:00,2024-01-04 09:00:12+00:00,32.04148148148148,0.147037037037037,47.9125925925926,37.71925925925925,34.3451851851852,35.17814814814816,-0.0444444444444444,66.02185185185186,0.000967,0.000739,0.003004,13.5674074074074,0
967,2024-01-04 09:00:13+00:00,2024-01-04 09:00:13+00:00,29.40937499999999,0.1640625,47.84093749999998,35.4203125,34.35781250000002,35.111250000000005,-0.0415625,65.71062500000002,0.000959,0.000734,0.002901,13.48312499999996,0
968,2024-01-04 09:00:15+00:00,2024-01-04 09:00:15+00:00,25.85769230769231,0.1546153846153846,47.73730769230771,31.691923076923064,34.37730769230769,35.08307692307692,-0.0488461538461538,66.04615384615387,0.000976,0.000797,0.002838,13.36000000000002,0
969,2024-01-04 09:00:16+00:00,2024-01-04 09:00:16+00:00,23.78851851851852,0.1644444444444444,47.68296296296298,29.480740740740742,34.38518518518518,35.07185185185185,-0.0429629629629629,65.95888888888891,0.000932,0.000782,0.00286,13.297777777777805,0
970,2024-01-04 09:00:17+00:00,2024-01-04 09:00:17+00:00,22.871785714285725,0.1414285714285714,47.65071428571431,27.779642857142854,34.40249999999998,35.09321428571428,-0.0428571428571428,65.9782142857143,0.000947,0.000796,0.002759,13.248214285714326,0
971,2024-01-04 09:00:19+00:00,2024-01-04 09:00:19+00:00,20.57392857142857,0.1564285714285714,47.55357142857142,25.16535714285714,34.43500000000001,35.032500000000006,-0.0471428571428571,66.06178571428573,0.000932,0.000794,0.002736,13.118571428571414,0
972,2024-01-04 09:00:20+00:00,2024-01-04 09:00:20+00:00,19.71586206896552,0.1558620689655172,47.48310344827588,25.59896551724138,34.44310344827585,35.001724137931035,-0.0458620689655172,65.88689655172413,0.000912,0.000828,0.002712,13.040000000000028,0
973,2024-01-04 09:00:21+00:00,2024-01-04 09:00:21+00:00,19.20333333333334,0.157,47.45766666666668,25.185666666666663,34.438333333333325,35.02266666666667,-0.0456666666666666,66.10300000000002,0.000933,0.000902,0.002713,13.01933333333335,0
974,2024-01-04 09:00:23+00:00,2024-01-04 09:00:23+00:00,20.164285714285715,0.1614285714285714,47.34714285714285,25.37392857142857,34.45250000000001,34.997142857142855,-0.045,66.21249999999999,0.000934,0.000824,0.00272,12.89464285714284,0
975,2024-01-04 09:00:24+00:00,2024-01-04 09:00:24+00:00,19.844399999999997,0.1512,47.3468,25.71520000000001,34.44920000000001,35.0208,-0.0448,65.94999999999999,0.000936,0.00082,0.002733,12.897599999999985,0
976,2024-01-04 09:00:25+00:00,2024-01-04 09:00:25+00:00,21.75615384615385,0.1546153846153846,47.3123076923077,26.53115384615385,34.44730769230769,35.005,-0.0473076923076923,65.86423076923077,0.000929,0.000947,0.002794,12.865000000000007,0
977,2024-01-04 09:00:27+00:00,2024-01-04 09:00:27+00:00,23.86807692307693,0.158076923076923,47.26192307692308,29.395769230769226,34.485,35.07038461538462,-0.0415384615384615,65.87038461538461,0.000934,0.000832,0.00285,12.776923076923085,0
978,2024-01-04 09:00:28+00:00,2024-01-04 09:00:28+00:00,25.880740740740745,0.1503703703703703,47.28703703703704,30.56851851851852,34.511851851851844,35.05555555555556,-0.047037037037037,65.7725925925926,0.001058,0.000738,0.00293,12.775185185185194,0
979,2024-01-04 09:00:29+00:00,2024-01-04 09:00:29+00:00,26.811923076923083,0.168076923076923,47.25692307692308,32.66576923076924,34.51769230769229,35.09461538461538,-0.0426923076923077,66.05730769230767,0.000949,0.000737,0.002954,12.739230769230788,0
980,2024-01-04 09:00:30+00:00,2024-01-04 09:00:30+00:00,28.677499999999984,0.1657142857142857,47.26214285714286,34.45642857142857,34.51,35.112500000000004,-0.0410714285714285,66.04892857142856,0.001181,0.000753,0.002941,12.752142857142864,0
981,2024-01-04 09:00:32+00:00,2024-01-04 09:00:32+00:00,33.225,0.1564285714285714,47.26107142857143,39.51892857142856,34.51321428571428,35.17035714285715,-0.0435714285714285,65.57392857142858,0.001122,0.000746,0.003016,12.74785714285715,0
982,2024-01-04 09:00:33+00:00,2024-01-04 09:00:33+00:00,36.711290322580645,0.1751612903225806,47.22129032258063,43.865161290322575,34.53709677419353,35.2041935483871,-0.0409677419354838,65.71838709677418,0.00101,0.000767,0.003085,12.6841935483871,0
983,2024-01-04 09:00:34+00:00,2024-01-04 09:00:34+00:00,39.8004,0.1767999999999999,47.17919999999997,46.9476,34.539999999999985,35.20280000000002,-0.0428,65.50040000000001,0.001051,0.000776,0.003186,12.639199999999988,0
984,2024-01-04 09:00:36+00:00,2024-01-04 09:00:36+00:00,45.70807692307694,0.1834615384615385,47.18192307692311,53.95269230769232,34.56884615384617,35.3126923076923,-0.04,65.8196153846154,0.001132,0.000803,0.003306,12.61307692307694,0
985,2024-01-04 09:00:37+00:00,2024-01-04 09:00:37+00:00,49.97892857142856,0.1642857142857142,47.18071428571428,57.077142857142846,34.59285714285716,35.37285714285715,-0.0414285714285714,65.32285714285713,0.001096,0.000887,0.003398,12.587857142857125,0
986,2024-01-04 09:00:38+00:00,2024-01-04 09:00:38+00:00,54.50521739130434,0.1773913043478261,47.23956521739132,61.02391304347828,34.58956521739132,35.41521739130435,-0.0430434782608695,65.19478260869563,0.001221,0.000821,0.003492,12.65,0
987,2024-01-04 09:00:40+00:00,2024-01-04 09:00:40+00:00,61.92346153846153,0.1723076923076923,47.25192307692308,69.85692307692308,34.59384615384616,35.52653846153846,0.6092307692307692,65.33769230769231,0.001227,0.000818,0.003683,12.65807692307692,0
988,2024-01-04 09:00:41+00:00,2024-01-04 09:00:41+00:00,66.23814814814814,0.1688888888888888,47.26555555555555,74.21444444444444,34.58481481481483,35.61888888888888,0.6662962962962964,65.15962962962963,0.001206,0.000851,0.003802,12.680740740740724,0
989,2024-01-04 09:00:42+00:00,2024-01-04 09:00:42+00:00,71.20749999999995,0.1746428571428571,47.269642857142856,78.9903571428571,34.595000000000006,35.67249999999999,0.7167857142857145,65.01928571428572,0.001244,0.000852,0.003938,12.67464285714285,0
990,2024-01-04 09:00:44+00:00,2024-01-04 09:00:44+00:00,81.45633333333335,0.179,47.278000000000006,89.70766666666668,34.617000000000004,35.81066666666666,0.8203333333333332,64.776,0.001341,0.000883,0.004168,12.661,0
991,2024-01-04 09:00:45+00:00,2024-01-04 09:00:45+00:00,85.12958333333331,0.1970833333333334,47.251666666666665,94.46916666666664,34.62624999999999,35.87458333333334,0.872083333333333,64.63416666666666,0.001323,0.000879,0.004231,12.625416666666672,0
992,2024-01-04 09:00:46+00:00,2024-01-04 09:00:46+00:00,90.89259259259258,0.18,47.25148148148148,99.32740740740738,34.63814814814813,35.95925925925925,0.9181481481481484,64.6503703703704,0.00141,0.00089,0.004394,12.613333333333344,0
993,2024-01-04 09:00:47+00:00,2024-01-04 09:00:47+00:00,94.96964285714284,0.1792857142857143,47.28357142857141,103.79464285714285,34.65142857142855,36.05607142857144,0.9703571428571428,64.41142857142856,0.001453,0.000925,0.004564,12.63214285714286,0
994,2024-01-04 09:00:49+00:00,2024-01-04 09:00:49+00:00,105.46071428571426,0.1928571428571428,47.302142857142826,116.21142857142854,34.6592857142857,36.21642857142857,1.078928571428571,64.51428571428572,0.0015,0.000937,0.004595,12.642857142857125,0
995,2024-01-04 09:00:50+00:00,2024-01-04 09:00:50+00:00,110.31370370370368,0.1966666666666666,47.310740740740734,121.20851851851856,34.66296296296294,36.26185185185185,1.1244444444444446,64.09074074074076,0.00151,0.000929,0.00466,12.64777777777779,0
996,2024-01-04 09:00:51+00:00,2024-01-04 09:00:51+00:00,115.77000000000004,0.184,47.32679999999999,126.3204,34.669199999999975,36.3612,1.173200000000001,63.91480000000001,0.001571,0.000931,0.004813,12.657600000000016,0
997,2024-01-04 09:00:53+00:00,2024-01-04 09:00:53+00:00,125.70481481481475,0.2044444444444444,47.340740740740735,138.10666666666668,34.72037037037038,36.545925925925935,1.2703703703703708,63.98444444444444,0.001589,0.000924,0.004872,12.620370370370352,0
998,2024-01-04 09:00:54+00:00,2024-01-04 09:00:54+00:00,131.9444444444444,0.1877777777777777,47.354444444444425,143.2585185185185,34.72407407407408,36.60444444444444,1.3166666666666669,63.76925925925924,0.001597,0.000963,0.004898,12.630370370370343,0
999,2024-01-04 09:00:55+00:00,2024-01-04 09:00:55+00:00,135.84592592592594,0.1925925925925926,47.42037037037039,148.60555555555553,34.71666666666668,36.70740740740741,1.3714814814814813,63.67111111111111,0.001604,0.000921,0.00492,12.703703703703702,0
1000,2024-01-04 09:00:57+00:00,2024-01-04 09:00:57+00:00,148.0323076923077,0.1953846153846153,47.45730769230768,160.3992307692308,34.75269230769231,36.855,1.4915384615384617,63.473461538461535,0.001619,0.000914,0.005106,12.704615384615373,0
1001,2024-01-04 09:00:58+00:00,2024-01-04 09:00:58+00:00,153.27038461538467,0.2084615384615385,47.53038461538462,164.64999999999998,34.73961538461539,36.94153846153847,1.528461538461538,63.62192307692309,0.001592,0.000936,0.005307,12.790769230769229,0
1002,2024-01-04 09:00:59+00:00,2024-01-04 09:00:59+00:00,157.23555555555558,0.1944444444444444,47.50444444444444,169.97074074074075,34.74370370370371,37.01074074074074,1.592962962962963,62.96148148148149,0.001613,0.000946,0.005422,12.76074074074073,0
1003,2024-01-04 09:01:01+00:00,2024-01-04 09:01:01+00:00,165.75769230769225,0.2053846153846154,47.59807692307693,179.5103846153846,34.76576923076922,37.19846153846154,1.7038461538461531,62.837692307692336,0.001648,0.00096,0.005514,12.8323076923077,0
1004,2024-01-04 09:01:02+00:00,2024-01-04 09:01:02+00:00,170.77357142857142,0.2039285714285714,47.64607142857143,184.22714285714275,34.77464285714284,37.26142857142856,1.7646428571428576,62.86357142857144,0.00171,0.000985,0.00583,12.871428571428597,0
1005,2024-01-04 09:01:03+00:00,2024-01-04 09:01:03+00:00,175.3828571428571,0.2117857142857143,47.72821428571429,188.9053571428572,34.80821428571428,37.357857142857135,1.8210714285714285,62.69142857142856,0.00173,0.000967,0.005891,12.920000000000009,0
1006,2024-01-04 09:01:05+00:00,2024-01-04 09:01:05+00:00,182.96571428571437,0.2103571428571428,47.82071428571428,196.95107142857145,34.798214285714266,37.48821428571427,1.9289285714285715,62.68035714285713,0.001818,0.001008,0.006145,13.022500000000017,0
1007,2024-01-04 09:01:06+00:00,2024-01-04 09:01:06+00:00,186.8592307692308,0.2173076923076923,47.876538461538445,202.0253846153846,34.799615384615365,37.58461538461538,1.9865384615384616,62.53423076923077,0.001823,0.000998,0.006219,13.07692307692308,0
1008,2024-01-04 09:01:07+00:00,2024-01-04 09:01:07+00:00,190.39142857142855,0.2078571428571428,47.89678571428574,204.92928571428564,34.8175,37.62142857142857,2.0317857142857148,62.35785714285716,0.001888,0.000993,0.006423,13.07928571428574,0
1009,2024-01-04 09:01:08+00:00,2024-01-04 09:01:08+00:00,194.4782758620689,0.2151724137931034,47.962758620689655,209.6431034482759,34.814137931034466,37.68344827586208,2.093448275862069,62.08103448275863,0.001927,0.001,0.006585,13.14862068965519,0
1010,2024-01-04 09:01:10+00:00,2024-01-04 09:01:10+00:00,202.0648275862069,0.2248275862068965,48.09344827586206,216.75,34.83172413793105,37.83103448275863,2.191034482758621,62.346896551724136,0.001958,0.001008,0.006655,13.261724137931012,0
1011,2024-01-04 09:01:11+00:00,2024-01-04 09:01:11+00:00,204.6655555555556,0.2266666666666667,48.19333333333333,219.2551851851851,34.83555555555555,37.87037037037036,2.2288888888888883,62.42592592592592,0.001981,0.001039,0.006711,13.357777777777777,0
1012,2024-01-04 09:01:12+00:00,2024-01-04 09:01:12+00:00,206.2403571428572,0.2125,48.22071428571429,222.16642857142853,34.84071428571429,37.93107142857144,2.2678571428571432,62.22535714285716,0.001976,0.000984,0.006654,13.379999999999995,0
1013,2024-01-04 09:01:19+00:00,2024-01-04 09:01:19+00:00,218.86533333333335,0.2186666666666668,48.76733333333332,234.66266666666655,34.89733333333332,38.24333333333333,2.4803333333333324,61.92533333333334,0.001968,0.001004,0.00595,13.869999999999996,0
1014,2024-01-04 09:01:20+00:00,2024-01-04 09:01:20+00:00,219.01040000000003,0.2204,48.85039999999999,235.2956,34.91,38.30599999999998,2.4756,61.98000000000002,0.001972,0.000993,0.006582,13.940399999999997,0
1015,2024-01-04 09:01:22+00:00,2024-01-04 09:01:22+00:00,218.66692307692304,0.2238461538461537,49.009615384615365,236.4142307692308,34.94653846153847,38.35038461538463,2.50076923076923,61.75769230769232,0.001925,0.001004,0.00634,14.063076923076892,0
1016,2024-01-04 09:01:23+00:00,2024-01-04 09:01:23+00:00,219.71148148148143,0.2359259259259259,49.074074074074055,236.2985185185185,34.942222222222235,38.322592592592585,2.4988888888888887,62.09370370370369,0.001981,0.001,0.006769,14.13185185185182,0
1017,2024-01-04 09:01:24+00:00,2024-01-04 09:01:24+00:00,217.7,0.2322222222222222,49.16259259259259,235.32703703703692,34.97037037037038,38.37814814814815,2.486296296296296,62.147037037037066,0.001939,0.001003,0.006494,14.192222222222206,0
1018,2024-01-04 09:01:25+00:00,2024-01-04 09:01:25+00:00,218.38548387096773,0.2325806451612904,49.27225806451612,234.42387096774183,34.979032258064514,38.38870967741936,2.4751612903225806,61.86290322580647,0.001917,0.00099,0.006223,14.29322580645161,0
1019,2024-01-04 09:01:27+00:00,2024-01-04 09:01:27+00:00,215.6033333333334,0.238,49.41733333333334,232.37233333333336,35.001999999999995,38.39066666666668,2.4590000000000014,62.058,0.001909,0.00101,0.006771,14.415333333333344,0
1020,2024-01-04 09:01:28+00:00,2024-01-04 09:01:28+00:00,212.39642857142863,0.2160714285714286,49.471071428571456,229.57750000000007,34.99714285714286,38.36107142857143,2.428928571428572,62.05357142857141,0.001898,0.001027,0.006903,14.473928571428594,0
1021,2024-01-04 09:01:29+00:00,2024-01-04 09:01:29+00:00,213.0292,0.2092,49.500800000000005,228.5896,35.02639999999999,38.372400000000006,2.410399999999999,61.98360000000003,0.001898,0.001024,0.006707,14.474400000000015,0
1022,2024-01-04 09:01:31+00:00,2024-01-04 09:01:31+00:00,207.6118518518519,0.2088888888888889,49.5951851851852,224.07333333333327,35.02999999999998,38.346296296296295,2.3429629629629627,61.80222222222225,0.001869,0.001022,0.006552,14.56518518518522,0
1023,2024-01-04 09:01:32+00:00,2024-01-04 09:01:32+00:00,206.20806451612916,0.2270967741935484,49.65580645161293,221.45999999999995,35.02774193548386,38.29451612903225,2.2996774193548384,62.33935483870966,0.001858,0.001024,0.006496,14.628064516129072,0
1024,2024-01-04 09:01:33+00:00,2024-01-04 09:01:33+00:00,202.73119999999997,0.2,49.72560000000001,217.9048,35.027599999999985,38.2924,2.2576000000000005,61.9328,0.00183,0.001004,0.006376,14.698000000000022,0
1025,2024-01-04 09:01:35+00:00,2024-01-04 09:01:35+00:00,196.94821428571427,0.2071428571428571,49.77714285714286,212.0721428571429,35.0575,38.227500000000006,2.166071428571428,62.34250000000002,0.001809,0.001009,0.00611,14.719642857142864,0
1026,2024-01-04 09:01:36+00:00,2024-01-04 09:01:36+00:00,193.03153846153845,0.2207692307692307,49.81346153846154,208.4315384615384,35.05423076923077,38.215,2.139230769230769,62.52615384615386,0.001772,0.000978,0.006219,14.759230769230768,0
1027,2024-01-04 09:01:37+00:00,2024-01-04 09:01:37+00:00,189.811,0.209,49.82266666666668,204.62766666666664,35.08100000000002,38.16266666666666,2.093666666666667,62.29633333333333,0.001685,0.000989,0.006426,14.74166666666666,0
1028,2024-01-04 09:01:39+00:00,2024-01-04 09:01:39+00:00,180.42666666666668,0.2174074074074075,49.88148148148149,196.48666666666657,35.10962962962964,38.07888888888889,1.9796296296296296,62.71925925925926,0.001602,0.000991,0.006214,14.77185185185185,0
1029,2024-01-04 09:01:40+00:00,2024-01-04 09:01:40+00:00,177.2,0.2116000000000001,49.86119999999999,191.78760000000003,35.10960000000001,38.07440000000001,1.916,62.84520000000001,0.001597,0.000985,0.00616,14.751599999999982,0
1030,2024-01-04 09:01:41+00:00,2024-01-04 09:01:41+00:00,173.2282142857143,0.2075,49.88607142857145,187.4235714285714,35.10464285714287,38.0125,1.8596428571428576,62.92964285714286,0.001546,0.000988,0.005909,14.781428571428576,0
1031,2024-01-04 09:01:43+00:00,2024-01-04 09:01:43+00:00,163.72769230769228,0.2015384615384615,49.84769230769231,177.75307692307695,35.141153846153834,37.86807692307691,1.7557692307692307,63.09692307692311,0.001561,0.00098,0.005836,14.70653846153848,0
1032,2024-01-04 09:01:44+00:00,2024-01-04 09:01:44+00:00,159.28413793103445,0.1937931034482758,49.87517241379312,172.55482758620687,35.15517241379309,37.827931034482766,1.700344827586207,63.105862068965486,0.001485,0.000991,0.005605,14.720000000000027,0
1033,2024-01-04 09:01:45+00:00,2024-01-04 09:01:45+00:00,153.6603571428571,0.2078571428571429,49.89178571428572,167.62500000000003,35.15285714285712,37.792142857142856,1.6367857142857136,63.69250000000002,0.001526,0.000998,0.005445,14.738928571428596,0
1034,2024-01-04 09:01:46+00:00,2024-01-04 09:01:46+00:00,149.6675,0.1925,49.87583333333334,161.9354166666667,35.14791666666665,37.73125000000001,1.5775,63.37958333333335,0.001533,0.000969,0.005376,14.727916666666689,0
1035,2024-01-04 09:01:48+00:00,2024-01-04 09:01:48+00:00,138.62846153846158,0.1842307692307692,49.74923076923078,151.07576923076925,35.16807692307693,37.60076923076923,1.4673076923076922,63.53807692307691,0.001506,0.000962,0.005238,14.581153846153846,0
1036,2024-01-04 09:01:49+00:00,2024-01-04 09:01:49+00:00,133.18703703703704,0.1929629629629629,49.76518518518519,145.81259259259255,35.17555555555554,37.52444444444444,1.4155555555555557,63.79703703703704,0.001496,0.000963,0.005039,14.589629629629648,0
1037,2024-01-04 09:01:50+00:00,2024-01-04 09:01:50+00:00,128.0311538461538,0.1819230769230769,49.72576923076924,140.8280769230769,35.17961538461537,37.46115384615385,1.3665384615384617,63.74192307692306,0.001462,0.000955,0.00496,14.54615384615387,0
1038,2024-01-04 09:01:52+00:00,2024-01-04 09:01:52+00:00,117.6207407407407,0.1792592592592592,49.68777777777778,129.27777777777783,35.20666666666668,37.32851851851852,1.2614814814814812,64.3525925925926,0.001461,0.000947,0.00489,14.481111111111105,0
1039,2024-01-04 09:01:53+00:00,2024-01-04 09:01:53+00:00,113.38896551724136,0.1779310344827586,49.66,124.01448275862067,35.21586206896553,37.27206896551724,1.2206896551724136,64.26448275862067,0.001477,0.000966,0.004854,14.444137931034476,0
1040,2024-01-04 09:01:54+00:00,2024-01-04 09:01:54+00:00,107.5396428571429,0.1832142857142857,49.6042857142857,118.92857142857147,35.23857142857143,37.17428571428571,1.1721428571428565,64.28678571428571,0.001385,0.000976,0.004799,14.365714285714269,0
1041,2024-01-04 09:01:56+00:00,2024-01-04 09:01:56+00:00,97.1927586206896,0.1872413793103448,49.49344827586207,107.79206896551727,35.23241379310346,37.03896551724137,1.0696551724137933,64.43758620689654,0.001343,0.000956,0.004662,14.261034482758603,0
1042,2024-01-04 09:01:57+00:00,2024-01-04 09:01:57+00:00,92.92360000000002,0.1784,49.48360000000002,103.06359999999997,35.23360000000001,37.021200000000015,1.0223999999999995,64.63479999999998,0.001328,0.000978,0.004465,14.250000000000009,0
1043,2024-01-04 09:01:58+00:00,2024-01-04 09:01:58+00:00,87.12222222222225,0.1766666666666666,49.47666666666668,96.9274074074074,35.255185185185184,36.949259259259264,0.9603703703703708,64.81407407407409,0.001301,0.000917,0.004384,14.221481481481495,0
1044,2024-01-04 09:02:00+00:00,2024-01-04 09:02:00+00:00,78.26392857142856,0.1842857142857143,49.33142857142855,87.28892857142857,35.260714285714286,36.8032142857143,0.8485714285714284,65.05678571428571,0.001246,0.000912,0.004288,14.070714285714269,0
1045,2024-01-04 09:02:01+00:00,2024-01-04 09:02:01+00:00,72.46285714285716,0.1724999999999999,49.28678571428571,81.75214285714286,35.27964285714283,36.74428571428572,0.7903571428571431,64.78357142857142,0.001118,0.000882,0.00397,14.00714285714288,0
1046,2024-01-04 09:02:02+00:00,2024-01-04 09:02:02+00:00,68.39964285714287,0.1732142857142857,49.22714285714288,77.0760714285714,35.296428571428564,36.66035714285714,0.7435714285714284,65.05785714285717,0.001122,0.000903,0.003946,13.930714285714316,0
1047,2024-01-04 09:02:04+00:00,2024-01-04 09:02:04+00:00,59.87758620689654,0.1775862068965517,49.13620689655172,68.06965517241379,35.29482758620688,36.53344827586207,0.6417241379310348,65.23241379310346,0.001158,0.000825,0.003741,13.84137931034484,0
1048,2024-01-04 09:02:05+00:00,2024-01-04 09:02:05+00:00,55.54000000000002,0.1687096774193548,49.02967741935483,63.14935483870968,35.29032258064514,36.46903225806453,0.3938709677419355,65.53290322580645,0.001058,0.000848,0.003668,13.739354838709694,0
1049,2024-01-04 09:02:06+00:00,2024-01-04 09:02:06+00:00,51.93000000000002,0.1737037037037037,48.96925925925928,59.35407407407408,35.29370370370371,36.44111111111111,-0.0222222222222222,65.42,0.001024,0.000793,0.003543,13.675555555555569,0
1050,2024-01-04 09:02:07+00:00,2024-01-04 09:02:07+00:00,48.45346153846154,0.1607692307692308,48.89807692307692,55.21423076923075,35.316923076923075,36.39384615384616,-0.05,65.46692307692308,0.001023,0.00079,0.003406,13.581153846153846,0
1051,2024-01-04 09:02:09+00:00,2024-01-04 09:02:09+00:00,41.13172413793102,0.1672413793103448,48.84758620689654,47.236896551724136,35.30931034482758,36.27379310344829,-0.05,65.59034482758622,0.000999,0.000811,0.003314,13.538275862068955,0
1052,2024-01-04 09:02:10+00:00,2024-01-04 09:02:10+00:00,37.27120000000001,0.1576,48.77120000000001,43.99,35.33400000000001,36.2096,-0.05,65.80400000000002,0.000972,0.000773,0.003205,13.437199999999995,0
1053,2024-01-04 09:02:11+00:00,2024-01-04 09:02:11+00:00,34.81678571428571,0.1589285714285714,48.70035714285715,41.99250000000001,35.350000000000016,36.18571428571428,-0.0467857142857143,65.72785714285713,0.00094,0.000803,0.003141,13.350357142857137,0
1054,2024-01-04 09:02:13+00:00,2024-01-04 09:02:13+00:00,30.07517241379312,0.1606896551724137,48.603448275862064,35.29344827586208,35.350689655172424,36.14172413793104,-0.05,65.84793103448274,0.000934,0.000808,0.003039,13.25275862068964,0
1055,2024-01-04 09:02:14+00:00,2024-01-04 09:02:14+00:00,27.039230769230773,0.1576923076923077,48.53692307692308,33.43615384615386,35.36192307692308,36.085,-0.05,65.79346153846156,0.000899,0.000788,0.00297,13.175000000000004,0
1056,2024-01-04 09:02:15+00:00,2024-01-04 09:02:15+00:00,26.0325,0.1614285714285714,48.5025,31.42250000000001,35.37571428571428,36.05214285714286,-0.0489285714285714,66.17107142857144,0.000951,0.000776,0.002944,13.126785714285717,0
1057,2024-01-04 09:02:17+00:00,2024-01-04 09:02:17+00:00,22.01555555555556,0.1648148148148149,48.39962962962964,28.203333333333333,35.39074074074073,36.045185185185176,-0.05,66.11,0.000924,0.000811,0.002871,13.008888888888904,0
1058,2024-01-04 09:02:18+00:00,2024-01-04 09:02:18+00:00,21.8928,0.1523999999999999,48.334,26.2652,35.38199999999999,36.0404,-0.0512,66.146,0.000884,0.000807,0.002837,12.952000000000012,0
1059,2024-01-04 09:02:19+00:00,2024-01-04 09:02:19+00:00,20.616896551724142,0.1537931034482758,48.306896551724144,25.823793103448278,35.40482758620688,36.02172413793103,-0.05,66.27137931034483,0.000891,0.000865,0.002829,12.902068965517266,0
1060,2024-01-04 09:02:21+00:00,2024-01-04 09:02:21+00:00,19.51730769230769,0.1576923076923077,48.21884615384616,24.51192307692309,35.43230769230768,36.019615384615385,-0.05,66.04538461538462,0.000967,0.000845,0.002849,12.786538461538475,0
1061,2024-01-04 09:02:22+00:00,2024-01-04 09:02:22+00:00,20.16586206896552,0.183448275862069,48.13965517241378,25.27827586206895,35.46000000000002,35.97275862068967,-0.0486206896551724,66.33448275862071,0.000955,0.000862,0.002802,12.67965517241376,0
1062,2024-01-04 09:02:23+00:00,2024-01-04 09:02:23+00:00,19.79888888888889,0.164074074074074,48.06222222222221,24.86925925925926,35.462962962962976,35.94814814814816,-0.05,66.06555555555553,0.000894,0.000909,0.002832,12.599259259259236,0
1063,2024-01-04 09:02:24+00:00,2024-01-04 09:02:24+00:00,20.3351724137931,0.1620689655172413,48.009999999999984,25.891379310344828,35.47586206896553,35.93827586206898,-0.05,66.08068965517242,0.000898,0.00086,0.002825,12.53413793103445,0
1064,2024-01-04 09:02:26+00:00,2024-01-04 09:02:26+00:00,21.450800000000005,0.16,48.01480000000001,26.864,35.489200000000004,35.992000000000004,-0.05,65.9468,0.000965,0.000826,0.002855,12.525600000000004,0
1065,2024-01-04 09:02:27+00:00,2024-01-04 09:02:27+00:00,23.392903225806453,0.1532258064516129,48.02516129032256,29.104516129032262,35.504838709677415,36.01838709677419,-0.05,65.56387096774193,0.001006,0.000787,0.002954,12.520322580645145,0
1066,2024-01-04 09:02:28+00:00,2024-01-04 09:02:28+00:00,24.41428571428571,0.1610714285714285,47.989285714285735,29.922499999999992,35.52892857142856,36.00714285714286,-0.05,66.115,0.000901,0.000779,0.003012,12.460357142857177,0
1067,2024-01-04 09:02:30+00:00,2024-01-04 09:02:30+00:00,28.88214285714286,0.1625,47.9757142857143,33.957142857142856,35.53142857142856,36.0517857142857,-0.05,65.64535714285714,0.000925,0.000772,0.003047,12.44428571428574,0
1068,2024-01-04 09:02:31+00:00,2024-01-04 09:02:31+00:00,30.77206896551725,0.1534482758620689,47.92344827586208,35.89137931034484,35.5306896551724,36.05931034482758,-0.0489655172413793,65.83310344827584,0.000937,0.000846,0.003095,12.392758620689676,0
1069,2024-01-04 09:02:32+00:00,2024-01-04 09:02:32+00:00,32.72888888888889,0.1607407407407407,47.95518518518519,38.96518518518518,35.52666666666665,36.10148148148147,-0.05,65.63814814814816,0.000972,0.00076,0.00316,12.428518518518535,0
1070,2024-01-04 09:02:34+00:00,2024-01-04 09:02:34+00:00,39.65384615384615,0.1734615384615385,47.92961538461538,45.17807692307692,35.54346153846153,36.19807692307692,-0.05,65.64615384615385,0.000986,0.000791,0.003203,12.386153846153851,0
1071,2024-01-04 09:02:35+00:00,2024-01-04 09:02:35+00:00,42.1056,0.1596,47.9832,48.1064,35.56520000000001,36.24799999999999,-0.05,65.6168,0.001069,0.000791,0.003287,12.417999999999992,0
1072,2024-01-04 09:02:36+00:00,2024-01-04 09:02:36+00:00,45.74,0.1651851851851851,47.94000000000002,51.64999999999999,35.5725925925926,36.243703703703694,-0.05,65.61777777777776,0.001043,0.00079,0.003445,12.36740740740742,0
1073,2024-01-04 09:02:38+00:00,2024-01-04 09:02:38+00:00,53.48439999999999,0.1495999999999999,47.96040000000001,59.5096,35.56279999999998,36.3888,-0.0468,65.23040000000002,0.001041,0.000917,0.003495,12.397600000000024,0
1074,2024-01-04 09:02:39+00:00,2024-01-04 09:02:39+00:00,56.96538461538459,0.1630769230769231,47.94576923076924,63.61307692307692,35.57269230769232,36.41923076923077,0.3061538461538461,64.97269230769231,0.001122,0.000844,0.003633,12.373076923076916,0
1075,2024-01-04 09:02:40+00:00,2024-01-04 09:02:40+00:00,61.7616,0.162,47.942800000000005,67.9868,35.56560000000001,36.5148,0.5312000000000001,65.08080000000001,0.001178,0.000869,0.003808,12.377199999999997,0
1076,2024-01-04 09:02:42+00:00,2024-01-04 09:02:42+00:00,70.13071428571428,0.1796428571428571,47.972142857142856,78.1917857142857,35.60607142857144,36.62607142857144,0.7203571428571429,64.93499999999999,0.001152,0.000877,0.003901,12.366071428571416,0
1077,2024-01-04 09:02:43+00:00,2024-01-04 09:02:43+00:00,75.22000000000001,0.1792857142857142,47.98464285714287,83.16607142857143,35.60535714285716,36.66214285714284,0.7653571428571428,64.74535714285712,0.001226,0.000915,0.004113,12.379285714285714,0
1078,2024-01-04 09:02:44+00:00,2024-01-04 09:02:44+00:00,79.23730769230768,0.1873076923076923,47.99461538461537,87.76115384615385,35.59384615384617,36.71384615384618,0.8165384615384615,64.77038461538463,0.001299,0.000914,0.004192,12.4007692307692,0
1079,2024-01-04 09:02:45+00:00,2024-01-04 09:02:45+00:00,84.34517241379314,0.1755172413793102,48.033448275862064,92.69862068965514,35.59965517241381,36.845517241379305,0.8748275862068966,64.30586206896552,0.001205,0.000932,0.004203,12.433793103448252,0
1080,2024-01-04 09:02:47+00:00,2024-01-04 09:02:47+00:00,94.67321428571428,0.1764285714285714,48.013928571428565,103.0807142857143,35.63785714285713,36.99142857142856,0.9796428571428571,64.23642857142855,0.001255,0.000941,0.004449,12.376071428571436,0
1081,2024-01-04 09:02:48+00:00,2024-01-04 09:02:48+00:00,100.04964285714289,0.1782142857142857,48.01142857142857,108.41071428571426,35.63214285714285,37.03035714285715,1.0282142857142855,64.31249999999999,0.001274,0.000955,0.004461,12.379285714285714,0
1082,2024-01-04 09:02:49+00:00,2024-01-04 09:02:49+00:00,104.13428571428572,0.1925,48.0107142857143,113.93142857142855,35.637857142857136,37.10500000000001,1.075357142857143,64.50857142857146,0.001254,0.000977,0.004501,12.372857142857164,0
1083,2024-01-04 09:02:51+00:00,2024-01-04 09:02:51+00:00,114.74807692307688,0.1869230769230769,48.05923076923074,124.96076923076916,35.68846153846154,37.29576923076923,1.1830769230769231,63.919999999999966,0.001276,0.000966,0.004619,12.370769230769206,0
1084,2024-01-04 09:02:52+00:00,2024-01-04 09:02:52+00:00,120.98615384615384,0.2042307692307692,48.065769230769206,131.82115384615386,35.69769230769232,37.375769230769215,1.2300000000000004,64.12923076923076,0.001328,0.000992,0.004749,12.368076923076885,0
1085,2024-01-04 09:02:53+00:00,2024-01-04 09:02:53+00:00,126.14571428571423,0.1992857142857143,48.02750000000001,136.39749999999998,35.70464285714286,37.4257142857143,1.2799999999999998,63.91535714285714,0.001318,0.00097,0.004831,12.322857142857153,0
1086,2024-01-04 09:02:55+00:00,2024-01-04 09:02:55+00:00,135.6470833333333,0.2004166666666667,48.09583333333333,147.03791666666666,35.69916666666668,37.59333333333334,1.3845833333333328,63.44624999999999,0.001315,0.000967,0.004851,12.396666666666654,0
1087,2024-01-04 09:02:56+00:00,2024-01-04 09:02:56+00:00,141.79148148148147,0.2148148148148148,48.17407407407409,152.92777777777778,35.714074074074084,37.64518518518519,1.4377777777777785,63.5548148148148,0.001317,0.000963,0.004924,12.460000000000008,0
1088,2024-01-04 09:02:57+00:00,2024-01-04 09:02:57+00:00,145.42296296296297,0.1951851851851853,48.16444444444445,157.02999999999997,35.71814814814817,37.76,1.4881481481481478,63.37222222222224,0.001374,0.000963,0.005057,12.446296296296282,0
1089,2024-01-04 09:02:59+00:00,2024-01-04 09:02:59+00:00,155.01137931034486,0.1975862068965517,48.252068965517246,168.0434482758621,35.73896551724139,37.9051724137931,1.6048275862068968,63.19000000000001,0.001383,0.000987,0.005336,12.513103448275857,0
1090,2024-01-04 09:03:00+00:00,2024-01-04 09:03:00+00:00,161.0169230769231,0.2088461538461539,48.27423076923076,173.50038461538458,35.75999999999999,37.97384615384616,1.6696153846153854,62.761153846153846,0.001453,0.001004,0.005619,12.514230769230773,0
1091,2024-01-04 09:03:01+00:00,2024-01-04 09:03:01+00:00,165.4466666666667,0.2055555555555556,48.29111111111111,178.8955555555555,35.764814814814805,38.06037037037037,1.7292592592592593,62.88444444444444,0.001456,0.001018,0.0057,12.526296296296302,0
1092,2024-01-04 09:03:02+00:00,2024-01-04 09:03:02+00:00,170.58892857142857,0.2060714285714286,48.37571428571429,183.63,35.753571428571426,38.16178571428572,1.788571428571428,62.97142857142854,0.00155,0.001044,0.005994,12.622142857142862,0
1093,2024-01-04 09:03:04+00:00,2024-01-04 09:03:04+00:00,178.40720000000002,0.2176,48.46200000000001,192.172,35.78679999999999,38.32279999999999,1.8988,62.534400000000005,0.00157,0.001016,0.006091,12.675200000000018,0
1094,2024-01-04 09:03:05+00:00,2024-01-04 09:03:05+00:00,182.60071428571425,0.2167857142857143,48.53964285714284,196.6475,35.80499999999999,38.377142857142864,1.9575,62.63607142857143,0.001656,0.001053,0.00636,12.734642857142845,0
1095,2024-01-04 09:03:06+00:00,2024-01-04 09:03:06+00:00,186.3232,0.2168000000000001,48.61120000000001,200.44,35.80560000000002,38.47880000000001,2.0128,62.53320000000001,0.001645,0.001043,0.006434,12.805599999999991,0
1096,2024-01-04 09:03:08+00:00,2024-01-04 09:03:08+00:00,193.9930434782609,0.2126086956521739,48.68739130434781,207.9686956521739,35.804347826086946,38.59347826086957,2.1134782608695653,62.55956521739132,0.001711,0.001043,0.006648,12.883043478260866,0
1097,2024-01-04 09:03:09+00:00,2024-01-04 09:03:09+00:00,197.7242307692308,0.2219230769230769,48.77461538461538,211.90461538461537,35.814230769230775,38.67,2.1680769230769235,62.30115384615386,0.001715,0.001054,0.006777,12.960384615384603,0
1098,2024-01-04 09:03:10+00:00,2024-01-04 09:03:10+00:00,200.66142857142856,0.2210714285714285,48.85178571428572,215.01857142857145,35.82392857142859,38.72500000000001,2.2250000000000005,62.137857142857136,0.001739,0.001038,0.006877,13.02785714285713,0
1099,2024-01-04 09:03:12+00:00,2024-01-04 09:03:12+00:00,206.15518518518525,0.2162962962962964,48.98592592592593,221.00814814814825,35.83851851851852,38.85370370370371,2.311851851851852,61.99555555555553,0.001752,0.00103,0.006957,13.147407407407414,0
1100,2024-01-04 09:03:13+00:00,2024-01-04 09:03:13+00:00,209.13000000000008,0.2225925925925926,49.06888888888888,223.91481481481483,35.84037037037039,38.93888888888888,2.352962962962963,62.3051851851852,0.001753,0.001027,0.007061,13.228518518518491,0
1101,2024-01-04 09:03:14+00:00,2024-01-04 09:03:14+00:00,210.61703703703705,0.2192592592592592,49.11962962962962,226.49,35.86037037037037,38.95185185185184,2.395555555555555,62.10111111111111,0.00178,0.001039,0.007152,13.259259259259252,0
1102,2024-01-04 09:03:16+00:00,2024-01-04 09:03:16+00:00,214.0499999999999,0.241,49.261333333333326,231.0596666666666,35.88,39.07333333333332,2.4680000000000004,62.17899999999999,0.001777,0.001047,0.007209,13.381333333333323,0
1103,2024-01-04 09:03:17+00:00,2024-01-04 09:03:17+00:00,215.50035714285715,0.2228571428571429,49.34142857142859,232.4114285714286,35.89607142857141,39.1232142857143,2.4985714285714287,61.948214285714265,0.001712,0.001053,0.007142,13.445357142857176,0
1104,2024-01-04 09:03:18+00:00,2024-01-04 09:03:18+00:00,217.23,0.2237037037037038,49.4451851851852,233.60259259259252,35.90592592592591,39.145555555555546,2.5192592592592598,61.70037037037034,0.001548,0.001049,0.00686,13.539259259259296,0
1105,2024-01-04 09:03:20+00:00,2024-01-04 09:03:20+00:00,219.0840740740741,0.2248148148148147,49.60333333333334,235.6325925925925,35.91629629629629,39.18740740740741,2.575925925925925,61.63222222222221,0.001535,0.001053,0.00689,13.68703703703705,0
1106,2024-01-04 09:03:21+00:00,2024-01-04 09:03:21+00:00,219.40959999999995,0.2348,49.6948,236.0272,35.93880000000001,39.2184,2.5711999999999997,61.704400000000014,0.001504,0.001075,0.006797,13.755999999999986,0
1107,2024-01-04 09:03:22+00:00,2024-01-04 09:03:22+00:00,219.8552,0.2307999999999999,49.72359999999999,235.7860000000001,35.943200000000004,39.22,2.576,61.3076,0.001486,0.001052,0.006743,13.780399999999986,0
1108,2024-01-04 09:03:23+00:00,2024-01-04 09:03:23+00:00,219.01870967741928,0.2354838709677419,49.8067741935484,235.466129032258,35.936774193548395,39.2558064516129,2.576774193548387,61.6967741935484,0.00148,0.001033,0.00672,13.870000000000005,0
1109,2024-01-04 09:03:25+00:00,2024-01-04 09:03:25+00:00,217.60888888888883,0.2322222222222222,49.98629629629628,234.8137037037038,35.932962962962954,39.28925925925926,2.5699999999999994,61.63740740740742,0.001452,0.001039,0.006684,14.053333333333327,0
1110,2024-01-04 09:03:26+00:00,2024-01-04 09:03:26+00:00,218.6414285714286,0.2232142857142857,50.07142857142856,233.6385714285715,35.931428571428555,39.31285714285713,2.564999999999998,62.010000000000005,0.001421,0.001049,0.006644,14.140000000000008,0
1111,2024-01-04 09:03:27+00:00,2024-01-04 09:03:27+00:00,215.28827586206896,0.2220689655172413,50.10068965517241,231.7041379310345,35.947931034482764,39.27034482758621,2.532068965517243,61.9048275862069,0.001432,0.001035,0.006617,14.152758620689646,0
1112,2024-01-04 09:03:29+00:00,2024-01-04 09:03:29+00:00,212.50346153846155,0.2246153846153846,50.28769230769231,228.2392307692308,35.95346153846154,39.311923076923065,2.487692307692308,61.92846153846156,0.001438,0.001041,0.00655,14.334230769230771,0
1113,2024-01-04 09:03:30+00:00,2024-01-04 09:03:30+00:00,210.78966666666665,0.2233333333333333,50.31833333333331,226.50233333333335,35.97100000000002,39.299,2.4493333333333345,61.985666666666674,0.001435,0.001055,0.00646,14.347333333333289,0
1114,2024-01-04 09:03:31+00:00,2024-01-04 09:03:31+00:00,208.2046428571429,0.2178571428571429,50.38928571428572,223.75,35.98642857142858,39.29892857142857,2.4114285714285715,61.91571428571429,0.001399,0.001038,0.006418,14.402857142857137,0
1115,2024-01-04 09:03:33+00:00,2024-01-04 09:03:33+00:00,203.30310344827583,0.2241379310344828,50.44551724137932,219.17034482758623,36.01689655172413,39.2089655172414,2.337241379310345,62.23344827586208,0.001404,0.001041,0.006358,14.42862068965519,0
1116,2024-01-04 09:03:34+00:00,2024-01-04 09:03:34+00:00,199.98107142857148,0.2078571428571429,50.46571428571429,215.085,36.021785714285706,39.17857142857142,2.277142857142858,62.15357142857143,0.001363,0.001034,0.006236,14.443928571428586,0
1117,2024-01-04 09:03:35+00:00,2024-01-04 09:03:35+00:00,196.7507142857144,0.2114285714285715,50.48285714285714,212.3882142857144,36.0125,39.15428571428572,2.2349999999999994,62.24107142857144,0.001352,0.001044,0.006124,14.470357142857146,0
1118,2024-01-04 09:03:37+00:00,2024-01-04 09:03:37+00:00,189.39433333333332,0.2086666666666666,50.562,204.1970000000001,36.04599999999998,39.13533333333335,2.1096666666666675,62.40833333333333,0.001331,0.001018,0.006035,14.51600000000002,0
1119,2024-01-04 09:03:38+00:00,2024-01-04 09:03:38+00:00,186.04851851851856,0.2129629629629629,50.5225925925926,200.5407407407407,36.04296296296295,39.06777777777776,2.061851851851852,62.78925925925929,0.001309,0.001025,0.005949,14.479629629629647,0
1120,2024-01-04 09:03:39+00:00,2024-01-04 09:03:39+00:00,181.34310344827583,0.2058620689655172,50.54241379310344,196.44413793103445,36.05310344827586,39.01862068965517,2.0037931034482748,62.63931034482759,0.001302,0.00102,0.00588,14.489310344827572,0
1121,2024-01-04 09:03:41+00:00,2024-01-04 09:03:41+00:00,173.80620689655177,0.2106896551724137,50.55793103448273,187.87275862068967,36.058965517241376,38.94206896551725,1.9268965517241377,63.00344827586208,0.001282,0.001045,0.005689,14.498965517241352,0
1122,2024-01-04 09:03:42+00:00,2024-01-04 09:03:42+00:00,168.57666666666668,0.203,50.59499999999999,182.10633333333337,36.05333333333331,38.865333333333325,1.8446666666666676,63.14033333333334,0.001281,0.001022,0.005608,14.541666666666671,0
1123,2024-01-04 09:03:43+00:00,2024-01-04 09:03:43+00:00,164.58961538461537,0.2069230769230769,50.60269230769229,178.3161538461538,36.069615384615375,38.82576923076924,1.802692307692308,63.27884615384615,0.001192,0.001005,0.005371,14.533076923076912,0
1124,2024-01-04 09:03:44+00:00,2024-01-04 09:03:44+00:00,159.09346153846147,0.2157692307692307,50.57730769230768,173.08730769230772,36.07038461538463,38.773461538461554,1.7453846153846144,63.14346153846156,0.001201,0.001005,0.005269,14.506923076923044,0
1125,2024-01-04 09:03:46+00:00,2024-01-04 09:03:46+00:00,149.41259259259257,0.2044444444444444,50.56037037037036,163.4733333333333,36.06296296296297,38.65592592592593,1.625185185185185,63.51703703703701,0.001198,0.000983,0.005109,14.497407407407389,0
1126,2024-01-04 09:03:47+00:00,2024-01-04 09:03:47+00:00,145.2885714285715,0.2014285714285714,50.60035714285711,157.87142857142865,36.06642857142858,38.6,1.5657142857142856,63.67249999999998,0.001131,0.00099,0.004835,14.533928571428532,0
1127,2024-01-04 09:03:48+00:00,2024-01-04 09:03:48+00:00,138.96333333333334,0.2033333333333334,50.47999999999999,152.3622222222222,36.09592592592595,38.494814814814816,1.505925925925926,63.89333333333335,0.001216,0.000963,0.004691,14.384074074074045,0
1128,2024-01-04 09:03:50+00:00,2024-01-04 09:03:50+00:00,129.44551724137935,0.2013793103448276,50.4496551724138,142.19413793103448,36.08724137931037,38.37793103448275,1.406206896551724,63.808965517241376,0.001191,0.000962,0.004607,14.362413793103428,0
1129,2024-01-04 09:03:51+00:00,2024-01-04 09:03:51+00:00,124.0936,0.1979999999999999,50.39239999999999,135.96120000000002,36.08520000000001,38.32719999999999,1.3463999999999996,63.97520000000002,0.001173,0.000976,0.004609,14.30719999999998,0
1130,2024-01-04 09:03:52+00:00,2024-01-04 09:03:52+00:00,119.3013793103448,0.1779310344827586,50.43241379310346,130.8768965517241,36.08586206896553,38.27103448275861,1.3034482758620691,64.07862068965517,0.001184,0.00097,0.004563,14.346551724137932,0
1131,2024-01-04 09:03:54+00:00,2024-01-04 09:03:54+00:00,107.9675,0.1817857142857144,50.32178571428569,119.06964285714284,36.118214285714295,38.118214285714274,1.1964285714285725,64.30357142857144,0.001167,0.00098,0.004475,14.203571428571394,0
1132,2024-01-04 09:03:55+00:00,2024-01-04 09:03:55+00:00,103.56851851851852,0.1718518518518518,50.26814814814813,113.61370370370368,36.133333333333326,38.06814814814816,1.1411111111111114,64.31111111111112,0.001146,0.000976,0.004358,14.134814814814805,0
1133,2024-01-04 09:03:56+00:00,2024-01-04 09:03:56+00:00,98.55384615384617,0.1861538461538462,50.25038461538463,108.11653846153848,36.15346153846152,37.98423076923075,1.0903846153846155,64.57615384615382,0.001121,0.000961,0.004216,14.096923076923112,0
1134,2024-01-04 09:03:58+00:00,2024-01-04 09:03:58+00:00,88.19851851851851,0.19,50.14851851851854,98.04703703703704,36.15777777777776,37.85481481481482,0.9892592592592592,64.92444444444442,0.001121,0.000903,0.004142,13.990740740740785,0
1135,2024-01-04 09:03:59+00:00,2024-01-04 09:03:59+00:00,82.6113333333333,0.179,50.10433333333332,92.94366666666669,36.16333333333331,37.81933333333333,0.9319999999999998,64.94966666666669,0.001113,0.0009,0.004092,13.941000000000004,0
1136,2024-01-04 09:04:00+00:00,2024-01-04 09:04:00+00:00,79.01655172413791,0.1806896551724138,50.0248275862069,87.49344827586205,36.17758620689657,37.69517241379311,0.8744827586206901,64.61379310344827,0.00108,0.000868,0.003873,13.847241379310326,0
1137,2024-01-04 09:04:01+00:00,2024-01-04 09:04:01+00:00,74.00333333333333,0.1737037037037037,49.95629629629631,82.49777777777778,36.19037037037037,37.641481481481485,0.8274074074074075,65.13111111111112,0.00105,0.000875,0.003767,13.76592592592594,0
1138,2024-01-04 09:04:03+00:00,2024-01-04 09:04:03+00:00,65.02464285714288,0.1728571428571428,49.88464285714285,72.85107142857143,36.182857142857145,37.531785714285725,0.7139285714285716,65.24499999999999,0.001067,0.000886,0.003717,13.701785714285704,0
1139,2024-01-04 09:04:04+00:00,2024-01-04 09:04:04+00:00,60.26458333333334,0.1641666666666666,49.81791666666667,67.84166666666667,36.18541666666665,37.48375,0.6633333333333336,65.11125000000001,0.00098,0.000842,0.003509,13.632500000000022,0
1140,2024-01-04 09:04:05+00:00,2024-01-04 09:04:05+00:00,56.30555555555555,0.1622222222222222,49.76407407407409,63.598888888888894,36.18444444444444,37.427037037037024,0.5670370370370369,65.19888888888889,0.00099,0.000789,0.003467,13.57962962962965,0
1141,2024-01-04 09:04:07+00:00,2024-01-04 09:04:07+00:00,48.171923076923086,0.1638461538461538,49.67115384615386,55.255,36.17884615384615,37.33076923076924,-0.0546153846153846,65.57269230769231,0.000935,0.000814,0.003279,13.492307692307705,0
1142,2024-01-04 09:04:08+00:00,2024-01-04 09:04:08+00:00,45.09703703703703,0.1655555555555555,49.57185185185184,52.32555555555555,36.197037037037056,37.25925925925925,-0.0533333333333333,65.14851851851851,0.000964,0.000804,0.003214,13.374814814814783,0
1143,2024-01-04 09:04:09+00:00,2024-01-04 09:04:09+00:00,41.74307692307691,0.1742307692307692,49.49999999999999,48.3923076923077,36.19538461538463,37.185,-0.05,65.6476923076923,0.000928,0.000768,0.0031,13.30461538461536,0
1144,2024-01-04 09:04:11+00:00,2024-01-04 09:04:11+00:00,34.965769230769226,0.1553846153846153,49.4296153846154,41.287692307692296,36.21269230769232,37.15269230769231,-0.0561538461538461,65.9126923076923,0.000878,0.000747,0.002941,13.216923076923074,0
1145,2024-01-04 09:04:12+00:00,2024-01-04 09:04:12+00:00,32.4012,0.1548,49.3016,39.25400000000001,36.2436,37.08760000000001,-0.0516,65.83760000000001,0.000865,0.000769,0.002925,13.058,0
1146,2024-01-04 09:04:13+00:00,2024-01-04 09:04:13+00:00,31.06892857142858,0.1589285714285714,49.32571428571428,36.09214285714286,36.23071428571429,37.03785714285714,-0.0557142857142857,65.85285714285713,0.000888,0.000749,0.002848,13.094999999999985,0
1147,2024-01-04 09:04:15+00:00,2024-01-04 09:04:15+00:00,25.816071428571423,0.1642857142857143,49.17464285714284,31.60499999999999,36.26857142857141,36.99642857142857,-0.0575,66.00857142857144,0.000902,0.000743,0.002782,12.906071428571424,0
1148,2024-01-04 09:04:16+00:00,2024-01-04 09:04:16+00:00,24.523448275862066,0.1727586206896552,49.13517241379309,30.28862068965518,36.289310344827584,36.96999999999999,-0.0568965517241379,66.03,0.000815,0.000822,0.002735,12.84586206896551,0
1149,2024-01-04 09:04:17+00:00,2024-01-04 09:04:17+00:00,22.44960000000001,0.1588,49.102,27.79720000000001,36.29119999999998,36.9752,-0.0536,65.9132,0.000788,0.000759,0.002646,12.810800000000022,0
1150,2024-01-04 09:04:19+00:00,2024-01-04 09:04:19+00:00,20.52785714285715,0.1642857142857143,48.99964285714286,26.09892857142857,36.33142857142857,36.93178571428571,-0.0582142857142857,66.1014285714286,0.000819,0.000835,0.002645,12.668214285714292,0
1151,2024-01-04 09:04:20+00:00,2024-01-04 09:04:20+00:00,19.558571428571437,0.1603571428571429,48.9325,24.87678571428571,36.3307142857143,36.868928571428576,-0.0585714285714286,66.17642857142856,0.000792,0.000824,0.00264,12.601785714285697,0
1152,2024-01-04 09:04:21+00:00,2024-01-04 09:04:21+00:00,19.889629629629635,0.1566666666666666,48.89777777777777,25.2237037037037,36.32370370370373,36.87,-0.0585185185185185,65.89629629629631,0.00083,0.000834,0.002662,12.57407407407404,0
1153,2024-01-04 09:04:22+00:00,2024-01-04 09:04:22+00:00,19.78300000000001,0.161,48.82999999999998,24.323666666666657,36.33400000000001,36.85833333333333,-0.059,66.21533333333332,0.000966,0.000876,0.00262,12.495999999999968,0
1154,2024-01-04 09:04:24+00:00,2024-01-04 09:04:24+00:00,20.453214285714285,0.1485714285714285,48.807857142857145,24.755,36.32892857142858,36.892500000000005,-0.0578571428571428,65.94821428571429,0.000876,0.000865,0.002602,12.47892857142856,0
1155,2024-01-04 09:04:25+00:00,2024-01-04 09:04:25+00:00,21.13137931034483,0.1665517241379311,48.77275862068966,26.6796551724138,36.34137931034484,36.85620689655173,-0.06,66.08275862068965,0.00081,0.000783,0.002636,12.431379310344816,0
1156,2024-01-04 09:04:26+00:00,2024-01-04 09:04:26+00:00,22.012692307692305,0.1588461538461539,48.71076923076924,26.77461538461538,36.34076923076924,36.86884615384615,-0.06,66.00730769230769,0.000851,0.000746,0.002683,12.369999999999996,0
1157,2024-01-04 09:04:28+00:00,2024-01-04 09:04:28+00:00,24.07870967741936,0.1425806451612903,48.73064516129033,29.247096774193544,36.36193548387096,36.94548387096775,-0.0551612903225806,65.69032258064516,0.000841,0.000815,0.002758,12.368709677419377,0
1158,2024-01-04 09:04:29+00:00,2024-01-04 09:04:29+00:00,26.112592592592588,0.1629629629629629,48.67111111111112,31.190370370370392,36.37222222222223,36.927037037037024,-0.0551851851851852,65.91407407407408,0.000883,0.00072,0.002808,12.29888888888889,0
1159,2024-01-04 09:04:30+00:00,2024-01-04 09:04:30+00:00,28.58666666666666,0.1533333333333333,48.65370370370373,33.18666666666666,36.38444444444444,36.99555555555556,-0.0562962962962963,65.85259259259259,0.000961,0.00076,0.0028,12.269259259259286,0
1160,2024-01-04 09:04:32+00:00,2024-01-04 09:04:32+00:00,33.24899999999999,0.157,48.64833333333331,37.638000000000005,36.41666666666666,37.03033333333335,-0.0556666666666667,65.72966666666666,0.000868,0.000766,0.002832,12.231666666666657,0
1161,2024-01-04 09:04:33+00:00,2024-01-04 09:04:33+00:00,36.00538461538463,0.1607692307692307,48.67153846153846,41.20884615384615,36.4203846153846,37.08307692307692,-0.0565384615384615,65.52576923076923,0.000901,0.000846,0.002927,12.251153846153862,0
1162,2024-01-04 09:04:34+00:00,2024-01-04 09:04:34+00:00,39.31032258064516,0.154516129032258,48.69548387096776,44.52903225806451,36.41741935483871,37.1267741935484,-0.06,65.31806451612903,0.000976,0.000803,0.003031,12.278064516129056,0
1163,2024-01-04 09:04:36+00:00,2024-01-04 09:04:36+00:00,45.294615384615376,0.1592307692307692,48.64269230769231,51.1623076923077,36.44961538461539,37.17653846153845,-0.055,65.54384615384616,0.000871,0.000769,0.003085,12.193076923076916,0
1164,2024-01-04 09:04:37+00:00,2024-01-04 09:04:37+00:00,48.13115384615385,0.1557692307692307,48.67884615384615,54.83269230769231,36.44153846153847,37.24038461538461,-0.0538461538461538,65.2303846153846,0.000929,0.000779,0.003227,12.23730769230768,0
1165,2024-01-04 09:04:38+00:00,2024-01-04 09:04:38+00:00,53.36137931034485,0.1655172413793104,48.666896551724136,59.17103448275863,36.45034482758622,37.31344827586207,-0.0568965517241379,65.31793103448275,0.000971,0.000862,0.003346,12.216551724137917,0
1166,2024-01-04 09:04:39+00:00,2024-01-04 09:04:39+00:00,56.79185185185185,0.1670370370370371,48.65111111111111,63.42777777777777,36.47481481481483,37.36629629629631,0.1829629629629629,65.21666666666667,0.001007,0.00086,0.003449,12.17629629629628,0
1167,2024-01-04 09:04:41+00:00,2024-01-04 09:04:41+00:00,64.62692307692308,0.1592307692307692,48.69653846153847,72.17384615384616,36.47192307692308,37.50461538461538,0.6757692307692308,65.05230769230769,0.001068,0.000846,0.003647,12.224615384615385,0
1168,2024-01-04 09:04:42+00:00,2024-01-04 09:04:42+00:00,69.71586206896549,0.1775862068965518,48.63344827586207,77.11827586206896,36.49206896551725,37.49862068965517,0.7224137931034483,65.17965517241379,0.001062,0.000917,0.003744,12.141379310344815,0
1169,2024-01-04 09:04:43+00:00,2024-01-04 09:04:43+00:00,74.76925925925924,0.1899999999999999,48.66222222222223,82.79555555555557,36.504444444444445,37.60296296296296,0.7833333333333334,65.26296296296297,0.00108,0.000879,0.003882,12.15777777777778,0
1170,2024-01-04 09:04:45+00:00,2024-01-04 09:04:45+00:00,84.23551724137931,0.1903448275862069,48.67586206896552,92.67103448275864,36.51172413793103,37.72413793103448,0.8844827586206894,64.55620689655171,0.00119,0.000929,0.004094,12.164137931034489,0
1171,2024-01-04 09:04:46+00:00,2024-01-04 09:04:46+00:00,88.95038461538459,0.1846153846153846,48.75115384615384,97.15423076923074,36.49884615384615,37.85499999999998,0.9357692307692306,64.4169230769231,0.001138,0.000937,0.004155,12.25230769230768,0
1172,2024-01-04 09:04:47+00:00,2024-01-04 09:04:47+00:00,93.00035714285715,0.1778571428571428,48.6914285714286,102.14071428571428,36.52821428571427,37.88357142857142,0.9882142857142858,64.44464285714285,0.00116,0.000966,0.004201,12.163214285714323,0
1173,2024-01-04 09:04:49+00:00,2024-01-04 09:04:49+00:00,102.9776666666667,0.1786666666666666,48.69666666666665,112.58333333333331,36.563,38.02533333333331,1.0903333333333336,64.04399999999998,0.001188,0.000946,0.004326,12.133666666666649,0
1174,2024-01-04 09:04:50+00:00,2024-01-04 09:04:50+00:00,109.47192307692308,0.1965384615384615,48.6923076923077,119.19384615384617,36.57884615384617,38.12307692307692,1.1323076923076925,64.4926923076923,0.001259,0.000969,0.004499,12.113461538461529,0
1175,2024-01-04 09:04:51+00:00,2024-01-04 09:04:51+00:00,114.44750000000002,0.185,48.78178571428571,123.8671428571428,36.58500000000002,38.241785714285705,1.1907142857142858,64.09571428571427,0.001263,0.000987,0.004589,12.196785714285689,0
1176,2024-01-04 09:04:53+00:00,2024-01-04 09:04:53+00:00,123.70083333333332,0.17375,48.78666666666666,135.16666666666666,36.65124999999999,38.38125,1.2841666666666665,63.51750000000001,0.00131,0.000995,0.004655,12.135416666666671,0
1177,2024-01-04 09:04:54+00:00,2024-01-04 09:04:54+00:00,129.75178571428577,0.1925000000000001,48.80714285714284,140.01714285714294,36.66035714285712,38.42535714285714,1.3335714285714284,63.79750000000001,0.001238,0.000989,0.004656,12.14678571428572,0
1178,2024-01-04 09:04:55+00:00,2024-01-04 09:04:55+00:00,134.93766666666664,0.187,48.85966666666666,146.029,36.65333333333332,38.565000000000005,1.396333333333333,63.54933333333333,0.001177,0.001023,0.004599,12.20633333333334,0
1179,2024-01-04 09:04:57+00:00,2024-01-04 09:04:57+00:00,145.9191666666667,0.1883333333333333,48.85666666666666,156.7458333333333,36.656666666666645,38.66999999999999,1.5083333333333335,63.29041666666669,0.001224,0.001013,0.004873,12.200000000000015,0
1180,2024-01-04 09:04:58+00:00,2024-01-04 09:04:58+00:00,150.3776923076923,0.1946153846153846,48.86346153846153,162.19884615384615,36.658846153846135,38.77961538461539,1.5542307692307686,63.27884615384615,0.001273,0.000997,0.005095,12.204615384615394,0
1181,2024-01-04 09:04:59+00:00,2024-01-04 09:04:59+00:00,154.49518518518522,0.1948148148148148,48.98333333333334,166.83074074074077,36.64777777777777,38.90111111111111,1.623333333333333,63.184444444444445,0.001229,0.001019,0.005158,12.335555555555572,0
1182,2024-01-04 09:05:00+00:00,2024-01-04 09:05:00+00:00,159.74888888888893,0.2074074074074074,48.97888888888889,172.38740740740738,36.69111111111112,38.948888888888895,1.6855555555555557,63.09000000000001,0.001322,0.001023,0.005499,12.28777777777777,0
1183,2024-01-04 09:05:02+00:00,2024-01-04 09:05:02+00:00,169.2146666666667,0.1899999999999999,49.06966666666666,181.24,36.69066666666667,39.10200000000001,1.808999999999999,62.943333333333335,0.001334,0.001018,0.005552,12.37899999999999,0
1184,2024-01-04 09:05:03+00:00,2024-01-04 09:05:03+00:00,172.7076,0.2024,49.11480000000002,186.7936,36.716000000000015,39.1964,1.8668000000000005,62.87519999999999,0.001387,0.001053,0.005841,12.3988,0
1185,2024-01-04 09:05:04+00:00,2024-01-04 09:05:04+00:00,178.40919999999997,0.2104000000000001,49.155600000000014,191.68439999999995,36.7444,39.222,1.9288000000000007,62.835200000000015,0.001382,0.001031,0.005949,12.411200000000017,0
1186,2024-01-04 09:05:06+00:00,2024-01-04 09:05:06+00:00,185.7886206896552,0.2210344827586207,49.25344827586206,200.0437931034484,36.74103448275863,39.38310344827586,2.0420689655172413,62.53517241379311,0.0014,0.001053,0.00607,12.512413793103434,0
1187,2024-01-04 09:05:07+00:00,2024-01-04 09:05:07+00:00,189.81592592592588,0.2211111111111112,49.32333333333333,204.56999999999996,36.73666666666667,39.48777777777778,2.08962962962963,62.54185185185188,0.001427,0.001056,0.006209,12.58666666666666,0
1188,2024-01-04 09:05:08+00:00,2024-01-04 09:05:08+00:00,193.3925925925926,0.2251851851851852,49.39333333333333,207.89111111111103,36.74074074074075,39.51814814814815,2.1481481481481484,62.23555555555556,0.001469,0.001066,0.006358,12.652592592592583,0
1189,2024-01-04 09:05:10+00:00,2024-01-04 09:05:10+00:00,200.267037037037,0.2159259259259259,49.49777777777778,214.92074074074063,36.75444444444444,39.65888888888887,2.2607407407407414,62.21814814814816,0.001472,0.001067,0.006432,12.74333333333334,0
1190,2024-01-04 09:05:11+00:00,2024-01-04 09:05:11+00:00,202.57518518518523,0.2248148148148148,49.58407407407406,218.22481481481475,36.7785185185185,39.736666666666665,2.3103703703703697,61.87666666666665,0.001484,0.001103,0.006508,12.805555555555555,0
1191,2024-01-04 09:05:12+00:00,2024-01-04 09:05:12+00:00,206.69,0.2148148148148149,49.6614814814815,221.20259259259257,36.78518518518516,39.80814814814816,2.3585185185185176,61.894074074074105,0.001446,0.001083,0.006457,12.87629629629634,0
1192,2024-01-04 09:05:14+00:00,2024-01-04 09:05:14+00:00,210.92407407407404,0.2244444444444445,49.78962962962961,226.69259259259255,36.79851851851852,39.88925925925925,2.444814814814816,62.12592592592593,0.001434,0.001081,0.006498,12.991111111111088,0
1193,2024-01-04 09:05:15+00:00,2024-01-04 09:05:15+00:00,212.60034482758627,0.2217241379310345,49.89793103448278,228.58172413793108,36.80999999999999,39.94275862068966,2.482068965517241,61.88448275862069,0.001452,0.001101,0.006536,13.087931034482793,0
1194,2024-01-04 09:05:16+00:00,2024-01-04 09:05:16+00:00,214.95962962962963,0.2262962962962963,49.9662962962963,230.3144444444445,36.81703703703705,39.99037037037037,2.5074074074074075,61.95185185185187,0.001477,0.001077,0.006617,13.149259259259246,0
1195,2024-01-04 09:05:17+00:00,2024-01-04 09:05:17+00:00,216.1968,0.2260000000000001,50.0224,231.746,36.8216,40.0096,2.5392,61.85479999999998,0.001457,0.001094,0.006682,13.200799999999994,0
1196,2024-01-04 09:05:19+00:00,2024-01-04 09:05:19+00:00,218.0989655172413,0.22,50.16827586206897,233.60413793103447,36.82689655172416,40.07344827586208,2.584137931034484,61.626206896551714,0.001462,0.001067,0.006715,13.341379310344813,0
1197,2024-01-04 09:05:20+00:00,2024-01-04 09:05:20+00:00,217.1296428571429,0.2217857142857142,50.29821428571427,235.17071428571427,36.82892857142858,40.15428571428573,2.6046428571428573,61.67142857142857,0.001482,0.001095,0.006744,13.46928571428569,0
1198,2024-01-04 09:05:21+00:00,2024-01-04 09:05:21+00:00,219.79333333333335,0.217037037037037,50.38333333333335,235.39259259259256,36.84740740740741,40.17740740740743,2.6237037037037028,61.45740740740741,0.001508,0.001109,0.006819,13.535925925925936,0
1199,2024-01-04 09:05:23+00:00,2024-01-04 09:05:23+00:00,219.27840000000003,0.2220000000000001,50.52199999999998,234.60840000000005,36.85600000000001,40.21519999999999,2.6236,61.819200000000016,0.001437,0.001097,0.006655,13.665999999999968,0
1200,2024-01-04 09:05:24+00:00,2024-01-04 09:05:24+00:00,217.95370370370367,0.2325925925925927,50.55962962962961,234.55148148148143,36.87148148148148,40.20000000000001,2.6214814814814806,61.69962962962963,0.001425,0.001104,0.006588,13.68814814814813,0
1201,2024-01-04 09:05:25+00:00,2024-01-04 09:05:25+00:00,217.9789285714287,0.2242857142857144,50.703214285714296,234.41107142857135,36.885714285714286,40.20142857142857,2.6289285714285726,61.492142857142845,0.001412,0.001122,0.006548,13.81750000000001,0
1202,2024-01-04 09:05:27+00:00,2024-01-04 09:05:27+00:00,215.98586206896545,0.2155172413793103,50.83517241379311,232.10137931034487,36.89655172413792,40.260344827586216,2.592413793103448,61.87206896551723,0.001383,0.001068,0.006489,13.938620689655188,0
1203,2024-01-04 09:05:28+00:00,2024-01-04 09:05:28+00:00,213.55153846153848,0.2180769230769231,50.85500000000001,231.4042307692308,36.9130769230769,40.2273076923077,2.580384615384616,61.60192307692308,0.00138,0.001071,0.006449,13.94192307692311,0
1204,2024-01-04 09:05:29+00:00,2024-01-04 09:05:29+00:00,213.22533333333345,0.2143333333333333,50.89933333333336,229.193,36.945000000000014,40.23,2.5580000000000003,61.85033333333335,0.001357,0.00107,0.006412,13.954333333333343,0
1205,2024-01-04 09:05:31+00:00,2024-01-04 09:05:31+00:00,208.50827586206887,0.2293103448275862,51.02206896551723,224.2234482758621,36.94,40.20620689655173,2.467931034482759,62.37275862068965,0.00137,0.001077,0.006335,14.08206896551723,0
1206,2024-01-04 09:05:32+00:00,2024-01-04 09:05:32+00:00,207.3914814814814,0.2248148148148148,51.10703703703705,222.3574074074073,36.96666666666669,40.21407407407407,2.4325925925925924,61.93481481481484,0.001415,0.001092,0.006291,14.140370370370364,0
1207,2024-01-04 09:05:33+00:00,2024-01-04 09:05:33+00:00,203.5181481481481,0.2088888888888889,51.14259259259258,218.315925925926,36.96481481481483,40.183703703703706,2.391851851851852,62.0562962962963,0.001354,0.001104,0.006213,14.177777777777749,0
1208,2024-01-04 09:05:35+00:00,2024-01-04 09:05:35+00:00,197.078,0.2200000000000001,51.216,213.247,36.96500000000002,40.129666666666665,2.299999999999999,62.523,0.001343,0.001079,0.006135,14.250999999999983,0
1209,2024-01-04 09:05:36+00:00,2024-01-04 09:05:36+00:00,194.23466666666656,0.2056666666666667,51.24833333333334,208.74266666666665,36.96033333333335,40.12599999999998,2.2359999999999998,61.99766666666667,0.001346,0.001077,0.00608,14.287999999999997,0
1210,2024-01-04 09:05:37+00:00,2024-01-04 09:05:37+00:00,190.18875000000003,0.2129166666666666,51.234583333333326,205.55250000000004,36.98000000000001,40.07041666666666,2.1733333333333333,62.45916666666667,0.001301,0.001075,0.005978,14.254583333333317,0
1211,2024-01-04 09:05:38+00:00,2024-01-04 09:05:38+00:00,187.2841379310345,0.2179310344827586,51.27,201.4820689655173,36.99172413793104,39.99965517241379,2.1100000000000003,62.422758620689656,0.001294,0.001069,0.005883,14.27827586206896,0
1212,2024-01-04 09:05:40+00:00,2024-01-04 09:05:40+00:00,178.66555555555564,0.2085185185185185,51.29666666666666,191.6855555555555,37.01296296296295,39.88740740740741,2.014444444444444,62.788148148148174,0.001244,0.00106,0.005718,14.283703703703708,0
1213,2024-01-04 09:05:41+00:00,2024-01-04 09:05:41+00:00,173.72592592592594,0.1996296296296296,51.326296296296285,187.82037037037043,37.00629629629629,39.85148148148148,1.9566666666666677,62.76222222222224,0.001229,0.001032,0.005592,14.319999999999991,0
1214,2024-01-04 09:05:42+00:00,2024-01-04 09:05:42+00:00,169.43120000000002,0.2032,51.30359999999998,183.63960000000003,37.02479999999999,39.7924,1.9,62.814800000000005,0.001221,0.001039,0.005506,14.278799999999997,0
1215,2024-01-04 09:05:44+00:00,2024-01-04 09:05:44+00:00,161.33892857142857,0.1982142857142857,51.296071428571416,173.64000000000004,37.02749999999998,39.68285714285714,1.7878571428571437,63.053928571428585,0.00119,0.001038,0.005349,14.268571428571434,0
1216,2024-01-04 09:05:45+00:00,2024-01-04 09:05:45+00:00,155.61259259259256,0.1940740740740741,51.26555555555555,168.3285185185186,37.01925925925926,39.64481481481481,1.7188888888888896,63.0751851851852,0.001159,0.001021,0.005139,14.246296296296292,0
1217,2024-01-04 09:05:46+00:00,2024-01-04 09:05:46+00:00,150.5134615384616,0.2023076923076923,51.2803846153846,163.60192307692307,37.03384615384614,39.591538461538455,1.662692307692308,63.00346153846155,0.001169,0.001005,0.004979,14.246538461538456,0
1218,2024-01-04 09:05:48+00:00,2024-01-04 09:05:48+00:00,139.40178571428575,0.1803571428571429,51.23357142857144,152.41249999999997,37.03357142857142,39.46678571428572,1.540357142857144,63.4089285714286,0.001115,0.001002,0.004761,14.200000000000015,0
1219,2024-01-04 09:05:49+00:00,2024-01-04 09:05:49+00:00,135.49719999999996,0.1908,51.17239999999999,147.8588,37.04760000000002,39.3544,1.4864,63.713999999999984,0.001106,0.000983,0.004567,14.124799999999972,0
1220,2024-01-04 09:05:50+00:00,2024-01-04 09:05:50+00:00,131.33730769230766,0.1880769230769231,51.13192307692308,142.62692307692308,37.07076923076924,39.33269230769231,1.4280769230769237,64.08384615384615,0.001109,0.000978,0.004533,14.061153846153845,0
1221,2024-01-04 09:05:52+00:00,2024-01-04 09:05:52+00:00,120.11074074074077,0.1970370370370371,51.08000000000001,131.02518518518522,37.05222222222222,39.20481481481482,1.3181481481481483,64.11407407407407,0.001122,0.000969,0.004473,14.027777777777793,0
1222,2024-01-04 09:05:53+00:00,2024-01-04 09:05:53+00:00,114.42374999999998,0.1795833333333333,51.07374999999999,125.18375,37.059583333333336,39.14124999999999,1.2725000000000004,64.0375,0.001129,0.000971,0.004384,14.014166666666654,0
1223,2024-01-04 09:05:54+00:00,2024-01-04 09:05:54+00:00,109.3488888888889,0.1781481481481481,50.98481481481482,119.68703703703709,37.06555555555555,39.05777777777776,1.22,64.01592592592594,0.001145,0.000964,0.004295,13.91925925925927,0
1224,2024-01-04 09:05:56+00:00,2024-01-04 09:05:56+00:00,98.91678571428572,0.1803571428571429,50.90535714285718,109.29357142857144,37.09428571428573,38.95428571428571,1.1142857142857143,64.31500000000001,0.001107,0.000969,0.004215,13.811071428571443,0
1225,2024-01-04 09:05:57+00:00,2024-01-04 09:05:57+00:00,94.09666666666668,0.181111111111111,50.80777777777776,103.4948148148148,37.10222222222223,38.86185185185186,1.0640740740740735,64.48814814814813,0.001127,0.000953,0.004132,13.705555555555527,0
1226,2024-01-04 09:05:58+00:00,2024-01-04 09:05:58+00:00,89.02259259259262,0.1885185185185185,50.817407407407394,98.31703703703704,37.122962962962966,38.79777777777778,1.0129629629629633,64.74444444444445,0.001151,0.000971,0.004042,13.694444444444429,0
1227,2024-01-04 09:05:59+00:00,2024-01-04 09:05:59+00:00,84.45103448275859,0.1786206896551724,50.746206896551726,92.66551724137932,37.12241379310345,38.69620689655172,0.9493103448275862,64.59655172413794,0.001057,0.000906,0.00394,13.623793103448278,0
1228,2024-01-04 09:06:01+00:00,2024-01-04 09:06:01+00:00,74.23925925925926,0.1722222222222222,50.69259259259261,82.68666666666667,37.14148148148148,38.62814814814815,0.8448148148148148,65.04000000000002,0.001,0.00089,0.003722,13.551111111111126,0
1229,2024-01-04 09:06:02+00:00,2024-01-04 09:06:02+00:00,70.8423076923077,0.1873076923076923,50.61807692307689,78.5823076923077,37.14923076923076,38.53038461538462,0.783076923076923,65.23538461538462,0.000992,0.000902,0.003593,13.46884615384613,0
1230,2024-01-04 09:06:03+00:00,2024-01-04 09:06:03+00:00,65.8457142857143,0.1660714285714285,50.56071428571427,72.75642857142856,37.14214285714285,38.48535714285714,0.7371428571428574,65.06142857142858,0.001,0.000862,0.00357,13.418571428571418,0
1231,2024-01-04 09:06:05+00:00,2024-01-04 09:06:05+00:00,56.73428571428571,0.1814285714285714,50.47107142857143,64.47357142857142,37.13749999999999,38.36,0.6335714285714286,65.50249999999998,0.000918,0.000852,0.00337,13.33357142857144,0
1232,2024-01-04 09:06:06+00:00,2024-01-04 09:06:06+00:00,53.230384615384615,0.155,50.39307692307689,60.33230769230772,37.15115384615383,38.29307692307692,0.4888461538461539,65.16961538461538,0.000916,0.000823,0.003305,13.241923076923058,0
1233,2024-01-04 09:06:07+00:00,2024-01-04 09:06:07+00:00,48.39999999999999,0.1668,50.31079999999999,55.9436,37.14879999999998,38.26519999999999,-0.0532,65.37360000000001,0.000923,0.000787,0.003169,13.162000000000011,0
1234,2024-01-04 09:06:09+00:00,2024-01-04 09:06:09+00:00,42.16785714285713,0.1592857142857142,50.22964285714288,48.67642857142858,37.17214285714287,38.13142857142856,-0.0642857142857143,65.5432142857143,0.000941,0.000782,0.003074,13.057500000000012,0
1235,2024-01-04 09:06:10+00:00,2024-01-04 09:06:10+00:00,39.57344827586208,0.1703448275862069,50.1796551724138,45.21655172413794,37.17689655172414,38.0903448275862,-0.0651724137931034,65.86517241379309,0.000844,0.000764,0.002952,13.002758620689654,0
1236,2024-01-04 09:06:11+00:00,2024-01-04 09:06:11+00:00,35.43714285714285,0.175,50.11142857142859,42.34928571428571,37.20750000000002,38.06392857142857,-0.0610714285714286,65.80892857142857,0.000841,0.000746,0.002855,12.903928571428573,0
1237,2024-01-04 09:06:13+00:00,2024-01-04 09:06:13+00:00,30.9644,0.158,50.002800000000015,36.3696,37.234400000000015,37.98199999999999,-0.06,65.73519999999999,0.000895,0.000732,0.002735,12.7684,0
1238,2024-01-04 09:06:14+00:00,2024-01-04 09:06:14+00:00,28.315185185185182,0.1625925925925926,49.90296296296297,33.7337037037037,37.23962962962963,37.9137037037037,-0.0618518518518518,65.7025925925926,0.000816,0.000762,0.002747,12.663333333333334,0
1239,2024-01-04 09:06:15+00:00,2024-01-04 09:06:15+00:00,26.7988888888889,0.16,49.88148148148149,31.50925925925926,37.22703703703705,37.94888888888889,-0.0625925925925926,66.06148148148145,0.000815,0.000801,0.002625,12.654444444444437,0
1240,2024-01-04 09:06:16+00:00,2024-01-04 09:06:16+00:00,24.248518518518523,0.1644444444444445,49.76851851851852,29.73925925925924,37.2537037037037,37.84,-0.06,66.14296296296294,0.0009,0.000847,0.002581,12.51481481481482,0
1241,2024-01-04 09:06:18+00:00,2024-01-04 09:06:18+00:00,21.684615384615377,0.1661538461538461,49.70038461538464,26.753076923076915,37.24846153846154,37.84346153846155,-0.0653846153846154,66.09615384615384,0.000806,0.000834,0.002555,12.451923076923094,0
1242,2024-01-04 09:06:19+00:00,2024-01-04 09:06:19+00:00,21.11576923076923,0.1546153846153846,49.66000000000001,25.76384615384615,37.24846153846154,37.83615384615386,-0.0623076923076923,66.17730769230772,0.000794,0.000791,0.0025,12.41153846153847,0
1243,2024-01-04 09:06:20+00:00,2024-01-04 09:06:20+00:00,19.87413793103448,0.153448275862069,49.58586206896551,25.163448275862063,37.27275862068964,37.81206896551724,-0.0651724137931034,66.01241379310346,0.00083,0.000839,0.00256,12.313103448275877,0
1244,2024-01-04 09:06:22+00:00,2024-01-04 09:06:22+00:00,19.59464285714285,0.1592857142857143,49.53892857142857,24.36500000000001,37.309642857142855,37.80750000000002,-0.0614285714285714,65.95714285714284,0.000801,0.000807,0.002532,12.229285714285716,0
1245,2024-01-04 09:06:23+00:00,2024-01-04 09:06:23+00:00,20.03214285714285,0.1675,49.45285714285716,24.415714285714294,37.3092857142857,37.77785714285715,-0.0639285714285714,66.0875,0.000796,0.000799,0.002478,12.143571428571455,0
1246,2024-01-04 09:06:24+00:00,2024-01-04 09:06:24+00:00,20.03,0.1557692307692307,49.45615384615385,24.279615384615383,37.32423076923079,37.8,-0.0676923076923077,66.17769230769233,0.00079,0.000831,0.002491,12.131923076923066,0
1247,2024-01-04 09:06:26+00:00,2024-01-04 09:06:26+00:00,22.19461538461537,0.1688461538461538,49.3973076923077,27.022692307692317,37.34000000000002,37.81038461538461,-0.0688461538461538,66.0103846153846,0.000762,0.000797,0.002555,12.05730769230768,0
1248,2024-01-04 09:06:27+00:00,2024-01-04 09:06:27+00:00,22.675999999999995,0.1653333333333333,49.37666666666664,27.598,37.36299999999999,37.79966666666668,-0.0666666666666667,66.18099999999998,0.000749,0.000803,0.00254,12.013666666666651,0
1249,2024-01-04 09:06:28+00:00,2024-01-04 09:06:28+00:00,24.542222222222215,0.1625925925925926,49.3674074074074,29.334814814814823,37.36370370370371,37.86629629629629,-0.06,65.93925925925926,0.000777,0.000822,0.002659,12.003703703703684,0
1250,2024-01-04 09:06:30+00:00,2024-01-04 09:06:30+00:00,27.01793103448276,0.1572413793103448,49.38344827586208,32.22793103448276,37.36724137931035,37.86689655172414,-0.06,65.76482758620689,0.000858,0.000721,0.002698,12.01620689655173,0
1251,2024-01-04 09:06:31+00:00,2024-01-04 09:06:31+00:00,29.888518518518524,0.1562962962962963,49.33222222222219,35.044444444444444,37.37481481481481,37.902962962962974,-0.06,65.76333333333335,0.000828,0.000797,0.002669,11.95740740740738,0
1252,2024-01-04 09:06:32+00:00,2024-01-04 09:06:32+00:00,32.91538461538462,0.1646153846153846,49.35961538461539,38.04923076923076,37.40230769230767,37.94307692307693,-0.06,65.52730769230769,0.000839,0.000792,0.002783,11.957307692307715,0
1253,2024-01-04 09:06:34+00:00,2024-01-04 09:06:34+00:00,38.25392857142857,0.1707142857142857,49.35285714285713,44.20714285714286,37.42714285714284,38.0367857142857,-0.0607142857142857,65.50571428571429,0.000867,0.000792,0.002804,11.925714285714292,0
1254,2024-01-04 09:06:35+00:00,2024-01-04 09:06:35+00:00,41.5075,0.1682142857142858,49.35714285714288,47.65250000000002,37.42499999999999,38.07535714285715,-0.0607142857142857,65.71464285714283,0.000897,0.000807,0.002908,11.932142857142892,0
1255,2024-01-04 09:06:36+00:00,2024-01-04 09:06:36+00:00,45.09035714285714,0.1696428571428571,49.36107142857144,50.94250000000002,37.42392857142856,38.115357142857135,-0.06,65.46821428571428,0.000932,0.000838,0.003001,11.93714285714288,0
1256,2024-01-04 09:06:37+00:00,2024-01-04 09:06:37+00:00,48.19074074074075,0.1562962962962963,49.36740740740739,54.47629629629632,37.42777777777778,38.16851851851851,-0.06,65.16407407407411,0.000907,0.000823,0.003121,11.939629629629607,0
1257,2024-01-04 09:06:39+00:00,2024-01-04 09:06:39+00:00,55.48666666666665,0.1718518518518518,49.32814814814815,62.166666666666686,37.4311111111111,38.192962962962966,0.3548148148148148,65.1437037037037,0.000956,0.00095,0.003256,11.897037037037045,0
1258,2024-01-04 09:06:40+00:00,2024-01-04 09:06:40+00:00,60.268999999999984,0.1693333333333333,49.34799999999999,66.54033333333332,37.45533333333334,38.319,0.6189999999999999,65.12733333333333,0.00105,0.000905,0.00338,11.89266666666665,0
1259,2024-01-04 09:06:41+00:00,2024-01-04 09:06:41+00:00,64.7876,0.1791999999999999,49.33839999999999,71.75719999999998,37.462800000000016,38.35720000000001,0.6819999999999997,64.93919999999997,0.000974,0.000864,0.003456,11.875599999999976,0
1260,2024-01-04 09:06:43+00:00,2024-01-04 09:06:43+00:00,73.07870967741933,0.1774193548387097,49.33387096774192,80.84741935483868,37.47870967741937,38.50677419354839,0.7758064516129031,64.8609677419355,0.00111,0.000902,0.003692,11.855161290322547,0
1261,2024-01-04 09:06:44+00:00,2024-01-04 09:06:44+00:00,78.62730769230768,0.1684615384615384,49.30153846153845,85.94692307692308,37.47961538461539,38.548461538461545,0.8376923076923076,64.55307692307693,0.001073,0.000909,0.003846,11.821923076923056,0
1262,2024-01-04 09:06:45+00:00,2024-01-04 09:06:45+00:00,82.11166666666664,0.1699999999999999,49.350333333333325,90.71866666666666,37.48533333333334,38.644,0.8813333333333329,64.83766666666669,0.001066,0.000933,0.003877,11.864999999999988,0
1263,2024-01-04 09:06:47+00:00,2024-01-04 09:06:47+00:00,93.57888888888886,0.1666666666666666,49.355555555555554,101.65518518518516,37.51,38.801481481481474,0.9992592592592594,64.31407407407409,0.001115,0.000945,0.003982,11.845555555555556,0
1264,2024-01-04 09:06:48+00:00,2024-01-04 09:06:48+00:00,98.56999999999996,0.1796296296296297,49.37481481481481,106.80518518518514,37.51888888888888,38.87740740740741,1.0477777777777777,64.52777777777779,0.001118,0.000967,0.00411,11.855925925925938,0
1265,2024-01-04 09:06:49+00:00,2024-01-04 09:06:49+00:00,103.0468,0.1895999999999999,49.421200000000006,111.53,37.5104,38.9392,1.0992000000000004,64.34559999999999,0.001163,0.000965,0.004251,11.910800000000007,0
1266,2024-01-04 09:06:51+00:00,2024-01-04 09:06:51+00:00,113.77000000000002,0.1876666666666666,49.43433333333335,123.17133333333332,37.511666666666656,39.09400000000001,1.193333333333333,64.17866666666667,0.001149,0.001024,0.004339,11.922666666666691,0
1267,2024-01-04 09:06:52+00:00,2024-01-04 09:06:52+00:00,118.7968,0.1848,49.4528,128.5816000000001,37.52999999999998,39.134,1.2508000000000006,63.7088,0.001153,0.000999,0.004428,11.922800000000024,0
1268,2024-01-04 09:06:53+00:00,2024-01-04 09:06:53+00:00,123.76535714285708,0.1978571428571428,49.45857142857143,134.1557142857143,37.52821428571429,39.27464285714286,1.2971428571428574,63.78535714285714,0.00117,0.001024,0.004515,11.93035714285714,0
1269,2024-01-04 09:06:54+00:00,2024-01-04 09:06:54+00:00,129.2907142857143,0.185,49.4407142857143,138.72928571428568,37.55107142857143,39.31571428571429,1.347857142857143,63.508571428571415,0.001236,0.001018,0.004663,11.889642857142874,0
1270,2024-01-04 09:06:56+00:00,2024-01-04 09:06:56+00:00,138.80250000000004,0.1839285714285713,49.4975,150.82107142857149,37.55357142857141,39.464642857142856,1.4657142857142849,63.55142857142857,0.001218,0.001041,0.004668,11.943928571428586,0
1271,2024-01-04 09:06:57+00:00,2024-01-04 09:06:57+00:00,144.6615384615385,0.2030769230769231,49.533846153846135,156.5203846153846,37.56230769230769,39.51999999999999,1.5223076923076926,63.32538461538463,0.001173,0.001037,0.0048,11.971538461538444,0
1272,2024-01-04 09:06:58+00:00,2024-01-04 09:06:58+00:00,149.63074074074075,0.1925925925925926,49.58999999999998,160.6496296296296,37.5485185185185,39.63296296296297,1.5807407407407408,63.02703703703703,0.00124,0.001055,0.005082,12.041481481481483,0
1273,2024-01-04 09:07:00+00:00,2024-01-04 09:07:00+00:00,159.5922222222222,0.1944444444444444,49.67814814814815,170.87629629629632,37.573703703703714,39.82370370370371,1.71037037037037,62.76851851851856,0.001234,0.001062,0.005178,12.10444444444444,0
1274,2024-01-04 09:07:01+00:00,2024-01-04 09:07:01+00:00,163.65148148148148,0.1985185185185185,49.71925925925925,176.13555555555556,37.58037037037039,39.88296296296297,1.7737037037037036,62.87,0.001287,0.001082,0.005458,12.138888888888864,0
1275,2024-01-04 09:07:02+00:00,2024-01-04 09:07:02+00:00,168.96814814814817,0.204074074074074,49.73333333333331,181.03925925925927,37.60185185185186,39.963703703703686,1.83,63.00074074074073,0.001283,0.001082,0.005567,12.131481481481451,0
1276,2024-01-04 09:07:04+00:00,2024-01-04 09:07:04+00:00,177.2953571428571,0.1971428571428572,49.83642857142858,190.5157142857143,37.614285714285714,40.135,1.9585714285714289,62.65,0.001377,0.001088,0.005758,12.222142857142863,0
1277,2024-01-04 09:07:05+00:00,2024-01-04 09:07:05+00:00,180.8048148148149,0.2077777777777778,49.905555555555566,194.89555555555555,37.6237037037037,40.191851851851865,2.01962962962963,62.68370370370371,0.001381,0.001089,0.005945,12.281851851851862,0
1278,2024-01-04 09:07:06+00:00,2024-01-04 09:07:06+00:00,186.2937931034482,0.2031034482758621,49.92655172413793,199.37,37.65206896551723,40.293448275862055,2.0793103448275865,62.36999999999999,0.001435,0.001126,0.006071,12.2744827586207,0
1279,2024-01-04 09:07:08+00:00,2024-01-04 09:07:08+00:00,192.89000000000004,0.2053571428571429,50.07464285714288,206.68285714285707,37.66714285714284,40.40714285714287,2.1875000000000004,62.23892857142857,0.001305,0.001089,0.005888,12.407500000000049,0
1280,2024-01-04 09:07:09+00:00,2024-01-04 09:07:09+00:00,195.7753571428572,0.2039285714285714,50.14535714285715,210.0878571428571,37.66321428571428,40.44142857142858,2.243928571428573,61.93749999999998,0.001279,0.001082,0.005867,12.482142857142875,0
1281,2024-01-04 09:07:10+00:00,2024-01-04 09:07:10+00:00,199.56785714285715,0.2203571428571429,50.21321428571429,214.26857142857148,37.674999999999976,40.503214285714265,2.293928571428571,61.96892857142857,0.001269,0.00109,0.005952,12.53821428571431,0
1282,2024-01-04 09:07:12+00:00,2024-01-04 09:07:12+00:00,205.24692307692305,0.2253846153846153,50.34730769230767,219.76923076923077,37.66461538461536,40.6326923076923,2.3880769230769223,61.88653846153848,0.001296,0.001107,0.006047,12.682692307692314,0
1283,2024-01-04 09:07:13+00:00,2024-01-04 09:07:13+00:00,208.08285714285708,0.2203571428571428,50.33321428571429,222.6642857142857,37.68821428571429,40.666428571428575,2.43,61.93892857142856,0.00131,0.00112,0.006104,12.645000000000003,0
1284,2024-01-04 09:07:14+00:00,2024-01-04 09:07:14+00:00,209.4907692307692,0.2188461538461538,50.46923076923077,225.03576923076923,37.71038461538463,40.76846153846154,2.4684615384615376,61.70884615384615,0.001349,0.001152,0.006209,12.758846153846145,0
1285,2024-01-04 09:07:15+00:00,2024-01-04 09:07:15+00:00,211.52517241379317,0.2203448275862069,50.56586206896554,227.32275862068963,37.70965517241381,40.808965517241376,2.5089655172413785,61.908620689655166,0.001348,0.001141,0.006308,12.856206896551726,0
1286,2024-01-04 09:07:17+00:00,2024-01-04 09:07:17+00:00,215.602,0.2292,50.70599999999999,231.3884,37.724800000000016,40.912400000000005,2.589200000000001,61.97759999999998,0.001347,0.001136,0.006294,12.981199999999973,0
1287,2024-01-04 09:07:18+00:00,2024-01-04 09:07:18+00:00,215.9307692307692,0.2323076923076923,50.80153846153848,232.43307692307684,37.7423076923077,40.95730769230769,2.606538461538461,61.79884615384616,0.001371,0.00114,0.00645,13.05923076923078,0
1288,2024-01-04 09:07:19+00:00,2024-01-04 09:07:19+00:00,218.1707692307692,0.2176923076923078,50.876153846153855,233.7530769230769,37.73615384615386,40.98384615384615,2.636923076923077,61.61923076923077,0.00139,0.001134,0.006514,13.139999999999992,0
1289,2024-01-04 09:07:21+00:00,2024-01-04 09:07:21+00:00,219.8062068965517,0.2186206896551724,51.05448275862069,235.4548275862068,37.76068965517241,41.0586206896552,2.679655172413794,61.41482758620687,0.001367,0.001131,0.006517,13.29379310344828,0
1290,2024-01-04 09:07:22+00:00,2024-01-04 09:07:22+00:00,219.7593103448276,0.2224137931034483,51.11793103448275,235.26172413793097,37.78931034482756,41.10103448275861,2.682758620689656,61.56241379310345,0.001395,0.001138,0.00652,13.328620689655196,0
1291,2024-01-04 09:07:23+00:00,2024-01-04 09:07:23+00:00,219.2248148148149,0.217037037037037,51.21629629629631,235.35851851851857,37.77555555555554,41.11074074074074,2.690740740740741,61.68814814814815,0.001406,0.001147,0.006538,13.440740740740772,0
1292,2024-01-04 09:07:25+00:00,2024-01-04 09:07:25+00:00,218.45379310344825,0.2051724137931034,51.34965517241381,233.46068965517247,37.78448275862069,41.09586206896553,2.6675862068965523,61.40793103448276,0.001394,0.001151,0.006506,13.565172413793114,0
1293,2024-01-04 09:07:26+00:00,2024-01-04 09:07:26+00:00,217.28999999999996,0.2166666666666667,51.42291666666666,232.5025,37.77791666666666,41.08666666666666,2.655,61.43958333333333,0.00131,0.001132,0.006241,13.644999999999996,0
1294,2024-01-04 09:07:27+00:00,2024-01-04 09:07:27+00:00,217.23846153846145,0.228076923076923,51.51807692307692,231.92038461538465,37.82730769230771,41.10576923076924,2.634615384615385,61.69884615384616,0.001316,0.001129,0.006197,13.690769230769206,0
1295,2024-01-04 09:07:29+00:00,2024-01-04 09:07:29+00:00,212.83464285714285,0.2110714285714286,51.6075,228.31607142857135,37.82250000000001,41.08607142857143,2.589642857142857,61.73321428571428,0.001294,0.001114,0.006165,13.784999999999982,0
1296,2024-01-04 09:07:30+00:00,2024-01-04 09:07:30+00:00,211.1720689655172,0.2224137931034482,51.664137931034496,226.3475862068966,37.81724137931034,41.0951724137931,2.555172413793104,62.08862068965515,0.001287,0.001104,0.006109,13.846896551724155,0
1297,2024-01-04 09:07:31+00:00,2024-01-04 09:07:31+00:00,208.68142857142857,0.2285714285714286,51.75321428571429,224.70678571428567,37.82964285714287,41.097142857142856,2.5253571428571435,61.95964285714288,0.001269,0.001092,0.006043,13.92357142857142,0
1298,2024-01-04 09:07:33+00:00,2024-01-04 09:07:33+00:00,203.86806451612907,0.2293548387096776,51.83838709677417,219.22032258064507,37.85387096774193,40.98709677419356,2.4341935483870967,61.91903225806452,0.001272,0.0011,0.005966,13.984516129032237,0
1299,2024-01-04 09:07:34+00:00,2024-01-04 09:07:34+00:00,200.55851851851855,0.2225925925925925,51.84962962962964,216.0981481481481,37.86888888888889,41.00407407407408,2.38074074074074,62.02037037037034,0.001263,0.001123,0.00589,13.98074074074075,0
1300,2024-01-04 09:07:35+00:00,2024-01-04 09:07:35+00:00,198.6530000000001,0.2243333333333333,51.89766666666666,213.27766666666676,37.87500000000001,40.96266666666668,2.3463333333333343,62.17300000000001,0.001247,0.001122,0.005817,14.022666666666652,0
1301,2024-01-04 09:07:36+00:00,2024-01-04 09:07:36+00:00,194.948,0.2146666666666667,51.94466666666667,209.201,37.88700000000001,40.93766666666667,2.282666666666667,62.39066666666667,0.00123,0.00112,0.005725,14.057666666666664,0
1302,2024-01-04 09:07:38+00:00,2024-01-04 09:07:38+00:00,187.2548275862069,0.2082758620689655,51.94275862068965,201.43827586206905,37.90310344827586,40.87724137931035,2.159655172413793,62.32758620689658,0.001277,0.00111,0.005626,14.039655172413797,0
1303,2024-01-04 09:07:39+00:00,2024-01-04 09:07:39+00:00,182.60769230769228,0.2123076923076923,52.01384615384614,197.77615384615385,37.90346153846152,40.87884615384615,2.0980769230769227,62.717307692307706,0.001218,0.001103,0.005544,14.110384615384625,0
1304,2024-01-04 09:07:40+00:00,2024-01-04 09:07:40+00:00,179.96000000000004,0.208076923076923,51.98269230769232,194.04307692307688,37.899999999999984,40.777307692307694,2.052307692307692,62.84615384615386,0.001207,0.00109,0.00548,14.082692307692334,0
1305,2024-01-04 09:07:42+00:00,2024-01-04 09:07:42+00:00,170.94566666666665,0.199,51.99300000000001,184.02399999999997,37.92766666666667,40.71466666666667,1.9493333333333327,63.10800000000002,0.001193,0.001067,0.005334,14.065333333333342,0
1306,2024-01-04 09:07:43+00:00,2024-01-04 09:07:43+00:00,165.91321428571433,0.2010714285714286,52.04321428571426,178.94678571428565,37.92964285714284,40.67357142857144,1.8824999999999992,62.71607142857143,0.001167,0.001061,0.005154,14.113571428571426,0
1307,2024-01-04 09:07:44+00:00,2024-01-04 09:07:44+00:00,160.79346153846151,0.2069230769230768,51.99076923076922,174.35538461538457,37.94576923076924,40.57653846153847,1.8238461538461528,63.20653846153846,0.001161,0.001042,0.005079,14.044999999999987,0
1308,2024-01-04 09:07:46+00:00,2024-01-04 09:07:46+00:00,151.8088888888889,0.1977777777777777,51.984814814814825,164.67259259259257,37.94777777777777,40.49,1.7051851851851854,63.37629629629627,0.001093,0.001039,0.004832,14.037037037037052,0
1309,2024-01-04 09:07:47+00:00,2024-01-04 09:07:47+00:00,145.87187500000002,0.1950000000000001,51.95031250000002,159.0221875,37.94656250000001,40.39250000000001,1.6324999999999994,63.23562500000003,0.001206,0.001025,0.004744,14.003750000000004,0
1310,2024-01-04 09:07:48+00:00,2024-01-04 09:07:48+00:00,141.42642857142854,0.1889285714285714,51.92142857142854,153.78714285714287,37.95178571428573,40.320714285714295,1.585357142857143,63.59285714285715,0.00105,0.001029,0.004512,13.969642857142809,0
1311,2024-01-04 09:07:50+00:00,2024-01-04 09:07:50+00:00,131.75966666666667,0.1876666666666667,51.86366666666667,143.43566666666666,38.001666666666665,40.19500000000001,1.461333333333333,63.769000000000005,0.001019,0.001011,0.004333,13.862000000000002,0
1312,2024-01-04 09:07:51+00:00,2024-01-04 09:07:51+00:00,126.14428571428572,0.1803571428571429,51.85428571428572,136.5814285714286,37.988214285714285,40.205714285714286,1.4035714285714287,63.66392857142855,0.001043,0.001048,0.004355,13.86607142857143,0
1313,2024-01-04 09:07:52+00:00,2024-01-04 09:07:52+00:00,120.56222222222225,0.1837037037037037,51.85074074074071,131.35296296296298,38.0,40.12333333333333,1.3507407407407408,63.86740740740742,0.001078,0.001018,0.004337,13.850740740740711,0
1314,2024-01-04 09:07:53+00:00,2024-01-04 09:07:53+00:00,115.82464285714286,0.1889285714285714,51.75785714285716,126.29392857142857,38.00571428571429,40.03035714285714,1.2978571428571428,64.17535714285712,0.001095,0.001005,0.004267,13.752142857142871,0
1315,2024-01-04 09:07:55+00:00,2024-01-04 09:07:55+00:00,104.69633333333336,0.1836666666666667,51.69100000000002,115.23366666666666,38.01466666666666,39.903666666666666,1.1980000000000002,64.14133333333334,0.001073,0.000994,0.004196,13.676333333333352,0
1316,2024-01-04 09:07:56+00:00,2024-01-04 09:07:56+00:00,100.26296296296296,0.1814814814814815,51.62037037037039,110.01111111111112,38.00703703703704,39.83185185185184,1.1466666666666667,64.35037037037036,0.001075,0.000979,0.004117,13.613333333333353,0
1317,2024-01-04 09:07:57+00:00,2024-01-04 09:07:57+00:00,94.09785714285712,0.1785714285714286,51.59071428571426,104.3764285714286,38.015714285714274,39.738214285714285,1.0949999999999995,64.49142857142856,0.001058,0.000947,0.004006,13.574999999999989,0
1318,2024-01-04 09:07:59+00:00,2024-01-04 09:07:59+00:00,85.07785714285716,0.1753571428571428,51.47178571428573,94.12071428571429,38.01678571428572,39.6157142857143,0.9846428571428568,64.50964285714285,0.001013,0.000977,0.003816,13.455000000000013,0
1319,2024-01-04 09:08:00+00:00,2024-01-04 09:08:00+00:00,79.1004,0.1712,51.4092,88.0064,38.0116,39.5628,0.9223999999999998,64.7036,0.001001,0.000926,0.003632,13.397600000000004,0
1320,2024-01-04 09:08:01+00:00,2024-01-04 09:08:01+00:00,75.67666666666665,0.1722222222222222,51.32888888888887,83.80148148148147,38.02666666666666,39.47888888888888,0.8722222222222226,64.76407407407406,0.000957,0.00087,0.003557,13.302222222222213,0
1321,2024-01-04 09:08:03+00:00,2024-01-04 09:08:03+00:00,66.47520000000003,0.156,51.2776,73.61359999999999,38.04079999999999,39.3764,0.7520000000000002,64.9248,0.000997,0.000883,0.003478,13.23680000000001,0
1322,2024-01-04 09:08:04+00:00,2024-01-04 09:08:04+00:00,61.34423076923077,0.1707692307692307,51.19346153846155,69.4023076923077,38.07269230769232,39.29807692307691,0.6965384615384613,65.34807692307692,0.000883,0.000823,0.003275,13.120769230769234,0
1323,2024-01-04 09:08:05+00:00,2024-01-04 09:08:05+00:00,57.70076923076924,0.1588461538461538,51.13692307692307,64.55692307692306,38.07115384615386,39.21230769230769,0.6534615384615386,65.36692307692306,0.000937,0.000866,0.003231,13.065769230769206,0
1324,2024-01-04 09:08:07+00:00,2024-01-04 09:08:07+00:00,49.74037037037037,0.1811111111111112,51.0611111111111,56.7988888888889,38.067407407407416,39.111851851851846,-0.0229629629629629,65.47555555555556,0.000879,0.000803,0.003059,12.993703703703687,0
1325,2024-01-04 09:08:08+00:00,2024-01-04 09:08:08+00:00,46.2255172413793,0.1555172413793103,51.00758620689657,52.30103448275864,38.07034482758621,39.04827586206896,-0.0672413793103448,65.33931034482758,0.00092,0.000811,0.003017,12.937241379310365,0
1326,2024-01-04 09:08:09+00:00,2024-01-04 09:08:09+00:00,42.446,0.1588,50.93440000000003,48.412000000000006,38.08200000000002,39.0328,-0.0676,65.394,0.000838,0.000761,0.002886,12.85240000000001,0
1327,2024-01-04 09:08:11+00:00,2024-01-04 09:08:11+00:00,37.01499999999999,0.1492307692307692,50.81076923076922,42.195,38.13461538461538,38.995000000000005,-0.07,65.72461538461539,0.000811,0.000768,0.002747,12.676153846153838,0
1328,2024-01-04 09:08:12+00:00,2024-01-04 09:08:12+00:00,33.525,0.1576923076923077,50.70961538461539,39.5226923076923,38.15576923076922,38.92153846153847,-0.0692307692307692,65.65384615384616,0.000805,0.000757,0.002672,12.553846153846166,0
1329,2024-01-04 09:08:13+00:00,2024-01-04 09:08:13+00:00,31.79071428571429,0.1646428571428572,50.65000000000001,36.98285714285715,38.155357142857135,38.89571428571429,-0.07,65.7775,0.000752,0.00076,0.002586,12.494642857142878,0
1330,2024-01-04 09:08:14+00:00,2024-01-04 09:08:14+00:00,28.17678571428572,0.1624999999999999,50.65357142857143,33.79428571428572,38.1725,38.82321428571429,-0.0692857142857143,65.70392857142859,0.000822,0.00079,0.002493,12.481071428571424,0
1331,2024-01-04 09:08:16+00:00,2024-01-04 09:08:16+00:00,25.095357142857143,0.1525,50.48214285714288,30.343928571428563,38.19178571428571,38.730714285714285,-0.07,65.99249999999999,0.000714,0.000745,0.002495,12.290357142857175,0
1332,2024-01-04 09:08:17+00:00,2024-01-04 09:08:17+00:00,23.236153846153847,0.1619230769230769,50.46653846153848,28.08538461538461,38.19153846153848,38.813461538461546,-0.07,65.93653846153846,0.000719,0.00071,0.002445,12.275000000000006,0
1333,2024-01-04 09:08:18+00:00,2024-01-04 09:08:18+00:00,21.834838709677413,0.1619354838709678,50.41161290322578,27.009677419354837,38.203225806451634,38.7658064516129,-0.07,65.91064516129032,0.000859,0.000739,0.002376,12.208387096774146,0
1334,2024-01-04 09:08:20+00:00,2024-01-04 09:08:20+00:00,19.85185185185185,0.1559259259259259,50.33074074074073,24.809259259259253,38.21962962962965,38.69037037037037,-0.07,66.0851851851852,0.000734,0.000801,0.002376,12.11111111111108,0
1335,2024-01-04 09:08:21+00:00,2024-01-04 09:08:21+00:00,19.643214285714283,0.1578571428571428,50.273214285714296,24.365,38.21392857142858,38.67321428571429,-0.07,66.28857142857144,0.000726,0.000802,0.002398,12.059285714285714,0
1336,2024-01-04 09:08:22+00:00,2024-01-04 09:08:22+00:00,19.386896551724128,0.146551724137931,50.23517241379312,24.303793103448275,38.221724137931055,38.674827586206895,-0.07,66.03137931034485,0.00073,0.000783,0.002313,12.01344827586206,0
1337,2024-01-04 09:08:24+00:00,2024-01-04 09:08:24+00:00,19.459999999999997,0.1444444444444445,50.154814814814806,23.812592592592587,38.22222222222223,38.63333333333334,-0.07,66.16111111111111,0.000846,0.000811,0.002325,11.932592592592576,0
1338,2024-01-04 09:08:25+00:00,2024-01-04 09:08:25+00:00,20.74703703703704,0.1592592592592592,50.12592592592592,26.043703703703688,38.24037037037037,38.64518518518518,-0.07,66.10370370370372,0.00075,0.000828,0.002348,11.885555555555548,0
1339,2024-01-04 09:08:26+00:00,2024-01-04 09:08:26+00:00,22.02466666666667,0.156,50.11066666666665,26.24633333333333,38.258333333333326,38.68933333333332,-0.07,65.87033333333335,0.000808,0.000773,0.002357,11.852333333333329,0
1340,2024-01-04 09:08:28+00:00,2024-01-04 09:08:28+00:00,23.54481481481482,0.1577777777777778,50.02111111111112,28.82851851851852,38.29296296296295,38.71814814814815,-0.07,65.85296296296299,0.000755,0.000764,0.002456,11.728148148148172,0
1341,2024-01-04 09:08:29+00:00,2024-01-04 09:08:29+00:00,25.51076923076923,0.1538461538461538,50.01192307692308,30.603076923076927,38.28615384615384,38.74692307692308,-0.07,65.75500000000001,0.000751,0.000721,0.002507,11.725769230769238,0
1342,2024-01-04 09:08:30+00:00,2024-01-04 09:08:30+00:00,28.037666666666667,0.164,50.01533333333331,32.701333333333345,38.307333333333325,38.77099999999999,-0.0686666666666667,65.862,0.000758,0.000737,0.002522,11.707999999999984,0
1343,2024-01-04 09:08:31+00:00,2024-01-04 09:08:31+00:00,29.630800000000004,0.1687999999999999,50.02,35.3192,38.31239999999999,38.802,-0.0616,65.8912,0.000774,0.000741,0.002601,11.707600000000014,0
1344,2024-01-04 09:08:33+00:00,2024-01-04 09:08:33+00:00,34.676538461538456,0.1734615384615384,49.999615384615375,40.11807692307694,38.35846153846155,38.85,-0.07,65.63846153846156,0.000944,0.00072,0.002598,11.641153846153829,0
1345,2024-01-04 09:08:34+00:00,2024-01-04 09:08:34+00:00,37.14555555555556,0.1559259259259259,50.01962962962962,43.15666666666666,38.36777777777779,38.92185185185185,-0.07,65.40814814814813,0.00086,0.000755,0.002722,11.65185185185183,0
1346,2024-01-04 09:08:35+00:00,2024-01-04 09:08:35+00:00,40.91103448275862,0.1579310344827586,50.02172413793102,46.079655172413794,38.36310344827586,38.9148275862069,-0.07,65.49310344827587,0.000807,0.000763,0.002733,11.65862068965516,0
1347,2024-01-04 09:08:37+00:00,2024-01-04 09:08:37+00:00,48.24379310344828,0.1548275862068965,50.05103448275864,53.56448275862071,38.35827586206897,39.06241379310344,-0.0696551724137931,65.3555172413793,0.000902,0.000859,0.002928,11.692758620689666,0
1348,2024-01-04 09:08:38+00:00,2024-01-04 09:08:38+00:00,51.530344827586205,0.1744827586206896,50.01965517241379,57.57275862068966,38.37172413793104,39.09172413793103,-0.0489655172413793,65.22206896551725,0.000925,0.00084,0.002988,11.647931034482752,0
1349,2024-01-04 09:08:39+00:00,2024-01-04 09:08:39+00:00,55.46370370370372,0.1662962962962963,50.04037037037037,61.24814814814813,38.37777777777777,39.157407407407405,0.5033333333333333,65.13074074074072,0.000902,0.000841,0.003115,11.662592592592596,0
1350,2024-01-04 09:08:41+00:00,2024-01-04 09:08:41+00:00,63.36689655172414,0.1758620689655173,50.0206896551724,70.45551724137933,38.39310344827586,39.23034482758621,0.6803448275862067,65.05586206896552,0.001042,0.000884,0.003313,11.627586206896538,0
1351,2024-01-04 09:08:42+00:00,2024-01-04 09:08:42+00:00,68.6007142857143,0.1817857142857142,50.04821428571427,75.52249999999997,38.3975,39.29964285714284,0.7378571428571432,64.81250000000003,0.000992,0.000912,0.003375,11.65071428571428,0
1352,2024-01-04 09:08:43+00:00,2024-01-04 09:08:43+00:00,72.67678571428573,0.1685714285714286,50.016785714285696,80.32535714285714,38.4092857142857,39.41285714285714,0.7907142857142855,64.70892857142859,0.000993,0.000885,0.003491,11.607499999999996,0
1353,2024-01-04 09:08:45+00:00,2024-01-04 09:08:45+00:00,83.53714285714284,0.1782142857142857,50.06500000000002,89.96607142857145,38.42535714285714,39.54535714285715,0.8971428571428571,64.56321428571428,0.001091,0.00091,0.003668,11.63964285714288,0
1354,2024-01-04 09:08:46+00:00,2024-01-04 09:08:46+00:00,86.64275862068963,0.1796551724137931,50.05517241379309,94.55,38.42620689655172,39.61586206896551,0.9475862068965512,64.72344827586208,0.001067,0.000903,0.003794,11.628965517241369,0
1355,2024-01-04 09:08:47+00:00,2024-01-04 09:08:47+00:00,92.35300000000004,0.172,50.01099999999998,99.5446666666667,38.43566666666665,39.641000000000005,1.0036666666666667,64.58833333333335,0.001082,0.000959,0.003936,11.575333333333331,0
1356,2024-01-04 09:08:49+00:00,2024-01-04 09:08:49+00:00,101.58653846153852,0.1884615384615385,50.0580769230769,110.37538461538465,38.43923076923079,39.79730769230769,1.1,64.26884615384616,0.001069,0.000977,0.004044,11.618846153846114,0
1357,2024-01-04 09:08:50+00:00,2024-01-04 09:08:50+00:00,107.69821428571426,0.1785714285714285,50.074285714285736,116.50749999999998,38.434642857142855,39.89142857142858,1.161071428571429,63.91678571428572,0.001098,0.000973,0.004144,11.63964285714288,0
1358,2024-01-04 09:08:51+00:00,2024-01-04 09:08:51+00:00,112.23966666666668,0.1756666666666667,50.08766666666666,121.708,38.44600000000001,39.93366666666667,1.2086666666666668,63.90000000000001,0.00107,0.001048,0.004174,11.641666666666644,0
1359,2024-01-04 09:08:52+00:00,2024-01-04 09:08:52+00:00,117.3903846153846,0.1815384615384615,50.0946153846154,127.1703846153846,38.46000000000001,40.04961538461539,1.2546153846153851,64.0746153846154,0.001039,0.001018,0.004185,11.634615384615389,0
1360,2024-01-04 09:08:54+00:00,2024-01-04 09:08:54+00:00,128.11343750000003,0.1921875,50.14062500000004,138.21718749999997,38.45718750000002,40.210625,1.3571875000000002,63.59499999999999,0.001078,0.001016,0.004294,11.683437500000018,0
1361,2024-01-04 09:08:55+00:00,2024-01-04 09:08:55+00:00,134.425,0.1992307692307693,50.1253846153846,143.40000000000003,38.46615384615385,40.24076923076924,1.411538461538462,63.824230769230766,0.001104,0.001032,0.004412,11.659230769230746,0
1362,2024-01-04 09:08:56+00:00,2024-01-04 09:08:56+00:00,139.76535714285717,0.1960714285714286,50.19000000000001,148.3614285714286,38.48250000000001,40.36071428571429,1.465,63.70071428571431,0.001075,0.001016,0.004399,11.707500000000003,0
1363,2024-01-04 09:08:58+00:00,2024-01-04 09:08:58+00:00,148.83068965517242,0.2048275862068967,50.2551724137931,159.62827586206902,38.52275862068964,40.536896551724126,1.587241379310345,63.19206896551724,0.001107,0.001061,0.004607,11.732413793103454,0
1364,2024-01-04 09:08:59+00:00,2024-01-04 09:08:59+00:00,152.01535714285714,0.1946428571428572,50.2967857142857,164.70428571428573,38.52785714285714,40.60750000000001,1.6535714285714282,63.28035714285714,0.001143,0.001051,0.004778,11.768928571428567,0
1365,2024-01-04 09:09:00+00:00,2024-01-04 09:09:00+00:00,157.64961538461537,0.1915384615384616,50.30769230769231,170.18769230769223,38.515384615384605,40.71846153846155,1.73,62.93192307692309,0.001154,0.001058,0.004989,11.792307692307702,0
1366,2024-01-04 09:09:02+00:00,2024-01-04 09:09:02+00:00,168.81142857142854,0.1885714285714286,50.40892857142859,179.2960714285714,38.51321428571429,40.878214285714286,1.849642857142857,62.98250000000001,0.001173,0.001074,0.00511,11.895714285714304,0
1367,2024-01-04 09:09:03+00:00,2024-01-04 09:09:03+00:00,171.74310344827583,0.2106896551724138,50.39137931034482,184.6606896551724,38.52448275862068,40.95172413793102,1.9127586206896552,62.6648275862069,0.001206,0.001098,0.005311,11.86689655172414,0
1368,2024-01-04 09:09:04+00:00,2024-01-04 09:09:04+00:00,177.1075862068966,0.2068965517241379,50.464137931034486,189.06620689655173,38.55,41.00103448275861,1.974137931034482,62.76344827586209,0.001271,0.001124,0.00545,11.914137931034489,0
1369,2024-01-04 09:09:06+00:00,2024-01-04 09:09:06+00:00,185.2286666666667,0.2156666666666668,50.62066666666669,198.31800000000004,38.54166666666665,41.193666666666665,2.105,62.66533333333333,0.001238,0.001128,0.005566,12.079000000000043,0
1370,2024-01-04 09:09:07+00:00,2024-01-04 09:09:07+00:00,189.52653846153856,0.2092307692307692,50.68423076923078,201.97115384615384,38.56076923076924,41.28576923076923,2.1623076923076923,62.50153846153847,0.001239,0.001109,0.005672,12.12346153846154,0
1371,2024-01-04 09:09:08+00:00,2024-01-04 09:09:08+00:00,191.59500000000003,0.2135714285714286,50.65464285714285,205.8403571428572,38.59035714285715,41.32214285714287,2.218214285714286,62.1125,0.001288,0.001121,0.005812,12.064285714285704,0
1372,2024-01-04 09:09:09+00:00,2024-01-04 09:09:09+00:00,195.26576923076925,0.2126923076923077,50.76961538461536,210.5376923076924,38.60000000000001,41.45423076923076,2.283846153846153,62.30884615384613,0.001305,0.001127,0.005912,12.169615384615357,0
1373,2024-01-04 09:09:11+00:00,2024-01-04 09:09:11+00:00,201.97384615384613,0.2003846153846154,50.93653846153846,215.5815384615385,38.640384615384605,41.57961538461538,2.3853846153846145,62.05884615384615,0.001302,0.001145,0.006005,12.296153846153857,0
1374,2024-01-04 09:09:12+00:00,2024-01-04 09:09:12+00:00,204.9538461538462,0.2238461538461537,51.00692307692307,219.6707692307692,38.64846153846153,41.605,2.4357692307692305,62.03115384615384,0.001324,0.001135,0.006118,12.35846153846154,0
1375,2024-01-04 09:09:13+00:00,2024-01-04 09:09:13+00:00,207.37032258064517,0.2125806451612903,51.093548387096746,221.7577419354839,38.64612903225808,41.63709677419356,2.47,62.09096774193548,0.001369,0.001166,0.006188,12.447419354838672,0
1376,2024-01-04 09:09:15+00:00,2024-01-04 09:09:15+00:00,213.05807692307692,0.2057692307692308,51.20807692307694,226.9903846153846,38.64346153846152,41.75384615384615,2.55923076923077,61.48499999999999,0.00139,0.001177,0.00625,12.564615384615417,0
1377,2024-01-04 09:09:16+00:00,2024-01-04 09:09:16+00:00,213.44896551724145,0.2279310344827586,51.29551724137932,229.00827586206887,38.66793103448275,41.81448275862068,2.595517241379311,61.91448275862071,0.001372,0.001172,0.006319,12.627586206896568,0
1378,2024-01-04 09:09:17+00:00,2024-01-04 09:09:17+00:00,214.3027586206896,0.2272413793103449,51.40275862068968,230.7420689655173,38.67413793103447,41.83172413793103,2.624827586206897,61.63379310344829,0.001382,0.001181,0.006391,12.728620689655209,0
1379,2024-01-04 09:09:19+00:00,2024-01-04 09:09:19+00:00,217.9651851851852,0.2192592592592593,51.55555555555556,232.9844444444445,38.7051851851852,41.9088888888889,2.674074074074074,62.0477777777778,0.001388,0.001156,0.00643,12.850370370370364,0
1380,2024-01-04 09:09:20+00:00,2024-01-04 09:09:20+00:00,218.6037037037037,0.2033333333333333,51.64185185185188,233.4411111111111,38.694814814814826,41.95148148148147,2.699629629629629,61.624814814814805,0.001389,0.001172,0.006451,12.947037037037047,0
1381,2024-01-04 09:09:21+00:00,2024-01-04 09:09:21+00:00,219.61266666666668,0.2123333333333333,51.71066666666668,233.7626666666667,38.69866666666669,41.98533333333334,2.7123333333333344,61.79566666666667,0.001334,0.001165,0.006296,13.011999999999986,0
1382,2024-01-04 09:09:23+00:00,2024-01-04 09:09:23+00:00,218.27,0.2173076923076924,51.886153846153846,234.27807692307692,38.71384615384616,41.979615384615386,2.721923076923076,61.56230769230767,0.001318,0.001159,0.006312,13.172307692307683,0
1383,2024-01-04 09:09:24+00:00,2024-01-04 09:09:24+00:00,218.4346428571429,0.2253571428571429,51.96214285714287,234.74071428571432,38.72071428571429,42.03999999999999,2.7210714285714275,61.63035714285713,0.001329,0.001161,0.006308,13.241428571428573,0
1384,2024-01-04 09:09:25+00:00,2024-01-04 09:09:25+00:00,219.00320000000008,0.2232,52.05359999999999,233.9464,38.71520000000001,42.02759999999999,2.7223999999999995,61.573999999999984,0.001348,0.001171,0.006331,13.33839999999998,0
1385,2024-01-04 09:09:27+00:00,2024-01-04 09:09:27+00:00,215.95551724137923,0.2206896551724139,52.18586206896553,232.3941379310345,38.71206896551725,42.01793103448277,2.6948275862068978,61.97931034482758,0.001338,0.001161,0.006284,13.473793103448273,0
1386,2024-01-04 09:09:28+00:00,2024-01-04 09:09:28+00:00,215.2284,0.2124000000000001,52.2404,231.40960000000004,38.718800000000016,42.04119999999999,2.6856,61.29320000000003,0.001334,0.001164,0.006253,13.521599999999978,0
1387,2024-01-04 09:09:29+00:00,2024-01-04 09:09:29+00:00,214.5673333333333,0.2223333333333333,52.37366666666669,228.93133333333344,38.729000000000006,42.02866666666666,2.6413333333333333,62.06566666666667,0.001298,0.00117,0.0062,13.644666666666687,0
1388,2024-01-04 09:09:30+00:00,2024-01-04 09:09:30+00:00,211.56592592592597,0.2085185185185186,52.35111111111112,226.5622222222221,38.73740740740741,42.013703703703705,2.604444444444445,61.52000000000001,0.001287,0.001153,0.006118,13.613703703703711,0
1389,2024-01-04 09:09:32+00:00,2024-01-04 09:09:32+00:00,207.35464285714284,0.2117857142857143,52.4875,221.8078571428571,38.749285714285705,42.02464285714286,2.5325,62.0517857142857,0.001275,0.001142,0.006038,13.7382142857143,0
1390,2024-01-04 09:09:33+00:00,2024-01-04 09:09:33+00:00,204.0166666666667,0.1993333333333333,52.50599999999999,219.1323333333334,38.76899999999999,42.00633333333335,2.487666666666667,61.84633333333334,0.001289,0.001138,0.005976,13.736999999999997,0
1391,2024-01-04 09:09:34+00:00,2024-01-04 09:09:34+00:00,201.93928571428572,0.2042857142857143,52.59464285714285,216.62357142857147,38.79607142857141,41.99107142857144,2.443214285714286,62.02428571428571,0.001272,0.001131,0.005904,13.798571428571442,0
1392,2024-01-04 09:09:36+00:00,2024-01-04 09:09:36+00:00,194.84862068965523,0.2044827586206896,52.65482758620691,209.89103448275856,38.83413793103449,41.94551724137933,2.336206896551725,62.32999999999999,0.001268,0.001132,0.005841,13.820689655172425,0
1393,2024-01-04 09:09:37+00:00,2024-01-04 09:09:37+00:00,191.54533333333328,0.218,52.66366666666668,205.8296666666667,38.831,41.90900000000002,2.274666666666666,62.45733333333333,0.00122,0.001157,0.005692,13.832666666666675,0
1394,2024-01-04 09:09:38+00:00,2024-01-04 09:09:38+00:00,188.97571428571428,0.1978571428571429,52.71392857142859,202.39142857142855,38.86071428571429,41.85035714285714,2.219642857142857,62.36785714285714,0.001223,0.001136,0.005618,13.8532142857143,0
1395,2024-01-04 09:09:40+00:00,2024-01-04 09:09:40+00:00,179.95642857142852,0.1928571428571428,52.75428571428571,193.5525,38.85464285714287,41.749285714285726,2.089285714285714,62.32428571428573,0.001221,0.001131,0.00554,13.899642857142837,0
1396,2024-01-04 09:09:41+00:00,2024-01-04 09:09:41+00:00,175.0442857142857,0.2089285714285714,52.76071428571428,189.86499999999995,38.86035714285715,41.71499999999999,2.0610714285714287,62.88428571428572,0.001171,0.001135,0.005396,13.900357142857132,0
1397,2024-01-04 09:09:42+00:00,2024-01-04 09:09:42+00:00,171.8544444444445,0.2070370370370371,52.741481481481486,185.3551851851852,38.86222222222222,41.6611111111111,1.9933333333333332,62.89333333333337,0.001186,0.0011,0.00527,13.879259259259264,0
1398,2024-01-04 09:09:44+00:00,2024-01-04 09:09:44+00:00,162.02423076923077,0.1934615384615385,52.781923076923086,175.3692307692308,38.86000000000001,41.53961538461538,1.8680769230769236,62.76115384615386,0.001169,0.00109,0.005192,13.92192307692308,0
1399,2024-01-04 09:09:45+00:00,2024-01-04 09:09:45+00:00,157.3160714285714,0.1917857142857142,52.71,170.3071428571428,38.877500000000005,41.503928571428574,1.8078571428571428,63.20249999999999,0.001169,0.001081,0.004985,13.832499999999996,0
1400,2024-01-04 09:09:46+00:00,2024-01-04 09:09:46+00:00,152.53068965517247,0.1975862068965518,52.69206896551724,165.04758620689665,38.88448275862069,41.42793103448275,1.7375862068965515,63.23999999999999,0.001107,0.001051,0.004815,13.807586206896543,0
1401,2024-01-04 09:09:48+00:00,2024-01-04 09:09:48+00:00,142.0054838709677,0.1951612903225807,52.666451612903245,153.8561290322581,38.9,41.29419354838711,1.6077419354838711,63.21709677419355,0.001135,0.001063,0.004645,13.766451612903246,0
1402,2024-01-04 09:09:49+00:00,2024-01-04 09:09:49+00:00,136.66444444444443,0.1903703703703703,52.58444444444443,148.07925925925926,38.91851851851851,41.21444444444445,1.535185185185185,63.367777777777775,0.001049,0.001036,0.004414,13.66592592592592,0
1403,2024-01-04 09:09:50+00:00,2024-01-04 09:09:50+00:00,131.71964285714287,0.1910714285714285,52.58285714285712,143.4267857142857,38.90857142857142,41.1225,1.4864285714285714,63.98,0.00117,0.00104,0.004317,13.674285714285702,0
1404,2024-01-04 09:09:51+00:00,2024-01-04 09:09:51+00:00,126.7872,0.1695999999999999,52.57079999999999,137.65440000000004,38.90279999999999,41.06999999999999,1.4343999999999997,63.90680000000001,0.001097,0.001018,0.004334,13.668000000000006,0
1405,2024-01-04 09:09:53+00:00,2024-01-04 09:09:53+00:00,116.18678571428576,0.1753571428571428,52.455,126.97571428571436,38.92464285714284,40.9425,1.3275,63.96857142857142,0.001108,0.001061,0.004277,13.530357142857156,0
1406,2024-01-04 09:09:54+00:00,2024-01-04 09:09:54+00:00,112.16035714285712,0.1814285714285714,52.43642857142861,122.12928571428571,38.91964285714285,40.89428571428572,1.2785714285714287,64.23892857142854,0.001118,0.001025,0.004223,13.516785714285753,0
1407,2024-01-04 09:09:55+00:00,2024-01-04 09:09:55+00:00,107.23428571428572,0.1778571428571429,52.32749999999999,115.5625,38.94107142857144,40.78714285714285,1.2182142857142857,64.38678571428571,0.001159,0.00103,0.004165,13.386428571428546,0
1408,2024-01-04 09:09:57+00:00,2024-01-04 09:09:57+00:00,96.76,0.1748148148148148,52.32148148148149,104.87444444444444,38.97185185185186,40.73925925925925,1.107777777777778,64.50444444444443,0.001106,0.000963,0.004049,13.349629629629623,0
1409,2024-01-04 09:09:58+00:00,2024-01-04 09:09:58+00:00,90.3660714285714,0.1696428571428571,52.217500000000015,98.84107142857144,39.004642857142855,40.63785714285716,1.0475000000000003,64.4475,0.001014,0.00096,0.003875,13.21285714285716,0
1410,2024-01-04 09:09:59+00:00,2024-01-04 09:09:59+00:00,85.35423076923077,0.1734615384615385,52.20923076923077,93.9946153846154,39.00153846153846,40.580384615384624,1.0003846153846152,64.65192307692307,0.000974,0.000925,0.003688,13.207692307692312,0
1411,2024-01-04 09:10:01+00:00,2024-01-04 09:10:01+00:00,76.75807692307691,0.1688461538461539,52.07538461538461,84.61500000000001,39.00615384615384,40.398076923076914,0.8942307692307694,64.95192307692308,0.000992,0.000893,0.003616,13.06923076923077,0
1412,2024-01-04 09:10:02+00:00,2024-01-04 09:10:02+00:00,71.723,0.1649999999999999,52.02066666666667,78.81100000000002,39.017333333333326,40.35099999999999,0.828333333333333,65.252,0.001011,0.000885,0.003524,13.003333333333345,0
1413,2024-01-04 09:10:03+00:00,2024-01-04 09:10:03+00:00,66.49333333333334,0.1566666666666666,51.96074074074074,73.94037037037039,39.00962962962963,40.27481481481482,0.777037037037037,65.03333333333333,0.000944,0.000871,0.003329,12.95111111111111,0
1414,2024-01-04 09:10:05+00:00,2024-01-04 09:10:05+00:00,58.3888888888889,0.1611111111111112,51.88333333333333,65.41148148148147,39.03148148148147,40.197777777777766,0.6681481481481479,65.18925925925925,0.001087,0.000868,0.003296,12.851851851851862,0
1415,2024-01-04 09:10:06+00:00,2024-01-04 09:10:06+00:00,54.23928571428569,0.1678571428571429,51.80857142857144,60.64107142857144,39.045357142857135,40.155714285714296,0.6124999999999997,65.46142857142861,0.000926,0.000848,0.003141,12.763214285714303,0
1416,2024-01-04 09:10:07+00:00,2024-01-04 09:10:07+00:00,50.10037037037036,0.1537037037037036,51.74296296296297,55.95333333333333,39.06333333333336,40.07333333333333,0.2011111111111111,65.29962962962962,0.001031,0.000879,0.003031,12.679629629629616,0
1417,2024-01-04 09:10:08+00:00,2024-01-04 09:10:08+00:00,46.35321428571429,0.1617857142857143,51.66571428571429,52.29642857142858,39.06928571428572,39.99214285714287,-0.0742857142857143,65.24000000000004,0.000903,0.000858,0.00292,12.596428571428568,0
1418,2024-01-04 09:10:10+00:00,2024-01-04 09:10:10+00:00,40.26642857142857,0.1589285714285714,51.53964285714287,45.465,39.06285714285712,39.90107142857144,-0.07,65.64750000000001,0.000838,0.000789,0.002858,12.476785714285754,0
1419,2024-01-04 09:10:11+00:00,2024-01-04 09:10:11+00:00,36.86666666666667,0.1558333333333333,51.5125,42.68083333333333,39.08250000000002,39.86583333333332,-0.0716666666666667,65.63124999999998,0.000864,0.000802,0.002759,12.429999999999978,0
1420,2024-01-04 09:10:12+00:00,2024-01-04 09:10:12+00:00,34.47178571428571,0.1660714285714286,51.43678571428568,39.91142857142858,39.10000000000001,39.83535714285715,-0.0714285714285714,65.63964285714285,0.000823,0.000754,0.002679,12.336785714285677,0
1421,2024-01-04 09:10:14+00:00,2024-01-04 09:10:14+00:00,29.640400000000003,0.162,51.3136,34.319199999999995,39.1148,39.7644,-0.0724,66.1572,0.000788,0.0008,0.002666,12.198799999999991,0
1422,2024-01-04 09:10:15+00:00,2024-01-04 09:10:15+00:00,26.654,0.1508,51.21400000000001,30.9448,39.11840000000001,39.70000000000002,-0.07,66.1132,0.001028,0.00078,0.002553,12.095600000000005,0
1423,2024-01-04 09:10:16+00:00,2024-01-04 09:10:16+00:00,24.983448275862077,0.1599999999999999,51.19793103448277,29.80448275862069,39.11586206896551,39.677931034482775,-0.0751724137931034,65.9748275862069,0.000792,0.000799,0.0025,12.082068965517252,0
1424,2024-01-04 09:10:18+00:00,2024-01-04 09:10:18+00:00,22.13115384615385,0.1584615384615385,51.11730769230768,26.693846153846145,39.15499999999998,39.69076923076924,-0.0784615384615384,66.07807692307692,0.000733,0.000779,0.002443,11.962307692307697,0
1425,2024-01-04 09:10:19+00:00,2024-01-04 09:10:19+00:00,20.850384615384616,0.1480769230769231,50.98692307692307,25.54807692307693,39.16499999999999,39.640000000000015,-0.0753846153846154,66.1376923076923,0.000861,0.00085,0.002418,11.821923076923078,0
1426,2024-01-04 09:10:20+00:00,2024-01-04 09:10:20+00:00,20.66807692307693,0.148076923076923,51.00269230769231,25.32923076923076,39.16153846153844,39.67,-0.0742307692307692,66.32538461538459,0.000774,0.0008,0.002423,11.841153846153864,0
1427,2024-01-04 09:10:22+00:00,2024-01-04 09:10:22+00:00,19.430800000000005,0.1512,50.8948,24.414000000000005,39.191600000000015,39.607200000000006,-0.0748,65.89520000000002,0.000863,0.000822,0.002394,11.703199999999988,0
1428,2024-01-04 09:10:23+00:00,2024-01-04 09:10:23+00:00,19.538148148148156,0.1588888888888888,50.83555555555554,24.47666666666667,39.19666666666668,39.60703703703704,-0.0733333333333333,66.08,0.000774,0.000848,0.002377,11.638888888888864,0
1429,2024-01-04 09:10:24+00:00,2024-01-04 09:10:24+00:00,20.13354838709678,0.1354838709677419,50.78225806451612,23.66354838709677,39.19032258064518,39.59709677419354,-0.0767741935483871,66.0832258064516,0.000802,0.000837,0.002403,11.59193548387094,0
1430,2024-01-04 09:10:26+00:00,2024-01-04 09:10:26+00:00,21.64678571428572,0.1560714285714285,50.72000000000003,25.51964285714286,39.20428571428573,39.5825,-0.0732142857142857,66.14964285714284,0.000899,0.00075,0.002418,11.515714285714296,0
1431,2024-01-04 09:10:27+00:00,2024-01-04 09:10:27+00:00,22.223333333333333,0.1459259259259259,50.72555555555556,26.49962962962962,39.20037037037039,39.6137037037037,-0.0781481481481481,65.77592592592593,0.000794,0.000738,0.002417,11.525185185185164,0
1432,2024-01-04 09:10:28+00:00,2024-01-04 09:10:28+00:00,24.425769230769227,0.1461538461538461,50.70000000000001,27.852692307692315,39.20923076923077,39.60923076923078,-0.0757692307692308,65.75230769230767,0.000812,0.000788,0.00249,11.49076923076924,0
1433,2024-01-04 09:10:29+00:00,2024-01-04 09:10:29+00:00,25.080333333333343,0.148,50.644666666666666,28.79166666666666,39.19366666666669,39.62833333333335,-0.07,65.84366666666669,0.000831,0.000773,0.002555,11.45099999999998,0
1434,2024-01-04 09:10:31+00:00,2024-01-04 09:10:31+00:00,28.818148148148158,0.1507407407407407,50.66,34.31333333333333,39.2088888888889,39.683703703703706,-0.072962962962963,65.60037037037038,0.00082,0.000763,0.002625,11.451111111111103,0
1435,2024-01-04 09:10:32+00:00,2024-01-04 09:10:32+00:00,32.24,0.1611111111111111,50.697777777777794,36.69925925925926,39.23740740740741,39.726666666666674,-0.07,65.88000000000002,0.000771,0.000751,0.002648,11.460370370370384,0
1436,2024-01-04 09:10:33+00:00,2024-01-04 09:10:33+00:00,34.28142857142856,0.1507142857142857,50.68857142857144,38.81642857142857,39.23,39.77571428571429,-0.0735714285714286,65.6732142857143,0.000809,0.00075,0.002663,11.458571428571432,0
1437,2024-01-04 09:10:35+00:00,2024-01-04 09:10:35+00:00,40.28250000000001,0.1657142857142857,50.63464285714287,46.24607142857144,39.25785714285714,39.83357142857142,-0.0717857142857143,65.59464285714289,0.000873,0.000771,0.002762,11.376785714285733,0
1438,2024-01-04 09:10:36+00:00,2024-01-04 09:10:36+00:00,43.66222222222222,0.1522222222222221,50.63592592592592,48.67555555555556,39.28629629629628,39.91518518518519,-0.0781481481481481,65.55888888888889,0.000895,0.000847,0.002866,11.34962962962964,0
1439,2024-01-04 09:10:37+00:00,2024-01-04 09:10:37+00:00,46.885000000000005,0.1607692307692308,50.68500000000002,52.4153846153846,39.29230769230767,39.94692307692307,-0.0738461538461538,65.13038461538463,0.000889,0.000824,0.002973,11.392692307692345,0
1440,2024-01-04 09:10:39+00:00,2024-01-04 09:10:39+00:00,54.71714285714286,0.16,50.67785714285716,60.38892857142856,39.31285714285714,40.06250000000001,0.5624999999999999,65.30607142857146,0.000906,0.000841,0.003108,11.365000000000016,0
1441,2024-01-04 09:10:40+00:00,2024-01-04 09:10:40+00:00,59.32962962962962,0.1648148148148147,50.66962962962961,65.11000000000001,39.313333333333325,40.09703703703704,0.6314814814814816,65.00999999999995,0.000964,0.000844,0.003237,11.356296296296286,0
1442,2024-01-04 09:10:41+00:00,2024-01-04 09:10:41+00:00,63.31375,0.1770833333333333,50.62416666666668,70.09999999999998,39.32125000000001,40.12916666666666,0.6849999999999999,65.09666666666666,0.001047,0.000861,0.003307,11.30291666666666,0
1443,2024-01-04 09:10:43+00:00,2024-01-04 09:10:43+00:00,71.93571428571428,0.1803571428571429,50.65642857142855,78.94571428571432,39.33071428571429,40.25428571428571,0.7842857142857138,64.98857142857143,0.00099,0.000883,0.003529,11.325714285714255,0
1444,2024-01-04 09:10:44+00:00,2024-01-04 09:10:44+00:00,76.11821428571433,0.1764285714285714,50.676428571428566,82.98249999999999,39.30892857142855,40.35821428571429,0.8367857142857144,65.06035714285714,0.000988,0.000893,0.003582,11.36750000000002,0
1445,2024-01-04 09:10:45+00:00,2024-01-04 09:10:45+00:00,80.86777777777777,0.19,50.66222222222223,89.08407407407407,39.3177777777778,40.38222222222222,0.9000000000000001,64.72592592592592,0.001054,0.000912,0.003719,11.344444444444434,0
1446,2024-01-04 09:10:46+00:00,2024-01-04 09:10:46+00:00,86.65482758620686,0.1662068965517242,50.66275862068967,93.2920689655173,39.33896551724138,40.50724137931034,0.951724137931034,64.23551724137931,0.001095,0.000968,0.003874,11.323793103448288,0
1447,2024-01-04 09:10:48+00:00,2024-01-04 09:10:48+00:00,95.65321428571428,0.1846428571428572,50.69428571428572,103.56821428571426,39.38464285714286,40.65535714285716,1.0503571428571428,64.8182142857143,0.001096,0.000958,0.003912,11.309642857142862,0
1448,2024-01-04 09:10:49+00:00,2024-01-04 09:10:49+00:00,101.59964285714288,0.1885714285714286,50.69535714285717,109.9760714285714,39.40535714285714,40.762857142857136,1.1067857142857145,64.50499999999998,0.001075,0.001054,0.004037,11.290000000000028,0
1449,2024-01-04 09:10:50+00:00,2024-01-04 09:10:50+00:00,105.69230769230764,0.188076923076923,50.70499999999999,114.81269230769227,39.40692307692306,40.81846153846153,1.1596153846153845,64.18384615384618,0.001103,0.000988,0.004166,11.298076923076929,0
1450,2024-01-04 09:10:52+00:00,2024-01-04 09:10:52+00:00,116.456,0.1706666666666667,50.72366666666669,125.674,39.39366666666668,40.962333333333326,1.262,63.54133333333333,0.001169,0.001048,0.004278,11.330000000000013,0
1451,2024-01-04 09:10:53+00:00,2024-01-04 09:10:53+00:00,122.53692307692305,0.1765384615384615,50.777307692307694,131.89538461538467,39.39538461538461,41.04653846153848,1.3219230769230772,63.88269230769231,0.001162,0.001018,0.004362,11.381923076923089,0
1452,2024-01-04 09:10:54+00:00,2024-01-04 09:10:54+00:00,127.45555555555556,0.1837037037037037,50.81,137.15148148148148,39.40629629629629,41.12555555555556,1.3685185185185185,63.838148148148136,0.001117,0.001026,0.00442,11.403703703703703,0
1453,2024-01-04 09:10:56+00:00,2024-01-04 09:10:56+00:00,137.7077777777778,0.1803703703703704,50.79037037037036,148.0711111111111,39.41629629629629,41.27592592592591,1.482592592592592,63.52185185185185,0.00113,0.00105,0.004415,11.374074074074072,0
1454,2024-01-04 09:10:57+00:00,2024-01-04 09:10:57+00:00,142.29592592592587,0.1862962962962962,50.905925925925935,153.21962962962965,39.41296296296296,41.37407407407408,1.5425925925925927,63.35074074074075,0.001119,0.001032,0.004539,11.492962962962975,0
1455,2024-01-04 09:10:58+00:00,2024-01-04 09:10:58+00:00,148.06714285714284,0.1975,50.9339285714286,158.6285714285714,39.40999999999999,41.46214285714287,1.6110714285714287,63.28964285714285,0.001167,0.00105,0.004737,11.523928571428613,0
1456,2024-01-04 09:11:00+00:00,2024-01-04 09:11:00+00:00,157.0496551724138,0.1879310344827586,51.02931034482758,168.4931034482758,39.43482758620689,41.65172413793102,1.745862068965517,63.11310344827587,0.001215,0.001073,0.004968,11.594482758620686,0
1457,2024-01-04 09:11:01+00:00,2024-01-04 09:11:01+00:00,161.8377777777778,0.1837037037037037,51.05111111111109,174.13703703703703,39.44111111111112,41.7088888888889,1.82,62.87703703703705,0.001209,0.001067,0.00509,11.609999999999964,0
1458,2024-01-04 09:11:02+00:00,2024-01-04 09:11:02+00:00,165.97760000000002,0.2,51.10599999999997,179.34400000000005,39.4424,41.7536,1.8863999999999987,62.7892,0.00122,0.001122,0.005301,11.663599999999974,0
1459,2024-01-04 09:11:04+00:00,2024-01-04 09:11:04+00:00,176.62931034482764,0.2079310344827587,51.14448275862068,189.5706896551725,39.48068965517243,41.930689655172415,2.0179310344827583,62.57965517241381,0.00122,0.00113,0.00533,11.66379310344825,0
1460,2024-01-04 09:11:05+00:00,2024-01-04 09:11:05+00:00,180.07769230769233,0.2073076923076923,51.21000000000001,193.37384615384624,39.4823076923077,42.01884615384615,2.073461538461539,62.32692307692309,0.001203,0.001131,0.005437,11.727692307692308,0
1461,2024-01-04 09:11:06+00:00,2024-01-04 09:11:06+00:00,184.28206896551728,0.2048275862068965,51.27999999999998,197.74999999999997,39.49689655172413,42.10689655172413,2.1324137931034466,62.23448275862072,0.00123,0.001145,0.005542,11.783103448275844,0
1462,2024-01-04 09:11:07+00:00,2024-01-04 09:11:07+00:00,187.5027586206897,0.203448275862069,51.3448275862069,201.5586206896552,39.498620689655176,42.16793103448276,2.193103448275862,62.38103448275864,0.001266,0.001163,0.005718,11.846206896551728,0
1463,2024-01-04 09:11:09+00:00,2024-01-04 09:11:09+00:00,194.5312,0.2132,51.48519999999999,209.4064,39.52319999999999,42.322,2.3164,62.31,0.001292,0.001157,0.005793,11.961999999999996,0
1464,2024-01-04 09:11:10+00:00,2024-01-04 09:11:10+00:00,199.186,0.2026666666666667,51.54599999999998,212.0073333333334,39.52433333333332,42.357666666666674,2.366000000000001,61.96466666666666,0.001355,0.00116,0.005875,12.02166666666666,0
1465,2024-01-04 09:11:11+00:00,2024-01-04 09:11:11+00:00,201.53119999999996,0.2027999999999999,51.6,215.72360000000003,39.51759999999999,42.4104,2.4172,61.875200000000014,0.001327,0.001174,0.005989,12.082400000000009,0
1466,2024-01-04 09:11:13+00:00,2024-01-04 09:11:13+00:00,206.622,0.2176,51.7668,222.02560000000005,39.553199999999975,42.55880000000002,2.5148000000000006,61.82520000000002,0.001332,0.00118,0.006107,12.21360000000002,0
1467,2024-01-04 09:11:14+00:00,2024-01-04 09:11:14+00:00,209.3132,0.22,51.8508,224.3308,39.56839999999999,42.5968,2.5584,61.92519999999999,0.001353,0.001186,0.006213,12.28240000000001,0
1468,2024-01-04 09:11:15+00:00,2024-01-04 09:11:15+00:00,212.49464285714285,0.2146428571428572,51.91071428571429,226.34607142857143,39.57714285714287,42.685,2.595714285714286,61.84535714285714,0.001368,0.001199,0.006227,12.333571428571425,0
1469,2024-01-04 09:11:17+00:00,2024-01-04 09:11:17+00:00,213.71333333333337,0.212962962962963,52.05555555555555,229.80555555555563,39.614444444444445,42.74111111111112,2.6607407407407404,61.82962962962964,0.001369,0.001213,0.006301,12.441111111111104,0
1470,2024-01-04 09:11:18+00:00,2024-01-04 09:11:18+00:00,217.5792,0.206,52.1896,231.4424,39.61000000000001,42.824,2.6984,61.4476,0.001388,0.001215,0.00636,12.579599999999992,0
1471,2024-01-04 09:11:19+00:00,2024-01-04 09:11:19+00:00,216.7351851851853,0.2225925925925926,52.26592592592591,232.6122222222223,39.62555555555555,42.88333333333333,2.716296296296296,61.923333333333325,0.001393,0.001215,0.006439,12.640370370370364,0
1472,2024-01-04 09:11:21+00:00,2024-01-04 09:11:21+00:00,219.83888888888885,0.2218518518518518,52.403333333333336,234.4977777777778,39.6311111111111,42.87592592592593,2.761851851851852,61.55111111111111,0.001395,0.001208,0.006478,12.772222222222233,0
1473,2024-01-04 09:11:22+00:00,2024-01-04 09:11:22+00:00,219.6211111111111,0.2125925925925926,52.49888888888889,234.8151851851852,39.63333333333333,42.92777777777778,2.765555555555557,61.56962962962962,0.001395,0.00123,0.006474,12.86555555555556,0
1474,2024-01-04 09:11:23+00:00,2024-01-04 09:11:23+00:00,220.25038461538463,0.2119230769230769,52.55192307692305,234.30038461538467,39.65499999999998,42.91576923076926,2.7757692307692308,61.54769230769231,0.001384,0.001204,0.006432,12.896923076923072,0
1475,2024-01-04 09:11:25+00:00,2024-01-04 09:11:25+00:00,218.5600000000001,0.2207407407407407,52.71629629629632,234.045925925926,39.66037037037036,42.96111111111112,2.7666666666666675,61.44740740740742,0.001423,0.001216,0.00658,13.055925925925962,0
1476,2024-01-04 09:11:26+00:00,2024-01-04 09:11:26+00:00,217.5837037037037,0.2159259259259259,52.81555555555554,233.04555555555555,39.67296296296298,42.93296296296297,2.76,61.58296296296295,0.001385,0.001227,0.006471,13.142592592592564,0
1477,2024-01-04 09:11:27+00:00,2024-01-04 09:11:27+00:00,216.426551724138,0.2213793103448276,52.86724137931036,232.2872413793103,39.68827586206898,42.97862068965516,2.7434482758620686,61.925517241379296,0.001346,0.001209,0.006319,13.178965517241371,0
1478,2024-01-04 09:11:28+00:00,2024-01-04 09:11:28+00:00,215.2276,0.2136,52.91880000000001,230.61120000000005,39.69400000000002,42.966,2.7204,61.795600000000015,0.001336,0.001201,0.006258,13.224799999999997,0
1479,2024-01-04 09:11:30+00:00,2024-01-04 09:11:30+00:00,212.14080000000004,0.2300000000000001,53.0692,227.5224,39.722,42.97200000000001,2.6584,62.092000000000006,0.0013,0.00118,0.006188,13.347199999999994,0
1480,2024-01-04 09:11:31+00:00,2024-01-04 09:11:31+00:00,209.0903846153846,0.2184615384615384,53.14384615384616,224.83538461538467,39.73538461538463,42.94884615384615,2.614615384615384,61.78038461538461,0.001299,0.001225,0.0061,13.40846153846153,0
1481,2024-01-04 09:11:32+00:00,2024-01-04 09:11:32+00:00,206.96740740740748,0.2011111111111111,53.17814814814814,222.38851851851848,39.73777777777778,42.92481481481482,2.5877777777777777,61.80740740740742,0.001298,0.001174,0.006012,13.44037037037036,0
1482,2024-01-04 09:11:34+00:00,2024-01-04 09:11:34+00:00,201.50535714285704,0.2007142857142856,53.24999999999999,216.2789285714286,39.73214285714287,42.882857142857134,2.4846428571428576,62.00178571428571,0.001259,0.00117,0.005956,13.517857142857125,0
1483,2024-01-04 09:11:35+00:00,2024-01-04 09:11:35+00:00,199.9711111111112,0.2051851851851852,53.27962962962962,214.28333333333336,39.7425925925926,42.890370370370384,2.443703703703704,61.81444444444443,0.001259,0.00116,0.005834,13.537037037037017,0
1484,2024-01-04 09:11:36+00:00,2024-01-04 09:11:36+00:00,196.26518518518512,0.2025925925925926,53.34296296296296,209.66370370370373,39.73407407407408,42.84074074074074,2.380370370370371,62.403703703703705,0.001209,0.001182,0.005735,13.608888888888876,0
1485,2024-01-04 09:11:38+00:00,2024-01-04 09:11:38+00:00,189.6244444444444,0.2077777777777778,53.37185185185182,203.4340740740741,39.76814814814814,42.73592592592593,2.277037037037037,62.60444444444446,0.001183,0.001148,0.005607,13.60370370370368,0
1486,2024-01-04 09:11:39+00:00,2024-01-04 09:11:39+00:00,184.08896551724143,0.2117241379310345,53.39827586206896,198.7462068965517,39.7603448275862,42.77896551724138,2.193448275862069,62.729655172413786,0.001229,0.001146,0.005585,13.637931034482762,0
1487,2024-01-04 09:11:40+00:00,2024-01-04 09:11:40+00:00,180.55038461538456,0.1973076923076923,53.41038461538463,194.5115384615385,39.78692307692306,42.71923076923079,2.144230769230769,62.519615384615385,0.001157,0.001145,0.005433,13.62346153846157,0
1488,2024-01-04 09:11:42+00:00,2024-01-04 09:11:42+00:00,172.11862068965513,0.1913793103448275,53.42000000000005,185.4103448275862,39.80172413793102,42.637586206896536,2.037241379310345,62.685172413793104,0.001147,0.001137,0.005275,13.618275862069028,0
1489,2024-01-04 09:11:43+00:00,2024-01-04 09:11:43+00:00,167.60285714285715,0.1982142857142858,53.402142857142856,180.4225,39.804285714285705,42.53214285714286,1.9678571428571432,62.92071428571428,0.001146,0.001139,0.005208,13.597857142857151,0
1490,2024-01-04 09:11:44+00:00,2024-01-04 09:11:44+00:00,162.73518518518517,0.1859259259259259,53.38407407407408,175.2318518518519,39.809629629629626,42.47148148148148,1.908148148148148,62.972962962962974,0.0011,0.001108,0.004987,13.574444444444453,0
1491,2024-01-04 09:11:45+00:00,2024-01-04 09:11:45+00:00,159.0975,0.1960714285714286,53.39678571428573,170.68678571428572,39.80035714285713,42.43285714285715,1.846428571428572,62.9732142857143,0.001114,0.001095,0.004909,13.596428571428604,0
1492,2024-01-04 09:11:47+00:00,2024-01-04 09:11:47+00:00,147.81678571428571,0.1921428571428572,53.3875,159.77357142857142,39.80214285714283,42.28107142857143,1.7060714285714285,63.1925,0.001081,0.001059,0.004634,13.585357142857164,0
1493,2024-01-04 09:11:48+00:00,2024-01-04 09:11:48+00:00,143.76407407407405,0.1877777777777778,53.28037037037038,155.09296296296296,39.83555555555557,42.220370370370375,1.638518518518518,63.339629629629634,0.001056,0.001066,0.004527,13.444814814814803,0
1494,2024-01-04 09:11:49+00:00,2024-01-04 09:11:49+00:00,139.15962962962965,0.1877777777777777,53.342962962962936,149.51037037037037,39.83851851851852,42.18481481481482,1.5803703703703702,63.32296296296295,0.00107,0.001047,0.004414,13.504444444444417,0
1495,2024-01-04 09:11:51+00:00,2024-01-04 09:11:51+00:00,126.58655172413792,0.1834482758620689,53.25172413793104,138.10931034482763,39.861724137931056,42.02862068965519,1.4489655172413791,63.54896551724136,0.001047,0.001031,0.004285,13.38999999999998,0
1496,2024-01-04 09:11:52+00:00,2024-01-04 09:11:52+00:00,123.63925925925926,0.1944444444444444,53.17629629629631,132.82740740740743,39.86333333333333,41.94407407407408,1.4029629629629634,64.08333333333336,0.001044,0.001033,0.004206,13.312962962962978,0
1497,2024-01-04 09:11:53+00:00,2024-01-04 09:11:53+00:00,116.4868,0.1784,53.19080000000002,127.2972,39.88719999999999,41.892,1.3463999999999996,64.26200000000001,0.00106,0.001021,0.004113,13.303600000000024,0
1498,2024-01-04 09:11:55+00:00,2024-01-04 09:11:55+00:00,106.5562962962963,0.1707407407407407,53.0862962962963,116.07740740740743,39.87111111111112,41.77518518518518,1.2425925925925922,64.35000000000001,0.001111,0.001012,0.004074,13.215185185185176,0
1499,2024-01-04 09:11:56+00:00,2024-01-04 09:11:56+00:00,102.01333333333334,0.1792592592592592,53.0225925925926,111.63444444444448,39.88222222222221,41.677037037037024,1.1900000000000002,64.37296296296293,0.001037,0.000999,0.004027,13.140370370370384,0
1500,2024-01-04 09:11:57+00:00,2024-01-04 09:11:57+00:00,96.38464285714288,0.1782142857142857,52.96678571428573,105.58035714285715,39.883571428571415,41.60749999999998,1.127857142857143,64.39964285714285,0.001072,0.000963,0.003947,13.083214285714313,0
1501,2024-01-04 09:11:59+00:00,2024-01-04 09:11:59+00:00,86.09807692307689,0.1607692307692307,52.88576923076924,94.54192307692308,39.885,41.46653846153846,1.0226923076923078,64.29961538461541,0.001018,0.00096,0.003842,13.000769230769244,0
1502,2024-01-04 09:12:00+00:00,2024-01-04 09:12:00+00:00,81.68333333333334,0.1833333333333333,52.82111111111112,90.2166666666667,39.90629629629629,41.42370370370371,0.9696296296296298,64.93555555555557,0.001004,0.000928,0.003647,12.914814814814823,0
1503,2024-01-04 09:12:01+00:00,2024-01-04 09:12:01+00:00,77.17851851851853,0.1714814814814814,52.80148148148147,84.74518518518518,39.89592592592592,41.35111111111112,0.9125925925925924,64.93037037037038,0.000931,0.000916,0.003488,12.905555555555544,0
1504,2024-01-04 09:12:03+00:00,2024-01-04 09:12:03+00:00,67.07642857142856,0.1639285714285714,52.64464285714286,74.87714285714284,39.918214285714285,41.18571428571431,0.8017857142857144,65.015,0.000962,0.000881,0.003435,12.726428571428578,0
1505,2024-01-04 09:12:04+00:00,2024-01-04 09:12:04+00:00,64.07607142857144,0.1714285714285714,52.59107142857141,70.90642857142858,39.92285714285713,41.127500000000005,0.7457142857142856,65.23785714285714,0.000918,0.00091,0.003253,12.66821428571427,0
1506,2024-01-04 09:12:05+00:00,2024-01-04 09:12:05+00:00,58.62884615384615,0.1596153846153846,52.53076923076923,65.80730769230772,39.91961538461537,41.09923076923076,0.6799999999999997,65.32038461538463,0.000945,0.000889,0.003192,12.61115384615386,0
1507,2024-01-04 09:12:06+00:00,2024-01-04 09:12:06+00:00,54.472962962962974,0.1611111111111111,52.51592592592593,61.22370370370371,39.94740740740741,41.04925925925926,0.6285185185185185,65.04259259259258,0.000876,0.00082,0.003044,12.568518518518523,0
1508,2024-01-04 09:12:08+00:00,2024-01-04 09:12:08+00:00,47.44884615384615,0.1692307692307692,52.35730769230769,54.05769230769231,39.95576923076926,40.92307692307692,-0.0734615384615385,65.64153846153847,0.00088,0.000805,0.002976,12.40153846153843,0
1509,2024-01-04 09:12:09+00:00,2024-01-04 09:12:09+00:00,43.2992,0.1487999999999999,52.3064,48.9556,39.956800000000015,40.9108,-0.0788,65.4384,0.000889,0.000782,0.002857,12.349599999999988,0
1510,2024-01-04 09:12:10+00:00,2024-01-04 09:12:10+00:00,40.99777777777778,0.1537037037037036,52.27407407407406,46.44740740740741,39.95407407407409,40.824814814814815,-0.08,65.6711111111111,0.000862,0.000804,0.002786,12.319999999999965,0
1511,2024-01-04 09:12:12+00:00,2024-01-04 09:12:12+00:00,34.43586206896552,0.1599999999999999,52.15689655172416,39.53172413793104,39.97586206896553,40.7610344827586,-0.0737931034482758,65.91689655172416,0.000805,0.00074,0.002687,12.181034482758626,0
1512,2024-01-04 09:12:13+00:00,2024-01-04 09:12:13+00:00,32.335925925925935,0.1533333333333333,52.05481481481482,37.04222222222223,39.9925925925926,40.71333333333336,-0.0777777777777777,65.76925925925924,0.000753,0.000739,0.002587,12.062222222222218,0
1513,2024-01-04 09:12:14+00:00,2024-01-04 09:12:14+00:00,29.59730769230768,0.165,52.03192307692306,35.023846153846165,40.01153846153845,40.66115384615384,-0.08,66.25884615384614,0.000751,0.000768,0.002522,12.020384615384614,0
1514,2024-01-04 09:12:16+00:00,2024-01-04 09:12:16+00:00,26.245,0.1392857142857143,51.87285714285715,29.31392857142857,40.01535714285713,40.62464285714288,-0.08,65.635,0.000758,0.000768,0.002484,11.857500000000025,0
1515,2024-01-04 09:12:17+00:00,2024-01-04 09:12:17+00:00,23.876296296296296,0.1448148148148148,51.84407407407407,28.289259259259254,40.036296296296285,40.6062962962963,-0.08,65.95000000000002,0.000742,0.000762,0.002408,11.807777777777789,0
1516,2024-01-04 09:12:18+00:00,2024-01-04 09:12:18+00:00,23.2972,0.1364,51.777200000000015,26.157999999999998,40.034799999999976,40.5388,-0.08,65.73920000000003,0.000786,0.000775,0.002348,11.74240000000004,0
1517,2024-01-04 09:12:20+00:00,2024-01-04 09:12:20+00:00,20.515714285714285,0.1560714285714285,51.63571428571429,24.43857142857143,40.05071428571426,40.52321428571428,-0.08,66.14178571428572,0.000783,0.000798,0.00232,11.58500000000003,0
1518,2024-01-04 09:12:21+00:00,2024-01-04 09:12:21+00:00,20.28923076923077,0.1584615384615384,51.60230769230769,24.416153846153843,40.08269230769232,40.50115384615385,-0.0819230769230769,66.22615384615384,0.000755,0.00081,0.002322,11.51961538461537,0
1519,2024-01-04 09:12:22+00:00,2024-01-04 09:12:22+00:00,19.7144,0.146,51.58239999999998,23.2172,40.091600000000014,40.52360000000001,-0.08,66.2704,0.00083,0.000803,0.002303,11.490799999999965,0
1520,2024-01-04 09:12:23+00:00,2024-01-04 09:12:23+00:00,19.642692307692307,0.1557692307692307,51.55230769230768,24.10923076923078,40.10500000000001,40.52846153846154,-0.08,66.13923076923076,0.000749,0.000836,0.002306,11.447307692307668,0
1521,2024-01-04 09:12:25+00:00,2024-01-04 09:12:25+00:00,19.9725,0.1525,51.42285714285716,24.253928571428567,40.09214285714286,40.47821428571428,-0.08,65.85857142857141,0.001071,0.000798,0.002278,11.3307142857143,0
1522,2024-01-04 09:12:26+00:00,2024-01-04 09:12:26+00:00,21.83192307692308,0.1573076923076923,51.39961538461538,25.73846153846155,40.09346153846156,40.52692307692308,-0.08,65.81692307692309,0.000772,0.000812,0.002331,11.30615384615382,0
1523,2024-01-04 09:12:27+00:00,2024-01-04 09:12:27+00:00,22.16214285714285,0.1621428571428572,51.42428571428575,26.232142857142858,40.09892857142857,40.549642857142864,-0.08,66.06678571428569,0.000809,0.000882,0.002361,11.325357142857172,0
1524,2024-01-04 09:12:29+00:00,2024-01-04 09:12:29+00:00,24.989333333333324,0.1533333333333333,51.353,28.94833333333333,40.11333333333332,40.527,-0.0796666666666666,65.608,0.000729,0.000815,0.002428,11.23966666666668,0
1525,2024-01-04 09:12:30+00:00,2024-01-04 09:12:30+00:00,26.801481481481467,0.164074074074074,51.33296296296295,31.71,40.12999999999999,40.5388888888889,-0.0796296296296296,65.85518518518518,0.000782,0.000752,0.00248,11.202962962962957,0
1526,2024-01-04 09:12:31+00:00,2024-01-04 09:12:31+00:00,29.521600000000003,0.1496,51.3964,33.34440000000001,40.1284,40.6332,-0.08,65.78479999999999,0.000781,0.000759,0.002485,11.268,0
1527,2024-01-04 09:12:33+00:00,2024-01-04 09:12:33+00:00,33.84148148148148,0.1637037037037037,51.33407407407408,39.34185185185184,40.14,40.653703703703705,-0.08,65.93518518518518,0.000783,0.000795,0.002521,11.19407407407408,0
1528,2024-01-04 09:12:34+00:00,2024-01-04 09:12:34+00:00,37.02035714285713,0.1517857142857142,51.33892857142855,41.79928571428572,40.12392857142856,40.65464285714286,-0.0796428571428571,65.4357142857143,0.000832,0.000782,0.00258,11.21499999999999,0
10,2025-01-21 09:24:49+00:00,2025-01-21 09:24:49+00:00,59.1489189189189,0.1167567567567567,39.910540540540566,71.23810810810814,21.16243243243244,22.098378378378385,0.3599999999999999,65.12324324324322,0.001079,0.000658,0.001604,18.74810810810813,1
19,2025-01-21 09:25:09+00:00,2025-01-21 09:25:09+00:00,159.00628571428578,0.1954285714285714,40.20085714285716,177.00828571428568,21.25085714285714,23.52314285714285,1.5285714285714282,63.52342857142856,0.001384,0.001165,0.003301,18.95000000000002,1
20,2025-01-21 09:25:10+00:00,2025-01-21 09:25:10+00:00,162.81028571428575,0.194,39.91285714285715,181.44771428571423,21.122,23.416285714285717,1.563142857142857,63.114,0.001462,0.00117,0.003453,18.790857142857156,1
43,2025-01-21 09:25:47+00:00,2025-01-21 09:25:47+00:00,187.21222222222227,0.1941666666666667,40.926944444444445,207.69999999999996,21.168611111111108,24.1263888888889,1.7908333333333335,62.71472222222225,0.001743,0.001222,0.004107,19.758333333333336,1
53,2025-01-21 09:26:00+00:00,2025-01-21 09:26:00+00:00,126.21999999999991,0.1713888888888888,41.19083333333334,143.40499999999997,21.272222222222226,23.54583333333333,1.2988888888888892,64.16527777777779,0.001108,0.001032,0.002601,19.91861111111111,1
62,2025-01-21 09:26:11+00:00,2025-01-21 09:26:11+00:00,70.83750000000002,0.1666666666666666,40.6377777777778,84.72916666666666,21.22472222222222,22.468055555555548,0.3652777777777776,64.665,0.00103,0.000758,0.001787,19.41305555555558,1
70,2025-01-21 09:26:22+00:00,2025-01-21 09:26:22+00:00,31.35297297297297,0.162972972972973,40.03216216216217,42.831621621621615,21.173783783783804,21.758108108108104,0.3518918918918916,65.30162162162162,0.001034,0.000657,0.001506,18.85837837837837,1
88,2025-01-21 09:26:46+00:00,2025-01-21 09:26:46+00:00,47.60457142857143,0.1822857142857142,40.008,58.80800000000002,21.30571428571428,22.058,0.3599999999999999,65.32428571428572,0.001129,0.000646,0.001563,18.70228571428572,1
95,2025-01-21 09:26:55+00:00,2025-01-21 09:26:55+00:00,87.31299999999997,0.135,40.24874999999999,98.98024999999998,21.325500000000005,22.762750000000004,0.4912500000000001,64.77799999999999,0.001041,0.000753,0.001855,18.92324999999998,1
105,2025-01-21 09:27:08+00:00,2025-01-21 09:27:08+00:00,152.01416666666668,0.1672222222222222,39.914722222222224,169.51055555555558,21.284722222222207,23.360000000000003,1.4736111111111103,63.23083333333333,0.001327,0.001105,0.003063,18.630000000000017,1
111,2025-01-21 09:27:16+00:00,2025-01-21 09:27:16+00:00,188.23787878787888,0.2060606060606061,40.409696969696974,207.85363636363635,21.467878787878774,24.131818181818183,1.7757575757575756,63.07606060606059,0.001701,0.001238,0.003974,18.9418181818182,1
127,2025-01-21 09:27:39+00:00,2025-01-21 09:27:39+00:00,211.66973684210515,0.2171052631578948,40.926578947368405,233.81684210526316,21.35631578947369,24.60289473684211,2.0186842105263163,62.37815789473685,0.001907,0.001226,0.00445,19.57026315789471,1
135,2025-01-21 09:27:50+00:00,2025-01-21 09:27:50+00:00,176.33088235294113,0.2232352941176471,41.12705882352941,194.98029411764696,21.37323529411765,24.19,1.6870588235294122,63.18323529411764,0.001577,0.001195,0.003742,19.75382352941176,1
141,2025-01-21 09:27:58+00:00,2025-01-21 09:27:58+00:00,138.00580645161287,0.1667741935483871,40.97516129032259,154.39483870967743,21.29193548387097,23.54258064516129,1.3932258064516123,63.49322580645159,0.001197,0.001078,0.002859,19.68322580645162,1
164,2025-01-21 09:28:28+00:00,2025-01-21 09:28:28+00:00,21.63121212121213,0.1606060606060606,40.29272727272727,31.014242424242425,21.483333333333345,22.061818181818172,0.356060606060606,65.78363636363636,0.001125,0.000624,0.001549,18.809393939393924,1
174,2025-01-21 09:28:41+00:00,2025-01-21 09:28:41+00:00,32.084857142857146,0.1668571428571428,39.99057142857145,42.77199999999999,21.458285714285708,21.918857142857146,0.3568571428571427,65.55657142857142,0.001187,0.000647,0.001536,18.53228571428574,1
179,2025-01-21 09:28:47+00:00,2025-01-21 09:28:47+00:00,50.16054054054055,0.1745945945945946,40.259729729729735,62.1037837837838,21.53405405405404,22.517297297297308,0.3521621621621619,65.49837837837836,0.001155,0.000645,0.001589,18.725675675675696,1
194,2025-01-21 09:29:07+00:00,2025-01-21 09:29:07+00:00,147.65529411764714,0.193235294117647,40.44852941176471,164.20294117647066,21.559411764705875,23.643235294117652,1.442352941176471,63.64235294117646,0.001265,0.001069,0.002943,18.88911764705884,1
220,2025-01-21 09:29:41+00:00,2025-01-21 09:29:41+00:00,207.29828571428567,0.2374285714285715,41.09714285714286,228.74171428571432,21.5322857142857,24.677714285714288,1.9879999999999995,62.4417142857143,0.001848,0.00121,0.004315,19.564857142857164,1
228,2025-01-21 09:29:52+00:00,2025-01-21 09:29:52+00:00,167.22891891891894,0.1521621621621621,41.32891891891893,186.82027027027027,21.57621621621623,24.291621621621623,1.6291891891891883,63.28837837837843,0.001513,0.001147,0.003504,19.7527027027027,1
291,2025-01-21 09:31:14+00:00,2025-01-21 09:31:14+00:00,179.54705882352937,0.2152941176470587,40.600588235294126,198.0488235294118,21.75235294117648,24.50029411764708,1.7,63.219411764705896,0.001546,0.001159,0.003565,18.848235294117647,1
310,2025-01-21 09:31:42+00:00,2025-01-21 09:31:42+00:00,205.57352941176464,0.2108823529411764,41.13911764705883,226.88441176470585,21.68588235294118,24.783529411764714,1.9844117647058817,62.18705882352943,0.001848,0.00123,0.004307,19.45323529411765,1
383,2025-01-21 09:33:17+00:00,2025-01-21 09:33:17+00:00,190.35368421052632,0.2055263157894737,40.71157894736842,209.3194736842106,21.92263157894736,24.726052631578955,1.797631578947368,62.870263157894726,0.001714,0.001201,0.003863,18.788947368421063,1
396,2025-01-21 09:33:34+00:00,2025-01-21 09:33:34+00:00,219.1063888888889,0.2297222222222223,41.06416666666667,240.0905555555556,21.862500000000004,25.110555555555557,2.141944444444444,61.97888888888888,0.001982,0.001233,0.004531,19.201666666666668,1
411,2025-01-21 09:33:54+00:00,2025-01-21 09:33:54+00:00,159.26636363636362,0.1548484848484848,41.32939393939397,177.61878787878788,21.804242424242428,24.19848484848484,1.5751515151515154,63.04666666666665,0.001419,0.001149,0.003282,19.52515151515154,1
417,2025-01-21 09:34:02+00:00,2025-01-21 09:34:02+00:00,119.73685714285716,0.1694285714285714,41.79742857142858,135.9157142857143,22.014857142857142,24.37342857142856,1.2557142857142858,64.47600000000001,0.00116,0.000926,0.002391,19.78257142857144,1
436,2025-01-21 09:34:27+00:00,2025-01-21 09:34:27+00:00,22.80971428571428,0.1568571428571429,40.678,32.87,22.01628571428572,22.621428571428567,0.3499999999999998,66.0194285714286,0.00112,0.000689,0.001533,18.66171428571428,1
452,2025-01-21 09:34:48+00:00,2025-01-21 09:34:48+00:00,52.655,0.1060526315789473,40.75315789473685,62.88736842105266,22.10736842105261,23.02447368421053,0.3478947368421051,65.4731578947368,0.001169,0.000676,0.001573,18.64578947368424,1
501,2025-01-21 09:35:53+00:00,2025-01-21 09:35:53+00:00,165.96558823529415,0.195,41.68529411764706,184.2091176470588,22.106470588235297,24.76323529411765,1.6214705882352938,63.274117647058816,0.001437,0.001173,0.003283,19.578823529411764,1
511,2025-01-21 09:36:07+00:00,2025-01-21 09:36:07+00:00,94.6286486486486,0.1635135135135136,41.33945945945947,107.90324324324328,22.102432432432437,23.71297297297297,1.0527027027027027,64.48189189189188,0.001128,0.000783,0.00199,19.23702702702704,1
519,2025-01-21 09:36:17+00:00,2025-01-21 09:36:17+00:00,49.00599999999999,0.1437142857142857,40.99800000000001,59.9177142857143,22.08657142857143,23.09714285714286,0.3485714285714284,65.20457142857144,0.00114,0.000699,0.001647,18.911428571428583,1
546,2025-01-21 09:36:52+00:00,2025-01-21 09:36:52+00:00,69.63171428571427,0.1457142857142857,40.36257142857142,80.16971428571428,22.106571428571424,23.004,0.3499999999999998,64.64228571428572,0.001181,0.000706,0.001745,18.256,1
548,2025-01-21 09:36:55+00:00,2025-01-21 09:36:55+00:00,83.05472222222221,0.1897222222222222,40.96305555555554,95.88527777777776,22.26555555555555,23.64944444444444,0.3855555555555554,64.91111111111113,0.001151,0.000719,0.001857,18.69749999999999,1
559,2025-01-21 09:37:09+00:00,2025-01-21 09:37:09+00:00,154.29729729729723,0.1997297297297298,40.59756756756757,171.39216216216224,22.161621621621624,24.259729729729727,1.5016216216216216,63.34540540540541,0.001336,0.001085,0.002997,18.43594594594595,1
574,2025-01-21 09:37:29+00:00,2025-01-21 09:37:29+00:00,216.7297297297297,0.207027027027027,41.1264864864865,238.4802702702704,22.1727027027027,25.355675675675677,2.119729729729729,62.213513513513504,0.001962,0.001238,0.004399,18.9537837837838,1
577,2025-01-21 09:37:33+00:00,2025-01-21 09:37:33+00:00,219.4879411764705,0.2217647058823529,41.1670588235294,240.3367647058824,22.159705882352934,25.37205882352941,2.1544117647058822,62.03411764705885,0.001965,0.001249,0.004417,19.007352941176457,1
600,2025-01-21 09:38:03+00:00,2025-01-21 09:38:03+00:00,114.86742857142858,0.186,41.40771428571429,131.44685714285714,22.19400000000001,24.06057142857144,1.225142857142857,63.95857142857141,0.00117,0.000864,0.002251,19.21371428571429,1
627,2025-01-21 09:38:39+00:00,2025-01-21 09:38:39+00:00,25.84647058823529,0.1670588235294118,40.443823529411766,35.56058823529412,22.243823529411767,22.599999999999994,0.3488235294117645,65.66588235294114,0.001156,0.000659,0.001568,18.2,1
644,2025-01-21 09:39:01+00:00,2025-01-21 09:39:01+00:00,112.53085714285712,0.1882857142857143,40.521714285714296,126.96828571428576,22.33028571428572,23.81285714285715,1.1602857142857148,64.1242857142857,0.001078,0.000798,0.002103,18.191428571428577,1
649,2025-01-21 09:39:07+00:00,2025-01-21 09:39:07+00:00,143.3184615384616,0.1815384615384616,40.93871794871793,159.7053846153846,22.40358974358973,24.461538461538467,1.4233333333333336,63.75641025641024,0.001221,0.001021,0.002758,18.5351282051282,1
655,2025-01-21 09:39:15+00:00,2025-01-21 09:39:15+00:00,181.44710526315785,0.1873684210526316,40.740526315789474,198.90289473684211,22.311842105263164,24.79421052631579,1.7305263157894737,62.87868421052635,0.001574,0.001158,0.003557,18.42868421052631,1
677,2025-01-21 09:39:44+00:00,2025-01-21 09:39:44+00:00,200.8883333333333,0.1936111111111111,41.76666666666667,221.64027777777775,22.34694444444444,25.47027777777777,1.96,62.27944444444445,0.001792,0.001201,0.00399,19.41972222222224,1
687,2025-01-21 09:39:57+00:00,2025-01-21 09:39:57+00:00,147.57025641025646,0.2066666666666667,41.88384615384615,165.81282051282056,22.43897435897436,24.90717948717949,1.497948717948718,63.74999999999999,0.001254,0.00108,0.002848,19.444871794871798,1
696,2025-01-21 09:40:09+00:00,2025-01-21 09:40:09+00:00,85.47225000000003,0.17675,41.71825,100.07149999999996,22.425250000000005,23.98024999999999,0.8570000000000002,64.47599999999997,0.001133,0.00075,0.00195,19.292999999999992,1
700,2025-01-21 09:40:14+00:00,2025-01-21 09:40:14+00:00,62.67641025641025,0.1420512820512819,41.47564102564103,74.73512820512822,22.44897435897436,23.63102564102564,0.3489743589743588,64.96692307692307,0.001173,0.000728,0.001753,19.026666666666674,1
715,2025-01-21 09:40:35+00:00,2025-01-21 09:40:35+00:00,21.32805555555556,0.1336111111111111,40.64027777777779,29.587777777777767,22.37833333333333,22.770000000000003,0.3427777777777777,65.4661111111111,0.001185,0.000687,0.001558,18.26194444444446,1
748,2025-01-21 09:41:18+00:00,2025-01-21 09:41:18+00:00,190.1005882352941,0.1982352941176469,40.97117647058823,209.834705882353,22.4779411764706,25.147941176470585,1.8341176470588236,62.77264705882353,0.001737,0.001202,0.003805,18.49323529411763,1
766,2025-01-21 09:41:43+00:00,2025-01-21 09:41:43+00:00,205.32484848484845,0.1939393939393938,41.88484848484848,224.84545454545463,22.50545454545454,25.690909090909088,2.009393939393939,62.48303030303032,0.001815,0.001211,0.003994,19.379393939393943,1
793,2025-01-21 09:42:19+00:00,2025-01-21 09:42:19+00:00,44.41666666666666,0.1613888888888889,41.29944444444444,55.57027777777777,22.554722222222225,23.46194444444446,0.3499999999999998,65.44833333333332,0.001224,0.000673,0.001636,18.74472222222221,1
801,2025-01-21 09:42:29+00:00,2025-01-21 09:42:29+00:00,21.73382352941176,0.1238235294117647,41.04264705882351,30.44823529411765,22.549411764705862,23.04058823529413,0.349705882352941,65.8444117647059,0.001202,0.000678,0.001604,18.49323529411764,1
835,2025-01-21 09:43:16+00:00,2025-01-21 09:43:16+00:00,183.28542857142847,0.1942857142857143,41.38571428571431,201.8511428571428,22.739142857142856,25.357714285714284,1.7717142857142862,63.13771428571429,0.001633,0.001175,0.003582,18.64657142857145,1
837,2025-01-21 09:43:19+00:00,2025-01-21 09:43:19+00:00,194.0920588235295,0.193235294117647,41.04264705882355,213.12941176470596,22.62441176470588,25.3529411764706,1.8641176470588237,62.65176470588237,0.00172,0.001196,0.00377,18.418235294117668,1
848,2025-01-21 09:43:40+00:00,2025-01-21 09:43:40+00:00,212.77685714285724,0.196,41.91885714285715,232.01314285714275,22.65857142857141,25.88114285714285,2.1020000000000003,62.352857142857154,0.001948,0.001224,0.00417,19.26028571428574,1
855,2025-01-21 09:43:49+00:00,2025-01-21 09:43:49+00:00,184.95717948717956,0.1902564102564103,41.97051282051282,204.8684615384615,22.63641025641025,25.544358974358968,1.8120512820512824,62.87692307692312,0.00172,0.001222,0.003703,19.33410256410257,1
856,2025-01-21 09:43:51+00:00,2025-01-21 09:43:51+00:00,178.42999999999992,0.196969696969697,42.34575757575757,196.42666666666665,22.76545454545455,25.663030303030304,1.7342424242424233,63.23636363636364,0.001668,0.001201,0.00359,19.580303030303018,1
857,2025-01-21 09:43:52+00:00,2025-01-21 09:43:52+00:00,173.11138888888885,0.2,42.333888888888886,191.93666666666667,22.714166666666685,25.60833333333334,1.7097222222222233,63.23583333333334,0.001601,0.001217,0.00348,19.6197222222222,1
861,2025-01-21 09:43:57+00:00,2025-01-21 09:43:57+00:00,149.65027777777777,0.1727777777777778,42.199444444444445,167.71944444444438,22.74222222222223,25.23527777777777,1.515,63.69611111111111,0.001309,0.001086,0.002899,19.457222222222214,1
872,2025-01-21 09:44:11+00:00,2025-01-21 09:44:11+00:00,78.18787878787877,0.1627272727272727,41.84030303030304,90.70666666666668,22.698181818181823,24.154848484848493,0.3678787878787877,64.93545454545453,0.001113,0.000733,0.001795,19.142121212121214,1
879,2025-01-21 09:44:21+00:00,2025-01-21 09:44:21+00:00,37.62846153846154,0.1471794871794871,41.38025641025641,48.40589743589744,22.703846153846168,23.70205128205128,0.3489743589743588,65.72358974358977,0.001196,0.000662,0.001591,18.67641025641024,1
882,2025-01-21 09:44:25+00:00,2025-01-21 09:44:25+00:00,27.631891891891897,0.1359459459459459,41.22405405405407,36.66675675675677,22.68486486486488,23.33378378378379,0.3483783783783782,65.66648648648648,0.001222,0.00068,0.001532,18.539189189189184,1
888,2025-01-21 09:44:32+00:00,2025-01-21 09:44:32+00:00,19.62485714285716,0.15,41.42485714285714,28.74257142857143,22.82857142857141,23.402857142857144,0.3445714285714284,66.132,0.001083,0.000676,0.001507,18.596285714285727,1
890,2025-01-21 09:44:35+00:00,2025-01-21 09:44:35+00:00,20.56472222222222,0.1466666666666666,40.87027777777779,29.46472222222222,22.678611111111117,23.049166666666665,0.3422222222222221,65.79666666666668,0.001142,0.000657,0.001512,18.191666666666677,1
891,2025-01-21 09:44:36+00:00,2025-01-21 09:44:36+00:00,20.706666666666663,0.1227272727272727,40.97484848484851,30.35969696969697,22.70484848484849,23.123939393939384,0.3484848484848483,65.8239393939394,0.001106,0.000671,0.001513,18.27000000000001,1
901,2025-01-21 09:44:49+00:00,2025-01-21 09:44:49+00:00,53.08710526315789,0.1302631578947368,40.69368421052633,64.23999999999997,22.66868421052633,23.274473684210523,0.3497368421052629,64.83578947368419,0.001136,0.000676,0.001587,18.025,1
910,2025-01-21 09:45:01+00:00,2025-01-21 09:45:01+00:00,109.6684210526316,0.1944736842105263,40.8278947368421,123.56342105263164,22.75236842105263,24.142631578947363,1.1500000000000004,64.10026315789473,0.001072,0.000826,0.002126,18.075526315789467,1
926,2025-01-21 09:45:22+00:00,2025-01-21 09:45:22+00:00,203.4094444444444,0.1719444444444445,41.285833333333336,221.86833333333328,22.7736111111111,25.83888888888889,1.9724999999999997,62.50277777777779,0.001868,0.001218,0.003993,18.512222222222235,1
930,2025-01-21 09:45:27+00:00,2025-01-21 09:45:27+00:00,214.0464864864865,0.2151351351351351,41.46459459459461,235.15054054054053,22.785405405405392,25.95675675675676,2.104324324324325,62.22729729729732,0.001973,0.001227,0.004206,18.679189189189216,1
953,2025-01-21 09:46:03+00:00,2025-01-21 09:46:03+00:00,118.36210526315791,0.1828947368421053,42.26631578947367,135.06289473684214,22.895789473684214,25.08789473684212,1.26842105263158,64.36473684210524,0.001182,0.000852,0.002232,19.37052631578945,1
955,2025-01-21 09:46:06+00:00,2025-01-21 09:46:06+00:00,103.86459459459466,0.2018918918918919,41.91891891891894,119.72432432432436,22.82216216216217,24.59108108108108,1.136756756756757,64.23999999999998,0.001136,0.000813,0.00214,19.09675675675677,1
961,2025-01-21 09:46:13+00:00,2025-01-21 09:46:13+00:00,69.36361111111111,0.1408333333333333,41.9025,81.1741666666667,22.91111111111112,24.182222222222222,0.3399999999999999,65.15083333333331,0.001191,0.000706,0.001776,18.99138888888888,1
974,2025-01-21 09:46:30+00:00,2025-01-21 09:46:30+00:00,20.737500000000004,0.1616666666666666,41.17055555555555,30.422222222222217,22.906111111111112,23.20500000000001,0.3341666666666666,65.65749999999998,0.001176,0.00066,0.001571,18.26444444444444,1
996,2025-01-21 09:47:01+00:00,2025-01-21 09:47:01+00:00,109.14513513513516,0.1289189189189189,40.786756756756766,122.15216216216218,22.91432432432432,24.06648648648648,1.1418918918918912,63.67243243243244,0.001121,0.000815,0.002074,17.872432432432447,1
1000,2025-01-21 09:47:06+00:00,2025-01-21 09:47:06+00:00,135.38805555555558,0.1669444444444444,40.89888888888888,149.83722222222224,22.919722222222223,24.53111111111111,1.3563888888888882,63.322500000000005,0.001204,0.000966,0.002448,17.979166666666654,1
1046,2025-01-21 09:48:18+00:00,2025-01-21 09:48:18+00:00,48.49638888888889,0.1530555555555556,41.51666666666664,60.46444444444448,23.03166666666665,23.936944444444453,0.33,65.22277777777776,0.00117,0.000713,0.001672,18.485,1
1063,2025-01-21 09:48:40+00:00,2025-01-21 09:48:40+00:00,25.72333333333334,0.1745454545454545,41.111212121212105,36.26393939393941,23.06939393939393,23.47787878787878,0.33,65.79727272727271,0.001147,0.000686,0.001562,18.041818181818176,1
1068,2025-01-21 09:48:47+00:00,2025-01-21 09:48:47+00:00,44.87891891891892,0.1570270270270269,41.26729729729732,54.79891891891889,23.095135135135138,23.75189189189188,0.33,65.21432432432435,0.001188,0.000655,0.001601,18.17216216216218,1
1069,2025-01-21 09:48:48+00:00,2025-01-21 09:48:48+00:00,48.34285714285715,0.1685714285714285,40.82885714285713,59.5614285714286,23.025428571428563,23.579999999999995,0.3314285714285714,64.90542857142854,0.001156,0.000694,0.001623,17.80342857142857,1
1071,2025-01-21 09:48:51+00:00,2025-01-21 09:48:51+00:00,59.9227027027027,0.1491891891891892,41.320810810810826,70.72351351351351,23.13729729729729,24.095405405405412,0.3302702702702703,65.38135135135136,0.001137,0.000692,0.001671,18.18351351351353,1
1073,2025-01-21 09:48:55+00:00,2025-01-21 09:48:55+00:00,77.92078947368422,0.1492105263157894,41.042105263157886,88.84210526315785,23.064210526315804,24.02973684210528,0.33,64.67605263157894,0.001149,0.000709,0.001781,17.97789473684208,1
1088,2025-01-21 09:49:14+00:00,2025-01-21 09:49:14+00:00,172.86216216216212,0.2027027027027027,41.18891891891893,189.95351351351357,23.098918918918923,25.473243243243235,1.6775675675675683,62.90108108108111,0.001586,0.001202,0.003416,18.090000000000007,1
1092,2025-01-21 09:49:20+00:00,2025-01-21 09:49:20+00:00,196.15090909090912,0.1987878787878788,41.33242424242424,214.5866666666666,23.1269696969697,25.836666666666662,1.885151515151516,62.56848484848487,0.001795,0.001255,0.0038,18.20545454545454,1
1095,2025-01-21 09:49:23+00:00,2025-01-21 09:49:23+00:00,204.96999999999997,0.202,41.46028571428573,224.69600000000003,23.104000000000013,25.90514285714286,1.9894285714285709,62.04142857142856,0.001902,0.001252,0.004027,18.35628571428572,1
1096,2025-01-21 09:49:25+00:00,2025-01-21 09:49:25+00:00,210.8681081081081,0.1791891891891892,41.59729729729728,229.59027027027028,23.113783783783777,26.115945945945956,2.049729729729728,62.24729729729729,0.001925,0.00125,0.00406,18.483513513513497,1
1103,2025-01-21 09:49:46+00:00,2025-01-21 09:49:46+00:00,199.1245714285714,0.2177142857142857,42.3797142857143,217.46599999999995,23.176571428571428,26.24057142857143,1.9385714285714295,62.54485714285716,0.001864,0.001252,0.003943,19.203142857142872,1
1131,2025-01-21 09:50:22+00:00,2025-01-21 09:50:22+00:00,36.19696969696972,0.126060606060606,41.81121212121214,46.45727272727272,23.296060606060617,24.23454545454545,0.3272727272727273,65.79575757575758,0.001149,0.000653,0.001605,18.51515151515152,1
1151,2025-01-21 09:50:53+00:00,2025-01-21 09:50:53+00:00,68.44432432432436,0.1518918918918918,41.4602702702703,79.61162162162164,23.40783783783785,24.42999999999999,0.3267567567567568,65.24594594594596,0.001394,0.000725,0.00228,18.05243243243245,1
1154,2025-01-21 09:50:56+00:00,2025-01-21 09:50:56+00:00,82.06894736842106,0.1576315789473683,41.04315789473686,93.7542105263158,23.27394736842104,24.267105263157895,0.5773684210526313,64.54,0.001144,0.000762,0.001876,17.769210526315817,1
1157,2025-01-21 09:51:00+00:00,2025-01-21 09:51:00+00:00,102.31236842105268,0.1684210526315789,41.03236842105264,115.43263157894737,23.21578947368421,24.42289473684211,1.085526315789474,63.91868421052632,0.001111,0.000794,0.002051,17.816578947368427,1
1169,2025-01-21 09:51:16+00:00,2025-01-21 09:51:16+00:00,179.85194444444437,0.1811111111111111,41.29833333333337,198.1130555555555,23.28805555555554,25.73027777777777,1.7419444444444443,62.81194444444447,0.00166,0.001213,0.003549,18.010277777777826,1
1184,2025-01-21 09:51:50+00:00,2025-01-21 09:51:50+00:00,183.86848484848483,0.1712121212121213,42.63090909090909,202.9927272727274,23.405151515151516,26.217878787878792,1.8075757575757567,62.74030303030303,0.001714,0.001236,0.003616,19.22575757575758,1
1192,2025-01-21 09:52:01+00:00,2025-01-21 09:52:01+00:00,131.67052631578946,0.1642105263157895,42.23236842105264,147.22736842105266,23.363947368421044,25.43078947368421,1.363421052631579,63.5342105263158,0.001236,0.001006,0.002558,18.86842105263159,1
1206,2025-01-21 09:52:19+00:00,2025-01-21 09:52:19+00:00,46.577142857142846,0.1525714285714286,42.14685714285714,57.70000000000001,23.514571428571426,24.69428571428572,0.3211428571428573,65.69600000000001,0.001127,0.00069,0.001651,18.632285714285715,1
1215,2025-01-21 09:52:31+00:00,2025-01-21 09:52:31+00:00,20.111282051282053,0.1584615384615385,41.27666666666664,29.79871794871795,23.40846153846153,23.627435897435905,0.3200000000000002,65.57589743589745,0.001142,0.000668,0.001614,17.868205128205112,1
1224,2025-01-21 09:52:43+00:00,2025-01-21 09:52:43+00:00,31.924411764705884,0.1511764705882352,41.31382352941177,41.571470588235286,23.457647058823543,23.93970588235293,0.3214705882352942,65.6355882352941,0.001207,0.000669,0.001546,17.856176470588228,1
1230,2025-01-21 09:52:52+00:00,2025-01-21 09:52:52+00:00,62.60114285714284,0.162,41.224,74.54542857142857,23.45914285714286,24.224285714285717,0.3225714285714287,64.74257142857144,0.001212,0.000686,0.001692,17.764857142857135,1
1231,2025-01-21 09:52:53+00:00,2025-01-21 09:52:53+00:00,67.2994444444444,0.2019444444444444,41.26,80.17861111111114,23.483055555555563,24.35527777777777,0.3219444444444445,64.87833333333336,0.001191,0.000711,0.00175,17.776944444444435,1
1237,2025-01-21 09:53:01+00:00,2025-01-21 09:53:01+00:00,105.82527777777771,0.1680555555555556,41.35777777777779,119.97916666666664,23.536944444444448,24.898333333333337,1.1152777777777776,64.05166666666668,0.001118,0.000793,0.002095,17.820833333333344,1
1253,2025-01-21 09:53:22+00:00,2025-01-21 09:53:22+00:00,201.43540540540545,0.192972972972973,41.6083783783784,220.60972972972985,23.46135135135136,26.27,1.9621621621621617,62.09864864864868,0.001892,0.001263,0.003935,18.147027027027043,1
1264,2025-01-21 09:53:48+00:00,2025-01-21 09:53:48+00:00,192.1530555555556,0.1958333333333334,42.55194444444447,210.8363888888888,23.574722222222235,26.505277777777778,1.8805555555555555,62.58250000000001,0.00182,0.001271,0.003807,18.97722222222223,1
1267,2025-01-21 09:53:52+00:00,2025-01-21 09:53:52+00:00,176.25756756756758,0.1751351351351351,42.62783783783783,194.4302702702703,23.609729729729736,26.360540540540544,1.7351351351351345,62.77675675675676,0.001635,0.001232,0.003464,19.01810810810809,1
1268,2025-01-21 09:53:53+00:00,2025-01-21 09:53:53+00:00,172.74718750000005,0.2006250000000001,42.500000000000014,190.72156250000003,23.59000000000001,26.27625,1.7031250000000002,62.984375000000014,0.001597,0.001256,0.003377,18.910000000000004,1
1276,2025-01-21 09:54:04+00:00,2025-01-21 09:54:04+00:00,117.78368421052632,0.1834210526315789,42.482894736842105,132.31157894736842,23.59394736842106,25.548947368421043,1.243947368421052,64.14421052631583,0.001219,0.000934,0.002381,18.888947368421046,1
1283,2025-01-21 09:54:13+00:00,2025-01-21 09:54:13+00:00,71.85081081081078,0.1640540540540541,42.07540540540542,84.22243243243241,23.580810810810817,24.86216216216217,0.3210810810810812,64.68081081081078,0.001133,0.00073,0.001891,18.4945945945946,1
1290,2025-01-21 09:54:22+00:00,2025-01-21 09:54:22+00:00,37.563939393939386,0.1624242424242424,42.02575757575759,47.77272727272726,23.70393939393941,24.559999999999995,0.3200000000000001,65.58939393939391,0.001153,0.000668,0.001584,18.321818181818177,1
1292,2025-01-21 09:54:25+00:00,2025-01-21 09:54:25+00:00,29.40764705882353,0.1526470588235294,41.773823529411786,38.76382352941176,23.65941176470588,24.249411764705883,0.3188235294117647,65.73029411764705,0.00115,0.000666,0.001597,18.114411764705903,1
1310,2025-01-21 09:54:48+00:00,2025-01-21 09:54:48+00:00,46.794166666666655,0.1375,41.35,57.03361111111112,23.68888888888888,24.255000000000003,0.3188888888888889,65.03472222222221,0.001204,0.000666,0.001614,17.66111111111112,1
1328,2025-01-21 09:55:12+00:00,2025-01-21 09:55:12+00:00,161.65971428571427,0.2022857142857143,41.85028571428573,178.5014285714286,23.818571428571413,26.189999999999998,1.586285714285715,63.52942857142856,0.001456,0.001158,0.003095,18.03171428571432,1
1376,2025-01-21 09:56:28+00:00,2025-01-21 09:56:28+00:00,23.705405405405408,0.1518918918918918,42.14351351351351,33.2337837837838,24.030810810810813,24.66513513513513,0.3186486486486488,66.11918918918917,0.001198,0.000657,0.001581,18.1127027027027,1
1403,2025-01-21 09:57:05+00:00,2025-01-21 09:57:05+00:00,126.20736842105268,0.1773684210526316,41.54526315789472,140.62131578947364,23.952368421052643,25.52078947368421,1.2852631578947369,63.58684210526319,0.001248,0.000878,0.002352,17.592894736842073,1
1413,2025-01-21 09:57:18+00:00,2025-01-21 09:57:18+00:00,186.50972972972977,0.184054054054054,41.79027027027025,204.6700000000001,23.98837837837838,26.60324324324325,1.815135135135135,62.7527027027027,0.00172,0.001228,0.003518,17.80189189189187,1
1416,2025-01-21 09:57:22+00:00,2025-01-21 09:57:22+00:00,201.3747222222222,0.2127777777777778,41.92749999999998,219.98277777777787,23.972777777777782,26.817499999999995,1.961111111111112,62.49277777777776,0.001854,0.001261,0.003785,17.954722222222195,1
1430,2025-01-21 09:57:53+00:00,2025-01-21 09:57:53+00:00,173.15999999999988,0.19,42.914,191.48342857142856,24.02999999999999,26.81942857142858,1.720857142857143,63.115142857142864,0.001547,0.001166,0.003165,18.884000000000004,1
1438,2025-01-21 09:58:04+00:00,2025-01-21 09:58:04+00:00,119.26138888888887,0.1797222222222222,43.01111111111111,134.3675,24.148888888888884,26.406111111111112,1.2602777777777778,64.41777777777777,0.001274,0.000898,0.002352,18.862222222222226,1
1468,2025-01-21 09:58:43+00:00,2025-01-21 09:58:43+00:00,30.42878787878788,0.1533333333333333,41.53333333333333,40.38848484848484,24.16696969696972,24.563333333333333,0.3184848484848486,65.6157575757576,0.001278,0.000689,0.001558,17.36636363636361,1
1470,2025-01-21 09:58:46+00:00,2025-01-21 09:58:46+00:00,39.20588235294117,0.1426470588235295,41.8679411764706,47.85147058823528,24.22294117647059,24.846764705882364,0.3138235294117646,65.46294117647058,0.001294,0.000674,0.001573,17.645000000000003,1
1497,2025-01-21 09:59:21+00:00,2025-01-21 09:59:21+00:00,197.93588235294115,0.1888235294117647,42.37970588235295,215.71794117647067,24.33117647058822,27.17205882352941,1.9305882352941168,62.79352941176473,0.001809,0.001243,0.0037,18.048529411764733,1
1498,2025-01-21 09:59:22+00:00,2025-01-21 09:59:22+00:00,199.9471052631579,0.1707894736842106,42.0963157894737,218.371052631579,24.265263157894736,27.056315789473693,1.961052631578948,62.39578947368423,0.001853,0.001247,0.003759,17.831052631578963,1
1509,2025-01-21 09:59:45+00:00,2025-01-21 09:59:45+00:00,202.6457894736841,0.1892105263157894,42.95105263157892,222.32710526315785,24.27947368421052,27.35736842105263,2.039473684210526,62.48947368421056,0.001885,0.001252,0.003852,18.6715789473684,1
1524,2025-01-21 10:00:04+00:00,2025-01-21 10:00:04+00:00,119.75588235294116,0.165,42.91735294117646,135.26029411764702,24.30323529411765,26.254117647058816,1.2838235294117648,63.99911764705882,0.001256,0.000892,0.00228,18.61411764705881,1
1530,2025-01-21 10:00:12+00:00,2025-01-21 10:00:12+00:00,79.59093749999998,0.1409375,42.839375000000025,92.01124999999998,24.397812499999997,25.839687500000004,0.55625,64.94218749999997,0.001135,0.000765,0.001906,18.441562500000032,1
1537,2025-01-21 10:00:21+00:00,2025-01-21 10:00:21+00:00,41.319736842105264,0.1297368421052631,42.47263157894738,51.04078947368419,24.34763157894737,25.34,0.31,65.59157894736843,0.001185,0.0007,0.001593,18.125000000000004,1
1554,2025-01-21 10:00:44+00:00,2025-01-21 10:00:44+00:00,32.08542857142857,0.1317142857142856,41.71828571428572,42.26571428571429,24.357714285714287,24.75285714285715,0.3111428571428571,65.2045714285714,0.001243,0.000691,0.001556,17.360571428571433,1
1574,2025-01-21 10:01:11+00:00,2025-01-21 10:01:11+00:00,154.20583333333337,0.1869444444444444,41.87027777777777,170.23527777777775,24.452777777777783,26.437777777777782,1.5477777777777786,63.346388888888896,0.001357,0.001079,0.002836,17.41749999999999,1
1579,2025-01-21 10:01:18+00:00,2025-01-21 10:01:18+00:00,185.74564102564108,0.2133333333333332,42.33820512820513,203.83615384615385,24.533589743589744,27.15846153846153,1.8153846153846156,62.94820512820513,0.001649,0.001195,0.003401,17.80461538461539,1
1624,2025-01-21 10:02:31+00:00,2025-01-21 10:02:31+00:00,20.939729729729727,0.1137837837837838,42.111081081081096,29.618918918918933,24.570270270270267,25.00135135135135,0.31,65.6689189189189,0.001261,0.000709,0.001613,17.54081081081083,1
1626,2025-01-21 10:02:35+00:00,2025-01-21 10:02:35+00:00,19.489459459459443,0.1243243243243242,42.123243243243245,27.391621621621628,24.584054054054054,25.012432432432437,0.31,65.79864864864861,0.001238,0.000723,0.001613,17.53918918918919,1
1640,2025-01-21 10:02:53+00:00,2025-01-21 10:02:53+00:00,63.91205882352944,0.1705882352941177,41.96970588235296,75.80470588235298,24.614117647058823,25.41235294117648,0.3155882352941178,65.05205882352942,0.001229,0.000714,0.00172,17.355588235294135,1
1642,2025-01-21 10:02:56+00:00,2025-01-21 10:02:56+00:00,78.05694444444441,0.1549999999999999,41.8388888888889,89.84305555555555,24.582222222222228,25.410833333333336,0.31,64.36666666666667,0.001211,0.000728,0.001808,17.256666666666675,1
1666,2025-01-21 10:03:45+00:00,2025-01-21 10:03:45+00:00,204.1966666666666,0.165,43.66944444444445,223.1580555555556,24.891666666666687,28.140555555555565,2.0133333333333328,62.771111111111104,0.00196,0.001318,0.003975,18.777777777777764,1
1687,2025-01-21 10:04:12+00:00,2025-01-21 10:04:12+00:00,80.89205882352938,0.1473529411764706,42.88852941176472,93.03647058823532,24.73058823529412,26.05529411764708,0.3708823529411766,64.46999999999998,0.001136,0.000783,0.001928,18.1579411764706,1
1702,2025-01-21 10:04:32+00:00,2025-01-21 10:04:32+00:00,19.95945945945947,0.1351351351351351,42.34945945945946,28.889189189189192,24.81324324324324,25.27243243243244,0.308918918918919,65.64486486486486,0.001135,0.000693,0.001596,17.53621621621622,1
1711,2025-01-21 10:04:45+00:00,2025-01-21 10:04:45+00:00,34.68363636363636,0.1403030303030303,42.08242424242426,43.392121212121225,24.83696969696969,25.379090909090905,0.3103030303030303,65.59333333333333,0.001238,0.000691,0.001575,17.245454545454567,1
1731,2025-01-21 10:05:12+00:00,2025-01-21 10:05:12+00:00,158.74891891891886,0.1745945945945946,42.52081081081083,174.02216216216223,24.9381081081081,27.10351351351351,1.5378378378378377,63.32270270270271,0.001377,0.001082,0.002888,17.58270270270273,1
1732,2025-01-21 10:05:14+00:00,2025-01-21 10:05:14+00:00,167.38628571428572,0.1968571428571429,42.33828571428574,183.42314285714284,24.860857142857157,27.10028571428572,1.6165714285714288,63.08314285714287,0.001437,0.001126,0.002978,17.477428571428586,1
1785,2025-01-21 10:06:36+00:00,2025-01-21 10:06:36+00:00,20.053783783783796,0.1524324324324323,42.37513513513511,28.319459459459463,25.028108108108096,25.43675675675675,0.3032432432432434,65.8708108108108,0.00121,0.000714,0.001634,17.347027027027014,1
1791,2025-01-21 10:06:44+00:00,2025-01-21 10:06:44+00:00,31.39303030303031,0.1396969696969697,42.26969696969697,39.23121212121213,25.02969696969697,25.429696969696977,0.3093939393939394,65.39060606060606,0.001275,0.000714,0.001567,17.240000000000002,1
1796,2025-01-21 10:06:51+00:00,2025-01-21 10:06:51+00:00,54.66285714285713,0.1425714285714285,42.35285714285714,63.872,25.01971428571428,25.769714285714286,0.3045714285714286,65.12199999999999,0.001244,0.000699,0.001613,17.333142857142864,1
1804,2025-01-21 10:07:01+00:00,2025-01-21 10:07:01+00:00,100.3251428571429,0.1394285714285714,42.28599999999998,112.95657142857142,25.08200000000001,26.35171428571428,1.0468571428571427,64.25085714285713,0.001208,0.000804,0.002094,17.20399999999997,1
1810,2025-01-21 10:07:09+00:00,2025-01-21 10:07:09+00:00,142.31228571428574,0.172,42.62199999999997,156.77114285714276,25.13342857142857,27.11085714285713,1.4048571428571428,63.549428571428585,0.001316,0.001015,0.002667,17.48857142857139,1
1817,2025-01-21 10:07:18+00:00,2025-01-21 10:07:18+00:00,184.0284210526316,0.1921052631578947,42.94578947368424,202.17552631578943,25.192368421052635,27.89342105263159,1.7707894736842114,63.12684210526317,0.00148,0.001074,0.00295,17.7534210526316,1
1831,2025-01-21 10:07:47+00:00,2025-01-21 10:07:47+00:00,199.59000000000003,0.1805128205128205,43.66179487179488,217.60282051282056,25.1725641025641,28.18846153846155,1.9625641025641027,62.53897435897438,0.001864,0.001296,0.003696,18.489230769230776,1
1849,2025-01-21 10:08:11+00:00,2025-01-21 10:08:11+00:00,86.73942857142855,0.1468571428571428,43.15342857142858,99.81485714285716,25.141714285714286,26.591999999999995,0.8657142857142858,64.36228571428569,0.001146,0.00083,0.001983,18.011714285714298,1
1872,2025-01-21 10:08:41+00:00,2025-01-21 10:08:41+00:00,25.0988888888889,0.1475,42.52861111111112,33.70416666666668,25.25444444444445,25.667500000000004,0.3008333333333334,65.51777777777778,0.001232,0.000718,0.001584,17.274166666666666,1
1873,2025-01-21 10:08:42+00:00,2025-01-21 10:08:42+00:00,27.147428571428584,0.1037142857142857,42.41971428571428,33.68600000000001,25.238857142857142,25.624285714285712,0.3031428571428571,65.64028571428572,0.00126,0.000704,0.001556,17.180857142857132,1
1884,2025-01-21 10:08:57+00:00,2025-01-21 10:08:57+00:00,80.22500000000002,0.1410526315789474,42.41684210526317,91.1247368421053,25.288157894736827,26.189473684210533,0.3392105263157894,64.4636842105263,0.001218,0.000734,0.001827,17.128684210526337,1
1898,2025-01-21 10:09:16+00:00,2025-01-21 10:09:16+00:00,174.73473684210532,0.1913157894736843,42.84105263157893,191.8294736842105,25.37052631578948,27.66578947368421,1.698421052631579,62.93605263157897,0.001486,0.001107,0.002876,17.470526315789456,1
1904,2025-01-21 10:09:24+00:00,2025-01-21 10:09:24+00:00,204.0094117647059,0.1991176470588235,42.946764705882366,223.17441176470575,25.324117647058817,28.167352941176468,1.9976470588235296,62.4538235294118,0.001746,0.001191,0.003378,17.62264705882355,1
1912,2025-01-21 10:09:35+00:00,2025-01-21 10:09:35+00:00,219.86783783783784,0.2175675675675676,43.65324324324325,238.71054054054065,25.3981081081081,28.8481081081081,2.216756756756756,62.48324324324325,0.001931,0.001222,0.003621,18.255135135135152,1
1931,2025-01-21 10:09:59+00:00,2025-01-21 10:09:59+00:00,149.50973684210518,0.1773684210526316,43.81368421052633,164.87157894736848,25.391842105263144,27.759736842105248,1.5076315789473689,63.60157894736842,0.001371,0.001053,0.002659,18.421842105263188,1
1948,2025-01-21 10:10:22+00:00,2025-01-21 10:10:22+00:00,41.08314285714285,0.1334285714285714,43.27885714285713,51.23257142857143,25.483142857142862,26.340000000000007,0.304,65.53571428571429,0.001199,0.000707,0.001587,17.79571428571426,1
1979,2025-01-21 10:11:02+00:00,2025-01-21 10:11:02+00:00,104.2964864864865,0.1821621621621622,42.87675675675676,117.19567567567564,25.61540540540542,27.001621621621624,1.0727027027027027,64.49108108108108,0.001256,0.000831,0.002143,17.261351351351337,1
1990,2025-01-21 10:11:17+00:00,2025-01-21 10:11:17+00:00,178.1887179487179,0.1579487179487179,43.122564102564105,193.84461538461545,25.614615384615394,28.19743589743589,1.7261538461538457,63.22358974358976,0.001633,0.001255,0.003276,17.50794871794871,1
2011,2025-01-21 10:11:55+00:00,2025-01-21 10:11:55+00:00,168.8478378378378,0.1691891891891892,43.9472972972973,186.92405405405412,25.565675675675685,28.24837837837837,1.674594594594594,63.12891891891893,0.001501,0.001131,0.002886,18.38162162162162,1
2050,2025-01-21 10:12:46+00:00,2025-01-21 10:12:46+00:00,36.547714285714285,0.1622857142857142,42.65371428571429,44.49657142857143,25.674857142857128,26.181714285714275,0.3011428571428572,65.4254285714286,0.001283,0.000702,0.001576,16.978857142857166,1
2079,2025-01-21 10:13:24+00:00,2025-01-21 10:13:24+00:00,202.73647058823525,0.1976470588235294,43.60147058823527,221.58264705882343,25.876470588235296,28.88,2.002058823529412,62.75617647058825,0.001939,0.001332,0.003642,17.72499999999997,1
2090,2025-01-21 10:13:58+00:00,2025-01-21 10:13:58+00:00,155.5086111111111,0.1713888888888888,44.180277777777775,172.19277777777774,25.818888888888907,28.375277777777782,1.561388888888888,63.48888888888887,0.001469,0.001143,0.00279,18.361388888888868,1
2096,2025-01-21 10:14:06+00:00,2025-01-21 10:14:06+00:00,115.82323529411768,0.1702941176470588,43.871176470588246,129.41882352941172,25.78941176470588,27.625882352941165,1.213235294117648,63.92588235294119,0.001277,0.000908,0.002233,18.081764705882367,1
2136,2025-01-21 10:14:58+00:00,2025-01-21 10:14:58+00:00,82.50794117647061,0.1685294117647058,42.896764705882376,94.81382352941178,25.924411764705887,26.99235294117648,0.5732352941176471,64.5755882352941,0.00128,0.000763,0.001876,16.97235294117649,1
2160,2025-01-21 10:15:30+00:00,2025-01-21 10:15:30+00:00,215.5147222222222,0.1927777777777777,43.55333333333332,234.3166666666666,26.037499999999994,29.066388888888884,2.1741666666666664,62.30944444444448,0.001821,0.001197,0.003432,17.515833333333326,1
2182,2025-01-21 10:16:08+00:00,2025-01-21 10:16:08+00:00,105.34692307692308,0.1256410256410256,44.04205128205126,118.59820512820512,26.079487179487185,27.789230769230763,1.1307692307692303,64.11358974358976,0.00124,0.00086,0.002104,17.962564102564077,1
2183,2025-01-21 10:16:09+00:00,2025-01-21 10:16:09+00:00,100.70485714285716,0.1714285714285715,43.97828571428571,114.61914285714286,26.076,27.74371428571429,1.0891428571428574,64.33857142857141,0.001237,0.000834,0.002072,17.90228571428571,1
2191,2025-01-21 10:16:20+00:00,2025-01-21 10:16:20+00:00,49.91578947368422,0.1434210526315789,43.65236842105265,60.66842105263158,26.08210526315789,27.05684210526316,0.3000000000000001,65.42315789473685,0.001226,0.000717,0.001636,17.57026315789476,1
2194,2025-01-21 10:16:24+00:00,2025-01-21 10:16:24+00:00,37.18342105263159,0.1544736842105263,43.41921052631577,46.36342105263158,26.070789473684208,26.75657894736843,0.3000000000000001,65.47184210526316,0.001241,0.000742,0.001575,17.348421052631565,1
2228,2025-01-21 10:17:09+00:00,2025-01-21 10:17:09+00:00,138.74717948717958,0.1651282051282051,43.032820512820514,152.84102564102568,26.15,27.875641025641027,1.3869230769230765,63.32179487179485,0.001378,0.001003,0.002566,16.882820512820516,1
2257,2025-01-21 10:17:59+00:00,2025-01-21 10:17:59+00:00,152.86555555555552,0.176111111111111,44.55888888888887,169.20361111111114,26.330277777777763,28.862500000000004,1.5597222222222216,63.4825,0.001448,0.001124,0.002737,18.22861111111111,1
2265,2025-01-21 10:18:10+00:00,2025-01-21 10:18:10+00:00,95.52970588235296,0.1491176470588235,44.03823529411764,108.24499999999996,26.28029411764706,27.79352941176471,1.0452941176470585,64.21352941176471,0.001235,0.00083,0.002032,17.75794117647058,1
2276,2025-01-21 10:18:24+00:00,2025-01-21 10:18:24+00:00,37.696666666666665,0.143611111111111,43.83833333333335,46.88805555555555,26.376111111111115,27.252499999999998,0.3000000000000001,65.71138888888888,0.001147,0.000703,0.001533,17.46222222222223,1
2286,2025-01-21 10:18:37+00:00,2025-01-21 10:18:37+00:00,19.51081081081081,0.1637837837837838,43.11918918918921,27.992162162162163,26.323243243243255,26.662162162162165,0.2943243243243241,65.94675675675671,0.00119,0.000721,0.001512,16.79594594594595,1
2317,2025-01-21 10:19:18+00:00,2025-01-21 10:19:18+00:00,178.70527777777772,0.2127777777777778,43.40916666666665,196.27166666666656,26.39305555555555,28.851111111111106,1.7672222222222225,62.92416666666668,0.001685,0.001257,0.003191,17.0161111111111,1
2326,2025-01-21 10:19:30+00:00,2025-01-21 10:19:30+00:00,215.0458333333334,0.1755555555555555,44.099722222222205,233.0511111111111,26.53194444444444,29.71805555555555,2.2,62.29611111111112,0.001107,0.00099,0.002126,17.567777777777764,1
2337,2025-01-21 10:20:01+00:00,2025-01-21 10:20:01+00:00,143.82411764705887,0.1458823529411765,44.60147058823529,158.94411764705885,26.55176470588236,28.835882352941184,1.4720588235294114,63.6658823529412,0.00144,0.001078,0.002591,18.04970588235293,1
2340,2025-01-21 10:20:05+00:00,2025-01-21 10:20:05+00:00,123.38205882352943,0.1808823529411765,44.63058823529411,138.27676470588244,26.597941176470588,28.75823529411765,1.298235294117647,64.34617647058819,0.001373,0.000937,0.002292,18.032647058823525,1
2350,2025-01-21 10:20:18+00:00,2025-01-21 10:20:18+00:00,59.4478947368421,0.1413157894736842,43.92552631578949,69.76973684210532,26.534210526315768,27.545789473684216,0.3013157894736842,65.12105263157895,0.001204,0.000762,0.001662,17.391315789473722,1
2375,2025-01-21 10:20:51+00:00,2025-01-21 10:20:51+00:00,50.12249999999998,0.1580555555555555,43.54055555555557,60.01777777777776,26.663333333333327,27.43694444444445,0.2986111111111112,65.4225,0.001237,0.000734,0.001585,16.877222222222244,1
2383,2025-01-21 10:21:01+00:00,2025-01-21 10:21:01+00:00,96.29529411764707,0.1414705882352941,43.769117647058806,106.49058823529414,26.74176470588235,28.263235294117656,1.0311764705882351,64.7955882352941,0.001271,0.00087,0.002037,17.027352941176456,1
2390,2025-01-21 10:21:11+00:00,2025-01-21 10:21:11+00:00,146.63882352941175,0.1676470588235294,43.62352941176472,161.04029411764705,26.72941176470589,28.76147058823529,1.4741176470588226,63.79823529411766,0.001434,0.001094,0.00275,16.89411764705882,1
2394,2025-01-21 10:21:16+00:00,2025-01-21 10:21:16+00:00,170.06621621621616,0.1681081081081081,43.72405405405406,185.99972972972984,26.6764864864865,29.162972972972973,1.7008108108108109,63.30513513513513,0.001738,0.001314,0.0033,17.047567567567558,1
2405,2025-01-21 10:21:55+00:00,2025-01-21 10:21:55+00:00,173.59749999999997,0.1988888888888889,44.6236111111111,190.4188888888889,26.697777777777787,29.36805555555556,1.736388888888888,63.09194444444445,0.001698,0.001308,0.00318,17.925833333333316,1
2456,2025-01-21 10:23:02+00:00,2025-01-21 10:23:02+00:00,98.7865789473684,0.1639473684210526,43.52763157894735,111.73499999999996,26.822368421052627,28.294999999999995,1.061315789473684,64.51973684210526,0.001257,0.000822,0.002081,16.705263157894723,1
2462,2025-01-21 10:23:10+00:00,2025-01-21 10:23:10+00:00,140.28944444444443,0.1597222222222222,43.32944444444445,154.94805555555553,26.761388888888884,28.48611111111111,1.436388888888889,63.36027777777778,0.00142,0.00099,0.002614,16.568055555555564,1
2464,2025-01-21 10:23:12+00:00,2025-01-21 10:23:12+00:00,150.16393939393942,0.1681818181818181,43.57545454545453,165.7557575757575,26.824545454545454,28.780606060606083,1.5227272727272727,63.35363636363634,0.001468,0.001096,0.002824,16.750909090909076,1
2468,2025-01-21 10:23:18+00:00,2025-01-21 10:23:18+00:00,178.13057142857147,0.1508571428571428,43.971714285714285,194.2062857142858,26.92314285714285,29.50085714285715,1.7788571428571425,63.16657142857144,0.001696,0.001258,0.003245,17.04857142857144,1
2478,2025-01-21 10:23:31+00:00,2025-01-21 10:23:31+00:00,216.0180000000001,0.2045714285714285,44.02628571428571,234.40200000000004,26.84228571428573,29.86342857142856,2.2314285714285704,62.102857142857154,0.001749,0.00112,0.003209,17.183999999999987,1
2514,2025-01-21 10:24:27+00:00,2025-01-21 10:24:27+00:00,29.760000000000005,0.1244444444444444,43.8402777777778,38.28861111111112,26.90777777777777,27.48694444444444,0.3022222222222223,65.70305555555554,0.001182,0.000722,0.0015,16.932500000000026,1
2522,2025-01-21 10:24:38+00:00,2025-01-21 10:24:38+00:00,20.37513513513514,0.1113513513513513,43.61432432432432,27.12459459459459,26.930270270270263,27.27432432432432,0.2975675675675677,65.84783783783783,0.001298,0.00079,0.001558,16.68405405405405,1
2524,2025-01-21 10:24:40+00:00,2025-01-21 10:24:40+00:00,21.6464705882353,0.1255882352941176,43.68999999999999,30.11764705882353,27.00088235294118,27.400294117647057,0.2985294117647057,65.93323529411765,0.001297,0.000757,0.001541,16.68911764705881,1
2528,2025-01-21 10:24:46+00:00,2025-01-21 10:24:46+00:00,32.9418918918919,0.1337837837837837,43.5535135135135,40.69891891891893,26.910270270270257,27.362972972972955,0.3024324324324325,65.26567567567567,0.001292,0.000758,0.001523,16.643243243243244,1
2532,2025-01-21 10:24:51+00:00,2025-01-21 10:24:51+00:00,48.61999999999998,0.1284210526315789,43.49184210526317,57.54657894736842,26.92026315789472,27.519999999999985,0.2971052631578948,64.91026315789472,0.001268,0.000717,0.001571,16.571578947368454,1
2573,2025-01-21 10:26:11+00:00,2025-01-21 10:26:11+00:00,94.12411764705882,0.1479411764705882,44.78205882352943,107.83882352941174,27.144117647058813,28.815588235294115,1.0441176470588236,64.77647058823528,0.001227,0.000825,0.001987,17.637941176470612,1
2575,2025-01-21 10:26:13+00:00,2025-01-21 10:26:13+00:00,84.32473684210527,0.1326315789473684,44.44842105263161,96.62105263157896,27.060526315789478,28.50315789473684,0.9594736842105268,64.64499999999998,0.001225,0.000842,0.001856,17.387894736842135,1
2579,2025-01-21 10:26:19+00:00,2025-01-21 10:26:19+00:00,56.80384615384615,0.1230769230769231,44.31769230769231,68.04435897435899,27.10897435897436,28.129743589743583,0.2971794871794871,65.17999999999998,0.001198,0.000756,0.00168,17.208717948717947,1
2594,2025-01-21 10:26:38+00:00,2025-01-21 10:26:38+00:00,19.703243243243232,0.137027027027027,43.47945945945949,27.35108108108108,27.04,27.34351351351352,0.295135135135135,65.58405405405405,0.001262,0.000787,0.001551,16.439459459459485,1
2623,2025-01-21 10:27:16+00:00,2025-01-21 10:27:16+00:00,168.3917647058824,0.1752941176470588,44.01705882352941,183.8658823529412,27.25882352941176,29.61911764705882,1.6914705882352947,63.28999999999999,0.001645,0.001225,0.0031,16.758235294117654,1
2633,2025-01-21 10:27:53+00:00,2025-01-21 10:27:53+00:00,183.5425641025642,0.1825641025641026,45.23974358974356,200.7025641025641,27.276410256410244,30.2151282051282,1.8474358974358975,62.9294871794872,0.001777,0.001316,0.003238,17.963333333333317,1
2669,2025-01-21 10:28:40+00:00,2025-01-21 10:28:40+00:00,21.563589743589745,0.1171794871794871,43.65256410256408,29.22307692307693,27.26205128205127,27.553846153846152,0.2961538461538463,65.64128205128203,0.001244,0.000735,0.001551,16.390512820512807,1
2699,2025-01-21 10:29:19+00:00,2025-01-21 10:29:19+00:00,180.7114705882353,0.2173529411764706,44.221764705882336,196.93970588235288,27.41852941176469,29.943529411764704,1.8014705882352944,62.924117647058814,0.001751,0.001295,0.003269,16.80323529411764,1
2705,2025-01-21 10:29:54+00:00,2025-01-21 10:29:54+00:00,179.51285714285717,0.1785714285714286,45.477428571428575,197.5674285714286,27.46628571428574,30.522000000000013,1.8259999999999996,63.30428571428572,0.001847,0.001369,0.003355,18.011142857142836,1
2713,2025-01-21 10:30:04+00:00,2025-01-21 10:30:04+00:00,131.75611111111104,0.1641666666666666,45.327777777777776,146.2619444444444,27.499166666666685,29.81611111111112,1.387222222222222,64.26333333333335,0.001415,0.000966,0.002374,17.82861111111109,1
2722,2025-01-21 10:30:16+00:00,2025-01-21 10:30:16+00:00,71.23212121212123,0.1615151515151516,44.59878787878786,83.28939393939395,27.38454545454544,28.53909090909091,0.3245454545454547,64.66212121212124,0.00122,0.000763,0.001735,17.214242424242418,1
2737,2025-01-21 10:30:35+00:00,2025-01-21 10:30:35+00:00,20.439117647058826,0.1461764705882353,44.27911764705883,27.43823529411766,27.511470588235294,28.026470588235288,0.2935294117647058,66.14970588235292,0.001222,0.000748,0.001548,16.767647058823535,1
2740,2025-01-21 10:30:39+00:00,2025-01-21 10:30:39+00:00,20.558333333333334,0.1538888888888889,43.92555555555553,28.40166666666667,27.467222222222244,27.93722222222222,0.2916666666666664,66.04777777777778,0.001268,0.000735,0.001538,16.45833333333329,1
2775,2025-01-21 10:31:52+00:00,2025-01-21 10:31:52+00:00,189.1375000000001,0.1880555555555556,45.300000000000026,206.9163888888888,27.55555555555557,30.32555555555555,1.926944444444444,62.5063888888889,0.001967,0.00144,0.003592,17.74444444444445,1
2784,2025-01-21 10:32:03+00:00,2025-01-21 10:32:03+00:00,138.10406250000003,0.1362499999999999,44.99281250000003,152.10000000000002,27.484375,29.714062500000004,1.4550000000000003,63.37031249999998,0.001422,0.001076,0.002514,17.508437500000028,1
2785,2025-01-21 10:32:05+00:00,2025-01-21 10:32:05+00:00,127.9548717948718,0.1523076923076924,45.22358974358975,142.3694871794872,27.53999999999999,29.677948717948716,1.3710256410256416,63.93307692307693,0.001397,0.001046,0.002431,17.68358974358976,1
2789,2025-01-21 10:32:10+00:00,2025-01-21 10:32:10+00:00,102.02352941176474,0.1476470588235294,45.04911764705884,115.41941176470588,27.55970588235292,29.330882352941167,1.125294117647059,64.45382352941178,0.001214,0.000845,0.002051,17.489411764705913,1
2790,2025-01-21 10:32:11+00:00,2025-01-21 10:32:11+00:00,95.94421052631576,0.19,45.21078947368423,109.6973684210526,27.641842105263148,29.369210526315783,1.0747368421052628,64.82921052631576,0.001217,0.000857,0.001975,17.56894736842108,1
2810,2025-01-21 10:32:37+00:00,2025-01-21 10:32:37+00:00,19.654999999999998,0.1278947368421052,44.22473684210526,27.72842105263158,27.6578947368421,28.18894736842106,0.3000000000000001,66.07736842105264,0.001199,0.000728,0.001496,16.56684210526316,1
2816,2025-01-21 10:32:45+00:00,2025-01-21 10:32:45+00:00,28.907499999999995,0.1105555555555555,43.92861111111111,35.697500000000005,27.57527777777777,28.01194444444445,0.2952777777777778,65.69722222222222,0.001231,0.000717,0.001457,16.35333333333334,1
2884,2025-01-21 10:34:55+00:00,2025-01-21 10:34:55+00:00,61.83264705882354,0.1558823529411764,44.05352941176472,71.96823529411763,27.78529411764704,28.497058823529425,0.3020588235294118,64.6929411764706,0.001118,0.000781,0.001597,16.26823529411768,1
2891,2025-01-21 10:35:04+00:00,2025-01-21 10:35:04+00:00,104.63457142857136,0.1865714285714285,44.522857142857134,117.67342857142856,27.946857142857144,29.37371428571429,1.1257142857142852,64.57914285714287,0.00124,0.000861,0.002084,16.57599999999999,1
2903,2025-01-21 10:35:20+00:00,2025-01-21 10:35:20+00:00,182.1994594594595,0.1991891891891892,44.46864864864864,199.33081081081093,27.84054054054056,30.39837837837838,1.8424324324324337,62.75351351351354,0.001865,0.001373,0.003432,16.628108108108076,1
2909,2025-01-21 10:35:54+00:00,2025-01-21 10:35:54+00:00,183.2580555555556,0.1825,45.64777777777778,199.5494444444444,27.895277777777785,30.85083333333334,1.8583333333333332,63.01638888888889,0.001842,0.001395,0.003346,17.7525,1
2918,2025-01-21 10:36:06+00:00,2025-01-21 10:36:06+00:00,123.94729729729728,0.1397297297297297,45.39027027027028,137.80648648648645,27.8881081081081,29.81162162162161,1.3405405405405408,63.79432432432432,0.001383,0.001003,0.002345,17.50216216216218,1
2954,2025-01-21 10:36:53+00:00,2025-01-21 10:36:53+00:00,52.641875,0.1431249999999999,44.12125,62.596562499999976,27.8790625,28.513750000000005,0.2974999999999997,65.07468750000001,0.001151,0.000739,0.001521,16.242187500000004,1
2968,2025-01-21 10:37:11+00:00,2025-01-21 10:37:11+00:00,140.36685714285713,0.1462857142857142,44.562571428571445,154.47085714285708,27.997142857142855,29.989714285714296,1.454,63.831142857142886,0.001437,0.001006,0.002551,16.565428571428587,1
2980,2025-01-21 10:37:55+00:00,2025-01-21 10:37:55+00:00,178.38257142857157,0.1568571428571428,45.5362857142857,195.6265714285715,28.006857142857136,30.798285714285715,1.8257142857142856,62.85857142857142,0.00185,0.001404,0.003365,17.52942857142856,1
3017,2025-01-21 10:38:43+00:00,2025-01-21 10:38:43+00:00,24.42461538461539,0.1282051282051282,44.410769230769205,31.94692307692309,28.11589743589744,28.50410256410256,0.2930769230769229,65.80692307692308,0.001204,0.000705,0.00146,16.294871794871764,1
3033,2025-01-21 10:39:04+00:00,2025-01-21 10:39:04+00:00,103.15314285714284,0.157142857142857,44.361428571428576,115.12228571428572,28.036,29.26257142857143,1.1165714285714283,63.96685714285717,0.001237,0.000836,0.002021,16.325428571428578,1
3038,2025-01-21 10:39:11+00:00,2025-01-21 10:39:11+00:00,139.21805555555557,0.1788888888888888,44.368611111111086,153.85555555555553,28.07444444444446,29.907499999999995,1.4580555555555552,63.58083333333332,0.001409,0.000972,0.002528,16.294166666666626,1
3045,2025-01-21 10:39:20+00:00,2025-01-21 10:39:20+00:00,181.50828571428565,0.1617142857142857,44.48228571428571,196.0957142857144,28.033142857142835,30.49857142857143,1.8414285714285716,62.622000000000014,0.001785,0.001309,0.003204,16.449142857142874,1
3048,2025-01-21 10:39:51+00:00,2025-01-21 10:39:51+00:00,193.6005882352941,0.1679411764705883,45.539705882352926,210.9632352941176,28.099705882352943,31.089705882352945,2.0149999999999992,62.47794117647057,0.001994,0.001441,0.00352,17.43999999999998,1
3093,2025-01-21 10:40:50+00:00,2025-01-21 10:40:50+00:00,41.42705882352939,0.1444117647058823,44.46529411764707,48.85,28.2479411764706,28.812941176470595,0.2923529411764707,65.50382352941176,0.001262,0.00071,0.001521,16.217352941176472,1
3094,2025-01-21 10:40:52+00:00,2025-01-21 10:40:52+00:00,47.63594594594596,0.1327027027027027,44.288378378378376,56.37783783783782,28.16459459459458,28.713783783783786,0.2899999999999997,65.31216216216214,0.001269,0.000737,0.001474,16.123783783783797,1
3100,2025-01-21 10:40:59+00:00,2025-01-21 10:40:59+00:00,78.31457142857143,0.1542857142857142,44.5442857142857,87.80657142857144,28.264000000000003,29.263428571428573,0.3937142857142855,64.97657142857143,0.001265,0.000785,0.001745,16.280285714285696,1
3102,2025-01-21 10:41:02+00:00,2025-01-21 10:41:02+00:00,91.31162162162164,0.1494594594594594,44.41621621621623,103.07,28.186756756756765,29.31918918918919,1.0213513513513512,64.38729729729728,0.001234,0.000805,0.001897,16.229459459459463,1
3132,2025-01-21 10:42:09+00:00,2025-01-21 10:42:09+00:00,110.95472222222216,0.1583333333333334,45.52000000000001,124.17888888888892,28.2897222222222,30.10055555555556,1.2194444444444443,64.27083333333334,0.001288,0.000866,0.002076,17.230277777777815,1
3165,2025-01-21 10:42:52+00:00,2025-01-21 10:42:52+00:00,47.788108108108126,0.1448648648648648,44.61270270270268,56.78108108108108,28.38405405405406,29.042162162162157,0.2913513513513511,65.15675675675674,0.001204,0.000715,0.001568,16.228648648648615,1
3172,2025-01-21 10:43:01+00:00,2025-01-21 10:43:01+00:00,85.74939393939395,0.1812121212121212,45.16575757575757,98.20363636363638,28.53727272727273,29.964545454545448,0.9772727272727272,64.96454545454546,0.00123,0.00079,0.001849,16.628484848484838,1
3181,2025-01-21 10:43:13+00:00,2025-01-21 10:43:13+00:00,147.20486486486487,0.16,44.36675675675674,162.4851351351351,28.297297297297305,30.080270270270283,1.52972972972973,63.10729729729732,0.001528,0.001027,0.002617,16.06945945945944,1
3193,2025-01-21 10:43:29+00:00,2025-01-21 10:43:29+00:00,209.07171428571428,0.1934285714285713,44.9942857142857,227.5817142857142,28.307714285714283,31.249142857142857,2.2108571428571424,62.05399999999998,0.001929,0.001277,0.003323,16.68657142857142,1
3209,2025-01-21 10:43:51+00:00,2025-01-21 10:43:51+00:00,195.1691891891892,0.1643243243243243,45.811621621621605,213.50810810810808,28.38378378378378,31.382432432432434,2.0391891891891896,62.61729729729731,0.001718,0.001118,0.002868,17.427837837837824,1
3225,2025-01-21 10:44:12+00:00,2025-01-21 10:44:12+00:00,97.1352631578947,0.15,45.91605263157894,108.58131578947368,28.500000000000007,30.21052631578947,1.0921052631578954,64.8494736842105,0.001282,0.000822,0.001925,17.416052631578935,1
3232,2025-01-21 10:44:21+00:00,2025-01-21 10:44:21+00:00,54.79555555555555,0.1141666666666666,45.25805555555558,64.36388888888887,28.4375,29.444444444444457,0.2933333333333335,65.26277777777779,0.001212,0.000739,0.001583,16.82055555555558,1
3251,2025-01-21 10:44:46+00:00,2025-01-21 10:44:46+00:00,29.94526315789476,0.1328947368421052,44.495,36.84368421052631,28.4563157894737,28.838684210526324,0.2899999999999997,65.6773684210526,0.00128,0.00073,0.001465,16.0386842105263,1
3274,2025-01-21 10:45:16+00:00,2025-01-21 10:45:16+00:00,161.86351351351357,0.164054054054054,44.67675675675675,176.19459459459455,28.490270270270265,30.571351351351343,1.658378378378378,63.14810810810815,0.001537,0.001065,0.002683,16.186486486486487,1
3288,2025-01-21 10:45:35+00:00,2025-01-21 10:45:35+00:00,218.4561111111112,0.2058333333333334,45.252500000000026,236.93388888888887,28.498888888888885,31.47555555555555,2.344722222222222,61.701388888888886,0.001873,0.001216,0.00327,16.75361111111114,1
3292,2025-01-21 10:45:40+00:00,2025-01-21 10:45:40+00:00,217.047027027027,0.1954054054054054,45.43648648648647,236.64540540540537,28.51189189189188,31.59783783783784,2.3500000000000014,61.71486486486487,0.001857,0.001197,0.003204,16.924594594594584,1
3308,2025-01-21 10:46:01+00:00,2025-01-21 10:46:01+00:00,154.13388888888886,0.1838888888888888,45.785833333333336,169.94527777777776,28.533333333333328,30.894722222222217,1.6041666666666667,63.28583333333334,0.001486,0.000958,0.002347,17.25250000000001,1
3322,2025-01-21 10:46:19+00:00,2025-01-21 10:46:19+00:00,64.21882352941174,0.1488235294117647,45.90970588235295,74.53264705882351,28.71029411764705,30.045588235294115,0.2899999999999998,65.54382352941175,0.001276,0.000731,0.001599,17.199411764705903,1
3334,2025-01-21 10:46:35+00:00,2025-01-21 10:46:35+00:00,20.567714285714285,0.1531428571428571,45.00514285714284,27.584857142857143,28.65971428571428,29.1622857142857,0.2899999999999998,65.97514285714283,0.001206,0.000752,0.001496,16.345428571428563,1
3362,2025-01-21 10:47:12+00:00,2025-01-21 10:47:12+00:00,141.50588235294117,0.1838235294117647,44.5735294117647,154.9452941176471,28.579411764705885,30.36911764705881,1.4776470588235298,63.30058823529413,0.001463,0.000967,0.002464,15.994117647058818,1
3366,2025-01-21 10:47:17+00:00,2025-01-21 10:47:17+00:00,166.336,0.2185714285714285,44.56600000000001,181.5417142857143,28.56914285714286,30.65457142857141,1.702,62.83171428571428,0.001608,0.001124,0.002869,15.996857142857149,1
3370,2025-01-21 10:47:22+00:00,2025-01-21 10:47:22+00:00,186.41371428571432,0.2114285714285714,44.75171428571429,203.1411428571428,28.592857142857145,30.96057142857143,1.912571428571428,62.2777142857143,0.001792,0.001263,0.003208,16.158857142857148,1
3374,2025-01-21 10:47:27+00:00,2025-01-21 10:47:27+00:00,204.05421052631584,0.1876315789473684,45.025,221.00000000000009,28.603947368421053,31.314210526315787,2.127368421052633,62.06368421052633,0.001417,0.000961,0.002288,16.421052631578945,1
3386,2025-01-21 10:47:43+00:00,2025-01-21 10:47:43+00:00,216.30351351351348,0.2137837837837838,45.69729729729729,235.3191891891892,28.688108108108118,31.743513513513516,2.33054054054054,62.00783783783785,0.001155,0.000966,0.00199,17.009189189189176,1
3391,2025-01-21 10:47:50+00:00,2025-01-21 10:47:50+00:00,199.37111111111108,0.1947222222222222,46.17777777777778,217.85750000000007,28.72666666666667,31.845,2.1,62.69749999999999,0.001159,0.000921,0.001913,17.451111111111107,1
3400,2025-01-21 10:48:01+00:00,2025-01-21 10:48:01+00:00,154.96179487179495,0.1907692307692307,46.37435897435899,170.97102564102568,28.816153846153828,31.278974358974363,1.63025641025641,63.70076923076928,0.001083,0.000825,0.001549,17.558205128205163,1
3407,2025-01-21 10:48:11+00:00,2025-01-21 10:48:11+00:00,103.32970588235293,0.1517647058823529,46.214411764705886,115.76117647058824,28.8655882352941,30.66176470588235,1.153529411764706,64.68323529411765,0.000884,0.000733,0.001366,17.348823529411785,1
3463,2025-01-21 10:49:24+00:00,2025-01-21 10:49:24+00:00,192.96972222222212,0.1580555555555555,44.97527777777778,210.04805555555552,28.74972222222221,31.340833333333347,2.006944444444444,62.274166666666666,0.001088,0.000979,0.001918,16.225555555555573,1
3491,2025-01-21 10:50:01+00:00,2025-01-21 10:50:01+00:00,155.89305555555558,0.1666666666666666,46.19250000000001,171.13611111111106,28.874166666666667,31.330277777777773,1.6274999999999995,63.50527777777779,0.001068,0.000852,0.001515,17.318333333333342,1
3532,2025-01-21 10:50:55+00:00,2025-01-21 10:50:55+00:00,56.5775,0.1507499999999999,44.67075,65.76774999999999,28.9115,29.39274999999999,0.29175,64.72699999999998,0.000909,0.000719,0.001054,15.759250000000002,1
3561,2025-01-21 10:51:33+00:00,2025-01-21 10:51:33+00:00,216.1140540540541,0.1905405405405405,45.65432432432432,233.49027027027023,29.017027027027023,32.0462162162162,2.3289189189189194,62.145945945945925,0.001227,0.001034,0.002029,16.637297297297298,1
3563,2025-01-21 10:51:35+00:00,2025-01-21 10:51:35+00:00,217.9063157894737,0.2181578947368422,45.829473684210505,236.52473684210523,29.064999999999984,32.14552631578947,2.3689473684210527,61.9257894736842,0.0013,0.000989,0.002144,16.76447368421052,1
3567,2025-01-21 10:51:40+00:00,2025-01-21 10:51:40+00:00,218.1422222222223,0.1422222222222222,46.08166666666667,235.3933333333333,29.07583333333333,32.243611111111115,2.3802777777777777,62.01888888888888,0.001446,0.001011,0.002374,17.005833333333342,1
3585,2025-01-21 10:52:04+00:00,2025-01-21 10:52:04+00:00,140.77473684210523,0.1644736842105263,46.63052631578947,156.2142105263159,29.12526315789473,31.66105263157896,1.5155263157894738,64.07315789473682,0.000983,0.00082,0.001406,17.505263157894735,1
3602,2025-01-21 10:52:26+00:00,2025-01-21 10:52:26+00:00,40.1097435897436,0.1261538461538461,45.5146153846154,47.00769230769232,29.093589743589757,29.78743589743591,0.2899999999999997,65.30923076923075,0.000862,0.00066,0.000999,16.421025641025643,1
3603,2025-01-21 10:52:28+00:00,2025-01-21 10:52:28+00:00,33.35852941176471,0.1323529411764705,45.40705882352943,41.52529411764706,29.05264705882351,29.682058823529424,0.2902941176470586,65.60500000000002,0.000824,0.000651,0.000974,16.354411764705915,1
3604,2025-01-21 10:52:29+00:00,2025-01-21 10:52:29+00:00,31.181315789473704,0.1331578947368421,45.41026315789474,38.80473684210528,29.078684210526315,29.770526315789493,0.2899999999999997,65.80631578947369,0.000825,0.000642,0.000944,16.331578947368424,1
3611,2025-01-21 10:52:38+00:00,2025-01-21 10:52:38+00:00,19.344166666666663,0.141111111111111,45.03583333333333,25.95250000000001,29.06861111111113,29.436388888888896,0.2899999999999998,65.89444444444445,0.00079,0.000628,0.000919,15.967222222222198,1
3613,2025-01-21 10:52:41+00:00,2025-01-21 10:52:41+00:00,20.614705882352936,0.1270588235294117,45.1123529411765,28.34382352941177,29.119705882352932,29.474705882352943,0.2899999999999998,65.8020588235294,0.000834,0.000659,0.000964,15.992647058823568,1
3615,2025-01-21 10:52:43+00:00,2025-01-21 10:52:43+00:00,22.596216216216213,0.1118918918918918,44.91648648648648,29.60675675675676,29.052162162162144,29.37378378378379,0.2899999999999997,65.72864864864864,0.000815,0.000642,0.000925,15.86432432432434,1
3687,2025-01-21 10:54:18+00:00,2025-01-21 10:54:18+00:00,71.55794117647058,0.1308823529411765,45.93382352941176,81.54264705882349,29.189411764705877,30.37,0.3520588235294117,64.72882352941177,0.000913,0.000751,0.001197,16.74441176470588,1
3709,2025-01-21 10:54:46+00:00,2025-01-21 10:54:46+00:00,27.441315789473684,0.1147368421052631,45.03763157894739,31.7857894736842,29.2992105263158,29.62394736842106,0.2939473684210528,65.79131578947367,0.000876,0.000669,0.000977,15.73842105263159,1
3717,2025-01-21 10:54:57+00:00,2025-01-21 10:54:57+00:00,62.976315789473695,0.135,45.42342105263157,72.35842105263157,29.40763157894737,30.39131578947372,0.2910526315789472,65.255,0.000986,0.000807,0.001213,16.015789473684197,1
3722,2025-01-21 10:55:04+00:00,2025-01-21 10:55:04+00:00,96.4845945945946,0.1121621621621621,44.99324324324324,105.72756756756756,29.17540540540541,30.3072972972973,1.0840540540540544,64.03891891891892,0.001026,0.000871,0.001429,15.817837837837825,1
3728,2025-01-21 10:55:11+00:00,2025-01-21 10:55:11+00:00,132.81852941176464,0.1779411764705881,45.12499999999997,146.06735294117644,29.2935294117647,30.971764705882364,1.4132352941176471,63.63558823529411,0.000975,0.000897,0.001519,15.831470588235272,1
3729,2025-01-21 10:55:13+00:00,2025-01-21 10:55:13+00:00,142.15789473684208,0.1718421052631579,45.29394736842106,156.7876315789474,29.357894736842105,31.155263157894744,1.5126315789473688,63.52736842105263,0.000967,0.000922,0.001563,15.936052631578956,1
3733,2025-01-21 10:55:18+00:00,2025-01-21 10:55:18+00:00,168.34083333333334,0.1797222222222222,45.49027777777778,183.07166666666663,29.34611111111112,31.62916666666667,1.744444444444445,62.97972222222225,0.000988,0.001011,0.001706,16.144166666666667,1
3748,2025-01-21 10:55:38+00:00,2025-01-21 10:55:38+00:00,219.67852941176483,0.1991176470588235,46.23852941176471,238.38294117647055,29.40558823529412,32.62117647058824,2.43029411764706,61.9979411764706,0.001096,0.001112,0.002128,16.83294117647059,1
3769,2025-01-21 10:56:05+00:00,2025-01-21 10:56:05+00:00,137.39,0.1555555555555556,46.27027777777777,150.8794444444444,29.27472222222221,31.281666666666656,1.487222222222222,63.44833333333333,0.000945,0.00086,0.001416,16.995555555555566,1
3809,2025-01-21 10:56:58+00:00,2025-01-21 10:56:58+00:00,67.51542857142857,0.1308571428571429,45.06000000000002,74.75228571428573,29.400285714285715,30.150285714285715,0.2899999999999998,64.89085714285716,0.000977,0.000815,0.001239,15.6597142857143,1
3825,2025-01-21 10:57:19+00:00,2025-01-21 10:57:19+00:00,171.06911764705887,0.2088235294117646,45.80882352941177,187.5926470588236,29.545294117647067,32.12911764705883,1.792941176470588,63.24147058823531,0.000986,0.001023,0.001808,16.2635294117647,1
3833,2025-01-21 10:57:29+00:00,2025-01-21 10:57:29+00:00,205.79171428571428,0.2131428571428572,45.98085714285716,223.5180000000001,29.43200000000001,32.56857142857144,2.223142857142857,62.39685714285713,0.001088,0.001111,0.002079,16.548857142857152,1
3844,2025-01-21 10:57:43+00:00,2025-01-21 10:57:43+00:00,217.2891666666667,0.1880555555555556,46.30888888888887,235.13250000000005,29.35638888888888,32.483611111111124,2.396944444444444,61.96916666666669,0.001058,0.001132,0.002185,16.952499999999993,1
3846,2025-01-21 10:57:46+00:00,2025-01-21 10:57:46+00:00,211.7275,0.1969444444444444,46.3763888888889,228.59333333333336,29.33888888888889,32.418888888888894,2.3241666666666654,61.843611111111095,0.001044,0.001127,0.002141,17.03750000000001,1
3847,2025-01-21 10:57:47+00:00,2025-01-21 10:57:47+00:00,209.42735294117645,0.1814705882352941,46.33764705882352,228.69911764705896,29.362941176470592,32.470294117647065,2.288529411764705,61.895,0.001046,0.001098,0.002131,16.97470588235293,1
3849,2025-01-21 10:57:50+00:00,2025-01-21 10:57:50+00:00,201.7722857142856,0.1782857142857143,46.745714285714286,219.52200000000008,29.49457142857144,32.60028571428573,2.173142857142858,62.53828571428569,0.001025,0.001101,0.002099,17.251142857142845,1
3863,2025-01-21 10:58:08+00:00,2025-01-21 10:58:08+00:00,123.14272727272726,0.083030303030303,46.44242424242426,134.8530303030303,29.430606060606063,31.40787878787879,1.37030303030303,64.01666666666667,0.000974,0.000883,0.001519,17.011818181818196,1
3868,2025-01-21 10:58:15+00:00,2025-01-21 10:58:15+00:00,85.95411764705877,0.1097058823529411,46.58970588235294,97.8941176470588,29.535,31.342941176470585,1.015,65.0814705882353,0.000982,0.000824,0.001419,17.05470588235294,1
3888,2025-01-21 10:58:42+00:00,2025-01-21 10:58:42+00:00,21.33419354838709,0.17,45.13677419354841,29.758387096774197,29.44612903225806,29.64580645161289,0.2899999999999998,65.50290322580645,0.00085,0.000667,0.001005,15.690645161290352,1
3899,2025-01-21 10:58:57+00:00,2025-01-21 10:58:57+00:00,62.83499999999999,0.16375,45.26937499999998,71.91062500000002,29.41406250000001,30.26875,0.2903124999999999,64.69375000000001,0.000991,0.000798,0.001249,15.855312499999972,1
3922,2025-01-21 10:59:27+00:00,2025-01-21 10:59:27+00:00,201.0002631578948,0.1986842105263158,45.91894736842105,217.90210526315795,29.55210526315788,32.389210526315786,2.1410526315789475,62.27,0.001073,0.001169,0.002332,16.366842105263174,1
3928,2025-01-21 10:59:35+00:00,2025-01-21 10:59:35+00:00,217.27916666666667,0.2058333333333334,45.97416666666669,235.1800000000001,29.48972222222224,32.6125,2.396388888888889,61.83277777777779,0.001125,0.001198,0.002483,16.484444444444453,1
3943,2025-01-21 10:59:55+00:00,2025-01-21 10:59:55+00:00,185.7925,0.1997222222222222,46.59444444444446,202.78249999999997,29.519722222222217,32.28305555555557,1.9725,62.71472222222224,0.001049,0.001106,0.002192,17.074722222222245,1
3946,2025-01-21 10:59:58+00:00,2025-01-21 10:59:58+00:00,172.29393939393938,0.1827272727272727,46.6860606060606,189.4803030303032,29.489393939393945,32.11242424242424,1.8269696969696965,62.74575757575758,0.001031,0.001046,0.002013,17.19666666666666,1
3948,2025-01-21 11:00:01+00:00,2025-01-21 11:00:01+00:00,160.00000000000003,0.1734285714285714,46.89171428571429,175.04457142857143,29.64371428571428,32.23428571428571,1.684,63.518571428571406,0.001037,0.001015,0.001892,17.248000000000015,1
3954,2025-01-21 11:00:09+00:00,2025-01-21 11:00:09+00:00,118.58108108108104,0.1524324324324324,46.375135135135146,131.394054054054,29.50135135135135,31.375405405405388,1.3175675675675678,63.958108108108114,0.000993,0.000893,0.001591,16.873783783783797,1
3979,2025-01-21 11:00:42+00:00,2025-01-21 11:00:42+00:00,20.96857142857143,0.1134285714285714,45.61771428571427,28.09771428571429,29.64514285714287,30.302285714285716,0.2899999999999998,66.17999999999998,0.000828,0.000639,0.000956,15.972571428571404,1
3990,2025-01-21 11:00:56+00:00,2025-01-21 11:00:56+00:00,57.11705882352943,0.1426470588235295,45.250000000000014,67.0885294117647,29.561176470588222,30.251176470588227,0.292941176470588,65.04529411764707,0.000995,0.000796,0.001187,15.688823529411788,1
4003,2025-01-21 11:01:13+00:00,2025-01-21 11:01:13+00:00,140.96030303030304,0.1787878787878788,45.85060606060606,155.3554545454546,29.676666666666662,31.60636363636363,1.5060606060606063,63.73212121212121,0.000998,0.000964,0.001666,16.1739393939394,1
4017,2025-01-21 11:01:31+00:00,2025-01-21 11:01:31+00:00,211.0833333333333,0.2084848484848483,45.82212121212121,228.7018181818181,29.589090909090928,32.50484848484849,2.3012121212121204,61.95575757575758,0.001058,0.001159,0.002257,16.233030303030283,1
4031,2025-01-21 11:01:50+00:00,2025-01-21 11:01:50+00:00,202.47222222222229,0.1744444444444445,46.54944444444445,220.45944444444456,29.559722222222224,32.47972222222222,2.207222222222222,61.986666666666665,0.001049,0.001094,0.002266,16.98972222222223,1
4035,2025-01-21 11:01:55+00:00,2025-01-21 11:01:55+00:00,185.7019444444444,0.1894444444444445,46.67305555555557,203.4816666666666,29.600000000000016,32.339444444444446,1.977222222222221,62.42000000000001,0.001093,0.001063,0.002094,17.073055555555555,1
4075,2025-01-21 11:02:48+00:00,2025-01-21 11:02:48+00:00,31.02189189189189,0.1551351351351352,45.352972972972985,38.56081081081083,29.67756756756756,30.089459459459466,0.2997297297297298,65.54378378378378,0.000873,0.000685,0.001017,15.675405405405424,1
4082,2025-01-21 11:02:57+00:00,2025-01-21 11:02:57+00:00,60.46641025641027,0.1397435897435897,45.2871794871795,69.51820512820515,29.666153846153847,30.347179487179485,0.2899999999999997,64.93307692307691,0.000972,0.000798,0.001229,15.621025641025652,1
4083,2025-01-21 11:02:58+00:00,2025-01-21 11:02:58+00:00,65.35675675675675,0.1440540540540541,45.34351351351352,75.22000000000001,29.68162162162161,30.49513513513514,0.2899999999999997,64.89540540540538,0.000977,0.00083,0.001287,15.661891891891903,1
4117,2025-01-21 11:03:43+00:00,2025-01-21 11:03:43+00:00,216.6025641025641,0.1776923076923077,46.48179487179486,234.83307692307687,29.75153846153846,32.92897435897438,2.410512820512821,61.85897435897436,0.001052,0.001087,0.002176,16.730256410256402,1
4118,2025-01-21 11:03:44+00:00,2025-01-21 11:03:44+00:00,214.7897142857142,0.2102857142857142,46.53885714285712,235.0282857142857,29.754,32.90200000000001,2.4031428571428566,61.90542857142857,0.001062,0.001066,0.00218,16.784857142857117,1
4128,2025-01-21 11:03:57+00:00,2025-01-21 11:03:57+00:00,178.49129032258065,0.1748387096774194,46.7483870967742,194.51806451612893,29.74000000000001,32.43451612903225,1.8861290322580635,62.62677419354838,0.000972,0.001009,0.001867,17.00838709677419,1
4139,2025-01-21 11:04:11+00:00,2025-01-21 11:04:11+00:00,110.0667567567568,0.1656756756756757,46.9364864864865,122.58567567567566,29.846216216216234,31.762162162162163,1.2362162162162162,64.40621621621618,0.001012,0.000849,0.001515,17.090270270270267,1
4182,2025-01-21 11:05:08+00:00,2025-01-21 11:05:08+00:00,113.0261111111111,0.1741666666666666,45.38305555555558,124.8038888888889,29.762500000000003,31.02527777777778,1.2452777777777773,63.703055555555565,0.001092,0.000909,0.001587,15.620555555555576,1
4203,2025-01-21 11:05:35+00:00,2025-01-21 11:05:35+00:00,215.65294117647056,0.1991176470588236,46.19441176470588,234.6252941176471,29.854117647058843,32.91617647058823,2.410294117647059,61.77500000000003,0.001089,0.001152,0.002362,16.340294117647034,1
4247,2025-01-21 11:06:33+00:00,2025-01-21 11:06:33+00:00,25.06117647058823,0.0967647058823529,45.99941176470589,32.71264705882353,30.0058823529412,30.572647058823524,0.2899999999999998,65.97882352941177,0.000853,0.000692,0.001049,15.993529411764694,1
4254,2025-01-21 11:06:42+00:00,2025-01-21 11:06:42+00:00,20.64444444444444,0.1277777777777778,45.52111111111111,27.96916666666667,29.903888888888883,30.438888888888894,0.2899999999999998,65.90250000000002,0.00086,0.000676,0.000998,15.617222222222228,1
4258,2025-01-21 11:06:47+00:00,2025-01-21 11:06:47+00:00,27.94871794871796,0.1266666666666666,45.47435897435895,35.54512820512822,29.93717948717951,30.3174358974359,0.288205128205128,65.68102564102563,0.000878,0.000696,0.001036,15.53717948717944,1
4282,2025-01-21 11:07:19+00:00,2025-01-21 11:07:19+00:00,168.01727272727274,0.1696969696969697,45.95424242424243,182.8521212121213,30.023333333333333,32.31363636363637,1.7736363636363637,63.00909090909089,0.001047,0.000972,0.001763,15.930909090909095,1
4285,2025-01-21 11:07:23+00:00,2025-01-21 11:07:23+00:00,184.49029411764704,0.17,46.02911764705885,201.65,30.01529411764707,32.70441176470589,1.961470588235294,62.80205882352944,0.001005,0.001004,0.001862,16.013823529411777,1
4321,2025-01-21 11:08:10+00:00,2025-01-21 11:08:10+00:00,116.97459459459456,0.1591891891891891,47.02837837837836,130.16864864864866,30.053243243243244,32.09513513513514,1.3070270270270266,64.17324324324326,0.000951,0.000841,0.001408,16.97513513513512,1
4338,2025-01-21 11:08:32+00:00,2025-01-21 11:08:32+00:00,27.84861111111111,0.0238888888888888,45.965277777777786,33.21388888888889,30.030833333333323,30.61638888888889,0.2899999999999998,65.62944444444445,0.000836,0.000705,0.001047,15.934444444444464,1
4363,2025-01-21 11:09:05+00:00,2025-01-21 11:09:05+00:00,96.29222222222222,0.1594444444444444,45.94805555555556,106.60416666666666,30.14638888888889,31.585277777777776,1.0919444444444446,64.69861111111108,0.001036,0.000891,0.001487,15.801666666666666,1
4366,2025-01-21 11:09:09+00:00,2025-01-21 11:09:09+00:00,116.40054054054056,0.1575675675675676,45.65972972972973,128.014054054054,30.08621621621621,31.53513513513514,1.289459459459459,63.98432432432431,0.001058,0.000912,0.001569,15.573513513513522,1
4381,2025-01-21 11:09:29+00:00,2025-01-21 11:09:29+00:00,203.48027027027027,0.1848648648648649,46.14243243243244,222.2056756756756,30.11891891891893,32.94081081081081,2.229729729729729,62.11162162162161,0.001034,0.001083,0.002169,16.023513513513507,1
4411,2025-01-21 11:10:08+00:00,2025-01-21 11:10:08+00:00,128.14999999999992,0.1551351351351351,46.75891891891891,141.08216216216215,30.071351351351357,32.06675675675675,1.419729729729729,63.64567567567571,0.000986,0.00089,0.00159,16.687567567567555,1
4425,2025-01-21 11:10:26+00:00,2025-01-21 11:10:26+00:00,44.273428571428575,0.1234285714285714,46.473428571428585,52.25457142857141,30.25171428571429,31.175142857142863,0.2920000000000001,65.80114285714286,0.000873,0.000722,0.001124,16.2217142857143,1
4442,2025-01-21 11:10:49+00:00,2025-01-21 11:10:49+00:00,31.58314285714285,0.1691428571428571,45.59228571428574,40.18571428571429,30.15657142857142,30.593428571428586,0.2899999999999998,65.44085714285713,0.000874,0.000699,0.001016,15.435714285714315,1
4480,2025-01-21 11:11:38+00:00,2025-01-21 11:11:38+00:00,218.69205882352944,0.1302941176470588,46.99852941176469,233.445,30.3108823529412,33.553529411764714,2.4655882352941165,61.95176470588233,0.001173,0.001022,0.00207,16.687647058823497,1
4486,2025-01-21 11:11:46+00:00,2025-01-21 11:11:46+00:00,213.8070588235294,0.1223529411764706,46.822647058823534,231.15441176470583,30.28029411764706,33.49323529411767,2.4,62.01411764705885,0.001168,0.001032,0.002004,16.542352941176475,1
4514,2025-01-21 11:12:24+00:00,2025-01-21 11:12:24+00:00,50.716470588235296,0.1276470588235294,46.70088235294121,59.7144117647059,30.332941176470595,31.4129411764706,0.2899999999999998,65.36205882352941,0.001262,0.000682,0.001444,16.367941176470612,1
4516,2025-01-21 11:12:27+00:00,2025-01-21 11:12:27+00:00,41.34771428571429,0.1391428571428571,46.35142857142856,49.410857142857125,30.3082857142857,31.06171428571429,0.2899999999999998,65.60571428571428,0.001284,0.00072,0.001448,16.043142857142865,1
4523,2025-01-21 11:12:36+00:00,2025-01-21 11:12:36+00:00,21.364102564102563,0.1089743589743589,45.9697435897436,27.30256410256411,30.30205128205125,30.6553846153846,0.2899999999999997,65.82769230769226,0.001272,0.000724,0.001461,15.667692307692349,1
4534,2025-01-21 11:12:50+00:00,2025-01-21 11:12:50+00:00,33.51205128205129,0.1399999999999999,45.63282051282052,40.82974358974357,30.262564102564102,30.627179487179493,0.2899999999999997,65.37153846153846,0.001334,0.000713,0.001431,15.37025641025642,1
4550,2025-01-21 11:13:11+00:00,2025-01-21 11:13:11+00:00,125.79714285714284,0.162,45.80257142857141,137.05199999999996,30.334000000000007,31.900285714285715,1.3799999999999997,63.678571428571416,0.001504,0.000905,0.002175,15.468571428571405,1
4576,2025-01-21 11:13:46+00:00,2025-01-21 11:13:46+00:00,214.73,0.182,46.92,231.62742857142857,30.43257142857141,33.406571428571425,2.4317142857142864,61.63828571428572,0.001076,0.00106,0.002123,16.48742857142859,1
4611,2025-01-21 11:14:31+00:00,2025-01-21 11:14:31+00:00,29.613142857142844,0.1237142857142857,46.35657142857145,37.25085714285715,30.449428571428573,31.058000000000007,0.2917142857142855,65.60342857142855,0.000822,0.000659,0.001072,15.907142857142876,1
4622,2025-01-21 11:14:46+00:00,2025-01-21 11:14:46+00:00,24.491052631578945,0.1278947368421053,45.96526315789476,30.64236842105264,30.50710526315789,30.909210526315796,0.2899999999999997,65.77184210526315,0.000808,0.000639,0.000988,15.458157894736871,1
4625,2025-01-21 11:14:50+00:00,2025-01-21 11:14:50+00:00,32.49075000000001,0.1399999999999999,45.980250000000005,41.00500000000002,30.5365,31.136499999999995,0.2899999999999997,65.85549999999998,0.000889,0.000681,0.001046,15.443750000000009,1
4642,2025-01-21 11:15:12+00:00,2025-01-21 11:15:12+00:00,129.6645714285714,0.1402857142857143,45.98028571428572,141.59200000000007,30.46028571428571,32.144571428571446,1.439142857142858,63.42485714285715,0.001031,0.000942,0.001622,15.52000000000001,1
4647,2025-01-21 11:15:19+00:00,2025-01-21 11:15:19+00:00,164.27970588235297,0.16,45.98823529411764,178.2214705882353,30.506176470588223,32.625294117647066,1.7714705882352944,62.97323529411765,0.00099,0.000986,0.001861,15.48205882352942,1
4650,2025-01-21 11:15:23+00:00,2025-01-21 11:15:23+00:00,181.72972222222225,0.1927777777777778,46.06749999999999,198.60500000000008,30.504722222222213,32.89305555555556,1.9647222222222216,62.46138888888889,0.001002,0.001064,0.002023,15.562777777777775,1
4710,2025-01-21 11:16:41+00:00,2025-01-21 11:16:41+00:00,20.278421052631572,0.1234210526315789,46.03605263157895,26.61447368421052,30.57947368421052,30.963157894736835,0.2899999999999997,65.87657894736844,0.000834,0.00069,0.001073,15.456578947368428,1
4714,2025-01-21 11:16:46+00:00,2025-01-21 11:16:46+00:00,24.58685714285713,0.1385714285714286,45.91514285714287,31.55314285714286,30.58028571428571,30.966571428571427,0.2899999999999998,65.71257142857142,0.000814,0.000635,0.001042,15.334857142857157,1
4721,2025-01-21 11:16:56+00:00,2025-01-21 11:16:56+00:00,51.99882352941178,0.1211764705882352,45.93264705882354,59.28500000000001,30.59382352941177,31.35,0.2899999999999998,65.0770588235294,0.000964,0.000782,0.001186,15.33882352941177,1
4726,2025-01-21 11:17:02+00:00,2025-01-21 11:17:02+00:00,77.91657142857144,0.1474285714285714,46.29457142857141,87.6262857142857,30.685142857142864,31.751428571428576,0.8528571428571423,64.92085714285713,0.00103,0.000873,0.001439,15.609428571428545,1
4751,2025-01-21 11:17:35+00:00,2025-01-21 11:17:35+00:00,215.7175000000001,0.17875,46.6346875,232.75093750000008,30.615625,33.59343749999999,2.433125,61.75062500000002,0.001061,0.001063,0.00212,16.019062499999997,1
4754,2025-01-21 11:17:39+00:00,2025-01-21 11:17:39+00:00,220.1688571428572,0.2231428571428571,46.96085714285714,236.956,30.659714285714298,33.750857142857164,2.5,61.5982857142857,0.001072,0.001071,0.002159,16.301142857142846,1
4759,2025-01-21 11:17:45+00:00,2025-01-21 11:17:45+00:00,216.4405882352941,0.1623529411764706,47.04117647058823,234.144117647059,30.633529411764695,33.78058823529412,2.477352941176469,61.66264705882356,0.001083,0.001085,0.002247,16.407647058823528,1
4765,2025-01-21 11:17:53+00:00,2025-01-21 11:17:53+00:00,197.0705882352941,0.1744117647058823,47.75323529411767,215.249705882353,30.761470588235294,34.26088235294118,2.1923529411764706,62.90058823529413,0.001,0.001027,0.002149,16.991764705882368,1
4780,2025-01-21 11:18:13+00:00,2025-01-21 11:18:13+00:00,104.4185714285714,0.1462857142857143,47.40657142857143,116.41371428571428,30.792857142857144,32.64657142857142,1.2268571428571426,64.62657142857141,0.001014,0.000855,0.00158,16.61371428571428,1
4782,2025-01-21 11:18:16+00:00,2025-01-21 11:18:16+00:00,90.07151515151511,0.1575757575757576,47.03606060606061,100.93757575757574,30.691212121212125,32.19454545454546,1.074848484848485,64.62575757575755,0.001036,0.000833,0.001499,16.344848484848484,1
4806,2025-01-21 11:18:47+00:00,2025-01-21 11:18:47+00:00,25.75882352941177,0.1488235294117647,45.96823529411765,33.03264705882354,30.717941176470603,31.085588235294125,0.2899999999999998,65.65941176470588,0.000794,0.000647,0.001023,15.250294117647044,1
4821,2025-01-21 11:19:07+00:00,2025-01-21 11:19:07+00:00,102.5416216216216,0.1575675675675676,46.0354054054054,113.40054054054058,30.722972972972983,32.04513513513514,1.171891891891892,64.16027027027029,0.001098,0.000922,0.001636,15.312432432432413,1
4853,2025-01-21 11:19:49+00:00,2025-01-21 11:19:49+00:00,209.09969696969705,0.2084848484848485,47.47757575757574,227.4254545454546,30.774545454545443,34.0021212121212,2.3766666666666656,62.08878787878791,0.001089,0.001136,0.00253,16.7030303030303,1
4861,2025-01-21 11:19:59+00:00,2025-01-21 11:19:59+00:00,176.59305555555554,0.1880555555555556,47.58749999999997,192.03611111111115,30.788888888888877,33.615833333333335,1.914444444444444,62.97388888888889,0.001031,0.00103,0.002135,16.798611111111097,1
4867,2025-01-21 11:20:07+00:00,2025-01-21 11:20:07+00:00,137.70636363636365,0.156060606060606,47.266969696969696,150.73000000000002,30.72515151515151,32.77848484848486,1.545151515151516,63.43727272727276,0.000993,0.000946,0.00177,16.541818181818186,1
4869,2025-01-21 11:20:10+00:00,2025-01-21 11:20:10+00:00,121.8591666666667,0.1555555555555555,47.61444444444447,135.02416666666667,30.913055555555545,33.088333333333324,1.399444444444445,64.31861111111112,0.000983,0.000912,0.001644,16.70138888888893,1
4876,2025-01-21 11:20:19+00:00,2025-01-21 11:20:19+00:00,76.0021621621622,0.1683783783783784,47.01891891891894,87.1591891891892,30.777567567567555,32.122432432432426,0.953513513513514,64.93297297297295,0.000971,0.000824,0.001437,16.241351351351387,1
4883,2025-01-21 11:20:28+00:00,2025-01-21 11:20:28+00:00,40.18942857142858,0.154,46.66285714285716,49.21371428571429,30.76771428571428,31.59171428571428,0.2899999999999998,65.41514285714287,0.000881,0.000727,0.001176,15.895142857142886,1
4893,2025-01-21 11:20:41+00:00,2025-01-21 11:20:41+00:00,19.371470588235294,0.1338235294117647,46.50470588235292,26.557352941176475,30.85558823529413,31.36999999999999,0.2899999999999998,66.07852941176472,0.000804,0.000669,0.001055,15.649117647058787,1
4898,2025-01-21 11:20:48+00:00,2025-01-21 11:20:48+00:00,27.8825,0.1347222222222222,46.035,35.287222222222205,30.79416666666665,31.22638888888889,0.2899999999999998,65.41944444444442,0.000818,0.000654,0.001087,15.240833333333352,1
4941,2025-01-21 11:21:44+00:00,2025-01-21 11:21:44+00:00,217.19777777777773,0.2058333333333333,47.171388888888885,236.41472222222217,30.86805555555556,34.100833333333334,2.524166666666666,61.78277777777776,0.001152,0.001237,0.002826,16.303333333333324,1
4968,2025-01-21 11:22:19+00:00,2025-01-21 11:22:19+00:00,76.9879411764706,0.1661764705882353,47.01705882352941,87.84147058823528,30.904999999999987,32.155,0.913235294117647,64.52970588235296,0.000963,0.000804,0.001428,16.112058823529424,1
4970,2025-01-21 11:22:22+00:00,2025-01-21 11:22:22+00:00,63.41294117647059,0.1282352941176471,47.35705882352941,73.4711764705882,31.06029411764705,32.507647058823515,0.2905882352941175,65.42735294117647,0.00092,0.000756,0.00131,16.296764705882364,1
4980,2025-01-21 11:22:35+00:00,2025-01-21 11:22:35+00:00,23.68333333333333,0.1045454545454545,46.47303030303031,30.519393939393936,30.911818181818173,31.47181818181818,0.2899999999999998,65.73666666666665,0.000826,0.000651,0.001044,15.56121212121214,1
4991,2025-01-21 11:22:49+00:00,2025-01-21 11:22:49+00:00,29.14323529411766,0.1373529411764706,46.1170588235294,36.37676470588234,30.910882352941176,31.30441176470588,0.2899999999999998,65.35029411764707,0.000899,0.000717,0.001076,15.206176470588222,1
5008,2025-01-21 11:23:12+00:00,2025-01-21 11:23:12+00:00,126.396,0.158,46.27542857142857,138.41142857142856,30.996285714285712,32.659142857142854,1.4177142857142857,63.878857142857136,0.001035,0.000983,0.001774,15.279142857142858,1
5010,2025-01-21 11:23:14+00:00,2025-01-21 11:23:14+00:00,135.82555555555555,0.1552777777777778,46.47972222222225,151.00694444444449,31.03833333333332,32.82861111111113,1.510555555555556,63.4302777777778,0.001018,0.000987,0.001825,15.441388888888934,1
5031,2025-01-21 11:23:42+00:00,2025-01-21 11:23:42+00:00,219.50464285714284,0.1875,47.285714285714285,237.1346428571429,31.00178571428571,34.32178571428571,2.5475,61.72321428571427,0.001121,0.001189,0.002754,16.283928571428575,1
5033,2025-01-21 11:23:45+00:00,2025-01-21 11:23:45+00:00,216.9838235294117,0.2061764705882352,47.29823529411765,234.91382352941184,31.01088235294116,34.10323529411766,2.506764705882353,61.53264705882355,0.001153,0.001241,0.002699,16.287352941176493,1
5077,2025-01-21 11:24:43+00:00,2025-01-21 11:24:43+00:00,20.274242424242424,0.1421212121212121,46.39727272727271,26.2769696969697,31.078484848484845,31.511818181818185,0.2899999999999998,65.85575757575758,0.000836,0.000696,0.001043,15.318787878787862,1
5081,2025-01-21 11:24:49+00:00,2025-01-21 11:24:49+00:00,28.14121212121211,0.1381818181818181,46.59757575757576,36.03393939393938,31.224545454545463,31.804545454545448,0.2918181818181817,65.94787878787878,0.000878,0.000681,0.001078,15.373030303030298,1
5108,2025-01-21 11:25:24+00:00,2025-01-21 11:25:24+00:00,183.11361111111117,0.1775,46.64499999999999,197.7916666666667,31.124166666666675,33.73222222222223,2.0069444444444446,62.64472222222224,0.001004,0.001057,0.002217,15.520833333333314,1
5112,2025-01-21 11:25:29+00:00,2025-01-21 11:25:29+00:00,200.42575757575767,0.2039393939393939,46.76272727272728,217.0884848484849,31.12212121212121,33.90878787878786,2.232727272727273,62.23393939393939,0.001063,0.001109,0.002512,15.640606060606064,1
5167,2025-01-21 11:26:41+00:00,2025-01-21 11:26:41+00:00,19.688484848484848,0.1487878787878787,46.76303030303032,26.855454545454545,31.306969696969688,32.06909090909092,0.2906060606060605,66.29151515151517,0.000764,0.00067,0.001081,15.456060606060632,1
5172,2025-01-21 11:26:48+00:00,2025-01-21 11:26:48+00:00,26.45303030303031,0.1154545454545454,46.18575757575756,32.97121212121212,31.13696969696969,31.353030303030305,0.2912121212121211,65.4230303030303,0.000794,0.000638,0.001088,15.048787878787872,1
5183,2025-01-21 11:27:02+00:00,2025-01-21 11:27:02+00:00,74.88382352941176,0.166470588235294,46.5770588235294,84.44147058823528,31.269705882352937,32.32941176470587,0.792647058823529,64.80500000000002,0.00099,0.000854,0.001475,15.30735294117646,1
5193,2025-01-21 11:27:16+00:00,2025-01-21 11:27:16+00:00,145.23428571428565,0.1371428571428571,46.73685714285715,157.82457142857135,31.276,33.44228571428571,1.6017142857142863,63.59085714285715,0.000982,0.000996,0.001818,15.46085714285715,1
5194,2025-01-21 11:27:17+00:00,2025-01-21 11:27:17+00:00,150.29272727272723,0.1863636363636363,46.73939393939395,165.9618181818182,31.32757575757577,33.3960606060606,1.658181818181818,63.44030303030302,0.000972,0.000964,0.001907,15.41181818181818,1
5198,2025-01-21 11:27:22+00:00,2025-01-21 11:27:22+00:00,174.42323529411766,0.173235294117647,46.90000000000001,188.2467647058824,31.32588235294117,33.818823529411766,1.897058823529412,62.88058823529413,0.001009,0.001071,0.002111,15.574117647058838,1
5200,2025-01-21 11:27:25+00:00,2025-01-21 11:27:25+00:00,186.18972972972975,0.1581081081081081,46.84783783783782,201.28648648648644,31.23324324324325,33.860540540540526,2.052972972972973,62.46540540540543,0.00101,0.001089,0.002247,15.614594594594571,1
5205,2025-01-21 11:27:31+00:00,2025-01-21 11:27:31+00:00,207.05424242424257,0.1751515151515151,46.927575757575774,222.0584848484848,31.2690909090909,34.23090909090909,2.315757575757575,62.140606060606046,0.001096,0.001167,0.002642,15.658484848484877,1
5213,2025-01-21 11:27:42+00:00,2025-01-21 11:27:42+00:00,219.96606060606055,0.2027272727272726,47.785151515151504,236.4272727272728,31.3769696969697,34.94757575757576,2.562727272727272,62.16212121212121,0.001135,0.001202,0.002831,16.408181818181806,1
5223,2025-01-21 11:27:55+00:00,2025-01-21 11:27:55+00:00,194.6121212121212,0.1745454545454545,47.9378787878788,210.92909090909092,31.274545454545446,34.25939393939393,2.176666666666666,62.424848484848496,0.001055,0.001104,0.002504,16.663333333333348,1
5292,2025-01-21 11:29:25+00:00,2025-01-21 11:29:25+00:00,186.1882352941176,0.1811764705882353,46.70794117647058,202.5467647058824,31.330294117647068,33.946764705882366,2.0647058823529414,62.20823529411764,0.00103,0.001087,0.002349,15.377647058823516,1
5294,2025-01-21 11:29:28+00:00,2025-01-21 11:29:28+00:00,196.57971428571423,0.1931428571428571,47.078857142857146,212.80142857142852,31.47028571428571,34.458285714285715,2.2105714285714293,62.52228571428572,0.001053,0.001104,0.002454,15.608571428571436,1
5300,2025-01-21 11:29:36+00:00,2025-01-21 11:29:36+00:00,215.23818181818183,0.2018181818181818,47.126666666666665,233.79999999999995,31.360303030303037,34.47515151515151,2.4993939393939404,61.60969696969698,0.001144,0.001211,0.00283,15.766363636363632,1
5312,2025-01-21 11:29:52+00:00,2025-01-21 11:29:52+00:00,202.66470588235296,0.2008823529411764,47.87029411764704,221.68617647058824,31.392647058823517,34.5214705882353,2.3197058823529404,62.17941176470588,0.001154,0.001154,0.002689,16.47764705882353,1
5350,2025-01-21 11:30:43+00:00,2025-01-21 11:30:43+00:00,19.89029411764705,0.1241176470588235,46.59705882352941,26.10794117647059,31.44500000000002,31.8485294117647,0.2899999999999998,65.89235294117644,0.00079,0.000672,0.001021,15.152058823529387,1
5363,2025-01-21 11:31:00+00:00,2025-01-21 11:31:00+00:00,63.19800000000002,0.1405714285714285,46.77685714285712,72.98599999999999,31.52457142857142,32.526285714285706,0.295142857142857,65.25,0.000971,0.000829,0.001285,15.252285714285698,1
5393,2025-01-21 11:31:39+00:00,2025-01-21 11:31:39+00:00,219.20125000000004,0.2093750000000001,47.4103125,236.75156249999995,31.499062499999997,34.68625,2.560000000000001,61.68999999999999,0.001177,0.001232,0.002901,15.911250000000004,1
5417,2025-01-21 11:32:12+00:00,2025-01-21 11:32:12+00:00,115.7372222222222,0.1552777777777778,48.00111111111113,128.26777777777778,31.577500000000004,33.55583333333332,1.3755555555555552,64.06694444444446,0.00097,0.000847,0.001582,16.423611111111125,1
5423,2025-01-21 11:32:20+00:00,2025-01-21 11:32:20+00:00,75.64142857142855,0.1474285714285714,47.57314285714287,85.1771428571429,31.51971428571428,32.86142857142856,0.9565714285714289,64.88142857142857,0.000949,0.000824,0.001345,16.053428571428594,1
5436,2025-01-21 11:32:37+00:00,2025-01-21 11:32:37+00:00,21.779166666666665,0.11,47.04472222222223,28.69,31.623611111111124,32.204444444444455,0.2899999999999998,65.97972222222224,0.000841,0.000658,0.001044,15.421111111111102,1
5441,2025-01-21 11:32:43+00:00,2025-01-21 11:32:43+00:00,19.70842105263157,0.1176315789473683,46.61000000000001,25.93236842105264,31.545263157894738,31.860526315789468,0.2839473684210525,65.608947368421,0.000797,0.000698,0.001013,15.064736842105267,1
5442,2025-01-21 11:32:45+00:00,2025-01-21 11:32:45+00:00,21.652647058823533,0.1347058823529412,46.586764705882345,28.34176470588235,31.555882352941165,31.94852941176472,0.2899999999999998,65.83941176470587,0.000833,0.000678,0.001008,15.03088235294118,1
5487,2025-01-21 11:33:44+00:00,2025-01-21 11:33:44+00:00,219.70555555555555,0.1738888888888889,47.74777777777778,236.12916666666672,31.6475,34.842222222222205,2.574722222222222,61.480555555555526,0.001115,0.001187,0.002646,16.10027777777778,1
5497,2025-01-21 11:33:57+00:00,2025-01-21 11:33:57+00:00,189.79950000000005,0.18225,48.181,205.42675000000003,31.67075000000001,34.6375,2.116499999999999,62.71100000000001,0.00105,0.001087,0.0023,16.51024999999999,1
5503,2025-01-21 11:34:05+00:00,2025-01-21 11:34:05+00:00,152.91270270270277,0.1705405405405405,47.990270270270265,167.99972972972984,31.60162162162161,34.007297297297306,1.7008108108108109,63.237027027027054,0.001006,0.000968,0.001895,16.38864864864865,1
5530,2025-01-21 11:34:40+00:00,2025-01-21 11:34:40+00:00,19.96628571428572,0.1185714285714285,46.69342857142857,26.42428571428571,31.58314285714286,31.91142857142857,0.2877142857142856,65.54285714285714,0.000782,0.000674,0.001043,15.110285714285707,1
5534,2025-01-21 11:34:46+00:00,2025-01-21 11:34:46+00:00,22.41685714285715,0.1354285714285714,46.617714285714285,29.06485714285715,31.652285714285707,32.00685714285716,0.2922857142857141,65.68457142857143,0.000837,0.000672,0.00108,14.965428571428578,1
5539,2025-01-21 11:34:53+00:00,2025-01-21 11:34:53+00:00,36.95823529411764,0.1526470588235294,47.08058823529412,44.87852941176472,31.73176470588234,32.54705882352941,0.2920588235294116,65.82558823529415,0.000909,0.000726,0.001111,15.34882352941178,1
5579,2025-01-21 11:35:45+00:00,2025-01-21 11:35:45+00:00,218.38294117647047,0.2105882352941177,48.02088235294118,235.720588235294,31.797941176470584,35.13999999999999,2.563823529411764,61.91970588235296,0.001135,0.001202,0.002798,16.222941176470595,1
5584,2025-01-21 11:35:52+00:00,2025-01-21 11:35:52+00:00,204.88432432432435,0.1783783783783784,48.063243243243214,221.38486486486485,31.72135135135136,34.85567567567565,2.3467567567567573,62.03270270270272,0.00104,0.001067,0.002207,16.341891891891855,1
5588,2025-01-21 11:35:57+00:00,2025-01-21 11:35:57+00:00,189.2891428571428,0.184,48.143714285714296,205.88771428571425,31.713714285714293,34.64171428571428,2.123714285714286,62.47800000000003,0.001037,0.001037,0.002127,16.430000000000003,1
5590,2025-01-21 11:36:00+00:00,2025-01-21 11:36:00+00:00,175.9117142857143,0.1545714285714286,48.39942857142858,191.74028571428565,31.793714285714277,34.716857142857144,1.9525714285714288,63.05457142857142,0.001002,0.001013,0.001998,16.605714285714306,1
5608,2025-01-21 11:36:23+00:00,2025-01-21 11:36:23+00:00,63.28611111111109,0.1297222222222222,47.66305555555559,73.49222222222221,31.750555555555557,32.9525,0.2899999999999998,65.12666666666667,0.000907,0.000756,0.001249,15.912500000000032,1
5611,2025-01-21 11:36:27+00:00,2025-01-21 11:36:27+00:00,47.520285714285706,0.134,47.21142857142858,56.19714285714286,31.71885714285714,32.563428571428574,0.292285714285714,65.19371428571428,0.000863,0.000724,0.001162,15.492571428571438,1
5627,2025-01-21 11:36:48+00:00,2025-01-21 11:36:48+00:00,25.65875,0.136875,46.774375000000006,32.50781249999999,31.7546875,32.21156250000001,0.2874999999999999,65.6453125,0.000813,0.000673,0.001061,15.019687500000009,1
5634,2025-01-21 11:36:58+00:00,2025-01-21 11:36:58+00:00,53.74277777777778,0.1108333333333333,46.596111111111135,61.32111111111109,31.75722222222221,32.426111111111105,0.2899999999999998,65.09583333333333,0.000959,0.000786,0.001199,14.83888888888892,1
5648,2025-01-21 11:37:16+00:00,2025-01-21 11:37:16+00:00,141.48624999999996,0.16875,47.0885,154.56649999999996,31.896249999999988,33.85599999999998,1.59275,63.64725000000001,0.001032,0.000998,0.001861,15.192250000000008,1
5658,2025-01-21 11:37:29+00:00,2025-01-21 11:37:29+00:00,197.06810810810805,0.1764864864864865,47.18837837837838,213.2151351351351,31.79324324324322,34.595135135135145,2.2364864864864877,62.22243243243247,0.001077,0.001152,0.00252,15.39513513513516,1
5668,2025-01-21 11:37:42+00:00,2025-01-21 11:37:42+00:00,219.46617647058835,0.2014705882352941,48.00705882352943,237.12558823529423,31.872647058823524,35.185,2.5841176470588234,61.722352941176496,0.001135,0.00121,0.002787,16.134411764705902,1
5678,2025-01-21 11:37:55+00:00,2025-01-21 11:37:55+00:00,197.4502777777778,0.1852777777777777,48.24055555555555,213.3111111111111,31.859166666666663,34.923333333333346,2.2361111111111125,62.363333333333344,0.0011,0.001103,0.002493,16.38138888888889,1
5683,2025-01-21 11:38:02+00:00,2025-01-21 11:38:02+00:00,168.7148484848485,0.1518181818181818,48.47909090909091,184.06181818181813,31.940606060606054,34.74666666666667,1.8766666666666667,63.006060606060615,0.001039,0.001016,0.002133,16.53848484848485,1
5700,2025-01-21 11:38:24+00:00,2025-01-21 11:38:24+00:00,59.64906249999999,0.1584375,47.55374999999999,69.8178125,31.861875000000005,32.930625000000006,0.2899999999999998,65.039375,0.000926,0.000778,0.001293,15.691874999999982,1
5721,2025-01-21 11:38:52+00:00,2025-01-21 11:38:52+00:00,33.100857142857144,0.1377142857142857,47.115428571428566,40.35142857142858,31.99057142857143,32.813428571428574,0.2899999999999998,65.88371428571429,0.00088,0.00071,0.001101,15.124857142857136,1
5731,2025-01-21 11:39:05+00:00,2025-01-21 11:39:05+00:00,84.14789473684213,0.1373684210526315,46.76342105263157,94.0715789473684,31.89078947368421,32.95657894736841,1.0305263157894735,64.50921052631581,0.001042,0.000907,0.001538,14.872631578947356,1
5741,2025-01-21 11:39:18+00:00,2025-01-21 11:39:18+00:00,149.83147058823528,0.1685294117647058,47.20147058823528,164.28294117647056,32.012647058823525,34.16794117647058,1.682058823529412,63.355294117647055,0.001029,0.001024,0.001947,15.188823529411756,1
5757,2025-01-21 11:39:39+00:00,2025-01-21 11:39:39+00:00,217.7621052631579,0.1652631578947368,47.76026315789475,234.14263157894743,31.957368421052635,35.08105263157894,2.558421052631577,61.59052631578948,0.001185,0.001238,0.002902,15.802894736842113,1
5777,2025-01-21 11:40:05+00:00,2025-01-21 11:40:05+00:00,154.37939393939394,0.176060606060606,48.309696969696944,169.17666666666673,31.933030303030307,34.40545454545453,1.7272727272727273,63.04484848484852,0.001052,0.00099,0.00199,16.376666666666637,1
5800,2025-01-21 11:40:35+00:00,2025-01-21 11:40:35+00:00,26.62249999999999,0.1228125,47.41812500000001,32.97937499999999,32.02656249999998,32.7475,0.2899999999999998,65.64874999999999,0.000788,0.000643,0.001085,15.391562500000028,1
5836,2025-01-21 11:41:22+00:00,2025-01-21 11:41:22+00:00,168.10769230769242,0.1561538461538462,47.12153846153847,182.4792307692308,32.04769230769227,34.372564102564105,1.866666666666667,62.74974358974361,0.001002,0.001045,0.002081,15.073846153846198,1
5847,2025-01-21 11:41:37+00:00,2025-01-21 11:41:37+00:00,215.16606060606065,0.1957575757575758,47.67363636363635,232.9833333333333,32.049090909090914,35.16151515151517,2.5200000000000005,61.61939393939392,0.001154,0.001222,0.002805,15.624545454545434,1
5848,2025-01-21 11:41:38+00:00,2025-01-21 11:41:38+00:00,216.65538461538452,0.1938461538461538,47.754871794871775,234.62487179487167,32.06999999999999,35.29102564102561,2.553076923076921,61.8351282051282,0.001149,0.001213,0.002851,15.684871794871782,1
5858,2025-01-21 11:41:51+00:00,2025-01-21 11:41:51+00:00,209.4354545454546,0.1872727272727272,48.35272727272727,226.26272727272715,32.07848484848484,35.25636363636364,2.4403030303030304,61.96363636363635,0.001117,0.001272,0.002708,16.27424242424243,1
5915,2025-01-21 11:43:07+00:00,2025-01-21 11:43:07+00:00,93.08060606060606,0.1627272727272727,47.1090909090909,103.64303030303032,32.23303030303032,33.489696969696965,1.1127272727272728,64.31151515151517,0.001093,0.000946,0.001672,14.876060606060584,1
5918,2025-01-21 11:43:11+00:00,2025-01-21 11:43:11+00:00,113.17058823529408,0.1735294117647059,47.30647058823528,124.83176470588236,32.299411764705866,33.992647058823536,1.3158823529411756,64.3997058823529,0.001148,0.000997,0.001844,15.007058823529412,1
5924,2025-01-21 11:43:20+00:00,2025-01-21 11:43:20+00:00,158.5302631578947,0.1760526315789473,47.174473684210525,173.16421052631586,32.1728947368421,34.36710526315791,1.7697368421052635,63.10473684210529,0.001015,0.001006,0.001956,15.001578947368422,1
5937,2025-01-21 11:43:37+00:00,2025-01-21 11:43:37+00:00,215.4427027027027,0.2002702702702702,48.01864864864864,231.9835135135135,32.286756756756745,35.51216216216215,2.5189189189189207,61.82945945945947,0.001091,0.001162,0.002637,15.731891891891898,1
5938,2025-01-21 11:43:39+00:00,2025-01-21 11:43:39+00:00,216.5985714285714,0.181142857142857,47.799999999999976,234.20428571428587,32.2177142857143,35.316571428571415,2.571714285714285,61.6742857142857,0.001102,0.001218,0.002665,15.582285714285677,1
5940,2025-01-21 11:43:41+00:00,2025-01-21 11:43:41+00:00,219.8197297297297,0.2121621621621622,48.19351351351349,237.021081081081,32.29027027027027,35.87162162162163,2.6062162162162164,62.00432432432434,0.001114,0.001196,0.002743,15.903243243243224,1
5949,2025-01-21 11:43:53+00:00,2025-01-21 11:43:53+00:00,203.67405405405404,0.1867567567567566,48.44513513513514,221.42810810810812,32.22648648648649,35.30918918918918,2.356216216216217,61.8808108108108,0.001104,0.001177,0.00264,16.218648648648646,1
5961,2025-01-21 11:44:09+00:00,2025-01-21 11:44:09+00:00,137.54789473684204,0.1639473684210526,48.31394736842103,151.53026315789472,32.205000000000005,34.37315789473685,1.582894736842105,63.37842105263161,0.001016,0.000948,0.001811,16.108947368421028,1
5991,2025-01-21 11:44:48+00:00,2025-01-21 11:44:48+00:00,23.690833333333323,0.1294444444444444,47.26500000000001,30.829722222222227,32.346111111111114,32.83222222222222,0.2899999999999998,65.89027777777778,0.000779,0.000671,0.001044,14.918888888888894,1
6035,2025-01-21 11:45:46+00:00,2025-01-21 11:45:46+00:00,218.0405405405405,0.1583783783783784,48.20810810810813,233.5067567567568,32.32108108108107,35.5145945945946,2.595945945945944,61.72594594594594,0.001145,0.001218,0.002865,15.88702702702706,1
6072,2025-01-21 11:46:34+00:00,2025-01-21 11:46:34+00:00,28.95428571428572,0.1319999999999999,47.85542857142855,36.19742857142859,32.46800000000001,33.301142857142864,0.2899999999999998,66.06999999999995,0.000809,0.000657,0.001121,15.387428571428536,1
6080,2025-01-21 11:46:46+00:00,2025-01-21 11:46:46+00:00,22.536000000000005,0.1525714285714285,47.00428571428572,27.49285714285716,32.37800000000001,32.70028571428572,0.2911428571428571,65.51142857142857,0.000868,0.000691,0.001072,14.626285714285714,1
6093,2025-01-21 11:47:03+00:00,2025-01-21 11:47:03+00:00,71.9385294117647,0.1552941176470588,47.09352941176471,80.55323529411767,32.43441176470588,33.33029411764704,0.6658823529411766,64.76764705882353,0.001004,0.000853,0.001461,14.659117647058828,1
6095,2025-01-21 11:47:06+00:00,2025-01-21 11:47:06+00:00,86.3527027027027,0.1321621621621621,47.09648648648651,95.12459459459456,32.40648648648647,33.432972972972976,1.057837837837838,64.30702702702706,0.001054,0.000905,0.001574,14.69000000000004,1
6100,2025-01-21 11:47:12+00:00,2025-01-21 11:47:12+00:00,116.385,0.1497222222222223,47.11805555555556,128.0636111111111,32.403333333333336,33.89638888888888,1.3608333333333331,63.6911111111111,0.001114,0.000992,0.001848,14.71472222222222,1
6107,2025-01-21 11:47:21+00:00,2025-01-21 11:47:21+00:00,162.9641025641026,0.1912820512820512,47.32435897435895,177.28435897435892,32.43538461538461,34.57025641025642,1.815384615384616,62.76820512820513,0.001011,0.001044,0.002066,14.888974358974338,1
6118,2025-01-21 11:47:36+00:00,2025-01-21 11:47:36+00:00,214.17138888888897,0.18,48.05555555555554,229.37583333333336,32.50333333333334,35.596388888888896,2.5097222222222237,61.8613888888889,0.001162,0.001184,0.00273,15.552222222222206,1
6169,2025-01-21 11:48:43+00:00,2025-01-21 11:48:43+00:00,20.186052631578956,0.1357894736842105,47.09210526315787,26.446052631578937,32.496315789473684,32.762631578947385,0.2892105263157892,65.65921052631579,0.000756,0.000667,0.001062,14.595789473684183,1
6206,2025-01-21 11:49:31+00:00,2025-01-21 11:49:31+00:00,201.0827027027028,0.2048648648648649,47.76243243243245,216.7029729729729,32.57675675675675,35.53540540540541,2.3189189189189188,62.19135135135137,0.001151,0.001183,0.002753,15.185675675675697,1
6212,2025-01-21 11:49:39+00:00,2025-01-21 11:49:39+00:00,216.17823529411768,0.2111764705882353,47.92823529411763,234.78764705882355,32.535882352941165,35.55117647058824,2.594705882352941,61.357941176470575,0.001177,0.001246,0.002961,15.392352941176462,1
6215,2025-01-21 11:49:43+00:00,2025-01-21 11:49:43+00:00,219.7863636363636,0.2021212121212121,48.49151515151515,237.43727272727284,32.630303030303025,35.94090909090909,2.6487878787878785,61.71212121212122,0.001185,0.00127,0.003032,15.861212121212128,1
6236,2025-01-21 11:50:11+00:00,2025-01-21 11:50:11+00:00,128.078717948718,0.1694871794871795,48.66692307692306,140.89564102564114,32.62282051282051,34.75333333333334,1.495128205128205,63.85153846153845,0.001012,0.000965,0.001795,16.044102564102552,1
6251,2025-01-21 11:50:30+00:00,2025-01-21 11:50:30+00:00,40.93500000000001,0.1328947368421052,47.81894736842103,48.76842105263158,32.62184210526317,33.35447368421053,0.2899999999999997,65.35210526315791,0.000842,0.000694,0.001301,15.19710526315786,1
6255,2025-01-21 11:50:35+00:00,2025-01-21 11:50:35+00:00,28.136216216216237,0.1289189189189189,47.62216216216219,35.33432432432432,32.60864864864867,33.18945945945946,0.2899999999999997,65.63108108108106,0.000796,0.000677,0.001099,15.013513513513525,1
6259,2025-01-21 11:50:41+00:00,2025-01-21 11:50:41+00:00,20.15514285714287,0.1434285714285714,47.53599999999999,26.651999999999997,32.666285714285706,33.078571428571415,0.2899999999999998,65.96771428571428,0.000786,0.000724,0.001058,14.86971428571428,1
6285,2025-01-21 11:51:15+00:00,2025-01-21 11:51:15+00:00,130.8282352941176,0.1747058823529412,47.3905882352941,142.5111764705882,32.65941176470589,34.4070588235294,1.505882352941177,63.34588235294118,0.001021,0.00098,0.001773,14.731176470588217,1
6297,2025-01-21 11:51:30+00:00,2025-01-21 11:51:30+00:00,197.92513513513515,0.1686486486486486,47.66243243243243,213.11054054054048,32.677837837837856,35.40972972972975,2.2756756756756764,61.9689189189189,0.001111,0.001157,0.00267,14.984594594594576,1
6303,2025-01-21 11:51:38+00:00,2025-01-21 11:51:38+00:00,216.5832432432433,0.1740540540540539,48.28216216216217,233.4443243243243,32.76945945945946,35.96783783783783,2.580540540540541,62.03594594594593,0.001146,0.001273,0.002903,15.512702702702711,1
6315,2025-01-21 11:51:54+00:00,2025-01-21 11:51:54+00:00,203.3515789473684,0.1939473684210527,49.09447368421051,220.1352631578947,32.79447368421052,36.181578947368415,2.3805263157894734,62.47552631578949,0.001148,0.001148,0.002704,16.299999999999997,1
6319,2025-01-21 11:51:59+00:00,2025-01-21 11:51:59+00:00,186.73457142857143,0.1734285714285714,49.15457142857145,202.71714285714287,32.78771428571427,35.917142857142856,2.134285714285713,62.952285714285736,0.001115,0.001071,0.002418,16.366857142857178,1
6324,2025-01-21 11:52:06+00:00,2025-01-21 11:52:06+00:00,154.18647058823527,0.1429411764705882,48.60352941176469,169.3841176470588,32.67970588235294,34.9785294117647,1.7532352941176468,63.00352941176473,0.001041,0.001018,0.002048,15.923823529411749,1
6339,2025-01-21 11:52:26+00:00,2025-01-21 11:52:26+00:00,57.35424242424244,0.1503030303030303,48.09969696969695,66.32939393939395,32.74666666666668,33.792727272727284,0.2954545454545452,64.89727272727272,0.000879,0.000761,0.001257,15.353030303030271,1
6343,2025-01-21 11:52:31+00:00,2025-01-21 11:52:31+00:00,39.028611111111125,0.1344444444444444,47.77388888888888,47.27888888888887,32.74694444444444,33.4463888888889,0.2899999999999998,65.31861111111111,0.000869,0.000703,0.00111,15.02694444444444,1
6367,2025-01-21 11:53:02+00:00,2025-01-21 11:53:02+00:00,65.34263157894736,0.1289473684210526,47.14473684210527,73.69447368421054,32.746052631578934,33.48763157894736,0.3231578947368417,64.57184210526316,0.00099,0.000838,0.001316,14.398684210526334,1
6391,2025-01-21 11:53:34+00:00,2025-01-21 11:53:34+00:00,208.04457142857143,0.1722857142857143,48.01114285714287,224.08657142857143,32.824857142857155,35.79314285714286,2.442285714285714,62.018,0.001147,0.001164,0.00273,15.18628571428571,1
6414,2025-01-21 11:54:04+00:00,2025-01-21 11:54:04+00:00,165.4605405405405,0.178918918918919,48.91324324324325,179.7835135135135,32.85243243243243,35.47756756756758,1.8586486486486495,63.068378378378384,0.001059,0.001035,0.002208,16.06081081081082,1
6423,2025-01-21 11:54:16+00:00,2025-01-21 11:54:16+00:00,103.88472222222224,0.1466666666666667,48.89000000000002,115.8155555555556,32.952500000000015,34.96666666666666,1.2758333333333334,64.66000000000001,0.001077,0.000929,0.001783,15.937500000000009,1
6429,2025-01-21 11:54:23+00:00,2025-01-21 11:54:23+00:00,70.00657142857142,0.1514285714285714,48.283714285714304,79.77142857142856,32.85885714285714,34.029999999999994,0.853142857142857,64.60199999999999,0.000941,0.000802,0.001406,15.424857142857164,1
6440,2025-01-21 11:54:38+00:00,2025-01-21 11:54:38+00:00,22.864242424242427,0.0909090909090909,47.64878787878786,28.24969696969696,32.89060606060606,33.237878787878785,0.2899999999999998,65.64424242424242,0.000836,0.000673,0.001069,14.758181818181804,1
6446,2025-01-21 11:54:47+00:00,2025-01-21 11:54:47+00:00,21.578055555555544,0.1255555555555556,47.74555555555552,28.11888888888888,32.96388888888889,33.48083333333334,0.2899999999999998,66.09833333333331,0.000839,0.000687,0.00104,14.78166666666663,1
6518,2025-01-21 11:56:21+00:00,2025-01-21 11:56:21+00:00,80.34029411764702,0.1644117647058823,48.5135294117647,90.82941176470592,33.00382352941177,34.41205882352942,1.0311764705882351,64.72794117647057,0.00097,0.000836,0.001519,15.509705882352932,1
6519,2025-01-21 11:56:23+00:00,2025-01-21 11:56:23+00:00,71.34515151515156,0.1327272727272727,48.816060606060624,79.4851515151515,33.10151515151516,34.65848484848487,0.7245454545454547,65.34909090909092,0.000965,0.000813,0.001458,15.714545454545464,1
6536,2025-01-21 11:56:45+00:00,2025-01-21 11:56:45+00:00,19.943030303030305,0.1396969696969697,47.54484848484851,26.051212121212124,33.03787878787878,33.343333333333334,0.2899999999999998,65.69212121212118,0.000775,0.00068,0.001041,14.506969696969726,1
6558,2025-01-21 11:57:14+00:00,2025-01-21 11:57:14+00:00,122.80558823529412,0.1308823529411764,47.899411764705874,135.0567647058823,33.2085294117647,35.04676470588235,1.433823529411765,64.10529411764708,0.00142,0.000993,0.004696,14.690882352941172,1
6609,2025-01-21 11:58:21+00:00,2025-01-21 11:58:21+00:00,80.8381578947369,0.1642105263157895,48.64368421052631,91.00947368421052,33.18421052631579,34.560789473684224,1.0318421052631583,64.59736842105266,0.000986,0.000858,0.001509,15.459473684210522,1
6617,2025-01-21 11:58:31+00:00,2025-01-21 11:58:31+00:00,39.38864864864865,0.1445945945945946,48.400540540540526,48.067027027027024,33.22756756756759,34.08189189189189,0.2899999999999997,65.55567567567567,0.000817,0.0007,0.001218,15.172972972972936,1
6627,2025-01-21 11:58:44+00:00,2025-01-21 11:58:44+00:00,20.26263157894737,0.1326315789473684,47.72605263157895,25.2471052631579,33.1992105263158,33.590526315789454,0.2899999999999997,65.98394736842104,0.000751,0.000678,0.001065,14.52684210526315,1
6642,2025-01-21 11:59:04+00:00,2025-01-21 11:59:04+00:00,71.69147058823529,0.1573529411764706,47.57117647058826,80.555,33.23441176470589,34.13911764705882,0.8511764705882352,64.74911764705882,0.001007,0.000872,0.001492,14.336764705882374,1
6668,2025-01-21 11:59:38+00:00,2025-01-21 11:59:38+00:00,215.1788571428571,0.1814285714285713,48.25485714285715,231.4225714285714,33.223142857142854,36.27914285714287,2.5759999999999983,61.4237142857143,0.001164,0.001245,0.002925,15.031714285714294,1
6671,2025-01-21 11:59:42+00:00,2025-01-21 11:59:42+00:00,219.06147058823535,0.2035294117647058,48.83970588235293,235.1835294117648,33.33411764705883,36.61617647058824,2.653529411764707,61.6185294117647,0.001168,0.001259,0.002988,15.505588235294098,1
6694,2025-01-21 12:00:12+00:00,2025-01-21 12:00:12+00:00,128.1770270270271,0.1227027027027027,49.321081081081054,139.93621621621614,33.33243243243244,35.6108108108108,1.5170270270270272,64.08891891891894,0.001019,0.000964,0.001837,15.988648648648612,1
6707,2025-01-21 12:00:29+00:00,2025-01-21 12:00:29+00:00,47.30722222222224,0.1177777777777778,48.34583333333331,54.235833333333325,33.29444444444445,34.17833333333332,0.2899999999999998,65.21749999999997,0.000836,0.00072,0.001228,15.05138888888886,1
6711,2025-01-21 12:00:34+00:00,2025-01-21 12:00:34+00:00,32.77878787878788,0.1554545454545454,48.01727272727273,40.40393939393939,33.29575757575756,33.87818181818182,0.2899999999999998,65.47606060606063,0.00078,0.000662,0.001112,14.72151515151517,1
6736,2025-01-21 12:01:07+00:00,2025-01-21 12:01:07+00:00,85.09828571428572,0.1425714285714285,47.9622857142857,94.99371428571428,33.49085714285714,34.67028571428572,1.0657142857142856,64.77342857142857,0.001057,0.000924,0.001651,14.47142857142856,1
6744,2025-01-21 12:01:18+00:00,2025-01-21 12:01:18+00:00,141.54441176470584,0.1691176470588235,48.04,154.72970588235287,33.45088235294117,35.4,1.636176470588235,63.571764705882345,0.001033,0.001018,0.001962,14.589117647058828,1
6764,2025-01-21 12:01:44+00:00,2025-01-21 12:01:44+00:00,218.90588235294112,0.1779411764705883,48.94,236.78264705882356,33.44176470588238,36.67705882352942,2.6891176470588247,61.65000000000001,0.001198,0.001287,0.003117,15.49823529411762,1
6771,2025-01-21 12:01:53+00:00,2025-01-21 12:01:53+00:00,209.04918918918924,0.185135135135135,49.473243243243246,224.67864864864868,33.465945945945954,36.80459459459459,2.5016216216216214,62.30864864864866,0.001165,0.00119,0.002835,16.007297297297292,1
6783,2025-01-21 12:02:09+00:00,2025-01-21 12:02:09+00:00,144.24606060606064,0.1712121212121212,49.51272727272725,158.3824242424243,33.48727272727274,35.95151515151516,1.6815151515151507,63.58909090909091,0.001027,0.001021,0.002017,16.025454545454515,1
6797,2025-01-21 12:02:28+00:00,2025-01-21 12:02:28+00:00,52.06735294117647,0.128235294117647,48.77470588235294,59.84382352941174,33.5144117647059,34.688235294117646,0.2899999999999998,65.49558823529411,0.000854,0.000747,0.001223,15.260294117647042,1
6801,2025-01-21 12:02:34+00:00,2025-01-21 12:02:34+00:00,32.38594594594596,0.1454054054054054,48.57675675675677,39.847567567567566,33.57378378378377,34.368648648648644,0.2918918918918919,65.994054054054,0.000799,0.000705,0.001135,15.002972972973003,1
6804,2025-01-21 12:02:38+00:00,2025-01-21 12:02:38+00:00,24.428,0.1179999999999999,48.181714285714285,29.968000000000004,33.52742857142856,34.182285714285726,0.2899999999999998,66.0082857142857,0.000757,0.000687,0.00102,14.654285714285727,1
6805,2025-01-21 12:02:39+00:00,2025-01-21 12:02:39+00:00,22.320000000000004,0.1277419354838709,48.47935483870967,28.950000000000003,33.60258064516128,34.2458064516129,0.2899999999999998,66.31,0.000768,0.000644,0.001055,14.876774193548384,1
6810,2025-01-21 12:02:45+00:00,2025-01-21 12:02:45+00:00,19.81763157894737,0.0968421052631579,47.898157894736826,24.52052631578947,33.50999999999998,33.85026315789472,0.2889473684210524,65.8521052631579,0.000786,0.000659,0.001065,14.38815789473685,1
6855,2025-01-21 12:03:44+00:00,2025-01-21 12:03:44+00:00,218.8480555555556,0.1786111111111111,48.93805555555554,235.20805555555555,33.50666666666666,36.955,2.6794444444444463,61.87305555555557,0.001191,0.001263,0.002998,15.431388888888884,1
6856,2025-01-21 12:03:46+00:00,2025-01-21 12:03:46+00:00,218.4920512820513,0.1423076923076923,49.086923076923085,234.53692307692316,33.569743589743595,36.77564102564103,2.68820512820513,61.65717948717949,0.001171,0.001265,0.003014,15.51717948717949,1
6861,2025-01-21 12:03:52+00:00,2025-01-21 12:03:52+00:00,210.01529411764704,0.1729411764705883,49.05000000000001,226.7,33.49794117647058,36.6914705882353,2.54,61.66176470588237,0.001155,0.001204,0.002823,15.552058823529428,1
6880,2025-01-21 12:04:17+00:00,2025-01-21 12:04:17+00:00,103.61578947368422,0.1547368421052632,48.9928947368421,115.10868421052636,33.53736842105261,35.18026315789473,1.2757894736842104,63.99736842105261,0.001062,0.000936,0.001761,15.455526315789491,1
6898,2025-01-21 12:04:41+00:00,2025-01-21 12:04:41+00:00,20.704473684210523,0.1397368421052631,48.39184210526314,27.529210526315783,33.675789473684226,34.258684210526326,0.2910526315789471,66.16394736842106,0.000752,0.000676,0.001062,14.716052631578918,1
6907,2025-01-21 12:04:53+00:00,2025-01-21 12:04:53+00:00,30.870882352941194,0.1173529411764705,47.71176470588235,36.2020588235294,33.55470588235294,33.98117647058823,0.2899999999999998,65.48558823529413,0.000844,0.000679,0.001093,14.157058823529413,1
6918,2025-01-21 12:05:07+00:00,2025-01-21 12:05:07+00:00,84.70432432432428,0.1464864864864864,48.12972972972969,93.49756756756756,33.69729729729731,34.84243243243242,1.0551351351351357,64.56945945945945,0.001046,0.000923,0.001632,14.432432432432378,1
6919,2025-01-21 12:05:08+00:00,2025-01-21 12:05:08+00:00,88.81235294117653,0.1026470588235294,47.81029411764704,97.0958823529412,33.54441176470589,34.73647058823529,1.105294117647059,64.09705882352942,0.00106,0.000932,0.001704,14.265882352941148,1
6940,2025-01-21 12:05:37+00:00,2025-01-21 12:05:37+00:00,212.2555263157896,0.2068421052631579,48.94447368421053,229.69368421052613,33.709736842105286,36.863157894736815,2.567105263157895,61.95842105263159,0.001175,0.001239,0.002929,15.234736842105242,1
6953,2025-01-21 12:05:54+00:00,2025-01-21 12:05:54+00:00,205.14314285714275,0.1831428571428572,49.28885714285715,222.03371428571427,33.63285714285714,36.69428571428571,2.470857142857141,61.88114285714288,0.00114,0.001176,0.002821,15.656000000000006,1
6974,2025-01-21 12:06:23+00:00,2025-01-21 12:06:23+00:00,75.32351351351355,0.1491891891891892,49.182162162162165,84.19540540540538,33.766216216216215,35.18567567567568,0.9818918918918914,64.91702702702702,0.000924,0.000817,0.001431,15.41594594594595,1
6985,2025-01-21 12:06:37+00:00,2025-01-21 12:06:37+00:00,26.282105263157884,0.1271052631578947,48.62789473684209,32.62236842105264,33.83184210526314,34.61105263157893,0.2899999999999997,66.15368421052635,0.000789,0.000683,0.001034,14.796052631578943,1
6998,2025-01-21 12:06:55+00:00,2025-01-21 12:06:55+00:00,35.27838709677419,0.132258064516129,47.796451612903205,42.18290322580647,33.731290322580655,34.19193548387098,0.2912903225806451,65.43612903225808,0.000846,0.000685,0.001085,14.06516129032255,1
7006,2025-01-21 12:07:05+00:00,2025-01-21 12:07:05+00:00,74.16710526315788,0.1142105263157895,47.82763157894738,81.77263157894735,33.677631578947384,34.6542105263158,0.9192105263157888,64.55499999999999,0.000979,0.000864,0.001427,14.15,1
7026,2025-01-21 12:07:31+00:00,2025-01-21 12:07:31+00:00,196.31833333333333,0.1538888888888888,48.42972222222221,211.3394444444445,33.77527777777776,36.48194444444444,2.31388888888889,62.10722222222224,0.001072,0.001139,0.002578,14.65444444444445,1
7028,2025-01-21 12:07:34+00:00,2025-01-21 12:07:34+00:00,206.4627027027028,0.1851351351351351,48.84864864864866,221.2464864864865,33.84189189189189,36.82297297297296,2.451621621621622,61.99810810810814,0.001088,0.001154,0.00263,15.006756756756772,1
7030,2025-01-21 12:07:36+00:00,2025-01-21 12:07:36+00:00,210.29027777777773,0.2,48.68000000000002,225.9086111111112,33.762777777777764,36.74333333333332,2.5236111111111112,61.81666666666669,0.001091,0.001177,0.002695,14.917222222222255,1
7061,2025-01-21 12:08:17+00:00,2025-01-21 12:08:17+00:00,105.3224324324324,0.1318918918918919,49.276756756756754,116.26108108108112,33.83756756756756,35.55378378378377,1.2989189189189192,64.2427027027027,0.001038,0.00092,0.001798,15.439189189189191,1
7070,2025-01-21 12:08:29+00:00,2025-01-21 12:08:29+00:00,49.50970588235295,0.1244117647058823,49.25205882352941,57.78205882352941,33.96411764705882,35.283823529411755,0.2899999999999998,65.84205882352943,0.000878,0.000742,0.001274,15.28794117647059,1
7080,2025-01-21 12:08:42+00:00,2025-01-21 12:08:42+00:00,20.446363636363643,0.119090909090909,48.16212121212125,26.13212121212121,33.819696969696984,34.254545454545465,0.2899999999999998,65.91606060606061,0.000763,0.00068,0.001056,14.342424242424263,1
7085,2025-01-21 12:08:49+00:00,2025-01-21 12:08:49+00:00,22.77264705882352,0.1594117647058824,48.48000000000001,29.710882352941184,33.94352941176472,34.73058823529411,0.2911764705882351,66.2823529411765,0.00074,0.000683,0.001083,14.53647058823529,1
7089,2025-01-21 12:08:54+00:00,2025-01-21 12:08:54+00:00,32.254210526315795,0.1313157894736842,48.30394736842105,38.06736842105263,33.95157894736843,34.63,0.2899999999999997,65.9571052631579,0.000782,0.000671,0.00111,14.352368421052615,1
7106,2025-01-21 12:09:16+00:00,2025-01-21 12:09:16+00:00,128.96342857142855,0.1868571428571429,48.19457142857144,139.69514285714286,33.86142857142857,35.55828571428572,1.516571428571429,63.56371428571428,0.000995,0.000978,0.001842,14.333142857142867,1
7140,2025-01-21 12:10:01+00:00,2025-01-21 12:10:01+00:00,184.459393939394,0.1781818181818182,49.89878787878787,199.46121212121213,33.97181818181819,36.945757575757575,2.1590909090909087,62.767272727272704,0.001068,0.001068,0.002425,15.926969696969678,1
7142,2025-01-21 12:10:03+00:00,2025-01-21 12:10:03+00:00,175.14028571428565,0.1614285714285714,49.62085714285716,189.93457142857147,33.90028571428571,36.660857142857154,2.0342857142857143,62.71571428571428,0.001027,0.001043,0.002259,15.720571428571454,1
7173,2025-01-21 12:10:44+00:00,2025-01-21 12:10:44+00:00,20.05923076923076,0.1287179487179487,48.201025641025645,25.308205128205127,33.9151282051282,34.33871794871794,0.2853846153846153,65.95641025641024,0.000786,0.000676,0.001025,14.285897435897446,1
7176,2025-01-21 12:10:48+00:00,2025-01-21 12:10:48+00:00,21.81153846153847,0.1441025641025641,47.96435897435896,26.476153846153856,33.9097435897436,34.13564102564102,0.2899999999999997,65.56358974358976,0.000786,0.000674,0.001032,14.05461538461536,1
7186,2025-01-21 12:11:01+00:00,2025-01-21 12:11:01+00:00,54.59138888888887,0.1536111111111111,48.34722222222224,63.32833333333335,34.041388888888875,34.81277777777777,0.2899999999999998,65.39111111111112,0.00093,0.000779,0.001245,14.30583333333336,1
7191,2025-01-21 12:11:08+00:00,2025-01-21 12:11:08+00:00,87.49270270270269,0.1537837837837837,47.94351351351349,95.85405405405405,33.93567567567568,34.93999999999999,1.0940540540540535,64.22702702702703,0.001025,0.000897,0.001595,14.007837837837812,1
7212,2025-01-21 12:11:35+00:00,2025-01-21 12:11:35+00:00,205.8855555555556,0.2030555555555556,48.79583333333332,222.8925,33.946388888888904,36.94861111111111,2.484444444444444,61.93277777777777,0.001115,0.001171,0.002723,14.849444444444416,1
7219,2025-01-21 12:11:44+00:00,2025-01-21 12:11:44+00:00,219.6363888888889,0.1783333333333334,49.07444444444447,234.81444444444452,33.917777777777786,37.08555555555556,2.7091666666666665,61.248888888888914,0.001162,0.001251,0.002913,15.15666666666668,1
7250,2025-01-21 12:12:25+00:00,2025-01-21 12:12:25+00:00,67.23205882352943,0.1473529411764705,49.01676470588234,75.32411764705883,34.031176470588214,35.1820588235294,0.6755882352941174,64.90499999999999,0.000904,0.000802,0.001387,14.985588235294124,1
7255,2025-01-21 12:12:31+00:00,2025-01-21 12:12:31+00:00,44.69228571428571,0.1159999999999999,48.85285714285713,50.97599999999999,34.07742857142858,34.863428571428585,0.2899999999999998,65.46714285714286,0.000845,0.000708,0.001176,14.775428571428556,1
7308,2025-01-21 12:13:42+00:00,2025-01-21 12:13:42+00:00,217.2232432432433,0.1937837837837838,49.13216216216217,234.698918918919,34.10594594594594,37.29108108108107,2.694864864864863,61.522432432432446,0.00118,0.001297,0.003088,15.026216216216229,1
7321,2025-01-21 12:13:59+00:00,2025-01-21 12:13:59+00:00,192.56156249999992,0.1875,50.14031249999999,208.69875,34.28250000000002,37.44624999999999,2.2934375,62.751875000000005,0.001136,0.001129,0.002643,15.857812499999971,1
7334,2025-01-21 12:14:16+00:00,2025-01-21 12:14:16+00:00,111.9930303030303,0.1412121212121211,49.48393939393938,124.16424242424245,34.10272727272727,35.892424242424255,1.3857575757575755,63.913030303030304,0.001066,0.000947,0.001854,15.381212121212108,1
7337,2025-01-21 12:14:20+00:00,2025-01-21 12:14:20+00:00,92.61499999999997,0.1364705882352941,49.59323529411765,103.2435294117647,34.21382352941179,35.90264705882355,1.1799999999999995,64.64382352941175,0.001027,0.000903,0.001681,15.379411764705855,1
7345,2025-01-21 12:14:31+00:00,2025-01-21 12:14:31+00:00,44.70486486486488,0.1505405405405405,48.97,52.71243243243242,34.142162162162144,34.979189189189185,0.2899999999999997,65.2543243243243,0.00082,0.00073,0.001244,14.827837837837857,1
7351,2025-01-21 12:14:39+00:00,2025-01-21 12:14:39+00:00,24.06500000000001,0.1391666666666666,48.67416666666666,31.16444444444445,34.20305555555557,34.939166666666665,0.2899999999999998,66.08361111111113,0.000752,0.000685,0.001092,14.471111111111084,1
7363,2025-01-21 12:14:58+00:00,2025-01-21 12:14:58+00:00,43.19270270270271,0.1183783783783783,48.19,50.22918918918923,34.187567567567584,34.737567567567545,0.2899999999999997,65.37918918918918,0.000867,0.000729,0.001164,14.002432432432414,1
7368,2025-01-21 12:15:05+00:00,2025-01-21 12:15:05+00:00,70.62153846153848,0.1464102564102564,48.6002564102564,79.49615384615389,34.294358974358964,35.37435897435899,0.8897435897435898,65.1420512820513,0.000976,0.000855,0.001448,14.305897435897435,1
7387,2025-01-21 12:15:30+00:00,2025-01-21 12:15:30+00:00,191.9783783783784,0.1635135135135135,49.00378378378379,205.29459459459463,34.26756756756758,37.108108108108105,2.2545945945945958,62.57405405405406,0.001056,0.001137,0.002585,14.736216216216206,1
7390,2025-01-21 12:15:34+00:00,2025-01-21 12:15:34+00:00,203.7962162162162,0.1718918918918919,48.89351351351353,219.07837837837843,34.19000000000001,37.063243243243264,2.4456756756756746,62.0108108108108,0.001137,0.001223,0.00277,14.70351351351352,1
7405,2025-01-21 12:15:53+00:00,2025-01-21 12:15:53+00:00,210.45794117647057,0.1708823529411764,49.64852941176471,227.1341176470589,34.17411764705884,37.37235294117647,2.5817647058823514,61.7141176470588,0.001114,0.001208,0.002809,15.474411764705875,1
7418,2025-01-21 12:16:10+00:00,2025-01-21 12:16:10+00:00,145.45159999999996,0.1392,49.88399999999999,157.61560000000003,34.23720000000001,36.62840000000001,1.72,63.48079999999997,0.001037,0.000995,0.002006,15.646799999999978,1
7421,2025-01-21 12:16:14+00:00,2025-01-21 12:16:14+00:00,123.07764705882352,0.1497058823529412,49.6944117647059,136.28088235294123,34.24205882352941,36.27764705882352,1.499411764705882,63.93323529411764,0.001,0.000965,0.001804,15.452352941176486,1
7425,2025-01-21 12:16:19+00:00,2025-01-21 12:16:19+00:00,97.28828571428572,0.1154285714285714,49.51485714285714,108.36428571428569,34.24685714285714,35.91628571428573,1.232857142857143,64.34999999999998,0.00102,0.00092,0.001707,15.268,1
7432,2025-01-21 12:16:29+00:00,2025-01-21 12:16:29+00:00,51.95333333333332,0.1239393939393939,49.05818181818182,59.37757575757576,34.27696969696968,35.16333333333333,0.2899999999999998,65.25303030303029,0.000891,0.000758,0.001342,14.781212121212144,1
7448,2025-01-21 12:16:50+00:00,2025-01-21 12:16:50+00:00,23.245263157894748,0.1276315789473685,48.30763157894739,28.98078947368421,34.28710526315788,34.69131578947367,0.2899999999999997,65.84657894736843,0.000803,0.000684,0.001079,14.02052631578951,1
7465,2025-01-21 12:17:12+00:00,2025-01-21 12:17:12+00:00,103.96305555555551,0.1547222222222221,48.770555555555546,114.77333333333333,34.4061111111111,35.78583333333333,1.2802777777777778,64.52333333333333,0.001279,0.000998,0.003721,14.364444444444445,1
7467,2025-01-21 12:17:15+00:00,2025-01-21 12:17:15+00:00,119.97742857142858,0.1348571428571428,48.3982857142857,129.66542857142855,34.30142857142856,35.826285714285724,1.4382857142857146,63.76171428571427,0.001101,0.001012,0.001844,14.09685714285714,1
7470,2025-01-21 12:17:18+00:00,2025-01-21 12:17:18+00:00,136.01444444444445,0.1594444444444445,48.65305555555556,148.92333333333335,34.38611111111109,36.18194444444446,1.6047222222222222,63.51277777777779,0.001034,0.001024,0.001947,14.26694444444447,1
7480,2025-01-21 12:17:32+00:00,2025-01-21 12:17:32+00:00,197.43875,0.1809375,49.08656250000003,212.635625,34.36093750000001,37.36218749999999,2.351875,62.53343749999999,0.001094,0.001152,0.002697,14.725625000000017,1
7486,2025-01-21 12:17:39+00:00,2025-01-21 12:17:39+00:00,213.634,0.1851428571428571,48.98742857142859,230.23771428571436,34.270571428571415,37.27199999999999,2.633428571428572,61.54428571428571,0.001148,0.001269,0.002976,14.716857142857172,1
7500,2025-01-21 12:17:58+00:00,2025-01-21 12:17:58+00:00,197.28162162162167,0.172972972972973,50.13783783783782,212.45459459459465,34.43675675675677,37.558918918918906,2.3691891891891887,62.54081081081082,0.001151,0.001161,0.002679,15.70108108108105,1
7505,2025-01-21 12:18:04+00:00,2025-01-21 12:18:04+00:00,173.72647058823526,0.1702941176470588,50.06205882352941,188.28,34.3714705882353,37.09264705882352,2.033529411764708,62.78823529411764,0.001053,0.00106,0.002275,15.690588235294117,1
7567,2025-01-21 12:19:26+00:00,2025-01-21 12:19:26+00:00,173.1571052631579,0.1773684210526316,48.51263157894736,187.45210526315796,34.373947368421064,36.58447368421052,2.028947368421053,62.38842105263157,0.001074,0.001129,0.002441,14.1386842105263,1
7569,2025-01-21 12:19:28+00:00,2025-01-21 12:19:28+00:00,182.26914285714284,0.1837142857142857,48.8002857142857,196.30771428571427,34.41542857142858,36.928,2.1477142857142844,62.48971428571432,0.001076,0.001146,0.002583,14.384857142857122,1
7575,2025-01-21 12:19:36+00:00,2025-01-21 12:19:36+00:00,208.05470588235292,0.1729411764705882,48.91764705882351,223.2905882352942,34.34382352941176,37.1564705882353,2.526470588235295,61.539705882352976,0.001155,0.001249,0.002988,14.573823529411754,1
7580,2025-01-21 12:19:44+00:00,2025-01-21 12:19:44+00:00,218.145,0.1986842105263158,49.82973684210528,235.97026315789472,34.52210526315789,37.94447368421052,2.727631578947368,62.01184210526316,0.001198,0.001322,0.003245,15.307631578947394,1
7598,2025-01-21 12:20:08+00:00,2025-01-21 12:20:08+00:00,155.96062500000002,0.1771875,49.978437500000005,170.2134375,34.41937499999999,36.90812499999998,1.8156249999999996,63.30906250000001,0.001106,0.001037,0.002159,15.559062500000016,1
7613,2025-01-21 12:20:27+00:00,2025-01-21 12:20:27+00:00,61.86605263157898,0.1478947368421051,49.10815789473685,70.50421052631583,34.43157894736844,35.45315789473685,0.2915789473684208,64.80078947368418,0.000882,0.000795,0.001346,14.676578947368412,1
7618,2025-01-21 12:20:34+00:00,2025-01-21 12:20:34+00:00,34.9715,0.1142499999999999,49.04849999999997,42.97725,34.47675000000001,35.208000000000034,0.2899999999999997,65.69999999999999,0.000756,0.000712,0.001157,14.57174999999996,1
7626,2025-01-21 12:20:44+00:00,2025-01-21 12:20:44+00:00,19.13406250000001,0.1246875,48.54781249999999,25.203750000000014,34.506874999999994,34.892500000000005,0.2859375,66.0428125,0.000704,0.000674,0.001092,14.040937499999998,1
7639,2025-01-21 12:21:01+00:00,2025-01-21 12:21:01+00:00,51.71833333333333,0.1297222222222221,48.63555555555556,59.24222222222222,34.59861111111112,35.31999999999999,0.2894444444444442,65.44166666666665,0.000818,0.000765,0.001253,14.036944444444435,1
7647,2025-01-21 12:21:12+00:00,2025-01-21 12:21:12+00:00,103.22108108108104,0.1459459459459458,48.500270270270256,112.20351351351351,34.48594594594594,35.77378378378378,1.2683783783783789,64.00351351351355,0.001055,0.00102,0.001837,14.014324324324312,1
7661,2025-01-21 12:21:30+00:00,2025-01-21 12:21:30+00:00,189.110909090909,0.1509090909090908,48.89030303030303,202.9424242424242,34.50272727272727,37.12909090909089,2.243333333333334,62.33090909090908,0.001084,0.001165,0.002676,14.38757575757576,1
7681,2025-01-21 12:21:56+00:00,2025-01-21 12:21:56+00:00,204.16499999999996,0.1842105263157895,50.35789473684212,220.14973684210509,34.69131578947371,37.98131578947367,2.4994736842105247,62.315000000000005,0.001141,0.001234,0.002895,15.666578947368407,1
7695,2025-01-21 12:22:15+00:00,2025-01-21 12:22:15+00:00,120.33500000000004,0.153235294117647,49.890882352941176,132.6808823529411,34.59294117647059,36.57823529411765,1.5073529411764708,63.90352941176472,0.001432,0.001028,0.007134,15.297941176470587,1
7696,2025-01-21 12:22:16+00:00,2025-01-21 12:22:16+00:00,116.45605263157896,0.1410526315789473,50.06605263157896,127.21078947368416,34.60552631578948,36.72631578947368,1.4557894736842116,64.185,0.000994,0.000946,0.001787,15.460526315789473,1
7712,2025-01-21 12:22:37+00:00,2025-01-21 12:22:37+00:00,29.11588235294119,0.1079411764705882,49.37235294117646,35.36735294117645,34.73764705882355,35.5414705882353,0.2899999999999998,66.19852941176471,0.000711,0.000676,0.001055,14.634705882352913,1
7751,2025-01-21 12:23:28+00:00,2025-01-21 12:23:28+00:00,181.5436111111111,0.2022222222222222,49.20722222222221,195.53888888888895,34.70305555555558,37.341388888888886,2.133611111111112,62.88000000000001,0.00106,0.001113,0.002416,14.504166666666634,1
7763,2025-01-21 12:23:44+00:00,2025-01-21 12:23:44+00:00,218.42416666666685,0.1819444444444444,49.76972222222221,235.04027777777776,34.68194444444444,37.97194444444445,2.742777777777778,61.675833333333344,0.001159,0.001279,0.003051,15.087777777777774,1
7767,2025-01-21 12:23:49+00:00,2025-01-21 12:23:49+00:00,217.082,0.1805714285714285,50.035428571428575,233.9717142857143,34.68028571428571,38.009714285714274,2.7340000000000004,61.72371428571427,0.001175,0.001282,0.003035,15.355142857142866,1
7780,2025-01-21 12:24:06+00:00,2025-01-21 12:24:06+00:00,167.22939393939384,0.1748484848484848,50.187272727272735,181.0757575757576,34.65151515151514,37.310606060606055,1.9545454545454557,62.907272727272726,0.001057,0.001066,0.002258,15.535757575757591,1
7788,2025-01-21 12:24:17+00:00,2025-01-21 12:24:17+00:00,111.77714285714288,0.1542857142857142,49.86457142857143,123.66971428571428,34.69171428571429,36.47485714285715,1.3837142857142852,64.20800000000001,0.001053,0.000957,0.001876,15.17285714285714,1
7797,2025-01-21 12:24:28+00:00,2025-01-21 12:24:28+00:00,58.00513513513513,0.1256756756756757,49.649729729729735,66.43054054054052,34.752162162162186,35.97783783783783,0.2902702702702701,65.36297297297295,0.000855,0.000778,0.001309,14.897567567567547,1
7801,2025-01-21 12:24:34+00:00,2025-01-21 12:24:34+00:00,37.38352941176471,0.1723529411764705,49.52823529411765,45.44294117647059,34.85529411764704,35.6479411764706,0.2899999999999998,65.91088235294117,0.000755,0.000754,0.001215,14.672941176470609,1
7815,2025-01-21 12:24:52+00:00,2025-01-21 12:24:52+00:00,25.14235294117646,0.1067647058823529,48.59,30.5670588235294,34.7114705882353,35.05617647058824,0.2899999999999998,65.7964705882353,0.000711,0.000682,0.001029,13.878529411764704,1
7830,2025-01-21 12:25:12+00:00,2025-01-21 12:25:12+00:00,101.60054054054054,0.1864864864864864,48.61324324324325,112.4945945945946,34.72972972972974,35.96081081081082,1.2554054054054056,64.12243243243248,0.001028,0.000943,0.001813,13.883513513513506,1
7847,2025-01-21 12:25:34+00:00,2025-01-21 12:25:34+00:00,201.85235294117652,0.1935294117647059,49.264705882352935,217.0108823529412,34.75235294117646,37.71588235294119,2.434411764705882,62.15941176470589,0.001154,0.001236,0.002934,14.512352941176474,1
7860,2025-01-21 12:25:51+00:00,2025-01-21 12:25:51+00:00,215.7197297297297,0.1824324324324324,50.14864864864864,231.88405405405408,34.79918918918917,38.12648648648649,2.7045945945945946,61.54918918918917,0.00121,0.0013,0.003178,15.349459459459467,1
7867,2025-01-21 12:26:00+00:00,2025-01-21 12:26:00+00:00,192.3448717948717,0.1751282051282052,50.587435897435874,207.62307692307687,34.905641025641,38.02666666666666,2.316153846153848,62.72487179487181,0.001139,0.00116,0.002729,15.681794871794873,1
7895,2025-01-21 12:26:38+00:00,2025-01-21 12:26:38+00:00,27.66545454545455,0.1363636363636363,49.0318181818182,34.55757575757577,34.82575757575758,35.34242424242424,0.2899999999999998,65.73333333333335,0.000748,0.000679,0.001057,14.206060606060625,1
7933,2025-01-21 12:27:28+00:00,2025-01-21 12:27:28+00:00,179.57540540540535,0.1854054054054053,48.97216216216216,193.3308108108108,34.81837837837837,37.145945945945925,2.123783783783784,62.25405405405403,0.001028,0.001102,0.002366,14.153783783783789,1
7936,2025-01-21 12:27:32+00:00,2025-01-21 12:27:32+00:00,194.15162162162156,0.1408108108108108,49.40135135135135,209.10216216216207,34.94891891891894,37.708648648648655,2.332432432432431,62.38486486486487,0.00109,0.001152,0.002642,14.45243243243241,1
7943,2025-01-21 12:27:41+00:00,2025-01-21 12:27:41+00:00,216.04131578947369,0.1936842105263158,49.76289473684212,232.53052631578956,34.90999999999999,38.20578947368422,2.7042105263157894,61.76684210526315,0.001173,0.001293,0.003074,14.852894736842131,1
7983,2025-01-21 12:28:33+00:00,2025-01-21 12:28:33+00:00,40.9465789473684,0.1123684210526315,49.66263157894736,47.01026315789472,35.02052631578947,35.92473684210527,0.2899999999999997,65.58315789473681,0.000759,0.000699,0.001149,14.642105263157896,1
8006,2025-01-21 12:29:04+00:00,2025-01-21 12:29:04+00:00,61.48815789473685,0.1207894736842105,48.80605263157897,68.98868421052632,35.014210526315786,35.55605263157896,0.2899999999999997,64.7786842105263,0.000845,0.000805,0.001333,13.791842105263186,1
8021,2025-01-21 12:29:23+00:00,2025-01-21 12:29:23+00:00,155.83973684210534,0.1607894736842105,49.22605263157895,168.74789473684214,35.11605263157894,37.22368421052631,1.833157894736842,63.40210526315788,0.00106,0.001109,0.002304,14.110000000000014,1
8041,2025-01-21 12:29:50+00:00,2025-01-21 12:29:50+00:00,216.4729411764706,0.1788235294117647,50.00411764705884,235.38676470588223,34.98941176470588,38.16382352941178,2.7723529411764702,61.331470588235305,0.00122,0.001342,0.003255,15.014705882352963,1
8069,2025-01-21 12:30:26+00:00,2025-01-21 12:30:26+00:00,70.25628571428572,0.158,49.74142857142856,79.34171428571429,35.000857142857136,36.18371428571429,0.962857142857143,64.63457142857142,0.000886,0.000822,0.00146,14.740571428571428,1
8089,2025-01-21 12:30:54+00:00,2025-01-21 12:30:54+00:00,28.469736842105267,0.131578947368421,48.942894736842106,33.95078947368421,35.12868421052634,35.60868421052633,0.2899999999999997,65.99236842105265,0.000728,0.000715,0.001093,13.814210526315769,1
8112,2025-01-21 12:31:24+00:00,2025-01-21 12:31:24+00:00,160.6021052631579,0.1552631578947368,49.04605263157894,172.92078947368424,35.11815789473684,37.21289473684211,1.8844736842105256,63.08368421052635,0.001031,0.001054,0.002238,13.9278947368421,1
8131,2025-01-21 12:31:49+00:00,2025-01-21 12:31:49+00:00,218.13378378378383,0.1664864864864866,50.126486486486456,234.10081081081088,35.10864864864865,38.3418918918919,2.772702702702704,61.51270270270268,0.001193,0.001275,0.003073,15.017837837837805,1
8141,2025-01-21 12:32:02+00:00,2025-01-21 12:32:02+00:00,187.0244444444444,0.1622222222222221,50.45444444444443,203.24749999999997,35.112222222222215,37.97083333333335,2.279444444444446,62.211666666666666,0.001091,0.001111,0.002597,15.342222222222212,1
8149,2025-01-21 12:32:12+00:00,2025-01-21 12:32:12+00:00,141.38972222222222,0.1586111111111111,50.40250000000002,154.22361111111115,35.07499999999998,37.3213888888889,1.714444444444444,63.29305555555555,0.001028,0.001028,0.002095,15.327500000000036,1
8161,2025-01-21 12:32:28+00:00,2025-01-21 12:32:28+00:00,61.44906250000001,0.1599999999999999,49.640625,69.44281250000003,35.1003125,36.1915625,0.3212499999999998,64.96999999999998,0.000848,0.000795,0.001393,14.5403125,1
8173,2025-01-21 12:32:44+00:00,2025-01-21 12:32:44+00:00,19.601621621621632,0.1394594594594594,49.11756756756756,25.948378378378383,35.159459459459455,35.50783783783784,0.2899999999999997,66.0154054054054,0.000715,0.000692,0.00112,13.958108108108108,1
8177,2025-01-21 12:32:49+00:00,2025-01-21 12:32:49+00:00,21.45710526315789,0.1194736842105263,48.89973684210525,26.61631578947369,35.16736842105262,35.47342105263157,0.2899999999999997,65.87078947368421,0.000768,0.000712,0.0011,13.732368421052628,1
8182,2025-01-21 12:32:56+00:00,2025-01-21 12:32:56+00:00,32.94393939393939,0.1309090909090908,49.09878787878789,39.36969696969697,35.30969696969697,35.81636363636364,0.2893939393939392,65.92666666666665,0.000727,0.000684,0.001153,13.789090909090916,1
8188,2025-01-21 12:33:03+00:00,2025-01-21 12:33:03+00:00,55.6142857142857,0.1391428571428571,48.98685714285714,63.01742857142855,35.19514285714287,35.95857142857142,0.2959999999999997,64.85057142857144,0.000836,0.000762,0.001361,13.79171428571427,1
8228,2025-01-21 12:33:56+00:00,2025-01-21 12:33:56+00:00,207.92297297297296,0.1643243243243243,50.46594594594596,222.4364864864864,35.235135135135145,38.38189189189191,2.5762162162162143,61.970000000000006,0.001165,0.001226,0.002992,15.230810810810816,1
8230,2025-01-21 12:33:59+00:00,2025-01-21 12:33:59+00:00,198.58277777777775,0.1597222222222223,50.467500000000015,213.5627777777778,35.19944444444445,38.12305555555556,2.4294444444444454,61.945,0.001138,0.001191,0.002873,15.268055555555565,1
8232,2025-01-21 12:34:01+00:00,2025-01-21 12:34:01+00:00,190.87971428571424,0.1631428571428571,50.518,205.89171428571427,35.23114285714286,38.1737142857143,2.3231428571428574,62.391142857142846,0.001133,0.001149,0.002727,15.28685714285713,1
8259,2025-01-21 12:34:37+00:00,2025-01-21 12:34:37+00:00,30.81472222222222,0.1149999999999999,49.4538888888889,37.504444444444445,35.29083333333332,35.91888888888887,0.2899999999999998,65.79194444444441,0.000719,0.000664,0.00119,14.16305555555558,1
8267,2025-01-21 12:34:48+00:00,2025-01-21 12:34:48+00:00,20.11914285714285,0.1631428571428572,49.45942857142856,27.17657142857144,35.43542857142859,35.97371428571429,0.2899999999999998,66.34628571428571,0.0007,0.000692,0.001055,14.023999999999972,1
8278,2025-01-21 12:35:03+00:00,2025-01-21 12:35:03+00:00,55.39263157894736,0.1389473684210526,49.30184210526316,63.07921052631576,35.407631578947374,36.278157894736864,0.2899999999999997,65.57499999999997,0.000847,0.000779,0.001296,13.89421052631578,1
8324,2025-01-21 12:36:04+00:00,2025-01-21 12:36:04+00:00,179.6680000000001,0.1571428571428571,50.99971428571431,194.99514285714284,35.430000000000014,38.44514285714287,2.1631428571428564,62.96800000000002,0.00108,0.00111,0.002513,15.56971428571429,1
8374,2025-01-21 12:37:10+00:00,2025-01-21 12:37:10+00:00,86.03685714285719,0.156,49.38971428571429,95.1934285714286,35.54171428571428,36.713142857142856,1.1088571428571428,64.89742857142856,0.000997,0.000912,0.0017,13.848000000000006,1
8379,2025-01-21 12:37:16+00:00,2025-01-21 12:37:16+00:00,116.37361111111116,0.1591666666666667,49.36611111111111,127.1763888888889,35.49472222222223,37.10722222222222,1.4349999999999998,63.96583333333332,0.001079,0.001021,0.002035,13.87138888888888,1
8380,2025-01-21 12:37:18+00:00,2025-01-21 12:37:18+00:00,127.88352941176473,0.1555882352941175,49.14205882352941,139.28882352941176,35.430000000000014,37.035,1.5447058823529412,63.60676470588233,0.001863,0.001044,0.003507,13.712058823529397,1
8448,2025-01-21 12:38:48+00:00,2025-01-21 12:38:48+00:00,19.80605263157895,0.1171052631578947,49.174999999999976,25.21578947368421,35.51236842105264,35.82684210526315,0.2899999999999997,65.80052631578945,0.000688,0.000706,0.001097,13.662631578947334,1
8469,2025-01-21 12:39:16+00:00,2025-01-21 12:39:16+00:00,116.44243243243244,0.1616216216216216,49.2208108108108,126.84162162162164,35.537027027027015,36.99837837837836,1.4194594594594596,63.947027027027005,0.001105,0.001018,0.003819,13.683783783783788,1
8485,2025-01-21 12:39:37+00:00,2025-01-21 12:39:37+00:00,206.44848484848484,0.1948484848484847,50.17212121212123,222.7778787878788,35.6430303030303,38.69545454545453,2.572424242424241,62.146666666666654,0.001134,0.00123,0.002819,14.529090909090932,1
8492,2025-01-21 12:39:46+00:00,2025-01-21 12:39:46+00:00,218.23228571428567,0.1777142857142858,50.27399999999999,235.146,35.55828571428572,38.766571428571424,2.8091428571428567,61.599714285714256,0.001168,0.001336,0.003107,14.71571428571427,1
8514,2025-01-21 12:40:15+00:00,2025-01-21 12:40:15+00:00,128.6816666666667,0.1466666666666666,50.48055555555553,140.6588888888888,35.55638888888887,37.58972222222223,1.5825000000000002,63.50055555555556,0.001031,0.00102,0.002026,14.924166666666665,1
8539,2025-01-21 12:40:49+00:00,2025-01-21 12:40:49+00:00,20.374285714285712,0.1048571428571428,49.53714285714288,25.13028571428572,35.70942857142859,36.10914285714285,0.2899999999999998,66.10371428571429,0.00072,0.000657,0.001077,13.827714285714286,1
8552,2025-01-21 12:41:06+00:00,2025-01-21 12:41:06+00:00,65.26918918918919,0.1416216216216215,49.14837837837839,74.39891891891892,35.61135135135138,36.35,0.6767567567567566,64.74351351351349,0.000935,0.000857,0.00143,13.537027027027008,1
8555,2025-01-21 12:41:10+00:00,2025-01-21 12:41:10+00:00,84.56575000000002,0.1709999999999999,49.24300000000001,94.01099999999995,35.673750000000005,36.588,1.1037499999999998,64.38674999999996,0.001019,0.000921,0.001683,13.569250000000004,1
8580,2025-01-21 12:41:43+00:00,2025-01-21 12:41:43+00:00,218.3241025641026,0.172051282051282,50.141794871794886,233.15358974358963,35.65410256410257,38.782051282051306,2.7784615384615403,61.6348717948718,0.00115,0.001318,0.003069,14.487692307692312,1
8618,2025-01-21 12:42:32+00:00,2025-01-21 12:42:32+00:00,48.10789473684212,0.1378947368421052,49.91078947368421,56.753947368421045,35.657894736842124,36.46526315789474,0.2899999999999997,65.14473684210523,0.0008,0.000729,0.001271,14.252894736842087,1
8629,2025-01-21 12:42:47+00:00,2025-01-21 12:42:47+00:00,19.55941176470588,0.1064705882352941,49.275,25.48558823529411,35.67264705882354,35.97411764705884,0.2899999999999998,65.67088235294118,0.000705,0.000669,0.001103,13.602352941176456,1
8631,2025-01-21 12:42:49+00:00,2025-01-21 12:42:49+00:00,20.3818918918919,0.1213513513513513,49.39000000000001,26.21891891891894,35.71675675675677,36.11972972972975,0.2899999999999997,66.01405405405404,0.000703,0.000745,0.00109,13.673243243243236,1
8642,2025-01-21 12:43:04+00:00,2025-01-21 12:43:04+00:00,57.04368421052632,0.1352631578947368,49.25842105263158,64.58552631578945,35.75263157894737,36.43421052631578,0.2899999999999997,65.13263157894734,0.000816,0.000761,0.001333,13.50578947368421,1
8663,2025-01-21 12:43:31+00:00,2025-01-21 12:43:31+00:00,186.4208108108108,0.1591891891891892,50.16297297297298,200.31540540540533,35.857567567567564,38.66756756756756,2.272702702702704,62.72540540540543,0.001106,0.001222,0.002802,14.305405405405416,1
8664,2025-01-21 12:43:33+00:00,2025-01-21 12:43:33+00:00,193.1911111111112,0.1936111111111111,49.69555555555556,208.27222222222224,35.6761111111111,38.359166666666695,2.376111111111112,61.91444444444444,0.001128,0.001198,0.002872,14.01944444444446,1
8699,2025-01-21 12:44:19+00:00,2025-01-21 12:44:19+00:00,109.86027027027026,0.12,50.66054054054057,119.29594594594592,35.78054054054052,37.58594594594593,1.3918918918918914,64.00702702702706,0.001079,0.000987,0.002029,14.880000000000052,1
8713,2025-01-21 12:44:37+00:00,2025-01-21 12:44:37+00:00,32.857058823529414,0.1241176470588235,50.29911764705884,39.036176470588245,35.90411764705883,36.85529411764706,0.2899999999999998,66.16647058823528,0.000736,0.000675,0.001234,14.395000000000003,1
8721,2025-01-21 12:44:47+00:00,2025-01-21 12:44:47+00:00,19.26605263157894,0.1255263157894736,49.89473684210526,24.185789473684203,35.96394736842107,36.58868421052632,0.2899999999999997,66.42684210526313,0.000692,0.000673,0.001071,13.930789473684191,1
8759,2025-01-21 12:45:38+00:00,2025-01-21 12:45:38+00:00,208.73916666666665,0.1725,50.4536111111111,223.7047222222223,35.989166666666684,39.04555555555556,2.616666666666668,61.96333333333335,0.001052,0.001214,0.002694,14.464444444444418,1
8773,2025-01-21 12:45:57+00:00,2025-01-21 12:45:57+00:00,206.87675675675675,0.1781081081081081,50.94324324324327,222.891891891892,35.88540540540542,39.02162162162163,2.608108108108109,61.98783783783784,0.001046,0.001197,0.002651,15.057837837837852,1
8778,2025-01-21 12:46:03+00:00,2025-01-21 12:46:03+00:00,187.73205882352943,0.1420588235294118,51.23235294117646,201.66264705882352,35.98176470588235,38.97999999999999,2.2917647058823527,62.72911764705881,0.001027,0.001091,0.002433,15.25058823529411,1
8779,2025-01-21 12:46:05+00:00,2025-01-21 12:46:05+00:00,179.00400000000005,0.1745714285714285,51.010571428571424,193.376857142857,35.86028571428572,38.584285714285706,2.1780000000000004,62.31742857142855,0.001012,0.001111,0.002379,15.1502857142857,1
8782,2025-01-21 12:46:09+00:00,2025-01-21 12:46:09+00:00,161.1613888888889,0.1802777777777776,51.29,175.9225000000001,35.96916666666668,38.66055555555555,1.9391666666666671,63.142500000000005,0.001005,0.00108,0.002199,15.32083333333332,1
8799,2025-01-21 12:46:31+00:00,2025-01-21 12:46:31+00:00,54.096875,0.111875,50.21968749999999,61.02125,35.91375,36.82749999999998,0.2899999999999998,65.17968750000001,0.000835,0.000765,0.001341,14.305937499999985,1
8814,2025-01-21 12:46:51+00:00,2025-01-21 12:46:51+00:00,21.948437500000004,0.1328125,49.32062499999999,26.02937500000001,35.86406249999999,36.16500000000001,0.2884374999999999,65.7009375,0.000706,0.000694,0.001094,13.456562500000004,1
8821,2025-01-21 12:47:00+00:00,2025-01-21 12:47:00+00:00,40.83111111111111,0.1438888888888889,49.54194444444445,47.0302777777778,36.01305555555555,36.52611111111109,0.2899999999999998,65.50777777777778,0.000762,0.000696,0.001212,13.528888888888892,1
8841,2025-01-21 12:47:26+00:00,2025-01-21 12:47:26+00:00,164.00647058823526,0.1520588235294118,49.72264705882355,175.9255882352942,35.927058823529414,38.08705882352943,1.9705882352941169,62.54823529411767,0.001035,0.001115,0.002345,13.795588235294131,1
8922,2025-01-21 12:49:12+00:00,2025-01-21 12:49:12+00:00,91.75000000000004,0.1507692307692307,49.80666666666665,101.24102564102564,36.08794871794871,37.37615384615386,1.191794871794872,64.34769230769226,0.001051,0.000953,0.001834,13.718717948717943,1
8926,2025-01-21 12:49:17+00:00,2025-01-21 12:49:17+00:00,117.85722222222226,0.1344444444444444,49.76611111111111,128.16194444444446,36.12444444444442,37.67333333333334,1.4649999999999996,63.88472222222222,0.00106,0.001016,0.002022,13.641666666666689,1
8929,2025-01-21 12:49:21+00:00,2025-01-21 12:49:21+00:00,137.97783783783788,0.1624324324324324,50.02837837837838,149.4735135135135,36.16324324324325,38.24324324324324,1.6748648648648656,63.776756756756754,0.001035,0.001053,0.002103,13.865135135135128,1
8930,2025-01-21 12:49:23+00:00,2025-01-21 12:49:23+00:00,148.5947058823529,0.16,49.52705882352941,160.13294117647064,35.97088235294118,37.7879411764706,1.7847058823529407,62.844117647058816,0.001024,0.001069,0.002199,13.556176470588229,1
8945,2025-01-21 12:49:42+00:00,2025-01-21 12:49:42+00:00,215.204054054054,0.1951351351351351,50.635945945945934,231.2232432432433,36.13108108108106,39.340270270270274,2.753243243243244,61.79837837837839,0.001152,0.001329,0.00307,14.504864864864878,1
8960,2025-01-21 12:50:02+00:00,2025-01-21 12:50:02+00:00,191.26631578947368,0.1573684210526316,51.733157894736834,206.85,36.19842105263161,39.43605263157897,2.3760526315789474,62.65368421052632,0.001124,0.001183,0.00277,15.534736842105223,1
8973,2025-01-21 12:50:19+00:00,2025-01-21 12:50:19+00:00,112.37205882352931,0.1358823529411765,50.71882352941179,122.84323529411768,36.0564705882353,37.67852941176472,1.4291176470588234,63.716470588235325,0.001059,0.000985,0.002051,14.662352941176492,1
8977,2025-01-21 12:50:24+00:00,2025-01-21 12:50:24+00:00,86.53428571428576,0.1479999999999999,50.5425714285714,94.9445714285714,36.03257142857141,37.37171428571428,1.1462857142857137,64.31799999999998,0.000958,0.000917,0.001752,14.509999999999993,1
8981,2025-01-21 12:50:29+00:00,2025-01-21 12:50:29+00:00,64.11270270270273,0.118108108108108,50.40918918918919,70.76972972972973,36.04108108108107,37.10108108108109,0.5624324324324325,64.78378378378379,0.000854,0.000802,0.001491,14.368108108108125,1
8994,2025-01-21 12:50:46+00:00,2025-01-21 12:50:46+00:00,20.00558823529411,0.1129411764705882,49.80588235294115,24.65382352941177,36.13764705882354,36.49588235294117,0.2885294117647057,66.05852941176471,0.000708,0.000693,0.001071,13.668235294117608,1
9010,2025-01-21 12:51:07+00:00,2025-01-21 12:51:07+00:00,66.80555555555559,0.1102777777777778,49.62055555555555,74.53111111111109,36.15583333333333,37.08166666666666,0.8102777777777775,65.01611111111109,0.000888,0.000851,0.001491,13.464722222222214,1
9012,2025-01-21 12:51:10+00:00,2025-01-21 12:51:10+00:00,80.13114285714288,0.1602857142857142,49.426285714285726,90.28628571428573,36.08514285714286,36.99285714285714,1.0751428571428563,64.36514285714284,0.00096,0.000893,0.001679,13.341142857142865,1
9028,2025-01-21 12:51:31+00:00,2025-01-21 12:51:31+00:00,184.17428571428567,0.1711428571428571,49.95885714285713,198.11342857142856,36.12542857142855,38.637714285714274,2.2551428571428573,62.33428571428573,0.001083,0.00119,0.002727,13.833428571428575,1
9032,2025-01-21 12:51:36+00:00,2025-01-21 12:51:36+00:00,202.41411764705887,0.1914705882352941,50.14823529411765,217.53117647058824,36.11264705882355,38.92764705882353,2.5258823529411765,61.98941176470589,0.001189,0.001257,0.003006,14.0355882352941,1
9047,2025-01-21 12:51:56+00:00,2025-01-21 12:51:56+00:00,209.4433333333332,0.1628205128205128,51.063333333333325,225.50948717948728,36.16128205128206,39.3130769230769,2.6953846153846164,61.627692307692286,0.001197,0.001305,0.003187,14.902051282051268,1
9057,2025-01-21 12:52:09+00:00,2025-01-21 12:52:09+00:00,162.9464864864865,0.1267567567567567,51.65945945945945,175.6443243243243,36.27702702702703,39.05945945945947,1.9645945945945948,63.32270270270269,0.001074,0.001125,0.00245,15.382432432432424,1
9071,2025-01-21 12:52:27+00:00,2025-01-21 12:52:27+00:00,72.90249999999997,0.1302777777777777,50.72666666666668,81.56583333333334,36.176388888888894,37.43861111111111,1.0108333333333333,64.86194444444446,0.000907,0.000832,0.001569,14.550277777777788,1
9080,2025-01-21 12:52:39+00:00,2025-01-21 12:52:39+00:00,29.282499999999988,0.1044444444444443,50.551388888888894,35.956388888888895,36.34444444444445,37.06,0.2899999999999998,66.22861111111114,0.000717,0.000685,0.001178,14.206944444444446,1
9113,2025-01-21 12:53:24+00:00,2025-01-21 12:53:24+00:00,152.03485714285716,0.168,49.862857142857145,164.93685714285718,36.29428571428569,38.21828571428572,1.835142857142858,63.135714285714286,0.001034,0.00111,0.002359,13.568571428571452,1
9124,2025-01-21 12:53:38+00:00,2025-01-21 12:53:38+00:00,207.34764705882355,0.1855882352941177,50.290588235294095,221.8085294117648,36.20470588235295,39.07941176470588,2.616176470588236,61.81852941176473,0.001189,0.001329,0.003215,14.085882352941148,1
9168,2025-01-21 12:54:36+00:00,2025-01-21 12:54:36+00:00,38.315714285714286,0.1268571428571429,50.61685714285714,45.68085714285713,36.41057142857144,37.304857142857145,0.2899999999999998,65.91057142857142,0.000743,0.000698,0.001252,14.206285714285698,1
9191,2025-01-21 12:55:06+00:00,2025-01-21 12:55:06+00:00,61.37555555555556,0.1511111111111111,49.936388888888914,68.40055555555554,36.39888888888889,37.33194444444443,0.3663888888888889,65.3119444444444,0.000825,0.00078,0.001416,13.537500000000025,1
9193,2025-01-21 12:55:09+00:00,2025-01-21 12:55:09+00:00,75.42111111111109,0.1644444444444444,49.73472222222222,84.23500000000003,36.31083333333332,37.201111111111096,1.0144444444444445,64.68694444444445,0.000892,0.000826,0.001542,13.423888888888897,1
9216,2025-01-21 12:55:40+00:00,2025-01-21 12:55:40+00:00,211.05833333333337,0.1824999999999999,50.44944444444442,225.30527777777792,36.36861111111109,39.31583333333332,2.675833333333333,61.75694444444442,0.001088,0.001244,0.002962,14.08083333333333,1
9223,2025-01-21 12:55:49+00:00,2025-01-21 12:55:49+00:00,220.09111111111108,0.1819444444444445,50.8075,236.17111111111112,36.3136111111111,39.454444444444455,2.876944444444445,61.38111111111113,0.001126,0.001314,0.003152,14.493888888888897,1
9255,2025-01-21 12:56:31+00:00,2025-01-21 12:56:31+00:00,56.58236842105264,0.1428947368421052,50.677894736842106,65.67368421052629,36.4142105263158,37.40394736842104,0.2918421052631576,65.245,0.000814,0.000748,0.001431,14.263684210526309,1
9258,2025-01-21 12:56:35+00:00,2025-01-21 12:56:35+00:00,41.94351351351349,0.112972972972973,50.37432432432432,48.56756756756758,36.39324324324325,37.1216216216216,0.2891891891891889,65.32324324324323,0.000761,0.00072,0.001285,13.981081081081072,1
9291,2025-01-21 12:57:18+00:00,2025-01-21 12:57:18+00:00,119.46432432432432,0.1527027027027027,50.15972972972972,129.74837837837833,36.518378378378365,38.132162162162174,1.495405405405406,64.0683783783784,0.001044,0.001017,0.002099,13.641351351351354,1
9300,2025-01-21 12:57:30+00:00,2025-01-21 12:57:30+00:00,179.29250000000002,0.1863888888888888,50.18305555555555,193.0119444444445,36.42444444444444,38.76833333333335,2.186944444444445,62.348611111111126,0.001094,0.001144,0.002769,13.758611111111108,1
9301,2025-01-21 12:57:32+00:00,2025-01-21 12:57:32+00:00,186.4160526315788,0.1468421052631579,50.24210526315789,199.64657894736848,36.42394736842106,38.98078947368421,2.2981578947368404,62.34578947368423,0.001114,0.001153,0.002856,13.818157894736828,1
9305,2025-01-21 12:57:37+00:00,2025-01-21 12:57:37+00:00,203.0680555555556,0.1688888888888889,50.410833333333294,217.86166666666665,36.44527777777779,39.29388888888887,2.5544444444444427,61.87305555555557,0.001163,0.001249,0.003162,13.965555555555504,1
9313,2025-01-21 12:57:47+00:00,2025-01-21 12:57:47+00:00,218.75470588235288,0.1844117647058824,50.87823529411765,235.44529411764708,36.47441176470589,39.5991176470588,2.8732352941176478,61.47617647058822,0.001215,0.001349,0.003487,14.403823529411769,1
9318,2025-01-21 12:57:54+00:00,2025-01-21 12:57:54+00:00,214.9361764705882,0.1541176470588236,51.65970588235295,230.06,36.59941176470589,40.20176470588234,2.7902941176470595,62.035294117647055,0.001204,0.001301,0.003344,15.060294117647068,1
9335,2025-01-21 12:58:16+00:00,2025-01-21 12:58:16+00:00,130.0878787878788,0.1454545454545455,51.226666666666695,143.2681818181818,36.42121212121213,38.41212121212121,1.6345454545454543,63.40636363636363,0.001033,0.000997,0.002209,14.805454545454566,1
9348,2025-01-21 12:58:33+00:00,2025-01-21 12:58:33+00:00,49.883076923076906,0.1515384615384614,50.679743589743616,57.62153846153844,36.51153846153845,37.37128205128204,0.2899999999999997,65.36871794871793,0.000786,0.000765,0.001353,14.168205128205166,1
9363,2025-01-21 12:58:53+00:00,2025-01-21 12:58:53+00:00,22.82166666666668,0.1072222222222222,49.96611111111113,28.232222222222237,36.50083333333333,36.8238888888889,0.2894444444444442,65.8825,0.000714,0.00071,0.001118,13.4652777777778,1
9386,2025-01-21 12:59:23+00:00,2025-01-21 12:59:23+00:00,144.0603030303031,0.1575757575757576,49.96121212121213,154.6784848484849,36.5290909090909,38.37727272727275,1.7542424242424246,63.33575757575761,0.00105,0.001058,0.002335,13.432121212121231,1
9387,2025-01-21 12:59:24+00:00,2025-01-21 12:59:24+00:00,148.13628571428572,0.1391428571428571,50.10742857142856,159.8642857142857,36.55142857142855,38.46228571428571,1.8097142857142865,63.19942857142858,0.001063,0.00109,0.002432,13.556000000000012,1
9425,2025-01-21 13:00:14+00:00,2025-01-21 13:00:14+00:00,141.64857142857147,0.1565714285714285,51.47314285714286,154.96285714285716,36.541428571428575,38.79085714285713,1.7562857142857144,63.461142857142825,0.001049,0.001041,0.002337,14.931714285714284,1
9434,2025-01-21 13:00:26+00:00,2025-01-21 13:00:26+00:00,79.51352941176474,0.1105882352941176,51.26970588235295,89.44588235294118,36.63088235294121,38.11529411764705,1.0985294117647064,64.93970588235295,0.000923,0.000893,0.001741,14.638823529411743,1
9436,2025-01-21 13:00:28+00:00,2025-01-21 13:00:28+00:00,71.2197222222222,0.1316666666666667,50.95000000000001,80.68611111111112,36.56694444444442,37.72861111111112,1.005,64.64777777777778,0.000865,0.000816,0.001548,14.383055555555586,1
9437,2025-01-21 13:00:30+00:00,2025-01-21 13:00:30+00:00,62.14805555555552,0.1063888888888888,50.92777777777782,69.83916666666666,36.5786111111111,37.70472222222222,0.6475,65.14944444444444,0.00083,0.000767,0.001488,14.34916666666672,1
9442,2025-01-21 13:00:36+00:00,2025-01-21 13:00:36+00:00,40.16171428571428,0.086,50.80828571428569,45.28057142857143,36.637714285714296,37.51114285714285,0.2899999999999998,65.82828571428573,0.000729,0.000692,0.001242,14.170571428571392,1
9456,2025-01-21 13:00:55+00:00,2025-01-21 13:00:55+00:00,25.38617647058824,0.1170588235294117,50.012647058823525,30.902058823529416,36.66794117647059,36.94882352941176,0.2899999999999998,65.87735294117648,0.000678,0.000683,0.001116,13.344705882352931,1
9458,2025-01-21 13:00:57+00:00,2025-01-21 13:00:57+00:00,29.49102564102565,0.1043589743589743,50.32384615384617,35.25051282051282,36.74076923076924,37.32358974358978,0.2899999999999997,66.03974358974355,0.000711,0.000702,0.001183,13.58307692307693,1
9464,2025-01-21 13:01:05+00:00,2025-01-21 13:01:05+00:00,55.12810810810809,0.145945945945946,49.92351351351351,61.81189189189187,36.657297297297305,37.28081081081082,0.2899999999999997,65.15729729729729,0.000793,0.000792,0.001407,13.266216216216208,1
9465,2025-01-21 13:01:06+00:00,2025-01-21 13:01:06+00:00,59.167941176470585,0.1520588235294118,49.94088235294117,67.32382352941178,36.66558823529412,37.35705882352941,0.4429411764705884,65.08352941176472,0.000821,0.000799,0.001445,13.27529411764705,1
9473,2025-01-21 13:01:17+00:00,2025-01-21 13:01:17+00:00,112.2181081081081,0.1727027027027027,50.33405405405405,121.85702702702696,36.76918918918917,38.3135135135135,1.4210810810810817,64.2843243243243,0.001102,0.001001,0.00216,13.56486486486488,1
9488,2025-01-21 13:01:38+00:00,2025-01-21 13:01:38+00:00,204.7161111111111,0.1477777777777778,50.79333333333332,219.9111111111111,36.77055555555555,39.65888888888893,2.609166666666666,62.02611111111113,0.001117,0.001285,0.00311,14.022777777777767,1
9501,2025-01-21 13:01:55+00:00,2025-01-21 13:01:55+00:00,213.005,0.1907894736842106,51.4063157894737,228.9876315789473,36.69394736842107,39.843157894736855,2.774473684210525,61.49368421052632,0.001145,0.00127,0.003224,14.71236842105263,1
9510,2025-01-21 13:02:07+00:00,2025-01-21 13:02:07+00:00,175.7100000000001,0.1897368421052632,51.69289473684213,190.3818421052632,36.72894736842105,39.54210526315788,2.167368421052632,62.75815789473685,0.00108,0.00112,0.00271,14.963947368421074,1
9521,2025-01-21 13:02:21+00:00,2025-01-21 13:02:21+00:00,107.3422222222222,0.1511111111111111,51.4227777777778,117.66611111111112,36.74194444444444,38.461388888888905,1.3799999999999997,64.1175,0.001027,0.000946,0.002055,14.68083333333336,1
9523,2025-01-21 13:02:24+00:00,2025-01-21 13:02:24+00:00,91.44588235294114,0.1241176470588234,51.4464705882353,100.9682352941177,36.81235294117647,38.3794117647059,1.2135294117647055,64.48147058823531,0.000976,0.000892,0.001906,14.63411764705883,1
9551,2025-01-21 13:03:01+00:00,2025-01-21 13:03:01+00:00,40.06416666666668,0.1225,50.001111111111136,45.74666666666667,36.72444444444446,37.14888888888889,0.2930555555555553,65.40888888888885,0.000734,0.000715,0.001244,13.276666666666678,1
9555,2025-01-21 13:03:06+00:00,2025-01-21 13:03:06+00:00,58.972432432432406,0.125135135135135,49.90351351351352,65.63864864864863,36.75675675675674,37.35567567567568,0.3375675675675675,64.9524324324324,0.00081,0.000771,0.001434,13.146756756756773,1
9597,2025-01-21 13:04:01+00:00,2025-01-21 13:04:01+00:00,199.3069444444444,0.16,51.75166666666666,213.9902777777778,36.81499999999999,39.679444444444464,2.529444444444444,61.8813888888889,0.001155,0.001218,0.003188,14.936666666666667,1
9606,2025-01-21 13:04:13+00:00,2025-01-21 13:04:13+00:00,149.02485714285717,0.1408571428571428,51.69885714285714,161.83,36.80885714285712,39.17428571428572,1.8291428571428576,63.344571428571456,0.001051,0.001045,0.002478,14.890000000000027,1
9636,2025-01-21 13:04:52+00:00,2025-01-21 13:04:52+00:00,21.140540540540535,0.1013513513513513,50.08918918918921,26.71972972972973,36.77756756756755,36.99297297297296,0.2835135135135134,65.65675675675676,0.000697,0.000731,0.001161,13.31162162162166,1
9643,2025-01-21 13:05:01+00:00,2025-01-21 13:05:01+00:00,39.9781081081081,0.1254054054054054,50.35378378378378,45.73351351351352,36.91810810810812,37.46756756756757,0.2899999999999997,65.69270270270269,0.000751,0.00071,0.00124,13.435675675675668,1
9661,2025-01-21 13:05:26+00:00,2025-01-21 13:05:26+00:00,156.33216216216215,0.1810810810810811,50.85513513513512,169.1843243243243,37.01108108108108,39.38027027027026,1.91,63.40000000000002,0.000999,0.00105,0.002338,13.84405405405404,1
9667,2025-01-21 13:05:34+00:00,2025-01-21 13:05:34+00:00,190.4245714285713,0.1637142857142857,50.51542857142855,204.59371428571427,36.88685714285714,39.40399999999999,2.381714285714287,62.15714285714286,0.0011,0.001175,0.002911,13.628571428571412,1
9670,2025-01-21 13:05:38+00:00,2025-01-21 13:05:38+00:00,204.28857142857143,0.1531428571428571,50.57571428571429,218.4365714285713,36.83000000000002,39.59771428571428,2.5977142857142854,61.57057142857145,0.001131,0.001226,0.0031,13.745714285714264,1
9699,2025-01-21 13:06:16+00:00,2025-01-21 13:06:16+00:00,134.43394736842103,0.1444736842105262,51.908684210526296,146.21842105263158,36.9828947368421,39.39342105263157,1.6797368421052632,63.92157894736843,0.001041,0.001041,0.002231,14.925789473684198,1
9707,2025-01-21 13:06:26+00:00,2025-01-21 13:06:26+00:00,82.71914285714283,0.1565714285714285,51.47514285714286,93.11628571428574,36.928,38.503142857142855,1.1508571428571424,64.73885714285713,0.000936,0.00087,0.001831,14.547142857142866,1
9711,2025-01-21 13:06:32+00:00,2025-01-21 13:06:32+00:00,56.18636363636366,0.1409090909090909,51.48696969696971,63.602727272727286,37.02484848484848,38.1260606060606,0.2899999999999998,65.54878787878785,0.000821,0.000768,0.001441,14.462121212121232,1
9726,2025-01-21 13:06:51+00:00,2025-01-21 13:06:51+00:00,20.78882352941176,0.1070588235294118,50.23676470588233,24.92352941176469,36.957058823529415,37.22441176470587,0.2847058823529411,66.07235294117645,0.000717,0.000691,0.001148,13.279705882352914,1
9729,2025-01-21 13:06:55+00:00,2025-01-21 13:06:55+00:00,25.195142857142848,0.1142857142857142,50.241714285714295,30.35342857142858,36.91942857142857,37.22114285714285,0.2897142857142855,65.80885714285714,0.000654,0.000671,0.001126,13.322285714285726,1
9744,2025-01-21 13:07:15+00:00,2025-01-21 13:07:15+00:00,99.50076923076924,0.1371794871794872,50.19358974358976,108.49256410256412,36.942564102564106,38.08076923076924,1.2982051282051286,64.15410256410259,0.000991,0.00093,0.001922,13.251025641025649,1
9760,2025-01-21 13:07:36+00:00,2025-01-21 13:07:36+00:00,198.639696969697,0.1621212121212121,50.73181818181818,210.99878787878785,36.98515151515152,39.66121212121213,2.496060606060607,61.97787878787878,0.001129,0.001202,0.002955,13.746666666666664,1
9762,2025-01-21 13:07:38+00:00,2025-01-21 13:07:38+00:00,203.15621621621625,0.1778378378378378,51.14783783783784,217.38405405405396,37.122972972972974,40.11297297297299,2.5999999999999988,62.25027027027025,0.001119,0.001231,0.003045,14.02486486486486,1
9782,2025-01-21 13:08:05+00:00,2025-01-21 13:08:05+00:00,186.96499999999995,0.171764705882353,51.64705882352944,201.31441176470585,36.97235294117648,39.59617647058823,2.3323529411764694,62.07,0.001112,0.001144,0.002887,14.674705882352969,1
9792,2025-01-21 13:08:18+00:00,2025-01-21 13:08:18+00:00,124.41611111111116,0.1186111111111111,52.04277777777778,136.33250000000004,37.08666666666665,39.33916666666667,1.583055555555555,64.07583333333335,0.000991,0.000994,0.002176,14.956111111111127,1
9800,2025-01-21 13:08:28+00:00,2025-01-21 13:08:28+00:00,73.46777777777775,0.1369444444444444,51.516944444444434,82.63305555555557,37.08388888888889,38.3775,1.0325,65.07277777777776,0.000893,0.000812,0.001632,14.43305555555554,1
9810,2025-01-21 13:08:41+00:00,2025-01-21 13:08:41+00:00,28.203428571428574,0.1185714285714286,50.522285714285736,33.765142857142855,36.97057142857143,37.47571428571428,0.2899999999999998,65.65285714285713,0.000716,0.000657,0.0012,13.551714285714304,1
9828,2025-01-21 13:09:06+00:00,2025-01-21 13:09:06+00:00,57.09937499999997,0.125,50.16343750000003,63.63343749999997,36.979062500000005,37.63437499999999,0.2899999999999998,64.8065625,0.000783,0.000789,0.001443,13.184375000000024,1
9836,2025-01-21 13:09:17+00:00,2025-01-21 13:09:17+00:00,108.42783783783784,0.1535135135135134,50.306756756756734,117.46324324324328,37.04945945945944,38.29405405405406,1.3940540540540536,63.95675675675676,0.00105,0.00099,0.00211,13.2572972972973,1
9863,2025-01-21 13:09:52+00:00,2025-01-21 13:09:52+00:00,218.6658823529412,0.1691176470588234,51.36117647058824,234.10970588235296,37.04764705882352,40.17764705882352,2.89970588235294,61.34735294117645,0.001225,0.001382,0.003566,14.31352941176472,1
9866,2025-01-21 13:09:56+00:00,2025-01-21 13:09:56+00:00,213.51257142857156,0.1611428571428571,51.860000000000014,227.472,37.134571428571405,40.169142857142845,2.795142857142858,61.55885714285714,0.001216,0.00133,0.00345,14.725428571428608,1
9871,2025-01-21 13:10:03+00:00,2025-01-21 13:10:03+00:00,194.87948717948703,0.1466666666666666,51.92692307692308,209.3433333333333,37.10461538461536,40.01871794871794,2.4725641025641028,62.17384615384616,0.001204,0.001222,0.003156,14.822307692307715,1
9881,2025-01-21 13:10:16+00:00,2025-01-21 13:10:16+00:00,135.45428571428567,0.1294285714285714,52.05257142857145,148.01685714285713,37.17514285714287,39.39428571428571,1.7054285714285722,63.69628571428572,0.001031,0.001032,0.002343,14.877428571428574,1
9886,2025-01-21 13:10:22+00:00,2025-01-21 13:10:22+00:00,103.88675675675672,0.1348648648648648,51.600270270270286,115.32405405405407,37.10648648648646,38.66756756756757,1.3791891891891896,63.95918918918918,0.001086,0.000936,0.002084,14.493783783783826,1
9909,2025-01-21 13:10:52+00:00,2025-01-21 13:10:52+00:00,21.06351351351351,0.1267567567567567,50.50675675675676,27.10108108108106,37.1654054054054,37.407297297297305,0.2889189189189187,65.84837837837836,0.000678,0.000724,0.001132,13.341351351351356,1
9918,2025-01-21 13:11:04+00:00,2025-01-21 13:11:04+00:00,49.11333333333332,0.1245454545454545,50.2669696969697,54.52272727272727,37.13939393939394,37.64151515151514,0.2887878787878786,65.28545454545454,0.000787,0.000746,0.001382,13.127575757575762,1
9919,2025-01-21 13:11:05+00:00,2025-01-21 13:11:05+00:00,51.92324324324326,0.1181081081081081,50.395135135135135,58.07351351351352,37.16054054054055,37.7554054054054,0.2899999999999997,65.29027027027027,0.000801,0.000801,0.001408,13.23459459459459,1
9946,2025-01-21 13:11:41+00:00,2025-01-21 13:11:41+00:00,210.61121212121216,0.1821212121212121,51.419090909090905,225.76090909090908,37.19939393939394,40.469393939393946,2.740303030303029,61.99939393939395,0.001194,0.001314,0.003356,14.219696969696962,1
9953,2025-01-21 13:11:50+00:00,2025-01-21 13:11:50+00:00,218.81611111111096,0.1788888888888888,51.51250000000001,235.52027777777775,37.176388888888894,40.359444444444414,2.9280555555555567,61.33194444444447,0.001244,0.001403,0.003575,14.336111111111116,1
9955,2025-01-21 13:11:53+00:00,2025-01-21 13:11:53+00:00,217.1214705882354,0.1561764705882352,51.74647058823528,232.8005882352941,37.17147058823531,40.38676470588234,2.887647058823528,61.31088235294116,0.00123,0.001374,0.003568,14.574999999999967,1
9971,2025-01-21 13:12:14+00:00,2025-01-21 13:12:14+00:00,146.9719444444445,0.1586111111111111,51.86472222222224,159.7783333333333,37.140000000000015,39.4077777777778,1.8258333333333336,63.06194444444441,0.001071,0.001063,0.002485,14.72472222222222,1
9979,2025-01-21 13:12:24+00:00,2025-01-21 13:12:24+00:00,95.85852941176472,0.1311764705882352,51.58147058823528,104.3108823529412,37.17411764705884,38.627941176470586,1.2776470588235294,64.14617647058824,0.001015,0.000927,0.001969,14.407352941176448,1
9983,2025-01-21 13:12:29+00:00,2025-01-21 13:12:29+00:00,71.84555555555555,0.1205555555555555,51.26861111111111,80.06666666666669,37.18416666666669,38.20611111111112,1.0080555555555557,64.55722222222221,0.000871,0.000817,0.001616,14.08444444444443,1
10009,2025-01-21 13:13:03+00:00,2025-01-21 13:13:03+00:00,44.03314285714285,0.1251428571428571,50.72571428571427,50.62542857142856,37.352285714285685,37.99085714285716,0.2894285714285712,65.74657142857144,0.000745,0.000723,0.001341,13.373428571428583,1
10025,2025-01-21 13:13:24+00:00,2025-01-21 13:13:24+00:00,142.81000000000003,0.1599999999999999,50.72970588235295,154.40764705882356,37.30617647058822,39.17264705882353,1.7641176470588242,63.379705882352965,0.00104,0.001079,0.002405,13.423529411764726,1
10048,2025-01-21 13:13:55+00:00,2025-01-21 13:13:55+00:00,214.51228571428575,0.1691428571428571,51.97142857142856,230.0214285714286,37.27285714285715,40.537714285714266,2.845714285714286,61.25314285714285,0.001196,0.001418,0.00344,14.698571428571412,1
10059,2025-01-21 13:14:09+00:00,2025-01-21 13:14:09+00:00,170.92555555555566,0.1583333333333333,52.61222222222224,185.21805555555548,37.40027777777777,40.27416666666665,2.129166666666666,63.12305555555557,0.001089,0.001124,0.002741,15.21194444444447,1
10073,2025-01-21 13:14:27+00:00,2025-01-21 13:14:27+00:00,81.43421052631578,0.1168421052631579,51.587894736842095,90.61236842105264,37.282105263157874,38.64657894736842,1.1236842105263154,64.62315789473682,0.000911,0.00087,0.00175,14.30578947368422,1
10083,2025-01-21 13:14:40+00:00,2025-01-21 13:14:40+00:00,30.84552631578947,0.1292105263157894,51.20236842105262,38.72842105263155,37.352894736842096,38.04157894736841,0.2899999999999997,65.8194736842105,0.000702,0.000709,0.001184,13.849473684210524,1
10084,2025-01-21 13:14:42+00:00,2025-01-21 13:14:42+00:00,27.041249999999987,0.1412499999999999,50.925937500000025,32.61718749999999,37.29218749999999,37.7234375,0.2871874999999999,65.81906250000003,0.000686,0.000664,0.001278,13.633750000000036,1
10085,2025-01-21 13:14:43+00:00,2025-01-21 13:14:43+00:00,26.44888888888888,0.1183333333333333,50.89277777777778,31.712777777777774,37.28388888888888,37.773333333333326,0.2899999999999998,65.83583333333334,0.000732,0.000701,0.001147,13.608888888888906,1
10088,2025-01-21 13:14:47+00:00,2025-01-21 13:14:47+00:00,20.08,0.0908823529411765,50.655882352941184,25.555882352941182,37.28911764705881,37.59588235294117,0.2899999999999998,65.86970588235293,0.000697,0.000687,0.001134,13.366764705882376,1
10106,2025-01-21 13:15:12+00:00,2025-01-21 13:15:12+00:00,81.39742857142858,0.1582857142857142,50.47285714285712,89.90200000000002,37.29171428571426,38.18171428571429,1.1045714285714288,64.44057142857143,0.000933,0.000872,0.001725,13.18114285714286,1
10121,2025-01-21 13:15:32+00:00,2025-01-21 13:15:32+00:00,180.1308823529412,0.1526470588235293,50.6420588235294,193.21205882352936,37.25647058823529,39.56000000000002,2.27470588235294,62.10264705882352,0.001142,0.001202,0.002934,13.385588235294108,1
10129,2025-01-21 13:15:42+00:00,2025-01-21 13:15:42+00:00,211.0261111111112,0.1541666666666666,51.05277777777778,225.32944444444456,37.309444444444416,40.05277777777778,2.7688888888888905,61.20555555555557,0.001237,0.00137,0.003448,13.74333333333336,1
10144,2025-01-21 13:16:02+00:00,2025-01-21 13:16:02+00:00,198.0355555555556,0.153611111111111,52.09111111111111,213.7841666666667,37.314999999999976,40.348333333333336,2.560833333333333,61.77861111111109,0.001199,0.001263,0.003199,14.776111111111137,1
10165,2025-01-21 13:16:29+00:00,2025-01-21 13:16:29+00:00,72.83970588235293,0.1076470588235294,51.555294117647065,80.62235294117647,37.36352941176474,38.59235294117649,1.0235294117647062,64.84441176470587,0.000972,0.000818,0.001635,14.191764705882328,1
10176,2025-01-21 13:16:44+00:00,2025-01-21 13:16:44+00:00,23.91222222222221,0.1322222222222221,50.88861111111109,30.22805555555556,37.38833333333335,37.7575,0.286111111111111,65.85222222222222,0.000712,0.000697,0.001113,13.50027777777774,1
10188,2025-01-21 13:17:01+00:00,2025-01-21 13:17:01+00:00,36.46645161290324,0.1251612903225806,50.66677419354839,43.04354838709679,37.41677419354839,37.88967741935484,0.2893548387096773,65.83032258064516,0.000707,0.000709,0.001226,13.25,1
10211,2025-01-21 13:17:31+00:00,2025-01-21 13:17:31+00:00,175.45676470588234,0.1655882352941176,50.87823529411763,188.9638235294117,37.415,39.731176470588245,2.194117647058824,62.60499999999999,0.001132,0.001197,0.002828,13.46323529411763,1
10229,2025-01-21 13:17:54+00:00,2025-01-21 13:17:54+00:00,216.700606060606,0.1824242424242424,51.82484848484846,232.4390909090909,37.40545454545455,40.64696969696968,2.893636363636363,61.10333333333335,0.001278,0.001404,0.003612,14.419393939393906,1
10252,2025-01-21 13:18:25+00:00,2025-01-21 13:18:25+00:00,92.8488888888889,0.1622222222222223,51.84916666666668,103.06222222222226,37.43916666666669,38.95555555555555,1.2622222222222226,64.28750000000001,0.001015,0.00093,0.001997,14.409999999999982,1
10255,2025-01-21 13:18:29+00:00,2025-01-21 13:18:29+00:00,73.27371428571428,0.128,51.69342857142854,80.8491428571429,37.44514285714288,38.71885714285714,1.0345714285714291,64.71828571428571,0.000893,0.000844,0.001676,14.248285714285664,1
10277,2025-01-21 13:18:57+00:00,2025-01-21 13:18:57+00:00,26.2821875,0.12375,50.639375000000015,32.268750000000004,37.49593750000001,37.84374999999999,0.2896874999999999,65.828125,0.000657,0.000688,0.001092,13.143437500000005,1
10286,2025-01-21 13:19:09+00:00,2025-01-21 13:19:09+00:00,66.12942857142853,0.1297142857142857,50.85628571428571,73.8682857142857,37.56314285714284,38.380857142857145,0.9,65.11628571428571,0.00086,0.000794,0.001555,13.293142857142875,1
10289,2025-01-21 13:19:13+00:00,2025-01-21 13:19:13+00:00,84.75685714285714,0.1397142857142857,51.026,93.00057142857143,37.600285714285725,38.83285714285714,1.149428571428572,64.85885714285715,0.000958,0.000892,0.001798,13.425714285714273,1
10291,2025-01-21 13:19:16+00:00,2025-01-21 13:19:16+00:00,101.12171428571428,0.1374285714285714,50.61914285714287,108.68000000000006,37.4757142857143,38.66314285714287,1.326571428571428,64.138,0.001049,0.00095,0.001981,13.143428571428572,1
10299,2025-01-21 13:19:26+00:00,2025-01-21 13:19:26+00:00,151.36026315789474,0.1544736842105263,50.77526315789471,162.45473684210526,37.45763157894739,39.40868421052632,1.8721052631578947,62.96631578947369,0.001054,0.001113,0.002425,13.317631578947314,1
10333,2025-01-21 13:20:11+00:00,2025-01-21 13:20:11+00:00,163.93264705882356,0.1588235294117647,52.23176470588236,178.01205882352946,37.48882352941177,39.860882352941154,2.038529411764706,62.618235294117646,0.00112,0.001133,0.002741,14.742941176470588,1
10365,2025-01-21 13:20:53+00:00,2025-01-21 13:20:53+00:00,20.597500000000004,0.116111111111111,50.786111111111104,26.344166666666663,37.56111111111109,37.87027777777777,0.2874999999999998,65.93333333333334,0.000669,0.000711,0.001193,13.225000000000016,1
10393,2025-01-21 13:21:29+00:00,2025-01-21 13:21:29+00:00,163.58999999999995,0.1696969696969696,50.981515151515175,177.5624242424242,37.58030303030303,39.78787878787882,2.0548484848484847,62.747575757575774,0.001099,0.001158,0.002763,13.401212121212149,1
10407,2025-01-21 13:21:48+00:00,2025-01-21 13:21:48+00:00,219.4672222222222,0.19,51.721388888888896,234.3527777777777,37.599722222222205,40.71083333333333,2.9347222222222245,61.219444444444434,0.001275,0.00143,0.003724,14.121666666666693,1
10413,2025-01-21 13:21:56+00:00,2025-01-21 13:21:56+00:00,213.70696969696976,0.1842424242424242,52.53212121212122,230.37181818181816,37.71939393939396,41.17272727272728,2.8584848484848475,62.00696969696971,0.001245,0.00145,0.003585,14.812727272727258,1
10423,2025-01-21 13:22:09+00:00,2025-01-21 13:22:09+00:00,174.29656250000002,0.14125,52.389062499999966,188.7778125,37.5934375,40.2525,2.2034375,62.69937500000001,0.001162,0.001169,0.002929,14.795624999999966,1
10466,2025-01-21 13:23:05+00:00,2025-01-21 13:23:05+00:00,49.14027027027025,0.1267567567567567,50.72432432432432,54.99675675675675,37.69945945945948,38.252702702702685,0.285135135135135,65.26486486486485,0.000745,0.000741,0.001344,13.024864864864838,1
10472,2025-01-21 13:23:13+00:00,2025-01-21 13:23:13+00:00,82.86416666666666,0.1205555555555555,50.878888888888895,90.7430555555556,37.767222222222216,38.77138888888888,1.1349999999999996,64.57638888888891,0.00093,0.000888,0.001782,13.11166666666668,1
10479,2025-01-21 13:23:22+00:00,2025-01-21 13:23:22+00:00,129.1484848484848,0.1421212121212121,51.27969696969699,138.81030303030298,37.80242424242423,39.65151515151513,1.629090909090909,64.00727272727272,0.001039,0.001057,0.002332,13.477272727272762,1
10486,2025-01-21 13:23:33+00:00,2025-01-21 13:23:33+00:00,180.8158974358974,0.1494871794871794,51.35333333333332,194.58333333333337,37.764615384615375,40.27769230769229,2.306410256410255,62.46794871794875,0.001076,0.001169,0.002771,13.588717948717942,1
10488,2025-01-21 13:23:35+00:00,2025-01-21 13:23:35+00:00,188.3573529411765,0.1714705882352941,51.157941176470615,203.9894117647059,37.69176470588237,40.23823529411764,2.4250000000000003,62.088529411764725,0.00113,0.001187,0.002946,13.466176470588245,1
10490,2025-01-21 13:23:38+00:00,2025-01-21 13:23:38+00:00,199.20487179487176,0.1743589743589744,51.56179487179486,214.8310256410255,37.74282051282052,40.62435897435898,2.5756410256410254,61.99076923076924,0.001144,0.00124,0.003112,13.818974358974335,1
10515,2025-01-21 13:24:11+00:00,2025-01-21 13:24:11+00:00,165.1020588235295,0.1744117647058825,52.471470588235306,180.31676470588232,37.72941176470589,40.27735294117647,2.0976470588235303,62.91176470588237,0.001054,0.001096,0.00254,14.742058823529412,1
10519,2025-01-21 13:24:16+00:00,2025-01-21 13:24:16+00:00,141.75882352941176,0.1444117647058823,52.36970588235293,153.18588235294123,37.76323529411764,39.96823529411763,1.7588235294117656,63.44205882352939,0.001007,0.001026,0.00233,14.60647058823529,1
10520,2025-01-21 13:24:17+00:00,2025-01-21 13:24:17+00:00,135.83315789473676,0.1394736842105263,52.3736842105263,148.83552631578945,37.76684210526315,39.94605263157895,1.7136842105263164,63.65263157894736,0.001028,0.00102,0.002242,14.606842105263148,1
10546,2025-01-21 13:24:51+00:00,2025-01-21 13:24:51+00:00,20.4825641025641,0.1141025641025641,50.93538461538463,24.262307692307697,37.77435897435896,37.96692307692308,0.2799999999999999,65.8502564102564,0.000649,0.000661,0.001138,13.161025641025669,1
10553,2025-01-21 13:25:00+00:00,2025-01-21 13:25:00+00:00,32.373783783783786,0.0932432432432432,50.86162162162162,36.65594594594595,37.79081081081083,38.1,0.2854054054054053,65.48432432432432,0.000714,0.000685,0.00117,13.07081081081079,1
10557,2025-01-21 13:25:06+00:00,2025-01-21 13:25:06+00:00,51.84138888888887,0.1519444444444444,50.78083333333334,58.43722222222223,37.748055555555545,38.28722222222221,0.2891666666666664,64.98083333333331,0.000767,0.000743,0.001303,13.032777777777795,1
10567,2025-01-21 13:25:19+00:00,2025-01-21 13:25:19+00:00,112.06571428571428,0.1085714285714285,51.40142857142859,121.35028571428565,37.896571428571406,39.64171428571428,1.447428571428571,64.4117142857143,0.001068,0.001019,0.002136,13.504857142857183,1
10588,2025-01-21 13:25:46+00:00,2025-01-21 13:25:46+00:00,215.54885714285703,0.1908571428571428,51.662,231.65828571428565,37.76971428571427,40.76885714285713,2.8982857142857155,61.28342857142857,0.001185,0.001373,0.003297,13.892285714285729,1
10600,2025-01-21 13:26:02+00:00,2025-01-21 13:26:02+00:00,201.36263157894737,0.1665789473684212,52.375,216.5813157894737,37.80657894736839,40.78131578947368,2.6244736842105256,61.867368421052646,0.001149,0.00126,0.003058,14.568421052631606,1
10607,2025-01-21 13:26:11+00:00,2025-01-21 13:26:11+00:00,166.2352777777779,0.1511111111111111,52.53416666666668,180.1266666666667,37.86999999999998,40.38166666666669,2.074444444444444,62.701388888888886,0.001062,0.001127,0.002558,14.664166666666697,1
10613,2025-01-21 13:26:19+00:00,2025-01-21 13:26:19+00:00,126.83486486486488,0.147027027027027,52.387297297297295,138.92378378378373,37.85297297297296,39.957567567567565,1.6251351351351353,63.79,0.001,0.001034,0.00216,14.53432432432433,1
10617,2025-01-21 13:26:24+00:00,2025-01-21 13:26:24+00:00,101.07861111111109,0.151111111111111,52.21027777777776,112.22000000000006,37.84083333333332,39.47361111111111,1.359722222222223,64.35138888888889,0.001045,0.000954,0.002056,14.369444444444447,1
10619,2025-01-21 13:26:27+00:00,2025-01-21 13:26:27+00:00,85.7488888888889,0.1366666666666667,51.89305555555557,95.50611111111108,37.77833333333331,39.04361111111113,1.1830555555555555,64.38472222222224,0.000943,0.000885,0.001826,14.114722222222262,1
10628,2025-01-21 13:26:39+00:00,2025-01-21 13:26:39+00:00,37.393888888888895,0.1405555555555556,51.5347222222222,44.55333333333334,37.88472222222224,38.49527777777777,0.2869444444444443,65.65527777777778,0.000714,0.00071,0.001289,13.649999999999965,1
10629,2025-01-21 13:26:40+00:00,2025-01-21 13:26:40+00:00,34.681142857142866,0.1445714285714285,51.81714285714285,40.72400000000002,37.96428571428573,38.738857142857135,0.282,66.02399999999999,0.000701,0.00069,0.001233,13.852857142857118,1
10659,2025-01-21 13:27:19+00:00,2025-01-21 13:27:19+00:00,112.13999999999996,0.1488888888888888,50.95583333333335,121.66916666666668,37.869999999999976,39.19388888888889,1.449166666666666,63.90083333333334,0.001053,0.001009,0.002188,13.085833333333367,1
10676,2025-01-21 13:27:42+00:00,2025-01-21 13:27:42+00:00,210.13736842105263,0.1797368421052632,51.8563157894737,224.99947368421056,37.96815789473686,40.956052631578935,2.761052631578947,61.78842105263158,0.001201,0.001342,0.003283,13.888157894736835,1
10688,2025-01-21 13:28:00+00:00,2025-01-21 13:28:00+00:00,206.335,0.206470588235294,52.47441176470588,223.7014705882353,37.973823529411774,40.99000000000003,2.731470588235293,61.77441176470588,0.001196,0.001285,0.00313,14.500588235294105,1
10715,2025-01-21 13:28:35+00:00,2025-01-21 13:28:35+00:00,51.403611111111104,0.1352777777777778,51.73888888888888,58.94166666666667,37.97000000000002,38.72916666666666,0.2805555555555555,65.3561111111111,0.00076,0.000748,0.001412,13.76888888888886,1
10731,2025-01-21 13:28:56+00:00,2025-01-21 13:28:56+00:00,23.053333333333327,0.1147222222222222,51.03333333333332,27.99555555555556,37.97750000000002,38.23916666666666,0.2830555555555555,65.96055555555557,0.000683,0.000676,0.001117,13.055833333333297,1
10733,2025-01-21 13:28:59+00:00,2025-01-21 13:28:59+00:00,29.180588235294117,0.1138235294117647,50.795588235294105,33.731764705882334,37.963529411764725,38.07911764705883,0.2855882352941176,65.41205882352939,0.000688,0.000691,0.001151,12.83205882352938,1
10734,2025-01-21 13:29:00+00:00,2025-01-21 13:29:00+00:00,31.74823529411764,0.115,50.95647058823528,37.11647058823532,37.967352941176486,38.24088235294118,0.289705882352941,65.62352941176471,0.000716,0.000682,0.001189,12.989117647058798,1
10783,2025-01-21 13:30:05+00:00,2025-01-21 13:30:05+00:00,192.2045945945945,0.184054054054054,52.55756756756754,208.71108108108115,37.98486486486486,40.78540540540541,2.4937837837837846,61.87432432432436,0.00116,0.001267,0.003004,14.572702702702678,1
10788,2025-01-21 13:30:11+00:00,2025-01-21 13:30:11+00:00,167.67428571428573,0.1562857142857143,52.6674285714286,181.3477142857143,38.03314285714285,40.565142857142845,2.1114285714285708,62.78485714285715,0.001113,0.001119,0.002647,14.634285714285753,1
10792,2025-01-21 13:30:16+00:00,2025-01-21 13:30:16+00:00,144.05771428571433,0.1751428571428571,52.544571428571416,156.70714285714286,38.015999999999984,40.235714285714295,1.804857142857142,63.32171428571431,0.001058,0.001064,0.002371,14.528571428571432,1
10794,2025-01-21 13:30:19+00:00,2025-01-21 13:30:19+00:00,127.94162162162164,0.1435135135135135,52.78081081081084,140.50405405405402,38.11756756756756,40.254864864864864,1.6454054054054057,63.86405405405404,0.001034,0.001021,0.002229,14.663243243243286,1
10799,2025-01-21 13:30:25+00:00,2025-01-21 13:30:25+00:00,98.07,0.133235294117647,52.22176470588238,108.09264705882354,38.0179411764706,39.50970588235294,1.3249999999999995,64.155,0.00099,0.000929,0.001998,14.203823529411778,1
10802,2025-01-21 13:30:29+00:00,2025-01-21 13:30:29+00:00,78.24567567567571,0.1272972972972973,52.51324324324325,86.1808108108108,38.168108108108136,39.55162162162162,1.0891891891891894,65.0572972972973,0.000885,0.000845,0.001688,14.345135135135116,1
10828,2025-01-21 13:31:03+00:00,2025-01-21 13:31:03+00:00,39.6041666666667,0.1041666666666666,51.01027777777777,45.07138888888888,38.07333333333332,38.43361111111112,0.2899999999999998,65.53972222222221,0.000757,0.000762,0.001258,12.936944444444457,1
10831,2025-01-21 13:31:07+00:00,2025-01-21 13:31:07+00:00,54.05567567567566,0.148108108108108,51.03972972972972,60.369999999999976,38.06378378378376,38.58135135135134,0.2875675675675674,65.12783783783784,0.000781,0.000753,0.001399,12.97594594594596,1
10855,2025-01-21 13:31:39+00:00,2025-01-21 13:31:39+00:00,200.7387878787878,0.1587878787878787,51.632121212121206,214.8681818181818,38.13393939393938,40.84999999999999,2.608787878787879,61.896060606060615,0.001196,0.001286,0.003233,13.498181818181829,1
10883,2025-01-21 13:32:16+00:00,2025-01-21 13:32:16+00:00,144.78028571428567,0.1094285714285714,52.89828571428569,156.68199999999993,38.23342857142859,40.52314285714286,1.8405714285714292,63.44971428571429,0.001049,0.001065,0.002464,14.664857142857102,1
10900,2025-01-21 13:32:38+00:00,2025-01-21 13:32:38+00:00,42.04303030303031,0.1175757575757575,51.73333333333336,47.23606060606059,38.13515151515153,38.77878787878787,0.2836363636363636,65.43181818181817,0.000725,0.000716,0.001297,13.598181818181828,1
10908,2025-01-21 13:32:48+00:00,2025-01-21 13:32:48+00:00,21.153823529411767,0.1420588235294117,51.26735294117647,27.143823529411765,38.11294117647061,38.37852941176472,0.2811764705882353,65.78382352941176,0.000666,0.000723,0.001119,13.154411764705856,1
10924,2025-01-21 13:33:09+00:00,2025-01-21 13:33:09+00:00,60.79243243243244,0.1162162162162162,51.12621621621623,68.29324324324325,38.17108108108109,38.78621621621621,0.5402702702702703,64.96405405405406,0.000819,0.000796,0.001494,12.955135135135144,1
10930,2025-01-21 13:33:17+00:00,2025-01-21 13:33:17+00:00,98.67594594594593,0.1545945945945946,51.38270270270271,108.3964864864865,38.25891891891892,39.47378378378378,1.3159459459459455,64.3635135135135,0.001023,0.00096,0.00206,13.123783783783786,1
10956,2025-01-21 13:33:51+00:00,2025-01-21 13:33:51+00:00,219.2002857142857,0.1691428571428571,52.23114285714287,235.2551428571428,38.22400000000001,41.448,2.978285714285713,61.3682857142857,0.001251,0.001421,0.003583,14.00714285714286,1
10960,2025-01-21 13:33:57+00:00,2025-01-21 13:33:57+00:00,215.0131428571429,0.2,52.87171428571428,230.7239999999999,38.33714285714285,41.6102857142857,2.887142857142856,62.04114285714289,0.001259,0.001407,0.003462,14.534571428571432,1
10967,2025-01-21 13:34:06+00:00,2025-01-21 13:34:06+00:00,189.5408823529412,0.188235294117647,52.74823529411764,205.98147058823525,38.20382352941178,41.04235294117646,2.4532352941176474,62.25823529411764,0.001186,0.001232,0.003088,14.544411764705863,1
10970,2025-01-21 13:34:10+00:00,2025-01-21 13:34:10+00:00,174.72472222222223,0.1441666666666666,52.76583333333332,187.7652777777778,38.21638888888891,40.84777777777775,2.212222222222222,62.638333333333335,0.001123,0.00116,0.002874,14.549444444444411,1
10991,2025-01-21 13:34:37+00:00,2025-01-21 13:34:37+00:00,45.81722222222223,0.1436111111111111,52.10277777777777,52.96777777777777,38.27472222222222,39.15111111111111,0.2847222222222221,65.67750000000002,0.000728,0.000722,0.001408,13.828055555555544,1
11000,2025-01-21 13:34:49+00:00,2025-01-21 13:34:49+00:00,19.40864864864865,0.1216216216216216,51.45,25.05675675675678,38.23972972972973,38.5291891891892,0.2805405405405405,65.83513513513512,0.000701,0.000719,0.001123,13.210270270270264,1
11003,2025-01-21 13:34:53+00:00,2025-01-21 13:34:53+00:00,20.065405405405404,0.0756756756756756,51.73702702702703,24.87945945945945,38.37486486486486,38.6497297297297,0.2805405405405405,66.2656756756757,0.000663,0.000691,0.001146,13.362162162162164,1
11004,2025-01-21 13:34:54+00:00,2025-01-21 13:34:54+00:00,21.191388888888888,0.0983333333333332,51.28694444444445,25.83305555555556,38.28583333333336,38.521388888888914,0.2886111111111109,65.87305555555557,0.000667,0.000694,0.001162,13.001111111111094,1
11007,2025-01-21 13:34:58+00:00,2025-01-21 13:34:58+00:00,25.31114285714285,0.1045714285714285,51.57342857142855,31.48371428571428,38.36371428571427,38.90742857142858,0.2814285714285714,66.19914285714286,0.000653,0.000697,0.001112,13.209714285714275,1
11008,2025-01-21 13:34:59+00:00,2025-01-21 13:34:59+00:00,28.46973684210526,0.12,51.41342105263158,33.81236842105263,38.30210526315789,38.57499999999999,0.2807894736842105,65.70447368421054,0.000697,0.000709,0.001174,13.111315789473686,1
11019,2025-01-21 13:35:14+00:00,2025-01-21 13:35:14+00:00,83.33315789473681,0.1307894736842104,51.37684210526318,92.0318421052632,38.34342105263157,39.32894736842102,1.141052631578947,64.60157894736841,0.000931,0.000879,0.001815,13.03342105263161,1
11041,2025-01-21 13:35:43+00:00,2025-01-21 13:35:43+00:00,209.876923076923,0.1584615384615384,52.05358974358973,225.6597435897436,38.40666666666667,41.28128205128205,2.7984615384615363,61.67384615384616,0.001215,0.001403,0.00338,13.64692307692306,1
11042,2025-01-21 13:35:44+00:00,2025-01-21 13:35:44+00:00,212.47257142857143,0.166,52.20742857142856,228.1377142857144,38.41714285714287,41.4454285714286,2.8377142857142865,61.64742857142859,0.001234,0.00137,0.003465,13.790285714285687,1
11043,2025-01-21 13:35:45+00:00,2025-01-21 13:35:45+00:00,214.8456756756757,0.1856756756756757,52.09567567567567,230.19081081081077,38.34324324324324,41.26405405405406,2.8683783783783783,61.27702702702705,0.001251,0.001394,0.003525,13.75243243243242,1
11073,2025-01-21 13:36:26+00:00,2025-01-21 13:36:26+00:00,94.28138888888886,0.1119444444444444,52.52416666666669,103.64833333333328,38.34611111111109,39.76750000000001,1.2944444444444447,64.15972222222223,0.000964,0.000902,0.001926,14.178055555555602,1
11095,2025-01-21 13:36:55+00:00,2025-01-21 13:36:55+00:00,20.985675675675672,0.121081081081081,51.66972972972973,25.610000000000003,38.46459459459461,38.80675675675676,0.2848648648648647,66.24351351351352,0.000708,0.000689,0.001089,13.205135135135125,1
11100,2025-01-21 13:37:01+00:00,2025-01-21 13:37:01+00:00,32.30000000000001,0.1362162162162162,51.32216216216218,37.577567567567584,38.39027027027027,38.62675675675677,0.2813513513513513,65.48945945945941,0.000689,0.000653,0.001112,12.931891891891908,1
11137,2025-01-21 13:37:50+00:00,2025-01-21 13:37:50+00:00,217.66694444444445,0.175,52.54666666666665,234.4391666666665,38.472777777777765,41.57194444444443,2.975277777777776,61.56527777777779,0.001222,0.001388,0.003381,14.073888888888888,1
11138,2025-01-21 13:37:51+00:00,2025-01-21 13:37:51+00:00,219.9291666666668,0.1802777777777777,52.675,236.15305555555565,38.48000000000001,41.77166666666668,3.001111111111111,61.5472222222222,0.001218,0.001409,0.003413,14.194999999999991,1
11195,2025-01-21 13:39:06+00:00,2025-01-21 13:39:06+00:00,47.25666666666668,0.1469230769230769,51.30769230769233,54.35205128205127,38.45769230769231,39.01205128205129,0.2910256410256407,65.45461538461537,0.000748,0.000725,0.001311,12.850000000000025,1
11201,2025-01-21 13:39:14+00:00,2025-01-21 13:39:14+00:00,82.17771428571429,0.1399999999999999,51.24485714285715,88.80628571428574,38.387714285714296,39.268,1.1331428571428572,64.39799999999998,0.000907,0.000856,0.001757,12.857142857142854,1
11210,2025-01-21 13:39:26+00:00,2025-01-21 13:39:26+00:00,142.8777777777778,0.1436111111111111,51.42416666666666,155.44583333333338,38.47055555555556,40.18222222222222,1.8066666666666669,63.291388888888896,0.001043,0.001087,0.002421,12.953611111111094,1
11230,2025-01-21 13:39:52+00:00,2025-01-21 13:39:52+00:00,219.49411764705877,0.1805882352941177,52.60029411764705,236.2264705882353,38.49176470588234,41.75029411764705,3.01294117647059,61.556176470588255,0.001272,0.001448,0.003657,14.108529411764714,1
11236,2025-01-21 13:40:00+00:00,2025-01-21 13:40:00+00:00,209.87052631578948,0.1542105263157895,52.73184210526314,224.64815789473687,38.45500000000002,41.4807894736842,2.818947368421052,61.532894736842096,0.001249,0.001358,0.003451,14.27684210526312,1
11249,2025-01-21 13:40:17+00:00,2025-01-21 13:40:17+00:00,142.8961764705883,0.1511764705882352,52.97264705882353,155.4391176470587,38.43705882352943,40.670588235294126,1.8208823529411768,63.47411764705882,0.001065,0.001099,0.002502,14.5355882352941,1
11263,2025-01-21 13:40:36+00:00,2025-01-21 13:40:36+00:00,51.22378378378376,0.128108108108108,52.16756756756756,58.437297297297306,38.47000000000001,39.28621621621621,0.2821621621621621,65.32027027027027,0.000754,0.000788,0.001331,13.697567567567546,1
11272,2025-01-21 13:40:48+00:00,2025-01-21 13:40:48+00:00,21.768484848484853,0.1209090909090909,52.06363636363638,26.7030303030303,38.56090909090909,39.00757575757576,0.2818181818181818,66.3248484848485,0.00066,0.000696,0.001078,13.502727272727284,1
11298,2025-01-21 13:41:22+00:00,2025-01-21 13:41:22+00:00,121.33,0.1315384615384616,51.42051282051283,131.02128205128216,38.45205128205129,39.90384615384618,1.552820512820512,63.739230769230815,0.000988,0.000997,0.002068,12.96846153846154,1
11307,2025-01-21 13:41:34+00:00,2025-01-21 13:41:34+00:00,179.5664864864865,0.1627027027027026,52.10756756756757,193.35864864864865,38.599729729729695,41.20270270270273,2.299729729729729,62.86783783783788,0.001071,0.001159,0.002649,13.507837837837876,1
11313,2025-01-21 13:41:42+00:00,2025-01-21 13:41:42+00:00,206.4109090909091,0.1587878787878787,51.93848484848485,220.34303030303028,38.45363636363638,41.24030303030302,2.721515151515151,61.73,0.001179,0.001377,0.003121,13.48484848484847,1
11321,2025-01-21 13:41:52+00:00,2025-01-21 13:41:52+00:00,218.4154285714286,0.184,52.48657142857143,234.48942857142856,38.4517142857143,41.586000000000006,2.9911428571428567,61.24885714285717,0.001224,0.001418,0.003466,14.034857142857128,1
11326,2025-01-21 13:41:59+00:00,2025-01-21 13:41:59+00:00,211.05891891891892,0.1810810810810811,53.157297297297305,227.5243243243243,38.55756756756759,41.90243243243244,2.8456756756756745,61.92378378378381,0.001252,0.001368,0.003401,14.599729729729717,1
11335,2025-01-21 13:42:11+00:00,2025-01-21 13:42:11+00:00,172.9734285714286,0.1262857142857142,53.022,185.9191428571428,38.42885714285713,41.01771428571428,2.1908571428571424,62.534857142857135,0.001132,0.00117,0.00283,14.593142857142864,1
11391,2025-01-21 13:43:24+00:00,2025-01-21 13:43:24+00:00,130.6115151515151,0.1412121212121211,51.46030303030301,140.9557575757576,38.462424242424255,40.0542424242424,1.66969696969697,63.58999999999998,0.001006,0.00105,0.002187,12.997878787878754,1
11398,2025-01-21 13:43:33+00:00,2025-01-21 13:43:33+00:00,174.35432432432435,0.181081081081081,51.46108108108109,189.4208108108108,38.39594594594595,40.58783783783783,2.239459459459459,62.20081081081079,0.001114,0.001189,0.002765,13.065135135135144,1
11418,2025-01-21 13:43:59+00:00,2025-01-21 13:43:59+00:00,213.57263157894727,0.1713157894736842,52.80894736842105,228.42868421052628,38.45000000000002,41.58736842105261,2.8768421052631576,61.4407894736842,0.001211,0.00136,0.003289,14.358947368421036,1
11454,2025-01-21 13:44:47+00:00,2025-01-21 13:44:47+00:00,22.641515151515154,0.0742424242424242,52.19181818181817,27.874242424242432,38.59575757575758,39.18818181818181,0.2800000000000001,66.28787878787878,0.000659,0.000669,0.001183,13.59606060606059,1
11459,2025-01-21 13:44:53+00:00,2025-01-21 13:44:53+00:00,20.246944444444438,0.1061111111111111,51.73055555555555,24.317222222222213,38.55333333333332,38.9013888888889,0.28,66.05111111111108,0.000662,0.000681,0.001127,13.177222222222229,1
11471,2025-01-21 13:45:09+00:00,2025-01-21 13:45:09+00:00,56.78925000000002,0.114,51.32875,62.77325,38.48350000000002,38.96874999999999,0.3257499999999999,64.81649999999999,0.000779,0.000755,0.001409,12.84524999999998,1
11485,2025-01-21 13:45:27+00:00,2025-01-21 13:45:27+00:00,145.7511428571428,0.1565714285714286,51.72342857142856,157.13599999999997,38.48171428571431,40.60285714285715,1.83457142857143,63.37685714285716,0.001064,0.001103,0.00246,13.241714285714243,1
11496,2025-01-21 13:45:42+00:00,2025-01-21 13:45:42+00:00,206.0984210526316,0.168157894736842,52.07868421052629,219.85710526315785,38.49526315789474,41.3578947368421,2.71842105263158,61.64578947368423,0.001225,0.001325,0.003337,13.58342105263155,1
11561,2025-01-21 13:47:07+00:00,2025-01-21 13:47:07+00:00,48.56352941176471,0.1102941176470588,51.36911764705884,53.99058823529411,38.50117647058823,39.02676470588237,0.2838235294117647,65.27499999999998,0.000752,0.000754,0.001317,12.867941176470616,1
11574,2025-01-21 13:47:24+00:00,2025-01-21 13:47:24+00:00,130.4388571428571,0.1337142857142856,51.73228571428573,139.90857142857146,38.61371428571428,40.42628571428571,1.6565714285714286,63.85428571428572,0.001031,0.001053,0.002297,13.11857142857145,1
11592,2025-01-21 13:47:48+00:00,2025-01-21 13:47:48+00:00,217.2691176470589,0.1976470588235294,52.294117647058826,232.12147058823533,38.569705882352935,41.57882352941177,2.958529411764705,61.471470588235285,0.001276,0.001441,0.003589,13.724411764705891,1
11613,2025-01-21 13:48:15+00:00,2025-01-21 13:48:15+00:00,156.1914285714286,0.1334285714285714,53.41314285714287,168.7574285714286,38.63514285714286,41.32514285714285,1.9814285714285704,63.43828571428576,0.001113,0.001131,0.002667,14.778000000000006,1
11624,2025-01-21 13:48:29+00:00,2025-01-21 13:48:29+00:00,84.55060606060607,0.1327272727272726,52.64151515151514,94.08303030303033,38.51212121212121,39.94606060606062,1.1757575757575756,64.69212121212122,0.000908,0.000879,0.001789,14.129393939393935,1
11641,2025-01-21 13:48:52+00:00,2025-01-21 13:48:52+00:00,19.247941176470576,0.1147058823529412,51.70558823529412,23.329705882352947,38.63176470588236,38.869117647058815,0.28,65.95735294117645,0.000661,0.000665,0.001083,13.073823529411754,1
11670,2025-01-21 13:49:31+00:00,2025-01-21 13:49:31+00:00,163.4777142857143,0.1645714285714286,51.92771428571429,176.42857142857144,38.68314285714285,40.88,2.0785714285714283,63.011428571428574,0.001083,0.001178,0.002633,13.24457142857144,1
11698,2025-01-21 13:50:08+00:00,2025-01-21 13:50:08+00:00,187.39571428571423,0.1214285714285714,53.26657142857144,199.68028571428567,38.63942857142857,41.61657142857144,2.414857142857143,62.30085714285716,0.001222,0.001232,0.003106,14.627142857142871,1
11723,2025-01-21 13:50:41+00:00,2025-01-21 13:50:41+00:00,36.72685714285715,0.14,52.10742857142857,43.33342857142856,38.68971428571431,39.31028571428571,0.2897142857142855,65.64685714285713,0.000723,0.0007,0.001232,13.41771428571426,1
11737,2025-01-21 13:50:59+00:00,2025-01-21 13:50:59+00:00,25.404166666666665,0.1302777777777778,51.56388888888888,31.768611111111102,38.71444444444447,38.90583333333331,0.2844444444444443,65.71999999999997,0.000655,0.000696,0.001102,12.849444444444416,1
11745,2025-01-21 13:51:09+00:00,2025-01-21 13:51:09+00:00,54.88030303030303,0.1281818181818182,51.70060606060605,61.70575757575757,38.73636363636364,39.471818181818186,0.2854545454545454,65.13181818181819,0.000782,0.000752,0.001381,12.964242424242409,1
11772,2025-01-21 13:51:45+00:00,2025-01-21 13:51:45+00:00,210.63111111111107,0.1322222222222222,52.27611111111112,225.1455555555556,38.74750000000001,41.5647222222222,2.8447222222222206,61.366111111111096,0.001226,0.001375,0.003341,13.528611111111111,1
11794,2025-01-21 13:52:14+00:00,2025-01-21 13:52:14+00:00,162.61272727272726,0.1378787878787879,53.39454545454544,175.03909090909085,38.85909090909091,41.53363636363637,2.0539393939393937,63.28363636363638,0.001117,0.001181,0.002722,14.535454545454527,1
11800,2025-01-21 13:52:21+00:00,2025-01-21 13:52:21+00:00,127.0172222222222,0.1044444444444444,52.9002777777778,136.7897222222222,38.71,40.6816666666667,1.6488888888888884,63.4463888888889,0.001036,0.001071,0.002258,14.1902777777778,1
11821,2025-01-21 13:52:50+00:00,2025-01-21 13:52:50+00:00,20.11694444444445,0.1263888888888889,51.94555555555556,24.94416666666667,38.888333333333314,39.27944444444444,0.2827777777777778,66.15361111111112,0.000697,0.000681,0.001137,13.057222222222244,1
11827,2025-01-21 13:52:59+00:00,2025-01-21 13:52:59+00:00,25.18694444444444,0.1286111111111111,51.68805555555556,30.65722222222221,38.84861111111111,39.306666666666665,0.2847222222222221,66.00916666666666,0.000699,0.000688,0.001128,12.839444444444446,1
11838,2025-01-21 13:53:14+00:00,2025-01-21 13:53:14+00:00,76.96085714285714,0.1585714285714286,51.56885714285716,84.652,38.834571428571415,39.76742857142857,1.0657142857142858,64.70171428571425,0.00088,0.000846,0.001669,12.73428571428574,1
11860,2025-01-21 13:53:43+00:00,2025-01-21 13:53:43+00:00,206.7451515151515,0.1372727272727273,52.18,221.28515151515148,38.84030303030303,41.68151515151514,2.7642424242424246,61.437878787878766,0.001221,0.001343,0.003285,13.339696969696972,1
11876,2025-01-21 13:54:04+00:00,2025-01-21 13:54:04+00:00,202.28794117647053,0.1632352941176471,53.209117647058825,216.40088235294115,38.88500000000001,41.93735294117647,2.692941176470591,61.82529411764705,0.001247,0.001338,0.00333,14.324117647058811,1
11879,2025-01-21 13:54:08+00:00,2025-01-21 13:54:08+00:00,187.24999999999991,0.1342857142857142,53.16514285714285,201.50028571428567,38.8614285714286,41.69571428571428,2.4508571428571435,62.10828571428573,0.00123,0.001243,0.003109,14.303714285714255,1
11901,2025-01-21 13:54:36+00:00,2025-01-21 13:54:36+00:00,54.37499999999999,0.1121875,52.77656250000002,61.16875000000002,39.02531250000001,40.080312499999984,0.28375,65.49718750000002,0.00083,0.000751,0.001426,13.751250000000006,1
11908,2025-01-21 13:54:46+00:00,2025-01-21 13:54:46+00:00,25.17351351351352,0.1194594594594594,52.25972972972976,30.81351351351351,39.028918918918926,39.547567567567576,0.2816216216216216,66.17999999999999,0.000717,0.000717,0.001137,13.23081081081083,1
11911,2025-01-21 13:54:50+00:00,2025-01-21 13:54:50+00:00,20.020270270270277,0.1343243243243243,51.78567567567567,26.09540540540541,38.89972972972974,39.16189189189189,0.2805405405405405,65.98324324324325,0.000691,0.000741,0.001186,12.885945945945927,1
11953,2025-01-21 13:55:45+00:00,2025-01-21 13:55:45+00:00,211.9375757575758,0.1736363636363637,52.34121212121213,225.7851515151515,38.9709090909091,41.86212121212122,2.860303030303031,61.68696969696968,0.001247,0.001413,0.003369,13.370303030303027,1
11971,2025-01-21 13:56:08+00:00,2025-01-21 13:56:08+00:00,189.8536842105262,0.1865789473684211,53.72473684210523,204.885,39.13526315789473,42.080789473684206,2.496315789473684,62.475526315789466,0.00122,0.001243,0.003073,14.589473684210503,1
11991,2025-01-21 13:56:36+00:00,2025-01-21 13:56:36+00:00,55.43028571428571,0.1285714285714285,52.57285714285714,62.08971428571429,38.99742857142858,39.90857142857144,0.3185714285714283,65.2494285714286,0.000834,0.000767,0.00147,13.57542857142856,1
11994,2025-01-21 13:56:40+00:00,2025-01-21 13:56:40+00:00,41.30078947368419,0.1444736842105264,52.29684210526317,47.93157894736845,38.99315789473685,39.481052631578926,0.2892105263157892,65.1628947368421,0.000727,0.000746,0.001329,13.30368421052632,1
11999,2025-01-21 13:56:46+00:00,2025-01-21 13:56:46+00:00,25.037058823529417,0.1276470588235294,52.11382352941177,31.245882352941173,38.98558823529413,39.38529411764706,0.2849999999999999,65.78852941176471,0.000683,0.000685,0.001119,13.128235294117644,1
12028,2025-01-21 13:57:24+00:00,2025-01-21 13:57:24+00:00,124.65805555555562,0.1586111111111111,52.04166666666665,135.67749999999995,39.10166666666666,40.83444444444443,1.623333333333333,64.04055555555556,0.000993,0.001022,0.002107,12.93999999999999,1
12049,2025-01-21 13:57:52+00:00,2025-01-21 13:57:52+00:00,219.64771428571424,0.1662857142857144,52.77142857142856,234.64857142857144,39.04971428571426,42.13885714285717,3.027142857142859,61.372000000000014,0.001265,0.001497,0.0035,13.7217142857143,1
12074,2025-01-21 13:58:25+00:00,2025-01-21 13:58:25+00:00,109.60083333333336,0.1411111111111111,53.40500000000001,118.2980555555555,39.19333333333335,41.07500000000001,1.483611111111111,64.37444444444446,0.001046,0.001019,0.002202,14.21166666666666,1
12077,2025-01-21 13:58:28+00:00,2025-01-21 13:58:28+00:00,92.60945945945946,0.1113513513513513,52.971621621621615,101.44918918918916,39.06486486486485,40.56351351351351,1.2994594594594595,64.45297297297296,0.000953,0.000907,0.001903,13.906756756756764,1
12084,2025-01-21 13:58:38+00:00,2025-01-21 13:58:38+00:00,47.97151515151516,0.1318181818181818,52.479696969696974,54.99545454545455,39.102121212121205,39.87939393939395,0.2827272727272727,65.37424242424242,0.000771,0.000751,0.001375,13.37757575757577,1
12085,2025-01-21 13:58:39+00:00,2025-01-21 13:58:39+00:00,44.44694444444443,0.1119444444444444,52.41722222222225,51.26361111111111,39.09777777777776,39.803888888888864,0.2813888888888889,65.50499999999997,0.000748,0.000738,0.001318,13.319444444444493,1
12105,2025-01-21 13:59:05+00:00,2025-01-21 13:59:05+00:00,38.03685714285713,0.1311428571428571,52.08057142857144,44.83228571428573,39.191142857142864,39.99485714285717,0.2857142857142856,65.89885714285714,0.000706,0.000697,0.001195,12.889428571428574,1
12117,2025-01-21 13:59:21+00:00,2025-01-21 13:59:21+00:00,108.26142857142855,0.1471428571428571,52.17,118.40628571428572,39.20000000000001,40.68857142857144,1.4420000000000002,64.23228571428571,0.001021,0.000984,0.002071,12.969999999999992,1
12126,2025-01-21 13:59:33+00:00,2025-01-21 13:59:33+00:00,170.26676470588228,0.1529411764705882,51.92352941176472,181.5123529411765,39.09147058823529,41.26323529411764,2.183235294117647,62.38264705882355,0.00111,0.001171,0.002633,12.83205882352943,1
12146,2025-01-21 13:59:59+00:00,2025-01-21 13:59:59+00:00,214.18973684210528,0.1923684210526316,53.15815789473686,229.4323684210527,39.08605263157894,42.26973684210526,2.940526315789476,61.52289473684209,0.001263,0.001407,0.003396,14.072105263157924,1
12151,2025-01-21 14:00:05+00:00,2025-01-21 14:00:05+00:00,200.9419444444445,0.1508333333333333,53.37722222222224,214.9169444444444,39.0925,42.13638888888888,2.6866666666666665,61.86805555555557,0.001224,0.001301,0.003144,14.28472222222225,1
12163,2025-01-21 14:00:21+00:00,2025-01-21 14:00:21+00:00,130.49294117647057,0.1447058823529411,53.53617647058823,141.45558823529404,39.16323529411764,41.50411764705884,1.6935294117647055,63.96323529411763,0.001079,0.001056,0.002313,14.37294117647059,1
12221,2025-01-21 14:01:37+00:00,2025-01-21 14:01:37+00:00,185.4791176470588,0.16,52.228529411764725,199.03029411764703,39.17911764705883,41.740294117647046,2.4367647058823527,62.24764705882353,0.001197,0.001253,0.00311,13.049411764705894,1
12232,2025-01-21 14:01:52+00:00,2025-01-21 14:01:52+00:00,217.41371428571432,0.1702857142857143,52.91942857142859,233.86171428571424,39.23257142857144,42.33857142857145,3.0328571428571443,61.27142857142856,0.001324,0.00148,0.003749,13.68685714285715,1
12253,2025-01-21 14:02:19+00:00,2025-01-21 14:02:19+00:00,142.15270270270273,0.1683783783783785,53.6637837837838,154.8764864864865,39.28648648648648,41.64837837837837,1.827297297297297,63.548648648648665,0.001068,0.001096,0.002521,14.377297297297318,1
12254,2025-01-21 14:02:20+00:00,2025-01-21 14:02:20+00:00,136.39947368421056,0.1192105263157895,53.47236842105263,146.7094736842105,39.23578947368421,41.4542105263158,1.762631578947368,63.3434210526316,0.001062,0.001066,0.002435,14.236578947368416,1
12273,2025-01-21 14:02:45+00:00,2025-01-21 14:02:45+00:00,28.92187500000001,0.116875,52.4653125,34.61031249999999,39.29656249999998,39.806875,0.2899999999999998,65.71312499999999,0.000681,0.000692,0.001219,13.168750000000024,1
12282,2025-01-21 14:02:57+00:00,2025-01-21 14:02:57+00:00,21.728823529411773,0.0897058823529411,51.7791176470588,26.3985294117647,39.248823529411766,39.49117647058823,0.2811764705882353,65.90441176470588,0.000682,0.000707,0.001137,12.530294117647031,1
12286,2025-01-21 14:03:02+00:00,2025-01-21 14:03:02+00:00,30.71756756756756,0.1127027027027026,51.795405405405376,35.52783783783782,39.25675675675675,39.57729729729729,0.2859459459459458,65.63567567567566,0.000713,0.000686,0.001184,12.538648648648625,1
12299,2025-01-21 14:03:19+00:00,2025-01-21 14:03:19+00:00,96.98428571428572,0.124,52.082000000000015,105.10742857142854,39.38085714285713,40.59342857142858,1.3200000000000005,64.46085714285712,0.001024,0.000967,0.002074,12.701142857142884,1
12315,2025-01-21 14:03:40+00:00,2025-01-21 14:03:40+00:00,196.1559375,0.1671875,52.815312500000026,210.2028125,39.426875,42.1834375,2.6040625000000013,62.13375000000004,0.001279,0.001328,0.003394,13.38843750000003,1
12356,2025-01-21 14:04:35+00:00,2025-01-21 14:04:35+00:00,62.52333333333336,0.1358333333333333,53.00666666666668,69.71444444444445,39.32888888888886,40.61944444444443,0.9088888888888892,65.30833333333334,0.00087,0.000838,0.00153,13.67777777777782,1
12386,2025-01-21 14:05:15+00:00,2025-01-21 14:05:15+00:00,76.3282857142857,0.1405714285714285,51.78771428571431,84.30685714285715,39.328571428571415,40.21685714285714,1.0814285714285712,64.72999999999999,0.000882,0.000829,0.00165,12.459142857142892,1
12388,2025-01-21 14:05:17+00:00,2025-01-21 14:05:17+00:00,86.79388888888893,0.136111111111111,52.0952777777778,94.32444444444444,39.377499999999976,40.46416666666668,1.1936111111111114,64.53666666666665,0.000935,0.000904,0.001853,12.71777777777782,1
12404,2025-01-21 14:05:38+00:00,2025-01-21 14:05:38+00:00,189.1215789473684,0.1684210526315789,52.35289473684211,201.18447368421047,39.33789473684209,41.85473684210525,2.484473684210527,61.94631578947369,0.001178,0.001252,0.003037,13.015000000000022,1
12407,2025-01-21 14:05:42+00:00,2025-01-21 14:05:42+00:00,202.6758333333333,0.1819444444444444,52.76138888888888,216.61861111111116,39.41305555555557,42.33555555555554,2.716388888888888,61.99222222222224,0.001223,0.001345,0.003306,13.348333333333308,1
12417,2025-01-21 14:05:55+00:00,2025-01-21 14:05:55+00:00,219.88878787878792,0.1857575757575758,53.080909090909074,234.29666666666665,39.34090909090909,42.47212121212122,3.0593939393939382,61.30969696969698,0.001291,0.001471,0.003636,13.73999999999998,1
12422,2025-01-21 14:06:02+00:00,2025-01-21 14:06:02+00:00,210.3133333333333,0.1730555555555555,53.86861111111111,224.1788888888889,39.46722222222225,42.89861111111112,2.859166666666668,62.07944444444448,0.001265,0.001375,0.003449,14.40138888888886,1
12434,2025-01-21 14:06:18+00:00,2025-01-21 14:06:18+00:00,148.10921052631588,0.1363157894736842,53.75605263157895,159.845,39.42947368421056,41.83789473684209,1.908684210526315,63.27921052631577,0.001098,0.001122,0.00262,14.32657894736839,1
12441,2025-01-21 14:06:27+00:00,2025-01-21 14:06:27+00:00,100.94916666666668,0.1119444444444445,53.64055555555554,110.60055555555554,39.50111111111111,41.25916666666669,1.384722222222222,64.63444444444444,0.001043,0.001002,0.00217,14.139444444444427,1
12472,2025-01-21 14:07:08+00:00,2025-01-21 14:07:08+00:00,46.44685714285716,0.1128571428571428,52.34485714285714,52.29142857142858,39.53257142857143,40.34342857142857,0.2899999999999998,65.76085714285715,0.000724,0.00077,0.001275,12.812285714285707,1
12479,2025-01-21 14:07:17+00:00,2025-01-21 14:07:17+00:00,85.49236842105262,0.116578947368421,51.929473684210535,93.12973684210526,39.44657894736845,40.42473684210525,1.1886842105263158,64.50973684210526,0.000938,0.000881,0.001829,12.482894736842084,1
12483,2025-01-21 14:07:22+00:00,2025-01-21 14:07:22+00:00,110.6603125,0.136875,51.95843749999998,119.19875,39.41125,40.7621875,1.4690624999999995,63.9834375,0.001077,0.001021,0.002235,12.547187499999978,1
12499,2025-01-21 14:07:43+00:00,2025-01-21 14:07:43+00:00,204.28435897435904,0.1484615384615384,52.82461538461539,218.3551282051282,39.46743589743589,42.440000000000005,2.753846153846154,62.03051282051285,0.001257,0.001356,0.003402,13.3571794871795,1
12501,2025-01-21 14:07:46+00:00,2025-01-21 14:07:46+00:00,212.0613888888889,0.1786111111111111,52.63416666666666,225.93166666666667,39.40111111111113,42.33861111111113,2.8838888888888885,61.45166666666665,0.001283,0.001403,0.003556,13.23305555555553,1
12512,2025-01-21 14:08:00+00:00,2025-01-21 14:08:00+00:00,213.2728947368421,0.19,53.43210526315789,229.35078947368416,39.43842105263159,42.58499999999998,2.9518421052631574,61.47499999999998,0.001304,0.001427,0.003603,13.993684210526304,1
12515,2025-01-21 14:08:04+00:00,2025-01-21 14:08:04+00:00,205.42054054054057,0.1667567567567568,53.82027027027026,219.52513513513517,39.59783783783784,42.83864864864865,2.793243243243244,62.120810810810845,0.001286,0.001355,0.003426,14.22243243243242,1
12520,2025-01-21 14:08:10+00:00,2025-01-21 14:08:10+00:00,184.9113157894737,0.1694736842105262,53.76684210526317,199.75105263157903,39.48078947368422,42.36078947368421,2.4418421052631585,62.25815789473686,0.001223,0.001228,0.00308,14.286052631578954,1
12535,2025-01-21 14:08:30+00:00,2025-01-21 14:08:30+00:00,86.81421052631579,0.1144736842105263,53.44447368421055,95.72657894736848,39.533947368421046,41.053684210526335,1.2318421052631574,64.60605263157895,0.000997,0.000945,0.001928,13.910526315789504,1
12541,2025-01-21 14:08:38+00:00,2025-01-21 14:08:38+00:00,51.25736842105261,0.1236842105263158,52.82684210526313,59.13473684210528,39.45710526315792,40.30368421052633,0.2865789473684209,65.3307894736842,0.000766,0.000777,0.001436,13.36973684210522,1
12560,2025-01-21 14:09:03+00:00,2025-01-21 14:09:03+00:00,31.553947368421053,0.1092105263157895,51.92552631578948,36.062105263157896,39.48315789473685,39.78710526315791,0.2807894736842105,65.74789473684208,0.000687,0.000694,0.001181,12.442368421052628,1
12575,2025-01-21 14:09:23+00:00,2025-01-21 14:09:23+00:00,115.54621621621624,0.1305405405405406,52.02432432432431,124.72,39.48783783783785,40.89621621621622,1.527837837837837,63.73702702702701,0.00108,0.001023,0.002275,12.53648648648646,1
12586,2025-01-21 14:09:37+00:00,2025-01-21 14:09:37+00:00,182.6647222222222,0.1697222222222222,52.32666666666665,196.61666666666665,39.4863888888889,41.86416666666665,2.4063888888888885,61.99583333333332,0.001188,0.001245,0.003105,12.84027777777775,1
12591,2025-01-21 14:09:44+00:00,2025-01-21 14:09:44+00:00,206.4149999999999,0.1758823529411765,52.67441176470589,221.0044117647059,39.49676470588236,42.29970588235295,2.7973529411764706,61.65617647058824,0.001264,0.001364,0.003438,13.177647058823531,1
12602,2025-01-21 14:09:58+00:00,2025-01-21 14:09:58+00:00,217.5557575757576,0.1733333333333333,53.22393939393942,232.47060606060603,39.48060606060607,42.64848484848486,3.030909090909093,61.28909090909088,0.001356,0.001476,0.003768,13.743333333333348,1
12670,2025-01-21 14:11:27+00:00,2025-01-21 14:11:27+00:00,135.1324324324324,0.1143243243243243,52.515945945945965,145.1386486486487,39.64486486486484,41.60216216216216,1.7510810810810813,63.81675675675677,0.001081,0.001099,0.002443,12.871081081081122,1
12707,2025-01-21 14:12:16+00:00,2025-01-21 14:12:16+00:00,159.9825,0.1419444444444445,53.69555555555557,173.29694444444442,39.585,42.04333333333332,2.0680555555555555,62.97083333333329,0.001139,0.001182,0.002819,14.110555555555573,1
12721,2025-01-21 14:12:34+00:00,2025-01-21 14:12:34+00:00,69.88368421052635,0.1339473684210527,53.31921052631577,78.02157894736843,39.675263157894776,40.89894736842106,1.026578947368421,64.96131578947366,0.000866,0.000838,0.001712,13.643947368420996,1
12728,2025-01-21 14:12:43+00:00,2025-01-21 14:12:43+00:00,34.8028205128205,0.0958974358974359,53.058717948717934,41.266410256410246,39.73179487179488,40.528717948717954,0.2825641025641024,66.03282051282052,0.000713,0.000694,0.001315,13.32692307692306,1
12753,2025-01-21 14:13:16+00:00,2025-01-21 14:13:16+00:00,78.53105263157892,0.1605263157894736,52.00552631578948,86.82842105263158,39.60763157894737,40.46078947368422,1.107368421052632,64.52842105263157,0.000866,0.000846,0.00171,12.397894736842112,1
12757,2025-01-21 14:13:21+00:00,2025-01-21 14:13:21+00:00,103.38882352941174,0.1179411764705882,52.08529411764706,111.8820588235294,39.62294117647061,40.80823529411763,1.4011764705882348,63.91264705882354,0.00106,0.000989,0.002186,12.462352941176448,1
12760,2025-01-21 14:13:25+00:00,2025-01-21 14:13:25+00:00,123.98823529411764,0.1585294117647059,52.2879411764706,135.1382352941176,39.70176470588234,41.18000000000001,1.630294117647059,63.51029411764704,0.001044,0.001065,0.00235,12.586176470588256,1
12766,2025-01-21 14:13:34+00:00,2025-01-21 14:13:34+00:00,167.65611111111107,0.1408333333333333,52.70305555555554,180.54666666666668,39.82472222222221,42.18305555555554,2.2044444444444458,63.0252777777778,0.001119,0.001183,0.002786,12.87833333333333,1
12773,2025-01-21 14:13:43+00:00,2025-01-21 14:13:43+00:00,202.2428125,0.1671875,52.73124999999998,217.2131249999999,39.71531250000002,42.3971875,2.744375,61.85812499999998,0.001262,0.00135,0.003339,13.015937499999964,1
12779,2025-01-21 14:13:51+00:00,2025-01-21 14:13:51+00:00,217.59114285714287,0.1765714285714286,52.95400000000004,233.3177142857143,39.67742857142859,42.53885714285714,3.040857142857144,61.07742857142855,0.001325,0.001451,0.003705,13.276571428571444,1
12797,2025-01-21 14:14:15+00:00,2025-01-21 14:14:15+00:00,166.09833333333336,0.1591666666666666,54.05972222222222,178.6483333333333,39.79916666666665,42.42055555555557,2.158611111111112,63.011388888888895,0.001162,0.001174,0.00287,14.26055555555557,1
12798,2025-01-21 14:14:16+00:00,2025-01-21 14:14:16+00:00,159.93312500000005,0.1353125,53.76125000000001,173.67812499999997,39.677500000000016,42.09156250000001,2.0812500000000003,62.70718750000002,0.001145,0.001154,0.002797,14.083749999999997,1
12804,2025-01-21 14:14:24+00:00,2025-01-21 14:14:24+00:00,119.85486486486484,0.1402702702702703,53.6908108108108,130.80972972972972,39.74216216216216,41.82297297297297,1.603783783783785,64.13675675675674,0.001048,0.001033,0.002305,13.948648648648636,1
12813,2025-01-21 14:14:36+00:00,2025-01-21 14:14:36+00:00,61.45085714285714,0.1314285714285714,53.22628571428571,69.65714285714284,39.70628571428573,40.77371428571427,0.8394285714285713,65.01057142857138,0.000822,0.000795,0.001565,13.519999999999976,1
12825,2025-01-21 14:14:52+00:00,2025-01-21 14:14:52+00:00,20.393529411764707,0.1305882352941176,52.163235294117634,25.069117647058818,39.56558823529411,39.816470588235305,0.2867647058823528,65.73205882352941,0.000708,0.000727,0.001158,12.597647058823526,1
12827,2025-01-21 14:14:54+00:00,2025-01-21 14:14:54+00:00,19.306666666666672,0.095,52.192222222222206,24.6913888888889,39.6502777777778,39.98083333333334,0.28,66.03777777777776,0.000659,0.000688,0.001118,12.541944444444413,1
12834,2025-01-21 14:15:03+00:00,2025-01-21 14:15:03+00:00,30.29615384615385,0.1205128205128206,52.011538461538464,34.47564102564102,39.66025641025643,39.96641025641028,0.2884615384615382,65.66307692307691,0.000696,0.000692,0.001174,12.351282051282034,1
12840,2025-01-21 14:15:11+00:00,2025-01-21 14:15:11+00:00,56.11514285714287,0.1314285714285714,52.34971428571431,61.77714285714284,39.7782857142857,40.46771428571428,0.32,65.26685714285713,0.000766,0.000762,0.001422,12.571428571428603,1
12850,2025-01-21 14:15:24+00:00,2025-01-21 14:15:24+00:00,118.62939393939396,0.1263636363636363,52.18363636363634,127.61878787878788,39.67484848484848,41.11666666666665,1.5627272727272723,63.80272727272731,0.001098,0.001071,0.00234,12.508787878787857,1
12864,2025-01-21 14:15:44+00:00,2025-01-21 14:15:44+00:00,205.59000000000003,0.1738888888888888,52.706666666666656,219.10972222222227,39.75388888888889,42.49500000000001,2.7888888888888888,61.7225,0.001248,0.001382,0.003313,12.952777777777769,1
12868,2025-01-21 14:15:49+00:00,2025-01-21 14:15:49+00:00,215.29891891891887,0.1859459459459459,53.00513513513514,231.3172972972974,39.72756756756758,42.73432432432431,2.994324324324324,61.30243243243241,0.001295,0.001439,0.003573,13.27756756756756,1
12883,2025-01-21 14:16:09+00:00,2025-01-21 14:16:09+00:00,191.3581818181817,0.1790909090909091,53.74090909090909,206.18515151515157,39.78606060606059,42.58393939393941,2.557878787878788,62.06848484848487,0.001214,0.001269,0.00293,13.954848484848505,1
12885,2025-01-21 14:16:11+00:00,2025-01-21 14:16:11+00:00,184.21555555555557,0.1833333333333333,54.09388888888888,198.72777777777776,39.881388888888864,42.85944444444445,2.4347222222222222,62.64722222222224,0.001167,0.001227,0.002809,14.21250000000002,1
12887,2025-01-21 14:16:14+00:00,2025-01-21 14:16:14+00:00,171.4364864864865,0.1743243243243243,53.87324324324323,184.50810810810808,39.80189189189187,42.338108108108095,2.234864864864865,62.5954054054054,0.001114,0.001173,0.002654,14.07135135135136,1
12889,2025-01-21 14:16:17+00:00,2025-01-21 14:16:17+00:00,157.25718750000007,0.1453125,54.08937499999998,169.79750000000004,39.86531249999999,42.3284375,2.038437500000001,63.21187499999998,0.001092,0.001161,0.002553,14.224062499999995,1
12890,2025-01-21 14:16:18+00:00,2025-01-21 14:16:18+00:00,150.901052631579,0.1176315789473684,53.77131578947369,163.30236842105265,39.80184210526316,41.99105263157895,1.9757894736842097,62.95131578947371,0.001072,0.001126,0.002505,13.969473684210534,1
12921,2025-01-21 14:16:59+00:00,2025-01-21 14:16:59+00:00,22.83135135135136,0.1445945945945945,51.98432432432431,27.62324324324324,39.75972972972971,39.849729729729766,0.2867567567567566,65.6235135135135,0.000691,0.000708,0.001121,12.224594594594592,1
12922,2025-01-21 14:17:00+00:00,2025-01-21 14:17:00+00:00,23.854857142857146,0.1388571428571429,52.06914285714286,28.973714285714287,39.79999999999998,39.95857142857143,0.28,65.94828571428575,0.000703,0.000756,0.00111,12.269142857142874,1
12929,2025-01-21 14:17:09+00:00,2025-01-21 14:17:09+00:00,47.72083333333335,0.1299999999999999,52.063055555555536,54.37444444444443,39.74583333333332,40.18111111111111,0.289722222222222,64.98000000000002,0.000765,0.000751,0.001352,12.317222222222211,1
12947,2025-01-21 14:17:33+00:00,2025-01-21 14:17:33+00:00,163.11472222222227,0.1641666666666666,52.76194444444445,175.87777777777774,39.95555555555556,42.175277777777765,2.139444444444445,62.95250000000002,0.00107,0.001172,0.002433,12.80638888888889,1
12962,2025-01-21 14:17:52+00:00,2025-01-21 14:17:52+00:00,218.7265789473684,0.1871052631578947,53.31921052631576,233.4678947368421,39.85105263157893,42.99736842105264,3.06815789473684,61.33605263157896,0.001213,0.001441,0.003124,13.468157894736834,1
12973,2025-01-21 14:18:07+00:00,2025-01-21 14:18:07+00:00,198.88054054054052,0.2035135135135135,53.89810810810814,214.837027027027,39.85135135135133,42.82810810810808,2.697297297297299,61.85297297297297,0.001209,0.001306,0.002928,14.046756756756809,1
12980,2025-01-21 14:18:16+00:00,2025-01-21 14:18:16+00:00,162.3886486486486,0.1572972972972973,53.80972972972973,175.6454054054055,39.86000000000001,42.27621621621621,2.099459459459459,62.91594594594596,0.001096,0.001154,0.002508,13.949729729729723,1
12982,2025-01-21 14:18:19+00:00,2025-01-21 14:18:19+00:00,147.46105263157892,0.1610526315789473,54.05368421052631,160.1184210526316,39.94500000000002,42.25368421052633,1.9368421052631577,63.4355263157895,0.001056,0.001116,0.002401,14.108684210526292,1
12993,2025-01-21 14:18:33+00:00,2025-01-21 14:18:33+00:00,75.62888888888887,0.1136111111111111,53.65888888888892,83.9975,39.91055555555555,41.31916666666666,1.1052777777777774,65.05055555555556,0.000909,0.000854,0.001718,13.74833333333337,1
13031,2025-01-21 14:19:23+00:00,2025-01-21 14:19:23+00:00,111.144705882353,0.1176470588235293,52.30382352941175,119.00705882352942,39.87382352941174,41.20382352941176,1.4855882352941174,63.94029411764708,0.001062,0.001017,0.002174,12.430000000000014,1
13037,2025-01-21 14:19:31+00:00,2025-01-21 14:19:31+00:00,152.075,0.1561764705882353,52.45117647058824,162.7770588235295,39.87441176470587,41.72029411764707,1.964705882352941,62.73176470588236,0.001072,0.001137,0.002481,12.576764705882368,1
13038,2025-01-21 14:19:32+00:00,2025-01-21 14:19:32+00:00,157.0913888888889,0.145,52.37916666666667,169.18305555555563,39.86999999999998,41.820000000000014,2.0413888888888883,62.80000000000002,0.001087,0.001171,0.002549,12.509166666666689,1
13042,2025-01-21 14:19:37+00:00,2025-01-21 14:19:37+00:00,179.20382352941178,0.185,52.54058823529411,192.74441176470583,39.86529411764706,42.15029411764705,2.37235294117647,62.1558823529412,0.001143,0.001223,0.00282,12.675294117647049,1
13059,2025-01-21 14:20:00+00:00,2025-01-21 14:20:00+00:00,215.39882352941177,0.1797058823529412,54.00529411764707,230.78529411764697,40.05176470588235,43.43823529411767,3.008235294117648,61.82205882352942,0.001211,0.001414,0.003197,13.95352941176472,1
13070,2025-01-21 14:20:15+00:00,2025-01-21 14:20:15+00:00,166.63710526315788,0.1610526315789474,54.155,180.6418421052632,39.98999999999999,42.71210526315788,2.1815789473684206,63.12526315789476,0.001071,0.001168,0.002549,14.165000000000006,1
13114,2025-01-21 14:21:13+00:00,2025-01-21 14:21:13+00:00,62.13027027027026,0.1459459459459459,52.09324324324323,68.95513513513512,39.86405405405402,40.45378378378377,0.7478378378378376,64.65513513513511,0.000844,0.000766,0.0015,12.229189189189206,1
13137,2025-01-21 14:21:43+00:00,2025-01-21 14:21:43+00:00,200.29542857142857,0.1934285714285714,52.76257142857143,214.7054285714286,39.93514285714285,42.42485714285715,2.718857142857144,61.55885714285714,0.001193,0.001337,0.003044,12.827428571428577,1
13147,2025-01-21 14:21:56+00:00,2025-01-21 14:21:56+00:00,219.3592105263158,0.1826315789473684,53.54763157894735,234.50184210526305,39.95710526315791,43.21684210526316,3.0968421052631587,61.31684210526312,0.001241,0.001445,0.00331,13.590526315789448,1
13164,2025-01-21 14:22:19+00:00,2025-01-21 14:22:19+00:00,150.04756756756765,0.1378378378378379,53.85675675675675,161.92378378378385,39.94486486486489,42.10540540540541,1.9675675675675668,62.90135135135139,0.001076,0.00112,0.002465,13.911891891891862,1
13170,2025-01-21 14:22:26+00:00,2025-01-21 14:22:26+00:00,113.76555555555552,0.1705555555555555,53.741388888888885,125.03833333333328,39.96972222222223,41.75305555555556,1.5325000000000002,64.03166666666665,0.001074,0.001004,0.002218,13.771666666666654,1
13184,2025-01-21 14:22:45+00:00,2025-01-21 14:22:45+00:00,33.027058823529416,0.1320588235294118,52.76176470588233,37.98794117647059,39.93588235294119,40.44823529411764,0.2847058823529411,65.61147058823528,0.000714,0.000701,0.001247,12.825882352941145,1
13208,2025-01-21 14:23:16+00:00,2025-01-21 14:23:16+00:00,74.96594594594592,0.1202702702702702,52.30567567567567,81.81567567567568,39.94891891891895,40.75945945945946,1.071891891891892,64.61729729729727,0.000883,0.00084,0.001639,12.356756756756717,1
13245,2025-01-21 14:24:06+00:00,2025-01-21 14:24:06+00:00,202.0635483870968,0.1541935483870967,53.81516129032256,218.02161290322573,39.90387096774194,42.90806451612903,2.7858064516129044,61.5825806451613,0.001207,0.001313,0.003087,13.911290322580626,1
13265,2025-01-21 14:24:32+00:00,2025-01-21 14:24:32+00:00,84.46735294117644,0.1441176470588235,53.42617647058823,93.60529411764708,39.90647058823532,41.17323529411764,1.2017647058823535,64.68088235294115,0.000936,0.000896,0.00186,13.519705882352907,1
13285,2025-01-21 14:24:58+00:00,2025-01-21 14:24:58+00:00,21.205454545454543,0.0927272727272727,52.288787878787886,24.94969696969697,39.93,40.12606060606062,0.2815151515151515,66.0124242424242,0.000682,0.000683,0.001123,12.358787878787886,1
13292,2025-01-21 14:25:08+00:00,2025-01-21 14:25:08+00:00,41.540277777777774,0.1019444444444444,52.12333333333334,47.22833333333335,39.9213888888889,40.27555555555558,0.2902777777777776,65.4497222222222,0.000741,0.000706,0.001237,12.201944444444443,1
13299,2025-01-21 14:25:17+00:00,2025-01-21 14:25:17+00:00,79.10666666666665,0.1351515151515152,52.30090909090911,85.58303030303033,39.89666666666668,40.75424242424242,1.1251515151515143,64.39999999999999,0.00091,0.000877,0.001676,12.404242424242426,1
13312,2025-01-21 14:25:34+00:00,2025-01-21 14:25:34+00:00,164.26571428571432,0.1797142857142857,52.58657142857143,175.2734285714286,39.92600000000002,42.03142857142859,2.142285714285715,62.77571428571429,0.001122,0.001189,0.002738,12.6605714285714,1
13323,2025-01-21 14:25:48+00:00,2025-01-21 14:25:48+00:00,211.54,0.1708571428571429,53.08228571428569,225.9322857142857,39.92400000000001,42.86200000000001,2.9268571428571426,61.33799999999999,0.001239,0.001417,0.003366,13.158285714285682,1
13335,2025-01-21 14:26:04+00:00,2025-01-21 14:26:04+00:00,211.1778787878788,0.1942424242424242,53.87636363636364,224.6824242424242,39.916969696969694,42.95030303030303,2.906363636363636,61.58999999999999,0.001254,0.001376,0.003365,13.95939393939394,1
13369,2025-01-21 14:26:49+00:00,2025-01-21 14:26:49+00:00,24.61837837837837,0.1148648648648648,52.66297297297297,29.412702702702692,39.92000000000001,40.28756756756758,0.2867567567567566,65.84135135135135,0.000711,0.000702,0.001144,12.742972972972964,1
13386,2025-01-21 14:27:11+00:00,2025-01-21 14:27:11+00:00,52.04131578947371,0.1405263157894737,52.459473684210536,57.76578947368422,39.95947368421052,40.63078947368421,0.2852631578947367,65.45605263157893,0.000752,0.000739,0.001361,12.500000000000014,1
13402,2025-01-21 14:27:32+00:00,2025-01-21 14:27:32+00:00,153.9358333333333,0.1833333333333333,52.90527777777776,166.3141666666666,40.09166666666666,42.09861111111109,2.0113888888888902,63.32111111111111,0.001082,0.001141,0.002595,12.8136111111111,1
13403,2025-01-21 14:27:33+00:00,2025-01-21 14:27:33+00:00,159.05181818181822,0.1415151515151515,52.76727272727275,170.61757575757582,39.96424242424244,42.03787878787879,2.078181818181817,62.83515151515152,0.001091,0.001166,0.002692,12.803030303030305,1
13423,2025-01-21 14:27:59+00:00,2025-01-21 14:27:59+00:00,216.7506060606061,0.1893939393939394,53.536969696969685,233.25484848484845,39.87212121212119,42.88696969696969,3.066969696969696,61.0821212121212,0.001293,0.001457,0.003585,13.664848484848498,1
13448,2025-01-21 14:28:32+00:00,2025-01-21 14:28:32+00:00,85.13025641025641,0.1243589743589743,53.559230769230766,93.5971794871795,39.873846153846166,41.26102564102566,1.2158974358974364,64.61923076923075,0.000969,0.000896,0.00188,13.6853846153846,1
13493,2025-01-21 14:29:31+00:00,2025-01-21 14:29:31+00:00,146.6017647058823,0.1505882352941177,52.40088235294121,159.94411764705873,39.792647058823526,41.62647058823528,1.9247058823529413,62.90029411764709,0.001097,0.001152,0.00258,12.608235294117684,1
13495,2025-01-21 14:29:34+00:00,2025-01-21 14:29:34+00:00,162.91947368421052,0.1439473684210526,52.838157894736845,174.0447368421053,39.94657894736841,42.14473684210526,2.135789473684212,63.00447368421055,0.00113,0.001194,0.002788,12.891578947368435,1
13514,2025-01-21 14:29:59+00:00,2025-01-21 14:29:59+00:00,217.60771428571437,0.1725714285714285,53.9645714285714,232.79457142857143,39.89342857142859,43.255428571428574,3.0685714285714267,61.70971428571426,0.001298,0.001464,0.003599,14.07114285714281,1
13542,2025-01-21 14:30:35+00:00,2025-01-21 14:30:35+00:00,71.1464705882353,0.12,53.536764705882334,78.52529411764708,39.85411764705881,41.102352941176456,1.0494117647058825,65.13852941176468,0.000894,0.000812,0.001647,13.682647058823528,1
13550,2025-01-21 14:30:46+00:00,2025-01-21 14:30:46+00:00,31.05583333333334,0.1272222222222222,52.86666666666664,37.69444444444443,39.80583333333332,40.28555555555553,0.2811111111111111,65.65444444444442,0.000693,0.000682,0.001201,13.06083333333332,1
13562,2025-01-21 14:31:01+00:00,2025-01-21 14:31:01+00:00,21.07657894736841,0.0818421052631579,52.4171052631579,26.031842105263166,39.78999999999999,40.05526315789473,0.2857894736842103,65.99894736842106,0.000726,0.00071,0.001179,12.627105263157915,1
13571,2025-04-10 08:47:27+00:00,2025-04-10 08:47:27+00:00,180.02999999999997,0.2508695652173913,37.64217391304348,202.0182608695652,21.20739130434782,24.3991304347826,2.0004347826086963,63.13739130434785,0.000867,0.000601,0.002317,16.43478260869566,1
13589,2025-04-10 08:47:50+00:00,2025-04-10 08:47:50+00:00,67.13772727272726,0.2054545454545455,37.3059090909091,81.53590909090907,21.483636363636368,23.08636363636364,0.7272727272727276,65.07000000000001,0.000899,0.000648,0.002262,15.822272727272727,1
13594,2025-04-10 08:47:57+00:00,2025-04-10 08:47:57+00:00,40.215,0.2118181818181818,37.05,54.00045454545455,21.55454545454545,22.70363636363637,0.7300000000000003,65.4081818181818,0.001033,0.00076,0.003064,15.495454545454551,1
13601,2025-04-10 08:48:06+00:00,2025-04-10 08:48:06+00:00,21.245200000000004,0.2044,36.744,33.75479999999999,21.643999999999995,22.464,0.7399999999999999,65.82879999999999,0.001247,0.000999,0.00431,15.100000000000003,1
13603,2025-04-10 08:48:09+00:00,2025-04-10 08:48:09+00:00,19.120000000000005,0.2112499999999999,36.63708333333334,31.192499999999995,21.69541666666667,22.405,0.7424999999999998,65.78833333333333,0.001199,0.001003,0.00433,14.941666666666666,1
13657,2025-04-10 08:49:19+00:00,2025-04-10 08:49:19+00:00,207.3028571428572,0.2635714285714285,39.43785714285714,230.05821428571429,22.26285714285714,25.740714285714287,2.5196428571428564,62.57428571428573,0.001055,0.000773,0.003236,17.175,1
13705,2025-04-10 08:50:22+00:00,2025-04-10 08:50:22+00:00,39.232962962962965,0.2092592592592593,38.38518518518519,51.9625925925926,22.91037037037037,23.73444444444445,0.9007407407407408,65.4614814814815,0.001169,0.001133,0.003817,15.474814814814817,1
13708,2025-04-10 08:50:26+00:00,2025-04-10 08:50:26+00:00,53.63583333333332,0.2070833333333333,38.47666666666667,66.9275,22.94583333333333,23.95583333333334,1.2154166666666668,65.16458333333334,0.001193,0.001152,0.003646,15.53083333333334,1
13716,2025-04-10 08:50:37+00:00,2025-04-10 08:50:37+00:00,105.2188888888889,0.2107407407407407,38.70148148148149,121.36851851851851,23.068518518518506,24.711111111111112,1.5937037037037045,64.23962962962962,0.001255,0.001129,0.003491,15.63296296296298,1
13723,2025-04-10 08:50:46+00:00,2025-04-10 08:50:46+00:00,151.84681818181818,0.2286363636363637,39.02954545454545,170.4609090909091,23.140454545454546,25.540454545454544,1.9031818181818183,63.34909090909091,0.001236,0.001097,0.003435,15.889090909090903,1
13731,2025-04-10 08:50:56+00:00,2025-04-10 08:50:56+00:00,193.5760869565217,0.2560869565217392,39.52478260869567,215.78347826086957,23.27130434782609,26.248260869565215,2.293043478260869,62.67000000000002,0.001133,0.001114,0.00362,16.253478260869574,1
13751,2025-04-10 08:51:23+00:00,2025-04-10 08:51:23+00:00,196.77086956521745,0.2308695652173913,40.97086956521739,216.99217391304347,23.546086956521737,26.85260869565217,2.358695652173913,62.73739130434784,0.000964,0.000689,0.002832,17.424782608695654,1
13777,2025-04-10 08:51:57+00:00,2025-04-10 08:51:57+00:00,41.817037037037046,0.198888888888889,40.31629629629629,53.838518518518505,23.803703703703693,24.927407407407404,0.8011111111111114,65.60703703703703,0.001033,0.000775,0.00304,16.512592592592593,1
13780,2025-04-10 08:52:01+00:00,2025-04-10 08:52:01+00:00,30.056400000000007,0.1948,40.15239999999999,41.452,23.844000000000005,24.760000000000005,0.8032000000000004,65.72840000000001,0.001185,0.000855,0.003684,16.30839999999999,1
13788,2025-04-10 08:52:11+00:00,2025-04-10 08:52:11+00:00,19.62272727272727,0.1872727272727273,39.78409090909092,30.415000000000006,23.92272727272728,24.565454545454543,0.8000000000000003,65.86363636363636,0.001197,0.001066,0.004445,15.861363636363643,1
13809,2025-04-10 08:52:39+00:00,2025-04-10 08:52:39+00:00,114.28409090909088,0.2131818181818182,40.06681818181819,131.05227272727274,24.103181818181824,25.85727272727272,1.6113636363636366,64.16090909090909,0.001307,0.001158,0.004028,15.963636363636368,1
13816,2025-04-10 08:52:48+00:00,2025-04-10 08:52:48+00:00,161.12454545454543,0.2268181818181818,40.323181818181816,179.86681818181816,24.13590909090909,26.535,2.001363636363637,63.30636363636365,0.001273,0.001124,0.004101,16.187272727272724,1
13823,2025-04-10 08:52:57+00:00,2025-04-10 08:52:57+00:00,197.1191666666667,0.2629166666666666,40.730416666666656,218.15583333333336,24.218333333333337,27.188333333333343,2.3375,62.61916666666667,0.00119,0.001127,0.004206,16.51208333333332,1
13855,2025-04-10 08:53:39+00:00,2025-04-10 08:53:39+00:00,124.61136363636363,0.2231818181818182,41.94727272727272,141.61136363636368,24.411818181818195,26.605,1.739999999999999,64.0259090909091,0.000864,0.000586,0.00197,17.535454545454524,1
13863,2025-04-10 08:53:49+00:00,2025-04-10 08:53:49+00:00,74.18199999999999,0.203,41.626000000000005,87.7245,24.439999999999998,25.9575,0.7925000000000003,65.01249999999999,0.000944,0.000647,0.002281,17.18600000000001,1
13864,2025-04-10 08:53:51+00:00,2025-04-10 08:53:51+00:00,65.6135,0.1994999999999999,41.569500000000005,78.09499999999998,24.4375,25.8455,0.7809999999999998,65.08450000000002,0.000934,0.000675,0.002422,17.132000000000005,1
13869,2025-04-10 08:53:57+00:00,2025-04-10 08:53:57+00:00,41.84,0.1890476190476191,41.31952380952381,53.36047619047618,24.474761904761905,25.484761904761903,0.7799999999999998,65.48619047619046,0.001079,0.000791,0.00316,16.844761904761903,1
13874,2025-04-10 08:54:04+00:00,2025-04-10 08:54:04+00:00,24.661052631578958,0.2010526315789474,41.03157894736842,35.19789473684211,24.505789473684207,25.195263157894736,0.7799999999999998,65.71842105263158,0.00128,0.000936,0.004223,16.525789473684217,1
13880,2025-04-10 08:54:12+00:00,2025-04-10 08:54:12+00:00,20.246666666666663,0.1820833333333333,40.76458333333333,30.102500000000003,24.499166666666667,25.06791666666666,0.7637499999999998,65.78791666666665,0.001228,0.001075,0.004622,16.265416666666667,1
13894,2025-04-10 08:54:30+00:00,2025-04-10 08:54:30+00:00,69.20678571428569,0.2092857142857142,40.75821428571427,83.09821428571429,24.552857142857157,25.63321428571428,0.7699999999999997,64.79249999999999,0.001314,0.001185,0.00424,16.205357142857114,1
13903,2025-04-10 08:54:42+00:00,2025-04-10 08:54:42+00:00,129.83958333333337,0.24,40.97291666666666,147.55208333333337,24.577916666666653,26.4275,1.7254166666666662,63.733750000000015,0.00134,0.001167,0.004247,16.39500000000001,1
13904,2025-04-10 08:54:43+00:00,2025-04-10 08:54:43+00:00,134.7077777777778,0.2207407407407408,41.04074074074074,152.3385185185185,24.56925925925925,26.552222222222216,1.7770370370370363,63.65333333333336,0.001334,0.001161,0.004489,16.471481481481486,1
13907,2025-04-10 08:54:47+00:00,2025-04-10 08:54:47+00:00,155.3203846153846,0.2273076923076923,41.10307692307693,172.70269230769233,24.56499999999999,26.823846153846148,1.9388461538461537,63.26615384615387,0.001317,0.001138,0.004257,16.538076923076943,1
13929,2025-04-10 08:55:16+00:00,2025-04-10 08:55:16+00:00,215.9273076923077,0.243076923076923,42.469230769230776,235.94538461538457,24.65346153846153,27.988461538461536,2.608076923076923,62.23653846153848,0.001199,0.00086,0.003981,17.815769230769245,1
13941,2025-04-10 08:55:32+00:00,2025-04-10 08:55:32+00:00,160.28239999999997,0.2256,42.8396,179.67999999999995,24.69439999999999,27.43959999999999,2.0392,63.38320000000002,0.000927,0.000593,0.002154,18.14520000000001,1
14006,2025-04-10 08:56:57+00:00,2025-04-10 08:56:57+00:00,196.28999999999996,0.2537931034482759,41.96896551724139,217.24310344827583,24.78206896551724,27.57620689655172,2.346551724137932,62.62551724137932,0.001183,0.001134,0.004295,17.18689655172415,1
14022,2025-04-10 08:57:18+00:00,2025-04-10 08:57:18+00:00,212.1951851851852,0.2562962962962964,43.00333333333333,233.26259259259265,24.78962962962962,28.07222222222222,2.578518518518519,62.20777777777777,0.001139,0.000801,0.0037,18.21370370370371,1
14080,2025-04-10 08:58:34+00:00,2025-04-10 08:58:34+00:00,85.7573913043478,0.2352173913043478,41.84347826086957,100.88478260869564,24.846521739130434,26.081739130434784,0.8026086956521737,64.57217391304347,0.001312,0.001178,0.004335,16.996956521739133,1
14092,2025-04-10 08:58:49+00:00,2025-04-10 08:58:49+00:00,162.3391304347826,0.2234782608695652,42.06782608695652,182.19913043478263,24.877391304347828,27.183478260869567,2.0326086956521725,63.33043478260869,0.001285,0.00113,0.004499,17.190434782608694,1
14104,2025-04-10 08:59:05+00:00,2025-04-10 08:59:05+00:00,216.541851851852,0.2496296296296296,42.73888888888889,238.0944444444445,24.91296296296296,28.036666666666665,2.6122222222222216,62.21777777777778,0.00123,0.001071,0.004745,17.825925925925926,1
14122,2025-04-10 08:59:29+00:00,2025-04-10 08:59:29+00:00,176.02199999999996,0.2284000000000001,43.56319999999999,195.4124,24.938799999999997,27.79320000000001,2.1812000000000005,63.1048,0.00089,0.000632,0.002314,18.624399999999994,1
14124,2025-04-10 08:59:31+00:00,2025-04-10 08:59:31+00:00,167.26416666666668,0.2379166666666666,43.442083333333336,185.85625,24.928333333333335,27.64708333333333,2.108750000000001,63.33750000000001,0.000845,0.000595,0.00212,18.51375,1
14128,2025-04-10 08:59:37+00:00,2025-04-10 08:59:37+00:00,137.67374999999996,0.2416666666666667,43.38875,155.56124999999994,24.941666666666677,27.28291666666666,1.854583333333334,63.81541666666667,0.000821,0.000603,0.001902,18.44708333333332,1
14133,2025-04-10 08:59:43+00:00,2025-04-10 08:59:43+00:00,107.31833333333336,0.2083333333333334,43.27250000000001,122.62333333333332,24.955416666666668,26.869166666666658,1.5804166666666666,64.25666666666669,0.000812,0.000596,0.00194,18.31708333333334,1
14144,2025-04-10 08:59:58+00:00,2025-04-10 08:59:58+00:00,39.93038461538462,0.1834615384615384,42.66730769230769,50.90999999999998,24.97115384615385,25.864230769230776,0.7300000000000003,65.58730769230769,0.001067,0.000786,0.003145,17.696153846153834,1
14167,2025-04-10 09:00:28+00:00,2025-04-10 09:00:28+00:00,59.524999999999984,0.2138461538461538,42.10269230769229,71.87230769230771,25.041538461538455,25.864230769230776,0.6899999999999997,65.07615384615384,0.001263,0.00117,0.004308,17.061153846153836,1
14168,2025-04-10 09:00:29+00:00,2025-04-10 09:00:29+00:00,62.1576,0.2344000000000001,42.08559999999999,76.6664,25.052,25.8904,0.6899999999999997,64.958,0.001256,0.001174,0.004268,17.033599999999993,1
14177,2025-04-10 09:00:41+00:00,2025-04-10 09:00:41+00:00,120.1346153846154,0.2184615384615384,42.13076923076923,137.17769230769233,25.049230769230785,26.733461538461533,1.5730769230769237,64.00923076923077,0.001353,0.001198,0.004499,17.08153846153845,1
14184,2025-04-10 09:11:40+00:00,2025-04-10 09:11:40+00:00,28.930384615384614,0.18,36.95576923076924,39.415,24.70884615384616,24.950384615384625,0.39,65.69807692307693,0.000867,0.000624,0.001953,12.246923076923084,1
14208,2025-04-10 09:12:12+00:00,2025-04-10 09:12:12+00:00,169.79185185185182,0.2262962962962964,38.551481481481474,188.37185185185183,24.799999999999983,27.04296296296297,1.621481481481482,63.12925925925927,0.001316,0.001041,0.004907,13.751481481481488,1
14222,2025-04-10 09:12:30+00:00,2025-04-10 09:12:30+00:00,218.34576923076924,0.2465384615384614,39.97923076923076,240.29807692307688,24.84730769230769,27.982692307692307,2.193076923076924,62.12807692307693,0.001227,0.001177,0.004413,15.131923076923066,1
14240,2025-04-10 09:12:54+00:00,2025-04-10 09:12:54+00:00,160.23000000000002,0.2058333333333334,41.235,178.05124999999998,24.915000000000003,27.46333333333333,1.620416666666667,63.38416666666668,0.001234,0.001155,0.004932,16.319999999999997,1
14250,2025-04-10 09:13:07+00:00,2025-04-10 09:13:07+00:00,93.9003846153846,0.2230769230769231,41.0953846153846,108.75653846153844,24.95653846153846,26.59115384615384,1.0476923076923077,64.54615384615386,0.001243,0.001097,0.004853,16.138846153846135,1
14261,2025-04-10 09:13:21+00:00,2025-04-10 09:13:21+00:00,35.616296296296305,0.1974074074074074,40.594074074074086,47.58185185185184,25.034444444444446,25.75592592592592,0.3844444444444445,65.59148148148148,0.00106,0.000747,0.003361,15.55962962962964,1
14265,2025-04-10 09:13:26+00:00,2025-04-10 09:13:26+00:00,24.893599999999992,0.1776,40.458,34.6652,25.0304,25.6496,0.3836,65.80679999999998,0.000917,0.000722,0.002688,15.427600000000002,1
14267,2025-04-10 09:13:29+00:00,2025-04-10 09:13:29+00:00,21.24384615384616,0.2007692307692308,40.33346153846154,31.09153846153845,25.054615384615374,25.544230769230776,0.381923076923077,65.87846153846154,0.000879,0.000677,0.002433,15.278846153846164,1
14270,2025-04-10 09:13:33+00:00,2025-04-10 09:13:33+00:00,19.4032,0.1808,40.2516,29.498800000000003,25.057599999999997,25.5012,0.38,65.9632,0.000853,0.00063,0.002214,15.194000000000004,1
14285,2025-04-10 09:13:53+00:00,2025-04-10 09:13:53+00:00,73.5548148148148,0.2274074074074074,40.33777777777778,87.68592592592596,25.150370370370368,26.15666666666667,0.3833333333333335,64.73666666666666,0.000945,0.000685,0.002419,15.187407407407411,1
14299,2025-04-10 09:14:11+00:00,2025-04-10 09:14:11+00:00,163.30999999999997,0.2157142857142857,40.86749999999999,181.8353571428572,25.18892857142856,27.48285714285713,1.641785714285714,63.14750000000002,0.001306,0.001047,0.004819,15.67857142857143,1
14307,2025-04-10 09:14:21+00:00,2025-04-10 09:14:21+00:00,202.50119999999995,0.2432,41.3676,223.57159999999996,25.2224,28.069599999999998,2.031999999999999,62.4028,0.001262,0.001214,0.005082,16.145200000000006,1
14312,2025-04-10 09:14:28+00:00,2025-04-10 09:14:28+00:00,216.8384615384616,0.2534615384615385,41.787692307692296,238.0542307692308,25.24000000000001,28.446923076923085,2.2238461538461527,62.113076923076925,0.001282,0.001218,0.004756,16.54769230769229,1
14344,2025-04-10 09:15:10+00:00,2025-04-10 09:15:10+00:00,79.58120000000002,0.1904,42.3432,92.46880000000004,25.39759999999999,26.85439999999999,0.38,64.89519999999999,0.001249,0.001025,0.004706,16.945600000000006,1
14348,2025-04-10 09:15:15+00:00,2025-04-10 09:15:15+00:00,58.48481481481484,0.1944444444444444,42.20740740740738,70.10481481481482,25.42888888888888,26.58037037037037,0.3840740740740742,65.2662962962963,0.001284,0.000921,0.004388,16.7785185185185,1
14352,2025-04-10 09:15:20+00:00,2025-04-10 09:15:20+00:00,39.935,0.1570833333333333,41.98791666666668,49.54749999999999,25.422500000000003,26.26833333333333,0.38,65.51416666666665,0.001088,0.00081,0.003527,16.565416666666675,1
14358,2025-04-10 09:15:28+00:00,2025-04-10 09:15:28+00:00,22.48115384615384,0.2003846153846154,41.63346153846153,32.56538461538464,25.482307692307696,25.97807692307692,0.3800000000000001,65.995,0.000927,0.00066,0.002477,16.151153846153836,1
14363,2025-04-10 09:15:35+00:00,2025-04-10 09:15:35+00:00,21.025769230769228,0.1896153846153846,41.47115384615386,31.1376923076923,25.51,25.973076923076924,0.3800000000000001,65.85961538461541,0.000812,0.000634,0.002063,15.961153846153865,1
14367,2025-04-10 09:15:40+00:00,2025-04-10 09:15:40+00:00,27.97521739130435,0.217391304347826,41.47391304347825,39.15304347826088,25.49521739130435,26.02086956521739,0.3821739130434782,65.67782608695651,0.000814,0.000656,0.001956,15.978695652173895,1
14368,2025-04-10 09:15:41+00:00,2025-04-10 09:15:41+00:00,29.453913043478245,0.1960869565217391,41.39217391304348,40.30521739130436,25.50521739130435,26.05565217391305,0.3869565217391305,65.73434782608693,0.000814,0.000686,0.001948,15.88695652173913,1
14412,2025-04-10 09:16:42+00:00,2025-04-10 09:16:42+00:00,207.8380769230769,0.2253846153846155,43.33576923076923,227.3207692307692,25.62807692307692,28.83000000000001,2.1684615384615387,62.274615384615394,0.001251,0.001151,0.003965,17.70769230769231,1
14421,2025-04-10 09:16:53+00:00,2025-04-10 09:16:53+00:00,167.2669230769231,0.1988461538461538,43.49730769230769,184.24307692307687,25.626153846153844,28.39923076923077,1.7473076923076922,63.29423076923078,0.001166,0.001118,0.00387,17.87115384615385,1
14424,2025-04-10 09:16:57+00:00,2025-04-10 09:16:57+00:00,148.06125,0.2120833333333334,43.48416666666666,166.16750000000002,25.675416666666663,28.12166666666667,1.6004166666666668,63.60083333333332,0.001126,0.00112,0.003992,17.808749999999996,1
14433,2025-04-10 09:17:09+00:00,2025-04-10 09:17:09+00:00,85.26888888888891,0.1940740740740741,43.128518518518526,98.9122222222222,25.68888888888888,27.233333333333327,0.7096296296296295,64.83444444444444,0.001165,0.001034,0.004455,17.43962962962965,1
14446,2025-04-10 09:17:26+00:00,2025-04-10 09:17:26+00:00,25.39304347826087,0.1682608695652174,42.43086956521739,34.55869565217392,25.75782608695652,26.32695652173913,0.38,65.82782608695653,0.000908,0.000682,0.002616,16.673043478260873,1
14477,2025-04-10 09:18:07+00:00,2025-04-10 09:18:07+00:00,142.91538461538457,0.2142307692307692,42.41192307692309,160.0473076923077,25.840769230769222,27.815384615384623,1.498461538461539,63.55961538461538,0.001277,0.000942,0.004405,16.571153846153862,1
14488,2025-04-10 09:18:21+00:00,2025-04-10 09:18:21+00:00,201.95919999999995,0.2544,42.8888,222.3696,25.882,28.81240000000001,2.080799999999999,62.408,0.001199,0.001204,0.00473,17.006800000000005,1
14549,2025-04-10 09:19:41+00:00,2025-04-10 09:19:41+00:00,29.449230769230763,0.198076923076923,42.54500000000001,38.943461538461534,26.17346153846153,26.67423076923077,0.3788461538461539,65.72692307692306,0.000812,0.000659,0.001847,16.371538461538474,1
14551,2025-04-10 09:19:44+00:00,2025-04-10 09:19:44+00:00,36.87999999999999,0.2045833333333333,42.60416666666666,47.52208333333334,26.205416666666668,26.74875,0.38,65.58583333333333,0.000785,0.000651,0.001842,16.398749999999996,1
14564,2025-04-10 09:20:01+00:00,2025-04-10 09:20:01+00:00,111.29535714285711,0.1964285714285714,42.77535714285714,125.73857142857142,26.25821428571428,27.77714285714286,1.2049999999999998,64.17107142857142,0.001087,0.000841,0.003266,16.517142857142858,1
14565,2025-04-10 09:20:02+00:00,2025-04-10 09:20:02+00:00,116.79296296296296,0.2074074074074074,42.82296296296298,131.3114814814815,26.25814814814814,27.91518518518519,1.261481481481482,64.1062962962963,0.001126,0.00083,0.003496,16.56481481481484,1
14606,2025-04-10 09:20:56+00:00,2025-04-10 09:20:56+00:00,153.1879166666667,0.22,44.39541666666667,171.21624999999997,26.395,28.9825,1.6620833333333331,63.55916666666669,0.001185,0.001127,0.004088,18.000416666666673,1
14608,2025-04-10 09:20:59+00:00,2025-04-10 09:20:59+00:00,138.9124,0.1992,44.2772,154.10520000000005,26.40760000000001,28.7292,1.5332,63.802400000000006,0.001141,0.001123,0.00425,17.869599999999995,1
14610,2025-04-10 09:21:01+00:00,2025-04-10 09:21:01+00:00,128.7664,0.2028,44.274800000000006,143.8888,26.424399999999995,28.632400000000008,1.4356,63.9964,0.001148,0.001125,0.004432,17.85040000000001,1
14621,2025-04-10 09:21:16+00:00,2025-04-10 09:21:16+00:00,55.42964285714284,0.2317857142857143,43.68892857142856,67.54071428571429,26.481071428571443,27.593928571428567,0.380357142857143,65.33892857142858,0.001216,0.000906,0.004248,17.20785714285711,1
14624,2025-04-10 09:21:20+00:00,2025-04-10 09:21:20+00:00,40.44892857142857,0.1517857142857143,43.57285714285714,50.19678571428575,26.47428571428572,27.37071428571429,0.3796428571428572,65.68,0.0011,0.000799,0.003632,17.098571428571418,1
14636,2025-04-10 09:21:35+00:00,2025-04-10 09:21:35+00:00,20.31821428571428,0.1714285714285714,43.021428571428594,28.632857142857144,26.56392857142856,26.924642857142853,0.3703571428571428,66.00000000000001,0.000829,0.000677,0.00199,16.45750000000003,1
14655,2025-04-10 09:22:00+00:00,2025-04-10 09:22:00+00:00,105.0348,0.2068,43.1176,119.24439999999998,26.574000000000005,28.01880000000001,1.1544000000000003,64.24479999999998,0.001058,0.000797,0.003142,16.54359999999999,1
14664,2025-04-10 09:22:12+00:00,2025-04-10 09:22:12+00:00,166.09040000000002,0.228,43.3284,183.36119999999997,26.6076,28.9088,1.7232000000000005,63.12999999999999,0.001275,0.00104,0.004713,16.7208,1
14669,2025-04-10 09:22:19+00:00,2025-04-10 09:22:19+00:00,194.61333333333332,0.2229629629629629,43.47703703703704,213.3585185185185,26.60666666666668,29.36185185185184,2.020740740740742,62.66518518518517,0.001231,0.001163,0.005,16.87037037037036,1
14683,2025-04-10 09:22:37+00:00,2025-04-10 09:22:37+00:00,218.3722222222222,0.2344444444444444,44.318888888888885,237.0266666666668,26.63407407407406,29.95925925925926,2.362962962962964,61.99111111111113,0.001263,0.001175,0.004784,17.684814814814825,1
14690,2025-04-10 09:22:46+00:00,2025-04-10 09:22:46+00:00,196.6308,0.2520000000000001,44.58840000000001,216.5156000000001,26.670399999999997,29.742400000000004,2.0816,62.644000000000034,0.001251,0.00116,0.004265,17.918000000000013,1
14718,2025-04-10 09:23:23+00:00,2025-04-10 09:23:23+00:00,32.86291666666667,0.1883333333333333,43.69583333333333,42.3725,26.718333333333337,27.456249999999997,0.3795833333333333,65.68958333333332,0.001033,0.00073,0.003181,16.977499999999996,1
14727,2025-04-10 09:23:35+00:00,2025-04-10 09:23:35+00:00,20.208076923076927,0.1892307692307692,43.34423076923076,29.548076923076923,26.77730769230768,27.181153846153848,0.3699999999999999,65.98038461538461,0.000834,0.000676,0.002039,16.566923076923082,1
14740,2025-04-10 09:23:52+00:00,2025-04-10 09:23:52+00:00,66.45041666666667,0.2170833333333333,43.29416666666668,78.44666666666666,26.793750000000006,27.668333333333333,0.3720833333333335,64.97291666666668,0.000887,0.000681,0.002161,16.50041666666667,1
14781,2025-04-10 09:24:45+00:00,2025-04-10 09:24:45+00:00,199.911724137931,0.2337931034482759,44.77068965517242,220.79034482758632,26.8496551724138,29.936896551724136,2.152758620689655,62.60068965517242,0.001333,0.001206,0.004779,17.92103448275862,1
14792,2025-04-10 09:25:00+00:00,2025-04-10 09:25:00+00:00,134.5545454545455,0.2236363636363636,44.81772727272728,150.41727272727272,26.87181818181819,29.11636363636363,1.500454545454545,63.83363636363638,0.001283,0.001184,0.005025,17.945909090909087,1
14807,2025-04-10 09:25:19+00:00,2025-04-10 09:25:19+00:00,45.67478260869563,0.1660869565217391,44.10913043478261,55.4508695652174,26.90391304347825,27.846086956521745,0.37,65.5582608695652,0.001165,0.000833,0.003844,17.20521739130436,1
14808,2025-04-10 09:25:21+00:00,2025-04-10 09:25:21+00:00,38.72692307692308,0.1880769230769231,44.04615384615384,48.67961538461538,26.92461538461537,27.741538461538457,0.3684615384615384,65.67346153846152,0.001116,0.000785,0.003593,17.121538461538467,1
14843,2025-04-10 09:26:07+00:00,2025-04-10 09:26:07+00:00,140.2923076923077,0.2176923076923077,43.64192307692307,156.96076923076924,26.99346153846153,28.84384615384617,1.5042307692307697,63.65653846153847,0.001333,0.000957,0.004371,16.648461538461536,1
14856,2025-04-10 09:26:24+00:00,2025-04-10 09:26:24+00:00,208.2737037037037,0.2422222222222222,44.13703703703703,228.0322222222223,26.99777777777778,29.99444444444444,2.2133333333333334,62.36629629629629,0.001288,0.001217,0.005098,17.139259259259244,1
14872,2025-04-10 09:26:45+00:00,2025-04-10 09:26:45+00:00,201.07692307692312,0.2484615384615384,44.96269230769231,220.61230769230767,27.05730769230769,30.1476923076923,2.1465384615384613,62.58230769230768,0.001304,0.001207,0.00539,17.905384615384616,1
14881,2025-04-10 09:26:56+00:00,2025-04-10 09:26:56+00:00,157.20541666666665,0.2279166666666666,45.087499999999984,173.74541666666664,27.05083333333333,29.59291666666667,1.6987500000000002,63.47916666666666,0.001249,0.001167,0.004682,18.036666666666655,1
14885,2025-04-10 09:27:02+00:00,2025-04-10 09:27:02+00:00,126.28321428571428,0.1871428571428572,44.89178571428571,141.47500000000002,27.05571428571427,29.10321428571428,1.4371428571428564,64.1567857142857,0.001242,0.001179,0.004956,17.83607142857144,1
14901,2025-04-10 09:27:23+00:00,2025-04-10 09:27:23+00:00,33.240454545454554,0.1786363636363636,44.160454545454535,43.232272727272736,27.102272727272737,27.843181818181822,0.3681818181818181,65.71227272727275,0.001094,0.000768,0.003303,17.058181818181797,1
14922,2025-04-10 09:27:50+00:00,2025-04-10 09:27:50+00:00,56.12384615384615,0.2142307692307692,43.725,68.55230769230769,27.11923076923077,27.91346153846153,0.3688461538461537,65.05115384615382,0.00091,0.000665,0.00213,16.60576923076922,1
14929,2025-04-10 09:27:59+00:00,2025-04-10 09:27:59+00:00,97.7148,0.1912000000000001,43.7884,112.6504,27.124,28.40600000000001,1.1083999999999998,64.41080000000002,0.001128,0.000768,0.002958,16.6644,1
14934,2025-04-10 09:28:06+00:00,2025-04-10 09:28:06+00:00,133.67296296296297,0.217037037037037,43.79703703703704,149.9837037037037,27.125925925925927,28.91185185185186,1.4459259259259256,63.88222222222222,0.001324,0.000916,0.004248,16.67111111111111,1
14968,2025-04-10 09:28:52+00:00,2025-04-10 09:28:52+00:00,174.92416666666668,0.2229166666666666,45.22666666666667,193.27416666666664,27.193333333333342,29.99,1.86625,63.09333333333333,0.001274,0.001142,0.004236,18.033333333333324,1
14998,2025-04-10 09:29:31+00:00,2025-04-10 09:29:31+00:00,20.015652173913043,0.1717391304347826,44.10086956521738,29.066086956521744,27.17521739130435,27.67173913043478,0.3600000000000001,65.94521739130435,0.000844,0.000689,0.002319,16.92565217391303,1
15016,2025-04-10 09:29:55+00:00,2025-04-10 09:29:55+00:00,76.95652173913042,0.1678260869565217,43.759565217391305,88.82217391304349,27.19304347826086,28.196521739130425,0.3652173913043479,64.70478260869567,0.000944,0.000679,0.002342,16.566521739130444,1
15023,2025-04-10 09:30:04+00:00,2025-04-10 09:30:04+00:00,122.66518518518522,0.2222222222222222,43.86370370370369,137.71185185185183,27.18925925925927,28.831851851851848,1.3374074074074074,63.7785185185185,0.001212,0.000849,0.003683,16.674444444444422,1
15034,2025-04-10 09:30:18+00:00,2025-04-10 09:30:18+00:00,188.16433333333327,0.2329999999999999,44.16900000000001,207.95866666666663,27.227333333333338,29.82699999999999,1.9713333333333332,62.62599999999999,0.001343,0.001125,0.005208,16.941666666666674,1
15052,2025-04-10 09:30:42+00:00,2025-04-10 09:30:42+00:00,209.332,0.2516,45.1272,230.39200000000005,27.2592,30.458400000000005,2.2764,62.22000000000003,0.001371,0.001215,0.004798,17.868,1
15081,2025-04-10 09:31:20+00:00,2025-04-10 09:31:20+00:00,43.59879999999998,0.1779999999999999,44.61080000000001,53.58520000000002,27.2608,28.174000000000007,0.3648,65.5116,0.001228,0.000812,0.003864,17.350000000000012,1
15097,2025-04-10 09:31:41+00:00,2025-04-10 09:31:41+00:00,27.091034482758623,0.1627586206896551,43.992413793103445,36.32689655172413,27.300689655172405,27.79172413793103,0.3617241379310344,65.72,0.000837,0.000698,0.00194,16.69172413793104,1
15109,2025-04-10 09:31:57+00:00,2025-04-10 09:31:57+00:00,85.76363636363634,0.1872727272727273,43.894090909090885,97.43136363636364,27.334545454545445,28.45909090909091,0.8513636363636365,64.5559090909091,0.001018,0.000755,0.002595,16.55954545454544,1
15113,2025-04-10 09:32:02+00:00,2025-04-10 09:32:02+00:00,111.23120000000006,0.2143999999999999,43.96240000000001,125.51639999999996,27.326399999999985,28.7972,1.2311999999999994,64.20999999999998,0.001137,0.000807,0.00331,16.636000000000028,1
15115,2025-04-10 09:32:04+00:00,2025-04-10 09:32:04+00:00,121.16619047619052,0.1957142857142857,43.98619047619048,136.08142857142852,27.32238095238096,28.92952380952382,1.3338095238095238,63.95619047619047,0.001249,0.000864,0.003848,16.663809523809523,1
15128,2025-04-10 09:32:21+00:00,2025-04-10 09:32:21+00:00,198.8944444444444,0.2292592592592592,44.44999999999999,217.5181481481481,27.370740740740743,30.19888888888888,2.1062962962962968,62.466296296296285,0.001412,0.001212,0.005576,17.079259259259246,1
15130,2025-04-10 09:32:24+00:00,2025-04-10 09:32:24+00:00,207.34590909090917,0.2390909090909091,44.51499999999999,226.96727272727276,27.36454545454546,30.33545454545456,2.2154545454545453,62.32818181818181,0.001391,0.001253,0.005475,17.150454545454533,1
15132,2025-04-10 09:32:27+00:00,2025-04-10 09:32:27+00:00,213.575652173913,0.2191304347826087,44.62086956521739,233.6156521739131,27.379130434782606,30.445652173913054,2.3121739130434777,62.11391304347825,0.001374,0.001229,0.005318,17.241739130434784,1
15140,2025-04-10 09:32:37+00:00,2025-04-10 09:32:37+00:00,217.50740740740744,0.237037037037037,45.08333333333331,238.09703703703704,27.388148148148144,30.62481481481482,2.393333333333333,62.12074074074072,0.001383,0.001226,0.005026,17.695185185185164,1
15141,2025-04-10 09:32:38+00:00,2025-04-10 09:32:38+00:00,216.59434782608696,0.2230434782608696,45.11391304347826,237.04478260869564,27.387826086956515,30.625217391304343,2.38304347826087,62.09304347826088,0.001411,0.001232,0.005013,17.726086956521748,1
15147,2025-04-10 09:32:46+00:00,2025-04-10 09:32:46+00:00,198.61041666666665,0.2245833333333333,45.39166666666669,218.78583333333336,27.39208333333332,30.483750000000004,2.138333333333333,62.52208333333334,0.001401,0.001224,0.005053,17.999583333333366,1
15150,2025-04-10 09:32:50+00:00,2025-04-10 09:32:50+00:00,184.7445454545455,0.2331818181818182,45.422272727272734,204.54681818181817,27.398181818181826,30.32636363636364,1.9731818181818184,62.85318181818183,0.001364,0.001197,0.005002,18.024090909090912,1
15160,2025-04-10 09:33:03+00:00,2025-04-10 09:33:03+00:00,122.61307692307687,0.1903846153846154,45.33576923076924,137.97,27.384999999999994,29.45807692307693,1.4069230769230765,64.07076923076924,0.001362,0.001174,0.005392,17.950769230769243,1
15181,2025-04-10 09:33:31+00:00,2025-04-10 09:33:31+00:00,20.765384615384612,0.165,44.17999999999999,29.775769230769235,27.3876923076923,27.920384615384616,0.36,65.87653846153847,0.000867,0.000679,0.002343,16.792307692307684,1
15189,2025-04-10 09:33:41+00:00,2025-04-10 09:33:41+00:00,26.51347826086956,0.158695652173913,44.06391304347826,36.26260869565216,27.43130434782608,27.88478260869565,0.3652173913043478,65.73869565217393,0.000778,0.000723,0.001838,16.632608695652177,1
15201,2025-04-10 09:33:57+00:00,2025-04-10 09:33:57+00:00,85.62758620689658,0.2086206896551725,44.09379310344829,98.11344827586204,27.44620689655172,28.60758620689656,0.8351724137931036,64.59275862068965,0.000979,0.000763,0.002585,16.647586206896563,1
15205,2025-04-10 09:34:02+00:00,2025-04-10 09:34:02+00:00,111.21259259259256,0.1922222222222222,44.12851851851851,125.27666666666671,27.461851851851858,28.95296296296298,1.2362962962962964,64.04703703703706,0.001132,0.000798,0.003317,16.666666666666654,1
15219,2025-04-10 09:34:21+00:00,2025-04-10 09:34:21+00:00,197.47444444444443,0.2377777777777777,44.51481481481482,217.31592592592597,27.476666666666677,30.28222222222223,2.101481481481481,62.4188888888889,0.001325,0.001167,0.005259,17.038148148148146,1
15275,2025-04-10 09:35:35+00:00,2025-04-10 09:35:35+00:00,20.2672,0.168,44.264,29.360399999999995,27.53559999999999,28.0148,0.3600000000000001,65.93160000000002,0.000815,0.000676,0.002055,16.72840000000001,1
15281,2025-04-10 09:35:43+00:00,2025-04-10 09:35:43+00:00,30.66153846153845,0.1776923076923077,44.19230769230769,40.67346153846154,27.542307692307688,28.04961538461537,0.36,65.52423076923078,0.000794,0.000689,0.001872,16.650000000000006,1
15305,2025-04-10 09:36:15+00:00,2025-04-10 09:36:15+00:00,173.5004,0.2208,44.3916,192.1208,27.57080000000001,29.966800000000013,1.8347999999999995,62.87159999999999,0.001392,0.001061,0.00509,16.82079999999999,1
15306,2025-04-10 09:36:16+00:00,2025-04-10 09:36:16+00:00,178.74999999999997,0.24,44.40407407407407,197.81333333333333,27.59296296296297,30.08592592592592,1.883333333333332,62.9051851851852,0.001409,0.001088,0.005215,16.811111111111096,1
15317,2025-04-10 09:36:30+00:00,2025-04-10 09:36:30+00:00,217.44392857142847,0.1964285714285714,44.94178571428571,237.36357142857145,27.60892857142857,30.75714285714286,2.3989285714285717,62.120357142857166,0.001404,0.001246,0.004973,17.332857142857133,1
15351,2025-04-10 09:37:15+00:00,2025-04-10 09:37:15+00:00,64.42423076923077,0.2026923076923078,45.074615384615385,77.59653846153847,27.641153846153838,28.84576923076924,0.3642307692307692,65.09384615384614,0.001402,0.000975,0.004786,17.43346153846155,1
15357,2025-04-10 09:37:23+00:00,2025-04-10 09:37:23+00:00,35.25615384615385,0.1957692307692307,44.79192307692309,45.88230769230768,27.626923076923077,28.40730769230769,0.3626923076923077,65.6669230769231,0.001103,0.000756,0.003391,17.165000000000017,1
15404,2025-04-10 09:38:26+00:00,2025-04-10 09:38:26+00:00,210.9519047619048,0.2409523809523809,44.9109523809524,231.1057142857142,27.74142857142857,30.75904761904761,2.296190476190476,62.27857142857143,0.001356,0.001175,0.004838,17.16952380952382,1
15437,2025-04-10 09:39:09+00:00,2025-04-10 09:39:09+00:00,93.56407407407411,0.1948148148148148,45.46037037037036,106.9911111111111,27.77407407407406,29.421111111111102,1.1348148148148154,64.53592592592592,0.001274,0.001057,0.004792,17.6862962962963,1
15471,2025-04-10 09:39:54+00:00,2025-04-10 09:39:54+00:00,68.78222222222225,0.1851851851851852,44.325555555555546,80.40555555555558,27.827037037037044,28.767407407407404,0.3800000000000001,64.86185185185184,0.000901,0.000714,0.002143,16.4985185185185,1
15476,2025-04-10 09:40:00+00:00,2025-04-10 09:40:00+00:00,98.0204761904762,0.1923809523809524,44.38380952380952,112.2814285714286,27.818095238095243,29.12238095238095,1.1338095238095238,64.3047619047619,0.001014,0.00078,0.002832,16.565714285714275,1
15486,2025-04-10 09:40:13+00:00,2025-04-10 09:40:13+00:00,164.05840000000003,0.2108,44.5416,180.35400000000004,27.838800000000003,30.074799999999996,1.7523999999999995,63.13119999999998,0.001376,0.001013,0.004829,16.702799999999993,1
15489,2025-04-10 09:40:17+00:00,2025-04-10 09:40:17+00:00,181.6718181818181,0.2254545454545455,44.585,200.2086363636364,27.84636363636364,30.347272727272728,1.9390909090909088,62.784545454545466,0.00137,0.001145,0.005132,16.73863636363636,1
15499,2025-04-10 09:40:30+00:00,2025-04-10 09:40:30+00:00,217.0685185185185,0.2340740740740741,45.15925925925927,236.9981481481481,27.87222222222222,31.00407407407408,2.412962962962963,62.05518518518519,0.00127,0.001178,0.00544,17.287037037037045,1
15506,2025-04-10 09:40:40+00:00,2025-04-10 09:40:40+00:00,215.37413793103448,0.2410344827586207,45.57896551724138,235.46586206896552,27.87379310344827,31.12724137931034,2.4041379310344837,62.21034482758623,0.001297,0.001174,0.004432,17.705172413793107,1
15518,2025-04-10 09:40:55+00:00,2025-04-10 09:40:55+00:00,166.48636363636354,0.1922727272727273,45.84363636363636,183.5072727272727,27.890909090909087,30.56363636363637,1.8327272727272728,63.23954545454544,0.00126,0.001156,0.004581,17.95272727272727,1
15525,2025-04-10 09:41:04+00:00,2025-04-10 09:41:04+00:00,120.83,0.2057692307692308,45.60307692307692,135.8311538461538,27.88615384615384,29.940384615384616,1.4169230769230765,64.0476923076923,0.001314,0.001192,0.005057,17.71692307692308,1
15527,2025-04-10 09:41:07+00:00,2025-04-10 09:41:07+00:00,104.98833333333336,0.1895833333333333,45.622083333333336,118.60541666666664,27.887499999999992,29.758750000000006,1.2558333333333331,64.36291666666666,0.001322,0.001144,0.00512,17.734583333333344,1
15550,2025-04-10 09:41:37+00:00,2025-04-10 09:41:37+00:00,20.833846153846142,0.2057692307692308,44.53038461538461,30.04269230769231,27.92269230769232,28.36000000000001,0.3746153846153844,65.97423076923077,0.000828,0.000677,0.002019,16.607692307692297,1
15555,2025-04-10 09:41:44+00:00,2025-04-10 09:41:44+00:00,32.01125,0.1679166666666667,44.45166666666668,41.75416666666668,27.93666666666667,28.44416666666667,0.38,65.68166666666666,0.000786,0.000699,0.00192,16.515000000000004,1
15613,2025-04-10 09:43:00+00:00,2025-04-10 09:43:00+00:00,142.05035714285717,0.2239285714285714,45.8742857142857,160.05214285714283,28.07071428571428,30.415714285714284,1.6232142857142862,63.631071428571424,0.001379,0.001249,0.005238,17.80357142857142,1
15616,2025-04-10 09:43:04+00:00,2025-04-10 09:43:04+00:00,122.34359999999998,0.1672,45.8296,136.45960000000002,28.05479999999999,30.1576,1.4432000000000005,64.07879999999999,0.001414,0.001242,0.005491,17.77480000000001,1
15638,2025-04-10 09:43:33+00:00,2025-04-10 09:43:33+00:00,19.727916666666665,0.1708333333333333,44.73583333333334,28.538750000000007,28.075,28.557083333333328,0.3808333333333333,65.97541666666667,0.000892,0.000722,0.00233,16.66083333333334,1
15640,2025-04-10 09:43:35+00:00,2025-04-10 09:43:35+00:00,20.086428571428563,0.1928571428571429,44.66535714285713,29.63821428571428,28.08642857142858,28.49535714285714,0.3800000000000001,65.86749999999999,0.000878,0.000727,0.002173,16.578928571428552,1
15655,2025-04-10 09:43:55+00:00,2025-04-10 09:43:55+00:00,71.81923076923078,0.1834615384615385,44.55961538461539,83.8596153846154,28.09115384615385,29.05230769230769,0.3861538461538462,64.83269230769233,0.000941,0.000731,0.002339,16.46846153846154,1
15664,2025-04-10 09:44:07+00:00,2025-04-10 09:44:07+00:00,132.09076923076927,0.1992307692307693,44.56769230769231,147.2296153846154,28.09653846153848,29.870769230769238,1.492692307692308,63.72192307692309,0.001396,0.000917,0.004181,16.471153846153825,1
15673,2025-04-10 09:44:18+00:00,2025-04-10 09:44:18+00:00,183.3103846153846,0.2276923076923077,44.88269230769232,202.14384615384603,28.118461538461546,30.706923076923083,1.9853846153846144,62.748461538461534,0.001509,0.001217,0.005639,16.76423076923077,1
15676,2025-04-10 09:44:24+00:00,2025-04-10 09:44:24+00:00,204.73222222222216,0.2148148148148148,45.05370370370369,223.2733333333333,28.13666666666667,31.046296296296287,2.2592592592592595,62.33962962962963,0.001337,0.00118,0.004738,16.91703703703702,1
15680,2025-04-10 09:44:29+00:00,2025-04-10 09:44:29+00:00,214.7175000000001,0.2474999999999999,45.297083333333326,235.81499999999997,28.124166666666664,31.29291666666666,2.4091666666666662,62.16583333333332,0.001304,0.001174,0.004138,17.172916666666662,1
15700,2025-04-10 09:44:55+00:00,2025-04-10 09:44:55+00:00,167.5852,0.1784,46.07640000000001,184.93160000000003,28.176399999999997,30.887600000000003,1.8656000000000008,63.3344,0.001299,0.001186,0.004619,17.900000000000013,1
15712,2025-04-10 09:45:11+00:00,2025-04-10 09:45:11+00:00,86.25037037037039,0.2107407407407407,45.73037037037035,100.0096296296296,28.211111111111126,29.75222222222223,1.0896296296296295,64.73222222222223,0.001368,0.001113,0.004984,17.519259259259226,1
15718,2025-04-10 09:45:19+00:00,2025-04-10 09:45:19+00:00,51.15416666666667,0.18125,45.34125,62.47291666666666,28.223333333333333,29.199999999999992,0.38,65.31625000000001,0.00132,0.000873,0.00429,17.117916666666662,1
15736,2025-04-10 09:45:42+00:00,2025-04-10 09:45:42+00:00,26.79925925925925,0.1588888888888889,44.655555555555566,36.5537037037037,28.246666666666677,28.665185185185177,0.3800000000000001,65.7074074074074,0.000876,0.000744,0.001905,16.408888888888892,1
15738,2025-04-10 09:45:45+00:00,2025-04-10 09:45:45+00:00,34.22192307692307,0.1788461538461539,44.59192307692307,43.693461538461534,28.23269230769231,28.74269230769231,0.3769230769230767,65.34346153846155,0.000823,0.000716,0.001903,16.359230769230756,1
15739,2025-04-10 09:45:46+00:00,2025-04-10 09:45:46+00:00,37.00000000000001,0.1975862068965517,44.63758620689656,47.50034482758621,28.23517241379311,28.847241379310358,0.3786206896551725,65.39379310344829,0.000836,0.000717,0.001928,16.40241379310345,1
15755,2025-04-10 09:46:07+00:00,2025-04-10 09:46:07+00:00,131.51230769230773,0.2323076923076923,44.75038461538461,148.6842307692308,28.26115384615384,30.071923076923063,1.4865384615384611,63.74692307692307,0.001372,0.000911,0.004193,16.489230769230765,1
15792,2025-04-10 09:46:56+00:00,2025-04-10 09:46:56+00:00,164.55629629629635,0.222962962962963,46.17962962962964,181.54518518518515,28.336296296296297,30.96925925925926,1.8207407407407408,63.222962962962974,0.001343,0.001204,0.005165,17.84333333333334,1
15814,2025-04-10 09:47:25+00:00,2025-04-10 09:47:25+00:00,32.184000000000005,0.1876,45.24040000000001,42.22159999999999,28.3316,29.0636,0.3788000000000001,65.53039999999999,0.001087,0.000834,0.003315,16.908800000000006,1
15826,2025-04-10 09:47:40+00:00,2025-04-10 09:47:40+00:00,22.736666666666665,0.1792592592592592,44.7525925925926,32.545555555555566,28.38185185185185,28.776666666666664,0.3748148148148147,65.75592592592592,0.000808,0.000778,0.001977,16.37074074074075,1
15831,2025-04-10 09:47:47+00:00,2025-04-10 09:47:47+00:00,39.19448275862069,0.1958620689655172,44.75206896551724,50.76172413793103,28.374827586206894,28.981034482758627,0.3772413793103446,65.41758620689653,0.000816,0.00072,0.001974,16.37724137931034,1
15834,2025-04-10 09:47:51+00:00,2025-04-10 09:47:51+00:00,53.47499999999998,0.1703846153846154,44.72500000000001,64.64730769230772,28.37423076923077,29.10807692307692,0.3726923076923079,65.19423076923077,0.000852,0.000706,0.002079,16.350769230769238,1
15835,2025-04-10 09:47:52+00:00,2025-04-10 09:47:52+00:00,57.48346153846155,0.1796153846153846,44.71307692307692,68.4723076923077,28.37807692307692,29.17346153846153,0.3746153846153844,65.06307692307695,0.000864,0.000733,0.002131,16.334999999999997,1
15842,2025-04-10 09:48:01+00:00,2025-04-10 09:48:01+00:00,100.45291666666668,0.19875,44.83625,113.17874999999997,28.39291666666666,29.739166666666662,1.1658333333333335,64.24,0.00107,0.000785,0.003033,16.44333333333334,1
15849,2025-04-10 09:48:10+00:00,2025-04-10 09:48:10+00:00,145.57119999999998,0.1992,44.8524,162.0924,28.403999999999986,30.396399999999996,1.612,63.472400000000015,0.001477,0.001005,0.004816,16.44840000000001,1
15875,2025-04-10 09:48:45+00:00,2025-04-10 09:48:45+00:00,205.94928571428565,0.2182142857142857,46.13749999999999,224.8842857142857,28.42785714285714,31.59571428571429,2.3025,62.38392857142859,0.001291,0.001177,0.004197,17.70964285714285,1
15881,2025-04-10 09:48:52+00:00,2025-04-10 09:48:52+00:00,182.132,0.22,46.284,200.1264,28.458800000000007,31.3572,1.9971999999999988,62.93999999999999,0.001277,0.001151,0.004145,17.82519999999999,1
15887,2025-04-10 09:49:00+00:00,2025-04-10 09:49:00+00:00,145.97521739130437,0.221304347826087,46.29217391304347,161.8578260869565,28.472608695652173,30.867826086956534,1.6595652173913038,63.59695652173912,0.001224,0.001154,0.004338,17.819565217391297,1
15890,2025-04-10 09:49:04+00:00,2025-04-10 09:49:04+00:00,123.78000000000004,0.207037037037037,46.191851851851865,139.11333333333334,28.49,30.56629629629629,1.4659259259259263,64.01703703703703,0.001255,0.001164,0.004653,17.701851851851863,1
15927,2025-04-10 09:49:53+00:00,2025-04-10 09:49:53+00:00,60.91730769230768,0.1903846153846153,44.80576923076921,72.90076923076926,28.51461538461538,29.31884615384614,0.3773076923076921,64.91884615384616,0.000883,0.000727,0.002026,16.29115384615383,1
15946,2025-04-10 09:50:18+00:00,2025-04-10 09:50:18+00:00,182.62269230769223,0.2088461538461538,45.19576923076924,201.16153846153844,28.570000000000007,31.126538461538452,2.002307692307692,62.773846153846165,0.001366,0.001105,0.005056,16.62576923076923,1
15964,2025-04-10 09:50:41+00:00,2025-04-10 09:50:41+00:00,215.08958333333328,0.2374999999999999,46.17041666666668,234.94833333333332,28.58666666666668,31.85916666666668,2.44625,62.09916666666668,0.001333,0.001168,0.003961,17.583750000000006,1
15966,2025-04-10 09:50:44+00:00,2025-04-10 09:50:44+00:00,207.79208333333332,0.2229166666666667,46.30250000000001,228.3191666666667,28.58583333333334,31.78791666666668,2.356666666666668,62.33291666666667,0.001309,0.001173,0.003933,17.71666666666667,1
15977,2025-04-10 09:50:58+00:00,2025-04-10 09:50:58+00:00,155.30857142857144,0.2149999999999999,46.38892857142859,173.30285714285716,28.61142857142858,31.136785714285715,1.7503571428571425,63.56000000000001,0.001299,0.001171,0.003986,17.777500000000014,1
15985,2025-04-10 09:51:09+00:00,2025-04-10 09:51:09+00:00,99.1856,0.1848,46.088,113.21719999999998,28.614000000000004,30.368800000000007,1.2167999999999997,64.522,0.001359,0.001131,0.004602,17.473999999999997,1
15994,2025-04-10 09:51:20+00:00,2025-04-10 09:51:20+00:00,48.65407407407407,0.207037037037037,45.6662962962963,59.730740740740735,28.617407407407413,29.640370370370373,0.3699999999999999,65.36148148148148,0.001156,0.000834,0.0035,17.04888888888889,1
16000,2025-04-10 09:51:28+00:00,2025-04-10 09:51:28+00:00,26.23571428571429,0.1838095238095238,45.33095238095239,36.3152380952381,28.65,29.2252380952381,0.37,65.72904761904763,0.001136,0.000763,0.00232,16.68095238095239,1
16006,2025-04-10 09:51:36+00:00,2025-04-10 09:51:36+00:00,19.976666666666667,0.1907407407407407,45.080000000000005,29.235555555555557,28.64296296296296,29.040740740740738,0.3699999999999999,65.96037037037038,0.001137,0.000757,0.002176,16.437037037037047,1
16015,2025-04-10 09:51:48+00:00,2025-04-10 09:51:48+00:00,40.9744,0.1772,44.93159999999999,51.3152,28.666799999999995,29.2464,0.3739999999999999,65.2904,0.001164,0.000774,0.002026,16.264799999999994,1
16036,2025-04-10 09:52:16+00:00,2025-04-10 09:52:16+00:00,173.234,0.2211999999999999,45.26240000000001,191.35480000000004,28.68960000000001,31.10840000000001,1.8891999999999995,62.954400000000014,0.001674,0.00113,0.004807,16.5728,1
16041,2025-04-10 09:52:22+00:00,2025-04-10 09:52:22+00:00,196.57038461538465,0.2407692307692306,45.491923076923065,215.04269230769225,28.697692307692304,31.513846153846146,2.16,62.49115384615384,0.001326,0.001238,0.005026,16.79423076923076,1
16046,2025-04-10 09:52:29+00:00,2025-04-10 09:52:29+00:00,214.13730769230773,0.2357692307692308,45.666153846153854,234.17038461538456,28.69653846153847,31.76846153846154,2.4257692307692302,62.03538461538463,0.001241,0.001191,0.004475,16.969615384615384,1
16055,2025-04-10 09:52:40+00:00,2025-04-10 09:52:40+00:00,215.77304347826092,0.2582608695652174,46.11695652173914,237.2678260869565,28.74782608695653,31.94086956521739,2.462608695652174,62.00521739130436,0.001342,0.00119,0.003935,17.369130434782612,1
16069,2025-04-10 09:52:59+00:00,2025-04-10 09:52:59+00:00,151.10478260869564,0.2069565217391304,46.46043478260868,168.60913043478266,28.755217391304345,31.229130434782608,1.717826086956522,63.49304347826087,0.0016,0.001244,0.004355,17.705217391304338,1
16124,2025-04-10 09:54:12+00:00,2025-04-10 09:54:12+00:00,154.1108,0.2144,45.2108,170.63280000000003,28.82080000000001,30.9324,1.7080000000000002,63.3008,0.001707,0.001112,0.004671,16.38999999999999,1
16125,2025-04-10 09:54:13+00:00,2025-04-10 09:54:13+00:00,159.23222222222228,0.227037037037037,45.2562962962963,176.73000000000005,28.82740740740741,30.99111111111111,1.7414814814814816,63.27111111111111,0.001717,0.001128,0.004763,16.42888888888889,1
16136,2025-04-10 09:54:28+00:00,2025-04-10 09:54:28+00:00,211.81714285714295,0.2271428571428571,45.84214285714288,232.1278571428572,28.85892857142858,31.900714285714283,2.3878571428571425,62.075,0.001907,0.001355,0.005496,16.9832142857143,1
16139,2025-04-10 09:54:32+00:00,2025-04-10 09:54:32+00:00,218.33533333333327,0.2216666666666666,45.87499999999999,238.13766666666663,28.85300000000001,32.02333333333334,2.492,61.96866666666666,0.001793,0.001364,0.004932,17.021999999999974,1
16141,2025-04-10 09:54:34+00:00,2025-04-10 09:54:34+00:00,218.02636363636364,0.2431818181818182,46.01681818181819,239.1563636363636,28.84818181818182,32.095454545454544,2.502272727272727,61.95772727272729,0.001735,0.00133,0.004701,17.168636363636367,1
16154,2025-04-10 09:55:20+00:00,2025-04-10 09:55:20+00:00,49.89760000000001,0.1795999999999999,45.85839999999999,61.35319999999998,28.899599999999985,29.896,0.3699999999999999,65.32759999999999,0.001677,0.00097,0.004258,16.958800000000004,1
16157,2025-04-10 09:55:24+00:00,2025-04-10 09:55:24+00:00,36.20555555555557,0.1737037037037037,45.69037037037037,46.3051851851852,28.916666666666668,29.67407407407408,0.3699999999999999,65.59666666666669,0.001473,0.000862,0.003474,16.773703703703706,1
16161,2025-04-10 09:55:30+00:00,2025-04-10 09:55:30+00:00,23.51692307692307,0.1703846153846153,45.5046153846154,33.274230769230776,28.92346153846153,29.48307692307693,0.3688461538461537,65.86615384615381,0.001328,0.000799,0.002752,16.581153846153867,1
16166,2025-04-10 09:55:36+00:00,2025-04-10 09:55:36+00:00,19.352307692307697,0.1923076923076923,45.31769230769231,29.37307692307693,28.919999999999995,29.346923076923076,0.3699999999999999,65.80000000000001,0.001176,0.000751,0.002159,16.39769230769231,1
16182,2025-04-10 09:55:57+00:00,2025-04-10 09:55:57+00:00,76.28291666666667,0.1954166666666666,45.20250000000001,88.61124999999998,28.948750000000008,29.94250000000001,0.3699999999999999,64.7220833333333,0.001239,0.000802,0.002514,16.25375,1
16198,2025-04-10 09:57:16+00:00,2025-04-10 09:57:16+00:00,67.1168,0.1723999999999999,46.2252,79.2268,29.032799999999995,30.305599999999995,0.3636,65.03519999999999,0.001891,0.001094,0.00528,17.1924,1
16202,2025-04-10 09:57:21+00:00,2025-04-10 09:57:21+00:00,47.19416666666668,0.1791666666666667,46.00125,57.33166666666667,29.03583333333333,29.963333333333345,0.3679166666666666,65.37666666666665,0.00163,0.000959,0.004242,16.965416666666673,1
16211,2025-04-10 09:57:33+00:00,2025-04-10 09:57:33+00:00,21.17392857142857,0.1664285714285715,45.53357142857145,29.408928571428568,29.058214285714268,29.51428571428571,0.3657142857142855,66.03464285714283,0.00119,0.000786,0.002478,16.47535714285718,1
16226,2025-04-10 09:57:52+00:00,2025-04-10 09:57:52+00:00,54.30640000000001,0.1856,45.2236,64.9536,29.056400000000007,29.776,0.3632,65.08560000000003,0.001166,0.000756,0.00212,16.16719999999999,1
16228,2025-04-10 09:57:55+00:00,2025-04-10 09:57:55+00:00,67.49919999999999,0.1883999999999999,45.2684,78.55640000000001,29.05999999999998,29.960800000000003,0.3620000000000001,64.9344,0.001221,0.000775,0.002299,16.20840000000002,1
16238,2025-04-10 09:58:08+00:00,2025-04-10 09:58:08+00:00,132.0864,0.2,45.45719999999999,147.40120000000002,29.07320000000001,30.9144,1.4976000000000007,63.73360000000003,0.00167,0.000993,0.004169,16.38399999999998,1
16241,2025-04-10 09:58:12+00:00,2025-04-10 09:58:12+00:00,152.23961538461535,0.21,45.49615384615385,169.1711538461538,29.10076923076924,31.221923076923076,1.6919230769230773,63.40846153846155,0.001875,0.001111,0.004929,16.395384615384614,1
16245,2025-04-10 09:59:15+00:00,2025-04-10 09:59:15+00:00,73.17807692307692,0.1884615384615385,46.36115384615383,85.23500000000003,29.160384615384608,30.535384615384626,0.3746153846153846,64.82538461538464,0.001873,0.001099,0.005425,17.200769230769225,1
16248,2025-04-10 09:59:19+00:00,2025-04-10 09:59:19+00:00,55.83444444444444,0.1922222222222222,46.23370370370368,66.8788888888889,29.151111111111103,30.24851851851852,0.36,65.22370370370373,0.001752,0.001005,0.004817,17.082592592592572,1
16263,2025-04-10 09:59:39+00:00,2025-04-10 09:59:39+00:00,20.476296296296294,0.1785185185185184,45.44814814814814,30.71111111111112,29.187037037037022,29.59851851851853,0.36,65.82851851851852,0.001119,0.000737,0.002021,16.261111111111116,1
16276,2025-04-10 09:59:56+00:00,2025-04-10 09:59:56+00:00,70.56444444444445,0.184074074074074,45.39518518518519,83.03370370370374,29.2088888888889,30.16629629629629,0.36,64.89148148148146,0.001225,0.000815,0.002305,16.18629629629629,1
16284,2025-04-10 10:00:06+00:00,2025-04-10 10:00:06+00:00,121.54360000000004,0.2044,45.473600000000005,136.09320000000002,29.209200000000013,30.835600000000014,1.4092000000000005,63.8716,0.001599,0.000956,0.003835,16.26439999999999,1
16287,2025-04-10 10:00:10+00:00,2025-04-10 10:00:10+00:00,141.3862962962963,0.2196296296296296,45.44111111111112,157.36222222222224,29.23444444444445,31.158888888888896,1.5877777777777782,63.49814814814814,0.0018,0.001056,0.004624,16.206666666666674,1
16298,2025-04-10 10:01:22+00:00,2025-04-10 10:01:22+00:00,44.51,0.1674999999999999,46.11208333333333,55.72458333333333,29.281666666666656,30.168333333333333,0.3600000000000001,65.50375,0.001602,0.000938,0.00416,16.830416666666668,1
16303,2025-04-10 10:01:29+00:00,2025-04-10 10:01:29+00:00,26.809166666666677,0.1983333333333332,45.87625,35.95374999999999,29.31333333333333,29.912083333333328,0.3499999999999998,65.76833333333332,0.001337,0.000825,0.002989,16.56291666666667,1
16308,2025-04-10 10:01:35+00:00,2025-04-10 10:01:35+00:00,19.898148148148145,0.16,45.69888888888891,28.777037037037037,29.31333333333333,29.809259259259253,0.3503703703703702,65.90185185185187,0.00118,0.000771,0.002283,16.38555555555558,1
16316,2025-04-10 10:01:46+00:00,2025-04-10 10:01:46+00:00,32.885,0.1877272727272727,45.47818181818183,43.36363636363637,29.320909090909076,29.87363636363635,0.3563636363636365,65.45772727272725,0.001119,0.000791,0.001967,16.15727272727276,1
16317,2025-04-10 10:01:47+00:00,2025-04-10 10:01:47+00:00,36.26310344827587,0.1755172413793103,45.51689655172413,45.60379310344828,29.298965517241363,29.911034482758627,0.3565517241379309,65.37896551724137,0.001117,0.000781,0.001961,16.217931034482767,1
16330,2025-04-10 10:02:04+00:00,2025-04-10 10:02:04+00:00,108.20875,0.19125,45.50583333333333,123.08166666666668,29.337083333333336,30.78333333333332,1.2774999999999996,64.11124999999998,0.00149,0.000907,0.003435,16.168749999999992,1
16366,2025-04-10 10:03:44+00:00,2025-04-10 10:03:44+00:00,28.136800000000004,0.164,45.50920000000001,37.77759999999999,29.457200000000004,29.953199999999992,0.3523999999999999,65.65759999999999,0.001083,0.000754,0.001967,16.052000000000003,1
16389,2025-04-10 10:04:14+00:00,2025-04-10 10:04:14+00:00,159.66875000000002,0.2283333333333334,45.73708333333333,176.4275,29.49541666666667,31.692083333333333,1.764166666666667,63.02708333333336,0.001941,0.00117,0.005368,16.241666666666653,1
16394,2025-04-10 10:05:18+00:00,2025-04-10 10:05:18+00:00,61.13040000000001,0.1836,46.46759999999998,72.52040000000002,29.54759999999999,30.708799999999997,0.3499999999999998,65.1404,0.001821,0.001067,0.005172,16.919999999999995,1
16433,2025-04-10 10:06:09+00:00,2025-04-10 10:06:09+00:00,133.90571428571428,0.1978571428571429,45.74750000000001,149.7439285714286,29.58750000000001,31.38892857142857,1.5257142857142854,63.705,0.001698,0.001027,0.004343,16.16,1
16440,2025-04-10 10:07:16+00:00,2025-04-10 10:07:16+00:00,70.56875000000002,0.20125,46.71291666666668,83.56625000000001,29.64333333333333,30.95875000000001,0.3499999999999998,65.08333333333333,0.001902,0.001126,0.005462,17.069583333333348,1
16445,2025-04-10 10:07:23+00:00,2025-04-10 10:07:23+00:00,42.989615384615405,0.1773076923076923,46.41423076923078,53.24307692307693,29.64846153846153,30.57192307692308,0.3499999999999998,65.42153846153846,0.001593,0.00094,0.004174,16.765769230769248,1
16451,2025-04-10 10:07:30+00:00,2025-04-10 10:07:30+00:00,24.885199999999998,0.1684,46.1448,34.371199999999995,29.67559999999999,30.2216,0.3499999999999998,65.9032,0.001268,0.000811,0.002836,16.469200000000008,1
16473,2025-04-10 10:08:01+00:00,2025-04-10 10:08:01+00:00,92.48571428571428,0.1846428571428571,45.77964285714285,105.12785714285712,29.702142857142867,30.925000000000004,1.1096428571428572,64.40142857142855,0.001319,0.00087,0.002818,16.077499999999986,1
16477,2025-04-10 10:08:06+00:00,2025-04-10 10:08:06+00:00,116.78807692307691,0.1846153846153846,45.80346153846153,131.27307692307696,29.70807692307693,31.287307692307685,1.3665384615384613,63.90692307692306,0.00152,0.000933,0.003698,16.095384615384592,1
16499,2025-04-10 10:09:34+00:00,2025-04-10 10:09:34+00:00,20.22576923076923,0.1611538461538461,46.05,28.837692307692308,29.79961538461537,30.275769230769228,0.3399999999999999,65.90653846153847,0.00121,0.000776,0.002453,16.250384615384622,1
16530,2025-04-10 10:10:14+00:00,2025-04-10 10:10:14+00:00,157.74666666666667,0.2141666666666667,46.02458333333334,174.73666666666665,29.83791666666668,31.99166666666667,1.7500000000000002,63.21708333333333,0.001962,0.001173,0.005344,16.186666666666664,1
16535,2025-04-10 10:11:18+00:00,2025-04-10 10:11:18+00:00,63.52391304347826,0.2078260869565217,46.78434782608696,76.89521739130433,29.89565217391304,31.135217391304348,0.3443478260869564,65.10956521739132,0.001851,0.001082,0.005185,16.88869565217392,1
16545,2025-04-10 10:11:32+00:00,2025-04-10 10:11:32+00:00,22.9276,0.1732,46.1752,31.74959999999999,29.90119999999999,30.42240000000001,0.3399999999999999,65.92159999999998,0.001214,0.000817,0.002709,16.274000000000015,1
16551,2025-04-10 10:11:39+00:00,2025-04-10 10:11:39+00:00,20.10458333333333,0.1683333333333333,45.9975,29.77208333333333,29.906666666666663,30.356666666666676,0.3399999999999999,65.90625000000001,0.001066,0.00079,0.002024,16.09083333333334,1
16552,2025-04-10 10:11:41+00:00,2025-04-10 10:11:41+00:00,22.078461538461536,0.1684615384615384,46.0123076923077,31.36038461538462,29.906923076923064,30.35653846153847,0.3399999999999999,65.84,0.001056,0.000786,0.001981,16.105384615384637,1
16567,2025-04-10 10:12:00+00:00,2025-04-10 10:12:00+00:00,85.57499999999999,0.1718181818181818,45.89136363636365,97.80272727272728,29.94181818181819,31.09636363636364,1.0413636363636365,64.5768181818182,0.00128,0.000852,0.002716,15.94954545454546,1
16578,2025-04-10 10:12:15+00:00,2025-04-10 10:12:15+00:00,161.35241379310347,0.2075862068965517,46.13965517241378,178.87275862068967,29.952413793103467,32.16344827586208,1.793448275862069,63.11896551724136,0.001979,0.001217,0.00546,16.187241379310315,1
16579,2025-04-10 10:13:15+00:00,2025-04-10 10:13:15+00:00,78.2725925925926,0.1881481481481482,47.0488888888889,90.4477777777778,30.03999999999999,31.462592592592586,0.9966666666666666,64.84703703703704,0.001949,0.001164,0.005777,17.008888888888908,1
16589,2025-04-10 10:13:28+00:00,2025-04-10 10:13:28+00:00,29.68518518518519,0.1855555555555556,46.47370370370371,39.57666666666666,30.03999999999999,30.733703703703707,0.3399999999999999,65.72888888888889,0.001341,0.000846,0.003243,16.433703703703724,1
16593,2025-04-10 10:13:33+00:00,2025-04-10 10:13:33+00:00,21.6556,0.1772,46.23400000000001,30.586400000000005,30.028799999999997,30.51560000000001,0.3399999999999999,65.8516,0.001223,0.000803,0.002587,16.205200000000016,1
16607,2025-04-10 10:13:52+00:00,2025-04-10 10:13:52+00:00,49.09346153846154,0.1880769230769231,46.011153846153846,60.69423076923079,30.04769230769229,30.766538461538463,0.3399999999999999,65.26884615384614,0.001109,0.000738,0.002025,15.963461538461551,1
16617,2025-04-10 10:14:05+00:00,2025-04-10 10:14:05+00:00,109.81227272727276,0.1813636363636364,46.081363636363626,124.1531818181818,30.068636363636355,31.575909090909093,1.2827272727272727,64.03545454545456,0.001459,0.000949,0.003486,16.012727272727272,1
16623,2025-04-10 10:14:13+00:00,2025-04-10 10:14:13+00:00,151.37666666666664,0.20125,46.155,167.47208333333333,30.081249999999997,32.17250000000001,1.6916666666666662,63.32125,0.00189,0.001134,0.005108,16.073750000000008,1
16642,2025-04-10 10:15:38+00:00,2025-04-10 10:15:38+00:00,20.09519999999999,0.1795999999999999,46.2184,29.700800000000005,30.15239999999999,30.6092,0.3316,65.99559999999998,0.001136,0.000761,0.002176,16.066000000000006,1
16654,2025-04-10 10:15:54+00:00,2025-04-10 10:15:54+00:00,56.563703703703695,0.1866666666666667,46.12777777777778,68.13555555555557,30.203333333333347,31.004444444444434,0.3337037037037036,65.16925925925926,0.00117,0.000796,0.002119,15.924444444444433,1
16658,2025-04-10 10:15:59+00:00,2025-04-10 10:15:59+00:00,78.9057142857143,0.1925,46.22142857142857,92.67928571428573,30.182500000000005,31.32821428571428,0.9250000000000004,64.61678571428571,0.00128,0.000817,0.002559,16.038928571428563,1
16680,2025-04-10 10:17:23+00:00,2025-04-10 10:17:23+00:00,45.90814814814816,0.1885185185185186,46.9025925925926,56.60962962962966,30.31148148148148,31.246296296296308,0.3355555555555555,65.50074074074072,0.00161,0.000961,0.00438,16.59111111111112,1
16689,2025-04-10 10:17:35+00:00,2025-04-10 10:17:35+00:00,20.314074074074075,0.1759259259259259,46.40999999999999,29.03740740740741,30.31333333333333,30.75703703703704,0.33,65.96592592592594,0.001181,0.000791,0.002428,16.09666666666666,1
16697,2025-04-10 10:17:45+00:00,2025-04-10 10:17:45+00:00,27.56384615384616,0.1776923076923077,46.206538461538464,37.86153846153847,30.32846153846155,30.78230769230769,0.3399999999999999,65.63538461538461,0.001041,0.000816,0.001918,15.878076923076916,1
16702,2025-04-10 10:17:52+00:00,2025-04-10 10:17:52+00:00,48.705200000000005,0.1979999999999999,46.2028,60.45520000000001,30.329600000000006,31.01800000000001,0.332,65.17240000000001,0.001113,0.000812,0.002008,15.87319999999999,1
16705,2025-04-10 10:17:56+00:00,2025-04-10 10:17:56+00:00,64.66999999999999,0.1536,46.2036,76.1696,30.341600000000003,31.240800000000004,0.33,64.932,0.001149,0.000785,0.00222,15.861999999999991,1
16741,2025-04-10 10:19:44+00:00,2025-04-10 10:19:44+00:00,25.5325925925926,0.1633333333333333,46.35925925925923,34.894814814814815,30.46888888888889,30.960370370370374,0.3355555555555555,65.85222222222222,0.001099,0.000761,0.002008,15.890370370370338,1
16747,2025-04-10 10:19:52+00:00,2025-04-10 10:19:52+00:00,47.32217391304348,0.1808695652173913,46.33043478260869,58.9117391304348,30.458695652173915,31.18521739130434,0.33,65.3113043478261,0.001135,0.000766,0.002039,15.871739130434769,1
16755,2025-04-10 10:20:03+00:00,2025-04-10 10:20:03+00:00,96.0036,0.2364,46.3844,111.0332,30.474,31.77640000000001,1.166,64.39599999999997,0.001345,0.000846,0.003031,15.9104,1
16777,2025-04-10 10:21:31+00:00,2025-04-10 10:21:31+00:00,25.72458333333333,0.1699999999999999,46.74333333333333,34.8475,30.573750000000004,31.17708333333333,0.33,65.80041666666669,0.001278,0.000827,0.002973,16.16958333333333,1
16808,2025-04-10 10:22:11+00:00,2025-04-10 10:22:11+00:00,137.78666666666666,0.1940740740740741,46.5011111111111,152.9903703703704,30.635555555555555,32.50222222222222,1.57962962962963,63.55555555555555,0.00177,0.001091,0.004645,15.865555555555543,1
16841,2025-04-10 10:23:53+00:00,2025-04-10 10:23:53+00:00,50.51423076923079,0.1823076923076923,46.44307692307693,60.824615384615385,30.74269230769231,31.43461538461539,0.3361538461538461,65.27307692307694,0.001145,0.000792,0.002078,15.70038461538462,1
16848,2025-04-10 10:24:03+00:00,2025-04-10 10:24:03+00:00,95.38615384615386,0.1996153846153846,46.50461538461538,108.84346153846153,30.73153846153847,32.00615384615384,1.1465384615384608,64.4161538461538,0.001366,0.000843,0.00298,15.773076923076909,1
16860,2025-04-10 10:25:17+00:00,2025-04-10 10:25:17+00:00,72.94615384615385,0.2034615384615385,47.5842307692308,85.13192307692307,30.807307692307692,32.18346153846154,0.6461538461538462,64.93384615384613,0.001943,0.001138,0.0056,16.776923076923104,1
16861,2025-04-10 10:25:19+00:00,2025-04-10 10:25:19+00:00,64.0368,0.1944,47.46680000000001,75.99680000000001,30.81279999999999,32.01519999999999,0.33,65.07200000000003,0.001949,0.001135,0.005518,16.654000000000025,1
16886,2025-04-10 10:25:51+00:00,2025-04-10 10:25:51+00:00,42.02481481481481,0.1385185185185185,46.54370370370369,52.180370370370376,30.80962962962961,31.46296296296296,0.3333333333333333,65.35555555555557,0.001084,0.00076,0.001987,15.73407407407408,1
16914,2025-04-10 10:27:27+00:00,2025-04-10 10:27:27+00:00,36.1325,0.1757142857142857,47.22107142857141,45.28642857142855,30.902499999999996,31.740357142857142,0.33,65.74571428571426,0.001443,0.000905,0.003618,16.31857142857142,1
16930,2025-04-10 10:27:48+00:00,2025-04-10 10:27:48+00:00,32.73444444444444,0.174074074074074,46.63888888888888,43.12629629629628,30.891851851851843,31.49666666666667,0.33,65.6314814814815,0.001062,0.000791,0.001911,15.747037037037035,1
16934,2025-04-10 10:27:53+00:00,2025-04-10 10:27:53+00:00,49.22840000000001,0.1543999999999999,46.64320000000001,59.43280000000001,30.900399999999987,31.690400000000007,0.33,65.2824,0.001151,0.000779,0.002025,15.74280000000002,1
16958,2025-04-10 10:29:24+00:00,2025-04-10 10:29:24+00:00,44.89,0.1825925925925926,47.47296296296295,56.72074074074072,31.004444444444445,31.98444444444445,0.3322222222222222,65.49481481481482,0.001629,0.00098,0.004355,16.468518518518508,1
16984,2025-04-10 10:29:58+00:00,2025-04-10 10:29:58+00:00,69.65173913043478,0.19,46.78999999999999,81.3408695652174,31.02782608695652,32.03739130434782,0.33,64.91565217391305,0.001184,0.00081,0.002335,15.762173913043476,1
16987,2025-04-10 10:30:02+00:00,2025-04-10 10:30:02+00:00,87.65615384615386,0.1703846153846153,46.75807692307694,99.34346153846153,31.02423076923076,32.25384615384615,1.060769230769231,64.5003846153846,0.001281,0.000852,0.002756,15.73384615384618,1
17008,2025-04-10 10:31:27+00:00,2025-04-10 10:31:27+00:00,36.49304347826087,0.1891304347826087,47.31304347826086,47.29173913043478,31.10347826086957,31.913478260869564,0.3200000000000001,65.74391304347827,0.00142,0.000909,0.003686,16.20956521739129,1
17017,2025-04-10 10:31:39+00:00,2025-04-10 10:31:39+00:00,19.209615384615383,0.1723076923076923,46.96000000000001,28.154230769230768,31.11769230769231,31.604230769230774,0.33,65.98423076923076,0.001067,0.00076,0.002161,15.8423076923077,1
17025,2025-04-10 10:31:49+00:00,2025-04-10 10:31:49+00:00,35.01230769230769,0.1646153846153846,46.85538461538462,45.39615384615384,31.110000000000007,31.72269230769229,0.3246153846153847,65.5469230769231,0.001045,0.000809,0.001883,15.745384615384616,1
17036,2025-04-10 10:32:04+00:00,2025-04-10 10:32:04+00:00,96.96666666666664,0.1970833333333334,46.80208333333332,110.37791666666668,31.147083333333327,32.487916666666656,1.1679166666666672,64.24125000000001,0.001322,0.000886,0.002907,15.654999999999994,1
17038,2025-04-10 10:32:06+00:00,2025-04-10 10:32:06+00:00,107.66642857142855,0.1782142857142857,46.90214285714285,121.66785714285716,31.133571428571425,32.64464285714285,1.286785714285714,64.10428571428572,0.001431,0.000912,0.00335,15.768571428571423,1
17048,2025-04-10 10:33:21+00:00,2025-04-10 10:33:21+00:00,58.01541666666666,0.16875,47.72416666666668,69.27666666666664,31.19166666666668,32.399999999999984,0.3200000000000001,65.21,0.00186,0.00109,0.005096,16.532500000000006,1
17075,2025-04-10 10:33:56+00:00,2025-04-10 10:33:56+00:00,59.09954545454544,0.1622727272727273,46.848636363636366,69.66500000000002,31.22318181818183,32.08,0.3277272727272728,65.09000000000002,0.00114,0.000809,0.002126,15.625454545454538,1
17114,2025-04-10 10:35:47+00:00,2025-04-10 10:35:47+00:00,29.07884615384615,0.1503846153846154,46.98384615384616,39.00884615384616,31.3026923076923,31.80230769230768,0.32,65.70115384615386,0.001036,0.000839,0.001877,15.681153846153858,1
17137,2025-04-10 10:36:17+00:00,2025-04-10 10:36:17+00:00,161.7768,0.2196,47.1584,179.7004,31.3712,33.59439999999999,1.8364000000000005,62.97959999999998,0.001983,0.001216,0.005497,15.7872,1
17152,2025-04-10 10:37:34+00:00,2025-04-10 10:37:34+00:00,22.013846153846156,0.1880769230769231,47.32153846153845,31.088846153846152,31.418076923076917,31.999230769230778,0.3253846153846155,65.9026923076923,0.001212,0.000799,0.002695,15.90346153846154,1
17170,2025-04-10 10:37:58+00:00,2025-04-10 10:37:58+00:00,66.10814814814812,0.1837037037037038,47.01074074074073,77.96703703703704,31.438888888888897,32.39407407407408,0.3203703703703704,65.01592592592591,0.001159,0.000793,0.002264,15.571851851851832,1
17173,2025-04-10 10:38:02+00:00,2025-04-10 10:38:02+00:00,85.34307692307692,0.1853846153846154,47.02884615384615,98.26230769230772,31.46153846153847,32.63884615384615,1.0500000000000005,64.51730769230768,0.001234,0.000821,0.002598,15.567307692307676,1
17175,2025-04-10 10:38:04+00:00,2025-04-10 10:38:04+00:00,94.92772727272724,0.1868181818181818,46.995909090909095,108.5368181818182,31.449545454545465,32.75045454545455,1.150909090909091,64.52318181818181,0.001321,0.000862,0.002943,15.54636363636363,1
17186,2025-04-10 10:39:18+00:00,2025-04-10 10:39:18+00:00,73.5125,0.1825,48.10250000000001,85.82749999999999,31.51624999999999,32.90166666666667,0.7991666666666667,64.98416666666665,0.001977,0.001214,0.005835,16.586250000000025,1
17193,2025-04-10 10:39:27+00:00,2025-04-10 10:39:27+00:00,38.505,0.15125,47.71708333333334,48.34083333333333,31.51375,32.37916666666666,0.3200000000000001,65.61375000000002,0.001496,0.000996,0.003803,16.203333333333344,1
17203,2025-04-10 10:39:40+00:00,2025-04-10 10:39:40+00:00,19.534166666666664,0.1829166666666667,47.19166666666666,28.630416666666665,31.52291666666666,32.02083333333332,0.3200000000000001,65.92375000000003,0.001108,0.000767,0.002101,15.668750000000005,1
17211,2025-04-10 10:39:50+00:00,2025-04-10 10:39:50+00:00,35.76583333333333,0.1587499999999999,47.105416666666656,45.897083333333335,31.54916666666665,32.109583333333326,0.3200000000000001,65.58874999999999,0.001085,0.00076,0.0019,15.556250000000002,1
17227,2025-04-10 10:40:11+00:00,2025-04-10 10:40:11+00:00,130.3684,0.1884,47.19760000000001,145.49840000000006,31.57559999999999,33.377599999999994,1.5263999999999995,63.8252,0.00168,0.00103,0.004328,15.622000000000018,1
17242,2025-04-10 10:41:33+00:00,2025-04-10 10:41:33+00:00,24.403703703703712,0.19,47.57222222222221,34.571111111111115,31.65629629629629,32.24222222222223,0.32,65.77740740740741,0.001276,0.000839,0.002903,15.91592592592592,1
17244,2025-04-10 10:41:35+00:00,2025-04-10 10:41:35+00:00,22.513461538461534,0.1619230769230769,47.43500000000002,30.225,31.65192307692308,32.21115384615384,0.32,65.82153846153847,0.00121,0.000829,0.002601,15.78307692307694,1
17247,2025-04-10 10:41:40+00:00,2025-04-10 10:41:40+00:00,20.1468,0.158,47.2892,28.08039999999999,31.6532,32.09799999999999,0.32,65.9484,0.001108,0.000779,0.002129,15.635999999999996,1
17268,2025-04-10 10:42:08+00:00,2025-04-10 10:42:08+00:00,113.58625,0.1983333333333333,47.21833333333334,128.25625000000005,31.68291666666667,33.244583333333324,1.3654166666666665,63.93999999999999,0.001513,0.000944,0.003579,15.53541666666667,1
17284,2025-04-10 10:43:28+00:00,2025-04-10 10:43:28+00:00,36.550370370370366,0.1644444444444444,47.78851851851852,46.300370370370366,31.745185185185186,32.51222222222222,0.32,65.66222222222221,0.001426,0.00089,0.003733,16.04333333333333,1
17286,2025-04-10 10:43:31+00:00,2025-04-10 10:43:31+00:00,27.932222222222222,0.1799999999999999,47.67555555555554,37.52703703703704,31.746296296296304,32.4562962962963,0.32,65.70629629629632,0.001317,0.000871,0.003273,15.929259259259236,1
17290,2025-04-10 10:43:36+00:00,2025-04-10 10:43:36+00:00,21.07851851851852,0.1648148148148148,47.49333333333333,28.951851851851863,31.73296296296297,32.26037037037037,0.32,65.98111111111113,0.001172,0.000824,0.00258,15.760370370370364,1
17320,2025-04-10 10:44:15+00:00,2025-04-10 10:44:15+00:00,148.59962962962962,0.1866666666666667,47.35370370370371,164.08444444444442,31.788518518518504,33.83481481481481,1.7214814814814805,63.22518518518517,0.001869,0.001149,0.005185,15.565185185185204,1
17323,2025-04-10 10:45:18+00:00,2025-04-10 10:45:18+00:00,75.50039999999997,0.1711999999999999,48.35079999999999,86.77160000000002,31.846400000000006,33.2984,1.0012,64.93,0.001943,0.001176,0.005748,16.504399999999986,1
17334,2025-04-10 10:45:32+00:00,2025-04-10 10:45:32+00:00,26.769130434782607,0.1573913043478261,47.744347826086944,35.05130434782609,31.84478260869566,32.5304347826087,0.3200000000000001,66.01043478260868,0.001277,0.000864,0.002995,15.899565217391284,1
17401,2025-04-10 10:48:01+00:00,2025-04-10 10:48:01+00:00,76.31538461538463,0.2026923076923077,47.43884615384617,88.97846153846152,32.00615384615384,33.06000000000001,0.9465384615384616,64.69730769230767,0.001223,0.00086,0.002381,15.432692307692328,1
17404,2025-04-10 10:48:04+00:00,2025-04-10 10:48:04+00:00,90.5096153846154,0.1869230769230769,47.39730769230771,102.01192307692313,32.01615384615384,33.20076923076922,1.1207692307692307,64.47423076923074,0.001341,0.00084,0.002823,15.381153846153872,1
17414,2025-04-10 10:49:19+00:00,2025-04-10 10:49:19+00:00,73.04962962962966,0.17,48.47814814814814,84.53925925925925,32.09555555555556,33.44037037037037,0.9696296296296296,64.87851851851852,0.001944,0.001166,0.005698,16.38259259259258,1
17418,2025-04-10 10:49:24+00:00,2025-04-10 10:49:24+00:00,51.47333333333333,0.1792592592592593,48.32333333333333,62.40444444444446,32.08111111111112,33.10629629629629,0.32,65.29333333333335,0.001683,0.001032,0.00462,16.24222222222221,1
17439,2025-04-10 10:49:52+00:00,2025-04-10 10:49:52+00:00,39.326296296296285,0.1537037037037036,47.518518518518526,48.41925925925927,32.088888888888896,32.71592592592592,0.3192592592592593,65.4962962962963,0.001069,0.000806,0.0019,15.42962962962963,1
17462,2025-04-10 10:51:24+00:00,2025-04-10 10:51:24+00:00,51.72148148148148,0.1822222222222222,48.3874074074074,62.61222222222224,32.20074074074076,33.2174074074074,0.32,65.32555555555555,0.001742,0.001037,0.004833,16.186666666666646,1
17488,2025-04-10 10:51:58+00:00,2025-04-10 10:51:58+00:00,61.381600000000006,0.1523999999999999,47.64239999999998,72.69560000000001,32.23760000000001,33.07920000000001,0.32,65.14000000000001,0.001134,0.000781,0.002171,15.404799999999971,1
17540,2025-04-10 10:54:09+00:00,2025-04-10 10:54:09+00:00,114.2430769230769,0.1746153846153846,47.73846153846153,126.84615384615384,32.41192307692307,33.911538461538456,1.384230769230769,64.10307692307691,0.001478,0.000925,0.003537,15.326538461538462,1
17583,2025-04-10 10:56:07+00:00,2025-04-10 10:56:07+00:00,102.60099999999998,0.195,47.76233333333334,116.2816666666666,32.493,33.85,1.2626666666666666,64.16466666666665,0.001387,0.000871,0.003152,15.269333333333336,1
17605,2025-04-10 10:57:37+00:00,2025-04-10 10:57:37+00:00,21.74333333333333,0.1580952380952381,47.96904761904762,30.21904761904761,32.59095238095239,33.00857142857143,0.3161904761904762,65.92761904761905,0.001103,0.000814,0.002482,15.378095238095234,1
17607,2025-04-10 10:57:40+00:00,2025-04-10 10:57:40+00:00,19.60111111111111,0.1803703703703703,47.92703703703704,28.0262962962963,32.58888888888891,33.01851851851852,0.318888888888889,65.98407407407406,0.001062,0.000811,0.002231,15.338148148148129,1
17625,2025-04-10 10:58:03+00:00,2025-04-10 10:58:03+00:00,82.04678571428575,0.1739285714285715,47.700357142857136,93.92642857142856,32.5807142857143,33.68250000000001,1.038928571428571,64.73357142857144,0.001199,0.000871,0.002627,15.119642857142836,1
17631,2025-04-10 10:58:11+00:00,2025-04-10 10:58:11+00:00,122.23458333333338,0.16625,47.835416666666646,136.18208333333334,32.60375000000001,34.20750000000001,1.4779166666666663,63.88208333333333,0.001533,0.000997,0.004057,15.231666666666634,1
17650,2025-04-10 10:59:34+00:00,2025-04-10 10:59:34+00:00,25.35500000000001,0.1657692307692307,48.20961538461539,33.941153846153846,32.67230769230768,33.25538461538461,0.32,65.83846153846153,0.001219,0.000861,0.00292,15.537307692307706,1
17652,2025-04-10 10:59:37+00:00,2025-04-10 10:59:37+00:00,21.21153846153846,0.1884615384615384,48.12500000000001,30.67500000000001,32.66499999999998,33.175384615384615,0.32,65.89346153846154,0.001116,0.000849,0.00256,15.46000000000003,1
17660,2025-04-10 10:59:48+00:00,2025-04-10 10:59:48+00:00,26.97041666666667,0.1570833333333333,47.864583333333336,35.510416666666664,32.665833333333346,33.151666666666664,0.3200000000000001,65.83583333333331,0.000977,0.000754,0.00196,15.19874999999999,1
17669,2025-04-10 11:00:00+00:00,2025-04-10 11:00:00+00:00,67.52296296296298,0.1885185185185185,47.81037037037039,79.2248148148148,32.68777777777778,33.58888888888889,0.32,64.96074074074073,0.001083,0.00085,0.002326,15.122592592592603,1
17693,2025-04-10 11:01:32+00:00,2025-04-10 11:01:32+00:00,30.17,0.162,48.37560000000001,39.52599999999998,32.7516,33.44039999999998,0.324,65.88640000000001,0.001281,0.000879,0.003217,15.624000000000017,1
17708,2025-04-10 11:01:52+00:00,2025-04-10 11:01:52+00:00,36.92923076923076,0.1903846153846154,47.93692307692307,47.23423076923078,32.75807692307692,33.34576923076923,0.32,65.53730769230768,0.001003,0.000801,0.001931,15.178846153846152,1
17710,2025-04-10 11:01:54+00:00,2025-04-10 11:01:54+00:00,42.83142857142855,0.1446428571428571,47.897500000000015,53.13464285714284,32.7525,33.40392857142857,0.3200000000000001,65.48892857142856,0.001056,0.000788,0.001944,15.145000000000016,1
17735,2025-04-10 11:03:25+00:00,2025-04-10 11:03:25+00:00,52.232400000000034,0.1708,48.75120000000001,61.5276,32.86600000000001,33.87600000000002,0.32,65.45120000000001,0.001785,0.001029,0.004871,15.885200000000005,1
17742,2025-04-10 11:03:34+00:00,2025-04-10 11:03:34+00:00,25.984583333333333,0.165,48.38166666666666,35.34666666666666,32.8825,33.486250000000005,0.31875,65.87666666666667,0.001288,0.000844,0.003054,15.49916666666666,1
17776,2025-04-10 11:05:20+00:00,2025-04-10 11:05:20+00:00,73.34259259259258,0.1674074074074074,49.10407407407406,86.3459259259259,32.96666666666668,34.32296296296297,0.9937037037037034,64.90814814814816,0.001925,0.00115,0.005786,16.13740740740738,1
17779,2025-04-10 11:05:24+00:00,2025-04-10 11:05:24+00:00,56.62884615384616,0.1684615384615384,48.91730769230769,67.20576923076922,32.98653846153847,34.07000000000001,0.3165384615384615,65.23,0.001772,0.001058,0.005084,15.930769230769217,1
17799,2025-04-10 11:05:50+00:00,2025-04-10 11:05:50+00:00,30.204090909090908,0.1786363636363636,47.99681818181818,40.17590909090909,33.019545454545444,33.47954545454545,0.3195454545454546,65.69045454545454,0.001021,0.000811,0.001933,14.977272727272734,1
17800,2025-04-10 11:05:51+00:00,2025-04-10 11:05:51+00:00,33.0204,0.1743999999999999,47.988,42.864,33.020799999999994,33.43399999999999,0.32,65.66399999999997,0.001022,0.000786,0.001923,14.967200000000004,1
17807,2025-04-10 11:06:01+00:00,2025-04-10 11:06:01+00:00,69.912,0.1956,48.0576,81.78040000000003,33.0016,33.9348,0.3616,64.9696,0.001125,0.000827,0.002308,15.055999999999996,1
17814,2025-04-10 11:06:10+00:00,2025-04-10 11:06:10+00:00,113.80478260869566,0.1982608695652173,48.13956521739132,127.9330434782608,33.00565217391304,34.52347826086956,1.4030434782608696,63.93956521739131,0.001467,0.000945,0.003567,15.133913043478271,1
17820,2025-04-10 11:06:18+00:00,2025-04-10 11:06:18+00:00,155.0876,0.234,48.247599999999984,172.36519999999996,33.01359999999999,35.14160000000001,1.8268000000000009,62.963999999999984,0.001952,0.001166,0.005444,15.233999999999996,1
17823,2025-04-10 11:07:23+00:00,2025-04-10 11:07:23+00:00,61.5996,0.174,49.05600000000001,72.6808,33.0628,34.24320000000001,0.32,65.27680000000002,0.001905,0.001101,0.005343,15.993200000000009,1
17831,2025-04-10 11:07:34+00:00,2025-04-10 11:07:34+00:00,26.64791666666667,0.1491666666666667,48.565000000000005,34.98458333333334,33.09125000000001,33.69541666666667,0.3183333333333334,65.8925,0.001315,0.000897,0.003069,15.473749999999995,1
17840,2025-04-10 11:07:45+00:00,2025-04-10 11:07:45+00:00,21.78807692307693,0.1792307692307692,48.17961538461538,31.207307692307687,33.09884615384617,33.46423076923077,0.3119230769230768,65.92576923076923,0.001102,0.00077,0.002018,15.080769230769214,1
17852,2025-04-10 11:08:01+00:00,2025-04-10 11:08:01+00:00,68.7,0.1645833333333333,48.08916666666669,79.64874999999999,33.09375000000002,33.990833333333335,0.3170833333333332,64.91708333333334,0.001188,0.000862,0.002371,14.99541666666667,1
17855,2025-04-10 11:08:05+00:00,2025-04-10 11:08:05+00:00,87.91269230769232,0.1734615384615385,48.15038461538464,100.12307692307692,33.09423076923078,34.27,1.1084615384615384,64.48038461538462,0.001312,0.00085,0.002798,15.056153846153856,1
17864,2025-04-10 11:08:17+00:00,2025-04-10 11:08:17+00:00,148.7377777777778,0.1881481481481481,48.28259259259257,164.92037037037028,33.148888888888884,35.15703703703704,1.7592592592592593,63.2603703703704,0.001911,0.00114,0.005188,15.133703703703688,1
17895,2025-04-10 11:10:03+00:00,2025-04-10 11:10:03+00:00,77.57560000000001,0.1944,48.220000000000006,89.42920000000004,33.19239999999999,34.21040000000001,1.0024000000000002,64.85879999999999,0.001245,0.000839,0.002532,15.027600000000014,1
17918,2025-04-10 11:11:36+00:00,2025-04-10 11:11:36+00:00,23.867391304347827,0.1565217391304347,48.63956521739132,32.90217391304348,33.29347826086956,33.838695652173904,0.3099999999999998,65.92869565217391,0.001244,0.000834,0.002729,15.34608695652176,1
17955,2025-04-10 11:13:29+00:00,2025-04-10 11:13:29+00:00,40.476296296296304,0.1814814814814815,49.0088888888889,50.66148148148148,33.325555555555574,34.23925925925925,0.311111111111111,65.57481481481483,0.001549,0.000963,0.004045,15.683333333333325,1
17962,2025-04-10 11:13:38+00:00,2025-04-10 11:13:38+00:00,21.71521739130435,0.1552173913043477,48.52217391304348,30.080000000000013,33.34565217391305,33.80173913043478,0.3104347826086955,66.09739130434784,0.00119,0.000822,0.002555,15.176521739130427,1
17977,2025-04-10 11:13:58+00:00,2025-04-10 11:13:58+00:00,54.38840000000001,0.1639999999999999,48.34479999999999,64.542,33.36320000000001,34.1256,0.32,65.12840000000001,0.001138,0.000785,0.002033,14.98159999999998,1
17978,2025-04-10 11:13:59+00:00,2025-04-10 11:13:59+00:00,57.654285714285706,0.1814285714285715,48.335,68.32142857142857,33.377500000000005,34.23321428571428,0.3178571428571429,65.12892857142856,0.00113,0.000833,0.002106,14.957499999999987,1
17979,2025-04-10 11:14:00+00:00,2025-04-10 11:14:00+00:00,62.98217391304348,0.1678260869565217,48.39782608695653,73.0217391304348,33.37695652173913,34.24826086956521,0.3099999999999998,65.03260869565217,0.001159,0.000791,0.002222,15.020869565217396,1
17985,2025-04-10 11:14:08+00:00,2025-04-10 11:14:08+00:00,100.2121739130435,0.1669565217391304,48.351304347826094,112.40869565217392,33.34391304347827,34.74391304347826,1.2560869565217394,64.19304347826088,0.001403,0.000894,0.003124,15.007391304347829,1
17992,2025-04-10 11:14:17+00:00,2025-04-10 11:14:17+00:00,146.98807692307693,0.1896153846153846,48.49653846153846,162.45461538461538,33.37230769230769,35.37653846153846,1.7511538461538474,63.28192307692307,0.001923,0.001168,0.005191,15.124230769230763,1
18000,2025-04-10 11:15:29+00:00,2025-04-10 11:15:29+00:00,41.52037037037038,0.1588888888888889,49.04629629629628,51.5437037037037,33.4337037037037,34.293333333333344,0.3099999999999998,65.56555555555553,0.001471,0.000956,0.003931,15.612592592592575,1
18014,2025-04-10 11:15:48+00:00,2025-04-10 11:15:48+00:00,25.216538461538462,0.1696153846153846,48.406923076923086,33.74192307692309,33.4569230769231,33.89576923076924,0.3099999999999998,65.93230769230769,0.000998,0.00078,0.001908,14.949999999999989,1
18093,2025-04-10 11:19:32+00:00,2025-04-10 11:19:32+00:00,33.291363636363634,0.1718181818181818,48.995909090909095,42.12954545454546,33.63590909090909,34.33318181818181,0.3159090909090909,65.72272727272728,0.00138,0.000889,0.003472,15.360000000000008,1
18101,2025-04-10 11:19:42+00:00,2025-04-10 11:19:42+00:00,19.03,0.1519999999999999,48.70920000000001,27.1628,33.65679999999998,34.0972,0.3099999999999998,65.9596,0.001076,0.000803,0.002192,15.052400000000029,1
18132,2025-04-10 11:21:26+00:00,2025-04-10 11:21:26+00:00,53.03079999999999,0.1636,49.4128,63.06400000000001,33.737600000000015,34.78759999999999,0.3099999999999998,65.3216,0.001744,0.001037,0.004874,15.675199999999982,1
18177,2025-04-10 11:23:28+00:00,2025-04-10 11:23:28+00:00,46.45739130434782,0.1695652173913043,49.43608695652174,56.2413043478261,33.866521739130434,34.7304347826087,0.3200000000000001,65.51695652173913,0.001622,0.000968,0.004499,15.569565217391307,1
18179,2025-04-10 11:23:30+00:00,2025-04-10 11:23:30+00:00,39.9,0.1387999999999999,49.28959999999999,48.40640000000001,33.85160000000001,34.687200000000004,0.3099999999999998,65.5852,0.001444,0.000909,0.003855,15.43799999999998,1
18182,2025-04-10 11:23:34+00:00,2025-04-10 11:23:34+00:00,29.09296296296295,0.1581481481481481,49.12111111111112,38.04925925925927,33.863703703703706,34.44407407407408,0.3099999999999998,65.71555555555554,0.00126,0.000846,0.003122,15.257407407407412,1
18209,2025-04-10 11:24:10+00:00,2025-04-10 11:24:10+00:00,107.0919230769231,0.2011538461538462,48.70615384615386,120.92807692307696,33.88807692307691,35.26307692307692,1.3511538461538466,64.18846153846151,0.001317,0.000927,0.003297,14.818076923076951,1
18214,2025-04-10 11:24:16+00:00,2025-04-10 11:24:16+00:00,138.735,0.1779166666666667,48.76708333333332,152.80208333333334,33.88708333333333,35.73125000000001,1.6691666666666665,63.517083333333325,0.001719,0.001065,0.004812,14.879999999999988,1
18234,2025-04-10 11:25:40+00:00,2025-04-10 11:25:40+00:00,20.397037037037038,0.1637037037037038,48.98703703703704,28.58777777777778,33.92037037037036,34.416296296296295,0.315925925925926,66.02703703703703,0.001094,0.000805,0.002459,15.066666666666684,1
18237,2025-04-10 11:25:44+00:00,2025-04-10 11:25:44+00:00,20.079629629629636,0.15,48.87037037037036,27.645185185185188,33.93962962962964,34.393703703703714,0.3099999999999998,66.03777777777779,0.001043,0.000791,0.002096,14.930740740740724,1
18251,2025-04-10 11:26:03+00:00,2025-04-10 11:26:03+00:00,71.43416666666667,0.1820833333333333,48.79291666666666,83.02375,33.94250000000002,34.94374999999999,0.8816666666666669,64.8575,0.001073,0.000821,0.00236,14.850416666666646,1
18287,2025-04-10 11:27:47+00:00,2025-04-10 11:27:47+00:00,22.585769230769227,0.1534615384615384,48.87423076923079,31.024615384615377,34.06230769230769,34.49961538461538,0.3099999999999998,65.99384615384614,0.000972,0.000776,0.001982,14.811923076923094,1
18298,2025-04-10 11:28:02+00:00,2025-04-10 11:28:02+00:00,66.53888888888888,0.1518518518518518,48.78444444444445,76.82296296296296,34.07481481481483,34.9225925925926,0.4192592592592592,65.00296296296295,0.001039,0.000802,0.002239,14.709629629629625,1
18299,2025-04-10 11:28:03+00:00,2025-04-10 11:28:03+00:00,70.83666666666667,0.1675,48.81333333333333,81.90083333333335,34.06666666666668,35.00249999999999,0.6341666666666668,64.87874999999998,0.00107,0.000818,0.002386,14.746666666666655,1
18301,2025-04-10 11:28:06+00:00,2025-04-10 11:28:06+00:00,84.25625000000001,0.1604166666666666,48.80875,96.29,34.06250000000001,35.18583333333333,1.0970833333333332,64.63291666666666,0.001129,0.000854,0.00262,14.74624999999999,1
18305,2025-04-10 11:28:11+00:00,2025-04-10 11:28:11+00:00,110.73576923076924,0.1696153846153845,48.858461538461526,123.75615384615386,34.055769230769215,35.531923076923086,1.3976923076923076,64.0153846153846,0.001341,0.00097,0.003465,14.802692307692311,1
18308,2025-04-10 11:28:15+00:00,2025-04-10 11:28:15+00:00,131.50480000000002,0.2035999999999999,48.87920000000001,145.8752,34.0404,35.8188,1.6084000000000005,63.60039999999999,0.001594,0.001031,0.004392,14.838800000000012,1
18351,2025-04-10 11:30:08+00:00,2025-04-10 11:30:08+00:00,93.75592592592596,0.1822222222222222,48.91222222222223,106.94999999999996,34.12666666666666,35.409259259259265,1.215185185185185,64.4011111111111,0.001167,0.000888,0.002883,14.785555555555568,1
18365,2025-04-10 11:31:21+00:00,2025-04-10 11:31:21+00:00,78.57178571428574,0.1685714285714286,50.06285714285713,90.3353571428571,34.23107142857144,35.61928571428572,1.0664285714285713,64.84678571428574,0.001808,0.001147,0.00591,15.831785714285694,1
18371,2025-04-10 11:31:29+00:00,2025-04-10 11:31:29+00:00,45.46923076923076,0.1834615384615384,49.674615384615365,56.17346153846151,34.22346153846155,35.09192307692308,0.3099999999999998,65.36153846153846,0.001474,0.000982,0.00441,15.451153846153815,1
18407,2025-04-10 11:32:16+00:00,2025-04-10 11:32:16+00:00,134.75333333333333,0.1881481481481482,49.08259259259261,149.13296296296292,34.28222222222222,36.06777777777777,1.6444444444444446,63.52592592592595,0.001581,0.001064,0.004602,14.800370370370388,1
18423,2025-04-10 11:33:32+00:00,2025-04-10 11:33:32+00:00,36.383461538461546,0.1507692307692307,49.58923076923076,45.34538461538462,34.31961538461538,35.02615384615384,0.3099999999999998,65.61423076923076,0.001332,0.000923,0.003651,15.269615384615378,1
18424,2025-04-10 11:33:33+00:00,2025-04-10 11:33:33+00:00,33.694347826086954,0.1465217391304347,49.61434782608695,41.510000000000005,34.31826086956522,35.02869565217393,0.3099999999999998,65.86304347826089,0.001265,0.000886,0.003375,15.296086956521728,1
18430,2025-04-10 11:33:41+00:00,2025-04-10 11:33:41+00:00,19.9204,0.1648,49.23159999999998,28.993200000000005,34.346800000000016,34.759999999999984,0.3099999999999998,65.90119999999999,0.001021,0.000799,0.002355,14.884799999999965,1
18448,2025-04-10 11:34:05+00:00,2025-04-10 11:34:05+00:00,78.02440000000003,0.1696,49.11079999999998,89.42760000000003,34.34680000000001,35.41959999999999,1.0291999999999997,64.64599999999999,0.001066,0.000826,0.002484,14.763999999999974,1
18478,2025-04-10 11:35:39+00:00,2025-04-10 11:35:39+00:00,21.391999999999992,0.18,49.42199999999999,30.623599999999996,34.393199999999986,34.9324,0.32,66.02640000000001,0.001066,0.000814,0.002537,15.028800000000004,1
18479,2025-04-10 11:35:41+00:00,2025-04-10 11:35:41+00:00,20.949200000000005,0.156,49.26560000000001,28.466,34.395599999999995,34.812,0.32,66.17199999999997,0.00102,0.000806,0.002401,14.87000000000002,1
18486,2025-04-10 11:35:51+00:00,2025-04-10 11:35:51+00:00,26.67148148148148,0.1562962962962963,49.04740740740744,36.6162962962963,34.40037037037036,34.836666666666666,0.33,65.86888888888886,0.000912,0.000835,0.001878,14.647037037037071,1
18513,2025-04-10 11:37:21+00:00,2025-04-10 11:37:21+00:00,80.32,0.1954166666666666,50.23916666666668,93.21624999999996,34.43375,35.848749999999995,1.1516666666666666,64.90000000000002,0.001848,0.001163,0.005961,15.805416666666671,1
18515,2025-04-10 11:37:24+00:00,2025-04-10 11:37:24+00:00,66.8074074074074,0.1814814814814814,50.148888888888905,78.2137037037037,34.45259259259261,35.68444444444444,0.6799999999999998,65.01037037037037,0.001802,0.001149,0.005602,15.696296296296296,1
18542,2025-04-10 11:37:59+00:00,2025-04-10 11:37:59+00:00,50.927037037037024,0.1774074074074073,49.103703703703694,61.150370370370375,34.46740740740742,35.16037037037037,0.36,65.18703703703704,0.000961,0.000799,0.002019,14.636296296296273,1
18579,2025-04-10 11:39:42+00:00,2025-04-10 11:39:42+00:00,19.837037037037035,0.1481481481481481,49.4188888888889,28.04888888888889,34.54370370370369,35.012962962962966,0.357037037037037,66.07407407407406,0.001009,0.000817,0.002354,14.87518518518521,1
18690,2025-04-10 11:43:56+00:00,2025-04-10 11:43:56+00:00,38.39115384615384,0.1753846153846153,49.3,48.122307692307714,34.736923076923084,35.29192307692308,0.3596153846153846,65.47807692307693,0.00093,0.000853,0.001937,14.563076923076911,1
18703,2025-04-10 11:44:13+00:00,2025-04-10 11:44:13+00:00,114.792,0.1944,49.3456,128.43600000000004,34.744,36.2428,1.4964000000000004,63.932,0.001356,0.000943,0.003681,14.601599999999998,1
18707,2025-04-10 11:44:18+00:00,2025-04-10 11:44:18+00:00,140.33370370370372,0.1885185185185185,49.37851851851854,155.38777777777776,34.76777777777777,36.60407407407408,1.766666666666667,63.424074074074085,0.001684,0.00109,0.004917,14.610740740740766,1
18728,2025-04-10 11:45:41+00:00,2025-04-10 11:45:41+00:00,20.528888888888886,0.1618518518518518,49.67851851851852,28.46185185185185,34.85148148148149,35.33777777777778,0.3499999999999998,65.95740740740742,0.001049,0.000819,0.002488,14.827037037037025,1
18729,2025-04-10 11:45:42+00:00,2025-04-10 11:45:42+00:00,20.4084,0.1704,49.5184,28.503599999999995,34.868,35.256000000000014,0.3499999999999998,66.11720000000001,0.001057,0.000825,0.002376,14.650399999999998,1
18737,2025-04-10 11:45:53+00:00,2025-04-10 11:45:53+00:00,29.63319999999999,0.1636,49.286,38.46000000000001,34.85080000000002,35.25199999999999,0.3511999999999998,65.69960000000002,0.000918,0.000773,0.001895,14.43519999999998,1
18746,2025-04-10 11:46:04+00:00,2025-04-10 11:46:04+00:00,68.0873076923077,0.183076923076923,49.36576923076922,79.58,34.871538461538464,35.76692307692308,0.5984615384615385,65.05153846153846,0.001033,0.000826,0.002346,14.49423076923076,1
18757,2025-04-10 11:46:19+00:00,2025-04-10 11:46:19+00:00,143.98279999999994,0.1856,49.5016,159.22439999999995,34.8588,36.818,1.8076,63.33720000000001,0.001672,0.001081,0.004956,14.642799999999994,1
18762,2025-04-10 11:47:20+00:00,2025-04-10 11:47:20+00:00,89.39576923076925,0.163076923076923,50.556538461538445,100.9088461538462,34.93807692307693,36.45499999999999,1.2680769230769229,64.63961538461537,0.001912,0.001137,0.006699,15.618461538461515,1
18787,2025-04-10 11:47:55+00:00,2025-04-10 11:47:55+00:00,34.84434782608695,0.1499999999999999,49.45869565217392,43.08913043478261,34.92434782608695,35.42521739130434,0.3600000000000001,65.56130434782608,0.000906,0.000793,0.001711,14.534347826086972,1
18797,2025-04-10 11:48:08+00:00,2025-04-10 11:48:08+00:00,86.86392857142856,0.1660714285714285,49.45892857142858,98.44178571428571,34.92285714285714,36.05642857142856,1.1775000000000004,64.63785714285714,0.001078,0.000832,0.00252,14.53607142857144,1
18813,2025-04-10 11:49:21+00:00,2025-04-10 11:49:21+00:00,85.79680000000002,0.1816,50.67040000000001,97.3384,34.9904,36.48199999999999,1.2156,64.70639999999999,0.001871,0.001177,0.006436,15.680000000000009,1
18837,2025-04-10 11:49:53+00:00,2025-04-10 11:49:53+00:00,29.94222222222223,0.1511111111111111,49.464814814814815,37.09111111111111,35.01740740740741,35.45851851851852,0.3551851851851852,65.77777777777777,0.000896,0.000764,0.001738,14.447407407407404,1
18842,2025-04-10 11:49:59+00:00,2025-04-10 11:49:59+00:00,46.81576923076922,0.1761538461538462,49.53846153846154,56.25192307692308,35.01115384615384,35.71153846153846,0.36,65.24769230769229,0.00093,0.000788,0.001826,14.5273076923077,1
18873,2025-04-10 11:51:33+00:00,2025-04-10 11:51:33+00:00,37.42217391304347,0.1769565217391304,50.18391304347827,46.87347826086958,35.099130434782616,35.8395652173913,0.3565217391304348,65.68565217391306,0.001314,0.000882,0.003574,15.084782608695654,1
18875,2025-04-10 11:51:36+00:00,2025-04-10 11:51:36+00:00,30.05576923076924,0.1626923076923077,50.08192307692306,38.03576923076922,35.10846153846154,35.77076923076923,0.3592307692307692,65.75076923076925,0.001161,0.000887,0.003034,14.97346153846152,1
18896,2025-04-10 11:52:05+00:00,2025-04-10 11:52:05+00:00,71.74727272727274,0.1654545454545455,49.55545454545455,81.96909090909091,35.13545454545454,36.05545454545455,1.0131818181818184,64.91590909090908,0.001,0.000842,0.002223,14.420000000000002,1
18910,2025-04-10 11:52:23+00:00,2025-04-10 11:52:23+00:00,160.66428571428574,0.1767857142857143,49.77964285714284,176.65678571428572,35.13607142857142,37.33714285714286,2.0178571428571423,62.926428571428566,0.001782,0.001132,0.00583,14.64357142857142,1
18914,2025-04-10 11:53:22+00:00,2025-04-10 11:53:22+00:00,82.09346153846151,0.1792307692307692,50.79230769230769,93.75653846153844,35.17153846153845,36.62307692307692,1.1711538461538458,64.75461538461539,0.001797,0.001119,0.006225,15.62076923076924,1
18918,2025-04-10 11:53:27+00:00,2025-04-10 11:53:27+00:00,59.07434782608697,0.1356521739130434,50.52217391304349,68.4417391304348,35.16347826086955,36.28695652173914,0.3521739130434781,65.22130434782609,0.001609,0.001009,0.005143,15.358695652173935,1
18934,2025-04-10 11:53:48+00:00,2025-04-10 11:53:48+00:00,20.8128,0.1639999999999999,49.717200000000005,29.0092,35.232800000000005,35.6508,0.3547999999999999,65.87439999999998,0.000913,0.000751,0.001907,14.4844,1
18965,2025-04-10 11:55:22+00:00,2025-04-10 11:55:22+00:00,82.61714285714284,0.17,50.84857142857142,93.28285714285714,35.28571428571428,36.737142857142864,1.185357142857143,64.72571428571432,0.001878,0.001151,0.006457,15.56285714285714,1
18969,2025-04-10 11:55:27+00:00,2025-04-10 11:55:27+00:00,60.74233333333333,0.1523333333333333,50.556000000000026,70.36533333333334,35.265333333333324,36.38333333333333,0.3566666666666665,65.28666666666669,0.001692,0.00104,0.0054,15.290666666666702,1
18988,2025-04-10 11:55:52+00:00,2025-04-10 11:55:52+00:00,26.116956521739134,0.1621739130434782,49.69695652173913,34.56086956521738,35.31913043478262,35.6626086956522,0.3526086956521739,65.83739130434783,0.000943,0.000783,0.001745,14.37782608695651,1
18998,2025-04-10 11:56:05+00:00,2025-04-10 11:56:05+00:00,69.28592592592594,0.187037037037037,49.70148148148149,80.77333333333334,35.27999999999998,36.1925925925926,0.8470370370370373,64.75259259259258,0.001002,0.000822,0.002141,14.421481481481514,1
19015,2025-04-10 11:57:21+00:00,2025-04-10 11:57:21+00:00,89.52259259259257,0.18,50.97037037037038,101.88592592592596,35.36370370370371,36.9348148148148,1.2640740740740748,64.66518518518521,0.00195,0.001171,0.006699,15.60666666666667,1
19018,2025-04-10 11:57:25+00:00,2025-04-10 11:57:25+00:00,69.81125,0.1683333333333333,50.790833333333325,80.64708333333331,35.35166666666668,36.63125,1.0312499999999998,64.99624999999999,0.001777,0.001067,0.00583,15.439166666666644,1
19035,2025-04-10 11:57:47+00:00,2025-04-10 11:57:47+00:00,19.95153846153846,0.1415384615384615,49.808461538461536,27.08115384615385,35.37961538461538,35.75692307692308,0.3519230769230767,65.98923076923076,0.000927,0.00077,0.001886,14.42884615384616,1
19048,2025-04-10 11:58:04+00:00,2025-04-10 11:58:04+00:00,63.71399999999998,0.1936,49.7248,75.96960000000001,35.4224,36.21680000000001,0.3583999999999999,64.94,0.000987,0.000806,0.00208,14.302400000000006,1
19053,2025-04-10 11:58:11+00:00,2025-04-10 11:58:11+00:00,97.91666666666671,0.19,49.8475,112.98541666666664,35.405416666666646,36.73708333333333,1.3441666666666665,64.21291666666666,0.001125,0.000879,0.002834,14.44208333333335,1
19057,2025-04-10 11:58:16+00:00,2025-04-10 11:58:16+00:00,124.19071428571428,0.1853571428571428,49.83499999999999,138.57214285714292,35.41642857142856,37.07178571428573,1.616428571428571,63.745,0.001381,0.000965,0.003904,14.418571428571424,1
19060,2025-04-10 11:58:20+00:00,2025-04-10 11:58:20+00:00,144.9976,0.1904,49.933600000000006,159.47639999999998,35.4304,37.372800000000005,1.8412,63.23239999999996,0.001606,0.001096,0.004824,14.503200000000009,1
19062,2025-04-10 11:58:22+00:00,2025-04-10 11:58:22+00:00,154.03409090909088,0.1886363636363637,49.95545454545454,168.25772727272732,35.44772727272728,37.4959090909091,1.9377272727272727,63.009545454545474,0.001762,0.001148,0.005509,14.507727272727266,1
19066,2025-04-10 11:59:21+00:00,2025-04-10 11:59:21+00:00,88.76719999999997,0.1812,51.0048,101.14320000000002,35.470000000000006,37.02000000000001,1.2703999999999995,64.6092,0.001939,0.001167,0.006633,15.53479999999999,1
19098,2025-04-10 12:00:03+00:00,2025-04-10 12:00:03+00:00,59.69541666666667,0.1629166666666667,49.8575,69.65041666666663,35.497499999999995,36.263333333333335,0.3600000000000001,65.12,0.000998,0.000831,0.002024,14.36,1
19107,2025-04-10 12:00:15+00:00,2025-04-10 12:00:15+00:00,117.9222222222222,0.16,49.8948148148148,130.8477777777778,35.53370370370369,37.07962962962962,1.562962962962963,63.86851851851853,0.001334,0.000961,0.003699,14.361111111111114,1
19122,2025-04-10 12:01:27+00:00,2025-04-10 12:01:27+00:00,62.30833333333334,0.1591666666666666,50.83124999999998,73.35916666666667,35.572916666666664,36.70041666666668,0.3537499999999998,65.18208333333331,0.001662,0.001039,0.005308,15.25833333333332,1
19123,2025-04-10 12:01:29+00:00,2025-04-10 12:01:29+00:00,54.21318181818183,0.1768181818181818,50.73454545454546,64.01045454545454,35.5659090909091,36.62636363636363,0.3499999999999998,65.21136363636364,0.001588,0.000995,0.004937,15.16863636363636,1
19125,2025-04-10 12:01:31+00:00,2025-04-10 12:01:31+00:00,46.6396,0.1767999999999999,50.59280000000002,56.41959999999998,35.558,36.47559999999999,0.3499999999999998,65.36640000000001,0.001433,0.000941,0.004234,15.034800000000018,1
19135,2025-04-10 12:01:44+00:00,2025-04-10 12:01:44+00:00,20.0912,0.1704,50.05999999999999,28.417999999999992,35.568400000000004,35.98040000000001,0.3499999999999998,65.9364,0.000974,0.000788,0.002115,14.491599999999984,1
19147,2025-04-10 12:02:00+00:00,2025-04-10 12:02:00+00:00,47.18826086956523,0.1834782608695652,49.87260869565218,56.98999999999998,35.591304347826096,36.21434782608696,0.3517391304347826,65.32086956521736,0.000909,0.000771,0.001817,14.281304347826088,1
19152,2025-04-10 12:02:07+00:00,2025-04-10 12:02:07+00:00,76.5132,0.1624,49.82439999999999,87.55359999999999,35.59800000000001,36.5488,1.0808000000000002,64.73079999999999,0.001025,0.000881,0.002267,14.226399999999977,1
19165,2025-04-10 12:02:24+00:00,2025-04-10 12:02:24+00:00,163.15821428571434,0.2042857142857143,50.09249999999998,178.01357142857145,35.59035714285715,37.77964285714286,2.0557142857142856,62.82571428571428,0.001825,0.00115,0.005845,14.502142857142829,1
19171,2025-04-10 12:03:24+00:00,2025-04-10 12:03:24+00:00,75.57692307692308,0.1857692307692308,51.06000000000001,88.09961538461536,35.63576923076923,36.97153846153846,1.116923076923077,64.76846153846154,0.001762,0.00115,0.00597,15.424230769230782,1
19179,2025-04-10 12:03:34+00:00,2025-04-10 12:03:34+00:00,37.103749999999984,0.14375,50.61916666666667,45.408750000000005,35.65708333333333,36.41666666666666,0.3499999999999998,65.61833333333335,0.001257,0.000896,0.003489,14.96208333333334,1
19192,2025-04-10 12:03:51+00:00,2025-04-10 12:03:51+00:00,24.05115384615385,0.1423076923076922,49.99923076923076,32.75269230769231,35.673461538461524,36.06807692307692,0.3546153846153844,65.83615384615385,0.000966,0.000766,0.001773,14.32576923076924,1
19227,2025-04-10 12:05:31+00:00,2025-04-10 12:05:31+00:00,47.76703703703703,0.157037037037037,50.78333333333335,57.18296296296296,35.74777777777778,36.668518518518525,0.3562962962962963,65.34666666666668,0.00145,0.000938,0.004361,15.035555555555575,1
19246,2025-04-10 12:05:56+00:00,2025-04-10 12:05:56+00:00,33.10959999999999,0.1476,49.94040000000001,41.61200000000001,35.777199999999986,36.2008,0.3559999999999998,65.58919999999999,0.000915,0.000765,0.001705,14.163200000000025,1
19267,2025-04-10 12:06:23+00:00,2025-04-10 12:06:23+00:00,155.5264,0.1816,50.27680000000001,171.82639999999995,35.813200000000016,37.8464,1.9836,63.0724,0.001792,0.001131,0.005621,14.463599999999992,1
19290,2025-04-10 12:07:47+00:00,2025-04-10 12:07:47+00:00,19.52125000000001,0.15875,50.16791666666666,28.37125,35.84166666666669,36.202916666666674,0.35875,66.07916666666665,0.000932,0.000817,0.001907,14.326249999999972,1
19316,2025-04-10 12:08:21+00:00,2025-04-10 12:08:21+00:00,145.202,0.172,50.26519999999999,159.7636,35.8692,37.84640000000001,1.854,63.29360000000001,0.001633,0.001084,0.005046,14.395999999999994,1
19322,2025-04-10 12:09:22+00:00,2025-04-10 12:09:22+00:00,88.64555555555556,0.1696296296296296,51.34851851851851,101.43407407407403,35.89296296296296,37.48074074074074,1.276296296296297,64.61629629629631,0.001953,0.0012,0.006722,15.455555555555549,1
19362,2025-04-10 12:10:14+00:00,2025-04-10 12:10:14+00:00,109.2516666666666,0.2,50.17875000000001,121.2966666666667,35.92874999999999,37.38666666666668,1.4570833333333333,64.04916666666666,0.001241,0.000919,0.003236,14.25000000000002,1
19370,2025-04-10 12:10:25+00:00,2025-04-10 12:10:25+00:00,164.18959999999998,0.1960000000000001,50.2984,180.20160000000004,35.980000000000004,38.1732,2.0932,62.88920000000003,0.001776,0.001141,0.005765,14.31839999999999,1
19387,2025-04-10 12:11:41+00:00,2025-04-10 12:11:41+00:00,22.95846153846154,0.1384615384615385,50.52423076923076,30.543846153846143,36.01923076923077,36.52153846153845,0.3561538461538461,65.9773076923077,0.001076,0.000859,0.002625,14.504999999999995,1
19414,2025-04-10 12:12:17+00:00,2025-04-10 12:12:17+00:00,123.25166666666664,0.1933333333333333,50.25041666666667,138.09958333333333,36.04999999999998,37.62583333333334,1.6395833333333325,63.67333333333335,0.001419,0.000992,0.00402,14.20041666666669,1
19416,2025-04-10 12:12:20+00:00,2025-04-10 12:12:20+00:00,138.52840000000006,0.2004,50.342,153.3272,36.04,37.83720000000001,1.7911999999999997,63.4284,0.001595,0.001044,0.004697,14.302,1
19418,2025-04-10 12:12:23+00:00,2025-04-10 12:12:23+00:00,152.96291666666667,0.1875,50.28625000000002,169.1254166666667,36.02499999999999,38.063333333333325,1.9675,63.07666666666666,0.001756,0.001118,0.00546,14.261250000000024,1
19425,2025-04-10 12:13:24+00:00,2025-04-10 12:13:24+00:00,80.155,0.1875,51.4025,91.46750000000006,36.07714285714288,37.45678571428572,1.1692857142857138,64.75142857142855,0.00179,0.001115,0.00614,15.325357142857122,1
19434,2025-04-10 12:13:36+00:00,2025-04-10 12:13:36+00:00,33.500800000000005,0.1567999999999999,50.80239999999999,41.98960000000001,36.08200000000001,36.787600000000005,0.3596,65.77320000000002,0.001222,0.00091,0.003363,14.720399999999984,1
19435,2025-04-10 12:13:37+00:00,2025-04-10 12:13:37+00:00,31.582399999999986,0.1483999999999999,50.7728,39.8416,36.085600000000014,36.720000000000006,0.3567999999999999,65.72359999999999,0.001185,0.000908,0.003122,14.68719999999999,1
19444,2025-04-10 12:13:50+00:00,2025-04-10 12:13:50+00:00,21.501153846153848,0.155,50.28269230769232,27.92115384615384,36.08576923076924,36.41307692307692,0.3503846153846152,65.90884615384617,0.000919,0.000763,0.001861,14.196923076923078,1
19446,2025-04-10 12:13:53+00:00,2025-04-10 12:13:53+00:00,25.65807692307692,0.1873076923076923,50.25192307692308,33.47461538461538,36.07846153846155,36.494230769230754,0.358076923076923,65.87576923076924,0.000958,0.000829,0.001772,14.173461538461524,1
19482,2025-04-10 12:15:33+00:00,2025-04-10 12:15:33+00:00,43.40222222222224,0.1422222222222222,51.07296296296296,52.7514814814815,36.15148148148147,37.01925925925924,0.3507407407407406,65.48962962962962,0.001399,0.000942,0.004229,14.921481481481491,1
19494,2025-04-10 12:15:48+00:00,2025-04-10 12:15:48+00:00,20.08,0.1755555555555556,50.37555555555555,27.641111111111112,36.15629629629628,36.52333333333334,0.3562962962962963,65.95481481481482,0.000915,0.000791,0.001988,14.219259259259276,1
19528,2025-04-10 12:17:24+00:00,2025-04-10 12:17:24+00:00,82.11119999999997,0.176,51.4996,92.96120000000002,36.21120000000001,37.6336,1.2032000000000005,64.82839999999999,0.001773,0.001108,0.006147,15.288399999999989,1
19534,2025-04-10 12:17:32+00:00,2025-04-10 12:17:32+00:00,47.57400000000001,0.174,51.10679999999999,57.37360000000002,36.1976,37.128800000000005,0.3588,65.4124,0.001463,0.000964,0.004437,14.909199999999984,1
19539,2025-04-10 12:17:38+00:00,2025-04-10 12:17:38+00:00,29.609090909090916,0.1604545454545454,50.845,37.72772727272727,36.20863636363636,36.82954545454546,0.353181818181818,65.81545454545454,0.001154,0.000862,0.003061,14.63636363636364,1
19603,2025-04-10 12:19:55+00:00,2025-04-10 12:19:55+00:00,28.71807692307692,0.1553846153846154,50.341923076923074,37.635000000000005,36.33153846153846,36.73884615384616,0.3565384615384614,65.75000000000001,0.000887,0.000778,0.001783,14.010384615384616,1
19612,2025-04-10 12:20:07+00:00,2025-04-10 12:20:07+00:00,69.73160000000001,0.1872,50.39279999999997,80.96279999999999,36.3672,37.26679999999999,1.0128,64.80480000000003,0.000989,0.000813,0.002181,14.025599999999969,1
19680,2025-04-10 12:22:27+00:00,2025-04-10 12:22:27+00:00,167.8585185185185,0.1848148148148148,50.7337037037037,183.80777777777777,36.48370370370372,38.74592592592594,2.16962962962963,62.77296296296296,0.001785,0.001153,0.006055,14.249999999999986,1
19687,2025-04-10 12:23:28+00:00,2025-04-10 12:23:28+00:00,66.18880000000003,0.1724,51.52319999999999,76.66000000000001,36.503600000000006,37.67640000000001,0.924,65.0608,0.001694,0.001027,0.005522,15.019599999999985,1
19702,2025-04-10 12:23:48+00:00,2025-04-10 12:23:48+00:00,19.94136363636364,0.1609090909090909,50.66954545454546,27.041363636363634,36.52954545454544,36.87818181818181,0.3568181818181818,65.91863636363637,0.000931,0.000808,0.001965,14.140000000000027,1
19719,2025-04-10 12:24:10+00:00,2025-04-10 12:24:10+00:00,82.70000000000002,0.1555555555555555,50.51111111111111,93.27925925925926,36.53592592592591,37.59444444444444,1.1733333333333338,64.6288888888889,0.001055,0.000841,0.002497,13.975185185185204,1
19724,2025-04-10 12:24:17+00:00,2025-04-10 12:24:17+00:00,118.62769230769226,0.1930769230769231,50.59999999999999,131.90807692307695,36.53730769230768,38.0873076923077,1.6,63.86692307692309,0.001335,0.00095,0.003677,14.06269230769231,1
19730,2025-04-10 12:24:25+00:00,2025-04-10 12:24:25+00:00,158.53346153846152,0.2007692307692307,50.691538461538464,175.25384615384615,36.53153846153844,38.67576923076925,2.056923076923077,62.82730769230769,0.001812,0.001138,0.00582,14.160000000000023,1
19732,2025-04-10 12:24:27+00:00,2025-04-10 12:24:27+00:00,169.06884615384618,0.2053846153846153,50.7007692307692,184.8211538461539,36.53999999999999,38.80615384615384,2.185769230769231,62.7419230769231,0.00186,0.001182,0.006307,14.160769230769212,1
19735,2025-04-10 12:25:24+00:00,2025-04-10 12:25:24+00:00,85.57148148148144,0.138148148148148,51.721851851851866,96.32629629629628,36.54814814814814,38.01888888888888,1.2451851851851845,64.75703703703704,0.001865,0.001144,0.006431,15.17370370370373,1
19743,2025-04-10 12:25:34+00:00,2025-04-10 12:25:34+00:00,43.00119999999999,0.1787999999999999,51.211200000000005,52.486,36.5728,37.39519999999999,0.3600000000000001,65.48960000000001,0.001356,0.000934,0.003908,14.638400000000004,1
19775,2025-04-10 12:26:16+00:00,2025-04-10 12:26:16+00:00,111.995652173913,0.1739130434782609,50.61304347826086,125.41826086956524,36.597391304347845,38.07695652173911,1.521304347826087,63.91217391304349,0.001316,0.000936,0.003437,14.015652173913018,1
19793,2025-04-10 12:27:34+00:00,2025-04-10 12:27:34+00:00,43.11208333333333,0.14875,51.368749999999984,52.08624999999999,36.65749999999999,37.49541666666667,0.3579166666666666,65.62958333333333,0.001407,0.000955,0.00419,14.711249999999993,1
19798,2025-04-10 12:27:40+00:00,2025-04-10 12:27:40+00:00,27.18416666666668,0.1395833333333333,51.08875,33.62083333333333,36.646666666666654,37.29833333333334,0.3516666666666665,65.87916666666668,0.001121,0.000857,0.002869,14.442083333333343,1
19800,2025-04-10 12:27:43+00:00,2025-04-10 12:27:43+00:00,22.07259259259259,0.1588888888888889,50.910740740740735,30.53185185185185,36.649999999999984,37.07185185185184,0.3525925925925924,65.90259259259258,0.00104,0.000842,0.002508,14.26074074074075,1
19802,2025-04-10 12:27:45+00:00,2025-04-10 12:27:45+00:00,20.730689655172405,0.1334482758620689,50.858275862068986,28.65482758620689,36.65379310344826,37.0706896551724,0.3568965517241379,65.96103448275862,0.000994,0.000794,0.00221,14.204482758620728,1
19828,2025-04-10 12:28:21+00:00,2025-04-10 12:28:21+00:00,137.77148148148146,0.1822222222222222,50.70555555555555,152.42851851851853,36.68481481481479,38.50000000000001,1.798888888888889,63.41518518518519,0.001538,0.00104,0.004534,14.020740740740756,1
19838,2025-04-10 12:29:28+00:00,2025-04-10 12:29:28+00:00,67.23517241379312,0.1710344827586207,51.69241379310346,78.93689655172412,36.73655172413793,37.978620689655166,1.0296551724137932,65.0196551724138,0.001783,0.001066,0.005864,14.95586206896553,1
19847,2025-04-10 12:29:39+00:00,2025-04-10 12:29:39+00:00,30.0724,0.1583999999999999,51.1664,37.98600000000001,36.741200000000006,37.354,0.3544,65.7916,0.00116,0.000854,0.003041,14.42519999999999,1
19867,2025-04-10 12:30:06+00:00,2025-04-10 12:30:06+00:00,62.647200000000026,0.1664,50.62600000000001,73.10800000000002,36.73240000000001,37.51200000000001,0.3583999999999999,64.97040000000001,0.000976,0.000803,0.002034,13.8936,1
19869,2025-04-10 12:30:08+00:00,2025-04-10 12:30:08+00:00,72.19826086956522,0.1504347826086956,50.71782608695653,81.44956521739128,36.74173913043479,37.68652173913044,1.0447826086956522,64.89086956521739,0.001018,0.00084,0.002267,13.97608695652174,1
19898,2025-04-10 12:31:40+00:00,2025-04-10 12:31:40+00:00,27.614074074074068,0.1518518518518518,51.14962962962964,35.3848148148148,36.80148148148147,37.37740740740741,0.3537037037037034,65.86,0.001207,0.000883,0.002922,14.34814814814817,1
19902,2025-04-10 12:31:45+00:00,2025-04-10 12:31:45+00:00,20.432500000000005,0.1507142857142856,51.00928571428572,28.591071428571414,36.80214285714284,37.25392857142857,0.3546428571428571,65.8264285714286,0.001035,0.000816,0.002301,14.207142857142877,1
19903,2025-04-10 12:31:47+00:00,2025-04-10 12:31:47+00:00,19.49416666666667,0.1491666666666667,50.891250000000014,27.134583333333325,36.81208333333334,37.15125000000001,0.3529166666666665,65.92708333333333,0.000969,0.000792,0.002179,14.079166666666673,1
19920,2025-04-10 12:32:09+00:00,2025-04-10 12:32:09+00:00,74.89439999999999,0.1463999999999999,50.66480000000001,85.94200000000002,36.82240000000001,37.765999999999984,1.0928000000000002,64.79879999999999,0.001041,0.000829,0.002358,13.842399999999998,1
19923,2025-04-10 12:32:13+00:00,2025-04-10 12:32:13+00:00,94.65925925925929,0.174074074074074,50.80592592592593,106.87703703703704,36.818148148148126,38.07777777777778,1.3318518518518525,64.49518518518519,0.00111,0.000881,0.002745,13.987777777777808,1
19925,2025-04-10 12:32:15+00:00,2025-04-10 12:32:15+00:00,104.45680000000002,0.182,50.804,117.88880000000005,36.82280000000001,38.1916,1.4503999999999997,64.1404,0.001201,0.000923,0.003186,13.981199999999994,1
19950,2025-04-10 12:33:41+00:00,2025-04-10 12:33:41+00:00,26.13888888888889,0.1629629629629629,51.19296296296296,33.72407407407406,36.88592592592592,37.41370370370372,0.36,65.97,0.001103,0.000848,0.002826,14.30703703703704,1
19955,2025-04-10 12:33:47+00:00,2025-04-10 12:33:47+00:00,19.523478260869567,0.1604347826086956,50.99130434782609,27.37565217391304,36.88434782608695,37.30391304347825,0.3600000000000001,66.04782608695653,0.000957,0.00081,0.002079,14.106956521739136,1
19970,2025-04-10 12:34:07+00:00,2025-04-10 12:34:07+00:00,64.93379310344827,0.1620689655172413,50.748620689655176,76.00965517241377,36.87827586206897,37.71206896551725,0.7427586206896554,65.02586206896551,0.000966,0.00081,0.002019,13.870344827586209,1
20005,2025-04-10 12:35:45+00:00,2025-04-10 12:35:45+00:00,20.70384615384615,0.1630769230769231,51.06692307692306,28.189615384615383,36.98884615384616,37.41423076923077,0.36,66.00230769230771,0.001016,0.000847,0.002356,14.0780769230769,1
20024,2025-04-10 12:36:10+00:00,2025-04-10 12:36:10+00:00,78.23461538461538,0.1776923076923078,50.81461538461539,90.00499999999998,37.023461538461525,38.01230769230768,1.1361538461538456,64.62692307692309,0.001046,0.000845,0.002386,13.79115384615386,1
20032,2025-04-10 12:36:20+00:00,2025-04-10 12:36:20+00:00,129.19608695652175,0.178695652173913,50.91608695652175,143.3604347826087,36.94913043478262,38.6986956521739,1.7260869565217387,63.54695652173916,0.001496,0.001025,0.004311,13.966956521739128,1
20039,2025-04-10 12:36:30+00:00,2025-04-10 12:36:30+00:00,177.66740740740738,0.2085185185185185,51.1951851851852,193.4437037037038,37.03592592592591,39.46296296296296,2.327407407407408,62.43629629629629,0.001978,0.001246,0.006575,14.159259259259294,1
20052,2025-04-10 12:37:40+00:00,2025-04-10 12:37:40+00:00,29.1611111111111,0.1337037037037036,51.35592592592592,36.17296296296296,37.02592592592592,37.63925925925927,0.3592592592592592,65.72925925925927,0.00115,0.000872,0.00298,14.330000000000004,1
20060,2025-04-10 12:37:51+00:00,2025-04-10 12:37:51+00:00,20.50480000000001,0.16,50.9888,29.06199999999999,37.02879999999999,37.41480000000001,0.3596000000000001,65.99399999999999,0.000932,0.00077,0.001931,13.960000000000008,1
20062,2025-04-10 12:37:54+00:00,2025-04-10 12:37:54+00:00,24.24807692307692,0.1438461538461538,50.886923076923054,31.286153846153837,37.03192307692306,37.40923076923076,0.3603846153846154,65.89115384615387,0.000912,0.000777,0.00182,13.854999999999997,1
20078,2025-04-10 12:38:14+00:00,2025-04-10 12:38:14+00:00,97.23720000000002,0.1776,50.95120000000001,110.2596,37.029199999999975,38.3104,1.3735999999999997,64.25200000000001,0.001166,0.000932,0.002986,13.922000000000033,1
20086,2025-04-10 12:38:25+00:00,2025-04-10 12:38:25+00:00,154.69499999999996,0.1896153846153846,51.105384615384615,169.92653846153843,37.04846153846152,39.16769230769231,2.0161538461538453,62.99115384615386,0.001749,0.001119,0.005448,14.056923076923091,1
20113,2025-04-10 12:39:53+00:00,2025-04-10 12:39:53+00:00,22.6537037037037,0.1422222222222222,51.02666666666667,29.3725925925926,37.11407407407408,37.466296296296285,0.36,65.87962962962963,0.00091,0.000783,0.001831,13.912592592592588,1
20143,2025-04-10 12:41:26+00:00,2025-04-10 12:41:26+00:00,81.06115384615386,0.1488461538461538,52.190769230769234,91.59115384615386,37.16884615384614,38.6096153846154,1.2073076923076926,64.84961538461536,0.001816,0.001131,0.006287,15.021923076923096,1
20144,2025-04-10 12:41:27+00:00,2025-04-10 12:41:27+00:00,76.84076923076921,0.1473076923076922,52.07576923076924,86.21038461538461,37.17269230769229,38.51615384615385,1.1515384615384616,64.85461538461537,0.00175,0.001088,0.005974,14.903076923076952,1
20146,2025-04-10 12:41:30+00:00,2025-04-10 12:41:30+00:00,63.65319999999997,0.184,51.90679999999998,74.29360000000001,37.16359999999998,38.27960000000001,0.7988000000000001,65.17519999999999,0.001718,0.00106,0.005571,14.743200000000002,1
20153,2025-04-10 12:41:39+00:00,2025-04-10 12:41:39+00:00,32.18416666666667,0.17375,51.49041666666667,39.833750000000016,37.18458333333332,37.81833333333335,0.3600000000000001,65.70541666666666,0.001197,0.0009,0.003198,14.305833333333348,1
20167,2025-04-10 12:41:59+00:00,2025-04-10 12:41:59+00:00,34.466538461538455,0.1688461538461539,50.91692307692308,42.836923076923085,37.19423076923079,37.65,0.36,65.60192307692307,0.000898,0.000799,0.001759,13.722692307692292,1
20170,2025-04-10 12:42:03+00:00,2025-04-10 12:42:03+00:00,46.80653846153847,0.1411538461538461,50.93346153846152,55.189615384615394,37.204615384615394,37.82230769230769,0.36,65.38269230769234,0.000925,0.000771,0.001833,13.728846153846128,1
20176,2025-04-10 12:42:10+00:00,2025-04-10 12:42:10+00:00,76.42925925925925,0.1596296296296296,51.04259259259259,86.57703703703702,37.190000000000005,38.16222222222222,1.108518518518519,64.69370370370372,0.001048,0.000845,0.002376,13.852592592592586,1
20203,2025-04-10 12:43:38+00:00,2025-04-10 12:43:38+00:00,35.093999999999994,0.1348,51.62080000000002,42.85359999999999,37.235600000000005,37.96920000000001,0.356,65.73239999999998,0.001234,0.000894,0.003414,14.385200000000012,1
20211,2025-04-10 12:43:49+00:00,2025-04-10 12:43:49+00:00,20.13347826086957,0.1413043478260869,51.10217391304347,27.16652173913044,37.24260869565217,37.61565217391306,0.3600000000000001,66.10347826086954,0.000961,0.00082,0.002026,13.8595652173913,1
20244,2025-04-10 12:45:24+00:00,2025-04-10 12:45:24+00:00,92.5836,0.182,52.3008,105.29359999999996,37.290399999999984,38.89559999999999,1.3688000000000002,64.48719999999999,0.001943,0.001197,0.00668,15.010400000000018,1
20256,2025-04-10 12:45:40+00:00,2025-04-10 12:45:40+00:00,30.31000000000001,0.1519047619047619,51.55571428571428,38.0095238095238,37.3152380952381,37.92619047619048,0.3557142857142856,65.77761904761904,0.001196,0.000896,0.003139,14.24047619047618,1
20257,2025-04-10 12:45:41+00:00,2025-04-10 12:45:41+00:00,28.36279999999999,0.1424,51.53039999999999,35.859199999999994,37.32360000000002,37.87359999999999,0.3523999999999999,65.69959999999998,0.001137,0.000889,0.002881,14.206799999999973,1
20289,2025-04-10 12:46:23+00:00,2025-04-10 12:46:23+00:00,141.02333333333334,0.1925,51.241666666666674,155.25333333333333,37.32375,39.202500000000015,1.8620833333333335,63.19083333333334,0.001633,0.001062,0.004922,13.91791666666667,1
20290,2025-04-10 12:46:25+00:00,2025-04-10 12:46:25+00:00,150.48038461538462,0.1692307692307692,51.23500000000001,164.84961538461536,37.3296153846154,39.34423076923077,1.9853846153846155,63.16615384615387,0.001732,0.001101,0.005341,13.905384615384603,1
20313,2025-04-10 12:47:47+00:00,2025-04-10 12:47:47+00:00,20.68518518518519,0.1533333333333333,51.2859259259259,27.839629629629627,37.384074074074064,37.782222222222224,0.3596296296296297,66.05407407407407,0.000982,0.00082,0.002151,13.901851851851838,1
20321,2025-04-10 12:47:58+00:00,2025-04-10 12:47:58+00:00,30.94038461538461,0.1584615384615385,51.03346153846154,38.70807692307695,37.386153846153846,37.82692307692308,0.3592307692307692,65.64884615384615,0.000869,0.000767,0.001685,13.647307692307692,1
20329,2025-04-10 12:48:08+00:00,2025-04-10 12:48:08+00:00,64.91291666666665,0.1833333333333333,51.04291666666666,74.38416666666667,37.40333333333332,38.20291666666667,0.5941666666666666,64.94999999999997,0.000957,0.000812,0.002055,13.63958333333334,1
20356,2025-04-10 12:49:36+00:00,2025-04-10 12:49:36+00:00,42.1312,0.1583999999999999,51.85719999999999,51.44960000000001,37.44960000000001,38.23039999999999,0.3559999999999998,65.59360000000001,0.001365,0.000922,0.003931,14.40759999999998,1
20379,2025-04-10 12:50:06+00:00,2025-04-10 12:50:06+00:00,56.26769230769233,0.1565384615384615,51.19192307692309,65.595,37.4496153846154,38.23423076923078,0.36,65.05038461538462,0.000969,0.00083,0.001946,13.74230769230769,1
20407,2025-04-10 12:51:37+00:00,2025-04-10 12:51:37+00:00,40.263333333333335,0.1541666666666667,51.94041666666666,48.90624999999999,37.521666666666654,38.2925,0.3600000000000001,65.55583333333335,0.001339,0.00091,0.00386,14.41875000000001,1
20410,2025-04-10 12:51:41+00:00,2025-04-10 12:51:41+00:00,28.951851851851863,0.137037037037037,51.69481481481484,36.71222222222223,37.51888888888888,38.10999999999999,0.3596296296296296,65.88111111111111,0.001182,0.000877,0.003075,14.175925925925966,1
20430,2025-04-10 12:52:09+00:00,2025-04-10 12:52:09+00:00,67.81107142857144,0.1603571428571429,51.14607142857143,78.04821428571427,37.52142857142856,38.35714285714285,1.01,64.92535714285715,0.000971,0.000834,0.002196,13.624642857142868,1
20437,2025-04-10 12:52:19+00:00,2025-04-10 12:52:19+00:00,116.625,0.1419230769230769,51.23115384615385,128.28769230769234,37.523076923076914,39.06884615384615,1.6080769230769234,63.82653846153846,0.001289,0.000957,0.003576,13.708076923076938,1
20464,2025-04-10 12:53:46+00:00,2025-04-10 12:53:46+00:00,20.72391304347826,0.1426086956521739,51.562608695652166,28.32652173913043,37.57434782608696,38.0404347826087,0.3499999999999998,66.0513043478261,0.001045,0.000849,0.002292,13.988260869565202,1
20488,2025-04-10 12:54:18+00:00,2025-04-10 12:54:18+00:00,111.29964285714286,0.175,51.29571428571428,124.31321428571432,37.600000000000016,39.02071428571428,1.5399999999999996,63.90714285714287,0.001261,0.00093,0.0033,13.695714285714269,1
20494,2025-04-10 12:54:26+00:00,2025-04-10 12:54:26+00:00,152.0548,0.1812,51.4736,167.2744,37.62319999999999,39.62759999999999,2.0144000000000006,62.92200000000002,0.001747,0.001097,0.005433,13.850400000000008,1
20499,2025-04-10 12:55:25+00:00,2025-04-10 12:55:25+00:00,92.26583333333332,0.1604166666666666,52.54625000000001,103.41750000000005,37.68583333333334,39.224583333333335,1.365,64.43166666666666,0.001972,0.001221,0.006785,14.860416666666666,1
20537,2025-04-10 12:56:15+00:00,2025-04-10 12:56:15+00:00,95.50384615384615,0.1553846153846153,51.40076923076924,106.87730769230772,37.71269230769232,38.925,1.3642307692307691,64.28884615384615,0.001127,0.000898,0.002735,13.68807692307692,1
20544,2025-04-10 12:56:24+00:00,2025-04-10 12:56:24+00:00,141.24714285714285,0.1610714285714285,51.4767857142857,154.7057142857143,37.728928571428575,39.58749999999999,1.8785714285714283,63.2892857142857,0.001602,0.001045,0.004778,13.747857142857129,1
20552,2025-04-10 12:57:28+00:00,2025-04-10 12:57:28+00:00,78.32125,0.1616666666666666,52.51416666666666,88.09791666666666,37.73666666666667,39.08249999999999,1.1916666666666669,64.75708333333331,0.001752,0.001075,0.006067,14.77749999999999,1
20570,2025-04-10 12:57:52+00:00,2025-04-10 12:57:52+00:00,20.459166666666672,0.1616666666666666,51.45541666666665,27.665416666666676,37.726666666666674,38.033750000000005,0.3575,66.01708333333333,0.000937,0.000774,0.001903,13.728749999999977,1
20651,2025-04-10 13:00:30+00:00,2025-04-10 13:00:30+00:00,169.33919999999995,0.2251999999999999,51.61799999999998,185.8864,37.872800000000005,40.11479999999998,2.252000000000001,62.58599999999999,0.001856,0.00118,0.006178,13.745199999999976,1
20665,2025-04-10 13:01:41+00:00,2025-04-10 13:01:41+00:00,30.45370370370369,0.1585185185185185,51.95037037037038,39.059259259259264,37.89777777777777,38.467037037037045,0.3514814814814813,65.79074074074074,0.001181,0.000874,0.003083,14.05259259259261,1
20679,2025-04-10 13:01:59+00:00,2025-04-10 13:01:59+00:00,29.97166666666666,0.1604166666666667,51.45000000000001,38.38166666666667,37.90208333333333,38.3025,0.3533333333333333,65.65833333333332,0.000895,0.000771,0.001721,13.54791666666668,1
20688,2025-04-10 13:02:11+00:00,2025-04-10 13:02:11+00:00,73.25999999999999,0.1514285714285714,51.45392857142857,83.92607142857142,37.89642857142856,38.80250000000001,1.0942857142857143,64.72178571428572,0.001011,0.000831,0.002249,13.557500000000012,1
20690,2025-04-10 13:02:14+00:00,2025-04-10 13:02:14+00:00,88.53583333333334,0.18125,51.47166666666666,99.7808333333333,37.89249999999999,39.004583333333336,1.2845833333333336,64.33750000000002,0.001063,0.000867,0.002517,13.579166666666673,1
20711,2025-04-10 13:03:31+00:00,2025-04-10 13:03:31+00:00,66.3352,0.144,52.5312,75.198,37.944800000000015,39.10360000000001,1.0348000000000004,65.1252,0.00169,0.001056,0.005505,14.586399999999983,1
20739,2025-04-10 13:04:08+00:00,2025-04-10 13:04:08+00:00,59.745000000000005,0.155,51.45642857142855,68.62892857142857,37.96464285714287,38.69035714285714,0.36,65.12892857142857,0.000933,0.000803,0.001932,13.491785714285683,1
20751,2025-04-10 13:04:23+00:00,2025-04-10 13:04:23+00:00,133.96076923076927,0.1757692307692308,51.60807692307693,148.0353846153846,37.97538461538462,39.71615384615385,1.8042307692307693,63.465,0.001509,0.001035,0.004538,13.63269230769231,1
20771,2025-04-10 13:05:42+00:00,2025-04-10 13:05:42+00:00,29.567307692307704,0.15,52.03192307692306,37.299615384615386,38.01423076923076,38.58846153846154,0.3553846153846153,65.80038461538463,0.001146,0.000838,0.002986,14.017692307692307,1
20778,2025-04-10 13:05:53+00:00,2025-04-10 13:05:53+00:00,20.55444444444445,0.1514814814814814,51.65999999999999,28.311851851851845,38.01370370370369,38.33851851851852,0.3566666666666667,65.91814814814816,0.000926,0.000762,0.001891,13.6462962962963,1
20826,2025-04-10 13:07:48+00:00,2025-04-10 13:07:48+00:00,20.691666666666663,0.1504166666666666,51.81458333333333,28.48458333333332,38.09083333333336,38.477916666666665,0.3529166666666665,65.99666666666667,0.001,0.000816,0.00226,13.723749999999969,1
20852,2025-04-10 13:08:22+00:00,2025-04-10 13:08:22+00:00,126.68956521739128,0.1695652173913043,51.691739130434776,138.94347826086957,38.07782608695653,39.75217391304347,1.7269565217391305,63.64869565217391,0.001461,0.000976,0.00405,13.613913043478242,1
20875,2025-04-10 13:09:45+00:00,2025-04-10 13:09:45+00:00,24.016428571428573,0.1592857142857143,52.05535714285713,31.828214285714285,38.14892857142856,38.63214285714286,0.3596428571428571,66.0475,0.001061,0.000841,0.002623,13.90642857142857,1
20939,2025-04-10 13:12:02+00:00,2025-04-10 13:12:02+00:00,36.26916666666668,0.15,51.64583333333334,44.12125,38.22375,38.65083333333335,0.3504166666666665,65.57333333333334,0.000891,0.000821,0.001726,13.42208333333334,1
20960,2025-04-10 13:12:30+00:00,2025-04-10 13:12:30+00:00,165.42083333333338,0.2041666666666667,51.913750000000014,180.8141666666667,38.26041666666666,40.42083333333333,2.2154166666666666,62.66041666666669,0.001818,0.001181,0.005941,13.653333333333356,1
20967,2025-04-10 13:13:31+00:00,2025-04-10 13:13:31+00:00,69.77541666666667,0.14125,52.769166666666656,79.39666666666666,38.30708333333332,39.481666666666655,1.0937499999999998,65.02125000000001,0.001767,0.001068,0.005775,14.46208333333334,1
20969,2025-04-10 13:13:34+00:00,2025-04-10 13:13:34+00:00,56.313600000000015,0.1688,52.62839999999999,66.03439999999999,38.30119999999997,39.2724,0.3596,65.23040000000002,0.001583,0.001014,0.005005,14.32720000000002,1
20979,2025-04-10 13:13:47+00:00,2025-04-10 13:13:47+00:00,22.222916666666663,0.1708333333333333,52.03083333333333,29.55625,38.30041666666665,38.72291666666666,0.3549999999999998,65.96916666666668,0.001022,0.000819,0.002448,13.730416666666676,1
21014,2025-04-10 13:15:27+00:00,2025-04-10 13:15:27+00:00,89.67730769230768,0.178076923076923,53.02269230769231,101.17499999999995,38.36346153846154,39.8423076923077,1.3453846153846152,64.61423076923077,0.001947,0.001191,0.006731,14.659230769230769,1
21045,2025-04-10 13:16:07+00:00,2025-04-10 13:16:07+00:00,51.86692307692309,0.1496153846153846,51.77846153846154,61.4146153846154,38.357692307692325,39.01615384615384,0.3657692307692306,65.2076923076923,0.000959,0.000824,0.001861,13.420769230769215,1
21051,2025-04-10 13:16:15+00:00,2025-04-10 13:16:15+00:00,87.47599999999997,0.1563999999999999,51.81719999999999,98.34680000000002,38.36240000000001,39.47280000000001,1.28,64.39079999999998,0.001078,0.000915,0.002542,13.454799999999985,1
21059,2025-04-10 13:16:26+00:00,2025-04-10 13:16:26+00:00,144.0542307692308,0.175,51.85615384615383,157.7138461538461,38.37538461538462,40.21076923076922,1.9438461538461536,63.19730769230767,0.00161,0.001041,0.004839,13.480769230769212,1
21109,2025-04-10 13:18:26+00:00,2025-04-10 13:18:26+00:00,142.46034482758623,0.1762068965517241,51.97206896551724,156.22793103448276,38.44793103448277,40.32724137931035,1.9189655172413795,63.26379310344826,0.001617,0.001077,0.004948,13.524137931034474,1
21131,2025-04-10 13:19:47+00:00,2025-04-10 13:19:47+00:00,22.1496,0.1427999999999999,52.18200000000001,29.842799999999997,38.5256,38.9312,0.3600000000000001,65.932,0.001008,0.000832,0.002375,13.656400000000012,1
21144,2025-04-10 13:20:05+00:00,2025-04-10 13:20:05+00:00,42.96444444444445,0.1629629629629629,51.85074074074073,52.7337037037037,38.5037037037037,39.03592592592592,0.3596296296296297,65.37555555555554,0.000917,0.000766,0.00174,13.347037037037031,1
21152,2025-04-10 13:20:15+00:00,2025-04-10 13:20:15+00:00,86.29346153846153,0.1457692307692308,51.91384615384617,95.81423076923078,38.51153846153846,39.58269230769231,1.264230769230769,64.5526923076923,0.001057,0.000863,0.002509,13.402307692307716,1
21165,2025-04-10 13:20:32+00:00,2025-04-10 13:20:32+00:00,170.45520000000005,0.192,52.15840000000001,185.16719999999995,38.53399999999999,40.784400000000005,2.3108,62.6112,0.001895,0.001185,0.006281,13.624400000000024,1
21212,2025-04-10 13:22:27+00:00,2025-04-10 13:22:27+00:00,146.62346153846153,0.1957692307692308,52.11038461538462,161.23346153846148,38.57769230769231,40.52000000000001,1.980384615384616,63.08461538461537,0.001667,0.001054,0.005197,13.532692307692308,1
21223,2025-04-10 13:23:34+00:00,2025-04-10 13:23:34+00:00,59.51307692307691,0.1446153846153845,52.91038461538463,68.89615384615384,38.63807692307691,39.68538461538461,0.7030769230769232,65.1523076923077,0.001609,0.001002,0.005131,14.27230769230772,1
21239,2025-04-10 13:23:55+00:00,2025-04-10 13:23:55+00:00,21.00653846153846,0.1219230769230769,52.02423076923076,27.6226923076923,38.64076923076922,38.96307692307693,0.36,66.04038461538461,0.000903,0.000806,0.001835,13.383461538461532,1
21242,2025-04-10 13:23:59+00:00,2025-04-10 13:23:59+00:00,26.556071428571435,0.1207142857142856,51.91107142857143,32.974285714285706,38.63142857142857,39.00857142857142,0.36,65.87964285714287,0.000921,0.000776,0.001668,13.279642857142854,1
21251,2025-04-10 13:24:11+00:00,2025-04-10 13:24:11+00:00,65.31636363636363,0.15,51.90590909090909,75.67909090909092,38.63545454545454,39.414090909090895,1.0127272727272727,64.99227272727272,0.00097,0.000824,0.002031,13.270454545454548,1
21259,2025-04-10 13:24:21+00:00,2025-04-10 13:24:21+00:00,114.44639999999995,0.18,52.05839999999999,127.56080000000004,38.63479999999999,40.12520000000001,1.6135999999999997,63.74239999999999,0.001351,0.000966,0.003569,13.4236,1
21288,2025-04-10 13:25:53+00:00,2025-04-10 13:25:53+00:00,19.4316,0.1276,52.1356,26.402399999999997,38.70640000000001,39.0824,0.3600000000000001,66.002,0.000922,0.000777,0.002003,13.429199999999987,1
21293,2025-04-10 13:26:00+00:00,2025-04-10 13:26:00+00:00,28.85166666666666,0.1416666666666666,52.00124999999998,35.06916666666665,38.70458333333333,39.09625,0.3645833333333334,65.78249999999998,0.000878,0.000798,0.001773,13.296666666666646,1
21297,2025-04-10 13:26:05+00:00,2025-04-10 13:26:05+00:00,41.35076923076922,0.1699999999999999,51.92269230769232,50.294230769230765,38.7096153846154,39.18076923076924,0.36,65.55038461538464,0.000911,0.000774,0.0018,13.213076923076926,1
21351,2025-04-10 13:28:07+00:00,2025-04-10 13:28:07+00:00,48.40222222222221,0.1544444444444444,52.02703703703704,57.1088888888889,38.73592592592593,39.36592592592592,0.36,65.21777777777777,0.000892,0.000781,0.001829,13.291111111111109,1
21370,2025-04-10 13:28:32+00:00,2025-04-10 13:28:32+00:00,167.88791666666668,0.1945833333333334,52.26625000000001,182.51375,38.82291666666666,41.02375,2.2845833333333334,62.606666666666655,0.001751,0.001137,0.005877,13.443333333333342,1
21372,2025-04-10 13:28:34+00:00,2025-04-10 13:28:34+00:00,176.8595652173913,0.1995652173913044,52.35000000000001,192.09304347826088,38.826521739130456,41.15391304347827,2.4069565217391307,62.31304347826087,0.001913,0.001212,0.006597,13.523478260869553,1
21399,2025-04-10 13:30:01+00:00,2025-04-10 13:30:01+00:00,29.883076923076903,0.1434615384615384,52.10192307692307,37.72692307692308,38.81307692307694,39.176153846153845,0.36,65.76730769230767,0.000906,0.000785,0.001679,13.28884615384613,1
21403,2025-04-10 13:30:06+00:00,2025-04-10 13:30:06+00:00,44.281851851851854,0.131111111111111,52.018518518518505,52.65851851851849,38.83037037037039,39.34,0.36,65.43481481481483,0.000903,0.000839,0.001736,13.188148148148116,1
21416,2025-04-10 13:30:23+00:00,2025-04-10 13:30:23+00:00,122.99999999999994,0.1704,52.21079999999998,134.9944,38.83040000000002,40.4076,1.7135999999999991,63.644,0.00139,0.000959,0.003889,13.38039999999996,1
21466,2025-04-10 13:32:20+00:00,2025-04-10 13:32:20+00:00,106.73,0.1607692307692307,52.12269230769232,118.91269230769228,38.93076923076923,40.21269230769232,1.533846153846154,63.99307692307694,0.001187,0.000911,0.003047,13.19192307692309,1
21474,2025-04-10 13:32:30+00:00,2025-04-10 13:32:30+00:00,157.52310344827586,0.1865517241379311,52.36172413793102,171.14551724137925,38.95448275862071,40.97137931034483,2.142758620689655,62.86827586206896,0.001805,0.001126,0.005818,13.407241379310314,1
21477,2025-04-10 13:32:34+00:00,2025-04-10 13:32:34+00:00,174.8761538461538,0.1903846153846154,52.462692307692286,191.3615384615384,38.95538461538462,41.3,2.4046153846153846,62.35807692307693,0.001994,0.001243,0.006634,13.50730769230767,1
21478,2025-04-10 13:33:29+00:00,2025-04-10 13:33:29+00:00,87.5696153846154,0.1411538461538461,53.42576923076923,98.03884615384617,38.97269230769231,40.41076923076923,1.3373076923076916,64.6719230769231,0.00184,0.001141,0.006426,14.453076923076914,1
21482,2025-04-10 13:33:35+00:00,2025-04-10 13:33:35+00:00,59.3025,0.1335714285714285,53.12214285714286,67.83999999999999,38.9732142857143,39.98535714285715,0.6174999999999998,65.22642857142857,0.001659,0.000989,0.005225,14.148928571428565,1
21487,2025-04-10 13:33:41+00:00,2025-04-10 13:33:41+00:00,37.59807692307693,0.1376923076923076,52.90192307692308,45.14461538461539,38.93884615384617,39.65576923076923,0.36,65.62384615384616,0.001256,0.00088,0.00345,13.963076923076905,1
21500,2025-04-10 13:33:58+00:00,2025-04-10 13:33:58+00:00,23.512499999999992,0.1316666666666666,52.15333333333336,31.00958333333332,38.93500000000001,39.27125000000001,0.3600000000000001,65.94708333333331,0.000893,0.000767,0.00168,13.218333333333348,1
21536,2025-04-10 13:35:38+00:00,2025-04-10 13:35:38+00:00,47.35666666666666,0.1270833333333333,53.03958333333333,56.98208333333334,39.027916666666655,39.88208333333333,0.3595833333333333,65.48083333333332,0.001491,0.000971,0.004368,14.011666666666676,1
21553,2025-04-10 13:36:01+00:00,2025-04-10 13:36:01+00:00,28.4624,0.1452,52.250400000000006,35.36239999999999,39.03959999999999,39.40560000000001,0.3600000000000001,65.66640000000001,0.000867,0.000826,0.00167,13.210800000000011,1
21560,2025-04-10 13:36:11+00:00,2025-04-10 13:36:11+00:00,61.934583333333336,0.1516666666666666,52.21208333333333,70.39750000000002,39.02874999999999,39.78916666666667,0.6120833333333334,65.05874999999999,0.000999,0.000827,0.001904,13.183333333333344,1
21562,2025-04-10 13:36:13+00:00,2025-04-10 13:36:13+00:00,69.86625000000001,0.1625000000000001,52.18833333333331,80.61666666666666,39.03124999999999,39.89708333333335,1.0770833333333336,64.76791666666668,0.000972,0.000821,0.00212,13.157083333333318,1
21563,2025-04-10 13:36:14+00:00,2025-04-10 13:36:14+00:00,74.42629629629631,0.1488888888888889,52.24925925925926,84.2570370370371,39.02629629629629,39.99074074074073,1.1399999999999997,64.70629629629632,0.001062,0.000835,0.002314,13.222962962962969,1
21585,2025-04-10 13:37:36+00:00,2025-04-10 13:37:36+00:00,56.22185185185184,0.1674074074074073,53.17999999999999,65.46037037037037,39.1088888888889,40.0751851851852,0.36,65.21259259259259,0.001585,0.000995,0.005,14.071111111111088,1
21605,2025-04-10 13:38:02+00:00,2025-04-10 13:38:02+00:00,30.0525925925926,0.1522222222222222,52.28148148148151,37.781481481481485,39.11037037037038,39.50148148148149,0.36,65.77481481481482,0.000894,0.000852,0.001698,13.171111111111124,1
21606,2025-04-10 13:38:03+00:00,2025-04-10 13:38:03+00:00,32.53458333333334,0.14125,52.30166666666667,40.90916666666666,39.11500000000001,39.52708333333334,0.3600000000000001,65.6775,0.000928,0.000768,0.001696,13.18666666666666,1
21608,2025-04-10 13:38:06+00:00,2025-04-10 13:38:06+00:00,41.9328,0.1584,52.23720000000002,50.83319999999999,39.122,39.588400000000014,0.3600000000000001,65.4272,0.000887,0.000785,0.0017,13.115200000000025,1
21619,2025-04-10 13:38:20+00:00,2025-04-10 13:38:20+00:00,103.92875000000004,0.1449999999999999,52.35916666666668,114.92083333333332,39.12291666666667,40.40541666666666,1.5095833333333335,64.05625,0.001138,0.001334,0.00064,13.236250000000013,1
