,index,Index,Time,Applied torque,Pressure - leak line,Temperature - leak line,Pressure - output,Temperature - suction line,Temperature - output,Flow - leak line,Flow - output,Sensor 1,Sensor 2,Sensor 3,Temp. diff,stan
0,0,2024-01-04 08:37:58+00:00,2024-01-04 08:37:58+00:00,31.784062499999997,0.19375,33.872812499999974,43.91999999999997,24.188750000000017,24.59,0.2393750000000002,65.80187500000001,0.001053,0.000844,0.002469,9.684062499999955,0
1,1,2024-01-04 08:37:59+00:00,2024-01-04 08:37:59+00:00,26.428750000000026,0.1943750000000001,33.96062500000003,36.67718750000002,24.20906250000002,24.64750000000003,0.2375000000000002,66.1146875,0.001184,0.000712,0.00242,9.75156250000001,0
2,2,2024-01-04 08:38:00+00:00,2024-01-04 08:38:00+00:00,22.9746551724138,0.1812068965517241,33.99517241379311,32.7239655172414,24.207241379310364,24.681034482758605,0.2368965517241381,65.90844827586203,0.001028,0.000744,0.002316,9.787931034482742,0
3,3,2024-01-04 08:38:02+00:00,2024-01-04 08:38:02+00:00,20.45730158730158,0.1707936507936507,34.129523809523846,28.77142857142857,24.21952380952383,24.703650793650787,0.231746031746032,66.01650793650789,0.001185,0.000807,0.002343,9.910000000000014,0
4,4,2024-01-04 08:38:03+00:00,2024-01-04 08:38:03+00:00,19.980625,0.1771875,34.09687499999999,28.983437499999997,24.221875000000026,24.676250000000003,0.2325000000000003,66.014375,0.001104,0.000808,0.002342,9.874999999999968,0
5,5,2024-01-04 08:38:04+00:00,2024-01-04 08:38:04+00:00,19.98750000000001,0.1878125,34.1028125,29.87656249999999,24.23375000000001,24.67031250000003,0.2337500000000002,66.09062500000002,0.001051,0.000682,0.002291,9.869062499999988,0
6,6,2024-01-04 08:38:06+00:00,2024-01-04 08:38:06+00:00,20.05217391304348,0.188695652173913,34.13043478260869,29.21434782608696,24.259130434782605,24.68608695652174,0.2369565217391306,66.07956521739132,0.001065,0.000819,0.002298,9.871304347826085,0
7,7,2024-01-04 08:38:07+00:00,2024-01-04 08:38:07+00:00,20.293571428571436,0.1775,34.129999999999995,28.226071428571423,24.260357142857146,24.692499999999995,0.2346428571428573,66.23142857142857,0.001054,0.00064,0.002289,9.869642857142852,0
8,8,2024-01-04 08:38:08+00:00,2024-01-04 08:38:08+00:00,19.8996,0.1707999999999999,34.128,28.398000000000007,24.2696,24.6888,0.2340000000000001,66.0592,0.001194,0.000743,0.002235,9.858400000000003,0
9,9,2024-01-04 08:38:10+00:00,2024-01-04 08:38:10+00:00,20.05275862068965,0.1855172413793103,34.20655172413793,29.13413793103448,24.30655172413792,24.698620689655176,0.2334482758620691,66.2006896551724,0.000993,0.000725,0.002275,9.90000000000001,0
10,10,2024-01-04 08:38:11+00:00,2024-01-04 08:38:11+00:00,19.29833333333333,0.1804166666666666,34.156666666666666,28.927083333333343,24.30291666666666,24.71041666666667,0.2333333333333334,66.16458333333335,0.001114,0.000727,0.002243,9.853750000000003,0
11,11,2024-01-04 08:38:12+00:00,2024-01-04 08:38:12+00:00,20.26862068965518,0.1924137931034483,34.207931034482755,28.892758620689666,24.307931034482746,24.69482758620689,0.2317241379310346,65.97724137931034,0.00097,0.000628,0.002182,9.90000000000001,0
12,12,2024-01-04 08:38:13+00:00,2024-01-04 08:38:13+00:00,19.5415625,0.17625,34.222500000000004,28.62718750000001,24.3140625,24.74125,0.2350000000000001,65.83749999999999,0.001066,0.000762,0.002203,9.908437500000002,0
13,13,2024-01-04 08:38:15+00:00,2024-01-04 08:38:15+00:00,19.67375000000001,0.1871874999999999,34.26359375000001,29.168906250000017,24.33749999999997,24.760000000000005,0.2343750000000002,66.2740625,0.001075,0.000663,0.002219,9.926093750000042,0
14,14,2024-01-04 08:38:16+00:00,2024-01-04 08:38:16+00:00,19.647812499999997,0.175,34.30265624999999,28.48359375,24.350156249999973,24.765,0.2356250000000002,66.038125,0.001071,0.000733,0.002178,9.952500000000018,0
15,15,2024-01-04 08:38:17+00:00,2024-01-04 08:38:17+00:00,19.970468749999995,0.1734375,34.31296875000001,28.63093750000001,24.355937500000003,24.74890625,0.2354687500000002,65.95734375,0.001004,0.000779,0.002158,9.957031250000009,0
16,16,2024-01-04 08:38:19+00:00,2024-01-04 08:38:19+00:00,19.444062499999987,0.1864062499999999,34.328437499999986,29.007812500000007,24.392656250000027,24.791718749999987,0.2364062500000002,66.09781250000003,0.000999,0.000722,0.002219,9.93578124999996,0
17,17,2024-01-04 08:38:20+00:00,2024-01-04 08:38:20+00:00,19.96453125,0.1768750000000001,34.35140625,29.68749999999999,24.38187500000001,24.784531249999983,0.2356250000000002,66.15859375000002,0.001105,0.000666,0.002132,9.969531249999983,0
18,18,2024-01-04 08:38:21+00:00,2024-01-04 08:38:21+00:00,19.27896551724138,0.1670689655172414,34.40724137931035,28.337586206896564,24.38741379310347,24.80810344827585,0.2315517241379313,65.81948275862068,0.001087,0.000923,0.002086,10.01982758620688,0
19,19,2024-01-04 08:38:23+00:00,2024-01-04 08:38:23+00:00,21.442962962962955,0.182962962962963,34.4362962962963,30.25888888888889,24.417407407407403,24.847777777777782,0.2392592592592594,66.07703703703704,0.00101,0.000708,0.002155,10.018888888888895,0
20,20,2024-01-04 08:38:24+00:00,2024-01-04 08:38:24+00:00,22.29576923076923,0.18,34.4726923076923,30.40307692307692,24.411153846153844,24.876153846153844,0.2357692307692309,65.93115384615385,0.00105,0.000734,0.002086,10.061538461538454,0
21,21,2024-01-04 08:38:25+00:00,2024-01-04 08:38:25+00:00,22.80038461538462,0.1776923076923077,34.48346153846155,31.690000000000005,24.420384615384613,24.864999999999995,0.2365384615384616,65.76038461538464,0.001115,0.000754,0.002135,10.063076923076936,0
22,22,2024-01-04 08:38:27+00:00,2024-01-04 08:38:27+00:00,26.82769230769232,0.1830769230769231,34.56307692307692,36.14615384615385,24.42038461538461,24.93038461538461,0.2365384615384616,65.95038461538464,0.001129,0.000733,0.002209,10.142692307692313,0
23,23,2024-01-04 08:38:28+00:00,2024-01-04 08:38:28+00:00,28.358461538461544,0.1853846153846154,34.57884615384615,37.5426923076923,24.43961538461539,24.931923076923077,0.2400000000000001,65.93076923076923,0.001077,0.000705,0.002226,10.13923076923076,0
24,24,2024-01-04 08:38:29+00:00,2024-01-04 08:38:29+00:00,30.77413793103448,0.183103448275862,34.54965517241379,40.19448275862069,24.466896551724147,24.931724137931035,0.2355172413793105,65.71517241379311,0.001148,0.000697,0.002248,10.082758620689646,0
25,25,2024-01-04 08:38:31+00:00,2024-01-04 08:38:31+00:00,36.10285714285714,0.1946428571428571,34.70285714285715,46.40071428571429,24.486428571428576,25.05035714285714,0.2392857142857144,66.00464285714283,0.001127,0.000797,0.002356,10.216428571428573,0
26,26,2024-01-04 08:38:32+00:00,2024-01-04 08:38:32+00:00,38.2304,0.1916,34.74319999999999,48.524800000000006,24.4796,25.069599999999998,0.2400000000000001,65.73840000000001,0.001171,0.000789,0.002344,10.263599999999986,0
27,27,2024-01-04 08:38:33+00:00,2024-01-04 08:38:33+00:00,41.84666666666666,0.1903703703703703,34.7937037037037,52.64703703703704,24.473333333333336,25.117037037037026,0.2392592592592594,65.59629629629632,0.00124,0.000749,0.00247,10.320370370370362,0
28,28,2024-01-04 08:38:34+00:00,2024-01-04 08:38:34+00:00,45.485000000000014,0.1896153846153846,34.86307692307693,56.04692307692308,24.47269230769232,25.20230769230769,0.2384615384615385,65.50615384615384,0.001163,0.000805,0.002465,10.390384615384615,0
29,29,2024-01-04 08:38:36+00:00,2024-01-04 08:38:36+00:00,52.23399999999999,0.178,35.02199999999999,63.143999999999984,24.5024,25.267599999999995,0.2376000000000001,65.38400000000001,0.001243,0.000802,0.002676,10.519599999999992,0
30,30,2024-01-04 08:38:37+00:00,2024-01-04 08:38:37+00:00,57.18655172413792,0.1924137931034482,35.0455172413793,67.9037931034483,24.50862068965517,25.3044827586207,0.240344827586207,65.57793103448277,0.001258,0.00085,0.002641,10.53689655172413,0
31,31,2024-01-04 08:38:38+00:00,2024-01-04 08:38:38+00:00,61.517857142857146,0.1985714285714286,35.077857142857155,72.68785714285715,24.51178571428571,25.348571428571425,0.2335714285714287,65.33,0.001335,0.000857,0.002779,10.566071428571444,0
32,32,2024-01-04 08:38:40+00:00,2024-01-04 08:38:40+00:00,70.34772727272725,0.2004545454545454,35.247272727272744,81.90909090909089,24.52045454545454,25.53681818181818,0.2395454545454546,65.34363636363634,0.001308,0.000849,0.00296,10.726818181818205,0
33,33,2024-01-04 08:38:41+00:00,2024-01-04 08:38:41+00:00,74.30249999999998,0.1899999999999999,35.311249999999994,86.30708333333331,24.528333333333325,25.595833333333328,0.2370833333333334,64.73708333333333,0.001395,0.000902,0.003044,10.782916666666669,0
34,34,2024-01-04 08:38:42+00:00,2024-01-04 08:38:42+00:00,79.46576923076921,0.2192307692307693,35.399999999999984,91.6803846153846,24.536923076923067,25.679615384615374,0.2388461538461539,65.31192307692307,0.00139,0.000862,0.003141,10.863076923076918,0
35,35,2024-01-04 08:38:44+00:00,2024-01-04 08:38:44+00:00,89.15724137931035,0.193103448275862,35.495862068965515,101.07689655172412,24.536896551724134,25.79689655172414,0.2358620689655174,64.7689655172414,0.00143,0.000886,0.003335,10.95896551724138,0
36,36,2024-01-04 08:38:45+00:00,2024-01-04 08:38:45+00:00,93.47233333333332,0.2140000000000001,35.55200000000001,106.582,24.573333333333338,25.858333333333334,0.2400000000000001,64.93266666666665,0.001564,0.000926,0.003915,10.978666666666667,0
37,37,2024-01-04 08:38:46+00:00,2024-01-04 08:38:46+00:00,99.40038461538464,0.2115384615384616,35.63653846153846,112.65538461538462,24.58423076923077,25.981538461538467,0.2411538461538462,64.50346153846152,0.00155,0.000926,0.004059,11.052307692307686,0
38,38,2024-01-04 08:38:48+00:00,2024-01-04 08:38:48+00:00,109.36791666666667,0.1924999999999999,35.76291666666667,123.08583333333335,24.597916666666663,26.13833333333333,0.2358333333333333,64.59416666666668,0.001622,0.000943,0.004164,11.165000000000004,0
39,39,2024-01-04 08:38:49+00:00,2024-01-04 08:38:49+00:00,114.40074074074072,0.2014814814814814,35.8137037037037,128.8322222222222,24.622962962962955,26.20222222222222,0.2396296296296297,64.42703703703705,0.001619,0.000956,0.00428,11.190740740740749,0
40,40,2024-01-04 08:38:50+00:00,2024-01-04 08:38:50+00:00,119.74208333333333,0.20875,35.874583333333334,134.37083333333337,24.639166666666664,26.30041666666666,0.2933333333333333,64.43333333333332,0.00164,0.00097,0.004393,11.23541666666667,0
41,41,2024-01-04 08:38:52+00:00,2024-01-04 08:38:52+00:00,130.6076,0.2232,36.06639999999998,144.95519999999996,24.656400000000005,26.450400000000005,0.9696000000000002,64.3132,0.001578,0.000973,0.004584,11.409999999999975,0
42,42,2024-01-04 08:38:53+00:00,2024-01-04 08:38:53+00:00,135.49925925925922,0.2274074074074075,36.18148148148147,151.0462962962963,24.69037037037039,26.53962962962963,1.0103703703703706,63.97740740740743,0.00161,0.001007,0.004763,11.49111111111108,0
43,43,2024-01-04 08:38:54+00:00,2024-01-04 08:38:54+00:00,140.37130434782608,0.2213043478260869,36.329130434782606,156.7530434782609,24.700434782608696,26.638695652173915,1.0582608695652171,63.88130434782611,0.001713,0.001039,0.004838,11.62869565217391,0
44,44,2024-01-04 08:38:55+00:00,2024-01-04 08:38:55+00:00,145.34275862068966,0.2293103448275862,36.39931034482759,161.70103448275862,24.715517241379317,26.732068965517243,1.1044827586206891,63.80413793103449,0.001697,0.000969,0.005077,11.683793103448275,0
45,45,2024-01-04 08:38:57+00:00,2024-01-04 08:38:57+00:00,155.128,0.2228,36.51520000000001,171.94799999999998,24.7292,26.908400000000007,1.212,63.32719999999999,0.001771,0.001035,0.005272,11.786000000000003,0
46,46,2024-01-04 08:38:58+00:00,2024-01-04 08:38:58+00:00,161.18892857142856,0.2271428571428572,36.59357142857143,176.79285714285717,24.743571428571435,26.97428571428572,1.2832142857142854,63.68321428571428,0.001807,0.000997,0.005521,11.849999999999994,0
47,47,2024-01-04 08:38:59+00:00,2024-01-04 08:38:59+00:00,164.96481481481482,0.2325925925925926,36.73074074074074,181.2592592592593,24.74037037037037,27.084074074074078,1.3125925925925923,63.48777777777778,0.001865,0.001022,0.005634,11.990370370370371,0
48,48,2024-01-04 08:39:01+00:00,2024-01-04 08:39:01+00:00,174.11708333333328,0.2320833333333334,36.832916666666655,191.3141666666667,24.76791666666666,27.16708333333334,1.4029166666666668,63.32916666666668,0.001915,0.001012,0.005889,12.064999999999994,0
49,49,2024-01-04 08:39:02+00:00,2024-01-04 08:39:02+00:00,178.41583333333332,0.2304166666666668,36.93708333333334,195.7083333333333,24.775416666666658,27.255416666666655,1.4483333333333333,63.11291666666668,0.00187,0.000999,0.006003,12.161666666666685,0
50,50,2024-01-04 08:39:03+00:00,2024-01-04 08:39:03+00:00,182.19159999999997,0.2372,37.03320000000001,199.7676,24.770799999999998,27.336,1.4884,62.99799999999999,0.001967,0.000981,0.006107,12.262400000000014,0
51,51,2024-01-04 08:39:05+00:00,2024-01-04 08:39:05+00:00,191.12458333333336,0.2420833333333333,37.15791666666666,209.03541666666675,24.77,27.477499999999992,1.5850000000000009,62.94750000000001,0.001904,0.001039,0.006231,12.387916666666662,0
52,52,2024-01-04 08:39:07+00:00,2024-01-04 08:39:07+00:00,197.52692307692308,0.2403846153846154,37.356923076923074,215.62730769230768,24.783846153846152,27.595384615384617,1.6492307692307686,62.71076923076924,0.001999,0.001033,0.006455,12.573076923076922,0
53,53,2024-01-04 08:39:35+00:00,2024-01-04 08:39:35+00:00,191.02750000000003,0.2429166666666666,39.70875,209.6087499999999,25.00458333333333,28.06333333333333,1.6987500000000004,62.998333333333335,0.001982,0.000984,0.006309,14.704166666666666,0
54,54,2024-01-04 08:39:36+00:00,2024-01-04 08:39:36+00:00,186.4971999999999,0.2155999999999999,39.73680000000001,205.2692,25.0068,28.046,1.6715999999999993,62.9416,0.001945,0.00103,0.006141,14.730000000000013,0
55,55,2024-01-04 08:39:37+00:00,2024-01-04 08:39:37+00:00,183.0236363636363,0.2300000000000001,39.77454545454545,201.05590909090907,25.02318181818181,27.978181818181813,1.6340909090909086,63.30272727272727,0.001919,0.001064,0.006008,14.751363636363642,0
56,56,2024-01-04 08:39:39+00:00,2024-01-04 08:39:39+00:00,174.0081481481482,0.2262962962962964,39.77703703703703,192.29259259259263,25.05370370370369,27.88,1.5470370370370372,63.252592592592585,0.001832,0.001063,0.005872,14.723333333333336,0
57,57,2024-01-04 08:39:40+00:00,2024-01-04 08:39:40+00:00,170.94291666666663,0.2162500000000001,39.79416666666666,187.6625,25.04416666666665,27.826666666666668,1.417916666666667,63.50083333333333,0.001819,0.001008,0.005693,14.750000000000009,0
58,58,2024-01-04 08:39:41+00:00,2024-01-04 08:39:41+00:00,164.7076,0.2252,39.833200000000005,181.9052,25.0416,27.7784,1.3516000000000004,63.41640000000003,0.001744,0.000958,0.005663,14.791600000000006,0
59,59,2024-01-04 08:39:43+00:00,2024-01-04 08:39:43+00:00,155.16920000000005,0.2168,39.858,172.03999999999996,25.056400000000004,27.710000000000004,1.3151999999999997,63.734800000000014,0.001735,0.001049,0.005454,14.8016,0
60,60,2024-01-04 08:39:44+00:00,2024-01-04 08:39:44+00:00,150.8608695652174,0.2226086956521739,39.76695652173913,168.28739130434784,25.057391304347828,27.599565217391294,1.2860869565217394,63.98434782608698,0.001696,0.00108,0.005223,14.709565217391305,0
61,61,2024-01-04 08:39:45+00:00,2024-01-04 08:39:45+00:00,145.56519999999998,0.2204000000000001,39.806,162.3492,25.0548,27.56599999999999,1.2351999999999996,63.744799999999984,0.001566,0.00094,0.00504,14.7512,0
62,62,2024-01-04 08:39:47+00:00,2024-01-04 08:39:47+00:00,135.61791666666667,0.2225000000000001,39.76291666666668,151.84416666666667,25.101250000000007,27.446666666666676,1.1558333333333335,63.98749999999998,0.001731,0.000997,0.004912,14.661666666666669,0
63,63,2024-01-04 08:39:48+00:00,2024-01-04 08:39:48+00:00,130.34777777777776,0.2077777777777777,39.82185185185185,146.12555555555554,25.120370370370363,27.3962962962963,1.1092592592592596,63.96851851851849,0.001541,0.001018,0.004674,14.701481481481483,0
64,64,2024-01-04 08:39:49+00:00,2024-01-04 08:39:49+00:00,124.35346153846154,0.2046153846153847,39.799615384615386,140.0823076923077,25.12961538461538,27.327692307692303,1.0626923076923078,64.26499999999999,0.001622,0.000992,0.004844,14.670000000000003,0
65,65,2024-01-04 08:39:50+00:00,2024-01-04 08:39:50+00:00,119.14625000000002,0.1970833333333333,39.7675,134.61833333333337,25.15041666666667,27.25125,1.0145833333333334,64.27333333333335,0.001571,0.000988,0.004722,14.61708333333333,0
66,66,2024-01-04 08:39:52+00:00,2024-01-04 08:39:52+00:00,109.36291666666666,0.1941666666666667,39.69958333333332,124.20749999999998,25.156250000000004,27.15666666666667,0.949166666666667,64.11874999999999,0.001573,0.001041,0.004501,14.54333333333332,0
67,67,2024-01-04 08:39:53+00:00,2024-01-04 08:39:53+00:00,104.41291666666665,0.2041666666666667,39.71083333333334,118.6429166666667,25.143333333333327,27.08291666666666,0.9166666666666666,64.76958333333336,0.001596,0.001074,0.004335,14.567500000000011,0
68,68,2024-01-04 08:39:54+00:00,2024-01-04 08:39:54+00:00,98.70615384615388,0.1984615384615385,39.656923076923086,113.12961538461542,25.17576923076924,26.984230769230773,0.5726923076923076,64.60769230769232,0.001606,0.0011,0.004235,14.481153846153845,0
69,69,2024-01-04 08:39:56+00:00,2024-01-04 08:39:56+00:00,89.26678571428569,0.2007142857142858,39.59857142857145,102.18642857142854,25.18321428571428,26.85142857142858,0.237857142857143,64.83464285714282,0.001465,0.001101,0.004122,14.415357142857165,0
70,70,2024-01-04 08:39:57+00:00,2024-01-04 08:39:57+00:00,84.35142857142857,0.1895238095238095,39.58428571428571,97.32761904761904,25.17333333333333,26.78142857142858,0.2361904761904763,64.6257142857143,0.001606,0.001045,0.004022,14.41095238095238,0
71,71,2024-01-04 08:39:58+00:00,2024-01-04 08:39:58+00:00,79.12785714285715,0.1910714285714286,39.519642857142856,91.575,25.177142857142847,26.73857142857143,0.2375000000000001,64.99214285714285,0.001467,0.00098,0.003897,14.342500000000008,0
72,72,2024-01-04 08:40:00+00:00,2024-01-04 08:40:00+00:00,69.48851851851852,0.1777777777777778,39.43222222222222,81.37148148148147,25.20444444444445,26.62148148148148,0.2325925925925927,64.92777777777776,0.001587,0.000998,0.003915,14.227777777777767,0
73,73,2024-01-04 08:40:01+00:00,2024-01-04 08:40:01+00:00,65.75565217391303,0.1830434782608695,39.41826086956522,76.67608695652176,25.206086956521744,26.55782608695652,0.232608695652174,65.43478260869566,0.001452,0.000957,0.003811,14.21217391304348,0
74,74,2024-01-04 08:40:02+00:00,2024-01-04 08:40:02+00:00,60.09499999999999,0.1846153846153845,39.365384615384606,71.90384615384617,25.21692307692308,26.465769230769222,0.2357692307692308,64.8692307692308,0.001369,0.000983,0.003576,14.148461538461524,0
75,75,2024-01-04 08:40:04+00:00,2024-01-04 08:40:04+00:00,52.85800000000001,0.1903999999999999,39.25719999999999,64.10480000000001,25.233200000000007,26.37960000000001,0.2300000000000001,65.4904,0.001449,0.001045,0.003414,14.023999999999983,0
76,76,2024-01-04 08:40:05+00:00,2024-01-04 08:40:05+00:00,48.81608695652174,0.1834782608695652,39.21478260869566,60.126956521739146,25.22869565217392,26.328260869565216,0.2326086956521739,65.38391304347826,0.001436,0.000844,0.003474,13.98608695652174,0
77,77,2024-01-04 08:40:06+00:00,2024-01-04 08:40:06+00:00,45.13440000000001,0.1676,39.1568,55.47559999999999,25.2296,26.2808,0.2348000000000001,65.35039999999998,0.001362,0.000961,0.003269,13.927199999999996,0
78,78,2024-01-04 08:40:08+00:00,2024-01-04 08:40:08+00:00,39.062272727272735,0.1759090909090909,39.12681818181819,49.494090909090936,25.25636363636363,26.171818181818185,0.2350000000000001,65.6459090909091,0.001323,0.000882,0.003314,13.870454545454557,0
79,79,2024-01-04 08:40:09+00:00,2024-01-04 08:40:09+00:00,35.11791666666666,0.17875,39.01958333333333,45.597916666666656,25.27125,26.15625000000001,0.2345833333333334,65.51708333333333,0.001384,0.000885,0.003186,13.748333333333331,0
80,80,2024-01-04 08:40:10+00:00,2024-01-04 08:40:10+00:00,32.83136363636363,0.1804545454545455,38.99045454545455,42.498636363636365,25.279545454545453,26.109545454545454,0.2300000000000001,65.85818181818182,0.001401,0.000956,0.003162,13.710909090909094,0
81,81,2024-01-04 08:40:11+00:00,2024-01-04 08:40:11+00:00,31.3048,0.1852,38.97320000000001,41.196,25.271999999999995,26.0928,0.2324,66.04320000000001,0.001302,0.000911,0.003027,13.701200000000018,0
82,82,2024-01-04 08:40:13+00:00,2024-01-04 08:40:13+00:00,25.72695652173913,0.1760869565217391,38.84869565217391,35.493478260869566,25.289565217391303,25.988260869565217,0.2321739130434783,66.17434782608694,0.001277,0.000879,0.003084,13.559130434782606,0
83,83,2024-01-04 08:40:14+00:00,2024-01-04 08:40:14+00:00,24.155769230769238,0.1703846153846154,38.804230769230784,33.20230769230769,25.28653846153846,25.95576923076923,0.2300000000000001,65.90230769230769,0.001342,0.000903,0.002966,13.517692307692323,0
84,84,2024-01-04 08:40:15+00:00,2024-01-04 08:40:15+00:00,22.997391304347826,0.1734782608695652,38.76695652173913,31.597826086956523,25.323043478260857,25.993478260869555,0.2347826086956523,65.98565217391305,0.001207,0.000872,0.002927,13.443913043478275,0
85,85,2024-01-04 08:40:17+00:00,2024-01-04 08:40:17+00:00,21.131249999999994,0.1712499999999999,38.71833333333333,29.81625,25.31666666666666,25.937916666666663,0.2304166666666668,66.06541666666668,0.001423,0.000849,0.002974,13.401666666666667,0
86,86,2024-01-04 08:40:18+00:00,2024-01-04 08:40:18+00:00,20.3864,0.1872,38.65919999999999,29.337600000000005,25.3328,25.915199999999995,0.2320000000000001,66.15599999999999,0.001184,0.000869,0.002928,13.326399999999992,0
87,87,2024-01-04 08:40:19+00:00,2024-01-04 08:40:19+00:00,19.5292,0.1692,38.584,27.634399999999992,25.33600000000001,25.92120000000001,0.2316000000000001,65.744,0.001245,0.000805,0.002921,13.247999999999994,0
88,88,2024-01-04 08:40:21+00:00,2024-01-04 08:40:21+00:00,19.531111111111112,0.1699999999999999,38.56037037037037,28.18444444444445,25.3437037037037,25.91037037037037,0.2300000000000001,65.89777777777778,0.001257,0.000981,0.002939,13.216666666666672,0
89,89,2024-01-04 08:40:22+00:00,2024-01-04 08:40:22+00:00,20.35037037037037,0.1785185185185185,38.54148148148148,28.412222222222223,25.34592592592592,25.904444444444444,0.2333333333333334,65.96148148148148,0.001228,0.000825,0.002923,13.19555555555556,0
90,90,2024-01-04 08:40:23+00:00,2024-01-04 08:40:23+00:00,20.908,0.1908,38.5052,29.328,25.35320000000001,25.891200000000005,0.2312000000000001,65.99880000000002,0.001261,0.000952,0.003029,13.15199999999999,0
91,91,2024-01-04 08:40:25+00:00,2024-01-04 08:40:25+00:00,22.773043478260867,0.1778260869565217,38.408695652173925,31.178260869565225,25.38217391304348,25.874782608695647,0.2300000000000001,65.78173913043479,0.001237,0.000849,0.003008,13.026521739130448,0
92,92,2024-01-04 08:40:26+00:00,2024-01-04 08:40:26+00:00,24.034166666666664,0.18375,38.44458333333335,32.943333333333335,25.365833333333335,25.911249999999995,0.2325,66.31916666666665,0.001152,0.000917,0.003002,13.07875000000001,0
93,93,2024-01-04 08:40:27+00:00,2024-01-04 08:40:27+00:00,26.624583333333337,0.1808333333333333,38.44083333333334,35.21541666666668,25.39,25.882500000000004,0.2391666666666667,65.80291666666668,0.001374,0.000923,0.00311,13.05083333333334,0
94,94,2024-01-04 08:40:28+00:00,2024-01-04 08:40:28+00:00,27.074,0.1828,38.4904,36.4176,25.3976,25.9652,0.2352000000000002,65.58440000000002,0.001289,0.000809,0.003061,13.092799999999992,0
95,95,2024-01-04 08:40:30+00:00,2024-01-04 08:40:30+00:00,33.41120000000001,0.1796,38.45560000000001,41.90439999999999,25.404399999999992,25.9804,0.2324000000000001,65.60719999999998,0.001338,0.000877,0.003201,13.05120000000002,0
96,96,2024-01-04 08:40:31+00:00,2024-01-04 08:40:31+00:00,35.79695652173913,0.18,38.47521739130434,44.45782608695652,25.40217391304348,26.04217391304347,0.2334782608695653,65.7395652173913,0.001346,0.000856,0.003152,13.073043478260864,0
97,97,2024-01-04 08:40:32+00:00,2024-01-04 08:40:32+00:00,38.552692307692304,0.1788461538461539,38.51307692307692,46.9796153846154,25.421923076923083,26.084615384615383,0.2346153846153847,65.52384615384618,0.001364,0.000847,0.003369,13.09115384615384,0
98,98,2024-01-04 08:40:34+00:00,2024-01-04 08:40:34+00:00,44.83583333333333,0.1891666666666667,38.517500000000005,55.021250000000016,25.4525,26.15916666666666,0.2400000000000001,65.64958333333334,0.00138,0.000961,0.003297,13.065000000000005,0
99,99,2024-01-04 08:40:35+00:00,2024-01-04 08:40:35+00:00,48.0003846153846,0.196923076923077,38.589615384615385,58.95461538461537,25.46153846153847,26.231538461538467,0.2326923076923078,65.56730769230772,0.001463,0.00098,0.003602,13.128076923076916,0
100,100,2024-01-04 08:40:36+00:00,2024-01-04 08:40:36+00:00,52.15583333333334,0.1895833333333333,38.58833333333333,62.334583333333335,25.485000000000003,26.2675,0.2316666666666667,65.13791666666667,0.001487,0.000916,0.00361,13.103333333333328,0
101,101,2024-01-04 08:40:38+00:00,2024-01-04 08:40:38+00:00,60.85434782608695,0.1821739130434782,38.63521739130434,71.05217391304348,25.483913043478264,26.429130434782603,0.2386956521739131,64.77478260869565,0.001338,0.0009,0.003706,13.15130434782608,0
102,102,2024-01-04 08:40:39+00:00,2024-01-04 08:40:39+00:00,64.68960000000001,0.1888,38.7112,75.59880000000001,25.48160000000001,26.4696,0.2352000000000001,64.97480000000002,0.001473,0.001,0.003926,13.229599999999987,0
103,103,2024-01-04 08:40:40+00:00,2024-01-04 08:40:40+00:00,69.3473913043478,0.1934782608695652,38.71391304347825,80.4182608695652,25.497826086956525,26.538260869565217,0.2317391304347827,64.9626086956522,0.001496,0.000927,0.003947,13.216086956521725,0
104,104,2024-01-04 08:40:42+00:00,2024-01-04 08:40:42+00:00,78.35000000000001,0.1852173913043477,38.76565217391304,89.68043478260871,25.493913043478265,26.63782608695653,0.2365217391304348,64.77000000000001,0.001491,0.001062,0.003905,13.271739130434778,0
105,105,2024-01-04 08:40:43+00:00,2024-01-04 08:40:43+00:00,83.55727272727273,0.1831818181818182,38.78045454545456,95.12863636363636,25.50727272727272,26.71681818181818,0.2377272727272728,64.71090909090908,0.001518,0.00101,0.003974,13.27318181818184,0
106,106,2024-01-04 08:40:44+00:00,2024-01-04 08:40:44+00:00,87.59185185185186,0.2040740740740741,38.82777777777777,100.54222222222222,25.51851851851852,26.801111111111112,0.2400000000000001,64.78555555555556,0.001584,0.001059,0.004185,13.30925925925925,0
107,107,2024-01-04 08:40:46+00:00,2024-01-04 08:40:46+00:00,97.615,0.195,38.8475,110.42416666666666,25.53791666666666,26.9,0.2654166666666667,64.61375000000001,0.001591,0.001024,0.004304,13.309583333333345,0
108,108,2024-01-04 08:40:47+00:00,2024-01-04 08:40:47+00:00,103.79148148148144,0.2007407407407407,38.98259259259259,116.62999999999998,25.54555555555556,27.02259259259259,0.6499999999999999,64.51222222222222,0.001766,0.001027,0.004446,13.437037037037031,0
109,109,2024-01-04 08:40:48+00:00,2024-01-04 08:40:48+00:00,108.16153846153848,0.2130769230769231,38.96153846153846,121.68615384615389,25.563461538461528,27.099615384615397,0.915,64.35692307692305,0.001559,0.001011,0.004544,13.398076923076932,0
110,110,2024-01-04 08:40:49+00:00,2024-01-04 08:40:49+00:00,113.57173913043476,0.2056521739130435,39.02,127.77608695652178,25.56782608695652,27.203043478260877,0.9565217391304346,64.27304347826087,0.001672,0.00102,0.004621,13.452173913043485,0
111,111,2024-01-04 08:40:51+00:00,2024-01-04 08:40:51+00:00,123.81043478260868,0.2034782608695652,39.08260869565217,138.14782608695648,25.556086956521742,27.309130434782613,1.035652173913043,64.14,0.001605,0.001031,0.004764,13.526521739130423,0
112,112,2024-01-04 08:40:52+00:00,2024-01-04 08:40:52+00:00,129.83750000000003,0.2008333333333334,39.11625,144.15499999999997,25.58083333333333,27.405416666666667,1.0800000000000003,64.08041666666666,0.001705,0.001082,0.004913,13.53541666666667,0
113,113,2024-01-04 08:40:53+00:00,2024-01-04 08:40:53+00:00,134.33739130434782,0.2134782608695653,39.14869565217391,149.64782608695657,25.581304347826087,27.496956521739133,1.1304347826086951,63.76913043478261,0.001619,0.000973,0.005013,13.567391304347826,0
114,114,2024-01-04 08:40:55+00:00,2024-01-04 08:40:55+00:00,144.64956521739134,0.22,39.24,160.1413043478261,25.60521739130436,27.64739130434782,1.2173913043478264,63.68260869565216,0.00169,0.001021,0.005032,13.634782608695645,0
115,115,2024-01-04 08:40:56+00:00,2024-01-04 08:40:56+00:00,150.0382142857143,0.2075,39.25785714285714,165.3332142857143,25.624285714285715,27.704999999999995,1.263214285714286,63.59607142857143,0.001675,0.00105,0.005203,13.633571428571424,0
116,116,2024-01-04 08:40:57+00:00,2024-01-04 08:40:57+00:00,154.62043478260873,0.2130434782608695,39.32826086956523,170.25652173913042,25.63347826086957,27.81652173913044,1.311304347826087,63.57652173913043,0.001764,0.000995,0.005501,13.69478260869566,0
117,117,2024-01-04 08:40:59+00:00,2024-01-04 08:40:59+00:00,163.57136363636366,0.2268181818181818,39.46772727272728,181.02727272727267,25.64363636363636,27.985,1.3927272727272728,63.38409090909088,0.001839,0.001014,0.005562,13.824090909090923,0
118,118,2024-01-04 08:41:00+00:00,2024-01-04 08:41:00+00:00,169.40620689655168,0.223448275862069,39.50241379310344,186.2206896551725,25.669999999999987,28.05862068965517,1.434137931034483,63.18586206896552,0.001821,0.001001,0.005874,13.832413793103456,0
119,119,2024-01-04 08:41:01+00:00,2024-01-04 08:41:01+00:00,172.97590909090903,0.2113636363636363,39.58318181818181,190.56818181818176,25.660909090909083,28.13636363636364,1.4690909090909088,63.23272727272727,0.001957,0.001021,0.005929,13.92227272727273,0
120,120,2024-01-04 08:41:03+00:00,2024-01-04 08:41:03+00:00,181.43576923076924,0.223076923076923,39.691153846153846,199.32730769230773,25.6576923076923,28.253076923076915,1.5565384615384612,63.09192307692309,0.001948,0.001042,0.006196,14.033461538461545,0
121,121,2024-01-04 08:41:04+00:00,2024-01-04 08:41:04+00:00,185.2684615384615,0.2307692307692308,39.75384615384616,204.1534615384615,25.689999999999998,28.32923076923076,1.6157692307692302,63.02192307692311,0.001908,0.00103,0.006274,14.063846153846168,0
122,122,2024-01-04 08:41:05+00:00,2024-01-04 08:41:05+00:00,190.47269230769237,0.2215384615384615,39.84769230769231,208.2642307692308,25.70115384615385,28.396538461538466,1.6823076923076918,62.960384615384605,0.001923,0.001011,0.006256,14.146538461538457,0
123,123,2024-01-04 08:41:08+00:00,2024-01-04 08:41:08+00:00,199.05583333333337,0.2495833333333334,40.099583333333335,218.20500000000007,25.698333333333338,28.599999999999994,1.998333333333334,62.59916666666667,0.001988,0.001141,0.006491,14.401249999999996,0
124,124,2024-01-04 08:41:09+00:00,2024-01-04 08:41:09+00:00,202.6548,0.2428,40.1616,221.43960000000007,25.690800000000014,28.6488,2.036,62.686400000000006,0.001946,0.001045,0.006569,14.470799999999986,0
125,125,2024-01-04 08:41:12+00:00,2024-01-04 08:41:12+00:00,210.0365217391304,0.2491304347826088,40.4195652173913,229.6717391304347,25.726956521739133,28.8304347826087,2.1413043478260856,62.37478260869566,0.001997,0.001054,0.006798,14.692608695652169,0
126,126,2024-01-04 08:41:27+00:00,2024-01-04 08:41:27+00:00,213.61105263157896,0.2515789473684211,41.47578947368421,233.51526315789476,25.844736842105277,29.12631578947368,2.2336842105263157,62.47526315789474,0.001992,0.001056,0.006856,15.631052631578935,0
127,127,2024-01-04 08:41:29+00:00,2024-01-04 08:41:29+00:00,209.15954545454545,0.2459090909090909,41.561363636363645,229.25,25.854545454545462,29.107727272727267,2.185909090909091,62.52181818181818,0.001966,0.00111,0.006751,15.706818181818182,0
128,128,2024-01-04 08:41:30+00:00,2024-01-04 08:41:30+00:00,206.7916666666667,0.2445833333333333,41.649166666666666,226.03458333333333,25.840416666666677,29.112916666666667,2.1508333333333334,62.3775,0.001944,0.001025,0.006672,15.808749999999993,0
129,129,2024-01-04 08:41:31+00:00,2024-01-04 08:41:31+00:00,203.73333333333332,0.248095238095238,41.67000000000001,223.6761904761904,25.849523809523816,29.05238095238096,2.122380952380952,62.57523809523809,0.001962,0.001036,0.00657,15.820476190476192,0
130,130,2024-01-04 08:41:33+00:00,2024-01-04 08:41:33+00:00,197.6013636363637,0.2404545454545455,41.776363636363634,217.30045454545456,25.88818181818182,29.024545454545454,2.040454545454546,62.67045454545456,0.001912,0.001047,0.006436,15.888181818181812,0
131,131,2024-01-04 08:41:34+00:00,2024-01-04 08:41:34+00:00,194.6331578947368,0.243157894736842,41.81842105263159,214.02210526315787,25.890526315789465,29.026842105263157,1.9999999999999996,62.83263157894735,0.001886,0.001115,0.006296,15.92789473684212,0
132,132,2024-01-04 08:41:35+00:00,2024-01-04 08:41:35+00:00,191.0424,0.2396000000000001,41.8524,209.4244,25.88,28.981600000000004,1.9572,62.8232,0.001808,0.001041,0.006117,15.972399999999997,0
133,133,2024-01-04 08:41:37+00:00,2024-01-04 08:41:37+00:00,182.4838095238095,0.2361904761904762,41.90333333333332,201.49476190476187,25.90047619047619,28.88714285714285,1.8661904761904764,62.57190476190476,0.00177,0.001049,0.005982,16.002857142857124,0
134,134,2024-01-04 08:41:38+00:00,2024-01-04 08:41:38+00:00,179.3520833333333,0.2291666666666666,41.91333333333332,197.48041666666663,25.900416666666658,28.875000000000004,1.8245833333333323,62.915416666666665,0.001774,0.001024,0.005831,16.012916666666662,0
135,135,2024-01-04 08:41:39+00:00,2024-01-04 08:41:39+00:00,175.55954545454549,0.2254545454545455,41.91454545454545,192.57454545454547,25.909999999999997,28.820454545454552,1.7790909090909095,63.052727272727246,0.001697,0.001067,0.005696,16.004545454545454,0
136,136,2024-01-04 08:41:41+00:00,2024-01-04 08:41:41+00:00,165.65913043478255,0.2334782608695652,41.90304347826086,183.7834782608696,25.939130434782616,28.71478260869565,1.7191304347826084,63.31695652173912,0.001572,0.001,0.005425,15.963913043478248,0
137,137,2024-01-04 08:41:42+00:00,2024-01-04 08:41:42+00:00,160.60391304347834,0.228695652173913,41.93521739130435,177.91304347826082,25.945652173913057,28.6304347826087,1.667391304347826,63.10130434782607,0.001664,0.001013,0.005234,15.989565217391291,0
138,138,2024-01-04 08:41:43+00:00,2024-01-04 08:41:43+00:00,155.0890909090909,0.2168181818181818,41.91363636363636,173.14999999999998,25.971818181818183,28.625454545454545,1.6336363636363636,63.45727272727276,0.0015,0.001018,0.005093,15.94181818181817,0
139,139,2024-01-04 08:41:45+00:00,2024-01-04 08:41:45+00:00,146.085,0.21,41.90749999999999,162.7320833333333,25.9725,28.48833333333333,1.5520833333333333,63.46541666666666,0.001523,0.001049,0.004868,15.934999999999992,0
140,140,2024-01-04 08:41:46+00:00,2024-01-04 08:41:46+00:00,141.96920000000003,0.2136,41.9044,157.1784,25.97280000000001,28.437599999999986,1.5031999999999994,63.90679999999998,0.001486,0.000975,0.004725,15.931599999999984,0
141,141,2024-01-04 08:41:47+00:00,2024-01-04 08:41:47+00:00,135.96680000000003,0.214,41.85520000000001,152.2544,25.98080000000001,28.324800000000003,1.464,63.760400000000025,0.00143,0.000992,0.004646,15.8744,0
142,142,2024-01-04 08:41:48+00:00,2024-01-04 08:41:48+00:00,130.97000000000006,0.2250000000000001,41.84272727272728,146.36681818181813,26.0,28.25545454545455,1.415909090909091,63.92772727272728,0.001522,0.001044,0.004427,15.842727272727274,0
143,143,2024-01-04 08:41:50+00:00,2024-01-04 08:41:50+00:00,121.175,0.2168181818181819,41.74,134.91363636363636,25.99954545454545,28.129999999999985,1.3331818181818182,64.19818181818182,0.001406,0.001024,0.004483,15.740454545454549,0
144,144,2024-01-04 08:41:51+00:00,2024-01-04 08:41:51+00:00,114.93625,0.2000000000000001,41.75208333333334,128.96833333333333,25.99333333333333,28.07041666666667,1.2770833333333336,64.10041666666666,0.001506,0.00108,0.004575,15.75875000000001,0
145,145,2024-01-04 08:41:52+00:00,2024-01-04 08:41:52+00:00,109.17777777777782,0.2040740740740741,41.75148148148147,123.65925925925922,25.992222222222225,27.987037037037044,1.2285185185185186,64.10037037037038,0.001486,0.001048,0.004546,15.759259259259244,0
146,146,2024-01-04 08:41:54+00:00,2024-01-04 08:41:54+00:00,98.57625,0.19625,41.65166666666668,113.3025,26.01833333333333,27.857083333333332,1.1375000000000002,64.49416666666666,0.001487,0.001089,0.004432,15.633333333333349,0
147,147,2024-01-04 08:41:55+00:00,2024-01-04 08:41:55+00:00,94.84640000000005,0.2072,41.58959999999999,108.1424,26.031199999999984,27.77,1.0975999999999997,64.458,0.001544,0.00104,0.004337,15.558400000000006,0
148,148,2024-01-04 08:41:56+00:00,2024-01-04 08:41:56+00:00,89.57159999999998,0.1964,41.55,102.3244,26.0284,27.719999999999985,1.0464,64.62520000000004,0.001394,0.000992,0.004188,15.5216,0
149,149,2024-01-04 08:41:58+00:00,2024-01-04 08:41:58+00:00,80.14115384615381,0.2015384615384616,41.47346153846154,92.41807692307692,26.06576923076923,27.565,0.956923076923077,64.76807692307692,0.001453,0.001038,0.004049,15.407692307692312,0
150,150,2024-01-04 08:41:59+00:00,2024-01-04 08:41:59+00:00,75.0377272727273,0.1977272727272727,41.429545454545455,87.1472727272727,26.051818181818188,27.559090909090912,0.9195454545454544,65.02227272727272,0.001392,0.001016,0.003846,15.377727272727268,0
151,151,2024-01-04 08:42:00+00:00,2024-01-04 08:42:00+00:00,70.51464285714289,0.1860714285714285,41.36928571428571,81.96464285714285,26.05214285714285,27.48071428571429,0.7675000000000002,65.13714285714285,0.001341,0.000997,0.003641,15.31714285714286,0
152,152,2024-01-04 08:42:02+00:00,2024-01-04 08:42:02+00:00,61.46269230769231,0.1961538461538461,41.246538461538464,72.55153846153846,26.07038461538462,27.35615384615386,0.2300000000000001,65.28346153846154,0.001272,0.000958,0.003622,15.176153846153843,0
153,153,2024-01-04 08:42:03+00:00,2024-01-04 08:42:03+00:00,57.44782608695652,0.1926086956521739,41.18826086956521,68.24521739130435,26.085217391304354,27.27434782608696,0.231304347826087,65.0804347826087,0.00126,0.001009,0.003558,15.103043478260858,0
154,154,2024-01-04 08:42:04+00:00,2024-01-04 08:42:04+00:00,53.00239999999999,0.1823999999999999,41.1936,62.72920000000003,26.07080000000001,27.271200000000004,0.2312000000000001,65.4004,0.001225,0.000958,0.003341,15.122799999999998,0
155,155,2024-01-04 08:42:05+00:00,2024-01-04 08:42:05+00:00,49.761304347826105,0.1743478260869565,41.07826086956523,59.538695652173935,26.08956521739131,27.205217391304345,0.2300000000000001,65.36173913043478,0.001288,0.000941,0.003299,14.988695652173917,0
156,156,2024-01-04 08:42:07+00:00,2024-01-04 08:42:07+00:00,42.29217391304348,0.1786956521739131,41.01304347826086,51.987391304347845,26.125217391304343,27.119999999999983,0.2321739130434783,65.73304347826087,0.001195,0.000925,0.003149,14.88782608695652,0
157,157,2024-01-04 08:42:08+00:00,2024-01-04 08:42:08+00:00,39.52615384615386,0.1815384615384615,40.943461538461534,48.62076923076923,26.13192307692308,27.053846153846163,0.2323076923076924,65.53999999999999,0.001183,0.000883,0.003159,14.811538461538458,0
158,158,2024-01-04 08:42:09+00:00,2024-01-04 08:42:09+00:00,35.892727272727264,0.1795454545454545,40.87454545454545,45.57136363636363,26.124090909090903,26.99863636363636,0.2300000000000001,65.6486363636364,0.001166,0.000881,0.003069,14.75045454545454,0
159,159,2024-01-04 08:42:11+00:00,2024-01-04 08:42:11+00:00,31.77159999999999,0.1816,40.7836,40.1428,26.130799999999997,26.8804,0.2320000000000001,65.9548,0.001209,0.000829,0.00305,14.652800000000006,0
160,160,2024-01-04 08:42:12+00:00,2024-01-04 08:42:12+00:00,28.46521739130436,0.1869565217391304,40.71869565217391,37.71999999999999,26.133043478260863,26.83869565217392,0.2300000000000001,66.01304347826087,0.001214,0.000939,0.002969,14.585652173913047,0
161,161,2024-01-04 08:42:13+00:00,2024-01-04 08:42:13+00:00,26.614090909090905,0.1913636363636364,40.68545454545453,35.25545454545454,26.139999999999983,26.84909090909091,0.2300000000000001,65.8072727272727,0.001118,0.000853,0.002898,14.545454545454549,0
162,162,2024-01-04 08:42:15+00:00,2024-01-04 08:42:15+00:00,23.88708333333333,0.1841666666666666,40.61833333333332,31.695000000000007,26.14791666666666,26.800833333333333,0.2308333333333334,65.93916666666665,0.001115,0.000823,0.002958,14.470416666666658,0
163,163,2024-01-04 08:42:16+00:00,2024-01-04 08:42:16+00:00,21.9515,0.1765,40.557,29.8655,26.1585,26.7705,0.2325,66.10700000000001,0.001203,0.000825,0.002956,14.3985,0
164,164,2024-01-04 08:42:17+00:00,2024-01-04 08:42:17+00:00,20.4004347826087,0.1691304347826087,40.5291304347826,28.151739130434777,26.17173913043479,26.75565217391305,0.2295652173913044,65.97000000000001,0.001067,0.000775,0.002856,14.35739130434781,0
165,165,2024-01-04 08:42:19+00:00,2024-01-04 08:42:19+00:00,19.718636363636364,0.1786363636363636,40.44272727272725,28.09590909090909,26.18772727272728,26.703636363636356,0.2300000000000001,65.90045454545455,0.001184,0.0009,0.002851,14.254999999999978,0
166,166,2024-01-04 08:42:20+00:00,2024-01-04 08:42:20+00:00,19.6785,0.1774999999999999,40.378,27.677000000000003,26.17650000000001,26.73350000000001,0.23,65.98049999999999,0.001118,0.000803,0.002909,14.201499999999989,0
167,167,2024-01-04 08:42:21+00:00,2024-01-04 08:42:21+00:00,19.36653846153846,0.1753846153846154,40.40499999999999,27.20961538461538,26.180000000000007,26.678076923076915,0.2300000000000001,66.09692307692305,0.001216,0.000947,0.002868,14.22499999999998,0
168,168,2024-01-04 08:42:23+00:00,2024-01-04 08:42:23+00:00,20.36954545454545,0.1763636363636364,40.31272727272728,28.323181818181823,26.21227272727273,26.68227272727273,0.2300000000000001,65.80636363636364,0.00114,0.000898,0.002861,14.100454545454554,0
169,169,2024-01-04 08:42:24+00:00,2024-01-04 08:42:24+00:00,21.8144,0.1748,40.30079999999999,29.9912,26.20960000000001,26.710800000000003,0.2300000000000001,65.9668,0.00114,0.000864,0.002921,14.09119999999998,0
170,170,2024-01-04 08:42:25+00:00,2024-01-04 08:42:25+00:00,22.735416666666666,0.1708333333333333,40.26416666666668,30.16083333333333,26.205,26.737916666666678,0.2300000000000001,65.74291666666666,0.001217,0.000907,0.002974,14.05916666666668,0
171,171,2024-01-04 08:42:26+00:00,2024-01-04 08:42:26+00:00,24.015357142857145,0.185,40.30357142857143,32.21964285714285,26.223214285714292,26.765357142857138,0.2325000000000001,65.80107142857145,0.001172,0.000821,0.002977,14.080357142857135,0
172,172,2024-01-04 08:42:28+00:00,2024-01-04 08:42:28+00:00,27.309615384615395,0.1792307692307692,40.245,35.325,26.259615384615376,26.761923076923075,0.2311538461538463,65.74461538461539,0.001193,0.000882,0.003008,13.98538461538462,0
173,173,2024-01-04 08:42:29+00:00,2024-01-04 08:42:29+00:00,29.388148148148147,0.1751851851851852,40.27740740740741,38.396666666666654,26.268518518518505,26.83185185185186,0.2303703703703705,65.63222222222224,0.001227,0.000791,0.00311,14.008888888888904,0
174,174,2024-01-04 08:42:30+00:00,2024-01-04 08:42:30+00:00,32.197037037037035,0.1818518518518519,40.26703703703703,40.90037037037037,26.27222222222221,26.83777777777778,0.2311111111111112,65.46777777777778,0.001266,0.000882,0.003116,13.994814814814813,0
175,175,2024-01-04 08:42:32+00:00,2024-01-04 08:42:32+00:00,37.36,0.1722222222222222,40.30629629629629,46.66259259259258,26.254444444444445,26.919259259259256,0.2362962962962965,65.62333333333333,0.001151,0.000822,0.003176,14.051851851851843,0
176,176,2024-01-04 08:42:33+00:00,2024-01-04 08:42:33+00:00,41.46200000000001,0.1939999999999999,40.2704,49.890000000000015,26.27960000000001,26.908,0.2300000000000001,65.398,0.001226,0.000864,0.003335,13.99079999999999,0
177,177,2024-01-04 08:42:34+00:00,2024-01-04 08:42:34+00:00,44.16291666666667,0.1829166666666667,40.30708333333333,53.521666666666654,26.29458333333333,26.97333333333333,0.2304166666666668,65.29500000000002,0.001275,0.000833,0.003293,14.0125,0
178,178,2024-01-04 08:42:36+00:00,2024-01-04 08:42:36+00:00,51.746,0.1819999999999999,40.31433333333333,61.28766666666666,26.289999999999985,27.067333333333327,0.2346666666666668,65.309,0.001339,0.00092,0.003575,14.024333333333344,0
179,179,2024-01-04 08:42:37+00:00,2024-01-04 08:42:37+00:00,55.18038461538461,0.1842307692307692,40.32,65.4980769230769,26.29346153846153,27.13346153846153,0.2323076923076924,64.87192307692308,0.001247,0.000877,0.003535,14.026538461538472,0
180,180,2024-01-04 08:42:38+00:00,2024-01-04 08:42:38+00:00,60.01499999999999,0.1833333333333333,40.333333333333336,69.64583333333331,26.296666666666663,27.16625,0.2316666666666667,65.05499999999999,0.00142,0.000971,0.00376,14.036666666666672,0
181,181,2024-01-04 08:42:40+00:00,2024-01-04 08:42:40+00:00,68.59846153846155,0.1919230769230769,40.36884615384615,78.77961538461537,26.31038461538461,27.29153846153846,0.2365384615384616,64.94692307692308,0.001251,0.000876,0.003835,14.05846153846154,0
182,182,2024-01-04 08:42:41+00:00,2024-01-04 08:42:41+00:00,72.86172413793102,0.1982758620689656,40.40310344827588,83.37379310344826,26.31620689655173,27.36310344827585,0.3910344827586207,64.82827586206898,0.001354,0.000926,0.003787,14.086896551724148,0
183,183,2024-01-04 08:42:42+00:00,2024-01-04 08:42:42+00:00,77.52037037037037,0.2029629629629629,40.397407407407385,88.6351851851852,26.33037037037037,27.4325925925926,0.8337037037037041,64.74296296296296,0.001437,0.000987,0.003991,14.06703703703701,0
184,184,2024-01-04 08:42:44+00:00,2024-01-04 08:42:44+00:00,87.48423076923078,0.1876923076923076,40.41461538461538,98.73269230769232,26.32923076923077,27.55115384615384,0.9930769230769227,64.44884615384613,0.001494,0.000903,0.004216,14.085384615384609,0
185,185,2024-01-04 08:42:45+00:00,2024-01-04 08:42:45+00:00,93.36500000000002,0.2034615384615385,40.43692307692309,104.12653846153844,26.32730769230769,27.64076923076923,1.030384615384615,64.37500000000001,0.001486,0.001006,0.004159,14.1096153846154,0
186,186,2024-01-04 08:42:46+00:00,2024-01-04 08:42:46+00:00,97.4457142857143,0.2146428571428572,40.44357142857144,109.66214285714284,26.357142857142865,27.697142857142858,1.0735714285714286,64.6435714285714,0.001514,0.000975,0.00452,14.086428571428574,0
187,187,2024-01-04 08:42:47+00:00,2024-01-04 08:42:47+00:00,102.94,0.2085185185185185,40.45481481481483,114.71296296296296,26.365555555555563,27.7588888888889,1.1192592592592592,64.20555555555553,0.001524,0.00097,0.00463,14.089259259259268,0
188,188,2024-01-04 08:42:49+00:00,2024-01-04 08:42:49+00:00,112.62714285714289,0.2053571428571428,40.51571428571429,125.02714285714283,26.365357142857142,27.95571428571429,1.2135714285714283,63.9907142857143,0.001568,0.001015,0.004743,14.150357142857144,0
189,189,2024-01-04 08:42:50+00:00,2024-01-04 08:42:50+00:00,117.47107142857136,0.2135714285714287,40.56464285714284,131.3314285714286,26.372857142857143,28.029642857142857,1.2589285714285716,64.0357142857143,0.001584,0.001016,0.004831,14.19178571428569,0
190,190,2024-01-04 08:42:51+00:00,2024-01-04 08:42:51+00:00,123.39862068965512,0.2027586206896552,40.58034482758622,136.80689655172415,26.373103448275863,28.109310344827584,1.306896551724137,63.806206896551735,0.00157,0.000957,0.004889,14.207241379310354,0
191,191,2024-01-04 08:42:53+00:00,2024-01-04 08:42:53+00:00,133.64629629629627,0.217037037037037,40.60333333333333,147.99666666666664,26.413703703703703,28.23407407407408,1.3977777777777776,63.81925925925927,0.001544,0.000984,0.004756,14.189629629629628,0
192,192,2024-01-04 08:42:54+00:00,2024-01-04 08:42:54+00:00,138.77920000000003,0.218,40.6728,153.06199999999998,26.404799999999994,28.343200000000007,1.4388000000000003,63.6668,0.001535,0.000987,0.004747,14.268,0
193,193,2024-01-04 08:42:55+00:00,2024-01-04 08:42:55+00:00,143.9123333333333,0.2196666666666666,40.675,158.81466666666668,26.403666666666663,28.42633333333333,1.4846666666666664,63.67466666666667,0.001591,0.000978,0.005016,14.271333333333336,0
194,194,2024-01-04 08:42:57+00:00,2024-01-04 08:42:57+00:00,154.97592592592596,0.2240740740740741,40.7562962962963,169.42814814814813,26.436296296296295,28.58,1.574444444444444,63.26111111111112,0.001626,0.001004,0.005158,14.32,0
195,195,2024-01-04 08:42:58+00:00,2024-01-04 08:42:58+00:00,158.12933333333334,0.2186666666666667,40.774,173.99466666666677,26.426333333333336,28.659999999999997,1.610666666666667,63.33000000000001,0.001596,0.000936,0.005233,14.347666666666663,0
196,196,2024-01-04 08:42:59+00:00,2024-01-04 08:42:59+00:00,163.28592592592594,0.2351851851851853,40.84185185185184,179.60037037037037,26.43666666666667,28.733703703703718,1.663333333333333,63.36222222222222,0.001661,0.001,0.00554,14.405185185185172,0
197,197,2024-01-04 08:43:01+00:00,2024-01-04 08:43:01+00:00,172.72416666666666,0.2341666666666666,40.93458333333333,188.9829166666667,26.468333333333348,28.91958333333333,1.743333333333333,63.312916666666666,0.001633,0.000954,0.005601,14.46624999999998,0
198,198,2024-01-04 08:43:02+00:00,2024-01-04 08:43:02+00:00,176.01481481481486,0.2322222222222223,40.97111111111112,193.48444444444445,26.47296296296297,28.98444444444444,1.7818518518518514,62.922592592592586,0.00176,0.001021,0.005815,14.498148148148148,0
199,199,2024-01-04 08:43:03+00:00,2024-01-04 08:43:03+00:00,180.5930769230769,0.2226923076923077,41.0373076923077,197.9053846153846,26.486923076923084,29.05307692307692,1.823461538461539,62.85269230769233,0.001766,0.000975,0.006005,14.550384615384615,0
200,200,2024-01-04 08:43:04+00:00,2024-01-04 08:43:04+00:00,184.49827586206897,0.2334482758620689,41.055172413793095,202.39793103448275,26.486896551724136,29.085172413793096,1.8765517241379317,63.09172413793102,0.001786,0.001003,0.006121,14.568275862068958,0
201,201,2024-01-04 08:43:06+00:00,2024-01-04 08:43:06+00:00,192.28586206896557,0.2386206896551724,41.21068965517241,209.98931034482757,26.47758620689656,29.2351724137931,1.9568965517241377,62.65896551724136,0.001851,0.000959,0.006293,14.733103448275852,0
202,202,2024-01-04 08:43:07+00:00,2024-01-04 08:43:07+00:00,195.9839285714285,0.2303571428571428,41.22678571428572,213.8253571428572,26.499285714285712,29.284999999999997,2.003928571428572,62.68035714285713,0.00182,0.001027,0.006385,14.727500000000006,0
203,203,2024-01-04 08:43:08+00:00,2024-01-04 08:43:08+00:00,199.062142857143,0.2396428571428572,41.278571428571446,217.5632142857143,26.526428571428568,29.36035714285714,2.043214285714286,62.58464285714284,0.001866,0.001004,0.006561,14.75214285714288,0
204,204,2024-01-04 08:43:10+00:00,2024-01-04 08:43:10+00:00,204.39037037037045,0.2407407407407407,41.438518518518514,223.81703703703704,26.538888888888884,29.48037037037037,2.119629629629629,62.2862962962963,0.00189,0.00107,0.006639,14.89962962962963,0
205,205,2024-01-04 08:43:11+00:00,2024-01-04 08:43:11+00:00,208.35041666666663,0.2433333333333334,41.505,226.8750000000001,26.55624999999999,29.52958333333333,2.15875,62.29291666666666,0.001904,0.001007,0.006754,14.948750000000013,0
206,206,2024-01-04 08:43:12+00:00,2024-01-04 08:43:12+00:00,210.368,0.238,41.61633333333335,229.0333333333334,26.55166666666665,29.606333333333332,2.188,62.45600000000001,0.00197,0.001065,0.006866,15.064666666666696,0
207,207,2024-01-04 08:43:14+00:00,2024-01-04 08:43:14+00:00,214.0044444444444,0.2414814814814816,41.75925925925925,232.99888888888884,26.54037037037036,29.667407407407413,2.2496296296296303,62.36555555555556,0.001998,0.001061,0.006949,15.218888888888896,0
208,208,2024-01-04 08:43:15+00:00,2024-01-04 08:43:15+00:00,215.66103448275865,0.2534482758620689,41.83655172413794,235.13896551724133,26.544137931034463,29.73758620689655,2.27,62.3296551724138,0.001985,0.00102,0.006989,15.292413793103478,0
209,209,2024-01-04 08:43:16+00:00,2024-01-04 08:43:16+00:00,217.1779999999999,0.2366666666666667,41.88300000000001,235.6456666666667,26.541666666666647,29.74333333333334,2.285,62.05900000000001,0.001954,0.00103,0.006973,15.341333333333363,0
210,210,2024-01-04 08:43:18+00:00,2024-01-04 08:43:18+00:00,218.45200000000003,0.2483333333333334,42.06999999999999,237.85566666666668,26.577,29.800666666666668,2.3216666666666663,62.39533333333337,0.001924,0.000995,0.007027,15.492999999999988,0
211,211,2024-01-04 08:43:19+00:00,2024-01-04 08:43:19+00:00,219.1732,0.2495999999999999,42.1156,238.3660000000001,26.5772,29.838799999999992,2.334,62.17240000000001,0.001961,0.00101,0.007074,15.5384,0
212,212,2024-01-04 08:43:20+00:00,2024-01-04 08:43:20+00:00,220.1346153846154,0.2446153846153846,42.16230769230768,239.63500000000008,26.580769230769224,29.861153846153847,2.344615384615386,62.03346153846154,0.001958,0.001009,0.007088,15.581538461538454,0
213,213,2024-01-04 08:43:22+00:00,2024-01-04 08:43:22+00:00,218.81642857142865,0.2485714285714285,42.31535714285712,238.2085714285714,26.575714285714287,29.87107142857142,2.348214285714286,61.95071428571432,0.001994,0.001053,0.007076,15.739642857142837,0
214,214,2024-01-04 08:43:23+00:00,2024-01-04 08:43:23+00:00,218.9972413793103,0.2513793103448276,42.45655172413792,238.28551724137944,26.57206896551725,29.86862068965517,2.3465517241379312,62.24551724137929,0.001936,0.000967,0.007034,15.884482758620674,0
215,215,2024-01-04 08:43:24+00:00,2024-01-04 08:43:24+00:00,217.87625,0.245,42.51499999999999,236.5816666666667,26.595,29.89,2.3279166666666677,62.29958333333334,0.001972,0.00105,0.007027,15.919999999999996,0
216,216,2024-01-04 08:43:25+00:00,2024-01-04 08:43:25+00:00,217.37074074074067,0.2451851851851852,42.53333333333333,235.30333333333343,26.58703703703705,29.884814814814813,2.31925925925926,62.14518518518519,0.001949,0.001015,0.006951,15.946296296296286,0
217,217,2024-01-04 08:43:27+00:00,2024-01-04 08:43:27+00:00,213.34185185185183,0.2385185185185184,42.69555555555554,232.3688888888888,26.59407407407407,29.896296296296292,2.2833333333333345,62.39703703703705,0.001894,0.000982,0.006866,16.101481481481475,0
218,218,2024-01-04 08:43:28+00:00,2024-01-04 08:43:28+00:00,211.10071428571428,0.2435714285714287,42.715,229.64607142857147,26.612500000000008,29.87571428571428,2.2489285714285705,62.33071428571429,0.001905,0.001011,0.006812,16.10249999999999,0
219,219,2024-01-04 08:43:29+00:00,2024-01-04 08:43:29+00:00,209.05518518518525,0.2485185185185186,42.75222222222221,228.304074074074,26.6162962962963,29.856296296296296,2.223703703703704,62.43518518518517,0.001895,0.000997,0.006721,16.135925925925907,0
220,220,2024-01-04 08:43:31+00:00,2024-01-04 08:43:31+00:00,204.37099999999992,0.2426666666666666,42.87833333333335,223.33833333333325,26.61666666666667,29.81266666666668,2.1656666666666657,62.43599999999999,0.001854,0.000979,0.006634,16.261666666666674,0
221,221,2024-01-04 08:43:32+00:00,2024-01-04 08:43:32+00:00,201.15076923076927,0.221923076923077,42.89076923076924,219.07423076923075,26.60192307692309,29.80807692307693,2.128076923076923,62.39,0.001842,0.000995,0.006522,16.28884615384615,0
222,222,2024-01-04 08:43:33+00:00,2024-01-04 08:43:33+00:00,197.56111111111107,0.2281481481481481,42.9337037037037,216.7148148148148,26.615555555555552,29.745925925925924,2.090740740740741,62.50555555555557,0.001797,0.001013,0.006385,16.318148148148147,0
223,223,2024-01-04 08:43:35+00:00,2024-01-04 08:43:35+00:00,191.4437037037036,0.2237037037037037,43.00888888888888,208.74296296296305,26.62888888888889,29.72740740740741,2.008148148148148,62.372592592592575,0.001756,0.000968,0.006262,16.379999999999992,0
224,224,2024-01-04 08:43:36+00:00,2024-01-04 08:43:36+00:00,187.69115384615375,0.2276923076923078,43.00923076923077,205.3684615384616,26.638846153846146,29.649230769230776,1.9603846153846147,62.82769230769232,0.001711,0.000999,0.00613,16.370384615384623,0
225,225,2024-01-04 08:43:37+00:00,2024-01-04 08:43:37+00:00,182.8578571428571,0.2221428571428572,43.0692857142857,201.83892857142857,26.63928571428571,29.646428571428565,1.915357142857143,62.84285714285715,0.001674,0.000994,0.0059,16.42999999999999,0
226,226,2024-01-04 08:43:39+00:00,2024-01-04 08:43:39+00:00,175.1243333333333,0.2153333333333334,43.05233333333332,192.523,26.67533333333333,29.53766666666666,1.832999999999999,62.943000000000005,0.001646,0.000975,0.005734,16.37699999999999,0
227,227,2024-01-04 08:43:40+00:00,2024-01-04 08:43:40+00:00,170.84714285714284,0.2307142857142858,43.031785714285725,188.0342857142857,26.67535714285714,29.44678571428571,1.7946428571428572,63.03642857142857,0.001591,0.00098,0.005644,16.356428571428584,0
228,228,2024-01-04 08:43:41+00:00,2024-01-04 08:43:41+00:00,167.3307407407407,0.2240740740740741,43.06925925925925,183.49,26.680740740740752,29.40777777777777,1.7551851851851856,63.30666666666668,0.001521,0.000942,0.005368,16.388518518518495,0
229,229,2024-01-04 08:43:42+00:00,2024-01-04 08:43:42+00:00,162.34642857142862,0.2267857142857143,43.06142857142856,178.09,26.703214285714296,29.34250000000001,1.714642857142858,63.13000000000001,0.001502,0.000966,0.005192,16.35821428571426,0
230,230,2024-01-04 08:43:44+00:00,2024-01-04 08:43:44+00:00,151.23999999999998,0.2181481481481482,43.03592592592591,167.8748148148148,26.703333333333337,29.210000000000008,1.6270370370370368,63.59518518518517,0.001433,0.000959,0.005013,16.332592592592572,0
231,231,2024-01-04 08:43:45+00:00,2024-01-04 08:43:45+00:00,148.08321428571432,0.2135714285714287,43.06964285714287,163.28250000000003,26.690357142857145,29.17607142857141,1.5914285714285707,63.572499999999984,0.001422,0.000927,0.004855,16.379285714285725,0
232,232,2024-01-04 08:43:46+00:00,2024-01-04 08:43:46+00:00,142.0742857142857,0.2053571428571429,43.040000000000006,157.54607142857142,26.687857142857148,29.112142857142864,1.5435714285714288,63.76178571428572,0.001421,0.001003,0.004696,16.35214285714286,0
233,233,2024-01-04 08:43:48+00:00,2024-01-04 08:43:48+00:00,132.29285714285717,0.2167857142857142,42.99,146.28749999999997,26.726428571428578,28.95142857142857,1.4528571428571426,63.786785714285706,0.001455,0.000992,0.004655,16.263571428571424,0
234,234,2024-01-04 08:43:49+00:00,2024-01-04 08:43:49+00:00,125.90708333333332,0.1929166666666667,42.92874999999999,140.92291666666665,26.724166666666672,28.93125000000001,1.4120833333333334,63.96999999999998,0.00142,0.000945,0.004446,16.204583333333314,0
235,235,2024-01-04 08:43:50+00:00,2024-01-04 08:43:50+00:00,121.42481481481482,0.2118518518518519,42.905555555555566,136.22592592592594,26.720740740740755,28.838518518518523,1.37,64.38666666666664,0.001375,0.00095,0.004549,16.18481481481481,0
236,236,2024-01-04 08:43:52+00:00,2024-01-04 08:43:52+00:00,110.852962962963,0.1955555555555557,42.86259259259258,124.63185185185183,26.73,28.70296296296296,1.2722222222222228,64.18851851851853,0.001417,0.000977,0.004594,16.132592592592584,0
237,237,2024-01-04 08:43:53+00:00,2024-01-04 08:43:53+00:00,105.2503571428572,0.1878571428571428,42.82285714285713,118.39857142857146,26.7475,28.676428571428573,1.2225,64.30535714285715,0.001416,0.000946,0.004513,16.075357142857133,0
238,238,2024-01-04 08:43:54+00:00,2024-01-04 08:43:54+00:00,100.22392857142856,0.1978571428571429,42.809285714285714,112.80857142857144,26.753571428571423,28.601785714285715,1.1775,64.4082142857143,0.001389,0.000991,0.004341,16.055714285714288,0
239,239,2024-01-04 08:43:56+00:00,2024-01-04 08:43:56+00:00,90.08357142857145,0.2010714285714286,42.68464285714284,103.03928571428568,26.78321428571428,28.415714285714284,1.0782142857142856,64.53249999999998,0.001385,0.000965,0.004231,15.90142857142856,0
240,240,2024-01-04 08:43:57+00:00,2024-01-04 08:43:57+00:00,84.62413793103448,0.196896551724138,42.66379310344827,97.63931034482758,26.78482758620688,28.345172413793108,1.0386206896551724,64.78172413793104,0.001344,0.001,0.004119,15.87896551724139,0
241,241,2024-01-04 08:43:58+00:00,2024-01-04 08:43:58+00:00,80.13379310344828,0.1934482758620689,42.590689655172405,92.1203448275862,26.78724137931033,28.26862068965516,0.9910344827586204,64.46758620689656,0.001359,0.000988,0.004061,15.80344827586207,0
242,242,2024-01-04 08:44:00+00:00,2024-01-04 08:44:00+00:00,71.46083333333334,0.18625,42.532500000000006,82.14458333333336,26.7825,28.176250000000007,0.8954166666666667,65.06500000000001,0.001353,0.001041,0.003929,15.750000000000004,0
243,243,2024-01-04 08:44:01+00:00,2024-01-04 08:44:01+00:00,66.70444444444445,0.2051851851851852,42.464444444444446,77.78740740740741,26.788518518518508,28.127777777777787,0.4188888888888888,65.42185185185184,0.0012,0.000865,0.003692,15.675925925925938,0
244,244,2024-01-04 08:44:02+00:00,2024-01-04 08:44:02+00:00,62.065666666666665,0.1806666666666666,42.40800000000001,72.78466666666667,26.80166666666667,28.032,0.2320000000000001,65.06133333333331,0.001284,0.000918,0.003567,15.60633333333334,0
245,245,2024-01-04 08:44:03+00:00,2024-01-04 08:44:03+00:00,57.50148148148148,0.1811111111111111,42.354444444444425,68.28888888888889,26.79555555555556,27.99814814814815,0.2377777777777778,65.25814814814815,0.001241,0.000868,0.003583,15.55888888888887,0
246,246,2024-01-04 08:44:05+00:00,2024-01-04 08:44:05+00:00,50.00620689655173,0.2013793103448277,42.24586206896552,60.339999999999975,26.829655172413787,27.87758620689656,0.2300000000000001,65.47896551724136,0.001195,0.000943,0.003322,15.416206896551728,0
247,247,2024-01-04 08:44:06+00:00,2024-01-04 08:44:06+00:00,46.76192307692309,0.1811538461538461,42.18769230769231,56.08153846153846,26.81000000000001,27.828076923076928,0.2365384615384616,65.31115384615384,0.001177,0.00086,0.003293,15.377692307692303,0
248,248,2024-01-04 08:44:07+00:00,2024-01-04 08:44:07+00:00,43.01769230769231,0.1861538461538462,42.11846153846155,52.57846153846154,26.8153846153846,27.77038461538461,0.2330769230769232,65.66192307692305,0.001169,0.000854,0.003092,15.303076923076954,0
249,249,2024-01-04 08:44:09+00:00,2024-01-04 08:44:09+00:00,36.81999999999999,0.1962068965517241,42.07999999999999,46.41206896551724,26.852068965517248,27.65965517241379,0.233793103448276,65.87068965517241,0.001093,0.000891,0.00313,15.227931034482744,0
250,250,2024-01-04 08:44:10+00:00,2024-01-04 08:44:10+00:00,34.26518518518519,0.1725925925925926,42.02666666666666,42.86148148148148,26.85037037037037,27.66592592592594,0.2300000000000001,65.46481481481482,0.001132,0.000835,0.002991,15.176296296296282,0
251,251,2024-01-04 08:44:11+00:00,2024-01-04 08:44:11+00:00,30.97266666666667,0.1686666666666666,41.953,39.79966666666667,26.862333333333343,27.62733333333332,0.2300000000000001,65.83466666666665,0.001139,0.000794,0.003019,15.09066666666666,0
252,252,2024-01-04 08:44:13+00:00,2024-01-04 08:44:13+00:00,26.698148148148142,0.1818518518518518,41.87333333333333,35.64962962962962,26.86962962962962,27.52740740740742,0.2329629629629631,65.82555555555557,0.00111,0.000851,0.0029,15.003703703703708,0
253,253,2024-01-04 08:44:14+00:00,2024-01-04 08:44:14+00:00,25.146296296296303,0.1692592592592593,41.77999999999999,33.06222222222221,26.8725925925926,27.49592592592593,0.2300000000000001,66.16777777777779,0.001086,0.000895,0.002933,14.90740740740739,0
254,254,2024-01-04 08:44:15+00:00,2024-01-04 08:44:15+00:00,23.700000000000006,0.1762962962962963,41.8074074074074,31.604444444444454,26.877407407407404,27.497777777777785,0.2344444444444445,65.76185185185184,0.001124,0.00085,0.002949,14.93,0
255,255,2024-01-04 08:44:17+00:00,2024-01-04 08:44:17+00:00,20.87758620689656,0.1637931034482758,41.66793103448274,28.414827586206904,26.891034482758613,27.460689655172438,0.2310344827586208,65.6755172413793,0.001201,0.000815,0.00288,14.776896551724128,0
256,256,2024-01-04 08:44:18+00:00,2024-01-04 08:44:18+00:00,20.37076923076923,0.1669230769230769,41.66807692307692,28.29615384615384,26.896923076923077,27.45346153846153,0.231923076923077,65.97653846153845,0.001004,0.000765,0.002896,14.771153846153844,0
257,257,2024-01-04 08:44:19+00:00,2024-01-04 08:44:19+00:00,19.537857142857145,0.1757142857142857,41.60785714285714,27.527500000000003,26.89357142857142,27.42357142857143,0.2300000000000001,65.91821428571431,0.001122,0.000799,0.002907,14.714285714285722,0
258,258,2024-01-04 08:44:20+00:00,2024-01-04 08:44:20+00:00,19.639310344827585,0.1827586206896551,41.5455172413793,27.40137931034484,26.89344827586206,27.394482758620686,0.230344827586207,66.09655172413791,0.001071,0.000774,0.002842,14.65206896551724,0
259,259,2024-01-04 08:44:22+00:00,2024-01-04 08:44:22+00:00,20.07892857142857,0.1742857142857142,41.501428571428576,27.398571428571437,26.9225,27.419642857142858,0.2300000000000001,65.89821428571429,0.001093,0.000808,0.002862,14.57892857142858,0
260,260,2024-01-04 08:44:23+00:00,2024-01-04 08:44:23+00:00,20.28444444444445,0.1729629629629629,41.47148148148149,27.9825925925926,26.9325925925926,27.40592592592592,0.2292592592592593,65.96851851851854,0.001096,0.000854,0.002916,14.538888888888888,0
261,261,2024-01-04 08:44:24+00:00,2024-01-04 08:44:24+00:00,21.794074074074075,0.1781481481481482,41.443333333333335,29.33703703703704,26.913703703703717,27.43111111111112,0.2281481481481483,65.86481481481482,0.00117,0.000876,0.002931,14.52962962962962,0
262,262,2024-01-04 08:44:26+00:00,2024-01-04 08:44:26+00:00,23.722857142857134,0.1767857142857143,41.40642857142858,30.994285714285702,26.95250000000001,27.45892857142857,0.2300000000000001,65.77,0.001139,0.000832,0.00293,14.45392857142857,0
263,263,2024-01-04 08:44:27+00:00,2024-01-04 08:44:27+00:00,26.14346153846154,0.1765384615384615,41.39807692307692,33.13576923076923,26.95346153846155,27.44384615384615,0.2300000000000001,65.83846153846154,0.001108,0.000874,0.003055,14.444615384615371,0
264,264,2024-01-04 08:44:28+00:00,2024-01-04 08:44:28+00:00,27.02692307692307,0.1653846153846153,41.35307692307693,35.11923076923077,26.95192307692308,27.43038461538462,0.2300000000000001,65.7576923076923,0.00112,0.000798,0.003062,14.40115384615385,0
265,265,2024-01-04 08:44:30+00:00,2024-01-04 08:44:30+00:00,32.50296296296296,0.1796296296296296,41.410370370370366,39.51259259259259,26.963333333333352,27.514074074074077,0.2300000000000001,65.79,0.001201,0.000912,0.003089,14.447037037037012,0
266,266,2024-01-04 08:44:31+00:00,2024-01-04 08:44:31+00:00,34.327777777777776,0.1814814814814814,41.4051851851852,42.42185185185187,26.97777777777778,27.55518518518518,0.2348148148148149,65.9914814814815,0.001242,0.000869,0.003218,14.427407407407417,0
267,267,2024-01-04 08:44:32+00:00,2024-01-04 08:44:32+00:00,37.018620689655165,0.1806896551724138,41.41379310344829,46.05137931034482,26.978275862068976,27.605517241379303,0.2300000000000001,65.64655172413792,0.001181,0.00087,0.003216,14.435517241379316,0
268,268,2024-01-04 08:44:34+00:00,2024-01-04 08:44:34+00:00,43.84068965517242,0.1720689655172413,41.396206896551725,53.02586206896553,27.000344827586208,27.69862068965518,0.2341379310344829,65.2658620689655,0.001322,0.000849,0.003361,14.395862068965515,0
269,269,2024-01-04 08:44:35+00:00,2024-01-04 08:44:35+00:00,47.475,0.1803571428571428,41.455714285714286,56.37107142857143,26.99928571428571,27.73035714285715,0.2321428571428573,65.48107142857138,0.001263,0.000907,0.003412,14.456428571428578,0
270,270,2024-01-04 08:44:36+00:00,2024-01-04 08:44:36+00:00,51.039285714285725,0.1839285714285714,41.41392857142857,60.75071428571429,27.005357142857143,27.7575,0.2307142857142858,65.19714285714285,0.00127,0.000877,0.003585,14.408571428571427,0
271,271,2024-01-04 08:44:38+00:00,2024-01-04 08:44:38+00:00,59.24041666666667,0.1908333333333333,41.45583333333334,68.6675,27.017499999999995,27.832500000000007,0.2333333333333334,65.03749999999997,0.00134,0.000927,0.00361,14.438333333333343,0
272,272,2024-01-04 08:44:39+00:00,2024-01-04 08:44:39+00:00,62.586785714285725,0.1896428571428572,41.47357142857143,72.59249999999999,27.00678571428572,27.89642857142857,0.2385714285714287,65.23107142857143,0.001359,0.000921,0.003806,14.46678571428571,0
273,273,2024-01-04 08:44:40+00:00,2024-01-04 08:44:40+00:00,67.71866666666666,0.1919999999999999,41.46933333333333,77.98866666666665,27.009,27.969999999999988,0.2316666666666668,64.884,0.001383,0.000978,0.003721,14.460333333333327,0
274,274,2024-01-04 08:44:41+00:00,2024-01-04 08:44:41+00:00,72.94115384615385,0.1888461538461538,41.4876923076923,82.5569230769231,26.99384615384616,28.01115384615384,0.6903846153846154,64.91038461538461,0.001402,0.000886,0.00395,14.493846153846142,0
275,275,2024-01-04 08:44:43+00:00,2024-01-04 08:44:43+00:00,81.68037037037037,0.1925925925925926,41.46962962962965,92.75555555555556,27.00333333333333,28.125555555555565,0.9633333333333336,64.59111111111112,0.001462,0.000969,0.004038,14.466296296296314,0
276,276,2024-01-04 08:44:44+00:00,2024-01-04 08:44:44+00:00,86.84000000000002,0.1926923076923077,41.53615384615384,97.8376923076923,27.0203846153846,28.235769230769225,1.005384615384615,64.5026923076923,0.001398,0.000894,0.004021,14.51576923076924,0
277,277,2024-01-04 08:44:45+00:00,2024-01-04 08:44:45+00:00,91.915,0.2096428571428571,41.5375,103.33928571428572,27.032142857142844,28.27892857142857,1.0467857142857142,64.4482142857143,0.001473,0.000967,0.004199,14.505357142857155,0
278,278,2024-01-04 08:44:47+00:00,2024-01-04 08:44:47+00:00,101.85965517241377,0.1958620689655172,41.50655172413794,113.57379310344832,27.062068965517245,28.438965517241385,1.1372413793103449,64.43275862068964,0.001532,0.001007,0.004558,14.444482758620698,0
279,279,2024-01-04 08:44:48+00:00,2024-01-04 08:44:48+00:00,106.94777777777776,0.2092592592592593,41.56222222222222,118.80888888888892,27.061111111111117,28.52259259259259,1.1844444444444446,64.36333333333334,0.001543,0.00101,0.004697,14.501111111111104,0
280,280,2024-01-04 08:44:49+00:00,2024-01-04 08:44:49+00:00,111.99678571428572,0.1964285714285714,41.58678571428571,124.23464285714286,27.06357142857143,28.62,1.2335714285714283,63.89892857142859,0.001545,0.001019,0.004809,14.523214285714282,0
281,281,2024-01-04 08:44:51+00:00,2024-01-04 08:44:51+00:00,123.18888888888888,0.2081481481481481,41.64333333333334,136.2518518518518,27.091851851851864,28.773703703703717,1.3248148148148151,63.967037037037024,0.001549,0.000978,0.004895,14.551481481481474,0
282,282,2024-01-04 08:44:52+00:00,2024-01-04 08:44:52+00:00,127.17827586206896,0.2113793103448276,41.59586206896552,141.24448275862068,27.102413793103462,28.817931034482758,1.36448275862069,63.898620689655175,0.001613,0.001024,0.004934,14.49344827586206,0
283,283,2024-01-04 08:44:53+00:00,2024-01-04 08:44:53+00:00,132.92400000000004,0.2064,41.65439999999999,146.66639999999998,27.102800000000013,28.89560000000001,1.4176000000000002,63.76880000000003,0.001584,0.001019,0.004791,14.551599999999976,0
284,284,2024-01-04 08:44:55+00:00,2024-01-04 08:44:55+00:00,143.61892857142865,0.2185714285714286,41.69571428571427,156.9564285714286,27.11214285714286,29.06428571428571,1.4967857142857142,63.843571428571465,0.001523,0.000994,0.004836,14.583571428571409,0
285,285,2024-01-04 08:44:56+00:00,2024-01-04 08:44:56+00:00,148.3437037037037,0.2307407407407407,41.74,162.84962962962965,27.134444444444444,29.14666666666665,1.5411111111111109,63.817407407407394,0.001594,0.000988,0.005069,14.60555555555555,0
286,286,2024-01-04 08:44:57+00:00,2024-01-04 08:44:57+00:00,152.63148148148153,0.2266666666666666,41.77518518518517,167.62148148148148,27.13592592592592,29.245925925925924,1.588148148148149,63.25851851851854,0.001631,0.001032,0.005282,14.639259259259251,0
287,287,2024-01-04 08:44:59+00:00,2024-01-04 08:44:59+00:00,162.29777777777775,0.2322222222222222,41.81962962962962,178.55851851851855,27.13444444444444,29.402592592592597,1.6800000000000006,63.53259259259261,0.001611,0.001063,0.005319,14.685185185185183,0
288,288,2024-01-04 08:45:00+00:00,2024-01-04 08:45:00+00:00,168.43935483870968,0.2212903225806451,41.82967741935485,183.57548387096776,27.16064516129032,29.463870967741947,1.732258064516129,63.1158064516129,0.001643,0.001014,0.00564,14.669032258064531,0
289,289,2024-01-04 08:45:01+00:00,2024-01-04 08:45:01+00:00,171.04071428571427,0.2214285714285715,41.89214285714286,186.88428571428568,27.1475,29.575714285714287,1.7632142857142863,63.162500000000016,0.001675,0.001029,0.005695,14.74464285714286,0
290,290,2024-01-04 08:45:02+00:00,2024-01-04 08:45:02+00:00,176.26076923076923,0.2326923076923077,41.91269230769232,192.8184615384616,27.184615384615384,29.60500000000001,1.812307692307692,63.18269230769229,0.001777,0.001056,0.005974,14.728076923076934,0
291,291,2024-01-04 08:45:04+00:00,2024-01-04 08:45:04+00:00,185.5520689655172,0.2372413793103448,42.05034482758621,201.8275862068965,27.18310344827585,29.773793103448284,1.9096551724137931,62.98000000000001,0.001765,0.00104,0.006049,14.867241379310354,0
292,292,2024-01-04 08:45:05+00:00,2024-01-04 08:45:05+00:00,188.1285185185185,0.2477777777777778,42.07740740740741,205.12888888888884,27.18370370370369,29.82962962962963,1.9403703703703707,62.77518518518519,0.001859,0.001055,0.006231,14.893703703703718,0
293,293,2024-01-04 08:45:06+00:00,2024-01-04 08:45:06+00:00,190.7907142857144,0.2389285714285715,42.135,209.66857142857148,27.207500000000007,29.9382142857143,1.9953571428571428,62.98464285714285,0.001854,0.001057,0.006427,14.927499999999991,0
294,294,2024-01-04 08:45:08+00:00,2024-01-04 08:45:08+00:00,198.99517241379303,0.2296551724137932,42.25413793103448,216.79724137931035,27.19965517241379,30.05448275862069,2.0796551724137937,62.65724137931036,0.001827,0.001053,0.006481,15.054482758620686,0
295,295,2024-01-04 08:45:09+00:00,2024-01-04 08:45:09+00:00,201.8222222222222,0.2440740740740741,42.32851851851853,220.2555555555556,27.211111111111123,30.11740740740741,2.121111111111112,62.8062962962963,0.001871,0.001063,0.006598,15.117407407407406,0
296,296,2024-01-04 08:45:10+00:00,2024-01-04 08:45:10+00:00,205.1992857142857,0.2446428571428572,42.36642857142857,222.7971428571429,27.23714285714286,30.11785714285714,2.157499999999999,62.42857142857144,0.00191,0.001076,0.006685,15.129285714285713,0
297,297,2024-01-04 08:45:12+00:00,2024-01-04 08:45:12+00:00,210.05892857142857,0.2467857142857143,42.50571428571429,228.27071428571423,27.26821428571428,30.29142857142858,2.2199999999999984,62.1525,0.001934,0.001077,0.006785,15.237500000000017,0
298,298,2024-01-04 08:45:13+00:00,2024-01-04 08:45:13+00:00,211.71793103448272,0.2403448275862069,42.63517241379311,230.22068965517235,27.254482758620693,30.359310344827588,2.257586206896552,62.39103448275864,0.001952,0.001057,0.006876,15.380689655172414,0
299,299,2024-01-04 08:45:14+00:00,2024-01-04 08:45:14+00:00,213.2792307692307,0.2334615384615386,42.694615384615375,231.59961538461536,27.25,30.405,2.2753846153846164,62.43115384615384,0.001971,0.001078,0.006963,15.444615384615377,0
300,300,2024-01-04 08:45:16+00:00,2024-01-04 08:45:16+00:00,216.61111111111111,0.2437037037037036,42.81481481481482,234.9266666666668,27.277777777777764,30.4414814814815,2.3274074074074083,62.27037037037036,0.001967,0.001033,0.007005,15.53703703703706,0
301,301,2024-01-04 08:45:17+00:00,2024-01-04 08:45:17+00:00,217.92642857142852,0.2467857142857143,42.89142857142858,236.62321428571437,27.27464285714285,30.498571428571427,2.3528571428571428,62.23678571428571,0.001975,0.001047,0.007063,15.616785714285731,0
302,302,2024-01-04 08:45:18+00:00,2024-01-04 08:45:18+00:00,217.85074074074075,0.2451851851851851,42.986296296296274,237.29259259259257,27.27925925925925,30.52629629629629,2.36037037037037,62.1551851851852,0.00197,0.00106,0.007051,15.707037037037026,0
303,303,2024-01-04 08:45:19+00:00,2024-01-04 08:45:19+00:00,219.40483870967748,0.2474193548387097,43.059354838709694,238.1193548387098,27.269677419354835,30.567741935483877,2.376774193548387,62.28967741935484,0.001977,0.001105,0.007073,15.78967741935486,0
304,304,2024-01-04 08:45:21+00:00,2024-01-04 08:45:21+00:00,220.0358620689656,0.2420689655172413,43.16137931034481,238.25068965517232,27.307241379310337,30.60413793103447,2.386896551724139,62.37000000000002,0.001975,0.001077,0.007105,15.854137931034476,0
305,305,2024-01-04 08:45:22+00:00,2024-01-04 08:45:22+00:00,219.11538461538456,0.2384615384615385,43.24769230769231,238.10846153846157,27.329230769230776,30.60307692307692,2.3953846153846152,62.10769230769232,0.001962,0.001032,0.007102,15.918461538461536,0
306,306,2024-01-04 08:45:23+00:00,2024-01-04 08:45:23+00:00,219.0334615384615,0.2346153846153846,43.31730769230769,237.5565384615384,27.32615384615385,30.612692307692296,2.3880769230769228,62.05307692307694,0.001953,0.00103,0.007063,15.99115384615384,0
307,307,2024-01-04 08:45:25+00:00,2024-01-04 08:45:25+00:00,217.36033333333324,0.2373333333333333,43.43233333333334,235.949,27.330333333333343,30.630666666666663,2.368333333333333,62.09766666666666,0.001961,0.001023,0.007028,16.101999999999997,0
308,308,2024-01-04 08:45:26+00:00,2024-01-04 08:45:26+00:00,215.28259259259252,0.2377777777777778,43.48814814814814,234.4396296296296,27.350740740740743,30.625185185185188,2.3559259259259258,62.24111111111114,0.001938,0.001093,0.006993,16.137407407407398,0
309,309,2024-01-04 08:45:27+00:00,2024-01-04 08:45:27+00:00,213.1671428571429,0.2482142857142857,43.53178571428572,232.76142857142852,27.35321428571429,30.616071428571423,2.3285714285714287,62.52392857142858,0.001971,0.001101,0.006904,16.178571428571423,0
310,310,2024-01-04 08:45:29+00:00,2024-01-04 08:45:29+00:00,210.4429166666666,0.22875,43.662083333333335,228.03333333333345,27.38541666666666,30.61208333333333,2.2804166666666674,62.290833333333325,0.001918,0.001036,0.006811,16.276666666666674,0
311,311,2024-01-04 08:45:30+00:00,2024-01-04 08:45:30+00:00,206.82000000000008,0.2364285714285714,43.73535714285715,225.23357142857157,27.37392857142857,30.61035714285714,2.2425,62.65000000000001,0.00188,0.001042,0.006691,16.361428571428576,0
312,312,2024-01-04 08:45:31+00:00,2024-01-04 08:45:31+00:00,205.00629629629623,0.2348148148148148,43.77666666666668,223.67592592592592,27.38222222222222,30.59555555555556,2.2244444444444444,62.21370370370372,0.001849,0.001044,0.00659,16.394444444444456,0
313,313,2024-01-04 08:45:33+00:00,2024-01-04 08:45:33+00:00,199.38862068965523,0.2431034482758621,43.79586206896551,217.73000000000005,27.404482758620677,30.52344827586206,2.148275862068966,62.63206896551724,0.001829,0.001015,0.006476,16.39137931034484,0
314,314,2024-01-04 08:45:34+00:00,2024-01-04 08:45:34+00:00,195.38038461538463,0.2284615384615384,43.85384615384615,212.91615384615383,27.398461538461525,30.52846153846153,2.096538461538462,62.77038461538464,0.001779,0.001037,0.006256,16.455384615384624,0
315,315,2024-01-04 08:45:35+00:00,2024-01-04 08:45:35+00:00,192.1124,0.2316,43.8764,209.7004000000001,27.40679999999999,30.47040000000001,2.0524,62.554,0.001674,0.000996,0.006074,16.469600000000014,0
316,316,2024-01-04 08:45:37+00:00,2024-01-04 08:45:37+00:00,183.9474193548388,0.2206451612903226,43.95064516129033,201.6264516129032,27.45419354838711,30.44516129032259,1.966451612903226,62.88225806451613,0.001682,0.001053,0.005981,16.496451612903222,0
317,317,2024-01-04 08:45:38+00:00,2024-01-04 08:45:38+00:00,180.06692307692305,0.2269230769230769,43.9626923076923,197.1988461538461,27.45653846153847,30.38769230769231,1.9169230769230765,62.99307692307694,0.001662,0.001019,0.005768,16.50615384615383,0
318,318,2024-01-04 08:45:39+00:00,2024-01-04 08:45:39+00:00,175.9232000000001,0.2188000000000001,43.92720000000002,192.6267999999999,27.460000000000004,30.308800000000016,1.877199999999999,63.177600000000005,0.001613,0.001007,0.005587,16.467200000000016,0
319,319,2024-01-04 08:45:40+00:00,2024-01-04 08:45:40+00:00,171.8596296296296,0.2055555555555556,43.954444444444455,188.2922222222223,27.47037037037037,30.28592592592593,1.8374074074074076,62.92925925925926,0.001518,0.001048,0.005481,16.48407407407408,0
320,320,2024-01-04 08:45:42+00:00,2024-01-04 08:45:42+00:00,162.82481481481483,0.217037037037037,43.94740740740741,178.71666666666664,27.48111111111112,30.13851851851852,1.7529629629629628,63.29925925925927,0.001458,0.000989,0.00517,16.46629629629629,0
321,321,2024-01-04 08:45:43+00:00,2024-01-04 08:45:43+00:00,158.04037037037037,0.2148148148148149,43.93814814814817,173.5851851851852,27.48814814814816,30.09777777777777,1.7100000000000006,63.43518518518518,0.001455,0.001025,0.005124,16.450000000000017,0
322,322,2024-01-04 08:45:44+00:00,2024-01-04 08:45:44+00:00,152.51370370370373,0.2025925925925926,43.95185185185187,167.78111111111116,27.47592592592593,30.065185185185182,1.6677777777777774,63.35518518518517,0.001388,0.000967,0.004803,16.475925925925935,0
323,323,2024-01-04 08:45:46+00:00,2024-01-04 08:45:46+00:00,142.32321428571427,0.2075,43.95857142857143,157.63357142857143,27.516785714285707,29.93464285714285,1.5775000000000006,63.55285714285717,0.001331,0.000997,0.004604,16.441785714285718,0
324,324,2024-01-04 08:45:47+00:00,2024-01-04 08:45:47+00:00,136.8355172413793,0.2120689655172414,43.870689655172406,152.68482758620686,27.52275862068964,29.797241379310343,1.531724137931035,63.83137931034484,0.001322,0.000996,0.004585,16.347931034482766,0
325,325,2024-01-04 08:45:48+00:00,2024-01-04 08:45:48+00:00,132.98666666666668,0.2011111111111112,43.84851851851851,146.38814814814816,27.511851851851848,29.78740740740739,1.488518518518518,63.87074074074073,0.001345,0.000959,0.004521,16.336666666666662,0
326,326,2024-01-04 08:45:50+00:00,2024-01-04 08:45:50+00:00,122.69107142857148,0.2060714285714286,43.795357142857135,136.21750000000003,27.542499999999983,29.645357142857147,1.3964285714285718,64.09892857142859,0.001367,0.001007,0.00451,16.252857142857152,0
327,327,2024-01-04 08:45:51+00:00,2024-01-04 08:45:51+00:00,116.47703703703702,0.1888888888888889,43.78111111111111,129.5403703703703,27.536666666666655,29.592222222222222,1.3525925925925923,64.36111111111113,0.00135,0.000995,0.004485,16.24444444444445,0
328,328,2024-01-04 08:45:52+00:00,2024-01-04 08:45:52+00:00,111.36840000000002,0.2024,43.750800000000005,125.38000000000004,27.53479999999999,29.5264,1.3056,64.5112,0.001323,0.000983,0.004441,16.216000000000015,0
329,329,2024-01-04 08:45:54+00:00,2024-01-04 08:45:54+00:00,101.8246153846154,0.2003846153846154,43.69923076923077,114.81846153846158,27.58115384615385,29.40115384615385,1.2238461538461538,64.77115384615387,0.001361,0.00104,0.004392,16.118076923076924,0
330,330,2024-01-04 08:45:55+00:00,2024-01-04 08:45:55+00:00,97.09962962962965,0.195925925925926,43.66074074074075,108.63851851851857,27.555555555555543,29.32777777777778,1.1574074074074068,64.53444444444445,0.001293,0.00099,0.004245,16.105185185185206,0
331,331,2024-01-04 08:45:56+00:00,2024-01-04 08:45:56+00:00,90.75296296296298,0.2033333333333333,43.59333333333333,102.85111111111112,27.580740740740747,29.25296296296296,1.1103703703703705,64.73481481481481,0.001242,0.000986,0.00401,16.012592592592586,0
332,332,2024-01-04 08:45:57+00:00,2024-01-04 08:45:57+00:00,85.07703703703703,0.1855555555555556,43.52518518518519,97.72037037037036,27.590370370370383,29.177407407407404,1.0648148148148149,64.83259259259258,0.001199,0.00096,0.003889,15.934814814814803,0
333,333,2024-01-04 08:45:59+00:00,2024-01-04 08:45:59+00:00,77.55153846153847,0.1973076923076922,43.47,88.18538461538462,27.621923076923075,29.079615384615384,0.97,65.08038461538462,0.001305,0.000952,0.003923,15.848076923076924,0
334,334,2024-01-04 08:46:00+00:00,2024-01-04 08:46:00+00:00,71.74964285714283,0.1825,43.39714285714286,82.94785714285716,27.611785714285723,29.008928571428577,0.9264285714285708,65.00678571428571,0.001169,0.000921,0.003712,15.785357142857135,0
335,335,2024-01-04 08:46:01+00:00,2024-01-04 08:46:01+00:00,66.96928571428569,0.1917857142857143,43.32571428571429,78.60785714285714,27.61071428571429,28.94535714285714,0.7950000000000006,65.12000000000002,0.001183,0.000909,0.003623,15.71499999999999,0
336,336,2024-01-04 08:46:03+00:00,2024-01-04 08:46:03+00:00,59.07653846153847,0.1976923076923078,43.30692307692308,69.43692307692308,27.639615384615382,28.84000000000001,0.233846153846154,65.33653846153848,0.00117,0.000953,0.003517,15.667307692307691,0
337,337,2024-01-04 08:46:04+00:00,2024-01-04 08:46:04+00:00,54.799687499999976,0.1759374999999999,43.24625,64.81718750000002,27.637812499999992,28.7878125,0.2318750000000002,65.4834375,0.001111,0.00094,0.003364,15.608437500000004,0
338,338,2024-01-04 08:46:05+00:00,2024-01-04 08:46:05+00:00,50.742413793103466,0.1751724137931034,43.12724137931032,60.05862068965517,27.641724137931035,28.72793103448276,0.2317241379310346,65.08655172413793,0.001088,0.000912,0.003247,15.485517241379284,0
339,339,2024-01-04 08:46:07+00:00,2024-01-04 08:46:07+00:00,43.60266666666667,0.1853333333333334,43.124333333333325,52.78033333333333,27.66533333333332,28.663,0.2300000000000001,65.40933333333335,0.001123,0.000866,0.003155,15.459000000000003,0
340,340,2024-01-04 08:46:08+00:00,2024-01-04 08:46:08+00:00,40.13346153846154,0.1903846153846154,43.05961538461536,49.64038461538461,27.669999999999995,28.57038461538463,0.2311538461538463,65.66884615384615,0.001073,0.000807,0.002967,15.389615384615368,0
341,341,2024-01-04 08:46:09+00:00,2024-01-04 08:46:09+00:00,37.63407407407408,0.1699999999999999,42.99111111111112,46.54111111111112,27.68962962962963,28.550370370370366,0.2300000000000001,65.62777777777778,0.001026,0.000902,0.002964,15.301481481481488,0
342,342,2024-01-04 08:46:11+00:00,2024-01-04 08:46:11+00:00,31.8674074074074,0.1762962962962963,42.88370370370371,40.53555555555555,27.696666666666665,28.45703703703703,0.2307407407407408,65.60592592592592,0.001019,0.00081,0.002927,15.187037037037044,0
343,343,2024-01-04 08:46:12+00:00,2024-01-04 08:46:12+00:00,29.69518518518518,0.192962962962963,42.82703703703705,37.67555555555556,27.69851851851852,28.423333333333336,0.2348148148148149,65.84,0.000974,0.000824,0.002835,15.12851851851853,0
344,344,2024-01-04 08:46:13+00:00,2024-01-04 08:46:13+00:00,27.30999999999999,0.1751851851851851,42.77629629629632,35.03592592592592,27.70296296296297,28.366296296296305,0.2307407407407408,65.97925925925925,0.00099,0.000863,0.002749,15.073333333333345,0
345,345,2024-01-04 08:46:15+00:00,2024-01-04 08:46:15+00:00,23.567333333333327,0.1743333333333333,42.69699999999999,31.877666666666663,27.71400000000001,28.321000000000005,0.2300000000000001,65.69999999999999,0.001039,0.000895,0.002735,14.982999999999985,0
346,346,2024-01-04 08:46:16+00:00,2024-01-04 08:46:16+00:00,22.4773076923077,0.1715384615384615,42.66615384615383,29.6723076923077,27.71615384615385,28.305769230769236,0.2311538461538463,66.10923076923076,0.001005,0.000892,0.002752,14.949999999999974,0
347,347,2024-01-04 08:46:17+00:00,2024-01-04 08:46:17+00:00,21.084137931034483,0.179655172413793,42.59275862068966,28.5296551724138,27.75172413793104,28.270000000000003,0.2327586206896553,66.07310344827586,0.000952,0.000802,0.002712,14.84103448275862,0
348,348,2024-01-04 08:46:18+00:00,2024-01-04 08:46:18+00:00,20.96239999999999,0.1776,42.5324,28.169599999999992,27.756799999999995,28.246,0.2300000000000001,65.90479999999998,0.001012,0.00082,0.00272,14.7756,0
349,349,2024-01-04 08:46:20+00:00,2024-01-04 08:46:20+00:00,19.81344827586207,0.1737931034482759,42.49551724137933,27.002068965517243,27.765862068965507,28.247586206896557,0.2300000000000001,65.98620689655174,0.001003,0.000801,0.002663,14.729655172413825,0
350,350,2024-01-04 08:46:21+00:00,2024-01-04 08:46:21+00:00,20.09961538461539,0.1734615384615384,42.435,27.098846153846143,27.783076923076912,28.27461538461538,0.2300000000000001,66.25576923076923,0.000939,0.000792,0.002697,14.651923076923085,0
351,351,2024-01-04 08:46:22+00:00,2024-01-04 08:46:22+00:00,19.21703703703703,0.1707407407407407,42.44444444444445,27.417407407407406,27.78407407407406,28.247407407407405,0.2285185185185186,66.24296296296296,0.001006,0.000867,0.00274,14.66037037037039,0
352,352,2024-01-04 08:46:24+00:00,2024-01-04 08:46:24+00:00,21.988888888888894,0.1818518518518518,42.36518518518518,28.930740740740745,27.797777777777764,28.232592592592592,0.2300000000000001,66.05259259259259,0.001023,0.000833,0.002771,14.56740740740742,0
353,353,2024-01-04 08:46:25+00:00,2024-01-04 08:46:25+00:00,21.857241379310352,0.1810344827586207,42.364137931034506,29.733793103448267,27.80310344827585,28.26620689655172,0.2300000000000001,65.87448275862073,0.000975,0.000827,0.002762,14.561034482758656,0
354,354,2024-01-04 08:46:26+00:00,2024-01-04 08:46:26+00:00,24.144074074074062,0.1837037037037037,42.36666666666665,31.74074074074074,27.800370370370384,28.25444444444444,0.2303703703703705,65.82407407407409,0.001095,0.000885,0.00284,14.566296296296269,0
355,355,2024-01-04 08:46:28+00:00,2024-01-04 08:46:28+00:00,27.210322580645165,0.1745161290322581,42.27419354838708,34.956129032258055,27.819032258064524,28.28161290322581,0.2303225806451614,65.81451612903227,0.000972,0.0008,0.002901,14.455161290322556,0
356,356,2024-01-04 08:46:29+00:00,2024-01-04 08:46:29+00:00,29.29857142857143,0.1717857142857143,42.34857142857141,36.66785714285714,27.817142857142866,28.37678571428572,0.2346428571428572,66.07357142857144,0.001021,0.000854,0.002935,14.531428571428547,0
357,357,2024-01-04 08:46:30+00:00,2024-01-04 08:46:30+00:00,30.94392857142856,0.1778571428571428,42.32107142857142,39.28428571428572,27.823214285714297,28.386785714285715,0.2382142857142858,65.83392857142857,0.001018,0.000849,0.002926,14.497857142857123,0
358,358,2024-01-04 08:46:32+00:00,2024-01-04 08:46:32+00:00,36.95428571428571,0.1885714285714285,42.32214285714287,45.5242857142857,27.84428571428572,28.423214285714277,0.2371428571428573,65.63035714285714,0.001087,0.000866,0.003109,14.477857142857143,0
359,359,2024-01-04 08:46:33+00:00,2024-01-04 08:46:33+00:00,40.608888888888885,0.1748148148148147,42.30481481481482,48.24333333333331,27.84148148148149,28.494074074074085,0.231851851851852,65.55444444444446,0.001144,0.000841,0.003109,14.463333333333328,0
360,360,2024-01-04 08:46:34+00:00,2024-01-04 08:46:34+00:00,43.09291666666667,0.1754166666666667,42.31333333333335,52.190000000000005,27.854166666666675,28.514583333333345,0.2304166666666668,65.46166666666669,0.001095,0.000917,0.003221,14.459166666666672,0
361,361,2024-01-04 08:46:36+00:00,2024-01-04 08:46:36+00:00,51.02307692307689,0.1846153846153846,42.27769230769232,59.81846153846156,27.855,28.60576923076924,0.2300000000000001,65.17423076923077,0.001199,0.000865,0.003371,14.42269230769232,0
362,362,2024-01-04 08:46:37+00:00,2024-01-04 08:46:37+00:00,55.22576923076922,0.1861538461538462,42.339615384615385,63.538846153846166,27.85500000000001,28.659230769230764,0.2392307692307693,65.4196153846154,0.001118,0.000878,0.003397,14.484615384615374,0
363,363,2024-01-04 08:46:38+00:00,2024-01-04 08:46:38+00:00,58.13344827586205,0.1927586206896551,42.307241379310334,67.56172413793105,27.885172413793097,28.70862068965517,0.237241379310345,65.14896551724138,0.001203,0.000926,0.003666,14.422068965517235,0
364,364,2024-01-04 08:46:39+00:00,2024-01-04 08:46:39+00:00,62.54750000000002,0.1841666666666667,42.34833333333334,72.03041666666668,27.885416666666668,28.779166666666654,0.2341666666666667,65.21166666666666,0.001156,0.000884,0.003615,14.462916666666676,0
365,365,2024-01-04 08:46:41+00:00,2024-01-04 08:46:41+00:00,71.53555555555555,0.1851851851851852,42.34222222222221,81.34592592592593,27.89259259259259,28.891111111111112,0.6611111111111112,64.79370370370371,0.001284,0.000919,0.003905,14.449629629629625,0
366,366,2024-01-04 08:46:42+00:00,2024-01-04 08:46:42+00:00,76.19857142857144,0.1914285714285714,42.36107142857141,86.33714285714287,27.888214285714287,28.955714285714297,0.9260714285714288,64.82178571428571,0.001253,0.00096,0.003926,14.472857142857126,0
367,367,2024-01-04 08:46:43+00:00,2024-01-04 08:46:43+00:00,80.61535714285716,0.1910714285714286,42.35607142857142,91.3925,27.89785714285713,29.027499999999986,0.9671428571428572,64.56214285714286,0.00129,0.000929,0.004087,14.458214285714284,0
368,368,2024-01-04 08:46:45+00:00,2024-01-04 08:46:45+00:00,89.98518518518519,0.2003703703703703,42.37777777777777,101.82185185185185,27.912592592592592,29.17,1.0574074074074074,64.37777777777781,0.001381,0.001006,0.004277,14.46518518518518,0
369,369,2024-01-04 08:46:46+00:00,2024-01-04 08:46:46+00:00,95.50999999999998,0.1889285714285714,42.34964285714284,106.85321428571432,27.91642857142857,29.243571428571432,1.1075000000000002,64.33178571428572,0.001334,0.000996,0.004249,14.433214285714268,0
370,370,2024-01-04 08:46:47+00:00,2024-01-04 08:46:47+00:00,101.8313793103448,0.1906896551724137,42.348965517241375,112.83551724137928,27.940689655172427,29.309655172413795,1.1589655172413798,64.38689655172416,0.001379,0.00098,0.004303,14.408275862068948,0
371,371,2024-01-04 08:46:49+00:00,2024-01-04 08:46:49+00:00,111.12874999999998,0.1966666666666667,42.43541666666666,123.09958333333336,27.980000000000004,29.48833333333334,1.252916666666667,64.14624999999997,0.00138,0.00096,0.004471,14.455416666666656,0
372,372,2024-01-04 08:46:50+00:00,2024-01-04 08:46:50+00:00,115.92428571428572,0.1985714285714285,42.46035714285716,128.0803571428572,27.972857142857155,29.585357142857152,1.2928571428571427,63.889642857142825,0.001472,0.001023,0.004634,14.4875,0
373,373,2024-01-04 08:46:51+00:00,2024-01-04 08:46:51+00:00,120.82464285714283,0.21,42.42714285714286,134.72642857142856,27.983928571428574,29.64928571428572,1.3417857142857148,63.96535714285714,0.001507,0.001023,0.004733,14.443214285714284,0
374,374,2024-01-04 08:46:53+00:00,2024-01-04 08:46:53+00:00,132.32172413793106,0.1989655172413792,42.463448275862056,145.66275862068966,28.00137931034483,29.81586206896551,1.4365517241379318,63.53586206896552,0.001436,0.000962,0.004739,14.462068965517226,0
375,375,2024-01-04 08:46:54+00:00,2024-01-04 08:46:54+00:00,137.7051724137931,0.2065517241379311,42.55758620689654,150.62275862068964,28.00103448275862,29.927241379310345,1.4734482758620686,63.66896551724139,0.001412,0.000962,0.004682,14.556551724137918,0
376,376,2024-01-04 08:46:55+00:00,2024-01-04 08:46:55+00:00,143.174,0.206,42.515,155.9683333333333,28.03699999999999,29.97366666666666,1.5206666666666666,63.61033333333332,0.001421,0.000993,0.004733,14.478000000000012,0
377,377,2024-01-04 08:46:56+00:00,2024-01-04 08:46:56+00:00,147.83851851851855,0.2196296296296296,42.49777777777777,161.817037037037,28.02888888888888,30.020370370370383,1.5670370370370368,63.40740740740743,0.001429,0.001013,0.004932,14.468888888888891,0
378,378,2024-01-04 08:46:58+00:00,2024-01-04 08:46:58+00:00,157.04857142857148,0.2185714285714286,42.61107142857144,171.9557142857143,28.045000000000005,30.195714285714292,1.6642857142857144,63.35035714285716,0.001528,0.001119,0.005251,14.56607142857143,0
379,379,2024-01-04 08:46:59+00:00,2024-01-04 08:46:59+00:00,162.2426923076923,0.2138461538461538,42.64923076923076,176.8011538461538,28.051923076923064,30.316923076923096,1.7107692307692308,63.03346153846156,0.001556,0.000982,0.005425,14.597307692307698,0
380,380,2024-01-04 08:47:00+00:00,2024-01-04 08:47:00+00:00,166.58000000000004,0.2100000000000001,42.692962962962966,181.80370370370363,28.065555555555548,30.41,1.7485185185185188,63.03888888888891,0.001581,0.001019,0.005509,14.627407407407418,0
381,381,2024-01-04 08:47:02+00:00,2024-01-04 08:47:02+00:00,175.22888888888883,0.217037037037037,42.78962962962963,191.20333333333332,28.102222222222235,30.53518518518517,1.8403703703703709,62.933703703703706,0.001677,0.000997,0.005853,14.687407407407395,0
382,382,2024-01-04 08:47:03+00:00,2024-01-04 08:47:03+00:00,180.3203703703704,0.228888888888889,42.81037037037039,196.15296296296296,28.101111111111123,30.62703703703703,1.8859259259259256,62.96592592592594,0.001727,0.001057,0.005906,14.709259259259262,0
383,383,2024-01-04 08:47:04+00:00,2024-01-04 08:47:04+00:00,184.45423076923075,0.2292307692307691,42.8723076923077,199.79923076923075,28.095,30.69115384615385,1.933076923076924,62.82346153846153,0.001764,0.00103,0.006125,14.777307692307698,0
384,384,2024-01-04 08:47:06+00:00,2024-01-04 08:47:06+00:00,191.7103846153846,0.2296153846153846,42.98961538461539,207.4619230769231,28.12423076923077,30.826538461538465,2.024230769230769,62.82615384615386,0.00176,0.001009,0.006177,14.86538461538462,0
385,385,2024-01-04 08:47:07+00:00,2024-01-04 08:47:07+00:00,195.21833333333336,0.2283333333333333,43.02583333333334,211.86416666666665,28.129166666666663,30.914583333333344,2.0733333333333333,62.63541666666669,0.001848,0.001052,0.006377,14.896666666666672,0
386,386,2024-01-04 08:47:08+00:00,2024-01-04 08:47:08+00:00,196.9957142857143,0.2292857142857144,43.125714285714295,214.235,28.125,30.962142857142855,2.1,62.32,0.001859,0.00102,0.006499,15.0007142857143,0
387,387,2024-01-04 08:47:10+00:00,2024-01-04 08:47:10+00:00,203.2610714285714,0.2278571428571429,43.20357142857144,221.40785714285715,28.16142857142857,31.10142857142857,2.1878571428571427,62.397142857142846,0.001906,0.001044,0.00659,15.04214285714287,0
388,388,2024-01-04 08:47:11+00:00,2024-01-04 08:47:11+00:00,207.2,0.24,43.257,224.6680000000001,28.19133333333333,31.149333333333345,2.2289999999999988,62.40466666666667,0.001939,0.001088,0.006703,15.065666666666669,0
389,389,2024-01-04 08:47:12+00:00,2024-01-04 08:47:12+00:00,208.15000000000003,0.2396551724137931,43.294827586206885,227.4072413793104,28.18758620689656,31.20620689655173,2.2648275862068963,62.18379310344829,0.001947,0.001055,0.006824,15.107241379310327,0
390,390,2024-01-04 08:47:14+00:00,2024-01-04 08:47:14+00:00,213.93400000000008,0.2428000000000001,43.527200000000015,231.9788,28.217200000000005,31.34080000000001,2.3264000000000005,62.00719999999998,0.001981,0.001069,0.006911,15.31000000000001,0
391,391,2024-01-04 08:47:16+00:00,2024-01-04 08:47:16+00:00,215.67200000000005,0.2348000000000001,43.63639999999999,234.1512,28.20520000000001,31.41359999999999,2.3684000000000007,62.34040000000001,0.001983,0.001066,0.006977,15.43119999999998,0
392,392,2024-01-04 08:47:17+00:00,2024-01-04 08:47:17+00:00,217.0826666666667,0.2423333333333332,43.67400000000001,236.23766666666663,28.20933333333335,31.435333333333343,2.393333333333332,62.554666666666655,0.001972,0.001031,0.00706,15.464666666666655,0
393,393,2024-01-04 08:47:19+00:00,2024-01-04 08:47:19+00:00,218.91074074074075,0.2359259259259259,43.78666666666667,237.75888888888892,28.24851851851852,31.492592592592587,2.431851851851852,61.83592592592591,0.001977,0.001033,0.00703,15.538148148148151,0
394,394,2024-01-04 08:47:25+00:00,2024-01-04 08:47:25+00:00,216.0248275862069,0.2400000000000001,44.21137931034482,235.334827586207,28.278965517241367,31.58,2.4275862068965526,62.28,0.001917,0.001052,0.006896,15.93241379310345,0
395,395,2024-01-04 08:47:27+00:00,2024-01-04 08:47:27+00:00,212.7984615384616,0.2365384615384616,44.31846153846155,232.27269230769235,28.309615384615384,31.59423076923077,2.3788461538461543,62.31038461538462,0.001883,0.001091,0.006815,16.008846153846164,0
396,396,2024-01-04 08:47:28+00:00,2024-01-04 08:47:28+00:00,211.96000000000004,0.2360714285714285,44.39035714285715,230.90857142857132,28.307499999999997,31.61892857142857,2.365357142857143,62.08535714285716,0.001868,0.001058,0.006729,16.082857142857154,0
397,397,2024-01-04 08:47:29+00:00,2024-01-04 08:47:29+00:00,210.09620689655168,0.2327586206896553,44.45275862068965,228.1955172413793,28.33000000000001,31.60275862068965,2.327931034482759,62.2441379310345,0.001856,0.001039,0.006623,16.12275862068964,0
398,398,2024-01-04 08:47:31+00:00,2024-01-04 08:47:31+00:00,205.2724000000001,0.2328,44.5124,222.8396,28.34240000000001,31.55039999999999,2.2704,62.4392,0.00181,0.001027,0.006532,16.16999999999999,0
399,399,2024-01-04 08:47:32+00:00,2024-01-04 08:47:32+00:00,201.8207407407408,0.2377777777777778,44.576296296296285,220.6240740740741,28.36703703703704,31.549999999999997,2.2355555555555555,62.59074074074074,0.001842,0.000996,0.006435,16.209259259259245,0
400,400,2024-01-04 08:47:33+00:00,2024-01-04 08:47:33+00:00,198.7140740740741,0.2403703703703704,44.59111111111112,217.58148148148155,28.37925925925926,31.528888888888883,2.1974074074074075,62.44481481481479,0.00181,0.001044,0.006399,16.211851851851858,0
401,401,2024-01-04 08:47:34+00:00,2024-01-04 08:47:34+00:00,195.0616666666667,0.2270833333333334,44.65625,213.64749999999995,28.38208333333333,31.53125,2.1541666666666663,62.66916666666665,0.001735,0.001026,0.006248,16.27416666666667,0
402,402,2024-01-04 08:47:36+00:00,2024-01-04 08:47:36+00:00,189.4632258064516,0.2116129032258064,44.692580645161314,206.30419354838705,28.404516129032253,31.47645161290322,2.065806451612903,62.61096774193549,0.001705,0.001031,0.006042,16.28806451612906,0
403,403,2024-01-04 08:47:37+00:00,2024-01-04 08:47:37+00:00,185.39153846153843,0.2234615384615385,44.677692307692304,202.2873076923076,28.40538461538461,31.37576923076923,2.0192307692307687,62.75769230769231,0.001719,0.001033,0.005963,16.272307692307695,0
404,404,2024-01-04 08:47:38+00:00,2024-01-04 08:47:38+00:00,181.31,0.2084615384615385,44.70884615384618,197.6684615384615,28.400384615384613,31.338461538461534,1.965769230769232,63.018461538461565,0.001585,0.001002,0.005741,16.308461538461568,0
405,405,2024-01-04 08:47:40+00:00,2024-01-04 08:47:40+00:00,173.18296296296296,0.2233333333333334,44.69222222222223,189.51481481481483,28.4377777777778,31.25629629629629,1.893333333333334,63.204444444444434,0.001585,0.001,0.005591,16.25444444444443,0
406,406,2024-01-04 08:47:41+00:00,2024-01-04 08:47:41+00:00,168.31777777777782,0.2277777777777778,44.71407407407408,184.3155555555556,28.45555555555557,31.23185185185185,1.831851851851852,63.20407407407408,0.001507,0.000983,0.005402,16.258518518518514,0
407,407,2024-01-04 08:47:42+00:00,2024-01-04 08:47:42+00:00,162.61517241379312,0.2017241379310345,44.74896551724137,179.02793103448278,28.453793103448287,31.18310344827585,1.7927586206896555,63.0593103448276,0.001517,0.001029,0.005279,16.295172413793086,0
408,408,2024-01-04 08:47:44+00:00,2024-01-04 08:47:44+00:00,154.60888888888883,0.2159259259259259,44.715185185185184,169.26888888888885,28.47703703703705,31.068148148148143,1.7088888888888885,63.37740740740743,0.001447,0.001028,0.004979,16.238148148148134,0
409,409,2024-01-04 08:47:45+00:00,2024-01-04 08:47:45+00:00,147.83259259259265,0.2107407407407407,44.71407407407409,163.45629629629627,28.50333333333333,30.97740740740741,1.6570370370370369,63.50777777777779,0.001413,0.000975,0.004875,16.21074074074076,0
410,410,2024-01-04 08:47:46+00:00,2024-01-04 08:47:46+00:00,142.65,0.2114285714285713,44.70428571428573,157.80607142857144,28.490714285714287,30.904642857142868,1.616785714285715,63.5425,0.001392,0.000948,0.004782,16.213571428571438,0
411,411,2024-01-04 08:47:48+00:00,2024-01-04 08:47:48+00:00,132.9348148148148,0.2033333333333334,44.641481481481485,148.38111111111115,28.49037037037037,30.79037037037037,1.5218518518518522,64.15259259259257,0.001389,0.00098,0.004576,16.15111111111111,0
412,412,2024-01-04 08:47:49+00:00,2024-01-04 08:47:49+00:00,128.11222222222227,0.2081481481481482,44.61555555555556,142.67074074074074,28.492592592592597,30.71666666666667,1.4785185185185186,63.85666666666665,0.001352,0.001014,0.004413,16.122962962962966,0
413,413,2024-01-04 08:47:50+00:00,2024-01-04 08:47:50+00:00,122.95642857142856,0.2024999999999999,44.63571428571431,137.33857142857144,28.492857142857144,30.66428571428571,1.433214285714285,63.96607142857143,0.00135,0.000945,0.004413,16.142857142857164,0
414,414,2024-01-04 08:47:52+00:00,2024-01-04 08:47:52+00:00,113.2926923076923,0.1980769230769231,44.5453846153846,126.36615384615384,28.52423076923077,30.55230769230769,1.346923076923077,64.37307692307692,0.001323,0.000979,0.004372,16.02115384615383,0
415,415,2024-01-04 08:47:53+00:00,2024-01-04 08:47:53+00:00,106.1617857142857,0.1946428571428571,44.53357142857143,120.67071428571433,28.537499999999984,30.440357142857152,1.2925000000000004,64.48678571428573,0.001374,0.001012,0.004341,15.996071428571444,0
416,416,2024-01-04 08:47:54+00:00,2024-01-04 08:47:54+00:00,102.82178571428572,0.1892857142857142,44.52035714285714,114.6614285714286,28.53749999999999,30.44,1.2478571428571426,64.68250000000002,0.001297,0.000935,0.004299,15.982857142857153,0
417,417,2024-01-04 08:47:55+00:00,2024-01-04 08:47:55+00:00,97.26166666666666,0.20125,44.44333333333335,109.69083333333332,28.54958333333332,30.32875000000001,1.1970833333333333,64.44083333333334,0.001321,0.000966,0.004255,15.89375000000003,0
418,418,2024-01-04 08:47:57+00:00,2024-01-04 08:47:57+00:00,87.45285714285714,0.1821428571428572,44.36571428571428,98.56428571428572,28.56250000000001,30.18178571428572,1.1003571428571424,64.755,0.001279,0.000954,0.004065,15.803214285714263,0
419,419,2024-01-04 08:47:58+00:00,2024-01-04 08:47:58+00:00,82.43827586206893,0.1917241379310344,44.30517241379309,93.63103448275862,28.582758620689667,30.122413793103444,1.0486206896551729,64.71517241379311,0.001201,0.000916,0.003881,15.72241379310342,0
420,420,2024-01-04 08:47:59+00:00,2024-01-04 08:47:59+00:00,76.8862962962963,0.1785185185185186,44.2374074074074,88.64222222222227,28.59185185185187,30.0125925925926,0.9999999999999998,64.76851851851853,0.00126,0.00097,0.00391,15.645555555555523,0
421,421,2024-01-04 08:48:01+00:00,2024-01-04 08:48:01+00:00,67.88259259259262,0.1774074074074074,44.20518518518519,78.32074074074073,28.60814814814815,29.96222222222222,0.8992592592592593,65.10074074074073,0.001175,0.000899,0.00368,15.597037037037037,0
422,422,2024-01-04 08:48:02+00:00,2024-01-04 08:48:02+00:00,63.28679999999999,0.1812,44.12479999999999,73.76880000000001,28.613600000000005,29.9248,0.2980000000000001,65.04800000000002,0.001211,0.000921,0.00365,15.511199999999988,0
423,423,2024-01-04 08:48:03+00:00,2024-01-04 08:48:03+00:00,59.747692307692304,0.1861538461538461,44.10346153846153,69.38576923076923,28.627692307692307,29.88115384615385,0.2392307692307693,65.17961538461539,0.001154,0.000875,0.003423,15.475769230769224,0
424,424,2024-01-04 08:48:05+00:00,2024-01-04 08:48:05+00:00,51.86214285714285,0.1785714285714285,43.99750000000001,61.57464285714286,28.670357142857146,29.76285714285714,0.2375000000000001,65.37000000000002,0.001102,0.000858,0.003371,15.327142857142867,0
425,425,2024-01-04 08:48:06+00:00,2024-01-04 08:48:06+00:00,46.86758620689654,0.1744827586206896,43.96551724137933,56.72103448275863,28.656206896551712,29.71551724137933,0.2368965517241381,65.23896551724138,0.001083,0.000871,0.003227,15.309310344827612,0
426,426,2024-01-04 08:48:07+00:00,2024-01-04 08:48:07+00:00,43.798,0.1776,43.903200000000005,53.60680000000002,28.677599999999995,29.6468,0.2324000000000001,65.594,0.001021,0.000816,0.003077,15.22560000000001,0
427,427,2024-01-04 08:48:09+00:00,2024-01-04 08:48:09+00:00,38.15576923076921,0.1746153846153846,43.83730769230769,46.03346153846154,28.694615384615386,29.611538461538466,0.2315384615384616,65.74576923076923,0.001061,0.00087,0.003042,15.142692307692304,0
428,428,2024-01-04 08:48:10+00:00,2024-01-04 08:48:10+00:00,35.414516129032265,0.1648387096774194,43.76290322580645,43.33677419354838,28.70645161290323,29.52193548387097,0.2364516129032259,65.8958064516129,0.001053,0.000856,0.003019,15.056451612903215,0
429,429,2024-01-04 08:48:11+00:00,2024-01-04 08:48:11+00:00,32.35259259259259,0.1762962962962962,43.70518518518519,40.12925925925925,28.71666666666668,29.51296296296296,0.2337037037037038,65.77814814814815,0.000986,0.000803,0.002945,14.988518518518507,0
430,430,2024-01-04 08:48:13+00:00,2024-01-04 08:48:13+00:00,28.292380952380945,0.1685714285714285,43.60809523809523,34.92809523809525,28.7547619047619,29.42,0.2328571428571429,65.83142857142859,0.00098,0.000825,0.002844,14.853333333333332,0
431,431,2024-01-04 08:48:14+00:00,2024-01-04 08:48:14+00:00,25.132307692307684,0.1684615384615384,43.48846153846153,32.01692307692308,28.761538461538457,29.35615384615385,0.2338461538461538,65.87076923076923,0.001018,0.000897,0.002775,14.726923076923072,0
432,432,2024-01-04 08:48:15+00:00,2024-01-04 08:48:15+00:00,23.883703703703716,0.1725925925925926,43.52074074074075,31.897777777777783,28.760740740740736,29.37444444444445,0.2325925925925927,66.03851851851852,0.000972,0.00082,0.002785,14.760000000000012,0
433,433,2024-01-04 08:48:16+00:00,2024-01-04 08:48:16+00:00,22.26888888888889,0.1699999999999999,43.49074074074074,30.167777777777783,28.761851851851848,29.342592592592585,0.234814814814815,65.90481481481483,0.001025,0.000889,0.002789,14.728888888888893,0
434,434,2024-01-04 08:48:18+00:00,2024-01-04 08:48:18+00:00,19.925000000000004,0.1721428571428571,43.39821428571428,27.53821428571428,28.76357142857142,29.315357142857145,0.2300000000000001,66.15035714285713,0.00101,0.000837,0.00277,14.63464285714286,0
435,435,2024-01-04 08:48:19+00:00,2024-01-04 08:48:19+00:00,20.598518518518517,0.1629629629629629,43.34925925925927,26.762962962962973,28.78185185185184,29.301481481481485,0.2300000000000001,65.96074074074076,0.00099,0.000765,0.002719,14.56740740740743,0
436,436,2024-01-04 08:48:20+00:00,2024-01-04 08:48:20+00:00,19.59777777777778,0.1796296296296297,43.33592592592591,26.997407407407408,28.789999999999992,29.27925925925926,0.2307407407407408,66.30259259259259,0.001028,0.000838,0.002723,14.54592592592592,0
437,437,2024-01-04 08:48:22+00:00,2024-01-04 08:48:22+00:00,20.092500000000005,0.1667857142857143,43.20499999999999,27.175,28.798214285714277,29.27642857142857,0.2350000000000001,66.04821428571427,0.000943,0.000741,0.002746,14.406785714285718,0
438,438,2024-01-04 08:48:23+00:00,2024-01-04 08:48:23+00:00,20.710740740740736,0.1618518518518518,43.24,26.97074074074074,28.781851851851847,29.238518518518507,0.2303703703703705,66.00592592592595,0.00106,0.000811,0.002732,14.458148148148148,0
439,439,2024-01-04 08:48:24+00:00,2024-01-04 08:48:24+00:00,21.461071428571437,0.1735714285714285,43.16107142857145,28.196785714285717,28.79714285714285,29.23214285714285,0.2325000000000001,66.16392857142857,0.000972,0.000777,0.002782,14.363928571428596,0
440,440,2024-01-04 08:48:26+00:00,2024-01-04 08:48:26+00:00,22.63740740740741,0.1577777777777777,43.12629629629631,30.48222222222223,28.80074074074074,29.25333333333333,0.2300000000000001,65.85555555555555,0.001022,0.000871,0.002848,14.325555555555573,0
441,441,2024-01-04 08:48:27+00:00,2024-01-04 08:48:27+00:00,24.96653846153847,0.1757692307692307,43.182692307692335,31.820384615384604,28.81615384615385,29.30192307692309,0.2353846153846155,65.75192307692308,0.00102,0.000822,0.002875,14.36653846153849,0
442,442,2024-01-04 08:48:28+00:00,2024-01-04 08:48:28+00:00,26.76884615384616,0.1730769230769231,43.165,33.855384615384615,28.82346153846155,29.325384615384618,0.2392307692307693,65.99923076923079,0.00103,0.000784,0.002905,14.341538461538448,0
443,443,2024-01-04 08:48:30+00:00,2024-01-04 08:48:30+00:00,30.89413793103449,0.183448275862069,43.10517241379309,38.41137931034483,28.82310344827587,29.393448275862085,0.2334482758620691,65.72068965517244,0.001075,0.000852,0.002948,14.282068965517222,0
444,444,2024-01-04 08:48:31+00:00,2024-01-04 08:48:31+00:00,33.81814814814814,0.1614814814814814,43.1037037037037,40.77703703703705,28.85444444444445,29.41148148148148,0.2348148148148149,65.56666666666665,0.001069,0.000871,0.003024,14.24925925925925,0
445,445,2024-01-04 08:48:32+00:00,2024-01-04 08:48:32+00:00,36.60935483870967,0.172258064516129,43.12677419354839,43.49161290322581,28.848064516129043,29.46129032258065,0.2377419354838711,65.79290322580646,0.00107,0.000883,0.003098,14.27870967741935,0
446,446,2024-01-04 08:48:33+00:00,2024-01-04 08:48:33+00:00,39.43607142857143,0.1664285714285715,43.15857142857144,46.96285714285714,28.845,29.534285714285726,0.2314285714285715,65.49107142857143,0.001075,0.000849,0.003163,14.31357142857144,0
447,447,2024-01-04 08:48:35+00:00,2024-01-04 08:48:35+00:00,46.449666666666666,0.1833333333333333,43.083666666666666,54.33433333333334,28.857333333333333,29.575000000000003,0.2393333333333334,65.48933333333335,0.001142,0.000861,0.00332,14.226333333333333,0
448,448,2024-01-04 08:48:36+00:00,2024-01-04 08:48:36+00:00,49.90115384615384,0.1842307692307693,43.16769230769231,58.450769230769225,28.868076923076924,29.63615384615385,0.2365384615384616,65.34307692307692,0.00112,0.000862,0.003358,14.299615384615382,0
449,449,2024-01-04 08:48:37+00:00,2024-01-04 08:48:37+00:00,53.51925925925925,0.1814814814814813,43.154814814814834,62.62703703703705,28.89851851851851,29.694074074074084,0.2337037037037038,65.1851851851852,0.001286,0.000951,0.003559,14.256296296296323,0
450,450,2024-01-04 08:48:39+00:00,2024-01-04 08:48:39+00:00,62.21653846153846,0.19,43.134230769230776,71.02884615384617,28.897307692307685,29.80461538461537,0.233846153846154,65.17115384615384,0.001189,0.000921,0.003617,14.236923076923093,0
451,451,2024-01-04 08:48:40+00:00,2024-01-04 08:48:40+00:00,66.17444444444445,0.1937037037037036,43.12074074074073,75.8714814814815,28.93000000000001,29.835555555555555,0.4548148148148148,65.03407407407407,0.001209,0.000851,0.003781,14.190740740740717,0
452,452,2024-01-04 08:48:41+00:00,2024-01-04 08:48:41+00:00,71.41923076923077,0.18,43.14269230769232,80.09192307692305,28.931538461538448,29.942692307692298,0.7430769230769231,64.90884615384616,0.001254,0.000934,0.003826,14.211153846153866,0
453,453,2024-01-04 08:48:43+00:00,2024-01-04 08:48:43+00:00,80.2237931034483,0.1962068965517242,43.13896551724136,89.62103448275863,28.94965517241381,30.04379310344828,0.98,64.84068965517243,0.001356,0.000957,0.004093,14.189310344827554,0
454,454,2024-01-04 08:48:44+00:00,2024-01-04 08:48:44+00:00,84.85107142857146,0.1921428571428571,43.16857142857143,95.3092857142857,28.958928571428576,30.138214285714295,1.0242857142857142,64.69714285714285,0.0013,0.00097,0.004137,14.209642857142857,0
455,455,2024-01-04 08:48:45+00:00,2024-01-04 08:48:45+00:00,89.82791666666667,0.2070833333333333,43.14333333333334,100.40458333333332,28.95583333333333,30.15791666666668,1.0770833333333336,64.76833333333333,0.001343,0.000981,0.004152,14.187500000000004,0
456,456,2024-01-04 08:48:47+00:00,2024-01-04 08:48:47+00:00,99.42319999999997,0.204,43.153200000000005,110.84280000000004,28.97720000000001,30.356799999999996,1.1672000000000002,64.09720000000002,0.001389,0.000972,0.004339,14.175999999999997,0
457,457,2024-01-04 08:48:48+00:00,2024-01-04 08:48:48+00:00,105.82642857142854,0.1824999999999999,43.18714285714287,116.10821428571428,28.981785714285728,30.45035714285714,1.2221428571428572,64.29249999999998,0.001427,0.000975,0.004493,14.20535714285714,0
458,458,2024-01-04 08:48:49+00:00,2024-01-04 08:48:49+00:00,109.77600000000004,0.1953333333333333,43.18966666666668,121.65799999999996,28.975666666666672,30.506333333333323,1.266333333333333,64.34433333333331,0.001463,0.00096,0.004648,14.214000000000002,0
459,459,2024-01-04 08:48:51+00:00,2024-01-04 08:48:51+00:00,120.23925925925931,0.1962962962962963,43.22000000000001,133.43222222222224,29.0137037037037,30.62999999999999,1.3644444444444446,63.9451851851852,0.001504,0.00099,0.004779,14.206296296296312,0
460,460,2024-01-04 08:48:52+00:00,2024-01-04 08:48:52+00:00,124.75919999999996,0.1964,43.2764,138.15279999999998,29.017199999999992,30.8244,1.4044,63.967200000000005,0.001497,0.000984,0.00484,14.259200000000003,0
461,461,2024-01-04 08:48:53+00:00,2024-01-04 08:48:53+00:00,131.34833333333333,0.1903333333333333,43.22266666666666,143.98133333333334,29.043666666666653,30.861000000000008,1.4466666666666663,63.524,0.001442,0.00102,0.004764,14.17900000000001,0
462,462,2024-01-04 08:48:54+00:00,2024-01-04 08:48:54+00:00,136.84925925925924,0.2085185185185185,43.27777777777778,149.9833333333333,29.0411111111111,30.967037037037034,1.5037037037037049,63.84444444444442,0.001408,0.000958,0.004736,14.23666666666668,0
463,463,2024-01-04 08:48:56+00:00,2024-01-04 08:48:56+00:00,146.6148275862069,0.2251724137931034,43.35206896551723,160.90034482758622,29.062758620689667,31.132068965517245,1.5913793103448284,63.54379310344827,0.001441,0.000972,0.004834,14.289310344827566,0
464,464,2024-01-04 08:48:57+00:00,2024-01-04 08:48:57+00:00,151.58615384615382,0.2080769230769232,43.36384615384615,166.33307692307693,29.05038461538462,31.19346153846153,1.644230769230769,63.55692307692308,0.001504,0.001002,0.005064,14.313461538461528,0
465,465,2024-01-04 08:48:58+00:00,2024-01-04 08:48:58+00:00,155.7927586206897,0.2144827586206897,43.38413793103447,171.30965517241376,29.08344827586207,31.252413793103443,1.6889655172413804,63.3951724137931,0.001543,0.000966,0.005368,14.300689655172402,0
466,466,2024-01-04 08:49:00+00:00,2024-01-04 08:49:00+00:00,167.0924137931034,0.2127586206896552,43.50275862068966,181.2720689655173,29.10758620689656,31.4748275862069,1.7834482758620689,63.107931034482746,0.001554,0.000996,0.005432,14.395172413793103,0
467,467,2024-01-04 08:49:01+00:00,2024-01-04 08:49:01+00:00,170.85750000000004,0.2125,43.54000000000001,185.6995833333334,29.11625,31.545416666666664,1.8220833333333335,63.09041666666666,0.001632,0.000998,0.005711,14.423750000000016,0
468,468,2024-01-04 08:49:02+00:00,2024-01-04 08:49:02+00:00,174.87346153846158,0.2323076923076923,43.50038461538462,190.0661538461538,29.13923076923076,31.558461538461536,1.867692307692308,62.94269230769232,0.001699,0.00101,0.005852,14.361153846153858,0
469,469,2024-01-04 08:49:04+00:00,2024-01-04 08:49:04+00:00,183.7629629629629,0.2244444444444445,43.65296296296296,199.4188888888889,29.134444444444444,31.73074074074074,1.9659259259259256,62.5948148148148,0.001735,0.001035,0.006044,14.518518518518515,0
470,470,2024-01-04 08:49:05+00:00,2024-01-04 08:49:05+00:00,186.78259259259252,0.2292592592592592,43.70296296296298,202.51555555555555,29.136666666666656,31.793703703703702,2.0140740740740743,62.70888888888887,0.001769,0.001027,0.006132,14.566296296296322,0
471,471,2024-01-04 08:49:06+00:00,2024-01-04 08:49:06+00:00,189.73,0.2261538461538462,43.77384615384616,206.73,29.15653846153845,31.90192307692309,2.066153846153846,62.98346153846155,0.001835,0.001053,0.006368,14.617307692307708,0
472,472,2024-01-04 08:49:08+00:00,2024-01-04 08:49:08+00:00,197.01785714285717,0.2332142857142857,43.89928571428573,214.05392857142857,29.191785714285736,32.02678571428571,2.1496428571428567,62.467857142857135,0.001815,0.001036,0.006413,14.707499999999996,0
473,473,2024-01-04 08:49:09+00:00,2024-01-04 08:49:09+00:00,200.585,0.2311538461538463,43.94576923076924,217.5438461538461,29.186538461538472,32.065384615384616,2.195769230769231,62.61346153846154,0.001896,0.001089,0.006535,14.759230769230763,0
474,474,2024-01-04 08:49:10+00:00,2024-01-04 08:49:10+00:00,203.6944444444444,0.2351851851851852,44.01962962962962,221.0022222222221,29.18925925925926,32.1311111111111,2.228148148148149,62.47074074074076,0.001918,0.001076,0.006688,14.83037037037036,0
475,475,2024-01-04 08:49:11+00:00,2024-01-04 08:49:11+00:00,207.3875,0.2260714285714285,44.0525,223.4607142857142,29.201785714285723,32.192142857142855,2.268571428571429,62.15321428571429,0.001915,0.001041,0.006743,14.850714285714272,0
476,476,2024-01-04 08:49:13+00:00,2024-01-04 08:49:13+00:00,210.33740740740737,0.2440740740740741,44.1611111111111,228.49222222222213,29.22851851851852,32.27148148148147,2.3377777777777777,62.40518518518519,0.001953,0.001071,0.006781,14.932592592592576,0
477,477,2024-01-04 08:49:14+00:00,2024-01-04 08:49:14+00:00,212.29137931034475,0.2331034482758621,44.23344827586205,230.2337931034483,29.243793103448283,32.34620689655173,2.363793103448275,62.10620689655173,0.001966,0.001073,0.006843,14.98965517241377,0
478,478,2024-01-04 08:49:18+00:00,2024-01-04 08:49:18+00:00,217.88153846153855,0.2234615384615384,44.48615384615384,235.87846153846152,29.268846153846145,32.49307692307693,2.470384615384615,62.00730769230768,0.001996,0.00102,0.00704,15.217307692307696,0
479,479,2024-01-04 08:49:22+00:00,2024-01-04 08:49:22+00:00,218.48310344827587,0.230344827586207,44.79586206896551,236.72931034482755,29.31206896551725,32.59275862068965,2.489310344827587,62.27758620689655,0.001987,0.00104,0.007041,15.483793103448257,0
480,480,2024-01-04 08:49:23+00:00,2024-01-04 08:49:23+00:00,218.73466666666675,0.237,44.89500000000002,237.21633333333327,29.32000000000001,32.61266666666667,2.502666666666666,62.04633333333333,0.001969,0.001067,0.006977,15.575000000000005,0
481,481,2024-01-04 08:49:25+00:00,2024-01-04 08:49:25+00:00,216.55307692307684,0.2430769230769232,45.023076923076914,235.46961538461545,29.30615384615383,32.6146153846154,2.4853846153846137,62.39192307692307,0.001901,0.001054,0.006878,15.716923076923084,0
482,482,2024-01-04 08:49:26+00:00,2024-01-04 08:49:26+00:00,216.6575,0.2275,45.01285714285716,234.23857142857145,29.33571428571429,32.60892857142857,2.470357142857143,62.02607142857143,0.001946,0.001058,0.006887,15.677142857142869,0
483,483,2024-01-04 08:49:27+00:00,2024-01-04 08:49:27+00:00,214.59880000000004,0.2404,45.1232,232.33880000000008,29.33240000000001,32.63759999999999,2.4508,62.2972,0.001898,0.001084,0.006787,15.790799999999988,0
484,484,2024-01-04 08:49:29+00:00,2024-01-04 08:49:29+00:00,210.6058064516129,0.237741935483871,45.23612903225808,228.2709677419354,29.35,32.62774193548388,2.394193548387096,62.37032258064519,0.001841,0.001029,0.006688,15.886129032258076,0
485,485,2024-01-04 08:49:30+00:00,2024-01-04 08:49:30+00:00,208.33407407407407,0.2544444444444443,45.275925925925904,226.84888888888884,29.3625925925926,32.62555555555556,2.3596296296296297,62.7062962962963,0.001852,0.001093,0.006585,15.913333333333306,0
486,486,2024-01-04 08:49:31+00:00,2024-01-04 08:49:31+00:00,205.895925925926,0.2255555555555556,45.28592592592593,222.89592592592587,29.38333333333333,32.5662962962963,2.3259259259259264,62.33037037037035,0.001851,0.00104,0.006548,15.902592592592605,0
487,487,2024-01-04 08:49:32+00:00,2024-01-04 08:49:32+00:00,202.97814814814825,0.2414814814814814,45.36481481481482,221.09111111111116,29.389629629629628,32.598518518518524,2.298518518518518,62.56666666666667,0.001798,0.00104,0.00642,15.975185185185191,0
488,488,2024-01-04 08:49:34+00:00,2024-01-04 08:49:34+00:00,196.3485185185185,0.2425925925925927,45.457777777777785,214.50111111111116,29.4074074074074,32.523703703703696,2.2062962962962964,62.9037037037037,0.001784,0.00106,0.006275,16.050370370370388,0
489,489,2024-01-04 08:49:35+00:00,2024-01-04 08:49:35+00:00,193.57172413793103,0.2179310344827586,45.44551724137931,210.3293103448277,29.40827586206895,32.503793103448274,2.16655172413793,62.6003448275862,0.001735,0.001007,0.006232,16.037241379310355,0
490,490,2024-01-04 08:49:36+00:00,2024-01-04 08:49:36+00:00,189.86961538461537,0.2234615384615385,45.49230769230769,206.78961538461533,29.41461538461538,32.47884615384615,2.123076923076923,63.12423076923076,0.001698,0.00101,0.005997,16.07769230769231,0
491,491,2024-01-04 08:49:38+00:00,2024-01-04 08:49:38+00:00,181.2167741935484,0.2138709677419354,45.48806451612904,198.06129032258056,29.446451612903235,32.35096774193547,2.0180645161290323,62.94774193548387,0.001703,0.001017,0.005948,16.041612903225808,0
492,492,2024-01-04 08:49:39+00:00,2024-01-04 08:49:39+00:00,177.87439999999995,0.2152,45.474,193.57800000000003,29.452800000000007,32.322,1.9808,63.162000000000006,0.001641,0.001031,0.005732,16.02119999999999,0
493,493,2024-01-04 08:49:40+00:00,2024-01-04 08:49:40+00:00,173.5355555555556,0.2133333333333332,45.48296296296295,188.9788888888889,29.469259259259275,32.30074074074073,1.9318518518518517,63.159629629629634,0.001557,0.001005,0.005523,16.013703703703676,0
494,494,2024-01-04 08:49:42+00:00,2024-01-04 08:49:42+00:00,163.86142857142858,0.2096428571428572,45.50857142857143,179.0603571428571,29.47714285714287,32.193928571428565,1.8364285714285715,63.15678571428572,0.001571,0.001014,0.005486,16.03142857142856,0
495,495,2024-01-04 08:49:43+00:00,2024-01-04 08:49:43+00:00,158.31538461538463,0.2203846153846154,45.49615384615384,174.96499999999995,29.48269230769232,32.12192307692308,1.7923076923076933,63.67038461538463,0.001496,0.001008,0.005219,16.01346153846152,0
496,496,2024-01-04 08:49:44+00:00,2024-01-04 08:49:44+00:00,154.44730769230767,0.2161538461538462,45.47846153846155,170.2265384615384,29.505769230769225,32.073076923076925,1.7430769230769223,63.36,0.001498,0.000966,0.00497,15.972692307692329,0
497,497,2024-01-04 08:49:46+00:00,2024-01-04 08:49:46+00:00,144.84137931034485,0.22,45.50241379310346,158.92517241379306,29.528620689655163,31.97655172413793,1.6510344827586212,63.86689655172412,0.001389,0.000973,0.004799,15.973793103448294,0
498,498,2024-01-04 08:49:47+00:00,2024-01-04 08:49:47+00:00,139.60000000000005,0.2024,45.4884,153.90799999999996,29.5312,31.907200000000003,1.6072000000000002,63.51120000000001,0.001361,0.000986,0.004715,15.9572,0
499,499,2024-01-04 08:49:48+00:00,2024-01-04 08:49:48+00:00,133.0403333333333,0.2063333333333334,45.45333333333336,148.03133333333332,29.53199999999999,31.798666666666676,1.5590000000000002,63.74033333333332,0.001379,0.000968,0.004586,15.921333333333363,0
500,500,2024-01-04 08:49:49+00:00,2024-01-04 08:49:49+00:00,128.34840000000003,0.2035999999999999,45.44999999999999,143.14320000000006,29.533199999999987,31.781600000000008,1.5108,64.0772,0.001341,0.001036,0.004558,15.916800000000002,0
501,501,2024-01-04 08:49:51+00:00,2024-01-04 08:49:51+00:00,118.9933333333333,0.2033333333333334,45.42466666666668,132.07866666666666,29.544999999999995,31.661666666666665,1.4266666666666663,64.253,0.001337,0.000974,0.004523,15.879666666666688,0
502,502,2024-01-04 08:49:52+00:00,2024-01-04 08:49:52+00:00,113.93249999999998,0.1946428571428571,45.32357142857142,126.27892857142857,29.554999999999986,31.57642857142857,1.3771428571428572,64.41642857142857,0.001327,0.001011,0.004419,15.768571428571438,0
503,503,2024-01-04 08:49:53+00:00,2024-01-04 08:49:53+00:00,107.44846153846152,0.1923076923076924,45.2726923076923,120.60076923076925,29.55730769230768,31.49346153846153,1.3307692307692305,64.41576923076924,0.001349,0.001004,0.004374,15.715384615384622,0
504,504,2024-01-04 08:49:55+00:00,2024-01-04 08:49:55+00:00,97.68777777777775,0.1814814814814815,45.21037037037037,109.7255555555556,29.564814814814824,31.35666666666666,1.2348148148148146,64.62703703703703,0.001351,0.000981,0.004372,15.645555555555546,0
505,505,2024-01-04 08:49:56+00:00,2024-01-04 08:49:56+00:00,92.9096153846154,0.1950000000000001,45.21269230769232,104.63153846153844,29.560769230769225,31.283076923076926,1.1842307692307694,64.85499999999999,0.001333,0.000976,0.00419,15.65192307692309,0
506,506,2024-01-04 08:49:57+00:00,2024-01-04 08:49:57+00:00,87.03185185185187,0.1903703703703703,45.143703703703714,99.18814814814816,29.577407407407414,31.214814814814822,1.1292592592592592,64.57407407407409,0.0013,0.000967,0.004056,15.5662962962963,0
507,507,2024-01-04 08:49:59+00:00,2024-01-04 08:49:59+00:00,77.83615384615383,0.1857692307692307,45.06346153846153,89.29846153846157,29.58807692307693,31.12461538461539,1.0330769230769232,64.69076923076923,0.001228,0.000892,0.003986,15.475384615384602,0
508,508,2024-01-04 08:50:00+00:00,2024-01-04 08:50:00+00:00,73.22111111111113,0.174074074074074,45.02518518518518,83.80703703703703,29.590000000000007,31.04296296296296,0.9811111111111112,64.77111111111111,0.001232,0.000948,0.00385,15.435185185185173,0
509,509,2024-01-04 08:50:01+00:00,2024-01-04 08:50:01+00:00,68.87384615384613,0.1865384615384615,44.96038461538462,78.79076923076924,29.60653846153846,30.982692307692325,0.9350000000000004,65.22923076923077,0.001165,0.000892,0.003692,15.35384615384616,0
510,510,2024-01-04 08:50:03+00:00,2024-01-04 08:50:03+00:00,60.105925925925945,0.1748148148148148,44.84555555555558,69.75666666666667,29.624814814814812,30.83074074074074,0.2592592592592593,65.25555555555556,0.001172,0.0009,0.003602,15.220740740740762,0
511,511,2024-01-04 08:50:04+00:00,2024-01-04 08:50:04+00:00,55.78214285714285,0.1739285714285714,44.83785714285714,64.55714285714288,29.6225,30.797499999999992,0.2400000000000001,65.46535714285714,0.001118,0.000864,0.00343,15.215357142857137,0
512,512,2024-01-04 08:50:05+00:00,2024-01-04 08:50:05+00:00,51.7984,0.1735999999999999,44.75120000000001,60.5952,29.6232,30.775199999999995,0.2400000000000001,65.57199999999999,0.001096,0.000887,0.003295,15.128000000000014,0
513,513,2024-01-04 08:50:07+00:00,2024-01-04 08:50:07+00:00,45.04642857142857,0.1825,44.65285714285714,54.26321428571431,29.65857142857141,30.630357142857143,0.2382142857142858,65.74642857142855,0.001021,0.000799,0.00317,14.99428571428573,0
514,514,2024-01-04 08:50:08+00:00,2024-01-04 08:50:08+00:00,41.971428571428575,0.1696428571428571,44.618214285714274,49.28857142857142,29.665714285714284,30.62357142857143,0.2428571428571429,65.72464285714284,0.001073,0.00083,0.003098,14.95249999999999,0
515,515,2024-01-04 08:50:09+00:00,2024-01-04 08:50:09+00:00,38.29208333333334,0.19375,44.54916666666666,46.605,29.680833333333325,30.54416666666666,0.2404166666666668,66.01124999999998,0.001004,0.000833,0.003028,14.868333333333332,0
516,516,2024-01-04 08:50:10+00:00,2024-01-04 08:50:10+00:00,35.64269230769231,0.1769230769230769,44.54923076923077,43.56884615384615,29.67230769230768,30.53346153846153,0.241923076923077,65.9073076923077,0.001042,0.000852,0.002963,14.876923076923088,0
517,517,2024-01-04 08:50:12+00:00,2024-01-04 08:50:12+00:00,30.10115384615385,0.1753846153846154,44.380769230769225,38.07384615384616,29.7096153846154,30.41884615384615,0.2400000000000001,65.93384615384613,0.001027,0.000797,0.002923,14.671153846153825,0
518,518,2024-01-04 08:50:13+00:00,2024-01-04 08:50:13+00:00,27.974800000000005,0.1712,44.3256,35.6364,29.70640000000001,30.39399999999999,0.2400000000000001,66.20320000000001,0.001047,0.000848,0.002849,14.619199999999992,0
519,519,2024-01-04 08:50:14+00:00,2024-01-04 08:50:14+00:00,26.447692307692307,0.1676923076923077,44.293461538461536,33.13423076923077,29.70923076923078,30.415769230769232,0.2415384615384616,65.89884615384615,0.001037,0.000841,0.002851,14.584230769230755,0
520,520,2024-01-04 08:50:16+00:00,2024-01-04 08:50:16+00:00,23.20785714285714,0.1667857142857143,44.215,29.613928571428577,29.76321428571428,30.34285714285715,0.2400000000000001,66.04392857142857,0.000997,0.000771,0.002808,14.45178571428572,0
521,521,2024-01-04 08:50:17+00:00,2024-01-04 08:50:17+00:00,21.88678571428571,0.1810714285714286,44.15250000000002,28.75,29.77571428571428,30.35357142857145,0.2400000000000001,66.07964285714287,0.000998,0.000834,0.00277,14.376785714285742,0
522,522,2024-01-04 08:50:18+00:00,2024-01-04 08:50:18+00:00,20.175185185185185,0.167037037037037,44.09481481481483,27.32444444444445,29.771111111111107,30.327407407407417,0.2400000000000001,66.1562962962963,0.001002,0.00079,0.002737,14.323703703703725,0
523,523,2024-01-04 08:50:20+00:00,2024-01-04 08:50:20+00:00,19.700740740740734,0.1648148148148147,44.06,26.02962962962963,29.800370370370363,30.317777777777785,0.2396296296296297,66.0251851851852,0.001067,0.000778,0.002728,14.259629629629632,0
524,524,2024-01-04 08:50:21+00:00,2024-01-04 08:50:21+00:00,19.827500000000004,0.1632142857142857,44.03499999999999,25.720714285714287,29.78607142857141,30.31785714285713,0.2400000000000001,66.03178571428572,0.001035,0.000865,0.002746,14.248928571428577,0
525,525,2024-01-04 08:50:22+00:00,2024-01-04 08:50:22+00:00,20.205185185185183,0.1703703703703704,43.99037037037038,26.607407407407404,29.809999999999995,30.28296296296296,0.2400000000000001,66.23296296296297,0.000992,0.000854,0.002726,14.180370370370383,0
526,526,2024-01-04 08:50:24+00:00,2024-01-04 08:50:24+00:00,21.450000000000006,0.1667857142857142,43.95642857142859,27.736071428571424,29.83750000000001,30.32892857142858,0.2414285714285715,65.97214285714283,0.001073,0.000827,0.002762,14.11892857142858,0
527,527,2024-01-04 08:50:25+00:00,2024-01-04 08:50:25+00:00,21.705000000000005,0.1717857142857143,43.97714285714287,28.236071428571424,29.83000000000001,30.32892857142857,0.2400000000000001,65.98500000000001,0.00104,0.000858,0.002814,14.147142857142864,0
528,528,2024-01-04 08:50:26+00:00,2024-01-04 08:50:26+00:00,23.38500000000001,0.1646666666666667,43.930000000000014,29.85766666666666,29.835666666666675,30.322666666666677,0.2426666666666667,65.919,0.001028,0.00079,0.002848,14.094333333333338,0
529,529,2024-01-04 08:50:28+00:00,2024-01-04 08:50:28+00:00,25.90225806451614,0.1651612903225806,43.94387096774194,33.313870967741934,29.844516129032264,30.401612903225807,0.2416129032258065,65.88129032258067,0.001042,0.000877,0.002921,14.099354838709672,0
530,530,2024-01-04 08:50:29+00:00,2024-01-04 08:50:29+00:00,28.527586206896554,0.1610344827586206,43.85620689655172,35.34379310344828,29.87034482758621,30.40896551724138,0.2410344827586208,65.69827586206895,0.001038,0.000829,0.002942,13.98586206896551,0
531,531,2024-01-04 08:50:30+00:00,2024-01-04 08:50:30+00:00,30.14,0.1762962962962964,43.87851851851851,37.85740740740741,29.877037037037034,30.4125925925926,0.2418518518518519,65.8114814814815,0.001034,0.000816,0.002983,14.001481481481475,0
532,532,2024-01-04 08:50:31+00:00,2024-01-04 08:50:31+00:00,33.09035714285714,0.1814285714285714,43.90321428571429,40.7325,29.88035714285714,30.469642857142865,0.245,65.9382142857143,0.001087,0.000862,0.003103,14.022857142857152,0
533,533,2024-01-04 08:50:33+00:00,2024-01-04 08:50:33+00:00,38.4372,0.1624,43.9048,45.93000000000001,29.897199999999994,30.5612,0.2472,65.36320000000002,0.001128,0.000893,0.003135,14.0076,0
534,534,2024-01-04 08:50:34+00:00,2024-01-04 08:50:34+00:00,41.85444444444445,0.1785185185185186,43.88777777777778,49.891481481481485,29.91037037037038,30.60148148148148,0.2418518518518519,65.51370370370371,0.001116,0.00088,0.003206,13.977407407407398,0
535,535,2024-01-04 08:50:35+00:00,2024-01-04 08:50:35+00:00,46.1848275862069,0.1713793103448276,43.89034482758622,53.90931034482758,29.9158620689655,30.607931034482757,0.2444827586206897,65.12689655172414,0.001125,0.000853,0.003359,13.97448275862072,0
536,536,2024-01-04 08:50:37+00:00,2024-01-04 08:50:37+00:00,53.24321428571428,0.1710714285714285,43.881071428571445,61.38857142857143,29.93928571428573,30.762857142857133,0.2485714285714285,65.1364285714286,0.001222,0.000946,0.003465,13.941785714285713,0
537,537,2024-01-04 08:50:38+00:00,2024-01-04 08:50:38+00:00,57.69666666666668,0.1775757575757575,43.89606060606061,65.32030303030307,29.962424242424262,30.784242424242425,0.2496969696969697,65.09606060606062,0.00118,0.000916,0.003546,13.933636363636346,0
538,538,2024-01-04 08:50:39+00:00,2024-01-04 08:50:39+00:00,61.46538461538463,0.163076923076923,43.92807692307692,69.61269230769231,29.95269230769232,30.86038461538463,0.2546153846153846,65.04461538461538,0.001237,0.000869,0.00376,13.975384615384597,0
539,539,2024-01-04 08:50:41+00:00,2024-01-04 08:50:41+00:00,69.74500000000002,0.1886666666666666,43.91,78.70900000000002,29.99000000000001,30.982999999999997,0.8773333333333334,65.11566666666664,0.001237,0.000939,0.003735,13.919999999999998,0
540,540,2024-01-04 08:50:42+00:00,2024-01-04 08:50:42+00:00,74.38133333333333,0.189,43.93866666666669,84.01266666666666,29.98766666666668,31.056,0.9569999999999996,64.98366666666668,0.001305,0.000938,0.004007,13.951000000000016,0
541,541,2024-01-04 08:50:43+00:00,2024-01-04 08:50:43+00:00,78.88666666666667,0.194074074074074,43.91370370370372,89.75740740740741,29.995925925925924,31.093333333333334,1.0011111111111115,64.92296296296298,0.001244,0.000947,0.003965,13.917777777777792,0
542,542,2024-01-04 08:50:45+00:00,2024-01-04 08:50:45+00:00,88.90827586206898,0.1879310344827586,43.91896551724138,98.97344827586204,30.009655172413783,31.241034482758625,1.0979310344827586,64.65448275862067,0.001328,0.000983,0.004104,13.9093103448276,0
543,543,2024-01-04 08:50:46+00:00,2024-01-04 08:50:46+00:00,93.85296296296296,0.1933333333333333,43.94074074074075,105.13629629629632,30.012592592592583,31.337407407407397,1.1548148148148154,64.43037037037038,0.001304,0.000918,0.004298,13.928148148148164,0
544,544,2024-01-04 08:50:47+00:00,2024-01-04 08:50:47+00:00,99.84172413793102,0.1882758620689656,43.922413793103445,110.31241379310345,30.0258620689655,31.38310344827586,1.2048275862068965,64.21586206896552,0.001335,0.000987,0.004308,13.896551724137948,0
545,545,2024-01-04 08:50:48+00:00,2024-01-04 08:50:48+00:00,104.1453846153846,0.1876923076923076,43.93576923076924,114.89653846153844,30.03923076923077,31.49615384615385,1.2484615384615387,64.4953846153846,0.001316,0.00097,0.004338,13.89653846153847,0
546,546,2024-01-04 08:50:50+00:00,2024-01-04 08:50:50+00:00,115.74961538461538,0.205,43.94923076923077,126.27576923076926,30.05076923076924,31.634999999999994,1.3473076923076923,64.06961538461539,0.001347,0.000997,0.004442,13.898461538461536,0
547,547,2024-01-04 08:50:51+00:00,2024-01-04 08:50:51+00:00,118.6725925925926,0.1896296296296296,43.95777777777777,131.02666666666667,30.05444444444444,31.7248148148148,1.385185185185185,63.96444444444445,0.001372,0.000978,0.004545,13.903333333333332,0
548,548,2024-01-04 08:50:52+00:00,2024-01-04 08:50:52+00:00,124.83714285714288,0.2117857142857142,43.97250000000001,137.04321428571427,30.05071428571427,31.774285714285707,1.4339285714285717,64.0225,0.001421,0.001012,0.004605,13.92178571428574,0
549,549,2024-01-04 08:50:54+00:00,2024-01-04 08:50:54+00:00,134.8324137931034,0.206551724137931,44.008965517241386,148.4320689655173,30.08137931034484,31.93586206896552,1.5293103448275862,63.69448275862069,0.00142,0.001004,0.004583,13.92758620689655,0
550,550,2024-01-04 08:50:55+00:00,2024-01-04 08:50:55+00:00,140.85555555555553,0.1977777777777778,44.02703703703703,153.30703703703705,30.090000000000003,32.02666666666668,1.5755555555555558,63.24185185185186,0.001428,0.000984,0.004712,13.937037037037022,0
551,551,2024-01-04 08:50:56+00:00,2024-01-04 08:50:56+00:00,144.98107142857145,0.2046428571428571,44.08285714285713,158.51928571428576,30.111785714285723,32.145714285714284,1.6267857142857145,63.55892857142858,0.001444,0.00099,0.004932,13.971071428571406,0
552,552,2024-01-04 08:50:58+00:00,2024-01-04 08:50:58+00:00,155.12481481481478,0.2122222222222222,44.12370370370371,169.58962962962966,30.11074074074074,32.28703703703703,1.7214814814814816,63.56111111111112,0.001518,0.000966,0.005227,14.01296296296297,0
553,553,2024-01-04 08:50:59+00:00,2024-01-04 08:50:59+00:00,160.53199999999998,0.1928,44.1516,174.15479999999997,30.13999999999999,32.3784,1.7783999999999995,63.07600000000002,0.001601,0.001041,0.005314,14.011600000000012,0
554,554,2024-01-04 08:51:00+00:00,2024-01-04 08:51:00+00:00,165.36857142857144,0.23,44.209642857142846,179.95071428571427,30.144642857142845,32.46357142857142,1.8225,63.29964285714285,0.001572,0.001034,0.005451,14.065,0
555,555,2024-01-04 08:51:02+00:00,2024-01-04 08:51:02+00:00,174.54037037037034,0.2255555555555555,44.26592592592591,189.5503703703704,30.139259259259248,32.59555555555556,1.923703703703704,62.9637037037037,0.001673,0.001019,0.005748,14.126666666666663,0
556,556,2024-01-04 08:51:03+00:00,2024-01-04 08:51:03+00:00,178.06428571428577,0.2278571428571429,44.28642857142855,193.05642857142857,30.149999999999984,32.67357142857144,1.969285714285714,63.13607142857143,0.00169,0.001062,0.005809,14.136428571428567,0
557,557,2024-01-04 08:51:04+00:00,2024-01-04 08:51:04+00:00,181.78080000000003,0.2187999999999999,44.35560000000001,198.022,30.1684,32.74,2.0156,62.72439999999999,0.001769,0.001078,0.006077,14.187200000000011,0
558,558,2024-01-04 08:51:06+00:00,2024-01-04 08:51:06+00:00,191.3155555555556,0.2185185185185185,44.46444444444446,206.12925925925933,30.167037037037037,32.870370370370374,2.1166666666666667,62.579999999999984,0.001733,0.001055,0.006073,14.297407407407428,0
559,559,2024-01-04 08:51:07+00:00,2024-01-04 08:51:07+00:00,192.9796428571429,0.2132142857142857,44.49392857142856,209.2507142857144,30.162499999999987,32.93857142857143,2.1575,62.58892857142855,0.00183,0.001083,0.006322,14.331428571428567,0
560,560,2024-01-04 08:51:08+00:00,2024-01-04 08:51:08+00:00,196.07769230769236,0.2353846153846154,44.56115384615384,213.5534615384615,30.176538461538467,32.97307692307691,2.2038461538461536,62.647307692307706,0.001835,0.00107,0.006348,14.384615384615367,0
561,561,2024-01-04 08:51:09+00:00,2024-01-04 08:51:09+00:00,200.2368965517242,0.2282758620689656,44.614827586206914,216.99379310344824,30.19758620689657,33.07655172413792,2.2455172413793103,62.623793103448286,0.00188,0.001114,0.006485,14.417241379310344,0
562,562,2024-01-04 08:51:11+00:00,2024-01-04 08:51:11+00:00,205.74379310344824,0.2237931034482758,44.75068965517242,222.45793103448275,30.199655172413813,33.200344827586214,2.318620689655172,62.3544827586207,0.001895,0.001066,0.006631,14.55103448275861,0
563,563,2024-01-04 08:51:12+00:00,2024-01-04 08:51:12+00:00,208.2259259259259,0.2303703703703703,44.820740740740746,225.15740740740736,30.226666666666663,33.21555555555555,2.353333333333333,61.94333333333333,0.001942,0.001131,0.006709,14.594074074074085,0
564,564,2024-01-04 08:51:13+00:00,2024-01-04 08:51:13+00:00,210.7917857142857,0.2346428571428571,44.88428571428572,228.27571428571423,30.22607142857144,33.307142857142864,2.393214285714285,62.25392857142858,0.001934,0.001072,0.006761,14.658214285714276,0
565,565,2024-01-04 08:51:15+00:00,2024-01-04 08:51:15+00:00,215.34962962962965,0.2355555555555557,45.0348148148148,231.9962962962963,30.24851851851852,33.38111111111111,2.454814814814815,62.40925925925925,0.001994,0.001058,0.006847,14.786296296296278,0
566,566,2024-01-04 08:51:16+00:00,2024-01-04 08:51:16+00:00,214.51111111111103,0.2296296296296297,45.10962962962961,232.72000000000008,30.244074074074074,33.42074074074075,2.47037037037037,62.035185185185206,0.001934,0.001019,0.006883,14.865555555555536,0
567,567,2024-01-04 08:51:17+00:00,2024-01-04 08:51:17+00:00,216.4583870967743,0.2361290322580646,45.17709677419355,234.99129032258065,30.251290322580644,33.486774193548385,2.5025806451612898,62.05516129032259,0.001956,0.001101,0.006898,14.925806451612909,0
568,568,2024-01-04 08:51:19+00:00,2024-01-04 08:51:19+00:00,219.31615384615387,0.2403846153846154,45.28923076923078,236.4584615384616,30.27730769230768,33.502307692307696,2.534615384615385,61.87076923076924,0.001919,0.001036,0.006846,15.011923076923097,0
569,569,2024-01-04 08:51:20+00:00,2024-01-04 08:51:20+00:00,218.8999999999999,0.23,45.41428571428575,237.2778571428571,30.25928571428571,33.552499999999995,2.5485714285714285,61.78571428571428,0.001916,0.001081,0.006882,15.155000000000037,0
570,570,2024-01-04 08:51:21+00:00,2024-01-04 08:51:21+00:00,219.11629629629627,0.2385185185185186,45.49333333333334,237.51666666666668,30.26518518518517,33.58962962962963,2.5607407407407403,62.198148148148135,0.00191,0.001064,0.006914,15.228148148148165,0
571,571,2024-01-04 08:51:23+00:00,2024-01-04 08:51:23+00:00,219.5906896551724,0.2444827586206897,45.58344827586205,236.92413793103444,30.26689655172413,33.57,2.552758620689654,61.99931034482759,0.001914,0.001053,0.006898,15.316551724137916,0
572,572,2024-01-04 08:51:24+00:00,2024-01-04 08:51:24+00:00,218.8238461538461,0.2230769230769231,45.64807692307692,235.85038461538463,30.26923076923076,33.60230769230769,2.547307692307692,62.08730769230768,0.001896,0.001071,0.006825,15.378846153846164,0
573,573,2024-01-04 08:51:25+00:00,2024-01-04 08:51:25+00:00,216.77925925925925,0.2251851851851852,45.70296296296296,234.82222222222228,30.29888888888888,33.54333333333333,2.531481481481483,61.85444444444445,0.001909,0.001144,0.00683,15.404074074074078,0
574,574,2024-01-04 08:51:26+00:00,2024-01-04 08:51:26+00:00,215.3868965517241,0.2327586206896552,45.76896551724138,233.4344827586207,30.293103448275847,33.54379310344828,2.5079310344827577,61.93724137931036,0.0019,0.001079,0.006779,15.475862068965537,0
575,575,2024-01-04 08:51:28+00:00,2024-01-04 08:51:28+00:00,211.93892857142856,0.2253571428571429,45.915000000000006,230.0771428571429,30.29749999999998,33.61,2.458928571428572,62.18428571428571,0.001882,0.001068,0.006679,15.617500000000025,0
576,576,2024-01-04 08:51:29+00:00,2024-01-04 08:51:29+00:00,210.0834482758621,0.2306896551724138,45.95206896551725,228.3903448275862,30.296551724137927,33.56517241379311,2.435862068965517,62.38689655172413,0.001864,0.001025,0.006576,15.655517241379322,0
577,577,2024-01-04 08:51:30+00:00,2024-01-04 08:51:30+00:00,207.8465517241379,0.2220689655172415,46.02862068965516,226.43413793103448,30.291724137931016,33.54689655172412,2.4203448275862067,62.41724137931037,0.001813,0.00101,0.00655,15.736896551724149,0
578,578,2024-01-04 08:51:32+00:00,2024-01-04 08:51:32+00:00,204.0512,0.2280000000000001,46.0904,221.2352,30.306399999999982,33.505599999999994,2.3431999999999995,62.24839999999999,0.001864,0.001071,0.006471,15.78400000000002,0
579,579,2024-01-04 08:51:33+00:00,2024-01-04 08:51:33+00:00,199.9009375,0.2218750000000001,46.146562500000016,217.11593749999992,30.324687500000003,33.5015625,2.2906250000000004,62.5209375,0.001797,0.001068,0.006374,15.821875000000013,0
580,580,2024-01-04 08:51:34+00:00,2024-01-04 08:51:34+00:00,196.99857142857132,0.23,46.18035714285717,214.96821428571425,30.319285714285712,33.45,2.260357142857143,62.75964285714284,0.00175,0.001071,0.006259,15.861071428571456,0
581,581,2024-01-04 08:51:36+00:00,2024-01-04 08:51:36+00:00,191.2331034482758,0.223448275862069,46.218620689655175,207.16413793103453,30.319310344827574,33.35551724137931,2.163448275862069,62.59827586206896,0.001701,0.001042,0.006072,15.899310344827596,0
582,582,2024-01-04 08:51:37+00:00,2024-01-04 08:51:37+00:00,185.9744444444444,0.2166666666666667,46.26259259259258,202.6088888888888,30.3351851851852,33.36185185185185,2.1081481481481488,62.83185185185184,0.001699,0.001028,0.006,15.927407407407388,0
583,583,2024-01-04 08:51:38+00:00,2024-01-04 08:51:38+00:00,181.415,0.22,46.26714285714286,198.7667857142856,30.34178571428573,33.287142857142854,2.058571428571429,62.795,0.001649,0.001043,0.005822,15.925357142857129,0
584,584,2024-01-04 08:51:40+00:00,2024-01-04 08:51:40+00:00,173.95344827586206,0.2144827586206897,46.24896551724138,189.8272413793103,30.324482758620693,33.20448275862068,1.9772413793103447,62.917241379310326,0.001616,0.001019,0.005693,15.924482758620687,0
585,585,2024-01-04 08:51:41+00:00,2024-01-04 08:51:41+00:00,169.70566666666667,0.2103333333333334,46.24066666666668,185.10000000000005,30.371,33.15766666666668,1.9249999999999992,62.96366666666667,0.001582,0.001032,0.005537,15.869666666666678,0
586,586,2024-01-04 08:51:42+00:00,2024-01-04 08:51:42+00:00,165.12576923076924,0.2073076923076924,46.24576923076923,180.8242307692308,30.37346153846154,33.107692307692304,1.8861538461538467,63.001153846153855,0.001549,0.001017,0.005371,15.872307692307686,0
587,587,2024-01-04 08:51:44+00:00,2024-01-04 08:51:44+00:00,154.4484615384615,0.2046153846153846,46.29730769230768,169.8738461538462,30.391153846153838,33.017692307692315,1.7815384615384622,63.15461538461541,0.001454,0.000989,0.005114,15.906153846153847,0
588,588,2024-01-04 08:51:45+00:00,2024-01-04 08:51:45+00:00,149.81959999999998,0.1848,46.253600000000006,164.8564,30.412399999999987,32.9652,1.7407999999999997,63.66800000000001,0.001441,0.000979,0.005054,15.841200000000018,0
589,589,2024-01-04 08:51:46+00:00,2024-01-04 08:51:46+00:00,144.84535714285713,0.2017857142857143,46.20714285714288,159.84357142857144,30.42464285714285,32.88750000000001,1.6864285714285714,63.8932142857143,0.001443,0.000966,0.004856,15.782500000000027,0
590,590,2024-01-04 08:51:47+00:00,2024-01-04 08:51:47+00:00,140.92600000000002,0.205,46.22266666666667,154.50466666666668,30.440333333333324,32.82733333333333,1.6416666666666662,63.91999999999998,0.001398,0.001016,0.00463,15.782333333333344,0
591,591,2024-01-04 08:51:49+00:00,2024-01-04 08:51:49+00:00,129.70642857142855,0.1946428571428571,46.16892857142858,143.73857142857142,30.45214285714287,32.6817857142857,1.5432142857142863,63.940714285714265,0.00137,0.00103,0.004451,15.71678571428571,0
592,592,2024-01-04 08:51:50+00:00,2024-01-04 08:51:50+00:00,124.69599999999998,0.1908,46.1296,137.9612,30.478800000000007,32.65560000000001,1.4883999999999995,64.2076,0.001333,0.000992,0.004467,15.650799999999997,0
593,593,2024-01-04 08:51:51+00:00,2024-01-04 08:51:51+00:00,119.54275862068968,0.1962068965517241,46.1441379310345,132.6237931034483,30.473103448275875,32.59103448275862,1.4489655172413796,64.03275862068962,0.001361,0.000947,0.004442,15.671034482758625,0
594,594,2024-01-04 08:51:53+00:00,2024-01-04 08:51:53+00:00,109.01535714285714,0.1832142857142857,46.01285714285715,121.36392857142852,30.509999999999994,32.449642857142855,1.3596428571428578,64.37535714285713,0.001341,0.001,0.004419,15.502857142857156,0
595,595,2024-01-04 08:51:54+00:00,2024-01-04 08:51:54+00:00,105.0145833333334,0.1999999999999999,46.01833333333334,116.72833333333335,30.507083333333338,32.379583333333336,1.3141666666666667,64.60083333333333,0.001421,0.001024,0.004409,15.51125,0
596,596,2024-01-04 08:51:55+00:00,2024-01-04 08:51:55+00:00,99.66218749999996,0.1956249999999999,45.92218750000001,110.56218749999998,30.50937499999999,32.326250000000016,1.0296874999999996,64.6184375,0.001377,0.001002,0.004366,15.412812500000015,0
597,597,2024-01-04 08:51:57+00:00,2024-01-04 08:51:57+00:00,88.82846153846153,0.1942307692307693,45.85038461538462,99.98230769230769,30.53730769230768,32.19346153846155,0.8934615384615385,64.8923076923077,0.00129,0.000965,0.004182,15.313076923076938,0
598,598,2024-01-04 08:51:58+00:00,2024-01-04 08:51:58+00:00,83.77346153846155,0.1926923076923077,45.80115384615386,94.66076923076922,30.53346153846152,32.12961538461537,0.8319230769230767,64.86269230769231,0.001277,0.000984,0.004003,15.26769230769234,0
599,599,2024-01-04 08:51:59+00:00,2024-01-04 08:51:59+00:00,78.68966666666665,0.1796666666666666,45.772666666666666,89.422,30.53833333333332,32.08466666666667,0.7899999999999999,64.80466666666668,0.001314,0.00098,0.003998,15.23433333333335,0
600,600,2024-01-04 08:52:01+00:00,2024-01-04 08:52:01+00:00,69.62615384615385,0.1846153846153846,45.66000000000001,79.14307692307693,30.5723076923077,31.989615384615394,0.6838461538461538,65.26961538461536,0.001168,0.000931,0.003773,15.087692307692311,0
601,601,2024-01-04 08:52:02+00:00,2024-01-04 08:52:02+00:00,65.28111111111113,0.177037037037037,45.67037037037036,74.39333333333333,30.59111111111112,31.905925925925928,0.6425925925925928,64.95296296296294,0.001213,0.00095,0.003712,15.079259259259237,0
602,602,2024-01-04 08:52:03+00:00,2024-01-04 08:52:03+00:00,59.97239999999999,0.1784,45.56759999999999,69.64800000000001,30.5972,31.866400000000013,0.1164,64.92120000000001,0.001146,0.000908,0.003526,14.970399999999984,0
603,603,2024-01-04 08:52:05+00:00,2024-01-04 08:52:05+00:00,52.90275862068966,0.1706896551724138,45.51931034482759,61.43999999999997,30.61758620689655,31.759310344827583,-0.03,65.34379310344826,0.001163,0.000876,0.003466,14.901724137931035,0
604,604,2024-01-04 08:52:06+00:00,2024-01-04 08:52:06+00:00,48.77965517241381,0.180344827586207,45.4144827586207,57.77310344827583,30.62896551724138,31.693448275862075,-0.03,65.53965517241382,0.001134,0.000884,0.003264,14.78551724137932,0
605,605,2024-01-04 08:52:07+00:00,2024-01-04 08:52:07+00:00,44.85407407407408,0.1674074074074074,45.395555555555575,53.65814814814815,30.618518518518524,31.68296296296297,-0.03,65.58518518518518,0.001079,0.000855,0.003187,14.77703703703705,0
606,606,2024-01-04 08:52:08+00:00,2024-01-04 08:52:08+00:00,42.622307692307686,0.1776923076923076,45.31153846153845,50.310384615384606,30.627692307692307,31.603846153846156,-0.03,65.74384615384614,0.001066,0.000872,0.003122,14.68384615384614,0
607,607,2024-01-04 08:52:10+00:00,2024-01-04 08:52:10+00:00,35.57333333333333,0.1655555555555555,45.19259259259261,43.61814814814815,30.66185185185184,31.509629629629615,-0.0281481481481481,65.68222222222224,0.001023,0.000849,0.003024,14.530740740740764,0
608,608,2024-01-04 08:52:11+00:00,2024-01-04 08:52:11+00:00,32.841538461538455,0.1638461538461538,45.196923076923085,40.13999999999999,30.656153846153835,31.50769230769229,-0.03,65.91038461538461,0.001038,0.00083,0.002926,14.54076923076925,0
609,609,2024-01-04 08:52:12+00:00,2024-01-04 08:52:12+00:00,30.429615384615392,0.1719230769230769,45.10846153846153,37.85961538461539,30.680000000000007,31.45807692307693,-0.03,65.92807692307694,0.001023,0.000819,0.002898,14.428461538461526,0
610,610,2024-01-04 08:52:14+00:00,2024-01-04 08:52:14+00:00,26.15551724137932,0.1675862068965517,44.974827586206914,33.260000000000005,30.70793103448277,31.38241379310344,-0.03,65.72310344827586,0.000975,0.000848,0.002841,14.266896551724145,0
611,611,2024-01-04 08:52:15+00:00,2024-01-04 08:52:15+00:00,24.350000000000005,0.1721428571428571,44.96928571428573,31.292142857142863,30.70642857142858,31.357500000000005,-0.03,65.86642857142854,0.000998,0.000902,0.0028,14.26285714285715,0
612,612,2024-01-04 08:52:16+00:00,2024-01-04 08:52:16+00:00,23.16633333333334,0.1596666666666666,44.90333333333332,30.125000000000007,30.72666666666668,31.326,-0.029,65.88533333333335,0.001046,0.000864,0.002815,14.176666666666634,0
613,613,2024-01-04 08:52:18+00:00,2024-01-04 08:52:18+00:00,20.620714285714293,0.157142857142857,44.85607142857142,26.71928571428572,30.733928571428574,31.306071428571418,-0.0310714285714285,66.12892857142857,0.001045,0.000884,0.002742,14.12214285714284,0
614,614,2024-01-04 08:52:19+00:00,2024-01-04 08:52:19+00:00,20.42846153846154,0.1715384615384615,44.82923076923076,26.59538461538462,30.73653846153847,31.287692307692303,-0.03,66.03192307692308,0.000954,0.000826,0.00271,14.092692307692293,0
615,615,2024-01-04 08:52:20+00:00,2024-01-04 08:52:20+00:00,19.50903225806452,0.1651612903225806,44.76967741935483,25.617419354838702,30.74096774193549,31.29322580645161,-0.0329032258064516,66.11419354838708,0.001049,0.000915,0.002717,14.02870967741934,0
616,616,2024-01-04 08:52:22+00:00,2024-01-04 08:52:22+00:00,19.50428571428571,0.1582142857142857,44.71892857142857,26.28428571428572,30.751785714285717,31.30571428571428,-0.0303571428571428,65.93357142857144,0.000978,0.000901,0.002715,13.967142857142855,0
617,617,2024-01-04 08:52:23+00:00,2024-01-04 08:52:23+00:00,20.542857142857144,0.165,44.69500000000001,26.24750000000001,30.7475,31.276428571428564,-0.03,66.11142857142859,0.001,0.000913,0.002745,13.947500000000003,0
618,618,2024-01-04 08:52:24+00:00,2024-01-04 08:52:24+00:00,20.533571428571424,0.1549999999999999,44.68392857142857,26.69214285714285,30.74178571428572,31.31607142857143,-0.03,65.98499999999999,0.000954,0.0008,0.00279,13.942142857142848,0
619,619,2024-01-04 08:52:25+00:00,2024-01-04 08:52:25+00:00,21.30703703703703,0.1611111111111111,44.62666666666666,28.53444444444444,30.75629629629629,31.28629629629629,-0.03,66.22037037037035,0.001139,0.000958,0.002843,13.870370370370368,0
620,620,2024-01-04 08:52:27+00:00,2024-01-04 08:52:27+00:00,24.433793103448277,0.1551724137931034,44.58241379310344,30.621034482758628,30.783793103448268,31.321724137931028,-0.0310344827586207,66.03103448275864,0.001011,0.000825,0.002889,13.798620689655174,0
621,621,2024-01-04 08:52:28+00:00,2024-01-04 08:52:28+00:00,26.10322580645161,0.1635483870967741,44.59161290322579,32.04129032258066,30.77516129032256,31.30354838709677,-0.03,65.94677419354838,0.000982,0.000927,0.002932,13.816451612903226,0
622,622,2024-01-04 08:52:29+00:00,2024-01-04 08:52:29+00:00,27.62933333333333,0.173,44.59333333333333,34.984666666666655,30.796999999999976,31.347333333333324,-0.03,66.04766666666669,0.001056,0.000867,0.002948,13.79633333333335,0
623,623,2024-01-04 08:52:31+00:00,2024-01-04 08:52:31+00:00,32.7325,0.1625,44.54107142857144,39.46321428571429,30.806071428571425,31.403928571428573,-0.0275,65.80178571428573,0.001023,0.000826,0.002973,13.73500000000001,0
624,624,2024-01-04 08:52:32+00:00,2024-01-04 08:52:32+00:00,35.772000000000006,0.169,44.554666666666655,42.48566666666667,30.810333333333325,31.45433333333333,-0.0296666666666666,65.71966666666668,0.001013,0.000831,0.003089,13.74433333333333,0
625,625,2024-01-04 08:52:33+00:00,2024-01-04 08:52:33+00:00,38.6413043478261,0.1634782608695651,44.54391304347826,45.87260869565217,30.815217391304348,31.443043478260872,-0.03,65.55260869565218,0.001116,0.000863,0.003143,13.728695652173917,0
626,626,2024-01-04 08:52:35+00:00,2024-01-04 08:52:35+00:00,45.25107142857144,0.1592857142857142,44.53749999999999,52.769999999999975,30.816428571428585,31.556785714285702,-0.03,65.3325,0.001097,0.000808,0.003222,13.721071428571404,0
627,627,2024-01-04 08:52:36+00:00,2024-01-04 08:52:36+00:00,48.34148148148148,0.1777777777777778,44.56814814814814,56.46296296296296,30.82037037037037,31.61444444444444,-0.03,65.50000000000001,0.001135,0.000897,0.003383,13.74777777777777,0
628,628,2024-01-04 08:52:37+00:00,2024-01-04 08:52:37+00:00,52.18148148148147,0.1788888888888889,44.58333333333334,60.416296296296295,30.81555555555557,31.667777777777783,-0.0285185185185185,65.4288888888889,0.001133,0.000853,0.003501,13.767777777777775,0
629,629,2024-01-04 08:52:39+00:00,2024-01-04 08:52:39+00:00,60.76928571428572,0.1710714285714286,44.57321428571429,68.75678571428574,30.842142857142864,31.74392857142856,-0.0289285714285714,64.7925,0.001134,0.000829,0.003547,13.731071428571427,0
630,630,2024-01-04 08:52:40+00:00,2024-01-04 08:52:40+00:00,64.70423076923076,0.1769230769230769,44.56769230769229,73.38,30.85192307692309,31.78846153846153,0.4223076923076924,64.88230769230766,0.001226,0.000885,0.003728,13.715769230769205,0
631,631,2024-01-04 08:52:41+00:00,2024-01-04 08:52:41+00:00,68.99275862068966,0.1768965517241379,44.57620689655173,78.10310344827586,30.86068965517242,31.87827586206895,0.6417241379310343,64.78655172413792,0.001247,0.000914,0.003827,13.715517241379311,0
632,632,2024-01-04 08:52:43+00:00,2024-01-04 08:52:43+00:00,78.57428571428571,0.185,44.562857142857126,87.90464285714283,30.893928571428567,31.98142857142858,0.7307142857142861,64.56785714285714,0.001245,0.00089,0.003989,13.66892857142856,0
633,633,2024-01-04 08:52:44+00:00,2024-01-04 08:52:44+00:00,83.65615384615383,0.1776923076923077,44.56999999999999,92.7938461538462,30.880384615384614,32.07961538461539,0.7815384615384614,64.86076923076922,0.001299,0.000916,0.00406,13.689615384615372,0
634,634,2024-01-04 08:52:45+00:00,2024-01-04 08:52:45+00:00,88.61074074074074,0.1992592592592594,44.547777777777775,98.30481481481485,30.88296296296296,32.11555555555555,0.8322222222222224,64.53777777777778,0.00137,0.000928,0.004316,13.664814814814816,0
635,635,2024-01-04 08:52:46+00:00,2024-01-04 08:52:46+00:00,93.2692,0.1811999999999999,44.5524,103.3076,30.88519999999999,32.206399999999995,0.8848000000000001,64.718,0.001306,0.00091,0.004266,13.667200000000008,0
636,636,2024-01-04 08:52:48+00:00,2024-01-04 08:52:48+00:00,103.57499999999996,0.1925000000000001,44.60964285714287,114.27857142857142,30.90464285714285,32.364285714285714,0.9889285714285718,64.11285714285712,0.001314,0.000982,0.004242,13.705000000000016,0
637,637,2024-01-04 08:52:49+00:00,2024-01-04 08:52:49+00:00,108.64483870967744,0.1870967741935484,44.61903225806451,119.5287096774194,30.89032258064515,32.44225806451611,1.0325806451612902,64.06677419354841,0.001323,0.000941,0.004451,13.728709677419356,0
638,638,2024-01-04 08:52:50+00:00,2024-01-04 08:52:50+00:00,114.14142857142862,0.1889285714285714,44.625357142857126,125.41357142857144,30.924642857142867,32.522499999999994,1.0817857142857144,64.2692857142857,0.001382,0.000952,0.004626,13.70071428571426,0
639,639,2024-01-04 08:52:52+00:00,2024-01-04 08:52:52+00:00,123.0648,0.1891999999999999,44.66759999999999,135.50840000000005,30.960400000000007,32.684400000000004,1.1668000000000007,63.52919999999998,0.001454,0.000995,0.004707,13.707199999999986,0
640,640,2024-01-04 08:52:53+00:00,2024-01-04 08:52:53+00:00,129.53961538461542,0.1938461538461539,44.67538461538462,141.40576923076924,30.965384615384625,32.78115384615385,1.2184615384615385,63.92076923076922,0.001401,0.000958,0.004725,13.709999999999996,0
641,641,2024-01-04 08:52:54+00:00,2024-01-04 08:52:54+00:00,134.5867857142857,0.2042857142857142,44.71642857142857,147.25785714285712,30.961428571428595,32.87999999999999,1.2764285714285717,63.71714285714285,0.001433,0.000997,0.004699,13.754999999999978,0
642,642,2024-01-04 08:52:56+00:00,2024-01-04 08:52:56+00:00,144.69500000000002,0.2010714285714286,44.71571428571429,158.38321428571427,30.993571428571432,33.035714285714285,1.3721428571428569,63.29285714285714,0.001405,0.000959,0.00477,13.72214285714286,0
643,643,2024-01-04 08:52:57+00:00,2024-01-04 08:52:57+00:00,149.85639999999998,0.2291999999999999,44.76520000000001,163.74800000000005,31.020399999999984,33.0596,1.4236000000000004,63.56800000000001,0.001445,0.000987,0.00497,13.744800000000025,0
644,644,2024-01-04 08:52:58+00:00,2024-01-04 08:52:58+00:00,155.37517241379308,0.2048275862068965,44.83689655172412,169.06275862068958,31.019310344827574,33.18172413793104,1.473793103448275,63.40689655172414,0.001565,0.001026,0.005285,13.817586206896545,0
645,645,2024-01-04 08:53:00+00:00,2024-01-04 08:53:00+00:00,164.17571428571432,0.215,44.88392857142858,178.02285714285716,31.02535714285713,33.36535714285715,1.5635714285714282,63.32714285714288,0.001571,0.000991,0.005394,13.858571428571445,0
646,646,2024-01-04 08:53:01+00:00,2024-01-04 08:53:01+00:00,168.48222222222228,0.2185185185185185,44.932592592592606,182.9455555555556,31.025185185185176,33.40259259259259,1.6033333333333333,63.14481481481481,0.001574,0.000962,0.005529,13.90740740740743,0
647,647,2024-01-04 08:53:02+00:00,2024-01-04 08:53:02+00:00,174.27566666666664,0.217,44.89666666666667,188.349,31.037666666666656,33.46733333333333,1.6649999999999996,62.79833333333334,0.001681,0.001004,0.005831,13.859000000000012,0
648,648,2024-01-04 08:53:03+00:00,2024-01-04 08:53:03+00:00,177.2111111111111,0.22,44.971851851851845,192.35666666666668,31.025185185185176,33.58148148148149,1.7125925925925929,62.93666666666663,0.001681,0.001032,0.005836,13.946666666666667,0
649,649,2024-01-04 08:53:05+00:00,2024-01-04 08:53:05+00:00,186.00821428571427,0.2142857142857143,45.08285714285714,201.46714285714287,31.04999999999999,33.74964285714286,1.821071428571429,62.65535714285716,0.001774,0.001015,0.006126,14.032857142857154,0
650,650,2024-01-04 08:53:06+00:00,2024-01-04 08:53:06+00:00,189.14428571428564,0.2221428571428571,45.14,205.7542857142857,31.06392857142857,33.77892857142858,1.8710714285714287,62.59964285714285,0.001745,0.001006,0.006129,14.076071428571437,0
651,651,2024-01-04 08:53:07+00:00,2024-01-04 08:53:07+00:00,193.18142857142857,0.2271428571428571,45.24785714285715,209.03642857142853,31.07785714285714,33.86714285714286,1.918571428571428,62.55,0.001816,0.001022,0.006323,14.170000000000009,0
652,652,2024-01-04 08:53:09+00:00,2024-01-04 08:53:09+00:00,199.78933333333327,0.2346666666666667,45.31099999999997,216.75866666666676,31.113000000000003,33.98733333333334,2.013333333333334,62.61,0.001845,0.001001,0.006476,14.197999999999968,0
653,653,2024-01-04 08:53:10+00:00,2024-01-04 08:53:10+00:00,203.9716,0.2412,45.3952,220.5512,31.122000000000003,34.087599999999995,2.056,62.328,0.001894,0.001049,0.00649,14.2732,0
654,654,2024-01-04 08:53:11+00:00,2024-01-04 08:53:11+00:00,205.66592592592585,0.2162962962962963,45.45555555555556,221.84185185185183,31.120740740740736,34.1425925925926,2.0955555555555563,62.47592592592593,0.001936,0.001064,0.006655,14.33481481481482,0
655,655,2024-01-04 08:53:13+00:00,2024-01-04 08:53:13+00:00,210.2537037037038,0.2411111111111111,45.55888888888888,227.80259259259256,31.152222222222218,34.224074074074075,2.16888888888889,62.47370370370371,0.001957,0.001011,0.006747,14.406666666666665,0
656,656,2024-01-04 08:53:14+00:00,2024-01-04 08:53:14+00:00,212.1620689655172,0.2175862068965518,45.650000000000006,229.0462068965517,31.16931034482757,34.26931034482759,2.194827586206896,62.13862068965518,0.001956,0.001054,0.006775,14.480689655172434,0
657,657,2024-01-04 08:53:15+00:00,2024-01-04 08:53:15+00:00,214.1685185185185,0.2351851851851852,45.7025925925926,231.29370370370373,31.17666666666666,34.31740740740741,2.2225925925925925,62.26037037037037,0.001949,0.001055,0.006808,14.525925925925936,0
658,658,2024-01-04 08:53:17+00:00,2024-01-04 08:53:17+00:00,216.8292592592592,0.2248148148148148,45.849629629629646,233.5785185185185,31.184074074074083,34.39925925925927,2.277407407407408,62.12925925925926,0.001951,0.001021,0.006858,14.665555555555564,0
659,659,2024-01-04 08:53:18+00:00,2024-01-04 08:53:18+00:00,217.1072,0.2376,45.95640000000001,235.54320000000007,31.20320000000001,34.40319999999999,2.3024,61.8632,0.001991,0.001051,0.006928,14.7532,0
660,660,2024-01-04 08:53:19+00:00,2024-01-04 08:53:19+00:00,219.48185185185176,0.2451851851851852,46.03703703703703,237.07222222222225,31.19925925925927,34.456666666666656,2.324074074074073,62.03777777777778,0.001963,0.00099,0.006962,14.83777777777776,0
661,661,2024-01-04 08:53:22+00:00,2024-01-04 08:53:22+00:00,219.7762962962963,0.2492592592592592,46.26222222222221,237.7059259259259,31.232962962962976,34.537777777777784,2.34888888888889,62.01037037037037,0.001933,0.001039,0.006888,15.029259259259238,0
662,662,2024-01-04 08:53:23+00:00,2024-01-04 08:53:23+00:00,219.87846153846155,0.24,46.27692307692307,236.52038461538453,31.24153846153846,34.54807692307691,2.336538461538461,62.17692307692308,0.001911,0.000987,0.00691,15.035384615384608,0
663,663,2024-01-04 08:53:24+00:00,2024-01-04 08:53:24+00:00,218.81461538461537,0.228076923076923,46.383461538461546,235.8780769230769,31.23384615384616,34.57923076923076,2.3296153846153853,62.05961538461538,0.001964,0.001033,0.006886,15.149615384615387,0
664,664,2024-01-04 08:53:26+00:00,2024-01-04 08:53:26+00:00,215.28333333333333,0.237037037037037,46.52185185185184,233.17703703703708,31.25296296296296,34.57074074074074,2.2992592592592582,62.377777777777766,0.001904,0.001054,0.006789,15.268888888888885,0
665,665,2024-01-04 08:53:27+00:00,2024-01-04 08:53:27+00:00,214.59423076923065,0.2392307692307692,46.57269230769232,232.3234615384616,31.27269230769229,34.584230769230764,2.279615384615385,62.33038461538463,0.001872,0.000987,0.006741,15.300000000000022,0
666,666,2024-01-04 08:53:28+00:00,2024-01-04 08:53:28+00:00,212.94960000000003,0.2208,46.6404,230.39120000000003,31.26239999999999,34.5884,2.2595999999999994,62.1804,0.00188,0.001053,0.006702,15.37800000000001,0
667,667,2024-01-04 08:53:30+00:00,2024-01-04 08:53:30+00:00,209.6189285714285,0.235,46.772142857142846,225.82892857142855,31.27571428571428,34.57357142857143,2.1921428571428567,62.13750000000001,0.001861,0.001029,0.006588,15.49642857142857,0
668,668,2024-01-04 08:53:31+00:00,2024-01-04 08:53:31+00:00,205.71035714285708,0.2167857142857144,46.771785714285706,222.9675,31.27535714285713,34.50714285714285,2.156785714285714,62.188214285714295,0.001812,0.001012,0.006514,15.496428571428575,0
669,669,2024-01-04 08:53:32+00:00,2024-01-04 08:53:32+00:00,203.17714285714288,0.2107142857142857,46.82714285714288,219.84821428571428,31.294642857142843,34.50178571428571,2.120357142857143,62.25535714285716,0.001849,0.001037,0.006453,15.53250000000003,0
670,670,2024-01-04 08:53:34+00:00,2024-01-04 08:53:34+00:00,196.9248148148148,0.2122222222222222,46.88000000000002,214.29888888888888,31.29703703703703,34.420370370370364,2.040740740740741,62.306666666666665,0.001787,0.001021,0.006346,15.582962962962988,0
671,671,2024-01-04 08:53:35+00:00,2024-01-04 08:53:35+00:00,193.9933333333333,0.228,46.889,211.69866666666664,31.316666666666663,34.412,2.0000000000000004,62.35599999999998,0.001764,0.001013,0.006237,15.572333333333336,0
672,672,2024-01-04 08:53:36+00:00,2024-01-04 08:53:36+00:00,190.1107142857142,0.2096428571428572,46.90571428571428,207.2678571428572,31.31607142857143,34.413571428571444,1.9517857142857145,62.68178571428574,0.001731,0.001017,0.006115,15.589642857142852,0
673,673,2024-01-04 08:53:38+00:00,2024-01-04 08:53:38+00:00,183.1277777777778,0.2207407407407408,46.97333333333335,199.6707407407408,31.320370370370373,34.317037037037046,1.8470370370370373,62.84148148148148,0.00171,0.000982,0.006025,15.652962962962976,0
674,674,2024-01-04 08:53:39+00:00,2024-01-04 08:53:39+00:00,179.38392857142858,0.2135714285714286,46.96785714285716,194.6057142857143,31.341428571428576,34.246785714285714,1.7953571428571429,62.751428571428576,0.001652,0.001033,0.005764,15.62642857142858,0
675,675,2024-01-04 08:53:40+00:00,2024-01-04 08:53:40+00:00,175.08413793103458,0.2096551724137931,46.98206896551724,190.1510344827587,31.337931034482768,34.236206896551735,1.7624137931034485,63.2448275862069,0.001634,0.001035,0.005722,15.644137931034468,0
676,676,2024-01-04 08:53:41+00:00,2024-01-04 08:53:41+00:00,170.92241379310352,0.2158620689655172,46.99103448275863,185.4096551724138,31.36620689655172,34.17068965517241,1.6968965517241372,63.12586206896551,0.001538,0.000972,0.005444,15.624827586206909,0
677,677,2024-01-04 08:53:43+00:00,2024-01-04 08:53:43+00:00,160.5318518518518,0.215925925925926,47.01962962962963,175.98481481481474,31.37222222222222,34.032962962962955,1.608148148148148,63.57925925925926,0.001546,0.000975,0.005417,15.647407407407409,0
678,678,2024-01-04 08:53:44+00:00,2024-01-04 08:53:44+00:00,155.61533333333333,0.1896666666666666,46.982,170.1686666666666,31.36833333333334,33.99699999999999,1.5506666666666669,63.48033333333333,0.001466,0.000964,0.005122,15.61366666666666,0
679,679,2024-01-04 08:53:45+00:00,2024-01-04 08:53:45+00:00,151.8275,0.2078571428571429,46.96464285714285,166.39357142857148,31.37107142857143,33.96285714285714,1.5125000000000004,63.55642857142858,0.001445,0.001003,0.004959,15.59357142857142,0
680,680,2024-01-04 08:53:47+00:00,2024-01-04 08:53:47+00:00,141.79821428571424,0.1964285714285714,46.90428571428573,154.48357142857145,31.397142857142853,33.81250000000001,1.4110714285714283,63.635000000000005,0.001484,0.001039,0.004884,15.50714285714288,0
681,681,2024-01-04 08:53:48+00:00,2024-01-04 08:53:48+00:00,136.045925925926,0.1848148148148148,46.91222222222223,149.29370370370367,31.393333333333324,33.767037037037035,1.3596296296296302,63.72925925925924,0.001433,0.000978,0.004785,15.518888888888902,0
682,682,2024-01-04 08:53:49+00:00,2024-01-04 08:53:49+00:00,129.98206896551724,0.1989655172413793,46.90965517241382,144.01137931034486,31.411379310344827,33.71310344827587,1.3120689655172413,63.788965517241365,0.001382,0.000961,0.004667,15.498275862068994,0
683,683,2024-01-04 08:53:51+00:00,2024-01-04 08:53:51+00:00,120.14296296296298,0.1888888888888889,46.838888888888896,132.68851851851852,31.417777777777765,33.5611111111111,1.2107407407407411,64.0522222222222,0.001458,0.001028,0.00467,15.42111111111113,0
684,684,2024-01-04 08:53:52+00:00,2024-01-04 08:53:52+00:00,115.56592592592597,0.1892592592592593,46.81111111111112,127.5888888888889,31.45444444444445,33.53148148148147,1.1659259259259258,64.15481481481481,0.001401,0.001001,0.004621,15.356666666666662,0
685,685,2024-01-04 08:53:53+00:00,2024-01-04 08:53:53+00:00,110.26153846153844,0.183076923076923,46.78692307692309,121.46192307692309,31.440384615384616,33.46384615384616,1.118846153846154,64.58615384615385,0.001411,0.000969,0.004568,15.346538461538472,0
686,686,2024-01-04 08:53:55+00:00,2024-01-04 08:53:55+00:00,99.49870967741938,0.1841935483870968,46.66580645161292,110.67322580645155,31.45709677419357,33.29225806451613,1.0229032258064517,64.61354838709677,0.001393,0.001008,0.004487,15.208709677419352,0
687,687,2024-01-04 08:53:56+00:00,2024-01-04 08:53:56+00:00,94.21439999999996,0.1915999999999999,46.64599999999999,105.6904,31.44800000000001,33.23879999999999,0.9720000000000002,64.54440000000001,0.001349,0.000982,0.00431,15.197999999999972,0
688,688,2024-01-04 08:53:57+00:00,2024-01-04 08:53:57+00:00,89.96437499999998,0.19125,46.60406249999998,100.54624999999996,31.46375000000001,33.1675,0.9146875,64.70499999999998,0.001273,0.000955,0.004096,15.140312499999972,0
689,689,2024-01-04 08:53:59+00:00,2024-01-04 08:53:59+00:00,79.25241379310344,0.1844827586206897,46.502068965517246,89.69862068965513,31.485517241379323,33.04275862068965,0.807931034482759,64.85862068965517,0.00127,0.000906,0.004077,15.016551724137924,0
690,690,2024-01-04 08:54:00+00:00,2024-01-04 08:54:00+00:00,75.02444444444446,0.1803703703703704,46.42925925925926,85.17481481481481,31.47814814814816,32.942222222222206,0.7648148148148147,64.8759259259259,0.00127,0.000933,0.003966,14.9511111111111,0
691,691,2024-01-04 08:54:01+00:00,2024-01-04 08:54:01+00:00,70.2237037037037,0.1766666666666667,46.39518518518517,79.83481481481483,31.484814814814825,32.89703703703704,0.7133333333333337,65.06333333333333,0.001229,0.00092,0.003771,14.910370370370345,0
692,692,2024-01-04 08:54:02+00:00,2024-01-04 08:54:02+00:00,65.62392857142855,0.1689285714285714,46.3610714285714,74.71607142857145,31.497499999999995,32.85285714285713,0.6642857142857145,64.99571428571429,0.001196,0.000905,0.003716,14.863571428571404,0
693,693,2024-01-04 08:54:04+00:00,2024-01-04 08:54:04+00:00,57.22269230769233,0.1803846153846154,46.24346153846154,66.15576923076922,31.527307692307684,32.70961538461539,-0.0273076923076923,65.48461538461538,0.001168,0.000838,0.003558,14.716153846153857,0
694,694,2024-01-04 08:54:05+00:00,2024-01-04 08:54:05+00:00,53.22962962962965,0.1725925925925926,46.17148148148149,61.663703703703696,31.531111111111095,32.6637037037037,-0.0344444444444444,65.24888888888889,0.001268,0.000909,0.003417,14.640370370370396,0
695,695,2024-01-04 08:54:06+00:00,2024-01-04 08:54:06+00:00,49.11851851851852,0.1681481481481481,46.15666666666667,58.45962962962963,31.518888888888885,32.62111111111112,-0.0307407407407407,65.34777777777778,0.001137,0.000863,0.003351,14.637777777777789,0
696,696,2024-01-04 08:54:08+00:00,2024-01-04 08:54:08+00:00,42.03222222222224,0.1507407407407407,46.02888888888887,50.59444444444444,31.51703703703703,32.55703703703702,-0.0314814814814814,65.49999999999999,0.00105,0.000786,0.00319,14.51185185185184,0
697,697,2024-01-04 08:54:09+00:00,2024-01-04 08:54:09+00:00,39.23964285714285,0.1760714285714286,46.0057142857143,47.68071428571428,31.523928571428563,32.47607142857143,-0.03,65.64571428571428,0.001019,0.000798,0.003096,14.481785714285737,0
698,698,2024-01-04 08:54:10+00:00,2024-01-04 08:54:10+00:00,36.491428571428585,0.1635714285714285,45.93928571428573,43.322499999999984,31.55107142857141,32.44964285714285,-0.0310714285714285,65.60392857142857,0.001031,0.000804,0.003015,14.38821428571432,0
699,699,2024-01-04 08:54:12+00:00,2024-01-04 08:54:12+00:00,31.26733333333334,0.1753333333333333,45.844666666666654,38.36299999999999,31.549666666666653,32.39833333333333,-0.0303333333333333,66.18733333333334,0.000952,0.000731,0.002973,14.295000000000002,0
700,700,2024-01-04 08:54:13+00:00,2024-01-04 08:54:13+00:00,28.09730769230769,0.1719230769230769,45.76000000000002,35.674615384615386,31.57884615384616,32.33730769230769,-0.0319230769230769,65.87423076923073,0.000971,0.000748,0.002912,14.181153846153858,0
701,701,2024-01-04 08:54:14+00:00,2024-01-04 08:54:14+00:00,27.06296296296297,0.1622222222222222,45.69370370370371,32.855555555555554,31.59222222222222,32.353333333333346,-0.0325925925925926,65.93444444444441,0.001017,0.0009,0.002831,14.101481481481493,0
702,702,2024-01-04 08:54:16+00:00,2024-01-04 08:54:16+00:00,23.27814814814815,0.1633333333333333,45.63888888888887,29.63074074074074,31.59666666666667,32.27111111111112,-0.0322222222222222,65.93851851851856,0.001018,0.000835,0.002839,14.0422222222222,0
703,703,2024-01-04 08:54:17+00:00,2024-01-04 08:54:17+00:00,21.42517241379309,0.163103448275862,45.59448275862067,27.857931034482768,31.60862068965518,32.2248275862069,-0.0375862068965517,66.03379310344828,0.000984,0.000769,0.0028,13.985862068965492,0
704,704,2024-01-04 08:54:18+00:00,2024-01-04 08:54:18+00:00,21.283103448275863,0.1558620689655172,45.55482758620689,27.25413793103448,31.626551724137933,32.22379310344828,-0.0320689655172413,66.15517241379311,0.001078,0.000847,0.002764,13.928275862068958,0
705,705,2024-01-04 08:54:20+00:00,2024-01-04 08:54:20+00:00,19.56,0.1755555555555556,45.46962962962965,26.11555555555556,31.66185185185184,32.230000000000004,-0.0337037037037037,66.07814814814814,0.00097,0.000825,0.002738,13.807777777777805,0
706,706,2024-01-04 08:54:21+00:00,2024-01-04 08:54:21+00:00,19.475,0.1717857142857143,45.451428571428565,25.645,31.662499999999994,32.23285714285714,-0.0360714285714285,66.32107142857144,0.001038,0.000933,0.00275,13.78892857142857,0
707,707,2024-01-04 08:54:22+00:00,2024-01-04 08:54:22+00:00,19.52206896551724,0.1506896551724137,45.42551724137931,25.337586206896543,31.678275862068997,32.20551724137931,-0.036551724137931,65.93241379310344,0.000976,0.000868,0.00277,13.747241379310315,0
708,708,2024-01-04 08:54:23+00:00,2024-01-04 08:54:23+00:00,19.783076923076923,0.1826923076923077,45.33384615384614,26.278846153846164,31.690384615384623,32.16615384615385,-0.04,66.2626923076923,0.00101,0.000924,0.002786,13.643461538461516,0
709,709,2024-01-04 08:54:25+00:00,2024-01-04 08:54:25+00:00,21.531333333333343,0.1643333333333333,45.30299999999998,27.52133333333334,31.69200000000001,32.20333333333333,-0.0326666666666666,65.96066666666665,0.001074,0.000898,0.002818,13.610999999999969,0
710,710,2024-01-04 08:54:26+00:00,2024-01-04 08:54:26+00:00,22.373103448275863,0.1682758620689655,45.28241379310344,28.412758620689665,31.695862068965532,32.210344827586205,-0.0337931034482758,65.99068965517242,0.001029,0.000807,0.002901,13.586551724137902,0
711,711,2024-01-04 08:54:27+00:00,2024-01-04 08:54:27+00:00,24.512758620689656,0.1613793103448276,45.26758620689654,30.86172413793104,31.695517241379317,32.23448275862069,-0.0320689655172414,65.70206896551724,0.001009,0.000837,0.002945,13.572068965517223,0
712,712,2024-01-04 08:54:29+00:00,2024-01-04 08:54:29+00:00,26.96521739130434,0.1756521739130435,45.22043478260869,33.854782608695665,31.726086956521748,32.24086956521739,-0.0334782608695652,65.87304347826084,0.001085,0.000791,0.002932,13.494347826086944,0
713,713,2024-01-04 08:54:30+00:00,2024-01-04 08:54:30+00:00,29.43038461538461,0.1819230769230769,45.21307692307692,37.49538461538461,31.723846153846168,32.31269230769232,-0.035,65.87961538461539,0.001056,0.000846,0.002973,13.489230769230751,0
714,714,2024-01-04 08:54:31+00:00,2024-01-04 08:54:31+00:00,33.30333333333333,0.1719047619047619,45.24761904761905,39.41809523809523,31.733333333333334,32.34238095238095,-0.03,65.78476190476192,0.001054,0.000813,0.003051,13.514285714285707,0
715,715,2024-01-04 08:54:33+00:00,2024-01-04 08:54:33+00:00,37.5836,0.162,45.21040000000001,44.2912,31.748799999999992,32.4176,-0.0332,65.6832,0.001119,0.000877,0.003167,13.461600000000017,0
716,716,2024-01-04 08:54:34+00:00,2024-01-04 08:54:34+00:00,41.942000000000014,0.1696,45.2116,48.16439999999999,31.7624,32.482800000000005,-0.0316,65.47879999999998,0.001104,0.000832,0.003215,13.449200000000005,0
717,717,2024-01-04 08:54:35+00:00,2024-01-04 08:54:35+00:00,44.48793103448276,0.1648275862068965,45.183793103448295,51.75724137931034,31.756206896551724,32.51172413793103,-0.0306896551724138,65.31551724137931,0.001066,0.000823,0.003281,13.42758620689657,0
718,718,2024-01-04 08:54:37+00:00,2024-01-04 08:54:37+00:00,51.70807692307694,0.1876923076923077,45.22038461538462,59.25538461538461,31.80461538461539,32.60192307692308,-0.0315384615384615,65.48346153846154,0.001152,0.000878,0.00346,13.415769230769229,0
719,719,2024-01-04 08:54:38+00:00,2024-01-04 08:54:38+00:00,55.645555555555575,0.1733333333333334,45.20370370370373,63.79407407407408,31.80370370370369,32.62296296296297,-0.0311111111111111,65.0225925925926,0.001169,0.000823,0.00348,13.400000000000034,0
720,720,2024-01-04 08:54:39+00:00,2024-01-04 08:54:39+00:00,59.86464285714287,0.1757142857142856,45.23821428571427,67.67928571428568,31.79249999999999,32.734642857142845,-0.0114285714285714,65.06499999999998,0.001272,0.000882,0.00368,13.44571428571428,0
721,721,2024-01-04 08:54:40+00:00,2024-01-04 08:54:40+00:00,64.74714285714286,0.1678571428571428,45.25249999999999,72.25285714285714,31.792857142857137,32.78357142857143,0.4096428571428571,65.08214285714287,0.001214,0.000853,0.00376,13.459642857142851,0
722,722,2024-01-04 08:54:42+00:00,2024-01-04 08:54:42+00:00,73.38269230769232,0.1926923076923077,45.26076923076923,81.61307692307693,31.82038461538463,32.9273076923077,0.6969230769230766,65.05346153846155,0.001289,0.000908,0.003969,13.440384615384598,0
723,723,2024-01-04 08:54:43+00:00,2024-01-04 08:54:43+00:00,77.4903448275862,0.186896551724138,45.26862068965516,86.75655172413792,31.828275862068978,32.93379310344828,0.7358620689655173,64.76,0.001258,0.000901,0.003969,13.44034482758618,0
724,724,2024-01-04 08:54:44+00:00,2024-01-04 08:54:44+00:00,82.4116129032258,0.1874193548387096,45.27354838709677,92.0887096774194,31.832903225806465,33.035161290322584,0.7932258064516127,64.71612903225805,0.001384,0.001002,0.00419,13.440645161290302,0
725,725,2024-01-04 08:54:46+00:00,2024-01-04 08:54:46+00:00,92.65275862068964,0.1972413793103449,45.282758620689656,102.69206896551724,31.871034482758613,33.1941379310345,0.891034482758621,64.59379310344829,0.001314,0.000912,0.00427,13.411724137931042,0
726,726,2024-01-04 08:54:47+00:00,2024-01-04 08:54:47+00:00,96.85933333333332,0.185,45.313333333333325,107.19166666666663,31.888999999999992,33.294,0.9376666666666664,64.29566666666665,0.001329,0.000981,0.004295,13.424333333333331,0
727,727,2024-01-04 08:54:48+00:00,2024-01-04 08:54:48+00:00,103.83892857142855,0.1942857142857143,45.29035714285714,113.53250000000004,31.89071428571428,33.34250000000001,0.9946428571428572,64.38857142857142,0.001317,0.000969,0.004328,13.399642857142862,0
728,728,2024-01-04 08:54:50+00:00,2024-01-04 08:54:50+00:00,112.16142857142862,0.1935714285714286,45.30214285714284,123.88749999999992,31.909285714285705,33.545357142857135,1.092857142857143,64.19428571428573,0.001343,0.000995,0.004412,13.392857142857135,0
729,729,2024-01-04 08:54:51+00:00,2024-01-04 08:54:51+00:00,118.69962962962964,0.1959259259259259,45.25962962962964,130.11444444444444,31.926296296296304,33.5851851851852,1.1392592592592592,64.01777777777778,0.001394,0.000982,0.004542,13.333333333333332,0
730,730,2024-01-04 08:54:52+00:00,2024-01-04 08:54:52+00:00,123.09857142857147,0.1975,45.36249999999999,135.0071428571429,31.945,33.690357142857145,1.185357142857143,63.735357142857154,0.001412,0.001076,0.004652,13.41749999999999,0
731,731,2024-01-04 08:54:54+00:00,2024-01-04 08:54:54+00:00,133.8860714285714,0.1975,45.39964285714287,146.225,31.944642857142863,33.84678571428572,1.2828571428571425,63.66357142857144,0.001417,0.000979,0.004752,13.455000000000002,0
732,732,2024-01-04 08:54:55+00:00,2024-01-04 08:54:55+00:00,139.7382142857143,0.1992857142857143,45.41678571428572,151.46964285714284,31.963928571428585,33.92749999999999,1.3367857142857142,63.37642857142857,0.001474,0.00102,0.004864,13.452857142857138,0
733,733,2024-01-04 08:54:56+00:00,2024-01-04 08:54:56+00:00,143.3375862068966,0.1879310344827586,45.428965517241394,156.61379310344824,31.9693103448276,34.00655172413792,1.386551724137931,63.472413793103456,0.001444,0.00098,0.004872,13.459655172413797,0
734,734,2024-01-04 08:54:58+00:00,2024-01-04 08:54:58+00:00,154.3323333333333,0.206,45.48566666666668,167.61766666666662,31.97000000000001,34.16866666666667,1.4826666666666668,63.098000000000006,0.00149,0.001054,0.005054,13.515666666666675,0
735,735,2024-01-04 08:54:59+00:00,2024-01-04 08:54:59+00:00,159.18583333333336,0.2045833333333333,45.51083333333332,172.70125,31.964166666666674,34.24166666666667,1.5383333333333338,63.01791666666667,0.001571,0.00099,0.005363,13.546666666666647,0
736,736,2024-01-04 08:55:00+00:00,2024-01-04 08:55:00+00:00,163.0843333333333,0.2216666666666667,45.57899999999998,177.5366666666667,31.977333333333338,34.33500000000001,1.5793333333333337,63.273,0.001604,0.001032,0.005405,13.601666666666642,0
737,737,2024-01-04 08:55:01+00:00,2024-01-04 08:55:01+00:00,167.5014285714286,0.2053571428571428,45.62071428571429,181.59321428571428,31.98964285714286,34.42285714285714,1.6328571428571426,62.84714285714285,0.001644,0.001,0.005716,13.631071428571431,0
738,738,2024-01-04 08:55:03+00:00,2024-01-04 08:55:03+00:00,177.32580645161298,0.2164516129032259,45.68354838709679,191.1264516129032,32.00645161290322,34.59129032258065,1.739032258064516,62.52806451612904,0.001671,0.001029,0.005779,13.677096774193572,0
739,739,2024-01-04 08:55:04+00:00,2024-01-04 08:55:04+00:00,181.26703703703703,0.2114814814814815,45.72851851851853,195.86111111111117,32.03814814814813,34.667037037037026,1.7962962962962965,62.9137037037037,0.001774,0.001039,0.005965,13.690370370370395,0
740,740,2024-01-04 08:55:05+00:00,2024-01-04 08:55:05+00:00,185.22758620689655,0.2206896551724139,45.77275862068964,200.1644827586207,32.03965517241379,34.715172413793105,1.845862068965517,62.78689655172413,0.001767,0.00103,0.006156,13.733103448275855,0
741,741,2024-01-04 08:55:07+00:00,2024-01-04 08:55:07+00:00,193.25923076923075,0.2261538461538462,45.8930769230769,208.6653846153846,32.05846153846153,34.87923076923076,1.95,62.51038461538461,0.001837,0.001061,0.006256,13.834615384615375,0
742,742,2024-01-04 08:55:08+00:00,2024-01-04 08:55:08+00:00,196.2414285714285,0.2014285714285714,45.941428571428574,211.34178571428575,32.054285714285705,34.92964285714286,1.9928571428571424,62.48,0.001867,0.001054,0.006357,13.88714285714287,0
743,743,2024-01-04 08:55:09+00:00,2024-01-04 08:55:09+00:00,199.18461538461528,0.2192307692307693,46.00615384615383,215.51807692307688,32.07346153846156,34.9573076923077,2.0403846153846144,62.18653846153847,0.001882,0.001073,0.006491,13.932692307692273,0
744,744,2024-01-04 08:55:11+00:00,2024-01-04 08:55:11+00:00,205.0562962962962,0.2337037037037037,46.16037037037039,221.43703703703693,32.06999999999999,35.088888888888896,2.117407407407408,62.25703703703702,0.001948,0.001052,0.006657,14.090370370370394,0
745,745,2024-01-04 08:55:12+00:00,2024-01-04 08:55:12+00:00,208.06269230769232,0.2307692307692308,46.22423076923079,223.80999999999997,32.10346153846155,35.082307692307694,2.163076923076924,62.2973076923077,0.00197,0.001068,0.006735,14.120769230769234,0
746,746,2024-01-04 08:55:13+00:00,2024-01-04 08:55:13+00:00,209.6864285714285,0.2289285714285714,46.267499999999984,226.3328571428571,32.0907142857143,35.1457142857143,2.192857142857144,62.23571428571429,0.00197,0.001057,0.006812,14.176785714285684,0
747,747,2024-01-04 08:55:16+00:00,2024-01-04 08:55:16+00:00,215.3838461538461,0.2326923076923078,46.45461538461538,232.5234615384616,32.10615384615386,35.308461538461536,2.290384615384616,62.13846153846156,0.001898,0.001053,0.006825,14.34846153846152,0
748,748,2024-01-04 08:55:17+00:00,2024-01-04 08:55:17+00:00,216.71249999999995,0.2232142857142858,46.5717857142857,233.825,32.09642857142858,35.33607142857144,2.324285714285714,61.87035714285712,0.001932,0.001055,0.006867,14.47535714285712,0
749,749,2024-01-04 08:55:18+00:00,2024-01-04 08:55:18+00:00,217.38137931034484,0.233448275862069,46.59689655172415,235.0824137931034,32.102068965517255,35.347586206896565,2.34448275862069,61.98206896551725,0.001937,0.001033,0.006925,14.494827586206895,0
750,750,2024-01-04 08:55:20+00:00,2024-01-04 08:55:20+00:00,220.21692307692317,0.2280769230769231,46.82384615384613,236.56423076923076,32.12307692307692,35.43115384615384,2.378846153846154,62.11615384615384,0.001954,0.001051,0.006964,14.700769230769213,0
751,751,2024-01-04 08:55:21+00:00,2024-01-04 08:55:21+00:00,219.3857142857143,0.2357142857142857,46.87642857142858,236.9039285714286,32.122142857142855,35.42214285714285,2.389642857142858,61.96535714285714,0.001976,0.001076,0.006984,14.754285714285729,0
752,752,2024-01-04 08:55:22+00:00,2024-01-04 08:55:22+00:00,219.9726923076923,0.2334615384615384,46.94115384615385,236.52884615384616,32.12653846153846,35.47038461538461,2.3857692307692315,61.97576923076922,0.001933,0.001025,0.006963,14.814615384615394,0
753,753,2024-01-04 08:55:24+00:00,2024-01-04 08:55:24+00:00,218.1439285714286,0.2332142857142858,47.05392857142857,235.3057142857143,32.1442857142857,35.477142857142866,2.371785714285715,61.75321428571429,0.001936,0.001094,0.00691,14.90964285714287,0
754,754,2024-01-04 08:55:25+00:00,2024-01-04 08:55:25+00:00,218.9077777777777,0.2233333333333333,47.16666666666666,234.8418518518518,32.15777777777776,35.48111111111112,2.377777777777778,61.66925925925926,0.001904,0.001041,0.006886,15.008888888888904,0
755,755,2024-01-04 08:55:26+00:00,2024-01-04 08:55:26+00:00,216.2941379310345,0.2337931034482759,47.19344827586208,233.32689655172405,32.15413793103446,35.50206896551724,2.3434482758620696,61.95206896551724,0.00194,0.00105,0.006853,15.03931034482762,0
756,756,2024-01-04 08:55:28+00:00,2024-01-04 08:55:28+00:00,212.9144000000001,0.2284,47.34479999999999,229.76479999999992,32.149999999999984,35.4996,2.3044,61.99280000000001,0.001892,0.000995,0.006805,15.1948,0
757,757,2024-01-04 08:55:29+00:00,2024-01-04 08:55:29+00:00,211.08827586206883,0.2231034482758621,47.40689655172414,228.21172413793096,32.18068965517241,35.46827586206895,2.2744827586206897,61.91206896551723,0.00193,0.001076,0.006744,15.22620689655173,0
758,758,2024-01-04 08:55:30+00:00,2024-01-04 08:55:30+00:00,208.4159259259259,0.2225925925925926,47.4362962962963,226.69703703703712,32.16777777777776,35.46148148148148,2.2570370370370365,61.94925925925928,0.001866,0.001002,0.006689,15.26851851851854,0
759,759,2024-01-04 08:55:32+00:00,2024-01-04 08:55:32+00:00,204.68551724137936,0.2334482758620689,47.54931034482758,221.9493103448276,32.1755172413793,35.434827586206886,2.190689655172414,61.916206896551714,0.001864,0.001054,0.006581,15.373793103448278,0
760,760,2024-01-04 08:55:33+00:00,2024-01-04 08:55:33+00:00,200.67115384615389,0.2273076923076923,47.61461538461538,217.69230769230765,32.18961538461541,35.43192307692307,2.1330769230769224,62.51615384615384,0.001839,0.001032,0.006458,15.424999999999976,0
761,761,2024-01-04 08:55:34+00:00,2024-01-04 08:55:34+00:00,197.81925925925927,0.2211111111111111,47.561481481481465,215.0555555555556,32.21148148148149,35.34,2.0877777777777786,62.41037037037037,0.001828,0.001056,0.006366,15.349999999999971,0
762,762,2024-01-04 08:55:36+00:00,2024-01-04 08:55:36+00:00,191.0237037037037,0.2125925925925926,47.66222222222223,206.99148148148143,32.20407407407409,35.32814814814815,1.9870370370370365,62.38703703703703,0.001781,0.001049,0.006236,15.458148148148132,0
763,763,2024-01-04 08:55:37+00:00,2024-01-04 08:55:37+00:00,188.15076923076916,0.2223076923076923,47.64692307692308,203.15769230769232,32.20615384615385,35.26769230769231,1.940769230769231,62.83692307692308,0.001748,0.00101,0.006136,15.440769230769227,0
764,764,2024-01-04 08:55:38+00:00,2024-01-04 08:55:38+00:00,183.9992592592593,0.2181481481481481,47.69259259259261,198.92592592592595,32.21777777777778,35.2277777777778,1.879629629629629,62.62592592592591,0.001729,0.001075,0.005986,15.474814814814827,0
765,765,2024-01-04 08:55:39+00:00,2024-01-04 08:55:39+00:00,179.04892857142858,0.2107142857142858,47.65214285714286,194.4475,32.24107142857143,35.160714285714285,1.8325,62.882142857142846,0.001649,0.000996,0.005792,15.411071428571432,0
766,766,2024-01-04 08:55:41+00:00,2024-01-04 08:55:41+00:00,170.74896551724143,0.2062068965517242,47.727241379310335,185.36586206896555,32.25137931034483,35.10724137931033,1.745862068965517,63.070689655172416,0.001641,0.001014,0.005724,15.475862068965505,0
767,767,2024-01-04 08:55:42+00:00,2024-01-04 08:55:42+00:00,166.49359999999993,0.2092,47.68400000000001,180.20720000000009,32.26399999999999,35.055200000000006,1.6892000000000005,63.334,0.001586,0.00104,0.005506,15.420000000000025,0
768,768,2024-01-04 08:55:43+00:00,2024-01-04 08:55:43+00:00,161.45444444444445,0.2022222222222222,47.71259259259259,175.9737037037037,32.273333333333326,35.01999999999999,1.6418518518518517,63.31592592592594,0.001483,0.000992,0.005232,15.439259259259266,0
769,769,2024-01-04 08:55:45+00:00,2024-01-04 08:55:45+00:00,151.9940740740741,0.2114814814814814,47.65037037037036,165.93296296296296,32.283333333333324,34.843333333333334,1.534814814814815,63.54296296296296,0.001428,0.000989,0.005074,15.367037037037036,0
770,770,2024-01-04 08:55:46+00:00,2024-01-04 08:55:46+00:00,146.83241379310343,0.1996551724137931,47.65862068965518,160.35,32.284137931034465,34.83724137931035,1.485172413793104,63.59724137931034,0.001408,0.000986,0.004899,15.374482758620715,0
771,771,2024-01-04 08:55:47+00:00,2024-01-04 08:55:47+00:00,141.3634482758621,0.2062068965517242,47.63724137931034,154.66000000000008,32.29931034482757,34.73413793103448,1.4320689655172405,63.63241379310347,0.001299,0.000942,0.004619,15.337931034482772,0
772,772,2024-01-04 08:55:49+00:00,2024-01-04 08:55:49+00:00,131.44206896551722,0.1999999999999999,47.62241379310347,144.78344827586204,32.32344827586206,34.67068965517242,1.3362068965517244,63.85793103448277,0.00134,0.001001,0.004605,15.298965517241406,0
773,773,2024-01-04 08:55:50+00:00,2024-01-04 08:55:50+00:00,125.985,0.1926923076923077,47.58423076923077,138.5846153846154,32.320384615384626,34.60807692307692,1.285,63.85346153846152,0.001342,0.000967,0.004625,15.263846153846146,0
774,774,2024-01-04 08:55:51+00:00,2024-01-04 08:55:51+00:00,121.0225,0.1978571428571429,47.52821428571429,133.9360714285714,32.325714285714305,34.504999999999995,1.2399999999999998,64.32785714285716,0.00135,0.000979,0.00459,15.20249999999998,0
775,775,2024-01-04 08:55:53+00:00,2024-01-04 08:55:53+00:00,111.0589285714286,0.1964285714285715,47.46642857142858,122.88142857142854,32.36821428571428,34.39964285714285,1.1492857142857142,64.30250000000002,0.00132,0.00096,0.0045,15.0982142857143,0
776,776,2024-01-04 08:55:54+00:00,2024-01-04 08:55:54+00:00,105.23740740740742,0.2074074074074075,47.38962962962962,117.50518518518518,32.38814814814814,34.30962962962963,1.0907407407407403,64.26703703703706,0.001298,0.000963,0.004431,15.001481481481475,0
777,777,2024-01-04 08:55:55+00:00,2024-01-04 08:55:55+00:00,100.8976666666666,0.1883333333333333,47.36033333333333,112.05133333333336,32.379666666666665,34.23500000000001,1.0450000000000004,64.39399999999998,0.001289,0.000937,0.004357,14.980666666666664,0
778,778,2024-01-04 08:55:57+00:00,2024-01-04 08:55:57+00:00,90.19096774193548,0.19,47.30580645161289,100.46612903225804,32.37806451612903,34.115161290322575,0.938709677419355,64.69193548387095,0.001268,0.000969,0.004245,14.92774193548386,0
779,779,2024-01-04 08:55:58+00:00,2024-01-04 08:55:58+00:00,84.44275862068963,0.1851724137931034,47.208965517241374,95.21206896551725,32.37344827586207,34.016896551724145,0.884137931034483,65.00172413793102,0.00123,0.000906,0.004069,14.835517241379309,0
780,780,2024-01-04 08:55:59+00:00,2024-01-04 08:55:59+00:00,80.36958333333335,0.1854166666666667,47.21291666666667,90.03458333333334,32.37541666666667,33.95749999999999,0.8312499999999999,64.88291666666667,0.001159,0.000896,0.003867,14.8375,0
781,781,2024-01-04 08:56:00+00:00,2024-01-04 08:56:00+00:00,75.56185185185186,0.1844444444444444,47.14481481481481,85.47444444444443,32.38185185185185,33.91222222222222,0.7796296296296297,64.94703703703703,0.001154,0.000867,0.003817,14.76296296296296,0
782,782,2024-01-04 08:56:02+00:00,2024-01-04 08:56:02+00:00,66.29066666666664,0.1779999999999999,47.03999999999998,75.26799999999999,32.40166666666666,33.75933333333333,0.6769999999999998,65.30466666666668,0.00117,0.000861,0.003761,14.63833333333332,0
783,783,2024-01-04 08:56:03+00:00,2024-01-04 08:56:03+00:00,61.30555555555557,0.1707407407407407,47.00259259259257,70.44814814814815,32.39962962962962,33.70777777777778,0.6170370370370369,65.06259259259258,0.001063,0.000851,0.003513,14.602962962962948,0
784,784,2024-01-04 08:56:04+00:00,2024-01-04 08:56:04+00:00,57.47888888888887,0.1718518518518519,46.96962962962963,66.96111111111112,32.403333333333315,33.68222222222222,0.2933333333333333,65.10074074074076,0.001067,0.000789,0.003442,14.566296296296317,0
785,785,2024-01-04 08:56:06+00:00,2024-01-04 08:56:06+00:00,50.08214285714285,0.1757142857142857,46.83714285714286,58.20821428571429,32.4042857142857,33.520357142857144,-0.0371428571428571,65.33107142857145,0.001043,0.000793,0.003362,14.43285714285716,0
786,786,2024-01-04 08:56:07+00:00,2024-01-04 08:56:07+00:00,45.49035714285715,0.1642857142857143,46.79500000000001,53.505,32.3992857142857,33.49285714285714,-0.0371428571428571,65.36464285714287,0.000993,0.000773,0.003183,14.395714285714304,0
787,787,2024-01-04 08:56:08+00:00,2024-01-04 08:56:08+00:00,42.96307692307692,0.1711538461538461,46.743461538461546,51.09346153846153,32.41538461538461,33.416538461538465,-0.04,65.4923076923077,0.000977,0.000768,0.003132,14.328076923076935,0
788,788,2024-01-04 08:56:10+00:00,2024-01-04 08:56:10+00:00,36.871481481481474,0.1666666666666667,46.68592592592594,43.798518518518506,32.43703703703703,33.36925925925926,-0.0351851851851851,65.61481481481478,0.001054,0.000744,0.002988,14.248888888888914,0
789,789,2024-01-04 08:56:11+00:00,2024-01-04 08:56:11+00:00,33.62310344827587,0.1620689655172413,46.58172413793101,40.28965517241379,32.44724137931035,33.27896551724139,-0.0355172413793103,65.54517241379311,0.001005,0.00082,0.002972,14.134482758620663,0
790,790,2024-01-04 08:56:12+00:00,2024-01-04 08:56:12+00:00,31.601999999999997,0.1673333333333334,46.48766666666668,38.22966666666667,32.44866666666668,33.229,-0.039,65.73733333333332,0.000963,0.000732,0.0029,14.038999999999994,0
791,791,2024-01-04 08:56:14+00:00,2024-01-04 08:56:14+00:00,26.39433333333333,0.1653333333333334,46.41333333333333,33.56366666666665,32.45700000000001,33.21033333333333,-0.036,65.97733333333333,0.001465,0.001423,0.002844,13.956333333333326,0
792,792,2024-01-04 08:56:15+00:00,2024-01-04 08:56:15+00:00,24.85642857142857,0.1599999999999999,46.33214285714285,31.39428571428572,32.461428571428584,33.16571428571428,-0.0389285714285714,65.94857142857144,0.001081,0.000951,0.002799,13.870714285714264,0
793,793,2024-01-04 08:56:16+00:00,2024-01-04 08:56:16+00:00,23.102400000000006,0.1636,46.33439999999999,29.07,32.4848,33.178000000000004,-0.04,66.058,0.000946,0.000749,0.002739,13.849599999999988,0
794,794,2024-01-04 08:56:17+00:00,2024-01-04 08:56:17+00:00,22.155769230769238,0.1703846153846153,46.28230769230769,27.91576923076923,32.48576923076924,33.14807692307693,-0.0392307692307692,65.97153846153847,0.000973,0.000754,0.002653,13.796538461538454,0
795,795,2024-01-04 08:56:19+00:00,2024-01-04 08:56:19+00:00,20.125185185185188,0.1629629629629629,46.19000000000001,25.51148148148148,32.50999999999999,33.111111111111114,-0.04,65.98111111111112,0.000909,0.000838,0.002678,13.68000000000002,0
796,796,2024-01-04 08:56:20+00:00,2024-01-04 08:56:20+00:00,20.25500000000001,0.1606666666666667,46.09033333333333,25.529000000000003,32.53733333333332,33.05766666666667,-0.039,65.87033333333333,0.000932,0.000836,0.002609,13.553000000000004,0
797,797,2024-01-04 08:56:21+00:00,2024-01-04 08:56:21+00:00,19.882500000000004,0.1612499999999999,46.07291666666666,25.177916666666658,32.54374999999998,33.12708333333333,-0.04,65.73208333333334,0.000915,0.00084,0.002649,13.529166666666685,0
798,798,2024-01-04 08:56:23+00:00,2024-01-04 08:56:23+00:00,19.699285714285715,0.1503571428571428,46.04,25.272142857142853,32.59142857142859,33.10928571428572,-0.0389285714285714,65.83607142857143,0.000948,0.000882,0.002677,13.448571428571412,0
799,799,2024-01-04 08:56:24+00:00,2024-01-04 08:56:24+00:00,19.927407407407404,0.1674074074074074,45.96925925925928,25.655555555555548,32.58296296296299,33.08666666666667,-0.0403703703703703,66.05555555555557,0.000954,0.000854,0.002617,13.386296296296294,0
800,800,2024-01-04 08:56:25+00:00,2024-01-04 08:56:25+00:00,21.1425,0.1657142857142857,45.97821428571428,26.754999999999992,32.5882142857143,33.14678571428572,-0.04,66.07535714285716,0.000891,0.000792,0.002708,13.38999999999998,0
801,801,2024-01-04 08:56:27+00:00,2024-01-04 08:56:27+00:00,23.75148148148148,0.1674074074074074,45.92666666666669,29.90962962962963,32.61518518518519,33.150000000000006,-0.0366666666666666,66.0022222222222,0.000912,0.000737,0.002831,13.311481481481492,0
802,802,2024-01-04 08:56:28+00:00,2024-01-04 08:56:28+00:00,25.928888888888896,0.1703703703703704,45.918888888888894,31.95777777777777,32.62444444444444,33.18777777777779,-0.0392592592592592,65.60925925925928,0.000926,0.000723,0.00285,13.294444444444451,0
803,803,2024-01-04 08:56:29+00:00,2024-01-04 08:56:29+00:00,27.94535714285715,0.1707142857142858,45.924642857142864,33.488571428571426,32.63357142857142,33.20964285714287,-0.0375,65.78642857142857,0.000961,0.000758,0.002843,13.291071428571442,0
804,804,2024-01-04 08:56:31+00:00,2024-01-04 08:56:31+00:00,31.96172413793104,0.1634482758620689,45.91275862068967,38.23137931034482,32.66689655172413,33.2806896551724,-0.0375862068965517,65.94793103448276,0.000957,0.000759,0.002915,13.245862068965543,0
805,805,2024-01-04 08:56:32+00:00,2024-01-04 08:56:32+00:00,35.10370370370371,0.1644444444444444,45.87925925925925,40.98111111111111,32.673333333333325,33.327777777777776,-0.0388888888888888,65.54740740740742,0.000954,0.000761,0.00292,13.205925925925923,0
806,806,2024-01-04 08:56:33+00:00,2024-01-04 08:56:33+00:00,37.31999999999999,0.1703571428571428,45.919285714285714,43.9825,32.693928571428586,33.393214285714286,-0.0375,65.57785714285716,0.001092,0.000761,0.003074,13.225357142857128,0
807,807,2024-01-04 08:56:35+00:00,2024-01-04 08:56:35+00:00,44.265357142857134,0.1753571428571428,45.91928571428572,50.8,32.701071428571446,33.45,-0.0375,65.55142857142856,0.001035,0.000769,0.003122,13.218214285714277,0
808,808,2024-01-04 08:56:36+00:00,2024-01-04 08:56:36+00:00,47.79862068965517,0.1720689655172413,45.89241379310344,54.40896551724139,32.69724137931035,33.51482758620689,-0.04,65.35586206896551,0.001021,0.000818,0.00325,13.195172413793095,0
809,809,2024-01-04 08:56:37+00:00,2024-01-04 08:56:37+00:00,50.82821428571429,0.1660714285714286,45.86785714285715,57.57357142857142,32.70785714285715,33.49642857142857,-0.0371428571428571,65.24750000000002,0.001144,0.000841,0.003312,13.159999999999997,0
810,810,2024-01-04 08:56:38+00:00,2024-01-04 08:56:38+00:00,55.487857142857145,0.1742857142857142,45.91964285714285,62.56357142857145,32.701428571428586,33.57749999999999,-0.0325,65.17499999999998,0.001084,0.0008,0.0035,13.21821428571426,0
811,811,2024-01-04 08:56:40+00:00,2024-01-04 08:56:40+00:00,64.16111111111111,0.1677777777777778,45.9551851851852,71.31666666666666,32.7088888888889,33.69407407407407,0.4948148148148149,65.00740740740743,0.001123,0.000824,0.00355,13.246296296296292,0
812,812,2024-01-04 08:56:41+00:00,2024-01-04 08:56:41+00:00,68.30500000000002,0.17875,45.93625,76.40083333333334,32.71791666666667,33.74916666666668,0.6562499999999999,65.07958333333335,0.001218,0.00084,0.00381,13.218333333333334,0
813,813,2024-01-04 08:56:42+00:00,2024-01-04 08:56:42+00:00,72.37599999999999,0.1872,45.90240000000003,80.93159999999997,32.717600000000004,33.78360000000001,0.7048000000000001,65.3,0.001181,0.000831,0.003865,13.184800000000024,0
814,814,2024-01-04 08:56:44+00:00,2024-01-04 08:56:44+00:00,81.82642857142856,0.1853571428571429,45.92357142857143,91.08642857142856,32.745357142857145,33.93428571428569,0.8014285714285714,64.65642857142856,0.001196,0.000843,0.003923,13.178214285714285,0
815,815,2024-01-04 08:56:45+00:00,2024-01-04 08:56:45+00:00,87.73892857142857,0.1960714285714286,45.94928571428573,97.08535714285712,32.74892857142858,34.003571428571426,0.85,64.66714285714286,0.001266,0.000872,0.004157,13.20035714285715,0
816,816,2024-01-04 08:56:46+00:00,2024-01-04 08:56:46+00:00,91.77920000000002,0.1767999999999999,45.94759999999999,101.0684,32.749599999999994,34.06280000000001,0.9000000000000002,64.658,0.001327,0.000925,0.004326,13.197999999999992,0
817,817,2024-01-04 08:56:48+00:00,2024-01-04 08:56:48+00:00,102.01428571428572,0.1907142857142857,45.93678571428571,112.37249999999996,32.76999999999999,34.25607142857142,1.0071428571428571,64.5107142857143,0.001341,0.000909,0.004406,13.166785714285725,0
818,818,2024-01-04 08:56:49+00:00,2024-01-04 08:56:49+00:00,106.81666666666668,0.187037037037037,45.96,117.5144444444444,32.76999999999999,34.344444444444456,1.051851851851852,63.976666666666674,0.001334,0.000931,0.004476,13.190000000000005,0
819,819,2024-01-04 08:56:50+00:00,2024-01-04 08:56:50+00:00,112.76037037037034,0.1977777777777778,45.97703703703702,123.65370370370368,32.79185185185184,34.446666666666665,1.102962962962963,64.09925925925927,0.001363,0.000957,0.004586,13.185185185185183,0
820,820,2024-01-04 08:56:52+00:00,2024-01-04 08:56:52+00:00,123.00806451612908,0.1935483870967741,46.02774193548386,133.85451612903225,32.80806451612901,34.57548387096773,1.199354838709677,63.79,0.001414,0.00095,0.004732,13.219677419354852,0
821,821,2024-01-04 08:56:53+00:00,2024-01-04 08:56:53+00:00,127.10821428571424,0.1953571428571428,46.036785714285706,138.86142857142855,32.80571428571428,34.65749999999999,1.2400000000000002,63.84357142857142,0.001414,0.000948,0.004784,13.231071428571424,0
822,822,2024-01-04 08:56:54+00:00,2024-01-04 08:56:54+00:00,133.05800000000002,0.1856,45.9876,144.19279999999998,32.81239999999998,34.706,1.2891999999999997,63.6212,0.001385,0.000936,0.004675,13.175200000000018,0
823,823,2024-01-04 08:56:55+00:00,2024-01-04 08:56:55+00:00,138.92862068965516,0.1941379310344828,46.04862068965515,150.16103448275865,32.81206896551726,34.77827586206897,1.3427586206896551,63.88068965517241,0.001447,0.000934,0.004755,13.23655172413789,0
824,824,2024-01-04 08:56:57+00:00,2024-01-04 08:56:57+00:00,149.18814814814814,0.2081481481481481,46.09111111111113,161.80518518518517,32.86925925925926,34.965185185185184,1.455185185185185,63.20703703703704,0.001496,0.000953,0.005057,13.221851851851874,0
825,825,2024-01-04 08:56:58+00:00,2024-01-04 08:56:58+00:00,152.83785714285713,0.2064285714285714,46.15071428571429,166.4385714285714,32.868571428571435,35.058214285714286,1.5039285714285715,63.18357142857145,0.001504,0.00097,0.00512,13.282142857142851,0
826,826,2024-01-04 08:56:59+00:00,2024-01-04 08:56:59+00:00,158.6496296296296,0.2074074074074074,46.20333333333335,171.47777777777776,32.86333333333334,35.11074074074074,1.5518518518518518,63.06444444444443,0.001579,0.000984,0.005423,13.34000000000001,0
827,827,2024-01-04 08:57:01+00:00,2024-01-04 08:57:01+00:00,167.37933333333334,0.1946666666666667,46.266,180.525,32.893333333333324,35.290333333333336,1.6579999999999997,62.97166666666665,0.001611,0.000981,0.005521,13.372666666666674,0
828,828,2024-01-04 08:57:02+00:00,2024-01-04 08:57:02+00:00,172.34148148148148,0.2177777777777777,46.313333333333325,185.83555555555557,32.90629629629628,35.36037037037036,1.712962962962962,63.22592592592592,0.001681,0.001013,0.005761,13.407037037037044,0
829,829,2024-01-04 08:57:03+00:00,2024-01-04 08:57:03+00:00,176.62750000000008,0.2082142857142856,46.33928571428573,190.0078571428571,32.90357142857142,35.44499999999999,1.771428571428571,62.87214285714284,0.001718,0.001006,0.005915,13.435714285714312,0
830,830,2024-01-04 08:57:05+00:00,2024-01-04 08:57:05+00:00,185.40730769230765,0.213076923076923,46.45653846153845,199.39846153846156,32.92076923076921,35.565769230769234,1.878461538461539,62.77500000000001,0.001752,0.001074,0.006053,13.53576923076924,0
831,831,2024-01-04 08:57:06+00:00,2024-01-04 08:57:06+00:00,188.24799999999996,0.2132,46.47840000000001,202.8408,32.926399999999994,35.638000000000005,1.9236000000000004,62.60880000000001,0.001787,0.001002,0.006192,13.552000000000014,0
832,832,2024-01-04 08:57:07+00:00,2024-01-04 08:57:07+00:00,191.78400000000005,0.2312,46.5172,208.03679999999997,32.96840000000001,35.657999999999994,1.9804000000000004,62.594,0.001839,0.001012,0.00633,13.548799999999993,0
833,833,2024-01-04 08:57:09+00:00,2024-01-04 08:57:09+00:00,199.3885185185185,0.2255555555555557,46.67259259259259,214.53148148148145,32.94888888888891,35.85,2.074814814814815,62.27518518518519,0.001786,0.000987,0.006369,13.723703703703684,0
834,834,2024-01-04 08:57:10+00:00,2024-01-04 08:57:10+00:00,201.22758620689652,0.2193103448275863,46.76068965517242,217.17931034482743,32.93793103448279,35.90379310344828,2.116896551724138,62.3148275862069,0.001853,0.001006,0.006508,13.822758620689632,0
835,835,2024-01-04 08:57:11+00:00,2024-01-04 08:57:11+00:00,204.65000000000003,0.2282142857142857,46.7792857142857,220.6060714285713,32.95678571428572,35.94107142857143,2.161785714285714,62.12857142857141,0.001861,0.001015,0.006634,13.822499999999977,0
836,836,2024-01-04 08:57:13+00:00,2024-01-04 08:57:13+00:00,208.9433333333333,0.2288888888888889,46.911111111111126,226.59037037037035,32.96074074074075,36.03518518518518,2.240370370370371,62.024444444444455,0.001907,0.001008,0.006749,13.950370370370372,0
837,837,2024-01-04 08:57:14+00:00,2024-01-04 08:57:14+00:00,211.06333333333325,0.2174074074074073,47.0025925925926,228.23481481481485,32.95555555555558,36.11962962962964,2.28,61.755185185185184,0.001954,0.001008,0.006855,14.047037037037022,0
838,838,2024-01-04 08:57:15+00:00,2024-01-04 08:57:15+00:00,213.28541666666663,0.2241666666666666,47.07500000000001,230.55458333333328,32.963333333333345,36.15708333333332,2.3145833333333337,61.99541666666666,0.001964,0.001002,0.006879,14.111666666666665,0
839,839,2024-01-04 08:57:16+00:00,2024-01-04 08:57:16+00:00,216.42500000000007,0.2261538461538461,47.13769230769232,232.67461538461535,32.97153846153848,36.2173076923077,2.353461538461539,61.76884615384616,0.001789,0.000985,0.005494,14.16615384615384,0
840,840,2024-01-04 08:57:22+00:00,2024-01-04 08:57:22+00:00,220.3207692307692,0.2315384615384615,47.60961538461541,236.0380769230769,32.98769230769232,36.4003846153846,2.4015384615384607,61.97346153846157,0.001993,0.001005,0.007081,14.621923076923087,0
841,841,2024-01-04 08:57:24+00:00,2024-01-04 08:57:24+00:00,218.63344827586212,0.2444827586206897,47.75517241379309,235.83482758620693,33.02241379310344,36.37655172413794,2.4000000000000004,61.91965517241381,0.001989,0.001011,0.007064,14.732758620689651,0
842,842,2024-01-04 08:57:26+00:00,2024-01-04 08:57:26+00:00,217.34039999999996,0.222,47.88360000000001,233.63200000000003,33.02479999999999,36.418,2.3808,61.94839999999999,0.001924,0.001008,0.006972,14.858800000000016,0
843,843,2024-01-04 08:57:27+00:00,2024-01-04 08:57:27+00:00,215.27392857142857,0.2175,47.98285714285716,231.615,33.045357142857135,36.45499999999999,2.3628571428571434,61.948571428571405,0.001891,0.001009,0.006904,14.93750000000002,0
844,844,2024-01-04 08:57:28+00:00,2024-01-04 08:57:28+00:00,213.15740740740733,0.23,47.97666666666668,230.55407407407404,33.04814814814813,36.40592592592592,2.3377777777777777,62.00666666666667,0.001883,0.001027,0.006838,14.928518518518551,0
845,845,2024-01-04 08:57:30+00:00,2024-01-04 08:57:30+00:00,208.47357142857132,0.2221428571428571,48.08535714285712,226.0292857142857,33.067142857142855,36.37535714285715,2.273571428571429,62.11678571428571,0.001865,0.000998,0.006754,15.018214285714263,0
846,846,2024-01-04 08:57:31+00:00,2024-01-04 08:57:31+00:00,206.7984,0.2176,48.1872,223.90920000000003,33.09600000000002,36.4092,2.2500000000000004,62.2212,0.001842,0.000987,0.006722,15.091199999999986,0
847,847,2024-01-04 08:57:32+00:00,2024-01-04 08:57:32+00:00,204.88333333333327,0.2214814814814815,48.23814814814817,221.38111111111104,33.10111111111112,36.38111111111111,2.2096296296296307,62.290000000000006,0.001837,0.001018,0.006637,15.137037037037048,0
848,848,2024-01-04 08:57:33+00:00,2024-01-04 08:57:33+00:00,202.2368,0.2232,48.308000000000014,218.13520000000003,33.09720000000001,36.3696,2.162,62.35280000000001,0.001804,0.001021,0.006495,15.210800000000006,0
849,849,2024-01-04 08:57:35+00:00,2024-01-04 08:57:35+00:00,194.66370370370373,0.2192592592592592,48.33296296296297,211.57999999999987,33.1311111111111,36.28444444444444,2.0677777777777786,62.553333333333335,0.00179,0.001012,0.006428,15.201851851851863,0
850,850,2024-01-04 08:57:36+00:00,2024-01-04 08:57:36+00:00,191.99629629629635,0.2251851851851852,48.30333333333332,207.3503703703704,33.13185185185185,36.25629629629629,2.02,62.78,0.001741,0.001012,0.006293,15.171481481481472,0
851,851,2024-01-04 08:57:37+00:00,2024-01-04 08:57:37+00:00,188.1596153846154,0.2123076923076924,48.332307692307694,203.20615384615388,33.140384615384605,36.232692307692304,1.961538461538462,62.35230769230772,0.001692,0.001001,0.006127,15.19192307692309,0
852,852,2024-01-04 08:57:39+00:00,2024-01-04 08:57:39+00:00,180.5485185185185,0.2188888888888888,48.35481481481484,195.3648148148149,33.16259259259258,36.12111111111111,1.8851851851851849,62.8162962962963,0.001614,0.000995,0.005938,15.192222222222256,0
853,853,2024-01-04 08:57:40+00:00,2024-01-04 08:57:40+00:00,175.8032,0.2136000000000001,48.36719999999998,190.6916,33.166,36.07359999999999,1.8284,62.91080000000001,0.00156,0.000982,0.005744,15.201199999999986,0
854,854,2024-01-04 08:57:41+00:00,2024-01-04 08:57:41+00:00,171.06607142857143,0.2192857142857143,48.38285714285716,186.5771428571429,33.16214285714283,36.01571428571428,1.7746428571428567,62.726428571428585,0.001499,0.000973,0.005538,15.220714285714324,0
855,855,2024-01-04 08:57:43+00:00,2024-01-04 08:57:43+00:00,162.0448387096774,0.1983870967741935,48.36935483870967,175.64645161290315,33.182258064516134,35.86999999999999,1.6687096774193544,63.50838709677421,0.001462,0.000974,0.005354,15.187096774193536,0
856,856,2024-01-04 08:57:44+00:00,2024-01-04 08:57:44+00:00,156.7,0.2010714285714286,48.38857142857143,171.07142857142858,33.18785714285717,35.85178571428572,1.6150000000000004,63.157500000000006,0.00147,0.000958,0.005248,15.200714285714264,0
857,857,2024-01-04 08:57:45+00:00,2024-01-04 08:57:45+00:00,153.8436,0.1976,48.35960000000002,166.30880000000002,33.1972,35.76719999999999,1.5596000000000003,63.38440000000001,0.00137,0.000961,0.005012,15.16240000000002,0
858,858,2024-01-04 08:57:47+00:00,2024-01-04 08:57:47+00:00,142.03884615384618,0.2046153846153846,48.268076923076926,155.4023076923077,33.204615384615394,35.66615384615384,1.4542307692307692,64.04884615384618,0.001359,0.000977,0.004899,15.063461538461532,0
859,859,2024-01-04 08:57:48+00:00,2024-01-04 08:57:48+00:00,137.1685185185185,0.1959259259259259,48.29,149.8896296296296,33.2162962962963,35.60962962962962,1.4133333333333336,63.73629629629632,0.001329,0.000939,0.004705,15.0737037037037,0
860,860,2024-01-04 08:57:49+00:00,2024-01-04 08:57:49+00:00,132.65133333333333,0.1896666666666667,48.28266666666664,144.8456666666666,33.228000000000016,35.55866666666667,1.3640000000000008,63.83533333333332,0.001345,0.000943,0.004702,15.054666666666629,0
861,861,2024-01-04 08:57:51+00:00,2024-01-04 08:57:51+00:00,121.77586206896554,0.1868965517241379,48.22758620689658,133.8931034482759,33.23517241379311,35.44275862068965,1.256551724137931,63.73413793103448,0.00132,0.000943,0.004616,14.992413793103474,0
862,862,2024-01-04 08:57:52+00:00,2024-01-04 08:57:52+00:00,116.82625,0.18375,48.16750000000001,128.56708333333327,33.258333333333326,35.319583333333334,1.2145833333333336,64.09291666666665,0.0013,0.000945,0.004516,14.909166666666684,0
863,863,2024-01-04 08:57:53+00:00,2024-01-04 08:57:53+00:00,111.31407407407411,0.1792592592592592,48.12777777777775,123.03259259259254,33.25222222222222,35.29333333333334,1.1644444444444442,64.22111111111111,0.001297,0.000956,0.00451,14.875555555555527,0
864,864,2024-01-04 08:57:54+00:00,2024-01-04 08:57:54+00:00,106.19961538461536,0.1830769230769231,48.09269230769231,117.225,33.255384615384614,35.21269230769231,1.1138461538461542,64.05692307692307,0.001302,0.00097,0.004479,14.837307692307697,0
865,865,2024-01-04 08:57:56+00:00,2024-01-04 08:57:56+00:00,95.65,0.1846428571428571,48.0125,106.92285714285713,33.252857142857145,35.07500000000002,1.0214285714285718,64.6489285714286,0.001277,0.000936,0.004362,14.759642857142858,0
866,866,2024-01-04 08:57:57+00:00,2024-01-04 08:57:57+00:00,90.3034482758621,0.1775862068965518,47.98241379310343,100.84827586206896,33.26517241379309,35.00758620689656,0.96,64.8296551724138,0.001299,0.000929,0.004271,14.717241379310344,0
867,867,2024-01-04 08:57:58+00:00,2024-01-04 08:57:58+00:00,86.38740740740742,0.1807407407407408,47.90777777777779,95.8737037037037,33.27259259259259,34.92555555555556,0.904074074074074,64.82,0.001197,0.000894,0.004129,14.6351851851852,0
868,868,2024-01-04 08:58:00+00:00,2024-01-04 08:58:00+00:00,75.35827586206895,0.18,47.82310344827585,85.7537931034483,33.292068965517224,34.80517241379311,0.8065517241379311,64.87620689655172,0.001149,0.000861,0.003915,14.531034482758628,0
869,869,2024-01-04 08:58:01+00:00,2024-01-04 08:58:01+00:00,71.87379310344826,0.1741379310344827,47.77724137931035,80.81827586206899,33.31379310344828,34.74172413793103,0.7548275862068965,65.11413793103448,0.001146,0.000846,0.003814,14.46344827586207,0
870,870,2024-01-04 08:58:02+00:00,2024-01-04 08:58:02+00:00,67.6872,0.1764,47.70519999999998,76.24680000000001,33.2952,34.71279999999999,0.7048000000000002,65.18,0.001197,0.000852,0.003793,14.409999999999975,0
871,871,2024-01-04 08:58:04+00:00,2024-01-04 08:58:04+00:00,58.17655172413794,0.176551724137931,47.60793103448276,66.98689655172412,33.3341379310345,34.60758620689655,0.3944827586206896,65.57827586206896,0.001103,0.000826,0.003645,14.273793103448265,0
872,872,2024-01-04 08:58:05+00:00,2024-01-04 08:58:05+00:00,53.92038461538462,0.1773076923076922,47.56576923076921,62.86269230769229,33.34500000000001,34.50000000000001,0.0003846153846153,65.3546153846154,0.001019,0.000791,0.0034,14.2207692307692,0
873,873,2024-01-04 08:58:06+00:00,2024-01-04 08:58:06+00:00,50.35678571428572,0.1778571428571429,47.47250000000002,58.58964285714286,33.33928571428573,34.467499999999994,-0.04,65.5275,0.001032,0.000771,0.003402,14.133214285714288,0
874,874,2024-01-04 08:58:08+00:00,2024-01-04 08:58:08+00:00,43.682307692307695,0.1723076923076923,47.37038461538461,50.73576923076923,33.365,34.36076923076922,-0.0346153846153846,65.55846153846153,0.000974,0.000767,0.003221,14.005384615384608,0
875,875,2024-01-04 08:58:09+00:00,2024-01-04 08:58:09+00:00,40.56517241379309,0.1634482758620689,47.35689655172414,47.25551724137932,33.37379310344828,34.39586206896553,-0.04,65.63965517241381,0.001019,0.000746,0.003132,13.983103448275862,0
876,876,2024-01-04 08:58:10+00:00,2024-01-04 08:58:10+00:00,37.59758620689656,0.1741379310344827,47.27137931034481,44.45344827586207,33.382413793103446,34.2641379310345,-0.04,65.55827586206897,0.000975,0.00082,0.003028,13.888965517241369,0
877,877,2024-01-04 08:58:12+00:00,2024-01-04 08:58:12+00:00,31.70653846153846,0.1746153846153846,47.19846153846152,38.72692307692309,33.398846153846144,34.231153846153845,-0.0392307692307692,65.78807692307694,0.000923,0.000727,0.002972,13.79961538461538,0
878,878,2024-01-04 08:58:13+00:00,2024-01-04 08:58:13+00:00,29.553200000000007,0.1631999999999999,47.13839999999999,35.6816,33.41719999999999,34.171200000000006,-0.0396,65.8656,0.000902,0.000763,0.002873,13.721200000000003,0
879,879,2024-01-04 08:58:14+00:00,2024-01-04 08:58:14+00:00,27.207096774193563,0.1838709677419354,47.08645161290321,34.19677419354839,33.41483870967741,34.1383870967742,-0.04,66.03129032258066,0.000956,0.000797,0.002853,13.6716129032258,0
880,880,2024-01-04 08:58:15+00:00,2024-01-04 08:58:15+00:00,25.206296296296298,0.1737037037037036,47.00444444444447,31.685185185185198,33.40999999999998,34.098888888888894,-0.04,66.15222222222224,0.000889,0.00077,0.002767,13.594444444444484,0
881,881,2024-01-04 08:58:17+00:00,2024-01-04 08:58:17+00:00,22.84846153846153,0.1788461538461538,46.896923076923095,29.05,33.448076923076925,34.02038461538462,-0.04,66.29153846153844,0.000937,0.000794,0.002817,13.44884615384617,0
882,882,2024-01-04 08:58:18+00:00,2024-01-04 08:58:18+00:00,21.032857142857143,0.17,46.89142857142857,27.038571428571437,33.44178571428571,34.069285714285705,-0.04,65.96964285714286,0.000906,0.000767,0.002719,13.449642857142862,0
883,883,2024-01-04 08:58:19+00:00,2024-01-04 08:58:19+00:00,20.47892857142857,0.1542857142857143,46.858571428571416,26.50892857142856,33.429285714285705,34.10107142857144,-0.04,66.09142857142857,0.000908,0.000823,0.002686,13.429285714285712,0
884,884,2024-01-04 08:58:21+00:00,2024-01-04 08:58:21+00:00,19.78916666666667,0.1770833333333333,46.73291666666668,25.545833333333324,33.47041666666667,34.01333333333333,-0.0404166666666666,65.88583333333332,0.001012,0.000897,0.002767,13.262500000000005,0
885,885,2024-01-04 08:58:22+00:00,2024-01-04 08:58:22+00:00,19.550357142857145,0.1610714285714286,46.678928571428585,26.13821428571429,33.469285714285725,33.971428571428575,-0.04,66.075,0.000943,0.000808,0.002697,13.20964285714286,0
886,886,2024-01-04 08:58:23+00:00,2024-01-04 08:58:23+00:00,19.44407407407407,0.157037037037037,46.662962962962986,25.908888888888896,33.48037037037039,33.970000000000006,-0.04,66.18666666666668,0.001134,0.001114,0.00275,13.1825925925926,0
887,887,2024-01-04 08:58:25+00:00,2024-01-04 08:58:25+00:00,22.56827586206896,0.1737931034482759,46.57724137931033,27.669655172413783,33.50655172413793,34.01379310344827,-0.0406896551724138,65.92172413793102,0.000961,0.000797,0.002771,13.0706896551724,0
888,888,2024-01-04 08:58:26+00:00,2024-01-04 08:58:26+00:00,22.022962962962968,0.1681481481481481,46.58074074074073,27.896296296296292,33.50444444444444,34.03888888888889,-0.0407407407407407,65.86000000000001,0.000881,0.000764,0.002748,13.076296296296292,0
889,889,2024-01-04 08:58:27+00:00,2024-01-04 08:58:27+00:00,24.00678571428572,0.1571428571428572,46.54571428571428,30.096785714285712,33.50642857142857,34.032500000000006,-0.04,65.48285714285716,0.000987,0.000762,0.002912,13.039285714285704,0
890,890,2024-01-04 08:58:29+00:00,2024-01-04 08:58:29+00:00,27.565384615384616,0.16,46.57115384615384,33.379615384615384,33.532692307692294,34.10076923076924,-0.04,65.87115384615383,0.000911,0.000748,0.002919,13.038461538461547,0
891,891,2024-01-04 08:58:30+00:00,2024-01-04 08:58:30+00:00,29.685,0.1553846153846154,46.560769230769225,34.85269230769231,33.53307692307691,34.14153846153846,-0.04,65.55884615384618,0.000934,0.000831,0.002931,13.027692307692313,0
892,892,2024-01-04 08:58:31+00:00,2024-01-04 08:58:31+00:00,31.56777777777777,0.1703703703703704,46.5548148148148,37.8025925925926,33.53037037037037,34.16222222222221,-0.04,65.73592592592593,0.000957,0.000755,0.002969,13.024444444444434,0
893,893,2024-01-04 08:58:32+00:00,2024-01-04 08:58:32+00:00,34.534400000000005,0.1648,46.526,40.890800000000006,33.53159999999998,34.20559999999999,-0.04,65.68799999999999,0.00095,0.000753,0.003021,12.994400000000011,0
894,894,2024-01-04 08:58:34+00:00,2024-01-04 08:58:34+00:00,40.34120000000001,0.1776,46.53959999999999,47.2136,33.569200000000016,34.2488,-0.04,65.38920000000002,0.00105,0.000769,0.003159,12.970399999999977,0
895,895,2024-01-04 08:58:35+00:00,2024-01-04 08:58:35+00:00,43.82299999999999,0.1693333333333332,46.52866666666667,50.66366666666666,33.581666666666685,34.29566666666666,-0.04,65.67899999999997,0.001015,0.000765,0.00322,12.946999999999989,0
896,896,2024-01-04 08:58:36+00:00,2024-01-04 08:58:36+00:00,46.89928571428572,0.1692857142857142,46.52321428571428,53.558928571428574,33.5907142857143,34.332857142857144,-0.04,65.42250000000001,0.001068,0.000758,0.003302,12.932499999999983,0
897,897,2024-01-04 08:58:38+00:00,2024-01-04 08:58:38+00:00,54.50923076923079,0.1715384615384616,46.55923076923076,61.48884615384615,33.58269230769232,34.471538461538465,-0.0369230769230769,65.22576923076925,0.001098,0.000887,0.003482,12.97653846153844,0
898,898,2024-01-04 08:58:39+00:00,2024-01-04 08:58:39+00:00,58.4890322580645,0.1770967741935483,46.4974193548387,66.22870967741937,33.604838709677416,34.47516129032258,0.0764516129032258,65.1641935483871,0.001113,0.000828,0.003505,12.89258064516128,0
899,899,2024-01-04 08:58:40+00:00,2024-01-04 08:58:40+00:00,63.13166666666667,0.1766666666666667,46.48333333333333,70.87733333333335,33.61733333333334,34.553000000000004,0.4640000000000002,64.82366666666665,0.001158,0.000832,0.003752,12.865999999999984,0
900,900,2024-01-04 08:58:42+00:00,2024-01-04 08:58:42+00:00,72.25499999999998,0.1742307692307692,46.53769230769229,79.92961538461537,33.610384615384625,34.704615384615394,0.707692307692308,65.125,0.001179,0.000856,0.00388,12.927307692307664,0
901,901,2024-01-04 08:58:43+00:00,2024-01-04 08:58:43+00:00,76.26384615384617,0.1915384615384615,46.59807692307694,85.16961538461538,33.615,34.768846153846155,0.7550000000000001,64.69538461538463,0.001182,0.000854,0.003911,12.983076923076936,0
902,902,2024-01-04 08:58:44+00:00,2024-01-04 08:58:44+00:00,80.87142857142855,0.1660714285714285,46.56678571428571,89.40857142857142,33.642142857142844,34.82178571428572,0.8025,64.67321428571428,0.001256,0.000888,0.004101,12.924642857142864,0
903,903,2024-01-04 08:58:46+00:00,2024-01-04 08:58:46+00:00,91.30193548387096,0.1809677419354838,46.578387096774165,100.50000000000004,33.6516129032258,34.96903225806453,0.9103225806451616,64.5506451612903,0.001333,0.000907,0.004295,12.926774193548368,0
904,904,2024-01-04 08:58:47+00:00,2024-01-04 08:58:47+00:00,96.48807692307692,0.1773076923076923,46.566153846153846,105.28692307692306,33.65653846153845,35.057307692307695,0.9634615384615384,64.32692307692308,0.001352,0.00092,0.004474,12.909615384615392,0
905,905,2024-01-04 08:58:48+00:00,2024-01-04 08:58:48+00:00,101.09370370370372,0.1896296296296295,46.60518518518517,111.03592592592594,33.66185185185184,35.10814814814815,1.0196296296296292,64.38185185185186,0.001386,0.000932,0.004571,12.943333333333328,0
906,906,2024-01-04 08:58:50+00:00,2024-01-04 08:58:50+00:00,110.73607142857144,0.1707142857142858,46.56964285714285,121.17142857142856,33.66642857142857,35.26964285714284,1.099642857142857,63.89321428571428,0.001445,0.001006,0.004686,12.903214285714284,0
907,907,2024-01-04 08:58:51+00:00,2024-01-04 08:58:51+00:00,116.39103448275864,0.1886206896551725,46.61862068965516,127.81793103448275,33.67793103448275,35.34172413793103,1.1637931034482758,64.00034482758622,0.001448,0.000957,0.004797,12.940689655172411,0
908,908,2024-01-04 08:58:52+00:00,2024-01-04 08:58:52+00:00,121.16759999999998,0.1967999999999999,46.6544,133.5996,33.67999999999998,35.40399999999999,1.2063999999999997,63.9688,0.001486,0.000969,0.004851,12.974400000000024,0
909,909,2024-01-04 08:58:53+00:00,2024-01-04 08:58:53+00:00,126.89153846153846,0.1903846153846154,46.6476923076923,139.2819230769231,33.677692307692304,35.53615384615384,1.263076923076923,63.67961538461538,0.001428,0.000981,0.004786,12.97,0
910,910,2024-01-04 08:58:55+00:00,2024-01-04 08:58:55+00:00,136.97703703703706,0.1974074074074074,46.68740740740741,149.41962962962964,33.70851851851854,35.689259259259266,1.3548148148148154,63.735185185185166,0.001455,0.000956,0.004836,12.978888888888877,0
911,911,2024-01-04 08:58:56+00:00,2024-01-04 08:58:56+00:00,143.4951851851852,0.205925925925926,46.75481481481479,154.7614814814815,33.744814814814816,35.76296296296296,1.4085185185185194,63.63629629629632,0.001556,0.000965,0.005126,13.009999999999977,0
912,912,2024-01-04 08:58:57+00:00,2024-01-04 08:58:57+00:00,146.85566666666665,0.2033333333333333,46.755,159.86400000000003,33.75266666666666,35.82033333333332,1.4539999999999993,63.57633333333334,0.001517,0.000944,0.00513,13.002333333333333,0
913,913,2024-01-04 08:58:59+00:00,2024-01-04 08:58:59+00:00,157.18499999999997,0.1908333333333333,46.85166666666666,170.22166666666666,33.7625,36.02708333333332,1.5612500000000002,62.95291666666668,0.00157,0.000969,0.005386,13.089166666666664,0
914,914,2024-01-04 08:59:00+00:00,2024-01-04 08:59:00+00:00,162.659,0.2113333333333333,46.85366666666669,176.01066666666665,33.77566666666665,36.08566666666666,1.6196666666666666,62.82133333333332,0.00155,0.000984,0.005449,13.078000000000038,0
915,915,2024-01-04 08:59:01+00:00,2024-01-04 08:59:01+00:00,166.10777777777767,0.2196296296296296,46.90925925925927,180.5692592592592,33.792222222222215,36.17222222222223,1.675555555555556,63.13148148148148,0.001622,0.000989,0.005705,13.117037037037058,0
916,916,2024-01-04 08:59:03+00:00,2024-01-04 08:59:03+00:00,176.0076666666666,0.2156666666666667,46.94000000000001,189.6596666666667,33.78799999999999,36.31633333333334,1.786333333333334,62.71733333333331,0.001642,0.000981,0.005805,13.152000000000022,0
917,917,2024-01-04 08:59:04+00:00,2024-01-04 08:59:04+00:00,178.98037037037037,0.2211111111111112,47.04074074074073,194.23777777777775,33.786296296296285,36.39333333333333,1.8407407407407408,62.84592592592593,0.001703,0.000977,0.006004,13.254444444444443,0
918,918,2024-01-04 08:59:05+00:00,2024-01-04 08:59:05+00:00,183.99275862068973,0.2172413793103448,47.08482758620688,198.54620689655167,33.80620689655174,36.48310344827586,1.8989655172413784,62.86482758620689,0.00176,0.001005,0.00617,13.278620689655137,0
919,919,2024-01-04 08:59:07+00:00,2024-01-04 08:59:07+00:00,191.49500000000003,0.2203571428571429,47.23142857142857,207.22642857142856,33.814642857142864,36.625714285714274,2.016071428571429,62.67321428571429,0.001816,0.001033,0.006324,13.416785714285709,0
920,920,2024-01-04 08:59:08+00:00,2024-01-04 08:59:08+00:00,195.82357142857143,0.2225,47.26285714285713,210.69928571428576,33.80821428571428,36.66857142857142,2.057500000000001,62.32857142857144,0.001865,0.001002,0.006476,13.45464285714285,0
921,921,2024-01-04 08:59:09+00:00,2024-01-04 08:59:09+00:00,197.7533333333333,0.2096666666666666,47.33033333333332,213.39033333333336,33.82966666666668,36.75099999999998,2.091333333333333,62.197333333333326,0.001932,0.001029,0.006611,13.50066666666664,0
922,922,2024-01-04 08:59:10+00:00,2024-01-04 08:59:10+00:00,201.81500000000003,0.2203333333333334,47.37966666666669,216.68633333333327,33.84033333333335,36.80399999999999,2.151,62.11933333333332,0.001941,0.001012,0.006733,13.53933333333334,0
923,923,2024-01-04 08:59:12+00:00,2024-01-04 08:59:12+00:00,207.09800000000004,0.222,47.531666666666666,222.79766666666671,33.83833333333335,36.91466666666667,2.230000000000001,61.76999999999999,0.001957,0.001028,0.006804,13.693333333333314,0
924,924,2024-01-04 08:59:13+00:00,2024-01-04 08:59:13+00:00,209.1074074074074,0.2333333333333334,47.59222222222224,226.00333333333333,33.862592592592605,36.9811111111111,2.271851851851852,62.11925925925927,0.001932,0.001039,0.006831,13.729629629629637,0
925,925,2024-01-04 08:59:14+00:00,2024-01-04 08:59:14+00:00,211.57068965517243,0.2241379310344828,47.66103448275862,227.89862068965525,33.8748275862069,37.015172413793096,2.308275862068966,62.03862068965518,0.001949,0.001022,0.006918,13.786206896551723,0
926,926,2024-01-04 08:59:16+00:00,2024-01-04 08:59:16+00:00,214.99892857142865,0.2217857142857142,47.82499999999999,231.2146428571428,33.87642857142857,37.096428571428575,2.375000000000001,61.72107142857145,0.001974,0.001023,0.006981,13.94857142857142,0
927,927,2024-01-04 08:59:17+00:00,2024-01-04 08:59:17+00:00,216.6706896551724,0.2272413793103449,47.874827586206926,232.68172413793096,33.88965517241378,37.14827586206896,2.3927586206896554,61.8451724137931,0.001992,0.001007,0.007026,13.985172413793144,0
928,928,2024-01-04 08:59:18+00:00,2024-01-04 08:59:18+00:00,217.1256,0.2288,47.973200000000006,233.6836,33.90079999999998,37.17359999999999,2.4295999999999998,61.857600000000005,0.001994,0.001011,0.007085,14.072400000000023,0
929,929,2024-01-04 08:59:24+00:00,2024-01-04 08:59:24+00:00,217.8086666666667,0.2296666666666666,48.41233333333333,235.58533333333332,33.93500000000001,37.37066666666668,2.4786666666666672,62.30766666666667,0.001975,0.00103,0.007074,14.47733333333332,0
930,930,2024-01-04 08:59:25+00:00,2024-01-04 08:59:25+00:00,217.7,0.2357692307692308,48.51499999999999,234.59576923076924,33.9523076923077,37.34884615384616,2.464615384615384,61.92769230769232,0.001949,0.001026,0.007038,14.562692307692297,0
931,931,2024-01-04 08:59:26+00:00,2024-01-04 08:59:26+00:00,216.1082142857144,0.2303571428571428,48.57214285714287,233.84892857142856,33.963214285714294,37.38678571428572,2.451428571428572,61.7557142857143,0.001952,0.001024,0.007032,14.60892857142857,0
932,932,2024-01-04 08:59:28+00:00,2024-01-04 08:59:28+00:00,214.27038461538453,0.2246153846153847,48.72884615384616,230.89384615384623,33.96846153846155,37.38461538461539,2.4123076923076927,61.82076923076925,0.001933,0.001021,0.006943,14.760384615384616,0
933,933,2024-01-04 08:59:29+00:00,2024-01-04 08:59:29+00:00,211.59517241379305,0.2324137931034482,48.783448275862064,229.05896551724132,33.978965517241384,37.405172413793096,2.3831034482758624,62.22965517241377,0.001918,0.001022,0.006909,14.80448275862068,0
934,934,2024-01-04 08:59:30+00:00,2024-01-04 08:59:30+00:00,209.64230769230764,0.2096153846153846,48.78999999999999,225.9676923076923,33.986923076923084,37.36692307692309,2.346923076923077,62.07461538461537,0.001885,0.00103,0.006801,14.803076923076908,0
935,935,2024-01-04 08:59:31+00:00,2024-01-04 08:59:31+00:00,206.8836,0.2172000000000001,48.8472,223.7824,34.014799999999994,37.3596,2.3111999999999986,62.1696,0.001909,0.001026,0.006763,14.832400000000009,0
936,936,2024-01-04 08:59:33+00:00,2024-01-04 08:59:33+00:00,202.94071428571425,0.2246428571428572,48.96071428571429,218.23642857142852,34.01499999999999,37.30607142857144,2.231785714285714,62.59892857142859,0.001857,0.00103,0.006665,14.945714285714295,0
937,937,2024-01-04 08:59:34+00:00,2024-01-04 08:59:34+00:00,199.7852173913044,0.2147826086956522,48.99304347826087,214.8447826086956,34.0191304347826,37.27260869565218,2.1795652173913047,62.71391304347826,0.001843,0.001027,0.006546,14.973913043478262,0
938,938,2024-01-04 08:59:35+00:00,2024-01-04 08:59:35+00:00,195.1260714285715,0.2071428571428571,49.018214285714286,211.2353571428571,34.02142857142856,37.27107142857142,2.132142857142857,62.15642857142854,0.001798,0.001026,0.006413,14.996785714285728,0
939,939,2024-01-04 08:59:37+00:00,2024-01-04 08:59:37+00:00,189.54000000000008,0.2100000000000001,49.10599999999999,204.16,34.0476,37.18559999999999,2.0332000000000003,62.6204,0.001765,0.001027,0.006313,15.058399999999992,0
940,940,2024-01-04 08:59:38+00:00,2024-01-04 08:59:38+00:00,184.74307692307696,0.213076923076923,49.08000000000001,200.0307692307692,34.065000000000005,37.12038461538461,1.98076923076923,62.64692307692307,0.00174,0.001046,0.006196,15.015000000000008,0
941,941,2024-01-04 08:59:39+00:00,2024-01-04 08:59:39+00:00,181.4992857142857,0.1964285714285714,49.11464285714284,195.42535714285717,34.08035714285715,37.115,1.9367857142857143,62.543928571428566,0.001655,0.001044,0.006001,15.034285714285687,0
942,942,2024-01-04 08:59:41+00:00,2024-01-04 08:59:41+00:00,172.31862068965512,0.2062068965517242,49.09758620689655,187.4641379310345,34.08206896551725,37.00172413793104,1.8362068965517249,62.834827586206885,0.001583,0.001005,0.005749,15.0155172413793,0
943,943,2024-01-04 08:59:42+00:00,2024-01-04 08:59:42+00:00,166.78370370370376,0.204074074074074,49.14111111111109,181.45222222222213,34.082222222222235,36.93703703703704,1.7685185185185175,63.295925925925935,0.00157,0.001013,0.005676,15.05888888888886,0
944,944,2024-01-04 08:59:43+00:00,2024-01-04 08:59:43+00:00,162.9830769230769,0.205,49.10653846153848,177.69576923076923,34.103076923076934,36.86884615384616,1.7234615384615388,63.285,0.001513,0.000995,0.005408,15.003461538461544,0
945,945,2024-01-04 08:59:45+00:00,2024-01-04 08:59:45+00:00,153.26481481481477,0.1981481481481481,49.06481481481481,167.0181481481481,34.123703703703704,36.7525925925926,1.6092592592592598,63.12259259259263,0.00152,0.000982,0.005352,14.941111111111104,0
946,946,2024-01-04 08:59:46+00:00,2024-01-04 08:59:46+00:00,148.29480000000004,0.1995999999999999,49.06280000000001,162.3436,34.149199999999986,36.71960000000001,1.5544000000000004,63.462,0.001416,0.000951,0.005032,14.913600000000024,0
947,947,2024-01-04 08:59:47+00:00,2024-01-04 08:59:47+00:00,143.87423076923076,0.1911538461538462,49.03307692307691,156.69076923076923,34.15807692307691,36.65153846153847,1.498846153846153,63.350769230769245,0.001411,0.000966,0.004938,14.875,0
948,948,2024-01-04 08:59:49+00:00,2024-01-04 08:59:49+00:00,132.68833333333333,0.1936666666666666,48.995333333333335,145.709,34.160333333333305,36.54033333333333,1.3930000000000005,63.88066666666667,0.001409,0.000975,0.004867,14.83500000000003,0
949,949,2024-01-04 08:59:50+00:00,2024-01-04 08:59:50+00:00,127.23769230769228,0.1903846153846154,48.97,140.0226923076923,34.180384615384604,36.46076923076924,1.3361538461538456,63.67576923076925,0.001382,0.000941,0.004733,14.789615384615397,0
950,950,2024-01-04 08:59:51+00:00,2024-01-04 08:59:51+00:00,122.63296296296292,0.1955555555555555,48.935925925925936,134.57888888888886,34.18,36.42518518518518,1.2925925925925934,63.851111111111095,0.001361,0.000958,0.004693,14.755925925925936,0
951,951,2024-01-04 08:59:52+00:00,2024-01-04 08:59:52+00:00,117.07518518518516,0.1851851851851851,48.945925925925934,129.3459259259259,34.20851851851853,36.36037037037036,1.243703703703703,64.18888888888888,0.001367,0.000941,0.004631,14.737407407407405,0
952,952,2024-01-04 08:59:54+00:00,2024-01-04 08:59:54+00:00,106.95935483870969,0.1893548387096774,48.85677419354837,118.22193548387096,34.221290322580664,36.22774193548387,1.1435483870967738,64.28741935483872,0.001373,0.000957,0.004607,14.635483870967704,0
953,953,2024-01-04 08:59:55+00:00,2024-01-04 08:59:55+00:00,101.99807692307698,0.1846153846153846,48.787692307692296,112.63769230769228,34.238846153846154,36.154230769230765,1.096923076923077,64.34769230769233,0.001389,0.000952,0.004555,14.548846153846142,0
954,954,2024-01-04 08:59:56+00:00,2024-01-04 08:59:56+00:00,97.23035714285712,0.1782142857142857,48.77035714285714,107.21857142857148,34.24535714285714,36.080714285714286,1.0510714285714289,64.45214285714287,0.001368,0.000916,0.004428,14.525000000000006,0
955,955,2024-01-04 08:59:58+00:00,2024-01-04 08:59:58+00:00,86.74,0.1767857142857143,48.64428571428573,96.01428571428572,34.25071428571429,35.963214285714294,0.9414285714285716,64.56357142857142,0.001263,0.0009,0.004189,14.39357142857144,0
956,956,2024-01-04 08:59:59+00:00,2024-01-04 08:59:59+00:00,82.02259259259262,0.1703703703703703,48.62407407407407,90.92111111111112,34.26814814814814,35.87148148148148,0.8774074074074073,64.73703703703704,0.001253,0.000878,0.00414,14.35592592592593,0
957,957,2024-01-04 09:00:00+00:00,2024-01-04 09:00:00+00:00,76.60666666666667,0.1744444444444444,48.59074074074073,85.66666666666667,34.279259259259256,35.832962962962974,0.8233333333333331,64.70222222222222,0.001217,0.000856,0.004016,14.311481481481472,0
958,958,2024-01-04 09:00:02+00:00,2024-01-04 09:00:02+00:00,67.3103846153846,0.1711538461538462,48.47730769230771,76.24499999999999,34.31115384615384,35.70346153846155,0.7192307692307696,65.10461538461539,0.001156,0.000864,0.003855,14.166153846153868,0
959,959,2024-01-04 09:00:03+00:00,2024-01-04 09:00:03+00:00,63.2482142857143,0.1632142857142857,48.3817857142857,71.3375,34.30392857142856,35.617142857142845,0.6764285714285716,64.95142857142858,0.00117,0.000819,0.003799,14.07785714285714,0
960,960,2024-01-04 09:00:04+00:00,2024-01-04 09:00:04+00:00,59.157,0.1696666666666667,48.36166666666665,67.588,34.31333333333335,35.560333333333325,0.6289999999999998,65.21666666666667,0.001124,0.000806,0.003621,14.048333333333304,0
961,961,2024-01-04 09:00:06+00:00,2024-01-04 09:00:06+00:00,51.51499999999998,0.1803571428571428,48.26785714285715,59.3692857142857,34.311428571428564,35.43964285714284,-0.0432142857142857,65.44000000000001,0.001119,0.000794,0.003474,13.956428571428589,0
962,962,2024-01-04 09:00:07+00:00,2024-01-04 09:00:07+00:00,47.94275862068964,0.1672413793103448,48.2,55.27275862068966,34.31413793103449,35.4051724137931,-0.04,65.32689655172416,0.001088,0.000777,0.00338,13.885862068965508,0
963,963,2024-01-04 09:00:08+00:00,2024-01-04 09:00:08+00:00,43.73962962962964,0.1696296296296296,48.15925925925925,51.22296296296295,34.31703703703701,35.370370370370374,-0.0462962962962963,65.46814814814816,0.001028,0.000791,0.003209,13.84222222222224,0
964,964,2024-01-04 09:00:09+00:00,2024-01-04 09:00:09+00:00,40.563103448275854,0.1713793103448276,48.000689655172415,47.96586206896551,34.35275862068967,35.2906896551724,-0.0403448275862069,65.61655172413792,0.001075,0.000754,0.003145,13.647931034482744,0
965,965,2024-01-04 09:00:11+00:00,2024-01-04 09:00:11+00:00,34.44703703703705,0.164074074074074,47.9003703703704,40.99444444444446,34.36000000000001,35.193333333333335,-0.0411111111111111,65.62407407407407,0.000998,0.000744,0.003078,13.54037037037039,0
966,966,2024-01-04 09:00:12+00:00,2024-01-04 09:00:12+00:00,32.04148148148148,0.147037037037037,47.9125925925926,37.71925925925925,34.3451851851852,35.17814814814816,-0.0444444444444444,66.02185185185186,0.000967,0.000739,0.003004,13.5674074074074,0
967,967,2024-01-04 09:00:13+00:00,2024-01-04 09:00:13+00:00,29.40937499999999,0.1640625,47.84093749999998,35.4203125,34.35781250000002,35.111250000000005,-0.0415625,65.71062500000002,0.000959,0.000734,0.002901,13.48312499999996,0
968,968,2024-01-04 09:00:15+00:00,2024-01-04 09:00:15+00:00,25.85769230769231,0.1546153846153846,47.73730769230771,31.691923076923064,34.37730769230769,35.08307692307692,-0.0488461538461538,66.04615384615387,0.000976,0.000797,0.002838,13.36000000000002,0
969,969,2024-01-04 09:00:16+00:00,2024-01-04 09:00:16+00:00,23.78851851851852,0.1644444444444444,47.68296296296298,29.480740740740742,34.38518518518518,35.07185185185185,-0.0429629629629629,65.95888888888891,0.000932,0.000782,0.00286,13.297777777777805,0
970,970,2024-01-04 09:00:17+00:00,2024-01-04 09:00:17+00:00,22.871785714285725,0.1414285714285714,47.65071428571431,27.779642857142854,34.40249999999998,35.09321428571428,-0.0428571428571428,65.9782142857143,0.000947,0.000796,0.002759,13.248214285714326,0
971,971,2024-01-04 09:00:19+00:00,2024-01-04 09:00:19+00:00,20.57392857142857,0.1564285714285714,47.55357142857142,25.16535714285714,34.43500000000001,35.032500000000006,-0.0471428571428571,66.06178571428573,0.000932,0.000794,0.002736,13.118571428571414,0
972,972,2024-01-04 09:00:20+00:00,2024-01-04 09:00:20+00:00,19.71586206896552,0.1558620689655172,47.48310344827588,25.59896551724138,34.44310344827585,35.001724137931035,-0.0458620689655172,65.88689655172413,0.000912,0.000828,0.002712,13.040000000000028,0
973,973,2024-01-04 09:00:21+00:00,2024-01-04 09:00:21+00:00,19.20333333333334,0.157,47.45766666666668,25.185666666666663,34.438333333333325,35.02266666666667,-0.0456666666666666,66.10300000000002,0.000933,0.000902,0.002713,13.01933333333335,0
974,974,2024-01-04 09:00:23+00:00,2024-01-04 09:00:23+00:00,20.164285714285715,0.1614285714285714,47.34714285714285,25.37392857142857,34.45250000000001,34.997142857142855,-0.045,66.21249999999999,0.000934,0.000824,0.00272,12.89464285714284,0
975,975,2024-01-04 09:00:24+00:00,2024-01-04 09:00:24+00:00,19.844399999999997,0.1512,47.3468,25.71520000000001,34.44920000000001,35.0208,-0.0448,65.94999999999999,0.000936,0.00082,0.002733,12.897599999999985,0
976,976,2024-01-04 09:00:25+00:00,2024-01-04 09:00:25+00:00,21.75615384615385,0.1546153846153846,47.3123076923077,26.53115384615385,34.44730769230769,35.005,-0.0473076923076923,65.86423076923077,0.000929,0.000947,0.002794,12.865000000000007,0
977,977,2024-01-04 09:00:27+00:00,2024-01-04 09:00:27+00:00,23.86807692307693,0.158076923076923,47.26192307692308,29.395769230769226,34.485,35.07038461538462,-0.0415384615384615,65.87038461538461,0.000934,0.000832,0.00285,12.776923076923085,0
978,978,2024-01-04 09:00:28+00:00,2024-01-04 09:00:28+00:00,25.880740740740745,0.1503703703703703,47.28703703703704,30.56851851851852,34.511851851851844,35.05555555555556,-0.047037037037037,65.7725925925926,0.001058,0.000738,0.00293,12.775185185185194,0
979,979,2024-01-04 09:00:29+00:00,2024-01-04 09:00:29+00:00,26.811923076923083,0.168076923076923,47.25692307692308,32.66576923076924,34.51769230769229,35.09461538461538,-0.0426923076923077,66.05730769230767,0.000949,0.000737,0.002954,12.739230769230788,0
980,980,2024-01-04 09:00:30+00:00,2024-01-04 09:00:30+00:00,28.677499999999984,0.1657142857142857,47.26214285714286,34.45642857142857,34.51,35.112500000000004,-0.0410714285714285,66.04892857142856,0.001181,0.000753,0.002941,12.752142857142864,0
981,981,2024-01-04 09:00:32+00:00,2024-01-04 09:00:32+00:00,33.225,0.1564285714285714,47.26107142857143,39.51892857142856,34.51321428571428,35.17035714285715,-0.0435714285714285,65.57392857142858,0.001122,0.000746,0.003016,12.74785714285715,0
982,982,2024-01-04 09:00:33+00:00,2024-01-04 09:00:33+00:00,36.711290322580645,0.1751612903225806,47.22129032258063,43.865161290322575,34.53709677419353,35.2041935483871,-0.0409677419354838,65.71838709677418,0.00101,0.000767,0.003085,12.6841935483871,0
983,983,2024-01-04 09:00:34+00:00,2024-01-04 09:00:34+00:00,39.8004,0.1767999999999999,47.17919999999997,46.9476,34.539999999999985,35.20280000000002,-0.0428,65.50040000000001,0.001051,0.000776,0.003186,12.639199999999988,0
984,984,2024-01-04 09:00:36+00:00,2024-01-04 09:00:36+00:00,45.70807692307694,0.1834615384615385,47.18192307692311,53.95269230769232,34.56884615384617,35.3126923076923,-0.04,65.8196153846154,0.001132,0.000803,0.003306,12.61307692307694,0
985,985,2024-01-04 09:00:37+00:00,2024-01-04 09:00:37+00:00,49.97892857142856,0.1642857142857142,47.18071428571428,57.077142857142846,34.59285714285716,35.37285714285715,-0.0414285714285714,65.32285714285713,0.001096,0.000887,0.003398,12.587857142857125,0
986,986,2024-01-04 09:00:38+00:00,2024-01-04 09:00:38+00:00,54.50521739130434,0.1773913043478261,47.23956521739132,61.02391304347828,34.58956521739132,35.41521739130435,-0.0430434782608695,65.19478260869563,0.001221,0.000821,0.003492,12.65,0
987,987,2024-01-04 09:00:40+00:00,2024-01-04 09:00:40+00:00,61.92346153846153,0.1723076923076923,47.25192307692308,69.85692307692308,34.59384615384616,35.52653846153846,0.6092307692307692,65.33769230769231,0.001227,0.000818,0.003683,12.65807692307692,0
988,988,2024-01-04 09:00:41+00:00,2024-01-04 09:00:41+00:00,66.23814814814814,0.1688888888888888,47.26555555555555,74.21444444444444,34.58481481481483,35.61888888888888,0.6662962962962964,65.15962962962963,0.001206,0.000851,0.003802,12.680740740740724,0
989,989,2024-01-04 09:00:42+00:00,2024-01-04 09:00:42+00:00,71.20749999999995,0.1746428571428571,47.269642857142856,78.9903571428571,34.595000000000006,35.67249999999999,0.7167857142857145,65.01928571428572,0.001244,0.000852,0.003938,12.67464285714285,0
990,990,2024-01-04 09:00:44+00:00,2024-01-04 09:00:44+00:00,81.45633333333335,0.179,47.278000000000006,89.70766666666668,34.617000000000004,35.81066666666666,0.8203333333333332,64.776,0.001341,0.000883,0.004168,12.661,0
991,991,2024-01-04 09:00:45+00:00,2024-01-04 09:00:45+00:00,85.12958333333331,0.1970833333333334,47.251666666666665,94.46916666666664,34.62624999999999,35.87458333333334,0.872083333333333,64.63416666666666,0.001323,0.000879,0.004231,12.625416666666672,0
992,992,2024-01-04 09:00:46+00:00,2024-01-04 09:00:46+00:00,90.89259259259258,0.18,47.25148148148148,99.32740740740738,34.63814814814813,35.95925925925925,0.9181481481481484,64.6503703703704,0.00141,0.00089,0.004394,12.613333333333344,0
993,993,2024-01-04 09:00:47+00:00,2024-01-04 09:00:47+00:00,94.96964285714284,0.1792857142857143,47.28357142857141,103.79464285714285,34.65142857142855,36.05607142857144,0.9703571428571428,64.41142857142856,0.001453,0.000925,0.004564,12.63214285714286,0
994,994,2024-01-04 09:00:49+00:00,2024-01-04 09:00:49+00:00,105.46071428571426,0.1928571428571428,47.302142857142826,116.21142857142854,34.6592857142857,36.21642857142857,1.078928571428571,64.51428571428572,0.0015,0.000937,0.004595,12.642857142857125,0
995,995,2024-01-04 09:00:50+00:00,2024-01-04 09:00:50+00:00,110.31370370370368,0.1966666666666666,47.310740740740734,121.20851851851856,34.66296296296294,36.26185185185185,1.1244444444444446,64.09074074074076,0.00151,0.000929,0.00466,12.64777777777779,0
996,996,2024-01-04 09:00:51+00:00,2024-01-04 09:00:51+00:00,115.77000000000004,0.184,47.32679999999999,126.3204,34.669199999999975,36.3612,1.173200000000001,63.91480000000001,0.001571,0.000931,0.004813,12.657600000000016,0
997,997,2024-01-04 09:00:53+00:00,2024-01-04 09:00:53+00:00,125.70481481481475,0.2044444444444444,47.340740740740735,138.10666666666668,34.72037037037038,36.545925925925935,1.2703703703703708,63.98444444444444,0.001589,0.000924,0.004872,12.620370370370352,0
998,998,2024-01-04 09:00:54+00:00,2024-01-04 09:00:54+00:00,131.9444444444444,0.1877777777777777,47.354444444444425,143.2585185185185,34.72407407407408,36.60444444444444,1.3166666666666669,63.76925925925924,0.001597,0.000963,0.004898,12.630370370370343,0
999,999,2024-01-04 09:00:55+00:00,2024-01-04 09:00:55+00:00,135.84592592592594,0.1925925925925926,47.42037037037039,148.60555555555553,34.71666666666668,36.70740740740741,1.3714814814814813,63.67111111111111,0.001604,0.000921,0.00492,12.703703703703702,0
1000,1000,2024-01-04 09:00:57+00:00,2024-01-04 09:00:57+00:00,148.0323076923077,0.1953846153846153,47.45730769230768,160.3992307692308,34.75269230769231,36.855,1.4915384615384617,63.473461538461535,0.001619,0.000914,0.005106,12.704615384615373,0
1001,1001,2024-01-04 09:00:58+00:00,2024-01-04 09:00:58+00:00,153.27038461538467,0.2084615384615385,47.53038461538462,164.64999999999998,34.73961538461539,36.94153846153847,1.528461538461538,63.62192307692309,0.001592,0.000936,0.005307,12.790769230769229,0
1002,1002,2024-01-04 09:00:59+00:00,2024-01-04 09:00:59+00:00,157.23555555555558,0.1944444444444444,47.50444444444444,169.97074074074075,34.74370370370371,37.01074074074074,1.592962962962963,62.96148148148149,0.001613,0.000946,0.005422,12.76074074074073,0
1003,1003,2024-01-04 09:01:01+00:00,2024-01-04 09:01:01+00:00,165.75769230769225,0.2053846153846154,47.59807692307693,179.5103846153846,34.76576923076922,37.19846153846154,1.7038461538461531,62.837692307692336,0.001648,0.00096,0.005514,12.8323076923077,0
1004,1004,2024-01-04 09:01:02+00:00,2024-01-04 09:01:02+00:00,170.77357142857142,0.2039285714285714,47.64607142857143,184.22714285714275,34.77464285714284,37.26142857142856,1.7646428571428576,62.86357142857144,0.00171,0.000985,0.00583,12.871428571428597,0
1005,1005,2024-01-04 09:01:03+00:00,2024-01-04 09:01:03+00:00,175.3828571428571,0.2117857142857143,47.72821428571429,188.9053571428572,34.80821428571428,37.357857142857135,1.8210714285714285,62.69142857142856,0.00173,0.000967,0.005891,12.920000000000009,0
1006,1006,2024-01-04 09:01:05+00:00,2024-01-04 09:01:05+00:00,182.96571428571437,0.2103571428571428,47.82071428571428,196.95107142857145,34.798214285714266,37.48821428571427,1.9289285714285715,62.68035714285713,0.001818,0.001008,0.006145,13.022500000000017,0
1007,1007,2024-01-04 09:01:06+00:00,2024-01-04 09:01:06+00:00,186.8592307692308,0.2173076923076923,47.876538461538445,202.0253846153846,34.799615384615365,37.58461538461538,1.9865384615384616,62.53423076923077,0.001823,0.000998,0.006219,13.07692307692308,0
1008,1008,2024-01-04 09:01:07+00:00,2024-01-04 09:01:07+00:00,190.39142857142855,0.2078571428571428,47.89678571428574,204.92928571428564,34.8175,37.62142857142857,2.0317857142857148,62.35785714285716,0.001888,0.000993,0.006423,13.07928571428574,0
1009,1009,2024-01-04 09:01:08+00:00,2024-01-04 09:01:08+00:00,194.4782758620689,0.2151724137931034,47.962758620689655,209.6431034482759,34.814137931034466,37.68344827586208,2.093448275862069,62.08103448275863,0.001927,0.001,0.006585,13.14862068965519,0
1010,1010,2024-01-04 09:01:10+00:00,2024-01-04 09:01:10+00:00,202.0648275862069,0.2248275862068965,48.09344827586206,216.75,34.83172413793105,37.83103448275863,2.191034482758621,62.346896551724136,0.001958,0.001008,0.006655,13.261724137931012,0
1011,1011,2024-01-04 09:01:11+00:00,2024-01-04 09:01:11+00:00,204.6655555555556,0.2266666666666667,48.19333333333333,219.2551851851851,34.83555555555555,37.87037037037036,2.2288888888888883,62.42592592592592,0.001981,0.001039,0.006711,13.357777777777777,0
1012,1012,2024-01-04 09:01:12+00:00,2024-01-04 09:01:12+00:00,206.2403571428572,0.2125,48.22071428571429,222.16642857142853,34.84071428571429,37.93107142857144,2.2678571428571432,62.22535714285716,0.001976,0.000984,0.006654,13.379999999999995,0
1013,1013,2024-01-04 09:01:19+00:00,2024-01-04 09:01:19+00:00,218.86533333333335,0.2186666666666668,48.76733333333332,234.66266666666655,34.89733333333332,38.24333333333333,2.4803333333333324,61.92533333333334,0.001968,0.001004,0.00595,13.869999999999996,0
1014,1014,2024-01-04 09:01:20+00:00,2024-01-04 09:01:20+00:00,219.01040000000003,0.2204,48.85039999999999,235.2956,34.91,38.30599999999998,2.4756,61.98000000000002,0.001972,0.000993,0.006582,13.940399999999997,0
1015,1015,2024-01-04 09:01:22+00:00,2024-01-04 09:01:22+00:00,218.66692307692304,0.2238461538461537,49.009615384615365,236.4142307692308,34.94653846153847,38.35038461538463,2.50076923076923,61.75769230769232,0.001925,0.001004,0.00634,14.063076923076892,0
1016,1016,2024-01-04 09:01:23+00:00,2024-01-04 09:01:23+00:00,219.71148148148143,0.2359259259259259,49.074074074074055,236.2985185185185,34.942222222222235,38.322592592592585,2.4988888888888887,62.09370370370369,0.001981,0.001,0.006769,14.13185185185182,0
1017,1017,2024-01-04 09:01:24+00:00,2024-01-04 09:01:24+00:00,217.7,0.2322222222222222,49.16259259259259,235.32703703703692,34.97037037037038,38.37814814814815,2.486296296296296,62.147037037037066,0.001939,0.001003,0.006494,14.192222222222206,0
1018,1018,2024-01-04 09:01:25+00:00,2024-01-04 09:01:25+00:00,218.38548387096773,0.2325806451612904,49.27225806451612,234.42387096774183,34.979032258064514,38.38870967741936,2.4751612903225806,61.86290322580647,0.001917,0.00099,0.006223,14.29322580645161,0
1019,1019,2024-01-04 09:01:27+00:00,2024-01-04 09:01:27+00:00,215.6033333333334,0.238,49.41733333333334,232.37233333333336,35.001999999999995,38.39066666666668,2.4590000000000014,62.058,0.001909,0.00101,0.006771,14.415333333333344,0
1020,1020,2024-01-04 09:01:28+00:00,2024-01-04 09:01:28+00:00,212.39642857142863,0.2160714285714286,49.471071428571456,229.57750000000007,34.99714285714286,38.36107142857143,2.428928571428572,62.05357142857141,0.001898,0.001027,0.006903,14.473928571428594,0
1021,1021,2024-01-04 09:01:29+00:00,2024-01-04 09:01:29+00:00,213.0292,0.2092,49.500800000000005,228.5896,35.02639999999999,38.372400000000006,2.410399999999999,61.98360000000003,0.001898,0.001024,0.006707,14.474400000000015,0
1022,1022,2024-01-04 09:01:31+00:00,2024-01-04 09:01:31+00:00,207.6118518518519,0.2088888888888889,49.5951851851852,224.07333333333327,35.02999999999998,38.346296296296295,2.3429629629629627,61.80222222222225,0.001869,0.001022,0.006552,14.56518518518522,0
1023,1023,2024-01-04 09:01:32+00:00,2024-01-04 09:01:32+00:00,206.20806451612916,0.2270967741935484,49.65580645161293,221.45999999999995,35.02774193548386,38.29451612903225,2.2996774193548384,62.33935483870966,0.001858,0.001024,0.006496,14.628064516129072,0
1024,1024,2024-01-04 09:01:33+00:00,2024-01-04 09:01:33+00:00,202.73119999999997,0.2,49.72560000000001,217.9048,35.027599999999985,38.2924,2.2576000000000005,61.9328,0.00183,0.001004,0.006376,14.698000000000022,0
1025,1025,2024-01-04 09:01:35+00:00,2024-01-04 09:01:35+00:00,196.94821428571427,0.2071428571428571,49.77714285714286,212.0721428571429,35.0575,38.227500000000006,2.166071428571428,62.34250000000002,0.001809,0.001009,0.00611,14.719642857142864,0
1026,1026,2024-01-04 09:01:36+00:00,2024-01-04 09:01:36+00:00,193.03153846153845,0.2207692307692307,49.81346153846154,208.4315384615384,35.05423076923077,38.215,2.139230769230769,62.52615384615386,0.001772,0.000978,0.006219,14.759230769230768,0
1027,1027,2024-01-04 09:01:37+00:00,2024-01-04 09:01:37+00:00,189.811,0.209,49.82266666666668,204.62766666666664,35.08100000000002,38.16266666666666,2.093666666666667,62.29633333333333,0.001685,0.000989,0.006426,14.74166666666666,0
1028,1028,2024-01-04 09:01:39+00:00,2024-01-04 09:01:39+00:00,180.42666666666668,0.2174074074074075,49.88148148148149,196.48666666666657,35.10962962962964,38.07888888888889,1.9796296296296296,62.71925925925926,0.001602,0.000991,0.006214,14.77185185185185,0
1029,1029,2024-01-04 09:01:40+00:00,2024-01-04 09:01:40+00:00,177.2,0.2116000000000001,49.86119999999999,191.78760000000003,35.10960000000001,38.07440000000001,1.916,62.84520000000001,0.001597,0.000985,0.00616,14.751599999999982,0
1030,1030,2024-01-04 09:01:41+00:00,2024-01-04 09:01:41+00:00,173.2282142857143,0.2075,49.88607142857145,187.4235714285714,35.10464285714287,38.0125,1.8596428571428576,62.92964285714286,0.001546,0.000988,0.005909,14.781428571428576,0
1031,1031,2024-01-04 09:01:43+00:00,2024-01-04 09:01:43+00:00,163.72769230769228,0.2015384615384615,49.84769230769231,177.75307692307695,35.141153846153834,37.86807692307691,1.7557692307692307,63.09692307692311,0.001561,0.00098,0.005836,14.70653846153848,0
1032,1032,2024-01-04 09:01:44+00:00,2024-01-04 09:01:44+00:00,159.28413793103445,0.1937931034482758,49.87517241379312,172.55482758620687,35.15517241379309,37.827931034482766,1.700344827586207,63.105862068965486,0.001485,0.000991,0.005605,14.720000000000027,0
1033,1033,2024-01-04 09:01:45+00:00,2024-01-04 09:01:45+00:00,153.6603571428571,0.2078571428571429,49.89178571428572,167.62500000000003,35.15285714285712,37.792142857142856,1.6367857142857136,63.69250000000002,0.001526,0.000998,0.005445,14.738928571428596,0
1034,1034,2024-01-04 09:01:46+00:00,2024-01-04 09:01:46+00:00,149.6675,0.1925,49.87583333333334,161.9354166666667,35.14791666666665,37.73125000000001,1.5775,63.37958333333335,0.001533,0.000969,0.005376,14.727916666666689,0
1035,1035,2024-01-04 09:01:48+00:00,2024-01-04 09:01:48+00:00,138.62846153846158,0.1842307692307692,49.74923076923078,151.07576923076925,35.16807692307693,37.60076923076923,1.4673076923076922,63.53807692307691,0.001506,0.000962,0.005238,14.581153846153846,0
1036,1036,2024-01-04 09:01:49+00:00,2024-01-04 09:01:49+00:00,133.18703703703704,0.1929629629629629,49.76518518518519,145.81259259259255,35.17555555555554,37.52444444444444,1.4155555555555557,63.79703703703704,0.001496,0.000963,0.005039,14.589629629629648,0
1037,1037,2024-01-04 09:01:50+00:00,2024-01-04 09:01:50+00:00,128.0311538461538,0.1819230769230769,49.72576923076924,140.8280769230769,35.17961538461537,37.46115384615385,1.3665384615384617,63.74192307692306,0.001462,0.000955,0.00496,14.54615384615387,0
1038,1038,2024-01-04 09:01:52+00:00,2024-01-04 09:01:52+00:00,117.6207407407407,0.1792592592592592,49.68777777777778,129.27777777777783,35.20666666666668,37.32851851851852,1.2614814814814812,64.3525925925926,0.001461,0.000947,0.00489,14.481111111111105,0
1039,1039,2024-01-04 09:01:53+00:00,2024-01-04 09:01:53+00:00,113.38896551724136,0.1779310344827586,49.66,124.01448275862067,35.21586206896553,37.27206896551724,1.2206896551724136,64.26448275862067,0.001477,0.000966,0.004854,14.444137931034476,0
1040,1040,2024-01-04 09:01:54+00:00,2024-01-04 09:01:54+00:00,107.5396428571429,0.1832142857142857,49.6042857142857,118.92857142857147,35.23857142857143,37.17428571428571,1.1721428571428565,64.28678571428571,0.001385,0.000976,0.004799,14.365714285714269,0
1041,1041,2024-01-04 09:01:56+00:00,2024-01-04 09:01:56+00:00,97.1927586206896,0.1872413793103448,49.49344827586207,107.79206896551727,35.23241379310346,37.03896551724137,1.0696551724137933,64.43758620689654,0.001343,0.000956,0.004662,14.261034482758603,0
1042,1042,2024-01-04 09:01:57+00:00,2024-01-04 09:01:57+00:00,92.92360000000002,0.1784,49.48360000000002,103.06359999999997,35.23360000000001,37.021200000000015,1.0223999999999995,64.63479999999998,0.001328,0.000978,0.004465,14.250000000000009,0
1043,1043,2024-01-04 09:01:58+00:00,2024-01-04 09:01:58+00:00,87.12222222222225,0.1766666666666666,49.47666666666668,96.9274074074074,35.255185185185184,36.949259259259264,0.9603703703703708,64.81407407407409,0.001301,0.000917,0.004384,14.221481481481495,0
1044,1044,2024-01-04 09:02:00+00:00,2024-01-04 09:02:00+00:00,78.26392857142856,0.1842857142857143,49.33142857142855,87.28892857142857,35.260714285714286,36.8032142857143,0.8485714285714284,65.05678571428571,0.001246,0.000912,0.004288,14.070714285714269,0
1045,1045,2024-01-04 09:02:01+00:00,2024-01-04 09:02:01+00:00,72.46285714285716,0.1724999999999999,49.28678571428571,81.75214285714286,35.27964285714283,36.74428571428572,0.7903571428571431,64.78357142857142,0.001118,0.000882,0.00397,14.00714285714288,0
1046,1046,2024-01-04 09:02:02+00:00,2024-01-04 09:02:02+00:00,68.39964285714287,0.1732142857142857,49.22714285714288,77.0760714285714,35.296428571428564,36.66035714285714,0.7435714285714284,65.05785714285717,0.001122,0.000903,0.003946,13.930714285714316,0
1047,1047,2024-01-04 09:02:04+00:00,2024-01-04 09:02:04+00:00,59.87758620689654,0.1775862068965517,49.13620689655172,68.06965517241379,35.29482758620688,36.53344827586207,0.6417241379310348,65.23241379310346,0.001158,0.000825,0.003741,13.84137931034484,0
1048,1048,2024-01-04 09:02:05+00:00,2024-01-04 09:02:05+00:00,55.54000000000002,0.1687096774193548,49.02967741935483,63.14935483870968,35.29032258064514,36.46903225806453,0.3938709677419355,65.53290322580645,0.001058,0.000848,0.003668,13.739354838709694,0
1049,1049,2024-01-04 09:02:06+00:00,2024-01-04 09:02:06+00:00,51.93000000000002,0.1737037037037037,48.96925925925928,59.35407407407408,35.29370370370371,36.44111111111111,-0.0222222222222222,65.42,0.001024,0.000793,0.003543,13.675555555555569,0
1050,1050,2024-01-04 09:02:07+00:00,2024-01-04 09:02:07+00:00,48.45346153846154,0.1607692307692308,48.89807692307692,55.21423076923075,35.316923076923075,36.39384615384616,-0.05,65.46692307692308,0.001023,0.00079,0.003406,13.581153846153846,0
1051,1051,2024-01-04 09:02:09+00:00,2024-01-04 09:02:09+00:00,41.13172413793102,0.1672413793103448,48.84758620689654,47.236896551724136,35.30931034482758,36.27379310344829,-0.05,65.59034482758622,0.000999,0.000811,0.003314,13.538275862068955,0
1052,1052,2024-01-04 09:02:10+00:00,2024-01-04 09:02:10+00:00,37.27120000000001,0.1576,48.77120000000001,43.99,35.33400000000001,36.2096,-0.05,65.80400000000002,0.000972,0.000773,0.003205,13.437199999999995,0
1053,1053,2024-01-04 09:02:11+00:00,2024-01-04 09:02:11+00:00,34.81678571428571,0.1589285714285714,48.70035714285715,41.99250000000001,35.350000000000016,36.18571428571428,-0.0467857142857143,65.72785714285713,0.00094,0.000803,0.003141,13.350357142857137,0
1054,1054,2024-01-04 09:02:13+00:00,2024-01-04 09:02:13+00:00,30.07517241379312,0.1606896551724137,48.603448275862064,35.29344827586208,35.350689655172424,36.14172413793104,-0.05,65.84793103448274,0.000934,0.000808,0.003039,13.25275862068964,0
1055,1055,2024-01-04 09:02:14+00:00,2024-01-04 09:02:14+00:00,27.039230769230773,0.1576923076923077,48.53692307692308,33.43615384615386,35.36192307692308,36.085,-0.05,65.79346153846156,0.000899,0.000788,0.00297,13.175000000000004,0
1056,1056,2024-01-04 09:02:15+00:00,2024-01-04 09:02:15+00:00,26.0325,0.1614285714285714,48.5025,31.42250000000001,35.37571428571428,36.05214285714286,-0.0489285714285714,66.17107142857144,0.000951,0.000776,0.002944,13.126785714285717,0
1057,1057,2024-01-04 09:02:17+00:00,2024-01-04 09:02:17+00:00,22.01555555555556,0.1648148148148149,48.39962962962964,28.203333333333333,35.39074074074073,36.045185185185176,-0.05,66.11,0.000924,0.000811,0.002871,13.008888888888904,0
1058,1058,2024-01-04 09:02:18+00:00,2024-01-04 09:02:18+00:00,21.8928,0.1523999999999999,48.334,26.2652,35.38199999999999,36.0404,-0.0512,66.146,0.000884,0.000807,0.002837,12.952000000000012,0
1059,1059,2024-01-04 09:02:19+00:00,2024-01-04 09:02:19+00:00,20.616896551724142,0.1537931034482758,48.306896551724144,25.823793103448278,35.40482758620688,36.02172413793103,-0.05,66.27137931034483,0.000891,0.000865,0.002829,12.902068965517266,0
1060,1060,2024-01-04 09:02:21+00:00,2024-01-04 09:02:21+00:00,19.51730769230769,0.1576923076923077,48.21884615384616,24.51192307692309,35.43230769230768,36.019615384615385,-0.05,66.04538461538462,0.000967,0.000845,0.002849,12.786538461538475,0
1061,1061,2024-01-04 09:02:22+00:00,2024-01-04 09:02:22+00:00,20.16586206896552,0.183448275862069,48.13965517241378,25.27827586206895,35.46000000000002,35.97275862068967,-0.0486206896551724,66.33448275862071,0.000955,0.000862,0.002802,12.67965517241376,0
1062,1062,2024-01-04 09:02:23+00:00,2024-01-04 09:02:23+00:00,19.79888888888889,0.164074074074074,48.06222222222221,24.86925925925926,35.462962962962976,35.94814814814816,-0.05,66.06555555555553,0.000894,0.000909,0.002832,12.599259259259236,0
1063,1063,2024-01-04 09:02:24+00:00,2024-01-04 09:02:24+00:00,20.3351724137931,0.1620689655172413,48.009999999999984,25.891379310344828,35.47586206896553,35.93827586206898,-0.05,66.08068965517242,0.000898,0.00086,0.002825,12.53413793103445,0
1064,1064,2024-01-04 09:02:26+00:00,2024-01-04 09:02:26+00:00,21.450800000000005,0.16,48.01480000000001,26.864,35.489200000000004,35.992000000000004,-0.05,65.9468,0.000965,0.000826,0.002855,12.525600000000004,0
1065,1065,2024-01-04 09:02:27+00:00,2024-01-04 09:02:27+00:00,23.392903225806453,0.1532258064516129,48.02516129032256,29.104516129032262,35.504838709677415,36.01838709677419,-0.05,65.56387096774193,0.001006,0.000787,0.002954,12.520322580645145,0
1066,1066,2024-01-04 09:02:28+00:00,2024-01-04 09:02:28+00:00,24.41428571428571,0.1610714285714285,47.989285714285735,29.922499999999992,35.52892857142856,36.00714285714286,-0.05,66.115,0.000901,0.000779,0.003012,12.460357142857177,0
1067,1067,2024-01-04 09:02:30+00:00,2024-01-04 09:02:30+00:00,28.88214285714286,0.1625,47.9757142857143,33.957142857142856,35.53142857142856,36.0517857142857,-0.05,65.64535714285714,0.000925,0.000772,0.003047,12.44428571428574,0
1068,1068,2024-01-04 09:02:31+00:00,2024-01-04 09:02:31+00:00,30.77206896551725,0.1534482758620689,47.92344827586208,35.89137931034484,35.5306896551724,36.05931034482758,-0.0489655172413793,65.83310344827584,0.000937,0.000846,0.003095,12.392758620689676,0
1069,1069,2024-01-04 09:02:32+00:00,2024-01-04 09:02:32+00:00,32.72888888888889,0.1607407407407407,47.95518518518519,38.96518518518518,35.52666666666665,36.10148148148147,-0.05,65.63814814814816,0.000972,0.00076,0.00316,12.428518518518535,0
1070,1070,2024-01-04 09:02:34+00:00,2024-01-04 09:02:34+00:00,39.65384615384615,0.1734615384615385,47.92961538461538,45.17807692307692,35.54346153846153,36.19807692307692,-0.05,65.64615384615385,0.000986,0.000791,0.003203,12.386153846153851,0
1071,1071,2024-01-04 09:02:35+00:00,2024-01-04 09:02:35+00:00,42.1056,0.1596,47.9832,48.1064,35.56520000000001,36.24799999999999,-0.05,65.6168,0.001069,0.000791,0.003287,12.417999999999992,0
1072,1072,2024-01-04 09:02:36+00:00,2024-01-04 09:02:36+00:00,45.74,0.1651851851851851,47.94000000000002,51.64999999999999,35.5725925925926,36.243703703703694,-0.05,65.61777777777776,0.001043,0.00079,0.003445,12.36740740740742,0
1073,1073,2024-01-04 09:02:38+00:00,2024-01-04 09:02:38+00:00,53.48439999999999,0.1495999999999999,47.96040000000001,59.5096,35.56279999999998,36.3888,-0.0468,65.23040000000002,0.001041,0.000917,0.003495,12.397600000000024,0
1074,1074,2024-01-04 09:02:39+00:00,2024-01-04 09:02:39+00:00,56.96538461538459,0.1630769230769231,47.94576923076924,63.61307692307692,35.57269230769232,36.41923076923077,0.3061538461538461,64.97269230769231,0.001122,0.000844,0.003633,12.373076923076916,0
1075,1075,2024-01-04 09:02:40+00:00,2024-01-04 09:02:40+00:00,61.7616,0.162,47.942800000000005,67.9868,35.56560000000001,36.5148,0.5312000000000001,65.08080000000001,0.001178,0.000869,0.003808,12.377199999999997,0
1076,1076,2024-01-04 09:02:42+00:00,2024-01-04 09:02:42+00:00,70.13071428571428,0.1796428571428571,47.972142857142856,78.1917857142857,35.60607142857144,36.62607142857144,0.7203571428571429,64.93499999999999,0.001152,0.000877,0.003901,12.366071428571416,0
1077,1077,2024-01-04 09:02:43+00:00,2024-01-04 09:02:43+00:00,75.22000000000001,0.1792857142857142,47.98464285714287,83.16607142857143,35.60535714285716,36.66214285714284,0.7653571428571428,64.74535714285712,0.001226,0.000915,0.004113,12.379285714285714,0
1078,1078,2024-01-04 09:02:44+00:00,2024-01-04 09:02:44+00:00,79.23730769230768,0.1873076923076923,47.99461538461537,87.76115384615385,35.59384615384617,36.71384615384618,0.8165384615384615,64.77038461538463,0.001299,0.000914,0.004192,12.4007692307692,0
1079,1079,2024-01-04 09:02:45+00:00,2024-01-04 09:02:45+00:00,84.34517241379314,0.1755172413793102,48.033448275862064,92.69862068965514,35.59965517241381,36.845517241379305,0.8748275862068966,64.30586206896552,0.001205,0.000932,0.004203,12.433793103448252,0
1080,1080,2024-01-04 09:02:47+00:00,2024-01-04 09:02:47+00:00,94.67321428571428,0.1764285714285714,48.013928571428565,103.0807142857143,35.63785714285713,36.99142857142856,0.9796428571428571,64.23642857142855,0.001255,0.000941,0.004449,12.376071428571436,0
1081,1081,2024-01-04 09:02:48+00:00,2024-01-04 09:02:48+00:00,100.04964285714289,0.1782142857142857,48.01142857142857,108.41071428571426,35.63214285714285,37.03035714285715,1.0282142857142855,64.31249999999999,0.001274,0.000955,0.004461,12.379285714285714,0
1082,1082,2024-01-04 09:02:49+00:00,2024-01-04 09:02:49+00:00,104.13428571428572,0.1925,48.0107142857143,113.93142857142855,35.637857142857136,37.10500000000001,1.075357142857143,64.50857142857146,0.001254,0.000977,0.004501,12.372857142857164,0
1083,1083,2024-01-04 09:02:51+00:00,2024-01-04 09:02:51+00:00,114.74807692307688,0.1869230769230769,48.05923076923074,124.96076923076916,35.68846153846154,37.29576923076923,1.1830769230769231,63.919999999999966,0.001276,0.000966,0.004619,12.370769230769206,0
1084,1084,2024-01-04 09:02:52+00:00,2024-01-04 09:02:52+00:00,120.98615384615384,0.2042307692307692,48.065769230769206,131.82115384615386,35.69769230769232,37.375769230769215,1.2300000000000004,64.12923076923076,0.001328,0.000992,0.004749,12.368076923076885,0
1085,1085,2024-01-04 09:02:53+00:00,2024-01-04 09:02:53+00:00,126.14571428571423,0.1992857142857143,48.02750000000001,136.39749999999998,35.70464285714286,37.4257142857143,1.2799999999999998,63.91535714285714,0.001318,0.00097,0.004831,12.322857142857153,0
1086,1086,2024-01-04 09:02:55+00:00,2024-01-04 09:02:55+00:00,135.6470833333333,0.2004166666666667,48.09583333333333,147.03791666666666,35.69916666666668,37.59333333333334,1.3845833333333328,63.44624999999999,0.001315,0.000967,0.004851,12.396666666666654,0
1087,1087,2024-01-04 09:02:56+00:00,2024-01-04 09:02:56+00:00,141.79148148148147,0.2148148148148148,48.17407407407409,152.92777777777778,35.714074074074084,37.64518518518519,1.4377777777777785,63.5548148148148,0.001317,0.000963,0.004924,12.460000000000008,0
1088,1088,2024-01-04 09:02:57+00:00,2024-01-04 09:02:57+00:00,145.42296296296297,0.1951851851851853,48.16444444444445,157.02999999999997,35.71814814814817,37.76,1.4881481481481478,63.37222222222224,0.001374,0.000963,0.005057,12.446296296296282,0
1089,1089,2024-01-04 09:02:59+00:00,2024-01-04 09:02:59+00:00,155.01137931034486,0.1975862068965517,48.252068965517246,168.0434482758621,35.73896551724139,37.9051724137931,1.6048275862068968,63.19000000000001,0.001383,0.000987,0.005336,12.513103448275857,0
1090,1090,2024-01-04 09:03:00+00:00,2024-01-04 09:03:00+00:00,161.0169230769231,0.2088461538461539,48.27423076923076,173.50038461538458,35.75999999999999,37.97384615384616,1.6696153846153854,62.761153846153846,0.001453,0.001004,0.005619,12.514230769230773,0
1091,1091,2024-01-04 09:03:01+00:00,2024-01-04 09:03:01+00:00,165.4466666666667,0.2055555555555556,48.29111111111111,178.8955555555555,35.764814814814805,38.06037037037037,1.7292592592592593,62.88444444444444,0.001456,0.001018,0.0057,12.526296296296302,0
1092,1092,2024-01-04 09:03:02+00:00,2024-01-04 09:03:02+00:00,170.58892857142857,0.2060714285714286,48.37571428571429,183.63,35.753571428571426,38.16178571428572,1.788571428571428,62.97142857142854,0.00155,0.001044,0.005994,12.622142857142862,0
1093,1093,2024-01-04 09:03:04+00:00,2024-01-04 09:03:04+00:00,178.40720000000002,0.2176,48.46200000000001,192.172,35.78679999999999,38.32279999999999,1.8988,62.534400000000005,0.00157,0.001016,0.006091,12.675200000000018,0
1094,1094,2024-01-04 09:03:05+00:00,2024-01-04 09:03:05+00:00,182.60071428571425,0.2167857142857143,48.53964285714284,196.6475,35.80499999999999,38.377142857142864,1.9575,62.63607142857143,0.001656,0.001053,0.00636,12.734642857142845,0
1095,1095,2024-01-04 09:03:06+00:00,2024-01-04 09:03:06+00:00,186.3232,0.2168000000000001,48.61120000000001,200.44,35.80560000000002,38.47880000000001,2.0128,62.53320000000001,0.001645,0.001043,0.006434,12.805599999999991,0
1096,1096,2024-01-04 09:03:08+00:00,2024-01-04 09:03:08+00:00,193.9930434782609,0.2126086956521739,48.68739130434781,207.9686956521739,35.804347826086946,38.59347826086957,2.1134782608695653,62.55956521739132,0.001711,0.001043,0.006648,12.883043478260866,0
1097,1097,2024-01-04 09:03:09+00:00,2024-01-04 09:03:09+00:00,197.7242307692308,0.2219230769230769,48.77461538461538,211.90461538461537,35.814230769230775,38.67,2.1680769230769235,62.30115384615386,0.001715,0.001054,0.006777,12.960384615384603,0
1098,1098,2024-01-04 09:03:10+00:00,2024-01-04 09:03:10+00:00,200.66142857142856,0.2210714285714285,48.85178571428572,215.01857142857145,35.82392857142859,38.72500000000001,2.2250000000000005,62.137857142857136,0.001739,0.001038,0.006877,13.02785714285713,0
1099,1099,2024-01-04 09:03:12+00:00,2024-01-04 09:03:12+00:00,206.15518518518525,0.2162962962962964,48.98592592592593,221.00814814814825,35.83851851851852,38.85370370370371,2.311851851851852,61.99555555555553,0.001752,0.00103,0.006957,13.147407407407414,0
1100,1100,2024-01-04 09:03:13+00:00,2024-01-04 09:03:13+00:00,209.13000000000008,0.2225925925925926,49.06888888888888,223.91481481481483,35.84037037037039,38.93888888888888,2.352962962962963,62.3051851851852,0.001753,0.001027,0.007061,13.228518518518491,0
1101,1101,2024-01-04 09:03:14+00:00,2024-01-04 09:03:14+00:00,210.61703703703705,0.2192592592592592,49.11962962962962,226.49,35.86037037037037,38.95185185185184,2.395555555555555,62.10111111111111,0.00178,0.001039,0.007152,13.259259259259252,0
1102,1102,2024-01-04 09:03:16+00:00,2024-01-04 09:03:16+00:00,214.0499999999999,0.241,49.261333333333326,231.0596666666666,35.88,39.07333333333332,2.4680000000000004,62.17899999999999,0.001777,0.001047,0.007209,13.381333333333323,0
1103,1103,2024-01-04 09:03:17+00:00,2024-01-04 09:03:17+00:00,215.50035714285715,0.2228571428571429,49.34142857142859,232.4114285714286,35.89607142857141,39.1232142857143,2.4985714285714287,61.948214285714265,0.001712,0.001053,0.007142,13.445357142857176,0
1104,1104,2024-01-04 09:03:18+00:00,2024-01-04 09:03:18+00:00,217.23,0.2237037037037038,49.4451851851852,233.60259259259252,35.90592592592591,39.145555555555546,2.5192592592592598,61.70037037037034,0.001548,0.001049,0.00686,13.539259259259296,0
1105,1105,2024-01-04 09:03:20+00:00,2024-01-04 09:03:20+00:00,219.0840740740741,0.2248148148148147,49.60333333333334,235.6325925925925,35.91629629629629,39.18740740740741,2.575925925925925,61.63222222222221,0.001535,0.001053,0.00689,13.68703703703705,0
1106,1106,2024-01-04 09:03:21+00:00,2024-01-04 09:03:21+00:00,219.40959999999995,0.2348,49.6948,236.0272,35.93880000000001,39.2184,2.5711999999999997,61.704400000000014,0.001504,0.001075,0.006797,13.755999999999986,0
1107,1107,2024-01-04 09:03:22+00:00,2024-01-04 09:03:22+00:00,219.8552,0.2307999999999999,49.72359999999999,235.7860000000001,35.943200000000004,39.22,2.576,61.3076,0.001486,0.001052,0.006743,13.780399999999986,0
1108,1108,2024-01-04 09:03:23+00:00,2024-01-04 09:03:23+00:00,219.01870967741928,0.2354838709677419,49.8067741935484,235.466129032258,35.936774193548395,39.2558064516129,2.576774193548387,61.6967741935484,0.00148,0.001033,0.00672,13.870000000000005,0
1109,1109,2024-01-04 09:03:25+00:00,2024-01-04 09:03:25+00:00,217.60888888888883,0.2322222222222222,49.98629629629628,234.8137037037038,35.932962962962954,39.28925925925926,2.5699999999999994,61.63740740740742,0.001452,0.001039,0.006684,14.053333333333327,0
1110,1110,2024-01-04 09:03:26+00:00,2024-01-04 09:03:26+00:00,218.6414285714286,0.2232142857142857,50.07142857142856,233.6385714285715,35.931428571428555,39.31285714285713,2.564999999999998,62.010000000000005,0.001421,0.001049,0.006644,14.140000000000008,0
1111,1111,2024-01-04 09:03:27+00:00,2024-01-04 09:03:27+00:00,215.28827586206896,0.2220689655172413,50.10068965517241,231.7041379310345,35.947931034482764,39.27034482758621,2.532068965517243,61.9048275862069,0.001432,0.001035,0.006617,14.152758620689646,0
1112,1112,2024-01-04 09:03:29+00:00,2024-01-04 09:03:29+00:00,212.50346153846155,0.2246153846153846,50.28769230769231,228.2392307692308,35.95346153846154,39.311923076923065,2.487692307692308,61.92846153846156,0.001438,0.001041,0.00655,14.334230769230771,0
1113,1113,2024-01-04 09:03:30+00:00,2024-01-04 09:03:30+00:00,210.78966666666665,0.2233333333333333,50.31833333333331,226.50233333333335,35.97100000000002,39.299,2.4493333333333345,61.985666666666674,0.001435,0.001055,0.00646,14.347333333333289,0
1114,1114,2024-01-04 09:03:31+00:00,2024-01-04 09:03:31+00:00,208.2046428571429,0.2178571428571429,50.38928571428572,223.75,35.98642857142858,39.29892857142857,2.4114285714285715,61.91571428571429,0.001399,0.001038,0.006418,14.402857142857137,0
1115,1115,2024-01-04 09:03:33+00:00,2024-01-04 09:03:33+00:00,203.30310344827583,0.2241379310344828,50.44551724137932,219.17034482758623,36.01689655172413,39.2089655172414,2.337241379310345,62.23344827586208,0.001404,0.001041,0.006358,14.42862068965519,0
1116,1116,2024-01-04 09:03:34+00:00,2024-01-04 09:03:34+00:00,199.98107142857148,0.2078571428571429,50.46571428571429,215.085,36.021785714285706,39.17857142857142,2.277142857142858,62.15357142857143,0.001363,0.001034,0.006236,14.443928571428586,0
1117,1117,2024-01-04 09:03:35+00:00,2024-01-04 09:03:35+00:00,196.7507142857144,0.2114285714285715,50.48285714285714,212.3882142857144,36.0125,39.15428571428572,2.2349999999999994,62.24107142857144,0.001352,0.001044,0.006124,14.470357142857146,0
1118,1118,2024-01-04 09:03:37+00:00,2024-01-04 09:03:37+00:00,189.39433333333332,0.2086666666666666,50.562,204.1970000000001,36.04599999999998,39.13533333333335,2.1096666666666675,62.40833333333333,0.001331,0.001018,0.006035,14.51600000000002,0
1119,1119,2024-01-04 09:03:38+00:00,2024-01-04 09:03:38+00:00,186.04851851851856,0.2129629629629629,50.5225925925926,200.5407407407407,36.04296296296295,39.06777777777776,2.061851851851852,62.78925925925929,0.001309,0.001025,0.005949,14.479629629629647,0
1120,1120,2024-01-04 09:03:39+00:00,2024-01-04 09:03:39+00:00,181.34310344827583,0.2058620689655172,50.54241379310344,196.44413793103445,36.05310344827586,39.01862068965517,2.0037931034482748,62.63931034482759,0.001302,0.00102,0.00588,14.489310344827572,0
1121,1121,2024-01-04 09:03:41+00:00,2024-01-04 09:03:41+00:00,173.80620689655177,0.2106896551724137,50.55793103448273,187.87275862068967,36.058965517241376,38.94206896551725,1.9268965517241377,63.00344827586208,0.001282,0.001045,0.005689,14.498965517241352,0
1122,1122,2024-01-04 09:03:42+00:00,2024-01-04 09:03:42+00:00,168.57666666666668,0.203,50.59499999999999,182.10633333333337,36.05333333333331,38.865333333333325,1.8446666666666676,63.14033333333334,0.001281,0.001022,0.005608,14.541666666666671,0
1123,1123,2024-01-04 09:03:43+00:00,2024-01-04 09:03:43+00:00,164.58961538461537,0.2069230769230769,50.60269230769229,178.3161538461538,36.069615384615375,38.82576923076924,1.802692307692308,63.27884615384615,0.001192,0.001005,0.005371,14.533076923076912,0
1124,1124,2024-01-04 09:03:44+00:00,2024-01-04 09:03:44+00:00,159.09346153846147,0.2157692307692307,50.57730769230768,173.08730769230772,36.07038461538463,38.773461538461554,1.7453846153846144,63.14346153846156,0.001201,0.001005,0.005269,14.506923076923044,0
1125,1125,2024-01-04 09:03:46+00:00,2024-01-04 09:03:46+00:00,149.41259259259257,0.2044444444444444,50.56037037037036,163.4733333333333,36.06296296296297,38.65592592592593,1.625185185185185,63.51703703703701,0.001198,0.000983,0.005109,14.497407407407389,0
1126,1126,2024-01-04 09:03:47+00:00,2024-01-04 09:03:47+00:00,145.2885714285715,0.2014285714285714,50.60035714285711,157.87142857142865,36.06642857142858,38.6,1.5657142857142856,63.67249999999998,0.001131,0.00099,0.004835,14.533928571428532,0
1127,1127,2024-01-04 09:03:48+00:00,2024-01-04 09:03:48+00:00,138.96333333333334,0.2033333333333334,50.47999999999999,152.3622222222222,36.09592592592595,38.494814814814816,1.505925925925926,63.89333333333335,0.001216,0.000963,0.004691,14.384074074074045,0
1128,1128,2024-01-04 09:03:50+00:00,2024-01-04 09:03:50+00:00,129.44551724137935,0.2013793103448276,50.4496551724138,142.19413793103448,36.08724137931037,38.37793103448275,1.406206896551724,63.808965517241376,0.001191,0.000962,0.004607,14.362413793103428,0
1129,1129,2024-01-04 09:03:51+00:00,2024-01-04 09:03:51+00:00,124.0936,0.1979999999999999,50.39239999999999,135.96120000000002,36.08520000000001,38.32719999999999,1.3463999999999996,63.97520000000002,0.001173,0.000976,0.004609,14.30719999999998,0
1130,1130,2024-01-04 09:03:52+00:00,2024-01-04 09:03:52+00:00,119.3013793103448,0.1779310344827586,50.43241379310346,130.8768965517241,36.08586206896553,38.27103448275861,1.3034482758620691,64.07862068965517,0.001184,0.00097,0.004563,14.346551724137932,0
1131,1131,2024-01-04 09:03:54+00:00,2024-01-04 09:03:54+00:00,107.9675,0.1817857142857144,50.32178571428569,119.06964285714284,36.118214285714295,38.118214285714274,1.1964285714285725,64.30357142857144,0.001167,0.00098,0.004475,14.203571428571394,0
1132,1132,2024-01-04 09:03:55+00:00,2024-01-04 09:03:55+00:00,103.56851851851852,0.1718518518518518,50.26814814814813,113.61370370370368,36.133333333333326,38.06814814814816,1.1411111111111114,64.31111111111112,0.001146,0.000976,0.004358,14.134814814814805,0
1133,1133,2024-01-04 09:03:56+00:00,2024-01-04 09:03:56+00:00,98.55384615384617,0.1861538461538462,50.25038461538463,108.11653846153848,36.15346153846152,37.98423076923075,1.0903846153846155,64.57615384615382,0.001121,0.000961,0.004216,14.096923076923112,0
1134,1134,2024-01-04 09:03:58+00:00,2024-01-04 09:03:58+00:00,88.19851851851851,0.19,50.14851851851854,98.04703703703704,36.15777777777776,37.85481481481482,0.9892592592592592,64.92444444444442,0.001121,0.000903,0.004142,13.990740740740785,0
1135,1135,2024-01-04 09:03:59+00:00,2024-01-04 09:03:59+00:00,82.6113333333333,0.179,50.10433333333332,92.94366666666669,36.16333333333331,37.81933333333333,0.9319999999999998,64.94966666666669,0.001113,0.0009,0.004092,13.941000000000004,0
1136,1136,2024-01-04 09:04:00+00:00,2024-01-04 09:04:00+00:00,79.01655172413791,0.1806896551724138,50.0248275862069,87.49344827586205,36.17758620689657,37.69517241379311,0.8744827586206901,64.61379310344827,0.00108,0.000868,0.003873,13.847241379310326,0
1137,1137,2024-01-04 09:04:01+00:00,2024-01-04 09:04:01+00:00,74.00333333333333,0.1737037037037037,49.95629629629631,82.49777777777778,36.19037037037037,37.641481481481485,0.8274074074074075,65.13111111111112,0.00105,0.000875,0.003767,13.76592592592594,0
1138,1138,2024-01-04 09:04:03+00:00,2024-01-04 09:04:03+00:00,65.02464285714288,0.1728571428571428,49.88464285714285,72.85107142857143,36.182857142857145,37.531785714285725,0.7139285714285716,65.24499999999999,0.001067,0.000886,0.003717,13.701785714285704,0
1139,1139,2024-01-04 09:04:04+00:00,2024-01-04 09:04:04+00:00,60.26458333333334,0.1641666666666666,49.81791666666667,67.84166666666667,36.18541666666665,37.48375,0.6633333333333336,65.11125000000001,0.00098,0.000842,0.003509,13.632500000000022,0
1140,1140,2024-01-04 09:04:05+00:00,2024-01-04 09:04:05+00:00,56.30555555555555,0.1622222222222222,49.76407407407409,63.598888888888894,36.18444444444444,37.427037037037024,0.5670370370370369,65.19888888888889,0.00099,0.000789,0.003467,13.57962962962965,0
1141,1141,2024-01-04 09:04:07+00:00,2024-01-04 09:04:07+00:00,48.171923076923086,0.1638461538461538,49.67115384615386,55.255,36.17884615384615,37.33076923076924,-0.0546153846153846,65.57269230769231,0.000935,0.000814,0.003279,13.492307692307705,0
1142,1142,2024-01-04 09:04:08+00:00,2024-01-04 09:04:08+00:00,45.09703703703703,0.1655555555555555,49.57185185185184,52.32555555555555,36.197037037037056,37.25925925925925,-0.0533333333333333,65.14851851851851,0.000964,0.000804,0.003214,13.374814814814783,0
1143,1143,2024-01-04 09:04:09+00:00,2024-01-04 09:04:09+00:00,41.74307692307691,0.1742307692307692,49.49999999999999,48.3923076923077,36.19538461538463,37.185,-0.05,65.6476923076923,0.000928,0.000768,0.0031,13.30461538461536,0
1144,1144,2024-01-04 09:04:11+00:00,2024-01-04 09:04:11+00:00,34.965769230769226,0.1553846153846153,49.4296153846154,41.287692307692296,36.21269230769232,37.15269230769231,-0.0561538461538461,65.9126923076923,0.000878,0.000747,0.002941,13.216923076923074,0
1145,1145,2024-01-04 09:04:12+00:00,2024-01-04 09:04:12+00:00,32.4012,0.1548,49.3016,39.25400000000001,36.2436,37.08760000000001,-0.0516,65.83760000000001,0.000865,0.000769,0.002925,13.058,0
1146,1146,2024-01-04 09:04:13+00:00,2024-01-04 09:04:13+00:00,31.06892857142858,0.1589285714285714,49.32571428571428,36.09214285714286,36.23071428571429,37.03785714285714,-0.0557142857142857,65.85285714285713,0.000888,0.000749,0.002848,13.094999999999985,0
1147,1147,2024-01-04 09:04:15+00:00,2024-01-04 09:04:15+00:00,25.816071428571423,0.1642857142857143,49.17464285714284,31.60499999999999,36.26857142857141,36.99642857142857,-0.0575,66.00857142857144,0.000902,0.000743,0.002782,12.906071428571424,0
1148,1148,2024-01-04 09:04:16+00:00,2024-01-04 09:04:16+00:00,24.523448275862066,0.1727586206896552,49.13517241379309,30.28862068965518,36.289310344827584,36.96999999999999,-0.0568965517241379,66.03,0.000815,0.000822,0.002735,12.84586206896551,0
1149,1149,2024-01-04 09:04:17+00:00,2024-01-04 09:04:17+00:00,22.44960000000001,0.1588,49.102,27.79720000000001,36.29119999999998,36.9752,-0.0536,65.9132,0.000788,0.000759,0.002646,12.810800000000022,0
1150,1150,2024-01-04 09:04:19+00:00,2024-01-04 09:04:19+00:00,20.52785714285715,0.1642857142857143,48.99964285714286,26.09892857142857,36.33142857142857,36.93178571428571,-0.0582142857142857,66.1014285714286,0.000819,0.000835,0.002645,12.668214285714292,0
1151,1151,2024-01-04 09:04:20+00:00,2024-01-04 09:04:20+00:00,19.558571428571437,0.1603571428571429,48.9325,24.87678571428571,36.3307142857143,36.868928571428576,-0.0585714285714286,66.17642857142856,0.000792,0.000824,0.00264,12.601785714285697,0
1152,1152,2024-01-04 09:04:21+00:00,2024-01-04 09:04:21+00:00,19.889629629629635,0.1566666666666666,48.89777777777777,25.2237037037037,36.32370370370373,36.87,-0.0585185185185185,65.89629629629631,0.00083,0.000834,0.002662,12.57407407407404,0
1153,1153,2024-01-04 09:04:22+00:00,2024-01-04 09:04:22+00:00,19.78300000000001,0.161,48.82999999999998,24.323666666666657,36.33400000000001,36.85833333333333,-0.059,66.21533333333332,0.000966,0.000876,0.00262,12.495999999999968,0
1154,1154,2024-01-04 09:04:24+00:00,2024-01-04 09:04:24+00:00,20.453214285714285,0.1485714285714285,48.807857142857145,24.755,36.32892857142858,36.892500000000005,-0.0578571428571428,65.94821428571429,0.000876,0.000865,0.002602,12.47892857142856,0
1155,1155,2024-01-04 09:04:25+00:00,2024-01-04 09:04:25+00:00,21.13137931034483,0.1665517241379311,48.77275862068966,26.6796551724138,36.34137931034484,36.85620689655173,-0.06,66.08275862068965,0.00081,0.000783,0.002636,12.431379310344816,0
1156,1156,2024-01-04 09:04:26+00:00,2024-01-04 09:04:26+00:00,22.012692307692305,0.1588461538461539,48.71076923076924,26.77461538461538,36.34076923076924,36.86884615384615,-0.06,66.00730769230769,0.000851,0.000746,0.002683,12.369999999999996,0
1157,1157,2024-01-04 09:04:28+00:00,2024-01-04 09:04:28+00:00,24.07870967741936,0.1425806451612903,48.73064516129033,29.247096774193544,36.36193548387096,36.94548387096775,-0.0551612903225806,65.69032258064516,0.000841,0.000815,0.002758,12.368709677419377,0
1158,1158,2024-01-04 09:04:29+00:00,2024-01-04 09:04:29+00:00,26.112592592592588,0.1629629629629629,48.67111111111112,31.190370370370392,36.37222222222223,36.927037037037024,-0.0551851851851852,65.91407407407408,0.000883,0.00072,0.002808,12.29888888888889,0
1159,1159,2024-01-04 09:04:30+00:00,2024-01-04 09:04:30+00:00,28.58666666666666,0.1533333333333333,48.65370370370373,33.18666666666666,36.38444444444444,36.99555555555556,-0.0562962962962963,65.85259259259259,0.000961,0.00076,0.0028,12.269259259259286,0
1160,1160,2024-01-04 09:04:32+00:00,2024-01-04 09:04:32+00:00,33.24899999999999,0.157,48.64833333333331,37.638000000000005,36.41666666666666,37.03033333333335,-0.0556666666666667,65.72966666666666,0.000868,0.000766,0.002832,12.231666666666657,0
1161,1161,2024-01-04 09:04:33+00:00,2024-01-04 09:04:33+00:00,36.00538461538463,0.1607692307692307,48.67153846153846,41.20884615384615,36.4203846153846,37.08307692307692,-0.0565384615384615,65.52576923076923,0.000901,0.000846,0.002927,12.251153846153862,0
1162,1162,2024-01-04 09:04:34+00:00,2024-01-04 09:04:34+00:00,39.31032258064516,0.154516129032258,48.69548387096776,44.52903225806451,36.41741935483871,37.1267741935484,-0.06,65.31806451612903,0.000976,0.000803,0.003031,12.278064516129056,0
1163,1163,2024-01-04 09:04:36+00:00,2024-01-04 09:04:36+00:00,45.294615384615376,0.1592307692307692,48.64269230769231,51.1623076923077,36.44961538461539,37.17653846153845,-0.055,65.54384615384616,0.000871,0.000769,0.003085,12.193076923076916,0
1164,1164,2024-01-04 09:04:37+00:00,2024-01-04 09:04:37+00:00,48.13115384615385,0.1557692307692307,48.67884615384615,54.83269230769231,36.44153846153847,37.24038461538461,-0.0538461538461538,65.2303846153846,0.000929,0.000779,0.003227,12.23730769230768,0
1165,1165,2024-01-04 09:04:38+00:00,2024-01-04 09:04:38+00:00,53.36137931034485,0.1655172413793104,48.666896551724136,59.17103448275863,36.45034482758622,37.31344827586207,-0.0568965517241379,65.31793103448275,0.000971,0.000862,0.003346,12.216551724137917,0
1166,1166,2024-01-04 09:04:39+00:00,2024-01-04 09:04:39+00:00,56.79185185185185,0.1670370370370371,48.65111111111111,63.42777777777777,36.47481481481483,37.36629629629631,0.1829629629629629,65.21666666666667,0.001007,0.00086,0.003449,12.17629629629628,0
1167,1167,2024-01-04 09:04:41+00:00,2024-01-04 09:04:41+00:00,64.62692307692308,0.1592307692307692,48.69653846153847,72.17384615384616,36.47192307692308,37.50461538461538,0.6757692307692308,65.05230769230769,0.001068,0.000846,0.003647,12.224615384615385,0
1168,1168,2024-01-04 09:04:42+00:00,2024-01-04 09:04:42+00:00,69.71586206896549,0.1775862068965518,48.63344827586207,77.11827586206896,36.49206896551725,37.49862068965517,0.7224137931034483,65.17965517241379,0.001062,0.000917,0.003744,12.141379310344815,0
1169,1169,2024-01-04 09:04:43+00:00,2024-01-04 09:04:43+00:00,74.76925925925924,0.1899999999999999,48.66222222222223,82.79555555555557,36.504444444444445,37.60296296296296,0.7833333333333334,65.26296296296297,0.00108,0.000879,0.003882,12.15777777777778,0
1170,1170,2024-01-04 09:04:45+00:00,2024-01-04 09:04:45+00:00,84.23551724137931,0.1903448275862069,48.67586206896552,92.67103448275864,36.51172413793103,37.72413793103448,0.8844827586206894,64.55620689655171,0.00119,0.000929,0.004094,12.164137931034489,0
1171,1171,2024-01-04 09:04:46+00:00,2024-01-04 09:04:46+00:00,88.95038461538459,0.1846153846153846,48.75115384615384,97.15423076923074,36.49884615384615,37.85499999999998,0.9357692307692306,64.4169230769231,0.001138,0.000937,0.004155,12.25230769230768,0
1172,1172,2024-01-04 09:04:47+00:00,2024-01-04 09:04:47+00:00,93.00035714285715,0.1778571428571428,48.6914285714286,102.14071428571428,36.52821428571427,37.88357142857142,0.9882142857142858,64.44464285714285,0.00116,0.000966,0.004201,12.163214285714323,0
1173,1173,2024-01-04 09:04:49+00:00,2024-01-04 09:04:49+00:00,102.9776666666667,0.1786666666666666,48.69666666666665,112.58333333333331,36.563,38.02533333333331,1.0903333333333336,64.04399999999998,0.001188,0.000946,0.004326,12.133666666666649,0
1174,1174,2024-01-04 09:04:50+00:00,2024-01-04 09:04:50+00:00,109.47192307692308,0.1965384615384615,48.6923076923077,119.19384615384617,36.57884615384617,38.12307692307692,1.1323076923076925,64.4926923076923,0.001259,0.000969,0.004499,12.113461538461529,0
1175,1175,2024-01-04 09:04:51+00:00,2024-01-04 09:04:51+00:00,114.44750000000002,0.185,48.78178571428571,123.8671428571428,36.58500000000002,38.241785714285705,1.1907142857142858,64.09571428571427,0.001263,0.000987,0.004589,12.196785714285689,0
1176,1176,2024-01-04 09:04:53+00:00,2024-01-04 09:04:53+00:00,123.70083333333332,0.17375,48.78666666666666,135.16666666666666,36.65124999999999,38.38125,1.2841666666666665,63.51750000000001,0.00131,0.000995,0.004655,12.135416666666671,0
1177,1177,2024-01-04 09:04:54+00:00,2024-01-04 09:04:54+00:00,129.75178571428577,0.1925000000000001,48.80714285714284,140.01714285714294,36.66035714285712,38.42535714285714,1.3335714285714284,63.79750000000001,0.001238,0.000989,0.004656,12.14678571428572,0
1178,1178,2024-01-04 09:04:55+00:00,2024-01-04 09:04:55+00:00,134.93766666666664,0.187,48.85966666666666,146.029,36.65333333333332,38.565000000000005,1.396333333333333,63.54933333333333,0.001177,0.001023,0.004599,12.20633333333334,0
1179,1179,2024-01-04 09:04:57+00:00,2024-01-04 09:04:57+00:00,145.9191666666667,0.1883333333333333,48.85666666666666,156.7458333333333,36.656666666666645,38.66999999999999,1.5083333333333335,63.29041666666669,0.001224,0.001013,0.004873,12.200000000000015,0
1180,1180,2024-01-04 09:04:58+00:00,2024-01-04 09:04:58+00:00,150.3776923076923,0.1946153846153846,48.86346153846153,162.19884615384615,36.658846153846135,38.77961538461539,1.5542307692307686,63.27884615384615,0.001273,0.000997,0.005095,12.204615384615394,0
1181,1181,2024-01-04 09:04:59+00:00,2024-01-04 09:04:59+00:00,154.49518518518522,0.1948148148148148,48.98333333333334,166.83074074074077,36.64777777777777,38.90111111111111,1.623333333333333,63.184444444444445,0.001229,0.001019,0.005158,12.335555555555572,0
1182,1182,2024-01-04 09:05:00+00:00,2024-01-04 09:05:00+00:00,159.74888888888893,0.2074074074074074,48.97888888888889,172.38740740740738,36.69111111111112,38.948888888888895,1.6855555555555557,63.09000000000001,0.001322,0.001023,0.005499,12.28777777777777,0
1183,1183,2024-01-04 09:05:02+00:00,2024-01-04 09:05:02+00:00,169.2146666666667,0.1899999999999999,49.06966666666666,181.24,36.69066666666667,39.10200000000001,1.808999999999999,62.943333333333335,0.001334,0.001018,0.005552,12.37899999999999,0
1184,1184,2024-01-04 09:05:03+00:00,2024-01-04 09:05:03+00:00,172.7076,0.2024,49.11480000000002,186.7936,36.716000000000015,39.1964,1.8668000000000005,62.87519999999999,0.001387,0.001053,0.005841,12.3988,0
1185,1185,2024-01-04 09:05:04+00:00,2024-01-04 09:05:04+00:00,178.40919999999997,0.2104000000000001,49.155600000000014,191.68439999999995,36.7444,39.222,1.9288000000000007,62.835200000000015,0.001382,0.001031,0.005949,12.411200000000017,0
1186,1186,2024-01-04 09:05:06+00:00,2024-01-04 09:05:06+00:00,185.7886206896552,0.2210344827586207,49.25344827586206,200.0437931034484,36.74103448275863,39.38310344827586,2.0420689655172413,62.53517241379311,0.0014,0.001053,0.00607,12.512413793103434,0
1187,1187,2024-01-04 09:05:07+00:00,2024-01-04 09:05:07+00:00,189.81592592592588,0.2211111111111112,49.32333333333333,204.56999999999996,36.73666666666667,39.48777777777778,2.08962962962963,62.54185185185188,0.001427,0.001056,0.006209,12.58666666666666,0
1188,1188,2024-01-04 09:05:08+00:00,2024-01-04 09:05:08+00:00,193.3925925925926,0.2251851851851852,49.39333333333333,207.89111111111103,36.74074074074075,39.51814814814815,2.1481481481481484,62.23555555555556,0.001469,0.001066,0.006358,12.652592592592583,0
1189,1189,2024-01-04 09:05:10+00:00,2024-01-04 09:05:10+00:00,200.267037037037,0.2159259259259259,49.49777777777778,214.92074074074063,36.75444444444444,39.65888888888887,2.2607407407407414,62.21814814814816,0.001472,0.001067,0.006432,12.74333333333334,0
1190,1190,2024-01-04 09:05:11+00:00,2024-01-04 09:05:11+00:00,202.57518518518523,0.2248148148148148,49.58407407407406,218.22481481481475,36.7785185185185,39.736666666666665,2.3103703703703697,61.87666666666665,0.001484,0.001103,0.006508,12.805555555555555,0
1191,1191,2024-01-04 09:05:12+00:00,2024-01-04 09:05:12+00:00,206.69,0.2148148148148149,49.6614814814815,221.20259259259257,36.78518518518516,39.80814814814816,2.3585185185185176,61.894074074074105,0.001446,0.001083,0.006457,12.87629629629634,0
1192,1192,2024-01-04 09:05:14+00:00,2024-01-04 09:05:14+00:00,210.92407407407404,0.2244444444444445,49.78962962962961,226.69259259259255,36.79851851851852,39.88925925925925,2.444814814814816,62.12592592592593,0.001434,0.001081,0.006498,12.991111111111088,0
1193,1193,2024-01-04 09:05:15+00:00,2024-01-04 09:05:15+00:00,212.60034482758627,0.2217241379310345,49.89793103448278,228.58172413793108,36.80999999999999,39.94275862068966,2.482068965517241,61.88448275862069,0.001452,0.001101,0.006536,13.087931034482793,0
1194,1194,2024-01-04 09:05:16+00:00,2024-01-04 09:05:16+00:00,214.95962962962963,0.2262962962962963,49.9662962962963,230.3144444444445,36.81703703703705,39.99037037037037,2.5074074074074075,61.95185185185187,0.001477,0.001077,0.006617,13.149259259259246,0
1195,1195,2024-01-04 09:05:17+00:00,2024-01-04 09:05:17+00:00,216.1968,0.2260000000000001,50.0224,231.746,36.8216,40.0096,2.5392,61.85479999999998,0.001457,0.001094,0.006682,13.200799999999994,0
1196,1196,2024-01-04 09:05:19+00:00,2024-01-04 09:05:19+00:00,218.0989655172413,0.22,50.16827586206897,233.60413793103447,36.82689655172416,40.07344827586208,2.584137931034484,61.626206896551714,0.001462,0.001067,0.006715,13.341379310344813,0
1197,1197,2024-01-04 09:05:20+00:00,2024-01-04 09:05:20+00:00,217.1296428571429,0.2217857142857142,50.29821428571427,235.17071428571427,36.82892857142858,40.15428571428573,2.6046428571428573,61.67142857142857,0.001482,0.001095,0.006744,13.46928571428569,0
1198,1198,2024-01-04 09:05:21+00:00,2024-01-04 09:05:21+00:00,219.79333333333335,0.217037037037037,50.38333333333335,235.39259259259256,36.84740740740741,40.17740740740743,2.6237037037037028,61.45740740740741,0.001508,0.001109,0.006819,13.535925925925936,0
1199,1199,2024-01-04 09:05:23+00:00,2024-01-04 09:05:23+00:00,219.27840000000003,0.2220000000000001,50.52199999999998,234.60840000000005,36.85600000000001,40.21519999999999,2.6236,61.819200000000016,0.001437,0.001097,0.006655,13.665999999999968,0
1200,1200,2024-01-04 09:05:24+00:00,2024-01-04 09:05:24+00:00,217.95370370370367,0.2325925925925927,50.55962962962961,234.55148148148143,36.87148148148148,40.20000000000001,2.6214814814814806,61.69962962962963,0.001425,0.001104,0.006588,13.68814814814813,0
1201,1201,2024-01-04 09:05:25+00:00,2024-01-04 09:05:25+00:00,217.9789285714287,0.2242857142857144,50.703214285714296,234.41107142857135,36.885714285714286,40.20142857142857,2.6289285714285726,61.492142857142845,0.001412,0.001122,0.006548,13.81750000000001,0
1202,1202,2024-01-04 09:05:27+00:00,2024-01-04 09:05:27+00:00,215.98586206896545,0.2155172413793103,50.83517241379311,232.10137931034487,36.89655172413792,40.260344827586216,2.592413793103448,61.87206896551723,0.001383,0.001068,0.006489,13.938620689655188,0
1203,1203,2024-01-04 09:05:28+00:00,2024-01-04 09:05:28+00:00,213.55153846153848,0.2180769230769231,50.85500000000001,231.4042307692308,36.9130769230769,40.2273076923077,2.580384615384616,61.60192307692308,0.00138,0.001071,0.006449,13.94192307692311,0
1204,1204,2024-01-04 09:05:29+00:00,2024-01-04 09:05:29+00:00,213.22533333333345,0.2143333333333333,50.89933333333336,229.193,36.945000000000014,40.23,2.5580000000000003,61.85033333333335,0.001357,0.00107,0.006412,13.954333333333343,0
1205,1205,2024-01-04 09:05:31+00:00,2024-01-04 09:05:31+00:00,208.50827586206887,0.2293103448275862,51.02206896551723,224.2234482758621,36.94,40.20620689655173,2.467931034482759,62.37275862068965,0.00137,0.001077,0.006335,14.08206896551723,0
1206,1206,2024-01-04 09:05:32+00:00,2024-01-04 09:05:32+00:00,207.3914814814814,0.2248148148148148,51.10703703703705,222.3574074074073,36.96666666666669,40.21407407407407,2.4325925925925924,61.93481481481484,0.001415,0.001092,0.006291,14.140370370370364,0
1207,1207,2024-01-04 09:05:33+00:00,2024-01-04 09:05:33+00:00,203.5181481481481,0.2088888888888889,51.14259259259258,218.315925925926,36.96481481481483,40.183703703703706,2.391851851851852,62.0562962962963,0.001354,0.001104,0.006213,14.177777777777749,0
1208,1208,2024-01-04 09:05:35+00:00,2024-01-04 09:05:35+00:00,197.078,0.2200000000000001,51.216,213.247,36.96500000000002,40.129666666666665,2.299999999999999,62.523,0.001343,0.001079,0.006135,14.250999999999983,0
1209,1209,2024-01-04 09:05:36+00:00,2024-01-04 09:05:36+00:00,194.23466666666656,0.2056666666666667,51.24833333333334,208.74266666666665,36.96033333333335,40.12599999999998,2.2359999999999998,61.99766666666667,0.001346,0.001077,0.00608,14.287999999999997,0
1210,1210,2024-01-04 09:05:37+00:00,2024-01-04 09:05:37+00:00,190.18875000000003,0.2129166666666666,51.234583333333326,205.55250000000004,36.98000000000001,40.07041666666666,2.1733333333333333,62.45916666666667,0.001301,0.001075,0.005978,14.254583333333317,0
1211,1211,2024-01-04 09:05:38+00:00,2024-01-04 09:05:38+00:00,187.2841379310345,0.2179310344827586,51.27,201.4820689655173,36.99172413793104,39.99965517241379,2.1100000000000003,62.422758620689656,0.001294,0.001069,0.005883,14.27827586206896,0
1212,1212,2024-01-04 09:05:40+00:00,2024-01-04 09:05:40+00:00,178.66555555555564,0.2085185185185185,51.29666666666666,191.6855555555555,37.01296296296295,39.88740740740741,2.014444444444444,62.788148148148174,0.001244,0.00106,0.005718,14.283703703703708,0
1213,1213,2024-01-04 09:05:41+00:00,2024-01-04 09:05:41+00:00,173.72592592592594,0.1996296296296296,51.326296296296285,187.82037037037043,37.00629629629629,39.85148148148148,1.9566666666666677,62.76222222222224,0.001229,0.001032,0.005592,14.319999999999991,0
1214,1214,2024-01-04 09:05:42+00:00,2024-01-04 09:05:42+00:00,169.43120000000002,0.2032,51.30359999999998,183.63960000000003,37.02479999999999,39.7924,1.9,62.814800000000005,0.001221,0.001039,0.005506,14.278799999999997,0
1215,1215,2024-01-04 09:05:44+00:00,2024-01-04 09:05:44+00:00,161.33892857142857,0.1982142857142857,51.296071428571416,173.64000000000004,37.02749999999998,39.68285714285714,1.7878571428571437,63.053928571428585,0.00119,0.001038,0.005349,14.268571428571434,0
1216,1216,2024-01-04 09:05:45+00:00,2024-01-04 09:05:45+00:00,155.61259259259256,0.1940740740740741,51.26555555555555,168.3285185185186,37.01925925925926,39.64481481481481,1.7188888888888896,63.0751851851852,0.001159,0.001021,0.005139,14.246296296296292,0
1217,1217,2024-01-04 09:05:46+00:00,2024-01-04 09:05:46+00:00,150.5134615384616,0.2023076923076923,51.2803846153846,163.60192307692307,37.03384615384614,39.591538461538455,1.662692307692308,63.00346153846155,0.001169,0.001005,0.004979,14.246538461538456,0
1218,1218,2024-01-04 09:05:48+00:00,2024-01-04 09:05:48+00:00,139.40178571428575,0.1803571428571429,51.23357142857144,152.41249999999997,37.03357142857142,39.46678571428572,1.540357142857144,63.4089285714286,0.001115,0.001002,0.004761,14.200000000000015,0
1219,1219,2024-01-04 09:05:49+00:00,2024-01-04 09:05:49+00:00,135.49719999999996,0.1908,51.17239999999999,147.8588,37.04760000000002,39.3544,1.4864,63.713999999999984,0.001106,0.000983,0.004567,14.124799999999972,0
1220,1220,2024-01-04 09:05:50+00:00,2024-01-04 09:05:50+00:00,131.33730769230766,0.1880769230769231,51.13192307692308,142.62692307692308,37.07076923076924,39.33269230769231,1.4280769230769237,64.08384615384615,0.001109,0.000978,0.004533,14.061153846153845,0
1221,1221,2024-01-04 09:05:52+00:00,2024-01-04 09:05:52+00:00,120.11074074074077,0.1970370370370371,51.08000000000001,131.02518518518522,37.05222222222222,39.20481481481482,1.3181481481481483,64.11407407407407,0.001122,0.000969,0.004473,14.027777777777793,0
1222,1222,2024-01-04 09:05:53+00:00,2024-01-04 09:05:53+00:00,114.42374999999998,0.1795833333333333,51.07374999999999,125.18375,37.059583333333336,39.14124999999999,1.2725000000000004,64.0375,0.001129,0.000971,0.004384,14.014166666666654,0
1223,1223,2024-01-04 09:05:54+00:00,2024-01-04 09:05:54+00:00,109.3488888888889,0.1781481481481481,50.98481481481482,119.68703703703709,37.06555555555555,39.05777777777776,1.22,64.01592592592594,0.001145,0.000964,0.004295,13.91925925925927,0
1224,1224,2024-01-04 09:05:56+00:00,2024-01-04 09:05:56+00:00,98.91678571428572,0.1803571428571429,50.90535714285718,109.29357142857144,37.09428571428573,38.95428571428571,1.1142857142857143,64.31500000000001,0.001107,0.000969,0.004215,13.811071428571443,0
1225,1225,2024-01-04 09:05:57+00:00,2024-01-04 09:05:57+00:00,94.09666666666668,0.181111111111111,50.80777777777776,103.4948148148148,37.10222222222223,38.86185185185186,1.0640740740740735,64.48814814814813,0.001127,0.000953,0.004132,13.705555555555527,0
1226,1226,2024-01-04 09:05:58+00:00,2024-01-04 09:05:58+00:00,89.02259259259262,0.1885185185185185,50.817407407407394,98.31703703703704,37.122962962962966,38.79777777777778,1.0129629629629633,64.74444444444445,0.001151,0.000971,0.004042,13.694444444444429,0
1227,1227,2024-01-04 09:05:59+00:00,2024-01-04 09:05:59+00:00,84.45103448275859,0.1786206896551724,50.746206896551726,92.66551724137932,37.12241379310345,38.69620689655172,0.9493103448275862,64.59655172413794,0.001057,0.000906,0.00394,13.623793103448278,0
1228,1228,2024-01-04 09:06:01+00:00,2024-01-04 09:06:01+00:00,74.23925925925926,0.1722222222222222,50.69259259259261,82.68666666666667,37.14148148148148,38.62814814814815,0.8448148148148148,65.04000000000002,0.001,0.00089,0.003722,13.551111111111126,0
1229,1229,2024-01-04 09:06:02+00:00,2024-01-04 09:06:02+00:00,70.8423076923077,0.1873076923076923,50.61807692307689,78.5823076923077,37.14923076923076,38.53038461538462,0.783076923076923,65.23538461538462,0.000992,0.000902,0.003593,13.46884615384613,0
1230,1230,2024-01-04 09:06:03+00:00,2024-01-04 09:06:03+00:00,65.8457142857143,0.1660714285714285,50.56071428571427,72.75642857142856,37.14214285714285,38.48535714285714,0.7371428571428574,65.06142857142858,0.001,0.000862,0.00357,13.418571428571418,0
1231,1231,2024-01-04 09:06:05+00:00,2024-01-04 09:06:05+00:00,56.73428571428571,0.1814285714285714,50.47107142857143,64.47357142857142,37.13749999999999,38.36,0.6335714285714286,65.50249999999998,0.000918,0.000852,0.00337,13.33357142857144,0
1232,1232,2024-01-04 09:06:06+00:00,2024-01-04 09:06:06+00:00,53.230384615384615,0.155,50.39307692307689,60.33230769230772,37.15115384615383,38.29307692307692,0.4888461538461539,65.16961538461538,0.000916,0.000823,0.003305,13.241923076923058,0
1233,1233,2024-01-04 09:06:07+00:00,2024-01-04 09:06:07+00:00,48.39999999999999,0.1668,50.31079999999999,55.9436,37.14879999999998,38.26519999999999,-0.0532,65.37360000000001,0.000923,0.000787,0.003169,13.162000000000011,0
1234,1234,2024-01-04 09:06:09+00:00,2024-01-04 09:06:09+00:00,42.16785714285713,0.1592857142857142,50.22964285714288,48.67642857142858,37.17214285714287,38.13142857142856,-0.0642857142857143,65.5432142857143,0.000941,0.000782,0.003074,13.057500000000012,0
1235,1235,2024-01-04 09:06:10+00:00,2024-01-04 09:06:10+00:00,39.57344827586208,0.1703448275862069,50.1796551724138,45.21655172413794,37.17689655172414,38.0903448275862,-0.0651724137931034,65.86517241379309,0.000844,0.000764,0.002952,13.002758620689654,0
1236,1236,2024-01-04 09:06:11+00:00,2024-01-04 09:06:11+00:00,35.43714285714285,0.175,50.11142857142859,42.34928571428571,37.20750000000002,38.06392857142857,-0.0610714285714286,65.80892857142857,0.000841,0.000746,0.002855,12.903928571428573,0
1237,1237,2024-01-04 09:06:13+00:00,2024-01-04 09:06:13+00:00,30.9644,0.158,50.002800000000015,36.3696,37.234400000000015,37.98199999999999,-0.06,65.73519999999999,0.000895,0.000732,0.002735,12.7684,0
1238,1238,2024-01-04 09:06:14+00:00,2024-01-04 09:06:14+00:00,28.315185185185182,0.1625925925925926,49.90296296296297,33.7337037037037,37.23962962962963,37.9137037037037,-0.0618518518518518,65.7025925925926,0.000816,0.000762,0.002747,12.663333333333334,0
1239,1239,2024-01-04 09:06:15+00:00,2024-01-04 09:06:15+00:00,26.7988888888889,0.16,49.88148148148149,31.50925925925926,37.22703703703705,37.94888888888889,-0.0625925925925926,66.06148148148145,0.000815,0.000801,0.002625,12.654444444444437,0
1240,1240,2024-01-04 09:06:16+00:00,2024-01-04 09:06:16+00:00,24.248518518518523,0.1644444444444445,49.76851851851852,29.73925925925924,37.2537037037037,37.84,-0.06,66.14296296296294,0.0009,0.000847,0.002581,12.51481481481482,0
1241,1241,2024-01-04 09:06:18+00:00,2024-01-04 09:06:18+00:00,21.684615384615377,0.1661538461538461,49.70038461538464,26.753076923076915,37.24846153846154,37.84346153846155,-0.0653846153846154,66.09615384615384,0.000806,0.000834,0.002555,12.451923076923094,0
1242,1242,2024-01-04 09:06:19+00:00,2024-01-04 09:06:19+00:00,21.11576923076923,0.1546153846153846,49.66000000000001,25.76384615384615,37.24846153846154,37.83615384615386,-0.0623076923076923,66.17730769230772,0.000794,0.000791,0.0025,12.41153846153847,0
1243,1243,2024-01-04 09:06:20+00:00,2024-01-04 09:06:20+00:00,19.87413793103448,0.153448275862069,49.58586206896551,25.163448275862063,37.27275862068964,37.81206896551724,-0.0651724137931034,66.01241379310346,0.00083,0.000839,0.00256,12.313103448275877,0
1244,1244,2024-01-04 09:06:22+00:00,2024-01-04 09:06:22+00:00,19.59464285714285,0.1592857142857143,49.53892857142857,24.36500000000001,37.309642857142855,37.80750000000002,-0.0614285714285714,65.95714285714284,0.000801,0.000807,0.002532,12.229285714285716,0
1245,1245,2024-01-04 09:06:23+00:00,2024-01-04 09:06:23+00:00,20.03214285714285,0.1675,49.45285714285716,24.415714285714294,37.3092857142857,37.77785714285715,-0.0639285714285714,66.0875,0.000796,0.000799,0.002478,12.143571428571455,0
1246,1246,2024-01-04 09:06:24+00:00,2024-01-04 09:06:24+00:00,20.03,0.1557692307692307,49.45615384615385,24.279615384615383,37.32423076923079,37.8,-0.0676923076923077,66.17769230769233,0.00079,0.000831,0.002491,12.131923076923066,0
1247,1247,2024-01-04 09:06:26+00:00,2024-01-04 09:06:26+00:00,22.19461538461537,0.1688461538461538,49.3973076923077,27.022692307692317,37.34000000000002,37.81038461538461,-0.0688461538461538,66.0103846153846,0.000762,0.000797,0.002555,12.05730769230768,0
1248,1248,2024-01-04 09:06:27+00:00,2024-01-04 09:06:27+00:00,22.675999999999995,0.1653333333333333,49.37666666666664,27.598,37.36299999999999,37.79966666666668,-0.0666666666666667,66.18099999999998,0.000749,0.000803,0.00254,12.013666666666651,0
1249,1249,2024-01-04 09:06:28+00:00,2024-01-04 09:06:28+00:00,24.542222222222215,0.1625925925925926,49.3674074074074,29.334814814814823,37.36370370370371,37.86629629629629,-0.06,65.93925925925926,0.000777,0.000822,0.002659,12.003703703703684,0
1250,1250,2024-01-04 09:06:30+00:00,2024-01-04 09:06:30+00:00,27.01793103448276,0.1572413793103448,49.38344827586208,32.22793103448276,37.36724137931035,37.86689655172414,-0.06,65.76482758620689,0.000858,0.000721,0.002698,12.01620689655173,0
1251,1251,2024-01-04 09:06:31+00:00,2024-01-04 09:06:31+00:00,29.888518518518524,0.1562962962962963,49.33222222222219,35.044444444444444,37.37481481481481,37.902962962962974,-0.06,65.76333333333335,0.000828,0.000797,0.002669,11.95740740740738,0
1252,1252,2024-01-04 09:06:32+00:00,2024-01-04 09:06:32+00:00,32.91538461538462,0.1646153846153846,49.35961538461539,38.04923076923076,37.40230769230767,37.94307692307693,-0.06,65.52730769230769,0.000839,0.000792,0.002783,11.957307692307715,0
1253,1253,2024-01-04 09:06:34+00:00,2024-01-04 09:06:34+00:00,38.25392857142857,0.1707142857142857,49.35285714285713,44.20714285714286,37.42714285714284,38.0367857142857,-0.0607142857142857,65.50571428571429,0.000867,0.000792,0.002804,11.925714285714292,0
1254,1254,2024-01-04 09:06:35+00:00,2024-01-04 09:06:35+00:00,41.5075,0.1682142857142858,49.35714285714288,47.65250000000002,37.42499999999999,38.07535714285715,-0.0607142857142857,65.71464285714283,0.000897,0.000807,0.002908,11.932142857142892,0
1255,1255,2024-01-04 09:06:36+00:00,2024-01-04 09:06:36+00:00,45.09035714285714,0.1696428571428571,49.36107142857144,50.94250000000002,37.42392857142856,38.115357142857135,-0.06,65.46821428571428,0.000932,0.000838,0.003001,11.93714285714288,0
1256,1256,2024-01-04 09:06:37+00:00,2024-01-04 09:06:37+00:00,48.19074074074075,0.1562962962962963,49.36740740740739,54.47629629629632,37.42777777777778,38.16851851851851,-0.06,65.16407407407411,0.000907,0.000823,0.003121,11.939629629629607,0
1257,1257,2024-01-04 09:06:39+00:00,2024-01-04 09:06:39+00:00,55.48666666666665,0.1718518518518518,49.32814814814815,62.166666666666686,37.4311111111111,38.192962962962966,0.3548148148148148,65.1437037037037,0.000956,0.00095,0.003256,11.897037037037045,0
1258,1258,2024-01-04 09:06:40+00:00,2024-01-04 09:06:40+00:00,60.268999999999984,0.1693333333333333,49.34799999999999,66.54033333333332,37.45533333333334,38.319,0.6189999999999999,65.12733333333333,0.00105,0.000905,0.00338,11.89266666666665,0
1259,1259,2024-01-04 09:06:41+00:00,2024-01-04 09:06:41+00:00,64.7876,0.1791999999999999,49.33839999999999,71.75719999999998,37.462800000000016,38.35720000000001,0.6819999999999997,64.93919999999997,0.000974,0.000864,0.003456,11.875599999999976,0
1260,1260,2024-01-04 09:06:43+00:00,2024-01-04 09:06:43+00:00,73.07870967741933,0.1774193548387097,49.33387096774192,80.84741935483868,37.47870967741937,38.50677419354839,0.7758064516129031,64.8609677419355,0.00111,0.000902,0.003692,11.855161290322547,0
1261,1261,2024-01-04 09:06:44+00:00,2024-01-04 09:06:44+00:00,78.62730769230768,0.1684615384615384,49.30153846153845,85.94692307692308,37.47961538461539,38.548461538461545,0.8376923076923076,64.55307692307693,0.001073,0.000909,0.003846,11.821923076923056,0
1262,1262,2024-01-04 09:06:45+00:00,2024-01-04 09:06:45+00:00,82.11166666666664,0.1699999999999999,49.350333333333325,90.71866666666666,37.48533333333334,38.644,0.8813333333333329,64.83766666666669,0.001066,0.000933,0.003877,11.864999999999988,0
1263,1263,2024-01-04 09:06:47+00:00,2024-01-04 09:06:47+00:00,93.57888888888886,0.1666666666666666,49.355555555555554,101.65518518518516,37.51,38.801481481481474,0.9992592592592594,64.31407407407409,0.001115,0.000945,0.003982,11.845555555555556,0
1264,1264,2024-01-04 09:06:48+00:00,2024-01-04 09:06:48+00:00,98.56999999999996,0.1796296296296297,49.37481481481481,106.80518518518514,37.51888888888888,38.87740740740741,1.0477777777777777,64.52777777777779,0.001118,0.000967,0.00411,11.855925925925938,0
1265,1265,2024-01-04 09:06:49+00:00,2024-01-04 09:06:49+00:00,103.0468,0.1895999999999999,49.421200000000006,111.53,37.5104,38.9392,1.0992000000000004,64.34559999999999,0.001163,0.000965,0.004251,11.910800000000007,0
1266,1266,2024-01-04 09:06:51+00:00,2024-01-04 09:06:51+00:00,113.77000000000002,0.1876666666666666,49.43433333333335,123.17133333333332,37.511666666666656,39.09400000000001,1.193333333333333,64.17866666666667,0.001149,0.001024,0.004339,11.922666666666691,0
1267,1267,2024-01-04 09:06:52+00:00,2024-01-04 09:06:52+00:00,118.7968,0.1848,49.4528,128.5816000000001,37.52999999999998,39.134,1.2508000000000006,63.7088,0.001153,0.000999,0.004428,11.922800000000024,0
1268,1268,2024-01-04 09:06:53+00:00,2024-01-04 09:06:53+00:00,123.76535714285708,0.1978571428571428,49.45857142857143,134.1557142857143,37.52821428571429,39.27464285714286,1.2971428571428574,63.78535714285714,0.00117,0.001024,0.004515,11.93035714285714,0
1269,1269,2024-01-04 09:06:54+00:00,2024-01-04 09:06:54+00:00,129.2907142857143,0.185,49.4407142857143,138.72928571428568,37.55107142857143,39.31571428571429,1.347857142857143,63.508571428571415,0.001236,0.001018,0.004663,11.889642857142874,0
1270,1270,2024-01-04 09:06:56+00:00,2024-01-04 09:06:56+00:00,138.80250000000004,0.1839285714285713,49.4975,150.82107142857149,37.55357142857141,39.464642857142856,1.4657142857142849,63.55142857142857,0.001218,0.001041,0.004668,11.943928571428586,0
1271,1271,2024-01-04 09:06:57+00:00,2024-01-04 09:06:57+00:00,144.6615384615385,0.2030769230769231,49.533846153846135,156.5203846153846,37.56230769230769,39.51999999999999,1.5223076923076926,63.32538461538463,0.001173,0.001037,0.0048,11.971538461538444,0
1272,1272,2024-01-04 09:06:58+00:00,2024-01-04 09:06:58+00:00,149.63074074074075,0.1925925925925926,49.58999999999998,160.6496296296296,37.5485185185185,39.63296296296297,1.5807407407407408,63.02703703703703,0.00124,0.001055,0.005082,12.041481481481483,0
1273,1273,2024-01-04 09:07:00+00:00,2024-01-04 09:07:00+00:00,159.5922222222222,0.1944444444444444,49.67814814814815,170.87629629629632,37.573703703703714,39.82370370370371,1.71037037037037,62.76851851851856,0.001234,0.001062,0.005178,12.10444444444444,0
1274,1274,2024-01-04 09:07:01+00:00,2024-01-04 09:07:01+00:00,163.65148148148148,0.1985185185185185,49.71925925925925,176.13555555555556,37.58037037037039,39.88296296296297,1.7737037037037036,62.87,0.001287,0.001082,0.005458,12.138888888888864,0
1275,1275,2024-01-04 09:07:02+00:00,2024-01-04 09:07:02+00:00,168.96814814814817,0.204074074074074,49.73333333333331,181.03925925925927,37.60185185185186,39.963703703703686,1.83,63.00074074074073,0.001283,0.001082,0.005567,12.131481481481451,0
1276,1276,2024-01-04 09:07:04+00:00,2024-01-04 09:07:04+00:00,177.2953571428571,0.1971428571428572,49.83642857142858,190.5157142857143,37.614285714285714,40.135,1.9585714285714289,62.65,0.001377,0.001088,0.005758,12.222142857142863,0
1277,1277,2024-01-04 09:07:05+00:00,2024-01-04 09:07:05+00:00,180.8048148148149,0.2077777777777778,49.905555555555566,194.89555555555555,37.6237037037037,40.191851851851865,2.01962962962963,62.68370370370371,0.001381,0.001089,0.005945,12.281851851851862,0
1278,1278,2024-01-04 09:07:06+00:00,2024-01-04 09:07:06+00:00,186.2937931034482,0.2031034482758621,49.92655172413793,199.37,37.65206896551723,40.293448275862055,2.0793103448275865,62.36999999999999,0.001435,0.001126,0.006071,12.2744827586207,0
1279,1279,2024-01-04 09:07:08+00:00,2024-01-04 09:07:08+00:00,192.89000000000004,0.2053571428571429,50.07464285714288,206.68285714285707,37.66714285714284,40.40714285714287,2.1875000000000004,62.23892857142857,0.001305,0.001089,0.005888,12.407500000000049,0
1280,1280,2024-01-04 09:07:09+00:00,2024-01-04 09:07:09+00:00,195.7753571428572,0.2039285714285714,50.14535714285715,210.0878571428571,37.66321428571428,40.44142857142858,2.243928571428573,61.93749999999998,0.001279,0.001082,0.005867,12.482142857142875,0
1281,1281,2024-01-04 09:07:10+00:00,2024-01-04 09:07:10+00:00,199.56785714285715,0.2203571428571429,50.21321428571429,214.26857142857148,37.674999999999976,40.503214285714265,2.293928571428571,61.96892857142857,0.001269,0.00109,0.005952,12.53821428571431,0
1282,1282,2024-01-04 09:07:12+00:00,2024-01-04 09:07:12+00:00,205.24692307692305,0.2253846153846153,50.34730769230767,219.76923076923077,37.66461538461536,40.6326923076923,2.3880769230769223,61.88653846153848,0.001296,0.001107,0.006047,12.682692307692314,0
1283,1283,2024-01-04 09:07:13+00:00,2024-01-04 09:07:13+00:00,208.08285714285708,0.2203571428571428,50.33321428571429,222.6642857142857,37.68821428571429,40.666428571428575,2.43,61.93892857142856,0.00131,0.00112,0.006104,12.645000000000003,0
1284,1284,2024-01-04 09:07:14+00:00,2024-01-04 09:07:14+00:00,209.4907692307692,0.2188461538461538,50.46923076923077,225.03576923076923,37.71038461538463,40.76846153846154,2.4684615384615376,61.70884615384615,0.001349,0.001152,0.006209,12.758846153846145,0
1285,1285,2024-01-04 09:07:15+00:00,2024-01-04 09:07:15+00:00,211.52517241379317,0.2203448275862069,50.56586206896554,227.32275862068963,37.70965517241381,40.808965517241376,2.5089655172413785,61.908620689655166,0.001348,0.001141,0.006308,12.856206896551726,0
1286,1286,2024-01-04 09:07:17+00:00,2024-01-04 09:07:17+00:00,215.602,0.2292,50.70599999999999,231.3884,37.724800000000016,40.912400000000005,2.589200000000001,61.97759999999998,0.001347,0.001136,0.006294,12.981199999999973,0
1287,1287,2024-01-04 09:07:18+00:00,2024-01-04 09:07:18+00:00,215.9307692307692,0.2323076923076923,50.80153846153848,232.43307692307684,37.7423076923077,40.95730769230769,2.606538461538461,61.79884615384616,0.001371,0.00114,0.00645,13.05923076923078,0
1288,1288,2024-01-04 09:07:19+00:00,2024-01-04 09:07:19+00:00,218.1707692307692,0.2176923076923078,50.876153846153855,233.7530769230769,37.73615384615386,40.98384615384615,2.636923076923077,61.61923076923077,0.00139,0.001134,0.006514,13.139999999999992,0
1289,1289,2024-01-04 09:07:21+00:00,2024-01-04 09:07:21+00:00,219.8062068965517,0.2186206896551724,51.05448275862069,235.4548275862068,37.76068965517241,41.0586206896552,2.679655172413794,61.41482758620687,0.001367,0.001131,0.006517,13.29379310344828,0
1290,1290,2024-01-04 09:07:22+00:00,2024-01-04 09:07:22+00:00,219.7593103448276,0.2224137931034483,51.11793103448275,235.26172413793097,37.78931034482756,41.10103448275861,2.682758620689656,61.56241379310345,0.001395,0.001138,0.00652,13.328620689655196,0
1291,1291,2024-01-04 09:07:23+00:00,2024-01-04 09:07:23+00:00,219.2248148148149,0.217037037037037,51.21629629629631,235.35851851851857,37.77555555555554,41.11074074074074,2.690740740740741,61.68814814814815,0.001406,0.001147,0.006538,13.440740740740772,0
1292,1292,2024-01-04 09:07:25+00:00,2024-01-04 09:07:25+00:00,218.45379310344825,0.2051724137931034,51.34965517241381,233.46068965517247,37.78448275862069,41.09586206896553,2.6675862068965523,61.40793103448276,0.001394,0.001151,0.006506,13.565172413793114,0
1293,1293,2024-01-04 09:07:26+00:00,2024-01-04 09:07:26+00:00,217.28999999999996,0.2166666666666667,51.42291666666666,232.5025,37.77791666666666,41.08666666666666,2.655,61.43958333333333,0.00131,0.001132,0.006241,13.644999999999996,0
1294,1294,2024-01-04 09:07:27+00:00,2024-01-04 09:07:27+00:00,217.23846153846145,0.228076923076923,51.51807692307692,231.92038461538465,37.82730769230771,41.10576923076924,2.634615384615385,61.69884615384616,0.001316,0.001129,0.006197,13.690769230769206,0
1295,1295,2024-01-04 09:07:29+00:00,2024-01-04 09:07:29+00:00,212.83464285714285,0.2110714285714286,51.6075,228.31607142857135,37.82250000000001,41.08607142857143,2.589642857142857,61.73321428571428,0.001294,0.001114,0.006165,13.784999999999982,0
1296,1296,2024-01-04 09:07:30+00:00,2024-01-04 09:07:30+00:00,211.1720689655172,0.2224137931034482,51.664137931034496,226.3475862068966,37.81724137931034,41.0951724137931,2.555172413793104,62.08862068965515,0.001287,0.001104,0.006109,13.846896551724155,0
1297,1297,2024-01-04 09:07:31+00:00,2024-01-04 09:07:31+00:00,208.68142857142857,0.2285714285714286,51.75321428571429,224.70678571428567,37.82964285714287,41.097142857142856,2.5253571428571435,61.95964285714288,0.001269,0.001092,0.006043,13.92357142857142,0
1298,1298,2024-01-04 09:07:33+00:00,2024-01-04 09:07:33+00:00,203.86806451612907,0.2293548387096776,51.83838709677417,219.22032258064507,37.85387096774193,40.98709677419356,2.4341935483870967,61.91903225806452,0.001272,0.0011,0.005966,13.984516129032237,0
1299,1299,2024-01-04 09:07:34+00:00,2024-01-04 09:07:34+00:00,200.55851851851855,0.2225925925925925,51.84962962962964,216.0981481481481,37.86888888888889,41.00407407407408,2.38074074074074,62.02037037037034,0.001263,0.001123,0.00589,13.98074074074075,0
1300,1300,2024-01-04 09:07:35+00:00,2024-01-04 09:07:35+00:00,198.6530000000001,0.2243333333333333,51.89766666666666,213.27766666666676,37.87500000000001,40.96266666666668,2.3463333333333343,62.17300000000001,0.001247,0.001122,0.005817,14.022666666666652,0
1301,1301,2024-01-04 09:07:36+00:00,2024-01-04 09:07:36+00:00,194.948,0.2146666666666667,51.94466666666667,209.201,37.88700000000001,40.93766666666667,2.282666666666667,62.39066666666667,0.00123,0.00112,0.005725,14.057666666666664,0
1302,1302,2024-01-04 09:07:38+00:00,2024-01-04 09:07:38+00:00,187.2548275862069,0.2082758620689655,51.94275862068965,201.43827586206905,37.90310344827586,40.87724137931035,2.159655172413793,62.32758620689658,0.001277,0.00111,0.005626,14.039655172413797,0
1303,1303,2024-01-04 09:07:39+00:00,2024-01-04 09:07:39+00:00,182.60769230769228,0.2123076923076923,52.01384615384614,197.77615384615385,37.90346153846152,40.87884615384615,2.0980769230769227,62.717307692307706,0.001218,0.001103,0.005544,14.110384615384625,0
1304,1304,2024-01-04 09:07:40+00:00,2024-01-04 09:07:40+00:00,179.96000000000004,0.208076923076923,51.98269230769232,194.04307692307688,37.899999999999984,40.777307692307694,2.052307692307692,62.84615384615386,0.001207,0.00109,0.00548,14.082692307692334,0
1305,1305,2024-01-04 09:07:42+00:00,2024-01-04 09:07:42+00:00,170.94566666666665,0.199,51.99300000000001,184.02399999999997,37.92766666666667,40.71466666666667,1.9493333333333327,63.10800000000002,0.001193,0.001067,0.005334,14.065333333333342,0
1306,1306,2024-01-04 09:07:43+00:00,2024-01-04 09:07:43+00:00,165.91321428571433,0.2010714285714286,52.04321428571426,178.94678571428565,37.92964285714284,40.67357142857144,1.8824999999999992,62.71607142857143,0.001167,0.001061,0.005154,14.113571428571426,0
1307,1307,2024-01-04 09:07:44+00:00,2024-01-04 09:07:44+00:00,160.79346153846151,0.2069230769230768,51.99076923076922,174.35538461538457,37.94576923076924,40.57653846153847,1.8238461538461528,63.20653846153846,0.001161,0.001042,0.005079,14.044999999999987,0
1308,1308,2024-01-04 09:07:46+00:00,2024-01-04 09:07:46+00:00,151.8088888888889,0.1977777777777777,51.984814814814825,164.67259259259257,37.94777777777777,40.49,1.7051851851851854,63.37629629629627,0.001093,0.001039,0.004832,14.037037037037052,0
1309,1309,2024-01-04 09:07:47+00:00,2024-01-04 09:07:47+00:00,145.87187500000002,0.1950000000000001,51.95031250000002,159.0221875,37.94656250000001,40.39250000000001,1.6324999999999994,63.23562500000003,0.001206,0.001025,0.004744,14.003750000000004,0
1310,1310,2024-01-04 09:07:48+00:00,2024-01-04 09:07:48+00:00,141.42642857142854,0.1889285714285714,51.92142857142854,153.78714285714287,37.95178571428573,40.320714285714295,1.585357142857143,63.59285714285715,0.00105,0.001029,0.004512,13.969642857142809,0
1311,1311,2024-01-04 09:07:50+00:00,2024-01-04 09:07:50+00:00,131.75966666666667,0.1876666666666667,51.86366666666667,143.43566666666666,38.001666666666665,40.19500000000001,1.461333333333333,63.769000000000005,0.001019,0.001011,0.004333,13.862000000000002,0
1312,1312,2024-01-04 09:07:51+00:00,2024-01-04 09:07:51+00:00,126.14428571428572,0.1803571428571429,51.85428571428572,136.5814285714286,37.988214285714285,40.205714285714286,1.4035714285714287,63.66392857142855,0.001043,0.001048,0.004355,13.86607142857143,0
1313,1313,2024-01-04 09:07:52+00:00,2024-01-04 09:07:52+00:00,120.56222222222225,0.1837037037037037,51.85074074074071,131.35296296296298,38.0,40.12333333333333,1.3507407407407408,63.86740740740742,0.001078,0.001018,0.004337,13.850740740740711,0
1314,1314,2024-01-04 09:07:53+00:00,2024-01-04 09:07:53+00:00,115.82464285714286,0.1889285714285714,51.75785714285716,126.29392857142857,38.00571428571429,40.03035714285714,1.2978571428571428,64.17535714285712,0.001095,0.001005,0.004267,13.752142857142871,0
1315,1315,2024-01-04 09:07:55+00:00,2024-01-04 09:07:55+00:00,104.69633333333336,0.1836666666666667,51.69100000000002,115.23366666666666,38.01466666666666,39.903666666666666,1.1980000000000002,64.14133333333334,0.001073,0.000994,0.004196,13.676333333333352,0
1316,1316,2024-01-04 09:07:56+00:00,2024-01-04 09:07:56+00:00,100.26296296296296,0.1814814814814815,51.62037037037039,110.01111111111112,38.00703703703704,39.83185185185184,1.1466666666666667,64.35037037037036,0.001075,0.000979,0.004117,13.613333333333353,0
1317,1317,2024-01-04 09:07:57+00:00,2024-01-04 09:07:57+00:00,94.09785714285712,0.1785714285714286,51.59071428571426,104.3764285714286,38.015714285714274,39.738214285714285,1.0949999999999995,64.49142857142856,0.001058,0.000947,0.004006,13.574999999999989,0
1318,1318,2024-01-04 09:07:59+00:00,2024-01-04 09:07:59+00:00,85.07785714285716,0.1753571428571428,51.47178571428573,94.12071428571429,38.01678571428572,39.6157142857143,0.9846428571428568,64.50964285714285,0.001013,0.000977,0.003816,13.455000000000013,0
1319,1319,2024-01-04 09:08:00+00:00,2024-01-04 09:08:00+00:00,79.1004,0.1712,51.4092,88.0064,38.0116,39.5628,0.9223999999999998,64.7036,0.001001,0.000926,0.003632,13.397600000000004,0
1320,1320,2024-01-04 09:08:01+00:00,2024-01-04 09:08:01+00:00,75.67666666666665,0.1722222222222222,51.32888888888887,83.80148148148147,38.02666666666666,39.47888888888888,0.8722222222222226,64.76407407407406,0.000957,0.00087,0.003557,13.302222222222213,0
1321,1321,2024-01-04 09:08:03+00:00,2024-01-04 09:08:03+00:00,66.47520000000003,0.156,51.2776,73.61359999999999,38.04079999999999,39.3764,0.7520000000000002,64.9248,0.000997,0.000883,0.003478,13.23680000000001,0
1322,1322,2024-01-04 09:08:04+00:00,2024-01-04 09:08:04+00:00,61.34423076923077,0.1707692307692307,51.19346153846155,69.4023076923077,38.07269230769232,39.29807692307691,0.6965384615384613,65.34807692307692,0.000883,0.000823,0.003275,13.120769230769234,0
1323,1323,2024-01-04 09:08:05+00:00,2024-01-04 09:08:05+00:00,57.70076923076924,0.1588461538461538,51.13692307692307,64.55692307692306,38.07115384615386,39.21230769230769,0.6534615384615386,65.36692307692306,0.000937,0.000866,0.003231,13.065769230769206,0
1324,1324,2024-01-04 09:08:07+00:00,2024-01-04 09:08:07+00:00,49.74037037037037,0.1811111111111112,51.0611111111111,56.7988888888889,38.067407407407416,39.111851851851846,-0.0229629629629629,65.47555555555556,0.000879,0.000803,0.003059,12.993703703703687,0
1325,1325,2024-01-04 09:08:08+00:00,2024-01-04 09:08:08+00:00,46.2255172413793,0.1555172413793103,51.00758620689657,52.30103448275864,38.07034482758621,39.04827586206896,-0.0672413793103448,65.33931034482758,0.00092,0.000811,0.003017,12.937241379310365,0
1326,1326,2024-01-04 09:08:09+00:00,2024-01-04 09:08:09+00:00,42.446,0.1588,50.93440000000003,48.412000000000006,38.08200000000002,39.0328,-0.0676,65.394,0.000838,0.000761,0.002886,12.85240000000001,0
1327,1327,2024-01-04 09:08:11+00:00,2024-01-04 09:08:11+00:00,37.01499999999999,0.1492307692307692,50.81076923076922,42.195,38.13461538461538,38.995000000000005,-0.07,65.72461538461539,0.000811,0.000768,0.002747,12.676153846153838,0
1328,1328,2024-01-04 09:08:12+00:00,2024-01-04 09:08:12+00:00,33.525,0.1576923076923077,50.70961538461539,39.5226923076923,38.15576923076922,38.92153846153847,-0.0692307692307692,65.65384615384616,0.000805,0.000757,0.002672,12.553846153846166,0
1329,1329,2024-01-04 09:08:13+00:00,2024-01-04 09:08:13+00:00,31.79071428571429,0.1646428571428572,50.65000000000001,36.98285714285715,38.155357142857135,38.89571428571429,-0.07,65.7775,0.000752,0.00076,0.002586,12.494642857142878,0
1330,1330,2024-01-04 09:08:14+00:00,2024-01-04 09:08:14+00:00,28.17678571428572,0.1624999999999999,50.65357142857143,33.79428571428572,38.1725,38.82321428571429,-0.0692857142857143,65.70392857142859,0.000822,0.00079,0.002493,12.481071428571424,0
1331,1331,2024-01-04 09:08:16+00:00,2024-01-04 09:08:16+00:00,25.095357142857143,0.1525,50.48214285714288,30.343928571428563,38.19178571428571,38.730714285714285,-0.07,65.99249999999999,0.000714,0.000745,0.002495,12.290357142857175,0
1332,1332,2024-01-04 09:08:17+00:00,2024-01-04 09:08:17+00:00,23.236153846153847,0.1619230769230769,50.46653846153848,28.08538461538461,38.19153846153848,38.813461538461546,-0.07,65.93653846153846,0.000719,0.00071,0.002445,12.275000000000006,0
1333,1333,2024-01-04 09:08:18+00:00,2024-01-04 09:08:18+00:00,21.834838709677413,0.1619354838709678,50.41161290322578,27.009677419354837,38.203225806451634,38.7658064516129,-0.07,65.91064516129032,0.000859,0.000739,0.002376,12.208387096774146,0
1334,1334,2024-01-04 09:08:20+00:00,2024-01-04 09:08:20+00:00,19.85185185185185,0.1559259259259259,50.33074074074073,24.809259259259253,38.21962962962965,38.69037037037037,-0.07,66.0851851851852,0.000734,0.000801,0.002376,12.11111111111108,0
1335,1335,2024-01-04 09:08:21+00:00,2024-01-04 09:08:21+00:00,19.643214285714283,0.1578571428571428,50.273214285714296,24.365,38.21392857142858,38.67321428571429,-0.07,66.28857142857144,0.000726,0.000802,0.002398,12.059285714285714,0
1336,1336,2024-01-04 09:08:22+00:00,2024-01-04 09:08:22+00:00,19.386896551724128,0.146551724137931,50.23517241379312,24.303793103448275,38.221724137931055,38.674827586206895,-0.07,66.03137931034485,0.00073,0.000783,0.002313,12.01344827586206,0
1337,1337,2024-01-04 09:08:24+00:00,2024-01-04 09:08:24+00:00,19.459999999999997,0.1444444444444445,50.154814814814806,23.812592592592587,38.22222222222223,38.63333333333334,-0.07,66.16111111111111,0.000846,0.000811,0.002325,11.932592592592576,0
1338,1338,2024-01-04 09:08:25+00:00,2024-01-04 09:08:25+00:00,20.74703703703704,0.1592592592592592,50.12592592592592,26.043703703703688,38.24037037037037,38.64518518518518,-0.07,66.10370370370372,0.00075,0.000828,0.002348,11.885555555555548,0
1339,1339,2024-01-04 09:08:26+00:00,2024-01-04 09:08:26+00:00,22.02466666666667,0.156,50.11066666666665,26.24633333333333,38.258333333333326,38.68933333333332,-0.07,65.87033333333335,0.000808,0.000773,0.002357,11.852333333333329,0
1340,1340,2024-01-04 09:08:28+00:00,2024-01-04 09:08:28+00:00,23.54481481481482,0.1577777777777778,50.02111111111112,28.82851851851852,38.29296296296295,38.71814814814815,-0.07,65.85296296296299,0.000755,0.000764,0.002456,11.728148148148172,0
1341,1341,2024-01-04 09:08:29+00:00,2024-01-04 09:08:29+00:00,25.51076923076923,0.1538461538461538,50.01192307692308,30.603076923076927,38.28615384615384,38.74692307692308,-0.07,65.75500000000001,0.000751,0.000721,0.002507,11.725769230769238,0
1342,1342,2024-01-04 09:08:30+00:00,2024-01-04 09:08:30+00:00,28.037666666666667,0.164,50.01533333333331,32.701333333333345,38.307333333333325,38.77099999999999,-0.0686666666666667,65.862,0.000758,0.000737,0.002522,11.707999999999984,0
1343,1343,2024-01-04 09:08:31+00:00,2024-01-04 09:08:31+00:00,29.630800000000004,0.1687999999999999,50.02,35.3192,38.31239999999999,38.802,-0.0616,65.8912,0.000774,0.000741,0.002601,11.707600000000014,0
1344,1344,2024-01-04 09:08:33+00:00,2024-01-04 09:08:33+00:00,34.676538461538456,0.1734615384615384,49.999615384615375,40.11807692307694,38.35846153846155,38.85,-0.07,65.63846153846156,0.000944,0.00072,0.002598,11.641153846153829,0
1345,1345,2024-01-04 09:08:34+00:00,2024-01-04 09:08:34+00:00,37.14555555555556,0.1559259259259259,50.01962962962962,43.15666666666666,38.36777777777779,38.92185185185185,-0.07,65.40814814814813,0.00086,0.000755,0.002722,11.65185185185183,0
1346,1346,2024-01-04 09:08:35+00:00,2024-01-04 09:08:35+00:00,40.91103448275862,0.1579310344827586,50.02172413793102,46.079655172413794,38.36310344827586,38.9148275862069,-0.07,65.49310344827587,0.000807,0.000763,0.002733,11.65862068965516,0
1347,1347,2024-01-04 09:08:37+00:00,2024-01-04 09:08:37+00:00,48.24379310344828,0.1548275862068965,50.05103448275864,53.56448275862071,38.35827586206897,39.06241379310344,-0.0696551724137931,65.3555172413793,0.000902,0.000859,0.002928,11.692758620689666,0
1348,1348,2024-01-04 09:08:38+00:00,2024-01-04 09:08:38+00:00,51.530344827586205,0.1744827586206896,50.01965517241379,57.57275862068966,38.37172413793104,39.09172413793103,-0.0489655172413793,65.22206896551725,0.000925,0.00084,0.002988,11.647931034482752,0
1349,1349,2024-01-04 09:08:39+00:00,2024-01-04 09:08:39+00:00,55.46370370370372,0.1662962962962963,50.04037037037037,61.24814814814813,38.37777777777777,39.157407407407405,0.5033333333333333,65.13074074074072,0.000902,0.000841,0.003115,11.662592592592596,0
1350,1350,2024-01-04 09:08:41+00:00,2024-01-04 09:08:41+00:00,63.36689655172414,0.1758620689655173,50.0206896551724,70.45551724137933,38.39310344827586,39.23034482758621,0.6803448275862067,65.05586206896552,0.001042,0.000884,0.003313,11.627586206896538,0
1351,1351,2024-01-04 09:08:42+00:00,2024-01-04 09:08:42+00:00,68.6007142857143,0.1817857142857142,50.04821428571427,75.52249999999997,38.3975,39.29964285714284,0.7378571428571432,64.81250000000003,0.000992,0.000912,0.003375,11.65071428571428,0
1352,1352,2024-01-04 09:08:43+00:00,2024-01-04 09:08:43+00:00,72.67678571428573,0.1685714285714286,50.016785714285696,80.32535714285714,38.4092857142857,39.41285714285714,0.7907142857142855,64.70892857142859,0.000993,0.000885,0.003491,11.607499999999996,0
1353,1353,2024-01-04 09:08:45+00:00,2024-01-04 09:08:45+00:00,83.53714285714284,0.1782142857142857,50.06500000000002,89.96607142857145,38.42535714285714,39.54535714285715,0.8971428571428571,64.56321428571428,0.001091,0.00091,0.003668,11.63964285714288,0
1354,1354,2024-01-04 09:08:46+00:00,2024-01-04 09:08:46+00:00,86.64275862068963,0.1796551724137931,50.05517241379309,94.55,38.42620689655172,39.61586206896551,0.9475862068965512,64.72344827586208,0.001067,0.000903,0.003794,11.628965517241369,0
1355,1355,2024-01-04 09:08:47+00:00,2024-01-04 09:08:47+00:00,92.35300000000004,0.172,50.01099999999998,99.5446666666667,38.43566666666665,39.641000000000005,1.0036666666666667,64.58833333333335,0.001082,0.000959,0.003936,11.575333333333331,0
1356,1356,2024-01-04 09:08:49+00:00,2024-01-04 09:08:49+00:00,101.58653846153852,0.1884615384615385,50.0580769230769,110.37538461538465,38.43923076923079,39.79730769230769,1.1,64.26884615384616,0.001069,0.000977,0.004044,11.618846153846114,0
1357,1357,2024-01-04 09:08:50+00:00,2024-01-04 09:08:50+00:00,107.69821428571426,0.1785714285714285,50.074285714285736,116.50749999999998,38.434642857142855,39.89142857142858,1.161071428571429,63.91678571428572,0.001098,0.000973,0.004144,11.63964285714288,0
1358,1358,2024-01-04 09:08:51+00:00,2024-01-04 09:08:51+00:00,112.23966666666668,0.1756666666666667,50.08766666666666,121.708,38.44600000000001,39.93366666666667,1.2086666666666668,63.90000000000001,0.00107,0.001048,0.004174,11.641666666666644,0
1359,1359,2024-01-04 09:08:52+00:00,2024-01-04 09:08:52+00:00,117.3903846153846,0.1815384615384615,50.0946153846154,127.1703846153846,38.46000000000001,40.04961538461539,1.2546153846153851,64.0746153846154,0.001039,0.001018,0.004185,11.634615384615389,0
1360,1360,2024-01-04 09:08:54+00:00,2024-01-04 09:08:54+00:00,128.11343750000003,0.1921875,50.14062500000004,138.21718749999997,38.45718750000002,40.210625,1.3571875000000002,63.59499999999999,0.001078,0.001016,0.004294,11.683437500000018,0
1361,1361,2024-01-04 09:08:55+00:00,2024-01-04 09:08:55+00:00,134.425,0.1992307692307693,50.1253846153846,143.40000000000003,38.46615384615385,40.24076923076924,1.411538461538462,63.824230769230766,0.001104,0.001032,0.004412,11.659230769230746,0
1362,1362,2024-01-04 09:08:56+00:00,2024-01-04 09:08:56+00:00,139.76535714285717,0.1960714285714286,50.19000000000001,148.3614285714286,38.48250000000001,40.36071428571429,1.465,63.70071428571431,0.001075,0.001016,0.004399,11.707500000000003,0
1363,1363,2024-01-04 09:08:58+00:00,2024-01-04 09:08:58+00:00,148.83068965517242,0.2048275862068967,50.2551724137931,159.62827586206902,38.52275862068964,40.536896551724126,1.587241379310345,63.19206896551724,0.001107,0.001061,0.004607,11.732413793103454,0
1364,1364,2024-01-04 09:08:59+00:00,2024-01-04 09:08:59+00:00,152.01535714285714,0.1946428571428572,50.2967857142857,164.70428571428573,38.52785714285714,40.60750000000001,1.6535714285714282,63.28035714285714,0.001143,0.001051,0.004778,11.768928571428567,0
1365,1365,2024-01-04 09:09:00+00:00,2024-01-04 09:09:00+00:00,157.64961538461537,0.1915384615384616,50.30769230769231,170.18769230769223,38.515384615384605,40.71846153846155,1.73,62.93192307692309,0.001154,0.001058,0.004989,11.792307692307702,0
1366,1366,2024-01-04 09:09:02+00:00,2024-01-04 09:09:02+00:00,168.81142857142854,0.1885714285714286,50.40892857142859,179.2960714285714,38.51321428571429,40.878214285714286,1.849642857142857,62.98250000000001,0.001173,0.001074,0.00511,11.895714285714304,0
1367,1367,2024-01-04 09:09:03+00:00,2024-01-04 09:09:03+00:00,171.74310344827583,0.2106896551724138,50.39137931034482,184.6606896551724,38.52448275862068,40.95172413793102,1.9127586206896552,62.6648275862069,0.001206,0.001098,0.005311,11.86689655172414,0
1368,1368,2024-01-04 09:09:04+00:00,2024-01-04 09:09:04+00:00,177.1075862068966,0.2068965517241379,50.464137931034486,189.06620689655173,38.55,41.00103448275861,1.974137931034482,62.76344827586209,0.001271,0.001124,0.00545,11.914137931034489,0
1369,1369,2024-01-04 09:09:06+00:00,2024-01-04 09:09:06+00:00,185.2286666666667,0.2156666666666668,50.62066666666669,198.31800000000004,38.54166666666665,41.193666666666665,2.105,62.66533333333333,0.001238,0.001128,0.005566,12.079000000000043,0
1370,1370,2024-01-04 09:09:07+00:00,2024-01-04 09:09:07+00:00,189.52653846153856,0.2092307692307692,50.68423076923078,201.97115384615384,38.56076923076924,41.28576923076923,2.1623076923076923,62.50153846153847,0.001239,0.001109,0.005672,12.12346153846154,0
1371,1371,2024-01-04 09:09:08+00:00,2024-01-04 09:09:08+00:00,191.59500000000003,0.2135714285714286,50.65464285714285,205.8403571428572,38.59035714285715,41.32214285714287,2.218214285714286,62.1125,0.001288,0.001121,0.005812,12.064285714285704,0
1372,1372,2024-01-04 09:09:09+00:00,2024-01-04 09:09:09+00:00,195.26576923076925,0.2126923076923077,50.76961538461536,210.5376923076924,38.60000000000001,41.45423076923076,2.283846153846153,62.30884615384613,0.001305,0.001127,0.005912,12.169615384615357,0
1373,1373,2024-01-04 09:09:11+00:00,2024-01-04 09:09:11+00:00,201.97384615384613,0.2003846153846154,50.93653846153846,215.5815384615385,38.640384615384605,41.57961538461538,2.3853846153846145,62.05884615384615,0.001302,0.001145,0.006005,12.296153846153857,0
1374,1374,2024-01-04 09:09:12+00:00,2024-01-04 09:09:12+00:00,204.9538461538462,0.2238461538461537,51.00692307692307,219.6707692307692,38.64846153846153,41.605,2.4357692307692305,62.03115384615384,0.001324,0.001135,0.006118,12.35846153846154,0
1375,1375,2024-01-04 09:09:13+00:00,2024-01-04 09:09:13+00:00,207.37032258064517,0.2125806451612903,51.093548387096746,221.7577419354839,38.64612903225808,41.63709677419356,2.47,62.09096774193548,0.001369,0.001166,0.006188,12.447419354838672,0
1376,1376,2024-01-04 09:09:15+00:00,2024-01-04 09:09:15+00:00,213.05807692307692,0.2057692307692308,51.20807692307694,226.9903846153846,38.64346153846152,41.75384615384615,2.55923076923077,61.48499999999999,0.00139,0.001177,0.00625,12.564615384615417,0
1377,1377,2024-01-04 09:09:16+00:00,2024-01-04 09:09:16+00:00,213.44896551724145,0.2279310344827586,51.29551724137932,229.00827586206887,38.66793103448275,41.81448275862068,2.595517241379311,61.91448275862071,0.001372,0.001172,0.006319,12.627586206896568,0
1378,1378,2024-01-04 09:09:17+00:00,2024-01-04 09:09:17+00:00,214.3027586206896,0.2272413793103449,51.40275862068968,230.7420689655173,38.67413793103447,41.83172413793103,2.624827586206897,61.63379310344829,0.001382,0.001181,0.006391,12.728620689655209,0
1379,1379,2024-01-04 09:09:19+00:00,2024-01-04 09:09:19+00:00,217.9651851851852,0.2192592592592593,51.55555555555556,232.9844444444445,38.7051851851852,41.9088888888889,2.674074074074074,62.0477777777778,0.001388,0.001156,0.00643,12.850370370370364,0
1380,1380,2024-01-04 09:09:20+00:00,2024-01-04 09:09:20+00:00,218.6037037037037,0.2033333333333333,51.64185185185188,233.4411111111111,38.694814814814826,41.95148148148147,2.699629629629629,61.624814814814805,0.001389,0.001172,0.006451,12.947037037037047,0
1381,1381,2024-01-04 09:09:21+00:00,2024-01-04 09:09:21+00:00,219.61266666666668,0.2123333333333333,51.71066666666668,233.7626666666667,38.69866666666669,41.98533333333334,2.7123333333333344,61.79566666666667,0.001334,0.001165,0.006296,13.011999999999986,0
1382,1382,2024-01-04 09:09:23+00:00,2024-01-04 09:09:23+00:00,218.27,0.2173076923076924,51.886153846153846,234.27807692307692,38.71384615384616,41.979615384615386,2.721923076923076,61.56230769230767,0.001318,0.001159,0.006312,13.172307692307683,0
1383,1383,2024-01-04 09:09:24+00:00,2024-01-04 09:09:24+00:00,218.4346428571429,0.2253571428571429,51.96214285714287,234.74071428571432,38.72071428571429,42.03999999999999,2.7210714285714275,61.63035714285713,0.001329,0.001161,0.006308,13.241428571428573,0
1384,1384,2024-01-04 09:09:25+00:00,2024-01-04 09:09:25+00:00,219.00320000000008,0.2232,52.05359999999999,233.9464,38.71520000000001,42.02759999999999,2.7223999999999995,61.573999999999984,0.001348,0.001171,0.006331,13.33839999999998,0
1385,1385,2024-01-04 09:09:27+00:00,2024-01-04 09:09:27+00:00,215.95551724137923,0.2206896551724139,52.18586206896553,232.3941379310345,38.71206896551725,42.01793103448277,2.6948275862068978,61.97931034482758,0.001338,0.001161,0.006284,13.473793103448273,0
1386,1386,2024-01-04 09:09:28+00:00,2024-01-04 09:09:28+00:00,215.2284,0.2124000000000001,52.2404,231.40960000000004,38.718800000000016,42.04119999999999,2.6856,61.29320000000003,0.001334,0.001164,0.006253,13.521599999999978,0
1387,1387,2024-01-04 09:09:29+00:00,2024-01-04 09:09:29+00:00,214.5673333333333,0.2223333333333333,52.37366666666669,228.93133333333344,38.729000000000006,42.02866666666666,2.6413333333333333,62.06566666666667,0.001298,0.00117,0.0062,13.644666666666687,0
1388,1388,2024-01-04 09:09:30+00:00,2024-01-04 09:09:30+00:00,211.56592592592597,0.2085185185185186,52.35111111111112,226.5622222222221,38.73740740740741,42.013703703703705,2.604444444444445,61.52000000000001,0.001287,0.001153,0.006118,13.613703703703711,0
1389,1389,2024-01-04 09:09:32+00:00,2024-01-04 09:09:32+00:00,207.35464285714284,0.2117857142857143,52.4875,221.8078571428571,38.749285714285705,42.02464285714286,2.5325,62.0517857142857,0.001275,0.001142,0.006038,13.7382142857143,0
1390,1390,2024-01-04 09:09:33+00:00,2024-01-04 09:09:33+00:00,204.0166666666667,0.1993333333333333,52.50599999999999,219.1323333333334,38.76899999999999,42.00633333333335,2.487666666666667,61.84633333333334,0.001289,0.001138,0.005976,13.736999999999997,0
1391,1391,2024-01-04 09:09:34+00:00,2024-01-04 09:09:34+00:00,201.93928571428572,0.2042857142857143,52.59464285714285,216.62357142857147,38.79607142857141,41.99107142857144,2.443214285714286,62.02428571428571,0.001272,0.001131,0.005904,13.798571428571442,0
1392,1392,2024-01-04 09:09:36+00:00,2024-01-04 09:09:36+00:00,194.84862068965523,0.2044827586206896,52.65482758620691,209.89103448275856,38.83413793103449,41.94551724137933,2.336206896551725,62.32999999999999,0.001268,0.001132,0.005841,13.820689655172425,0
1393,1393,2024-01-04 09:09:37+00:00,2024-01-04 09:09:37+00:00,191.54533333333328,0.218,52.66366666666668,205.8296666666667,38.831,41.90900000000002,2.274666666666666,62.45733333333333,0.00122,0.001157,0.005692,13.832666666666675,0
1394,1394,2024-01-04 09:09:38+00:00,2024-01-04 09:09:38+00:00,188.97571428571428,0.1978571428571429,52.71392857142859,202.39142857142855,38.86071428571429,41.85035714285714,2.219642857142857,62.36785714285714,0.001223,0.001136,0.005618,13.8532142857143,0
1395,1395,2024-01-04 09:09:40+00:00,2024-01-04 09:09:40+00:00,179.95642857142852,0.1928571428571428,52.75428571428571,193.5525,38.85464285714287,41.749285714285726,2.089285714285714,62.32428571428573,0.001221,0.001131,0.00554,13.899642857142837,0
1396,1396,2024-01-04 09:09:41+00:00,2024-01-04 09:09:41+00:00,175.0442857142857,0.2089285714285714,52.76071428571428,189.86499999999995,38.86035714285715,41.71499999999999,2.0610714285714287,62.88428571428572,0.001171,0.001135,0.005396,13.900357142857132,0
1397,1397,2024-01-04 09:09:42+00:00,2024-01-04 09:09:42+00:00,171.8544444444445,0.2070370370370371,52.741481481481486,185.3551851851852,38.86222222222222,41.6611111111111,1.9933333333333332,62.89333333333337,0.001186,0.0011,0.00527,13.879259259259264,0
1398,1398,2024-01-04 09:09:44+00:00,2024-01-04 09:09:44+00:00,162.02423076923077,0.1934615384615385,52.781923076923086,175.3692307692308,38.86000000000001,41.53961538461538,1.8680769230769236,62.76115384615386,0.001169,0.00109,0.005192,13.92192307692308,0
1399,1399,2024-01-04 09:09:45+00:00,2024-01-04 09:09:45+00:00,157.3160714285714,0.1917857142857142,52.71,170.3071428571428,38.877500000000005,41.503928571428574,1.8078571428571428,63.20249999999999,0.001169,0.001081,0.004985,13.832499999999996,0
1400,1400,2024-01-04 09:09:46+00:00,2024-01-04 09:09:46+00:00,152.53068965517247,0.1975862068965518,52.69206896551724,165.04758620689665,38.88448275862069,41.42793103448275,1.7375862068965515,63.23999999999999,0.001107,0.001051,0.004815,13.807586206896543,0
1401,1401,2024-01-04 09:09:48+00:00,2024-01-04 09:09:48+00:00,142.0054838709677,0.1951612903225807,52.666451612903245,153.8561290322581,38.9,41.29419354838711,1.6077419354838711,63.21709677419355,0.001135,0.001063,0.004645,13.766451612903246,0
1402,1402,2024-01-04 09:09:49+00:00,2024-01-04 09:09:49+00:00,136.66444444444443,0.1903703703703703,52.58444444444443,148.07925925925926,38.91851851851851,41.21444444444445,1.535185185185185,63.367777777777775,0.001049,0.001036,0.004414,13.66592592592592,0
1403,1403,2024-01-04 09:09:50+00:00,2024-01-04 09:09:50+00:00,131.71964285714287,0.1910714285714285,52.58285714285712,143.4267857142857,38.90857142857142,41.1225,1.4864285714285714,63.98,0.00117,0.00104,0.004317,13.674285714285702,0
1404,1404,2024-01-04 09:09:51+00:00,2024-01-04 09:09:51+00:00,126.7872,0.1695999999999999,52.57079999999999,137.65440000000004,38.90279999999999,41.06999999999999,1.4343999999999997,63.90680000000001,0.001097,0.001018,0.004334,13.668000000000006,0
1405,1405,2024-01-04 09:09:53+00:00,2024-01-04 09:09:53+00:00,116.18678571428576,0.1753571428571428,52.455,126.97571428571436,38.92464285714284,40.9425,1.3275,63.96857142857142,0.001108,0.001061,0.004277,13.530357142857156,0
1406,1406,2024-01-04 09:09:54+00:00,2024-01-04 09:09:54+00:00,112.16035714285712,0.1814285714285714,52.43642857142861,122.12928571428571,38.91964285714285,40.89428571428572,1.2785714285714287,64.23892857142854,0.001118,0.001025,0.004223,13.516785714285753,0
1407,1407,2024-01-04 09:09:55+00:00,2024-01-04 09:09:55+00:00,107.23428571428572,0.1778571428571429,52.32749999999999,115.5625,38.94107142857144,40.78714285714285,1.2182142857142857,64.38678571428571,0.001159,0.00103,0.004165,13.386428571428546,0
1408,1408,2024-01-04 09:09:57+00:00,2024-01-04 09:09:57+00:00,96.76,0.1748148148148148,52.32148148148149,104.87444444444444,38.97185185185186,40.73925925925925,1.107777777777778,64.50444444444443,0.001106,0.000963,0.004049,13.349629629629623,0
1409,1409,2024-01-04 09:09:58+00:00,2024-01-04 09:09:58+00:00,90.3660714285714,0.1696428571428571,52.217500000000015,98.84107142857144,39.004642857142855,40.63785714285716,1.0475000000000003,64.4475,0.001014,0.00096,0.003875,13.21285714285716,0
1410,1410,2024-01-04 09:09:59+00:00,2024-01-04 09:09:59+00:00,85.35423076923077,0.1734615384615385,52.20923076923077,93.9946153846154,39.00153846153846,40.580384615384624,1.0003846153846152,64.65192307692307,0.000974,0.000925,0.003688,13.207692307692312,0
1411,1411,2024-01-04 09:10:01+00:00,2024-01-04 09:10:01+00:00,76.75807692307691,0.1688461538461539,52.07538461538461,84.61500000000001,39.00615384615384,40.398076923076914,0.8942307692307694,64.95192307692308,0.000992,0.000893,0.003616,13.06923076923077,0
1412,1412,2024-01-04 09:10:02+00:00,2024-01-04 09:10:02+00:00,71.723,0.1649999999999999,52.02066666666667,78.81100000000002,39.017333333333326,40.35099999999999,0.828333333333333,65.252,0.001011,0.000885,0.003524,13.003333333333345,0
1413,1413,2024-01-04 09:10:03+00:00,2024-01-04 09:10:03+00:00,66.49333333333334,0.1566666666666666,51.96074074074074,73.94037037037039,39.00962962962963,40.27481481481482,0.777037037037037,65.03333333333333,0.000944,0.000871,0.003329,12.95111111111111,0
1414,1414,2024-01-04 09:10:05+00:00,2024-01-04 09:10:05+00:00,58.3888888888889,0.1611111111111112,51.88333333333333,65.41148148148147,39.03148148148147,40.197777777777766,0.6681481481481479,65.18925925925925,0.001087,0.000868,0.003296,12.851851851851862,0
1415,1415,2024-01-04 09:10:06+00:00,2024-01-04 09:10:06+00:00,54.23928571428569,0.1678571428571429,51.80857142857144,60.64107142857144,39.045357142857135,40.155714285714296,0.6124999999999997,65.46142857142861,0.000926,0.000848,0.003141,12.763214285714303,0
1416,1416,2024-01-04 09:10:07+00:00,2024-01-04 09:10:07+00:00,50.10037037037036,0.1537037037037036,51.74296296296297,55.95333333333333,39.06333333333336,40.07333333333333,0.2011111111111111,65.29962962962962,0.001031,0.000879,0.003031,12.679629629629616,0
1417,1417,2024-01-04 09:10:08+00:00,2024-01-04 09:10:08+00:00,46.35321428571429,0.1617857142857143,51.66571428571429,52.29642857142858,39.06928571428572,39.99214285714287,-0.0742857142857143,65.24000000000004,0.000903,0.000858,0.00292,12.596428571428568,0
1418,1418,2024-01-04 09:10:10+00:00,2024-01-04 09:10:10+00:00,40.26642857142857,0.1589285714285714,51.53964285714287,45.465,39.06285714285712,39.90107142857144,-0.07,65.64750000000001,0.000838,0.000789,0.002858,12.476785714285754,0
1419,1419,2024-01-04 09:10:11+00:00,2024-01-04 09:10:11+00:00,36.86666666666667,0.1558333333333333,51.5125,42.68083333333333,39.08250000000002,39.86583333333332,-0.0716666666666667,65.63124999999998,0.000864,0.000802,0.002759,12.429999999999978,0
1420,1420,2024-01-04 09:10:12+00:00,2024-01-04 09:10:12+00:00,34.47178571428571,0.1660714285714286,51.43678571428568,39.91142857142858,39.10000000000001,39.83535714285715,-0.0714285714285714,65.63964285714285,0.000823,0.000754,0.002679,12.336785714285677,0
1421,1421,2024-01-04 09:10:14+00:00,2024-01-04 09:10:14+00:00,29.640400000000003,0.162,51.3136,34.319199999999995,39.1148,39.7644,-0.0724,66.1572,0.000788,0.0008,0.002666,12.198799999999991,0
1422,1422,2024-01-04 09:10:15+00:00,2024-01-04 09:10:15+00:00,26.654,0.1508,51.21400000000001,30.9448,39.11840000000001,39.70000000000002,-0.07,66.1132,0.001028,0.00078,0.002553,12.095600000000005,0
1423,1423,2024-01-04 09:10:16+00:00,2024-01-04 09:10:16+00:00,24.983448275862077,0.1599999999999999,51.19793103448277,29.80448275862069,39.11586206896551,39.677931034482775,-0.0751724137931034,65.9748275862069,0.000792,0.000799,0.0025,12.082068965517252,0
1424,1424,2024-01-04 09:10:18+00:00,2024-01-04 09:10:18+00:00,22.13115384615385,0.1584615384615385,51.11730769230768,26.693846153846145,39.15499999999998,39.69076923076924,-0.0784615384615384,66.07807692307692,0.000733,0.000779,0.002443,11.962307692307697,0
1425,1425,2024-01-04 09:10:19+00:00,2024-01-04 09:10:19+00:00,20.850384615384616,0.1480769230769231,50.98692307692307,25.54807692307693,39.16499999999999,39.640000000000015,-0.0753846153846154,66.1376923076923,0.000861,0.00085,0.002418,11.821923076923078,0
1426,1426,2024-01-04 09:10:20+00:00,2024-01-04 09:10:20+00:00,20.66807692307693,0.148076923076923,51.00269230769231,25.32923076923076,39.16153846153844,39.67,-0.0742307692307692,66.32538461538459,0.000774,0.0008,0.002423,11.841153846153864,0
1427,1427,2024-01-04 09:10:22+00:00,2024-01-04 09:10:22+00:00,19.430800000000005,0.1512,50.8948,24.414000000000005,39.191600000000015,39.607200000000006,-0.0748,65.89520000000002,0.000863,0.000822,0.002394,11.703199999999988,0
1428,1428,2024-01-04 09:10:23+00:00,2024-01-04 09:10:23+00:00,19.538148148148156,0.1588888888888888,50.83555555555554,24.47666666666667,39.19666666666668,39.60703703703704,-0.0733333333333333,66.08,0.000774,0.000848,0.002377,11.638888888888864,0
1429,1429,2024-01-04 09:10:24+00:00,2024-01-04 09:10:24+00:00,20.13354838709678,0.1354838709677419,50.78225806451612,23.66354838709677,39.19032258064518,39.59709677419354,-0.0767741935483871,66.0832258064516,0.000802,0.000837,0.002403,11.59193548387094,0
1430,1430,2024-01-04 09:10:26+00:00,2024-01-04 09:10:26+00:00,21.64678571428572,0.1560714285714285,50.72000000000003,25.51964285714286,39.20428571428573,39.5825,-0.0732142857142857,66.14964285714284,0.000899,0.00075,0.002418,11.515714285714296,0
1431,1431,2024-01-04 09:10:27+00:00,2024-01-04 09:10:27+00:00,22.223333333333333,0.1459259259259259,50.72555555555556,26.49962962962962,39.20037037037039,39.6137037037037,-0.0781481481481481,65.77592592592593,0.000794,0.000738,0.002417,11.525185185185164,0
1432,1432,2024-01-04 09:10:28+00:00,2024-01-04 09:10:28+00:00,24.425769230769227,0.1461538461538461,50.70000000000001,27.852692307692315,39.20923076923077,39.60923076923078,-0.0757692307692308,65.75230769230767,0.000812,0.000788,0.00249,11.49076923076924,0
1433,1433,2024-01-04 09:10:29+00:00,2024-01-04 09:10:29+00:00,25.080333333333343,0.148,50.644666666666666,28.79166666666666,39.19366666666669,39.62833333333335,-0.07,65.84366666666669,0.000831,0.000773,0.002555,11.45099999999998,0
1434,1434,2024-01-04 09:10:31+00:00,2024-01-04 09:10:31+00:00,28.818148148148158,0.1507407407407407,50.66,34.31333333333333,39.2088888888889,39.683703703703706,-0.072962962962963,65.60037037037038,0.00082,0.000763,0.002625,11.451111111111103,0
1435,1435,2024-01-04 09:10:32+00:00,2024-01-04 09:10:32+00:00,32.24,0.1611111111111111,50.697777777777794,36.69925925925926,39.23740740740741,39.726666666666674,-0.07,65.88000000000002,0.000771,0.000751,0.002648,11.460370370370384,0
1436,1436,2024-01-04 09:10:33+00:00,2024-01-04 09:10:33+00:00,34.28142857142856,0.1507142857142857,50.68857142857144,38.81642857142857,39.23,39.77571428571429,-0.0735714285714286,65.6732142857143,0.000809,0.00075,0.002663,11.458571428571432,0
1437,1437,2024-01-04 09:10:35+00:00,2024-01-04 09:10:35+00:00,40.28250000000001,0.1657142857142857,50.63464285714287,46.24607142857144,39.25785714285714,39.83357142857142,-0.0717857142857143,65.59464285714289,0.000873,0.000771,0.002762,11.376785714285733,0
1438,1438,2024-01-04 09:10:36+00:00,2024-01-04 09:10:36+00:00,43.66222222222222,0.1522222222222221,50.63592592592592,48.67555555555556,39.28629629629628,39.91518518518519,-0.0781481481481481,65.55888888888889,0.000895,0.000847,0.002866,11.34962962962964,0
1439,1439,2024-01-04 09:10:37+00:00,2024-01-04 09:10:37+00:00,46.885000000000005,0.1607692307692308,50.68500000000002,52.4153846153846,39.29230769230767,39.94692307692307,-0.0738461538461538,65.13038461538463,0.000889,0.000824,0.002973,11.392692307692345,0
1440,1440,2024-01-04 09:10:39+00:00,2024-01-04 09:10:39+00:00,54.71714285714286,0.16,50.67785714285716,60.38892857142856,39.31285714285714,40.06250000000001,0.5624999999999999,65.30607142857146,0.000906,0.000841,0.003108,11.365000000000016,0
1441,1441,2024-01-04 09:10:40+00:00,2024-01-04 09:10:40+00:00,59.32962962962962,0.1648148148148147,50.66962962962961,65.11000000000001,39.313333333333325,40.09703703703704,0.6314814814814816,65.00999999999995,0.000964,0.000844,0.003237,11.356296296296286,0
1442,1442,2024-01-04 09:10:41+00:00,2024-01-04 09:10:41+00:00,63.31375,0.1770833333333333,50.62416666666668,70.09999999999998,39.32125000000001,40.12916666666666,0.6849999999999999,65.09666666666666,0.001047,0.000861,0.003307,11.30291666666666,0
1443,1443,2024-01-04 09:10:43+00:00,2024-01-04 09:10:43+00:00,71.93571428571428,0.1803571428571429,50.65642857142855,78.94571428571432,39.33071428571429,40.25428571428571,0.7842857142857138,64.98857142857143,0.00099,0.000883,0.003529,11.325714285714255,0
1444,1444,2024-01-04 09:10:44+00:00,2024-01-04 09:10:44+00:00,76.11821428571433,0.1764285714285714,50.676428571428566,82.98249999999999,39.30892857142855,40.35821428571429,0.8367857142857144,65.06035714285714,0.000988,0.000893,0.003582,11.36750000000002,0
1445,1445,2024-01-04 09:10:45+00:00,2024-01-04 09:10:45+00:00,80.86777777777777,0.19,50.66222222222223,89.08407407407407,39.3177777777778,40.38222222222222,0.9000000000000001,64.72592592592592,0.001054,0.000912,0.003719,11.344444444444434,0
1446,1446,2024-01-04 09:10:46+00:00,2024-01-04 09:10:46+00:00,86.65482758620686,0.1662068965517242,50.66275862068967,93.2920689655173,39.33896551724138,40.50724137931034,0.951724137931034,64.23551724137931,0.001095,0.000968,0.003874,11.323793103448288,0
1447,1447,2024-01-04 09:10:48+00:00,2024-01-04 09:10:48+00:00,95.65321428571428,0.1846428571428572,50.69428571428572,103.56821428571426,39.38464285714286,40.65535714285716,1.0503571428571428,64.8182142857143,0.001096,0.000958,0.003912,11.309642857142862,0
1448,1448,2024-01-04 09:10:49+00:00,2024-01-04 09:10:49+00:00,101.59964285714288,0.1885714285714286,50.69535714285717,109.9760714285714,39.40535714285714,40.762857142857136,1.1067857142857145,64.50499999999998,0.001075,0.001054,0.004037,11.290000000000028,0
1449,1449,2024-01-04 09:10:50+00:00,2024-01-04 09:10:50+00:00,105.69230769230764,0.188076923076923,50.70499999999999,114.81269230769227,39.40692307692306,40.81846153846153,1.1596153846153845,64.18384615384618,0.001103,0.000988,0.004166,11.298076923076929,0
1450,1450,2024-01-04 09:10:52+00:00,2024-01-04 09:10:52+00:00,116.456,0.1706666666666667,50.72366666666669,125.674,39.39366666666668,40.962333333333326,1.262,63.54133333333333,0.001169,0.001048,0.004278,11.330000000000013,0
1451,1451,2024-01-04 09:10:53+00:00,2024-01-04 09:10:53+00:00,122.53692307692305,0.1765384615384615,50.777307692307694,131.89538461538467,39.39538461538461,41.04653846153848,1.3219230769230772,63.88269230769231,0.001162,0.001018,0.004362,11.381923076923089,0
1452,1452,2024-01-04 09:10:54+00:00,2024-01-04 09:10:54+00:00,127.45555555555556,0.1837037037037037,50.81,137.15148148148148,39.40629629629629,41.12555555555556,1.3685185185185185,63.838148148148136,0.001117,0.001026,0.00442,11.403703703703703,0
1453,1453,2024-01-04 09:10:56+00:00,2024-01-04 09:10:56+00:00,137.7077777777778,0.1803703703703704,50.79037037037036,148.0711111111111,39.41629629629629,41.27592592592591,1.482592592592592,63.52185185185185,0.00113,0.00105,0.004415,11.374074074074072,0
1454,1454,2024-01-04 09:10:57+00:00,2024-01-04 09:10:57+00:00,142.29592592592587,0.1862962962962962,50.905925925925935,153.21962962962965,39.41296296296296,41.37407407407408,1.5425925925925927,63.35074074074075,0.001119,0.001032,0.004539,11.492962962962975,0
1455,1455,2024-01-04 09:10:58+00:00,2024-01-04 09:10:58+00:00,148.06714285714284,0.1975,50.9339285714286,158.6285714285714,39.40999999999999,41.46214285714287,1.6110714285714287,63.28964285714285,0.001167,0.00105,0.004737,11.523928571428613,0
1456,1456,2024-01-04 09:11:00+00:00,2024-01-04 09:11:00+00:00,157.0496551724138,0.1879310344827586,51.02931034482758,168.4931034482758,39.43482758620689,41.65172413793102,1.745862068965517,63.11310344827587,0.001215,0.001073,0.004968,11.594482758620686,0
1457,1457,2024-01-04 09:11:01+00:00,2024-01-04 09:11:01+00:00,161.8377777777778,0.1837037037037037,51.05111111111109,174.13703703703703,39.44111111111112,41.7088888888889,1.82,62.87703703703705,0.001209,0.001067,0.00509,11.609999999999964,0
1458,1458,2024-01-04 09:11:02+00:00,2024-01-04 09:11:02+00:00,165.97760000000002,0.2,51.10599999999997,179.34400000000005,39.4424,41.7536,1.8863999999999987,62.7892,0.00122,0.001122,0.005301,11.663599999999974,0
1459,1459,2024-01-04 09:11:04+00:00,2024-01-04 09:11:04+00:00,176.62931034482764,0.2079310344827587,51.14448275862068,189.5706896551725,39.48068965517243,41.930689655172415,2.0179310344827583,62.57965517241381,0.00122,0.00113,0.00533,11.66379310344825,0
1460,1460,2024-01-04 09:11:05+00:00,2024-01-04 09:11:05+00:00,180.07769230769233,0.2073076923076923,51.21000000000001,193.37384615384624,39.4823076923077,42.01884615384615,2.073461538461539,62.32692307692309,0.001203,0.001131,0.005437,11.727692307692308,0
1461,1461,2024-01-04 09:11:06+00:00,2024-01-04 09:11:06+00:00,184.28206896551728,0.2048275862068965,51.27999999999998,197.74999999999997,39.49689655172413,42.10689655172413,2.1324137931034466,62.23448275862072,0.00123,0.001145,0.005542,11.783103448275844,0
1462,1462,2024-01-04 09:11:07+00:00,2024-01-04 09:11:07+00:00,187.5027586206897,0.203448275862069,51.3448275862069,201.5586206896552,39.498620689655176,42.16793103448276,2.193103448275862,62.38103448275864,0.001266,0.001163,0.005718,11.846206896551728,0
1463,1463,2024-01-04 09:11:09+00:00,2024-01-04 09:11:09+00:00,194.5312,0.2132,51.48519999999999,209.4064,39.52319999999999,42.322,2.3164,62.31,0.001292,0.001157,0.005793,11.961999999999996,0
1464,1464,2024-01-04 09:11:10+00:00,2024-01-04 09:11:10+00:00,199.186,0.2026666666666667,51.54599999999998,212.0073333333334,39.52433333333332,42.357666666666674,2.366000000000001,61.96466666666666,0.001355,0.00116,0.005875,12.02166666666666,0
1465,1465,2024-01-04 09:11:11+00:00,2024-01-04 09:11:11+00:00,201.53119999999996,0.2027999999999999,51.6,215.72360000000003,39.51759999999999,42.4104,2.4172,61.875200000000014,0.001327,0.001174,0.005989,12.082400000000009,0
1466,1466,2024-01-04 09:11:13+00:00,2024-01-04 09:11:13+00:00,206.622,0.2176,51.7668,222.02560000000005,39.553199999999975,42.55880000000002,2.5148000000000006,61.82520000000002,0.001332,0.00118,0.006107,12.21360000000002,0
1467,1467,2024-01-04 09:11:14+00:00,2024-01-04 09:11:14+00:00,209.3132,0.22,51.8508,224.3308,39.56839999999999,42.5968,2.5584,61.92519999999999,0.001353,0.001186,0.006213,12.28240000000001,0
1468,1468,2024-01-04 09:11:15+00:00,2024-01-04 09:11:15+00:00,212.49464285714285,0.2146428571428572,51.91071428571429,226.34607142857143,39.57714285714287,42.685,2.595714285714286,61.84535714285714,0.001368,0.001199,0.006227,12.333571428571425,0
1469,1469,2024-01-04 09:11:17+00:00,2024-01-04 09:11:17+00:00,213.71333333333337,0.212962962962963,52.05555555555555,229.80555555555563,39.614444444444445,42.74111111111112,2.6607407407407404,61.82962962962964,0.001369,0.001213,0.006301,12.441111111111104,0
1470,1470,2024-01-04 09:11:18+00:00,2024-01-04 09:11:18+00:00,217.5792,0.206,52.1896,231.4424,39.61000000000001,42.824,2.6984,61.4476,0.001388,0.001215,0.00636,12.579599999999992,0
1471,1471,2024-01-04 09:11:19+00:00,2024-01-04 09:11:19+00:00,216.7351851851853,0.2225925925925926,52.26592592592591,232.6122222222223,39.62555555555555,42.88333333333333,2.716296296296296,61.923333333333325,0.001393,0.001215,0.006439,12.640370370370364,0
1472,1472,2024-01-04 09:11:21+00:00,2024-01-04 09:11:21+00:00,219.83888888888885,0.2218518518518518,52.403333333333336,234.4977777777778,39.6311111111111,42.87592592592593,2.761851851851852,61.55111111111111,0.001395,0.001208,0.006478,12.772222222222233,0
1473,1473,2024-01-04 09:11:22+00:00,2024-01-04 09:11:22+00:00,219.6211111111111,0.2125925925925926,52.49888888888889,234.8151851851852,39.63333333333333,42.92777777777778,2.765555555555557,61.56962962962962,0.001395,0.00123,0.006474,12.86555555555556,0
1474,1474,2024-01-04 09:11:23+00:00,2024-01-04 09:11:23+00:00,220.25038461538463,0.2119230769230769,52.55192307692305,234.30038461538467,39.65499999999998,42.91576923076926,2.7757692307692308,61.54769230769231,0.001384,0.001204,0.006432,12.896923076923072,0
1475,1475,2024-01-04 09:11:25+00:00,2024-01-04 09:11:25+00:00,218.5600000000001,0.2207407407407407,52.71629629629632,234.045925925926,39.66037037037036,42.96111111111112,2.7666666666666675,61.44740740740742,0.001423,0.001216,0.00658,13.055925925925962,0
1476,1476,2024-01-04 09:11:26+00:00,2024-01-04 09:11:26+00:00,217.5837037037037,0.2159259259259259,52.81555555555554,233.04555555555555,39.67296296296298,42.93296296296297,2.76,61.58296296296295,0.001385,0.001227,0.006471,13.142592592592564,0
1477,1477,2024-01-04 09:11:27+00:00,2024-01-04 09:11:27+00:00,216.426551724138,0.2213793103448276,52.86724137931036,232.2872413793103,39.68827586206898,42.97862068965516,2.7434482758620686,61.925517241379296,0.001346,0.001209,0.006319,13.178965517241371,0
1478,1478,2024-01-04 09:11:28+00:00,2024-01-04 09:11:28+00:00,215.2276,0.2136,52.91880000000001,230.61120000000005,39.69400000000002,42.966,2.7204,61.795600000000015,0.001336,0.001201,0.006258,13.224799999999997,0
1479,1479,2024-01-04 09:11:30+00:00,2024-01-04 09:11:30+00:00,212.14080000000004,0.2300000000000001,53.0692,227.5224,39.722,42.97200000000001,2.6584,62.092000000000006,0.0013,0.00118,0.006188,13.347199999999994,0
1480,1480,2024-01-04 09:11:31+00:00,2024-01-04 09:11:31+00:00,209.0903846153846,0.2184615384615384,53.14384615384616,224.83538461538467,39.73538461538463,42.94884615384615,2.614615384615384,61.78038461538461,0.001299,0.001225,0.0061,13.40846153846153,0
1481,1481,2024-01-04 09:11:32+00:00,2024-01-04 09:11:32+00:00,206.96740740740748,0.2011111111111111,53.17814814814814,222.38851851851848,39.73777777777778,42.92481481481482,2.5877777777777777,61.80740740740742,0.001298,0.001174,0.006012,13.44037037037036,0
1482,1482,2024-01-04 09:11:34+00:00,2024-01-04 09:11:34+00:00,201.50535714285704,0.2007142857142856,53.24999999999999,216.2789285714286,39.73214285714287,42.882857142857134,2.4846428571428576,62.00178571428571,0.001259,0.00117,0.005956,13.517857142857125,0
1483,1483,2024-01-04 09:11:35+00:00,2024-01-04 09:11:35+00:00,199.9711111111112,0.2051851851851852,53.27962962962962,214.28333333333336,39.7425925925926,42.890370370370384,2.443703703703704,61.81444444444443,0.001259,0.00116,0.005834,13.537037037037017,0
1484,1484,2024-01-04 09:11:36+00:00,2024-01-04 09:11:36+00:00,196.26518518518512,0.2025925925925926,53.34296296296296,209.66370370370373,39.73407407407408,42.84074074074074,2.380370370370371,62.403703703703705,0.001209,0.001182,0.005735,13.608888888888876,0
1485,1485,2024-01-04 09:11:38+00:00,2024-01-04 09:11:38+00:00,189.6244444444444,0.2077777777777778,53.37185185185182,203.4340740740741,39.76814814814814,42.73592592592593,2.277037037037037,62.60444444444446,0.001183,0.001148,0.005607,13.60370370370368,0
1486,1486,2024-01-04 09:11:39+00:00,2024-01-04 09:11:39+00:00,184.08896551724143,0.2117241379310345,53.39827586206896,198.7462068965517,39.7603448275862,42.77896551724138,2.193448275862069,62.729655172413786,0.001229,0.001146,0.005585,13.637931034482762,0
1487,1487,2024-01-04 09:11:40+00:00,2024-01-04 09:11:40+00:00,180.55038461538456,0.1973076923076923,53.41038461538463,194.5115384615385,39.78692307692306,42.71923076923079,2.144230769230769,62.519615384615385,0.001157,0.001145,0.005433,13.62346153846157,0
1488,1488,2024-01-04 09:11:42+00:00,2024-01-04 09:11:42+00:00,172.11862068965513,0.1913793103448275,53.42000000000005,185.4103448275862,39.80172413793102,42.637586206896536,2.037241379310345,62.685172413793104,0.001147,0.001137,0.005275,13.618275862069028,0
1489,1489,2024-01-04 09:11:43+00:00,2024-01-04 09:11:43+00:00,167.60285714285715,0.1982142857142858,53.402142857142856,180.4225,39.804285714285705,42.53214285714286,1.9678571428571432,62.92071428571428,0.001146,0.001139,0.005208,13.597857142857151,0
1490,1490,2024-01-04 09:11:44+00:00,2024-01-04 09:11:44+00:00,162.73518518518517,0.1859259259259259,53.38407407407408,175.2318518518519,39.809629629629626,42.47148148148148,1.908148148148148,62.972962962962974,0.0011,0.001108,0.004987,13.574444444444453,0
1491,1491,2024-01-04 09:11:45+00:00,2024-01-04 09:11:45+00:00,159.0975,0.1960714285714286,53.39678571428573,170.68678571428572,39.80035714285713,42.43285714285715,1.846428571428572,62.9732142857143,0.001114,0.001095,0.004909,13.596428571428604,0
1492,1492,2024-01-04 09:11:47+00:00,2024-01-04 09:11:47+00:00,147.81678571428571,0.1921428571428572,53.3875,159.77357142857142,39.80214285714283,42.28107142857143,1.7060714285714285,63.1925,0.001081,0.001059,0.004634,13.585357142857164,0
1493,1493,2024-01-04 09:11:48+00:00,2024-01-04 09:11:48+00:00,143.76407407407405,0.1877777777777778,53.28037037037038,155.09296296296296,39.83555555555557,42.220370370370375,1.638518518518518,63.339629629629634,0.001056,0.001066,0.004527,13.444814814814803,0
1494,1494,2024-01-04 09:11:49+00:00,2024-01-04 09:11:49+00:00,139.15962962962965,0.1877777777777777,53.342962962962936,149.51037037037037,39.83851851851852,42.18481481481482,1.5803703703703702,63.32296296296295,0.00107,0.001047,0.004414,13.504444444444417,0
1495,1495,2024-01-04 09:11:51+00:00,2024-01-04 09:11:51+00:00,126.58655172413792,0.1834482758620689,53.25172413793104,138.10931034482763,39.861724137931056,42.02862068965519,1.4489655172413791,63.54896551724136,0.001047,0.001031,0.004285,13.38999999999998,0
1496,1496,2024-01-04 09:11:52+00:00,2024-01-04 09:11:52+00:00,123.63925925925926,0.1944444444444444,53.17629629629631,132.82740740740743,39.86333333333333,41.94407407407408,1.4029629629629634,64.08333333333336,0.001044,0.001033,0.004206,13.312962962962978,0
1497,1497,2024-01-04 09:11:53+00:00,2024-01-04 09:11:53+00:00,116.4868,0.1784,53.19080000000002,127.2972,39.88719999999999,41.892,1.3463999999999996,64.26200000000001,0.00106,0.001021,0.004113,13.303600000000024,0
1498,1498,2024-01-04 09:11:55+00:00,2024-01-04 09:11:55+00:00,106.5562962962963,0.1707407407407407,53.0862962962963,116.07740740740743,39.87111111111112,41.77518518518518,1.2425925925925922,64.35000000000001,0.001111,0.001012,0.004074,13.215185185185176,0
1499,1499,2024-01-04 09:11:56+00:00,2024-01-04 09:11:56+00:00,102.01333333333334,0.1792592592592592,53.0225925925926,111.63444444444448,39.88222222222221,41.677037037037024,1.1900000000000002,64.37296296296293,0.001037,0.000999,0.004027,13.140370370370384,0
1500,1500,2024-01-04 09:11:57+00:00,2024-01-04 09:11:57+00:00,96.38464285714288,0.1782142857142857,52.96678571428573,105.58035714285715,39.883571428571415,41.60749999999998,1.127857142857143,64.39964285714285,0.001072,0.000963,0.003947,13.083214285714313,0
1501,1501,2024-01-04 09:11:59+00:00,2024-01-04 09:11:59+00:00,86.09807692307689,0.1607692307692307,52.88576923076924,94.54192307692308,39.885,41.46653846153846,1.0226923076923078,64.29961538461541,0.001018,0.00096,0.003842,13.000769230769244,0
1502,1502,2024-01-04 09:12:00+00:00,2024-01-04 09:12:00+00:00,81.68333333333334,0.1833333333333333,52.82111111111112,90.2166666666667,39.90629629629629,41.42370370370371,0.9696296296296298,64.93555555555557,0.001004,0.000928,0.003647,12.914814814814823,0
1503,1503,2024-01-04 09:12:01+00:00,2024-01-04 09:12:01+00:00,77.17851851851853,0.1714814814814814,52.80148148148147,84.74518518518518,39.89592592592592,41.35111111111112,0.9125925925925924,64.93037037037038,0.000931,0.000916,0.003488,12.905555555555544,0
1504,1504,2024-01-04 09:12:03+00:00,2024-01-04 09:12:03+00:00,67.07642857142856,0.1639285714285714,52.64464285714286,74.87714285714284,39.918214285714285,41.18571428571431,0.8017857142857144,65.015,0.000962,0.000881,0.003435,12.726428571428578,0
1505,1505,2024-01-04 09:12:04+00:00,2024-01-04 09:12:04+00:00,64.07607142857144,0.1714285714285714,52.59107142857141,70.90642857142858,39.92285714285713,41.127500000000005,0.7457142857142856,65.23785714285714,0.000918,0.00091,0.003253,12.66821428571427,0
1506,1506,2024-01-04 09:12:05+00:00,2024-01-04 09:12:05+00:00,58.62884615384615,0.1596153846153846,52.53076923076923,65.80730769230772,39.91961538461537,41.09923076923076,0.6799999999999997,65.32038461538463,0.000945,0.000889,0.003192,12.61115384615386,0
1507,1507,2024-01-04 09:12:06+00:00,2024-01-04 09:12:06+00:00,54.472962962962974,0.1611111111111111,52.51592592592593,61.22370370370371,39.94740740740741,41.04925925925926,0.6285185185185185,65.04259259259258,0.000876,0.00082,0.003044,12.568518518518523,0
1508,1508,2024-01-04 09:12:08+00:00,2024-01-04 09:12:08+00:00,47.44884615384615,0.1692307692307692,52.35730769230769,54.05769230769231,39.95576923076926,40.92307692307692,-0.0734615384615385,65.64153846153847,0.00088,0.000805,0.002976,12.40153846153843,0
1509,1509,2024-01-04 09:12:09+00:00,2024-01-04 09:12:09+00:00,43.2992,0.1487999999999999,52.3064,48.9556,39.956800000000015,40.9108,-0.0788,65.4384,0.000889,0.000782,0.002857,12.349599999999988,0
1510,1510,2024-01-04 09:12:10+00:00,2024-01-04 09:12:10+00:00,40.99777777777778,0.1537037037037036,52.27407407407406,46.44740740740741,39.95407407407409,40.824814814814815,-0.08,65.6711111111111,0.000862,0.000804,0.002786,12.319999999999965,0
1511,1511,2024-01-04 09:12:12+00:00,2024-01-04 09:12:12+00:00,34.43586206896552,0.1599999999999999,52.15689655172416,39.53172413793104,39.97586206896553,40.7610344827586,-0.0737931034482758,65.91689655172416,0.000805,0.00074,0.002687,12.181034482758626,0
1512,1512,2024-01-04 09:12:13+00:00,2024-01-04 09:12:13+00:00,32.335925925925935,0.1533333333333333,52.05481481481482,37.04222222222223,39.9925925925926,40.71333333333336,-0.0777777777777777,65.76925925925924,0.000753,0.000739,0.002587,12.062222222222218,0
1513,1513,2024-01-04 09:12:14+00:00,2024-01-04 09:12:14+00:00,29.59730769230768,0.165,52.03192307692306,35.023846153846165,40.01153846153845,40.66115384615384,-0.08,66.25884615384614,0.000751,0.000768,0.002522,12.020384615384614,0
1514,1514,2024-01-04 09:12:16+00:00,2024-01-04 09:12:16+00:00,26.245,0.1392857142857143,51.87285714285715,29.31392857142857,40.01535714285713,40.62464285714288,-0.08,65.635,0.000758,0.000768,0.002484,11.857500000000025,0
1515,1515,2024-01-04 09:12:17+00:00,2024-01-04 09:12:17+00:00,23.876296296296296,0.1448148148148148,51.84407407407407,28.289259259259254,40.036296296296285,40.6062962962963,-0.08,65.95000000000002,0.000742,0.000762,0.002408,11.807777777777789,0
1516,1516,2024-01-04 09:12:18+00:00,2024-01-04 09:12:18+00:00,23.2972,0.1364,51.777200000000015,26.157999999999998,40.034799999999976,40.5388,-0.08,65.73920000000003,0.000786,0.000775,0.002348,11.74240000000004,0
1517,1517,2024-01-04 09:12:20+00:00,2024-01-04 09:12:20+00:00,20.515714285714285,0.1560714285714285,51.63571428571429,24.43857142857143,40.05071428571426,40.52321428571428,-0.08,66.14178571428572,0.000783,0.000798,0.00232,11.58500000000003,0
1518,1518,2024-01-04 09:12:21+00:00,2024-01-04 09:12:21+00:00,20.28923076923077,0.1584615384615384,51.60230769230769,24.416153846153843,40.08269230769232,40.50115384615385,-0.0819230769230769,66.22615384615384,0.000755,0.00081,0.002322,11.51961538461537,0
1519,1519,2024-01-04 09:12:22+00:00,2024-01-04 09:12:22+00:00,19.7144,0.146,51.58239999999998,23.2172,40.091600000000014,40.52360000000001,-0.08,66.2704,0.00083,0.000803,0.002303,11.490799999999965,0
1520,1520,2024-01-04 09:12:23+00:00,2024-01-04 09:12:23+00:00,19.642692307692307,0.1557692307692307,51.55230769230768,24.10923076923078,40.10500000000001,40.52846153846154,-0.08,66.13923076923076,0.000749,0.000836,0.002306,11.447307692307668,0
1521,1521,2024-01-04 09:12:25+00:00,2024-01-04 09:12:25+00:00,19.9725,0.1525,51.42285714285716,24.253928571428567,40.09214285714286,40.47821428571428,-0.08,65.85857142857141,0.001071,0.000798,0.002278,11.3307142857143,0
1522,1522,2024-01-04 09:12:26+00:00,2024-01-04 09:12:26+00:00,21.83192307692308,0.1573076923076923,51.39961538461538,25.73846153846155,40.09346153846156,40.52692307692308,-0.08,65.81692307692309,0.000772,0.000812,0.002331,11.30615384615382,0
1523,1523,2024-01-04 09:12:27+00:00,2024-01-04 09:12:27+00:00,22.16214285714285,0.1621428571428572,51.42428571428575,26.232142857142858,40.09892857142857,40.549642857142864,-0.08,66.06678571428569,0.000809,0.000882,0.002361,11.325357142857172,0
1524,1524,2024-01-04 09:12:29+00:00,2024-01-04 09:12:29+00:00,24.989333333333324,0.1533333333333333,51.353,28.94833333333333,40.11333333333332,40.527,-0.0796666666666666,65.608,0.000729,0.000815,0.002428,11.23966666666668,0
1525,1525,2024-01-04 09:12:30+00:00,2024-01-04 09:12:30+00:00,26.801481481481467,0.164074074074074,51.33296296296295,31.71,40.12999999999999,40.5388888888889,-0.0796296296296296,65.85518518518518,0.000782,0.000752,0.00248,11.202962962962957,0
1526,1526,2024-01-04 09:12:31+00:00,2024-01-04 09:12:31+00:00,29.521600000000003,0.1496,51.3964,33.34440000000001,40.1284,40.6332,-0.08,65.78479999999999,0.000781,0.000759,0.002485,11.268,0
1527,1527,2024-01-04 09:12:33+00:00,2024-01-04 09:12:33+00:00,33.84148148148148,0.1637037037037037,51.33407407407408,39.34185185185184,40.14,40.653703703703705,-0.08,65.93518518518518,0.000783,0.000795,0.002521,11.19407407407408,0
1528,1528,2024-01-04 09:12:34+00:00,2024-01-04 09:12:34+00:00,37.02035714285713,0.1517857142857142,51.33892857142855,41.79928571428572,40.12392857142856,40.65464285714286,-0.0796428571428571,65.4357142857143,0.000832,0.000782,0.00258,11.21499999999999,0
1529,9,2025-01-21 09:24:48+00:00,2025-01-21 09:24:48+00:00,54.76277777777776,0.1577777777777778,39.81083333333335,66.25527777777778,21.126388888888883,22.03861111111112,0.3611111111111109,65.35166666666663,0.001097,0.000649,0.00161,18.684444444444463,1
1530,22,2025-01-21 09:25:14+00:00,2025-01-21 09:25:14+00:00,181.348125,0.20125,40.49625,199.13374999999996,21.183125,24.064374999999995,1.7093750000000003,63.26656250000003,0.001617,0.001222,0.003866,19.313125000000007,1
1531,29,2025-01-21 09:25:24+00:00,2025-01-21 09:25:24+00:00,212.29236842105263,0.2297368421052631,40.51763157894735,234.13447368421055,21.25184210526316,24.45789473684211,2.0031578947368414,62.58026315789473,0.001872,0.001226,0.004447,19.26578947368419,1
1532,37,2025-01-21 09:25:39+00:00,2025-01-21 09:25:39+00:00,212.42200000000005,0.2362857142857143,41.00199999999998,233.56,21.28542857142858,24.68257142857142,2.02257142857143,62.74857142857141,0.001957,0.001236,0.004612,19.7165714285714,1
1533,56,2025-01-21 09:26:04+00:00,2025-01-21 09:26:04+00:00,105.12823529411762,0.1582352941176471,40.90088235294117,120.23617647058823,21.19411764705882,23.24176470588235,1.1385294117647065,64.47647058823529,0.001026,0.000862,0.002201,19.706764705882357,1
1534,58,2025-01-21 09:26:06+00:00,2025-01-21 09:26:06+00:00,95.11846153846152,0.162051282051282,40.76923076923076,110.2202564102564,21.216410256410256,22.848461538461542,1.0499999999999998,64.26743589743586,0.000999,0.000807,0.002059,19.552820512820503,1
1535,84,2025-01-21 09:26:40+00:00,2025-01-21 09:26:40+00:00,29.66617647058825,0.1638235294117647,40.06470588235294,39.282647058823535,21.34029411764706,21.910588235294128,0.3599999999999999,65.9347058823529,0.001112,0.000643,0.001507,18.72441176470588,1
1536,107,2025-01-21 09:27:10+00:00,2025-01-21 09:27:10+00:00,162.35945945945957,0.1948648648648649,40.01945945945948,180.29216216216224,21.3272972972973,23.701621621621637,1.5554054054054054,63.3854054054054,0.001485,0.00116,0.003429,18.692162162162184,1
1537,109,2025-01-21 09:27:13+00:00,2025-01-21 09:27:13+00:00,175.65028571428562,0.1837142857142857,39.9725714285714,194.3757142857142,21.2842857142857,23.72371428571429,1.6677142857142848,62.83571428571428,0.001578,0.001186,0.003695,18.688285714285698,1
1538,143,2025-01-21 09:28:00+00:00,2025-01-21 09:28:00+00:00,127.8337837837838,0.1872972972972973,41.09405405405404,144.82432432432424,21.369459459459463,23.545675675675668,1.315945945945946,63.93621621621622,0.001113,0.001005,0.002579,19.724594594594578,1
1539,149,2025-01-21 09:28:08+00:00,2025-01-21 09:28:08+00:00,86.40200000000004,0.1617142857142857,40.757428571428576,99.96142857142858,21.34457142857143,22.895428571428564,0.7411428571428574,64.348,0.001085,0.000762,0.001985,19.412857142857145,1
1540,171,2025-01-21 09:28:37+00:00,2025-01-21 09:28:37+00:00,24.00194444444444,0.1447222222222221,40.469166666666666,33.72749999999999,21.567222222222213,22.16444444444444,0.3502777777777776,66.08,0.001122,0.00063,0.001594,18.901944444444453,1
1541,186,2025-01-21 09:28:57+00:00,2025-01-21 09:28:57+00:00,96.34250000000002,0.1744444444444445,40.164444444444456,110.07305555555553,21.61055555555556,23.022777777777776,1.0266666666666664,64.70805555555557,0.001072,0.000733,0.001924,18.553888888888896,1
1542,188,2025-01-21 09:28:59+00:00,2025-01-21 09:28:59+00:00,106.28029411764705,0.1585294117647059,39.92647058823529,120.18794117647056,21.49176470588236,22.712352941176466,1.1011764705882356,63.90441176470587,0.001035,0.000799,0.00209,18.434705882352933,1
1543,197,2025-01-21 09:29:11+00:00,2025-01-21 09:29:11+00:00,167.37485714285702,0.1765714285714286,40.08171428571428,183.9911428571428,21.49142857142857,23.777999999999995,1.5977142857142856,63.073428571428586,0.001469,0.001155,0.003403,18.590285714285702,1
1544,199,2025-01-21 09:29:14+00:00,2025-01-21 09:29:14+00:00,179.57131578947374,0.2055263157894737,40.24394736842104,199.1397368421052,21.48210526315788,24.019210526315803,1.7136842105263153,62.66184210526316,0.001571,0.001181,0.003654,18.76184210526316,1
1545,200,2025-01-21 09:29:15+00:00,2025-01-21 09:29:15+00:00,184.1770270270271,0.1845945945945947,40.20810810810811,203.10000000000008,21.478378378378387,24.079459459459475,1.7340540540540543,62.63243243243242,0.00163,0.001186,0.003756,18.72972972972972,1
1546,207,2025-01-21 09:29:24+00:00,2025-01-21 09:29:24+00:00,212.24,0.2023529411764706,40.46147058823528,230.98647058823525,21.551470588235293,24.50058823529412,2.0052941176470584,62.22676470588234,0.001882,0.001219,0.004361,18.909999999999982,1
1547,216,2025-01-21 09:29:36+00:00,2025-01-21 09:29:36+00:00,216.6851515151516,0.1942424242424243,40.9851515151515,237.4560606060606,21.54030303030302,24.76848484848484,2.095454545454546,62.23393939393935,0.001961,0.001239,0.004586,19.44484848484848,1
1548,226,2025-01-21 09:29:49+00:00,2025-01-21 09:29:49+00:00,180.7338235294117,0.1826470588235294,41.518529411764725,200.07970588235295,21.622352941176477,24.601176470588246,1.7408823529411757,63.02823529411764,0.00162,0.001172,0.00376,19.89617647058825,1
1549,239,2025-01-21 09:30:06+00:00,2025-01-21 09:30:06+00:00,96.41861111111112,0.1875000000000001,40.96361111111112,112.7036111111111,21.570000000000004,23.221666666666657,1.0697222222222216,64.3863888888889,0.001079,0.000782,0.002052,19.39361111111112,1
1550,249,2025-01-21 09:30:19+00:00,2025-01-21 09:30:19+00:00,41.14371428571428,0.1485714285714285,40.898571428571394,51.61885714285712,21.686571428571437,22.66114285714286,0.3594285714285712,65.62028571428573,0.001164,0.000673,0.001602,19.21199999999996,1
1551,255,2025-01-21 09:30:27+00:00,2025-01-21 09:30:27+00:00,22.362432432432428,0.14,40.30972972972973,32.15081081081081,21.61864864864865,22.118108108108103,0.3537837837837835,65.8262162162162,0.001155,0.000678,0.001552,18.69108108108108,1
1552,261,2025-01-21 09:30:35+00:00,2025-01-21 09:30:35+00:00,21.91055555555556,0.1530555555555555,40.18194444444447,30.92416666666667,21.653055555555547,21.93666666666667,0.3511111111111109,65.69,0.001117,0.000658,0.001564,18.52888888888892,1
1553,270,2025-01-21 09:30:47+00:00,2025-01-21 09:30:47+00:00,50.92135135135132,0.1862162162162162,40.04702702702703,61.48567567567567,21.634594594594585,22.3254054054054,0.3548648648648646,65.13621621621618,0.001159,0.000655,0.001523,18.412432432432443,1
1554,276,2025-01-21 09:30:55+00:00,2025-01-21 09:30:55+00:00,85.26815789473687,0.1623684210526316,40.2971052631579,97.78947368421048,21.722631578947382,22.92526315789472,0.4081578947368419,64.58578947368423,0.001108,0.00073,0.001819,18.57447368421052,1
1555,285,2025-01-21 09:31:06+00:00,2025-01-21 09:31:06+00:00,141.4048717948718,0.1820512820512821,40.09358974358973,157.81384615384616,21.641282051282044,23.548205128205133,1.4005128205128206,63.23128205128204,0.001197,0.001047,0.002759,18.452307692307688,1
1556,289,2025-01-21 09:31:12+00:00,2025-01-21 09:31:12+00:00,170.98351351351343,0.1962162162162163,40.14918918918918,189.1778378378379,21.67513513513514,23.97081081081081,1.6332432432432438,62.90405405405407,0.001455,0.001135,0.003345,18.47405405405404,1
1557,304,2025-01-21 09:31:34+00:00,2025-01-21 09:31:34+00:00,219.55769230769232,0.2207692307692308,41.154615384615376,239.8205128205128,21.7323076923077,25.13820512820514,2.1299999999999994,62.28641025641027,0.001996,0.001254,0.004659,19.42230769230768,1
1558,310,2025-01-21 09:31:42+00:00,2025-01-21 09:31:42+00:00,205.57352941176464,0.2108823529411764,41.13911764705883,226.88441176470585,21.68588235294118,24.783529411764714,1.9844117647058817,62.18705882352943,0.001848,0.00123,0.004307,19.45323529411765,1
1559,328,2025-01-21 09:32:05+00:00,2025-01-21 09:32:05+00:00,102.65717948717948,0.172051282051282,41.47717948717951,117.5933333333334,21.847692307692316,23.868717948717947,1.114358974358975,64.65846153846152,0.001024,0.000818,0.002154,19.629487179487192,1
1560,330,2025-01-21 09:32:08+00:00,2025-01-21 09:32:08+00:00,87.17461538461536,0.1628205128205128,40.90076923076922,101.90230769230767,21.75897435897435,23.27384615384615,0.9315384615384616,64.5625641025641,0.001048,0.000756,0.001992,19.141794871794872,1
1561,352,2025-01-21 09:32:37+00:00,2025-01-21 09:32:37+00:00,22.96583333333333,0.1358333333333333,40.32833333333334,32.485833333333325,21.785277777777782,22.231666666666676,0.3508333333333331,65.58166666666668,0.001089,0.000633,0.001594,18.54305555555556,1
1562,361,2025-01-21 09:32:49+00:00,2025-01-21 09:32:49+00:00,57.50617647058824,0.1717647058823529,40.20823529411766,69.16470588235292,21.82500000000001,22.555,0.3538235294117644,65.01352941176471,0.001135,0.000681,0.00169,18.383235294117647,1
1563,363,2025-01-21 09:32:51+00:00,2025-01-21 09:32:51+00:00,64.97485714285716,0.1377142857142857,40.51,76.68457142857145,21.891714285714272,22.918571428571425,0.3554285714285712,65.238,0.00112,0.000697,0.001713,18.61828571428573,1
1564,364,2025-01-21 09:32:53+00:00,2025-01-21 09:32:53+00:00,74.74971428571423,0.1177142857142857,40.00000000000001,85.122,21.783428571428583,22.56371428571429,0.3499999999999998,64.30571428571426,0.001108,0.000704,0.001785,18.216571428571424,1
1565,376,2025-01-21 09:33:08+00:00,2025-01-21 09:33:08+00:00,152.8141176470588,0.1876470588235294,40.10970588235296,167.5132352941176,21.819117647058828,23.74382352941177,1.477058823529411,63.05911764705882,0.001376,0.001121,0.0031,18.290588235294127,1
1566,383,2025-01-21 09:33:17+00:00,2025-01-21 09:33:17+00:00,190.35368421052632,0.2055263157894737,40.71157894736842,209.3194736842106,21.92263157894736,24.726052631578955,1.797631578947368,62.870263157894726,0.001714,0.001201,0.003863,18.788947368421063,1
1567,400,2025-01-21 09:33:40+00:00,2025-01-21 09:33:40+00:00,211.19657894736844,0.1876315789473684,41.307894736842094,231.06394736842103,21.881578947368418,25.10842105263158,2.040263157894737,62.37815789473684,0.001898,0.001214,0.004308,19.42631578947368,1
1568,402,2025-01-21 09:33:42+00:00,2025-01-21 09:33:42+00:00,206.91382352941184,0.2179411764705883,41.76470588235293,225.90470588235289,21.9879411764706,25.30058823529412,1.9867647058823523,62.82058823529412,0.001813,0.001205,0.004142,19.77676470588233,1
1569,409,2025-01-21 09:33:52+00:00,2025-01-21 09:33:52+00:00,168.65815789473686,0.1978947368421053,41.84184210526313,188.46736842105267,21.97131578947369,24.90052631578947,1.653947368421052,63.62868421052635,0.00153,0.001178,0.003546,19.870526315789444,1
1570,410,2025-01-21 09:33:53+00:00,2025-01-21 09:33:53+00:00,165.10297297297302,0.2086486486486487,41.65108108108109,183.73837837837837,21.931621621621616,24.65243243243244,1.6048648648648658,63.31729729729733,0.00148,0.001187,0.003413,19.719459459459472,1
1571,419,2025-01-21 09:34:05+00:00,2025-01-21 09:34:05+00:00,104.34055555555555,0.1683333333333333,41.198611111111134,118.96305555555556,21.90805555555555,23.64694444444444,1.1205555555555555,64.27805555555557,0.001091,0.000839,0.002193,19.290555555555585,1
1572,421,2025-01-21 09:34:07+00:00,2025-01-21 09:34:07+00:00,94.43705882352936,0.1564705882352941,41.60441176470587,107.27941176470594,22.03647058823529,23.841470588235296,1.0402941176470597,64.87264705882355,0.00111,0.000779,0.002072,19.567941176470583,1
1573,422,2025-01-21 09:34:09+00:00,2025-01-21 09:34:09+00:00,82.26513513513508,0.1513513513513513,41.16027027027026,96.26972972972976,21.92513513513513,23.37783783783784,0.5981081081081081,64.44702702702706,0.00115,0.000758,0.001943,19.23513513513513,1
1574,444,2025-01-21 09:34:37+00:00,2025-01-21 09:34:37+00:00,23.1151282051282,0.1282051282051282,40.41179487179485,30.797692307692305,22.020512820512824,22.51897435897436,0.3569230769230768,65.90051282051283,0.001106,0.000645,0.001574,18.39128205128203,1
1575,467,2025-01-21 09:35:08+00:00,2025-01-21 09:35:08+00:00,150.63486486486485,0.1835135135135136,40.7245945945946,167.83162162162162,22.1045945945946,24.27756756756757,1.4710810810810817,63.73648648648648,0.001294,0.001077,0.002916,18.62,1
1576,468,2025-01-21 09:35:09+00:00,2025-01-21 09:35:09+00:00,154.48810810810815,0.1535135135135135,40.64324324324323,171.275945945946,22.090540540540548,24.21648648648648,1.517297297297298,63.46567567567568,0.00136,0.001114,0.003102,18.55270270270268,1
1577,476,2025-01-21 09:35:21+00:00,2025-01-21 09:35:21+00:00,202.1247058823529,0.1958823529411764,40.74382352941175,222.72000000000003,22.009705882352936,24.885882352941195,1.924705882352941,62.48676470588237,0.001822,0.001219,0.004114,18.734117647058813,1
1578,492,2025-01-21 09:35:42+00:00,2025-01-21 09:35:42+00:00,206.0597435897436,0.1817948717948718,41.56282051282052,226.5482051282051,22.06410256410257,25.22205128205128,1.994102564102564,62.44282051282054,0.001826,0.001201,0.004112,19.49871794871796,1
1579,494,2025-01-21 09:35:44+00:00,2025-01-21 09:35:44+00:00,200.752,0.2211428571428572,41.90942857142857,222.4148571428572,22.179428571428563,25.339142857142857,1.9482857142857144,62.87771428571429,0.001811,0.001232,0.004093,19.730000000000008,1
1580,503,2025-01-21 09:35:56+00:00,2025-01-21 09:35:56+00:00,152.75828571428576,0.2034285714285715,41.42342857142857,169.6842857142857,22.066571428571432,24.44542857142856,1.5271428571428571,63.25742857142856,0.001312,0.001108,0.002979,19.35685714285714,1
1581,524,2025-01-21 09:36:24+00:00,2025-01-21 09:36:24+00:00,28.65277777777778,0.1511111111111112,40.94083333333334,37.94916666666667,22.15361111111112,22.88555555555556,0.349722222222222,65.97194444444446,0.001168,0.000659,0.001555,18.78722222222222,1
1582,526,2025-01-21 09:36:26+00:00,2025-01-21 09:36:26+00:00,24.54911764705881,0.1694117647058822,40.61882352941176,34.90058823529412,22.097058823529423,22.584705882352942,0.3499999999999998,65.47676470588235,0.001145,0.000739,0.001551,18.52176470588234,1
1583,534,2025-01-21 09:36:37+00:00,2025-01-21 09:36:37+00:00,22.93342857142857,0.1308571428571429,40.47714285714285,31.36142857142856,22.116000000000007,22.52571428571429,0.3494285714285712,65.69914285714287,0.001104,0.000657,0.001589,18.361142857142845,1
1584,553,2025-01-21 09:37:02+00:00,2025-01-21 09:37:02+00:00,118.28714285714288,0.18,40.20057142857143,133.93857142857144,22.1,23.62771428571428,1.212285714285714,63.6757142857143,0.001081,0.000827,0.002205,18.10057142857143,1
1585,559,2025-01-21 09:37:09+00:00,2025-01-21 09:37:09+00:00,154.29729729729723,0.1997297297297298,40.59756756756757,171.39216216216224,22.161621621621624,24.259729729729727,1.5016216216216216,63.34540540540541,0.001336,0.001085,0.002997,18.43594594594595,1
1586,580,2025-01-21 09:37:37+00:00,2025-01-21 09:37:37+00:00,216.8225,0.2249999999999999,41.22333333333335,236.9677777777777,22.15138888888889,25.304722222222225,2.1236111111111104,61.97500000000002,0.001935,0.001253,0.00433,19.071944444444465,1
1587,581,2025-01-21 09:37:38+00:00,2025-01-21 09:37:38+00:00,215.3972972972973,0.2127027027027027,41.39054054054053,236.3627027027027,22.194864864864883,25.401351351351344,2.101081081081081,62.13027027027027,0.001934,0.001254,0.004306,19.195675675675645,1
1588,583,2025-01-21 09:37:41+00:00,2025-01-21 09:37:41+00:00,209.08828571428572,0.2162857142857143,41.76857142857144,231.20457142857143,22.25828571428572,25.585428571428583,2.042285714285714,62.58257142857144,0.001857,0.001214,0.004126,19.510285714285725,1
1589,609,2025-01-21 09:38:15+00:00,2025-01-21 09:38:15+00:00,57.59783783783784,0.1616216216216216,41.2127027027027,69.95999999999998,22.23837837837839,23.358108108108105,0.3470270270270268,65.14378378378377,0.001176,0.000756,0.001733,18.97432432432431,1
1590,610,2025-01-21 09:38:16+00:00,2025-01-21 09:38:16+00:00,54.18472222222221,0.1713888888888889,41.38611111111111,66.89527777777782,22.3286111111111,23.69888888888888,0.3511111111111109,65.63444444444444,0.001183,0.00069,0.001683,19.05750000000001,1
1591,640,2025-01-21 09:38:56+00:00,2025-01-21 09:38:56+00:00,87.81323529411766,0.1511764705882352,40.6544117647059,99.5764705882353,22.311176470588222,23.509117647058822,0.7267647058823529,64.57441176470589,0.001146,0.000718,0.001845,18.34323529411768,1
1592,642,2025-01-21 09:38:58+00:00,2025-01-21 09:38:58+00:00,96.22176470588236,0.1855882352941177,40.5379411764706,110.45970588235288,22.264705882352946,23.438529411764712,1.047941176470588,64.1291176470588,0.001116,0.000748,0.001952,18.27323529411765,1
1593,643,2025-01-21 09:39:00+00:00,2025-01-21 09:39:00+00:00,107.07972222222224,0.1877777777777779,40.585277777777776,121.92555555555556,22.31861111111111,23.67527777777777,1.1308333333333336,64.15694444444443,0.001084,0.00078,0.00203,18.266666666666666,1
1594,650,2025-01-21 09:39:09+00:00,2025-01-21 09:39:09+00:00,152.70617647058825,0.1973529411764706,40.49411764705882,170.57794117647057,22.27705882352941,24.26529411764706,1.5017647058823531,63.06058823529412,0.001325,0.001067,0.002924,18.217058823529413,1
1595,655,2025-01-21 09:39:15+00:00,2025-01-21 09:39:15+00:00,181.44710526315785,0.1873684210526316,40.740526315789474,198.90289473684211,22.311842105263164,24.79421052631579,1.7305263157894737,62.87868421052635,0.001574,0.001158,0.003557,18.42868421052631,1
1596,676,2025-01-21 09:39:43+00:00,2025-01-21 09:39:43+00:00,205.1283870967742,0.2219354838709678,41.95741935483871,225.08129032258051,22.410322580645165,25.69032258064516,1.988064516129031,62.60645161290324,0.001831,0.001207,0.004096,19.547096774193548,1
1597,679,2025-01-21 09:39:47+00:00,2025-01-21 09:39:47+00:00,191.3797058823529,0.1914705882352941,41.95588235294117,211.5332352941176,22.38823529411764,25.556470588235303,1.860882352941177,63.05823529411769,0.001708,0.001199,0.003817,19.56764705882353,1
1598,680,2025-01-21 09:39:48+00:00,2025-01-21 09:39:48+00:00,187.76472222222225,0.1838888888888889,42.08138888888888,207.7666666666667,22.413611111111106,25.488611111111105,1.8305555555555555,62.96861111111113,0.001664,0.001182,0.003704,19.66777777777778,1
1599,684,2025-01-21 09:39:53+00:00,2025-01-21 09:39:53+00:00,167.11342105263162,0.1997368421052633,42.196052631578965,185.4392105263158,22.446842105263148,25.20421052631578,1.643684210526317,63.48552631578949,0.001456,0.001172,0.003293,19.749210526315817,1
1600,691,2025-01-21 09:40:02+00:00,2025-01-21 09:40:02+00:00,122.32394736842106,0.1863157894736842,41.72473684210527,137.88368421052638,22.39184210526315,24.538947368421056,1.2813157894736846,64.14868421052628,0.001167,0.000876,0.002313,19.332894736842118,1
1601,697,2025-01-21 09:40:10+00:00,2025-01-21 09:40:10+00:00,81.42972972972976,0.1829729729729729,41.36405405405404,94.56810810810816,22.34567567567568,23.74594594594594,0.3775675675675674,64.45324324324324,0.001177,0.000744,0.001893,19.01837837837836,1
1602,699,2025-01-21 09:40:13+00:00,2025-01-21 09:40:13+00:00,67.22972222222222,0.1513888888888889,41.79666666666665,79.90583333333335,22.497222222222224,24.126388888888886,0.3494444444444442,65.35750000000002,0.001167,0.000698,0.001784,19.29944444444443,1
1603,700,2025-01-21 09:40:14+00:00,2025-01-21 09:40:14+00:00,62.67641025641025,0.1420512820512819,41.47564102564103,74.73512820512822,22.44897435897436,23.63102564102564,0.3489743589743588,64.96692307692307,0.001173,0.000728,0.001753,19.026666666666674,1
1604,702,2025-01-21 09:40:17+00:00,2025-01-21 09:40:17+00:00,50.591621621621634,0.1716216216216215,41.28270270270269,61.77594594594595,22.39729729729728,23.41702702702704,0.3508108108108106,65.30945945945946,0.001212,0.000679,0.00167,18.88540540540541,1
1605,711,2025-01-21 09:40:29+00:00,2025-01-21 09:40:29+00:00,21.074864864864853,0.182972972972973,41.06513513513515,31.40081081081081,22.45540540540541,22.932432432432428,0.3456756756756755,65.83972972972974,0.001167,0.00066,0.001582,18.60972972972974,1
1606,714,2025-01-21 09:40:33+00:00,2025-01-21 09:40:33+00:00,19.37641025641025,0.1582051282051283,41.04615384615385,28.822820512820527,22.514615384615396,23.13769230769231,0.3441025641025639,66.17153846153845,0.001159,0.000683,0.001579,18.531538461538457,1
1607,746,2025-01-21 09:41:16+00:00,2025-01-21 09:41:16+00:00,184.36179487179484,0.183076923076923,40.68794871794871,202.24615384615385,22.41538461538462,24.912051282051284,1.7635897435897443,62.46974358974358,0.00164,0.001186,0.003622,18.27256410256409,1
1608,751,2025-01-21 09:41:22+00:00,2025-01-21 09:41:22+00:00,205.492105263158,0.2221052631578948,40.96552631578948,225.01394736842107,22.46473684210527,25.31263157894738,1.9707894736842104,62.456315789473685,0.00183,0.001206,0.004029,18.50078947368421,1
1609,755,2025-01-21 09:41:28+00:00,2025-01-21 09:41:28+00:00,215.79918918918915,0.2291891891891892,41.29513513513511,236.86540540540545,22.48135135135136,25.612702702702705,2.122972972972973,62.21081081081081,0.001963,0.001266,0.004362,18.813783783783755,1
1610,761,2025-01-21 09:41:37+00:00,2025-01-21 09:41:37+00:00,218.083947368421,0.2184210526315788,41.63394736842103,236.83210526315796,22.475263157894744,25.695263157894743,2.1450000000000005,62.17815789473684,0.001979,0.001238,0.004355,19.15868421052629,1
1611,777,2025-01-21 09:41:58+00:00,2025-01-21 09:41:58+00:00,143.1408571428572,0.1362857142857143,41.95657142857142,159.544,22.52371428571427,24.88314285714286,1.4691428571428575,63.620000000000005,0.001223,0.001021,0.002708,19.432857142857152,1
1612,780,2025-01-21 09:42:02+00:00,2025-01-21 09:42:02+00:00,123.22257142857146,0.1645714285714286,41.75285714285713,138.79028571428577,22.509714285714274,24.525714285714287,1.2960000000000005,63.874,0.001197,0.000871,0.002318,19.243142857142857,1
1613,784,2025-01-21 09:42:07+00:00,2025-01-21 09:42:07+00:00,97.73470588235294,0.165,41.66264705882353,111.744705882353,22.502647058823527,24.13205882352941,1.0867647058823526,64.3105882352941,0.001158,0.000774,0.001997,19.160000000000004,1
1614,787,2025-01-21 09:42:11+00:00,2025-01-21 09:42:11+00:00,77.31820512820512,0.1615384615384615,41.53615384615385,90.77666666666671,22.50820512820512,23.814615384615383,0.3507692307692306,64.6146153846154,0.001168,0.000724,0.001863,19.02794871794873,1
1615,794,2025-01-21 09:42:20+00:00,2025-01-21 09:42:20+00:00,39.48763157894736,0.1442105263157895,41.65315789473684,50.36947368421054,22.667105263157893,23.753157894736848,0.3444736842105262,65.90394736842103,0.001239,0.000675,0.001661,18.986052631578943,1
1616,805,2025-01-21 09:42:36+00:00,2025-01-21 09:42:36+00:00,21.476969696969704,0.1387878787878787,41.00848484848484,30.68484848484849,22.63,23.11393939393941,0.3448484848484847,65.85333333333331,0.00118,0.000685,0.001513,18.37848484848484,1
1617,823,2025-01-21 09:43:01+00:00,2025-01-21 09:43:01+00:00,110.52000000000002,0.2102941176470588,41.03558823529412,124.7738235294117,22.670882352941163,24.176764705882352,1.156764705882353,64.28029411764705,0.001097,0.000802,0.002084,18.36470588235296,1
1618,826,2025-01-21 09:43:05+00:00,2025-01-21 09:43:05+00:00,132.54918918918915,0.1645945945945947,40.88027027027026,145.9518918918919,22.661621621621624,24.503243243243247,1.331351351351352,63.87189189189187,0.001158,0.000904,0.002387,18.218648648648635,1
1619,843,2025-01-21 09:43:27+00:00,2025-01-21 09:43:27+00:00,215.0508823529412,0.205,41.4529411764706,234.76529411764704,22.67382352941176,25.799117647058814,2.105588235294117,62.16529411764706,0.001913,0.001228,0.004206,18.77911764705884,1
1620,846,2025-01-21 09:43:37+00:00,2025-01-21 09:43:37+00:00,216.5250000000001,0.1931250000000001,41.94343750000001,237.10343749999996,22.67687499999999,26.03656250000001,2.1540624999999998,62.211250000000014,0.001988,0.001253,0.004248,19.26656250000002,1
1621,849,2025-01-21 09:43:41+00:00,2025-01-21 09:43:41+00:00,209.7679411764705,0.2047058823529411,42.22205882352942,231.3958823529412,22.75852941176472,26.190588235294115,2.079411764705881,62.6770588235294,0.001908,0.001223,0.004092,19.463529411764707,1
1622,851,2025-01-21 09:43:44+00:00,2025-01-21 09:43:44+00:00,203.2725000000001,0.1941666666666666,41.94138888888888,223.4725,22.640277777777776,25.760277777777777,1.9916666666666665,62.41416666666669,0.001851,0.001214,0.003949,19.301111111111105,1
1623,852,2025-01-21 09:43:45+00:00,2025-01-21 09:43:45+00:00,199.6965625,0.2003124999999999,41.96937499999998,219.871875,22.649062500000003,25.705,1.9584375000000005,62.65906249999999,0.001798,0.001194,0.003827,19.32031249999997,1
1624,855,2025-01-21 09:43:49+00:00,2025-01-21 09:43:49+00:00,184.95717948717956,0.1902564102564103,41.97051282051282,204.8684615384615,22.63641025641025,25.544358974358968,1.8120512820512824,62.87692307692312,0.00172,0.001222,0.003703,19.33410256410257,1
1625,866,2025-01-21 09:44:04+00:00,2025-01-21 09:44:04+00:00,113.225294117647,0.1699999999999999,41.85617647058825,128.45705882352942,22.66441176470588,24.517941176470583,1.2135294117647055,64.10323529411762,0.001146,0.000892,0.002278,19.19176470588237,1
1626,882,2025-01-21 09:44:25+00:00,2025-01-21 09:44:25+00:00,27.631891891891897,0.1359459459459459,41.22405405405407,36.66675675675677,22.68486486486488,23.33378378378379,0.3483783783783782,65.66648648648648,0.001222,0.00068,0.001532,18.539189189189184,1
1627,885,2025-01-21 09:44:29+00:00,2025-01-21 09:44:29+00:00,21.03526315789474,0.1336842105263157,40.85447368421053,30.97710526315789,22.611315789473668,23.081578947368417,0.3444736842105261,65.47552631578945,0.001138,0.000653,0.001547,18.243157894736864,1
1628,887,2025-01-21 09:44:31+00:00,2025-01-21 09:44:31+00:00,19.460285714285725,0.1425714285714285,41.01714285714286,28.455714285714294,22.704571428571445,23.222857142857144,0.3454285714285712,65.89800000000001,0.001681,0.000651,0.003872,18.312571428571413,1
1629,891,2025-01-21 09:44:36+00:00,2025-01-21 09:44:36+00:00,20.706666666666663,0.1227272727272727,40.97484848484851,30.35969696969697,22.70484848484849,23.123939393939384,0.3484848484848483,65.8239393939394,0.001106,0.000671,0.001513,18.27000000000001,1
1630,895,2025-01-21 09:44:42+00:00,2025-01-21 09:44:42+00:00,31.81342857142856,0.1522857142857142,41.19628571428572,41.04457142857144,22.852285714285724,23.56457142857143,0.3494285714285712,65.91457142857142,0.001144,0.000696,0.001499,18.34399999999999,1
1631,899,2025-01-21 09:44:47+00:00,2025-01-21 09:44:47+00:00,45.681764705882365,0.1855882352941177,41.23617647058824,56.59558823529412,22.844999999999995,23.57117647058822,0.3464705882352939,65.70617647058823,0.001172,0.000668,0.001559,18.39117647058824,1
1632,904,2025-01-21 09:44:53+00:00,2025-01-21 09:44:53+00:00,70.51589743589743,0.1451282051282051,41.02179487179486,82.4648717948718,22.78692307692308,23.78051282051281,0.3499999999999997,64.84256410256408,0.001102,0.000697,0.001672,18.234871794871783,1
1633,919,2025-01-21 09:45:13+00:00,2025-01-21 09:45:13+00:00,169.9651351351352,0.1835135135135135,41.35,187.8878378378379,22.8462162162162,25.24675675675676,1.6518918918918908,63.28594594594595,0.001496,0.001159,0.003313,18.5037837837838,1
1634,934,2025-01-21 09:45:38+00:00,2025-01-21 09:45:38+00:00,216.30447368421065,0.2205263157894737,42.20315789473684,236.7563157894737,22.878157894736848,26.33447368421053,2.1497368421052614,62.54657894736843,0.001997,0.00124,0.004279,19.324999999999992,1
1635,938,2025-01-21 09:45:43+00:00,2025-01-21 09:45:43+00:00,205.69486486486483,0.2013513513513514,42.29189189189189,225.88567567567563,22.915675675675672,26.17054054054054,2.01972972972973,62.721351351351366,0.001867,0.001212,0.003987,19.37621621621622,1
1636,945,2025-01-21 09:45:52+00:00,2025-01-21 09:45:52+00:00,173.53027777777777,0.1869444444444445,42.10305555555559,192.3883333333333,22.834166666666675,25.56222222222221,1.7127777777777775,63.14416666666667,0.001527,0.001146,0.003267,19.26888888888891,1
1637,958,2025-01-21 09:46:09+00:00,2025-01-21 09:46:09+00:00,88.55090909090909,0.1590909090909091,42.02303030303029,102.55333333333334,22.893636363636368,24.53696969696969,1.0190909090909093,64.76242424242425,0.001148,0.000785,0.001931,19.12939393939392,1
1638,967,2025-01-21 09:46:21+00:00,2025-01-21 09:46:21+00:00,38.64138888888889,0.1449999999999999,41.39333333333335,49.80805555555555,22.831944444444453,23.67361111111112,0.341111111111111,65.30083333333333,0.001237,0.000671,0.001609,18.56138888888889,1
1639,989,2025-01-21 09:46:51+00:00,2025-01-21 09:46:51+00:00,60.7676470588235,0.1294117647058824,40.72705882352944,72.1435294117647,22.8535294117647,23.49676470588236,0.3358823529411764,64.67588235294114,0.001171,0.000695,0.001644,17.87352941176474,1
1640,997,2025-01-21 09:47:02+00:00,2025-01-21 09:47:02+00:00,114.31525000000003,0.1775,40.94425,128.94824999999992,22.892249999999983,24.37075,1.1862499999999998,63.93850000000001,0.001113,0.000838,0.002144,18.052000000000017,1
1641,1008,2025-01-21 09:47:16+00:00,2025-01-21 09:47:16+00:00,181.2594285714286,0.2000000000000001,41.08657142857143,201.2028571428572,22.92971428571428,25.21085714285714,1.7585714285714298,62.46485714285716,0.001669,0.001209,0.003519,18.156857142857145,1
1642,1016,2025-01-21 09:47:27+00:00,2025-01-21 09:47:27+00:00,214.62894736842108,0.1842105263157894,41.49921052631577,234.2739473684211,22.92815789473685,25.97026315789474,2.1055263157894726,61.94289473684213,0.001995,0.001266,0.0042,18.57105263157892,1
1643,1022,2025-01-21 09:47:46+00:00,2025-01-21 09:47:46+00:00,196.7894736842105,0.168421052631579,42.41157894736843,216.83526315789476,23.038157894736838,26.105526315789483,1.9310526315789476,62.60263157894738,0.001829,0.001249,0.003824,19.3734210526316,1
1644,1037,2025-01-21 09:48:06+00:00,2025-01-21 09:48:06+00:00,104.80599999999994,0.142,42.31371428571428,118.95885714285716,23.045714285714272,24.97085714285715,1.143428571428571,64.35714285714286,0.001132,0.000867,0.002191,19.26800000000001,1
1645,1043,2025-01-21 09:48:14+00:00,2025-01-21 09:48:14+00:00,64.89736842105266,0.1742105263157894,41.83789473684213,78.09710526315787,23.015,24.251052631578958,0.3307894736842106,65.03078947368418,0.001176,0.000732,0.001817,18.822894736842127,1
1646,1066,2025-01-21 09:48:44+00:00,2025-01-21 09:48:44+00:00,35.65212121212123,0.1621212121212121,41.0090909090909,46.081515151515134,23.044848484848483,23.52181818181818,0.3303030303030303,65.39030303030303,0.001218,0.000672,0.001561,17.964242424242418,1
1647,1087,2025-01-21 09:49:13+00:00,2025-01-21 09:49:13+00:00,168.4392105263158,0.1705263157894737,41.07578947368422,184.88184210526325,23.06684210526316,25.259473684210537,1.6315789473684208,62.82552631578951,0.001528,0.001182,0.003288,18.008947368421058,1
1648,1094,2025-01-21 09:49:22+00:00,2025-01-21 09:49:22+00:00,202.8163888888889,0.2041666666666667,41.74388888888889,221.0377777777778,23.179166666666674,26.182777777777773,1.9486111111111104,62.543333333333344,0.001869,0.001251,0.003953,18.564722222222212,1
1649,1104,2025-01-21 09:49:47+00:00,2025-01-21 09:49:47+00:00,194.11891891891884,0.2083783783783784,42.737027027027054,214.08378378378387,23.272972972972973,26.549459459459456,1.9008108108108104,63.02135135135136,0.001825,0.001272,0.003875,19.46405405405408,1
1650,1112,2025-01-21 09:49:58+00:00,2025-01-21 09:49:58+00:00,145.60909090909092,0.1881818181818182,42.4990909090909,163.2175757575758,23.219393939393942,25.72242424242424,1.4890909090909086,63.639393939393926,0.001344,0.001148,0.002901,19.27969696969696,1
1651,1116,2025-01-21 09:50:03+00:00,2025-01-21 09:50:03+00:00,121.22435897435898,0.1753846153846154,42.46179487179488,136.1815384615385,23.2448717948718,25.356410256410246,1.2715384615384613,64.14205128205124,0.001204,0.000928,0.002393,19.21692307692308,1
1652,1124,2025-01-21 09:50:13+00:00,2025-01-21 09:50:13+00:00,71.30242424242424,0.123030303030303,42.17727272727271,81.8330303030303,23.250909090909097,24.65151515151516,0.3218181818181819,65.02212121212123,0.001156,0.000707,0.001818,18.92636363636361,1
1653,1135,2025-01-21 09:50:28+00:00,2025-01-21 09:50:28+00:00,23.965000000000003,0.171578947368421,41.68973684210527,32.54815789473685,23.2986842105263,23.92000000000001,0.3226315789473685,65.97236842105264,0.001154,0.00067,0.001571,18.39105263157897,1
1654,1139,2025-01-21 09:50:36+00:00,2025-01-21 09:50:36+00:00,21.112000000000005,0.1468571428571429,41.20000000000001,28.878857142857143,23.230857142857158,23.59971428571428,0.3202857142857144,65.85714285714285,0.001112,0.000689,0.001683,17.969142857142856,1
1655,1141,2025-01-21 09:50:38+00:00,2025-01-21 09:50:38+00:00,22.191764705882356,0.1426470588235295,41.45029411764708,31.19264705882353,23.31764705882352,23.84764705882353,0.3211764705882354,66.03470588235291,0.001137,0.000707,0.001554,18.13264705882356,1
1656,1162,2025-01-21 09:51:07+00:00,2025-01-21 09:51:07+00:00,138.89617647058827,0.1902941176470588,41.18264705882352,153.69264705882358,23.260294117647064,25.13470588235294,1.3867647058823531,63.59411764705883,0.001224,0.001,0.002572,17.922352941176456,1
1657,1179,2025-01-21 09:51:44+00:00,2025-01-21 09:51:44+00:00,204.255945945946,0.1878378378378378,42.65027027027028,223.9140540540541,23.442432432432422,26.690270270270265,2.0116216216216216,62.67540540540544,0.001936,0.001276,0.004082,19.20783783783785,1
1658,1188,2025-01-21 09:51:55+00:00,2025-01-21 09:51:55+00:00,162.65861111111116,0.1875,42.63277777777778,179.10500000000002,23.419999999999987,25.915555555555542,1.6077777777777789,63.22361111111112,0.001467,0.001195,0.003143,19.212777777777795,1
1659,1193,2025-01-21 09:52:02+00:00,2025-01-21 09:52:02+00:00,125.95205882352936,0.1688235294117646,42.417941176470585,142.2623529411765,23.39588235294117,25.499117647058828,1.3302941176470588,63.942058823529415,0.001204,0.000957,0.002469,19.022058823529413,1
1660,1205,2025-01-21 09:52:18+00:00,2025-01-21 09:52:18+00:00,49.57027027027026,0.1351351351351351,41.9318918918919,60.76837837837837,23.420810810810814,24.384324324324314,0.320810810810811,65.35837837837838,0.001121,0.000738,0.001677,18.511081081081088,1
1661,1214,2025-01-21 09:52:30+00:00,2025-01-21 09:52:30+00:00,21.551388888888887,0.1519444444444445,41.6922222222222,30.997777777777767,23.51555555555555,24.071944444444444,0.3200000000000001,65.98027777777777,0.001133,0.000647,0.001674,18.176666666666648,1
1662,1217,2025-01-21 09:52:33+00:00,2025-01-21 09:52:33+00:00,19.369696969696967,0.1648484848484849,41.3669696969697,29.50272727272727,23.44545454545455,23.867878787878787,0.3221212121212122,65.88484848484849,0.00118,0.00068,0.001598,17.921515151515155,1
1663,1233,2025-01-21 09:52:56+00:00,2025-01-21 09:52:56+00:00,80.61289473684207,0.1552631578947368,41.345000000000006,93.2863157894737,23.458421052631586,24.53736842105264,0.5263157894736841,64.38789473684211,0.001164,0.000706,0.001809,17.886578947368424,1
1664,1237,2025-01-21 09:53:01+00:00,2025-01-21 09:53:01+00:00,105.82527777777771,0.1680555555555556,41.35777777777779,119.97916666666664,23.536944444444448,24.898333333333337,1.1152777777777776,64.05166666666668,0.001118,0.000793,0.002095,17.820833333333344,1
1665,1243,2025-01-21 09:53:09+00:00,2025-01-21 09:53:09+00:00,148.57314285714287,0.1694285714285714,41.394857142857134,164.1017142857143,23.51714285714284,25.510285714285725,1.4691428571428564,63.41114285714288,0.001293,0.001051,0.00275,17.877714285714294,1
1666,1252,2025-01-21 09:53:21+00:00,2025-01-21 09:53:21+00:00,198.44405405405416,0.2048648648648649,41.839459459459455,217.34810810810808,23.574864864864853,26.38756756756758,1.908108108108108,62.55297297297299,0.001819,0.001247,0.003775,18.2645945945946,1
1667,1258,2025-01-21 09:53:40+00:00,2025-01-21 09:53:40+00:00,214.4754285714285,0.2274285714285714,42.64,235.0342857142857,23.65000000000001,27.190857142857148,2.129142857142857,62.59200000000002,0.001987,0.001276,0.004145,18.989999999999995,1
1668,1269,2025-01-21 09:53:55+00:00,2025-01-21 09:53:55+00:00,162.8110256410257,0.1610256410256411,42.760000000000005,180.57512820512815,23.69871794871793,26.52025641025641,1.6215384615384612,63.58282051282051,0.001513,0.001214,0.003253,19.06128205128207,1
1669,1276,2025-01-21 09:54:04+00:00,2025-01-21 09:54:04+00:00,117.78368421052632,0.1834210526315789,42.482894736842105,132.31157894736842,23.59394736842106,25.548947368421043,1.243947368421052,64.14421052631583,0.001219,0.000934,0.002381,18.888947368421046,1
1670,1278,2025-01-21 09:54:07+00:00,2025-01-21 09:54:07+00:00,100.52621621621624,0.1694594594594594,42.53486486486488,115.97972972972978,23.657567567567558,25.37567567567567,1.107297297297298,64.33270270270266,0.001129,0.000879,0.002206,18.877297297297325,1
1671,1281,2025-01-21 09:54:10+00:00,2025-01-21 09:54:10+00:00,86.71571428571428,0.1591428571428572,42.346571428571416,100.31914285714288,23.633428571428563,25.17542857142856,0.9959999999999992,64.7205714285714,0.001129,0.000802,0.002021,18.71314285714285,1
1672,1309,2025-01-21 09:54:47+00:00,2025-01-21 09:54:47+00:00,42.44888888888888,0.1402777777777777,41.58805555555553,52.67027777777779,23.77694444444445,24.445277777777772,0.3200000000000001,65.49555555555554,0.001211,0.000685,0.001632,17.811111111111078,1
1673,1341,2025-01-21 09:55:42+00:00,2025-01-21 09:55:42+00:00,210.7911428571429,0.2031428571428571,42.77228571428573,229.60828571428567,23.91914285714285,27.127714285714283,2.0931428571428583,62.51000000000003,0.001958,0.001304,0.004102,18.85314285714288,1
1674,1378,2025-01-21 09:56:31+00:00,2025-01-21 09:56:31+00:00,20.46756756756757,0.1275675675675676,41.72135135135136,29.589459459459466,23.90918918918917,24.349459459459467,0.3162162162162164,65.79810810810812,0.00117,0.000678,0.001693,17.81216216216219,1
1675,1379,2025-01-21 09:56:32+00:00,2025-01-21 09:56:32+00:00,20.013055555555542,0.1580555555555555,41.70277777777779,29.552222222222213,23.93,24.32638888888888,0.3136111111111111,65.84027777777777,0.001167,0.000676,0.001616,17.772777777777794,1
1676,1398,2025-01-21 09:56:58+00:00,2025-01-21 09:56:58+00:00,89.23916666666666,0.1452777777777777,41.6125,102.7302777777778,24.04138888888889,25.178333333333335,0.9930555555555552,64.64666666666662,0.001199,0.000737,0.001961,17.57111111111112,1
1677,1401,2025-01-21 09:57:02+00:00,2025-01-21 09:57:02+00:00,110.5182352941177,0.1608823529411764,41.50970588235293,123.65323529411762,23.962941176470604,25.387058823529404,1.1538235294117642,64.08500000000001,0.001176,0.000829,0.002185,17.546764705882328,1
1678,1420,2025-01-21 09:57:27+00:00,2025-01-21 09:57:27+00:00,212.0251351351352,0.2005405405405406,42.09189189189191,232.12621621621625,23.990540540540543,27.03162162162163,2.1164864864864863,62.17108108108111,0.001999,0.001297,0.004125,18.10135135135137,1
1679,1445,2025-01-21 09:58:13+00:00,2025-01-21 09:58:13+00:00,73.07000000000001,0.1641666666666666,42.475555555555545,85.52361111111111,24.085277777777787,25.384166666666676,0.3197222222222222,64.90916666666665,0.0012,0.000741,0.001848,18.39027777777776,1
1680,1467,2025-01-21 09:58:42+00:00,2025-01-21 09:58:42+00:00,28.5429411764706,0.1497058823529412,41.55411764705882,37.555294117647065,24.131470588235285,24.40205882352941,0.3129411764705882,65.30588235294118,0.001279,0.000671,0.001569,17.42264705882354,1
1681,1476,2025-01-21 09:58:54+00:00,2025-01-21 09:58:54+00:00,69.66027027027023,0.1321621621621622,41.66486486486488,80.90459459459461,24.17189189189189,25.05297297297298,0.3113513513513514,64.82216216216219,0.001186,0.00073,0.001764,17.492972972972993,1
1682,1492,2025-01-21 09:59:15+00:00,2025-01-21 09:59:15+00:00,174.1533333333334,0.1784848484848484,41.89363636363635,190.9557575757576,24.210303030303027,26.631212121212123,1.713030303030302,63.1648484848485,0.001528,0.00116,0.003229,17.68333333333332,1
1683,1498,2025-01-21 09:59:22+00:00,2025-01-21 09:59:22+00:00,199.9471052631579,0.1707894736842106,42.0963157894737,218.371052631579,24.265263157894736,27.056315789473693,1.961052631578948,62.39578947368423,0.001853,0.001247,0.003759,17.831052631578963,1
1684,1509,2025-01-21 09:59:45+00:00,2025-01-21 09:59:45+00:00,202.6457894736841,0.1892105263157894,42.95105263157892,222.32710526315785,24.27947368421052,27.35736842105263,2.039473684210526,62.48947368421056,0.001885,0.001252,0.003852,18.6715789473684,1
1685,1518,2025-01-21 09:59:57+00:00,2025-01-21 09:59:57+00:00,157.07942857142856,0.1622857142857143,43.28571428571428,172.40771428571426,24.360000000000014,26.968571428571437,1.5754285714285712,63.59114285714287,0.001395,0.00112,0.002925,18.925714285714264,1
1686,1519,2025-01-21 09:59:58+00:00,2025-01-21 09:59:58+00:00,149.17499999999998,0.1855263157894736,42.89342105263159,166.50236842105258,24.280526315789466,26.604736842105265,1.5313157894736853,63.19894736842107,0.001346,0.001069,0.00278,18.61289473684212,1
1687,1520,2025-01-21 09:59:59+00:00,2025-01-21 09:59:59+00:00,145.83567567567567,0.1654054054054054,42.94297297297299,162.02297297297295,24.30135135135136,26.57783783783783,1.5032432432432434,63.51270270270271,0.001308,0.001014,0.002645,18.64162162162163,1
1688,1526,2025-01-21 10:00:07+00:00,2025-01-21 10:00:07+00:00,104.49307692307696,0.1628205128205128,42.99871794871799,117.23000000000005,24.396923076923077,26.230769230769223,1.14025641025641,64.55897435897431,0.00117,0.000833,0.002158,18.601794871794915,1
1689,1534,2025-01-21 10:00:17+00:00,2025-01-21 10:00:17+00:00,56.22705882352941,0.1476470588235293,42.74823529411768,67.75205882352941,24.402352941176463,25.570000000000004,0.315294117647059,65.40676470588234,0.001145,0.000694,0.00166,18.345882352941214,1
1690,1540,2025-01-21 10:00:25+00:00,2025-01-21 10:00:25+00:00,30.84074999999997,0.1282500000000001,42.167500000000025,39.41275,24.354250000000008,24.98550000000001,0.3180000000000001,65.62024999999997,0.001233,0.00071,0.001664,17.813250000000018,1
1691,1546,2025-01-21 10:00:33+00:00,2025-01-21 10:00:33+00:00,20.136666666666663,0.1387179487179487,42.10589743589743,27.800769230769227,24.407435897435896,24.873333333333324,0.31,65.78897435897434,0.001178,0.0007,0.001597,17.69846153846153,1
1692,1549,2025-01-21 10:00:37+00:00,2025-01-21 10:00:37+00:00,20.818717948717943,0.1664102564102563,42.125641025641016,29.943333333333328,24.47102564102564,24.97153846153845,0.31,66.20692307692308,0.001209,0.00069,0.001581,17.65461538461538,1
1693,1553,2025-01-21 10:00:42+00:00,2025-01-21 10:00:42+00:00,28.13666666666666,0.1423076923076923,42.10820512820512,36.1723076923077,24.475641025641043,25.035128205128206,0.3120512820512821,65.99820512820513,0.001254,0.000686,0.001573,17.63256410256407,1
1694,1560,2025-01-21 10:00:52+00:00,2025-01-21 10:00:52+00:00,60.2863888888889,0.1444444444444445,42.12472222222223,70.6811111111111,24.500833333333347,25.56416666666666,0.3122222222222223,65.42388888888887,0.001231,0.000693,0.001706,17.623888888888885,1
1695,1561,2025-01-21 10:00:53+00:00,2025-01-21 10:00:53+00:00,65.36638888888886,0.1766666666666667,41.98444444444445,76.0413888888889,24.456388888888885,25.377499999999998,0.3127777777777779,64.97944444444441,0.001224,0.000704,0.001694,17.528055555555564,1
1696,1578,2025-01-21 10:01:16+00:00,2025-01-21 10:01:16+00:00,177.16151515151526,0.18,41.91272727272729,195.10606060606065,24.446666666666676,26.835757575757576,1.7378787878787878,62.91303030303029,0.001594,0.001179,0.0033,17.466060606060616,1
1697,1580,2025-01-21 10:01:19+00:00,2025-01-21 10:01:19+00:00,189.29973684210523,0.1842105263157895,41.929736842105264,207.2965789473684,24.38052631578947,26.89210526315788,1.851052631578948,62.45026315789474,0.001687,0.001206,0.003462,17.549210526315793,1
1698,1581,2025-01-21 10:01:20+00:00,2025-01-21 10:01:20+00:00,192.77228571428572,0.1754285714285714,42.04457142857143,210.71314285714288,24.433142857142872,27.04257142857144,1.889142857142856,62.45885714285717,0.001733,0.001213,0.003552,17.611428571428558,1
1699,1585,2025-01-21 10:01:26+00:00,2025-01-21 10:01:26+00:00,209.47371428571435,0.2085714285714286,42.402285714285725,229.8394285714285,24.47342857142858,27.409714285714276,2.03,62.32571428571429,0.001876,0.001244,0.003826,17.928857142857144,1
1700,1587,2025-01-21 10:01:43+00:00,2025-01-21 10:01:43+00:00,209.13828571428576,0.2245714285714287,43.59428571428573,229.47171428571423,24.57057142857141,28.044000000000004,2.0508571428571423,62.77571428571429,0.001966,0.001303,0.003928,19.02371428571432,1
1701,1594,2025-01-21 10:01:52+00:00,2025-01-21 10:01:52+00:00,178.88085714285717,0.1654285714285713,43.218857142857146,197.68199999999996,24.531999999999996,27.294857142857147,1.735714285714285,63.03685714285715,0.001682,0.001269,0.00343,18.686857142857157,1
1702,1595,2025-01-21 10:01:53+00:00,2025-01-21 10:01:53+00:00,174.63515151515148,0.1800000000000001,43.63333333333334,192.15545454545452,24.677272727272737,27.5860606060606,1.6990909090909083,63.450303030303004,0.001629,0.001262,0.003334,18.956060606060603,1
1703,1615,2025-01-21 10:02:19+00:00,2025-01-21 10:02:19+00:00,49.42486486486487,0.1399999999999999,42.81162162162163,61.064324324324325,24.624864864864872,25.67351351351352,0.31,65.46324324324324,0.001199,0.000689,0.001644,18.18675675675676,1
1704,1622,2025-01-21 10:02:29+00:00,2025-01-21 10:02:29+00:00,23.53542857142857,0.1594285714285714,42.55999999999998,32.517999999999994,24.66828571428571,25.27285714285715,0.31,66.02799999999999,0.00126,0.000709,0.001607,17.891714285714272,1
1705,1624,2025-01-21 10:02:31+00:00,2025-01-21 10:02:31+00:00,20.939729729729727,0.1137837837837838,42.111081081081096,29.618918918918933,24.570270270270267,25.00135135135135,0.31,65.6689189189189,0.001261,0.000709,0.001613,17.54081081081083,1
1706,1651,2025-01-21 10:03:08+00:00,2025-01-21 10:03:08+00:00,138.6632352941177,0.1702941176470588,42.12323529411765,154.04676470588237,24.65352941176469,26.446764705882348,1.3641176470588243,63.65823529411765,0.001274,0.000956,0.002539,17.469705882352955,1
1707,1653,2025-01-21 10:03:11+00:00,2025-01-21 10:03:11+00:00,153.27942857142858,0.178,42.02828571428571,168.11971428571425,24.60142857142857,26.554285714285708,1.4780000000000002,63.08085714285716,0.001299,0.00107,0.002782,17.426857142857138,1
1708,1675,2025-01-21 10:03:56+00:00,2025-01-21 10:03:56+00:00,160.85833333333332,0.173611111111111,43.58638888888888,178.92638888888897,24.80805555555556,27.438611111111115,1.5858333333333337,63.33444444444446,0.001498,0.001216,0.003067,18.778333333333315,1
1709,1696,2025-01-21 10:04:24+00:00,2025-01-21 10:04:24+00:00,33.89393939393939,0.1739393939393941,42.659090909090914,44.54909090909092,24.81636363636364,25.527575757575743,0.3151515151515153,65.59424242424242,0.001198,0.00067,0.001579,17.842727272727274,1
1710,1704,2025-01-21 10:04:36+00:00,2025-01-21 10:04:36+00:00,19.26410256410256,0.1433333333333334,42.56974358974361,28.82076923076924,24.892307692307696,25.39794871794873,0.31,66.0623076923077,0.001161,0.000692,0.001594,17.677435897435913,1
1711,1706,2025-01-21 10:04:38+00:00,2025-01-21 10:04:38+00:00,21.34558823529412,0.1688235294117647,42.11205882352939,30.029117647058825,24.796764705882342,25.14911764705882,0.3055882352941176,65.63529411764705,0.001186,0.000696,0.001567,17.315294117647046,1
1712,1708,2025-01-21 10:04:41+00:00,2025-01-21 10:04:41+00:00,26.039999999999992,0.134054054054054,42.425945945945934,34.40945945945946,24.91378378378377,25.394324324324323,0.308918918918919,65.92270270270271,0.001189,0.000683,0.00162,17.51216216216216,1
1713,1712,2025-01-21 10:04:46+00:00,2025-01-21 10:04:46+00:00,36.92777777777778,0.1399999999999999,42.66555555555557,46.29250000000001,24.95583333333332,25.695,0.31,65.78416666666666,0.00122,0.0007,0.001551,17.709722222222243,1
1714,1737,2025-01-21 10:05:20+00:00,2025-01-21 10:05:20+00:00,192.81529411764703,0.2002941176470588,42.55617647058826,209.3702941176471,24.916176470588223,27.570294117647062,1.8458823529411763,62.67852941176472,0.001686,0.001223,0.003385,17.64000000000004,1
1715,1749,2025-01-21 10:05:48+00:00,2025-01-21 10:05:48+00:00,195.2320512820513,0.1892307692307692,43.49307692307693,213.7723076923077,24.967948717948723,27.879230769230773,1.89974358974359,62.5025641025641,0.001801,0.001274,0.003595,18.525128205128205,1
1716,1752,2025-01-21 10:05:52+00:00,2025-01-21 10:05:52+00:00,180.4775,0.1613888888888888,43.89,198.375,25.059999999999995,28.0813888888889,1.7569444444444453,63.32222222222221,0.001659,0.001251,0.003362,18.830000000000005,1
1717,1755,2025-01-21 10:05:56+00:00,2025-01-21 10:05:56+00:00,162.24972222222226,0.1930555555555556,43.63250000000001,179.3675000000001,24.95916666666669,27.53166666666668,1.5952777777777785,63.40388888888892,0.001479,0.001168,0.002981,18.67333333333332,1
1718,1784,2025-01-21 10:06:34+00:00,2025-01-21 10:06:34+00:00,19.10588235294117,0.161764705882353,42.30911764705883,27.54147058823529,24.98558823529412,25.317058823529425,0.3076470588235294,65.66264705882352,0.0012,0.000725,0.001597,17.323529411764707,1
1719,1785,2025-01-21 10:06:36+00:00,2025-01-21 10:06:36+00:00,20.053783783783796,0.1524324324324323,42.37513513513511,28.319459459459463,25.028108108108096,25.43675675675675,0.3032432432432434,65.8708108108108,0.00121,0.000714,0.001634,17.347027027027014,1
1720,1788,2025-01-21 10:06:40+00:00,2025-01-21 10:06:40+00:00,23.755555555555567,0.1316666666666666,42.24749999999997,32.19111111111111,25.01944444444443,25.40138888888887,0.3080555555555555,65.66694444444447,0.001218,0.000738,0.001612,17.228055555555542,1
1721,1789,2025-01-21 10:06:42+00:00,2025-01-21 10:06:42+00:00,27.18611111111111,0.1297222222222222,42.46166666666667,35.392222222222216,25.046111111111102,25.64305555555556,0.3091666666666667,65.9461111111111,0.00125,0.000707,0.001588,17.41555555555557,1
1722,1800,2025-01-21 10:06:56+00:00,2025-01-21 10:06:56+00:00,76.9629411764706,0.1652941176470588,42.34882352941174,87.70205882352943,25.058823529411747,26.020000000000007,0.3061764705882352,64.7711764705882,0.001194,0.000746,0.001799,17.289999999999992,1
1723,1807,2025-01-21 10:07:05+00:00,2025-01-21 10:07:05+00:00,120.97388888888882,0.1705555555555554,42.18111111111111,135.79305555555558,25.024444444444445,26.50805555555556,1.2202777777777776,63.74888888888888,0.001287,0.000887,0.002372,17.156666666666663,1
1724,1813,2025-01-21 10:07:13+00:00,2025-01-21 10:07:13+00:00,161.3869696969697,0.1672727272727272,42.96,178.23969696969704,25.199393939393943,27.82696969696969,1.568181818181818,63.66454545454545,0.001296,0.001041,0.002519,17.760606060606058,1
1725,1822,2025-01-21 10:07:25+00:00,2025-01-21 10:07:25+00:00,205.9731578947369,0.2139473684210526,42.68368421052632,225.48789473684204,25.06684210526317,27.80342105263157,2.016578947368421,62.03947368421053,0.00192,0.00129,0.003828,17.616842105263153,1
1726,1844,2025-01-21 10:08:04+00:00,2025-01-21 10:08:04+00:00,124.06324324324324,0.1783783783783784,43.98594594594594,138.73297297297302,25.29567567567567,27.54432432432431,1.2802702702702708,64.34432432432435,0.00127,0.000915,0.002312,18.690270270270272,1
1727,1861,2025-01-21 10:08:26+00:00,2025-01-21 10:08:26+00:00,29.69666666666667,0.1615384615384615,42.69128205128205,39.11564102564103,25.2097435897436,25.707692307692305,0.3082051282051282,65.35358974358974,0.001242,0.000689,0.001555,17.481538461538456,1
1728,1871,2025-01-21 10:08:39+00:00,2025-01-21 10:08:39+00:00,21.505588235294127,0.1191176470588235,42.76235294117648,28.974705882352943,25.356176470588228,25.813823529411764,0.3008823529411765,66.10441176470589,0.001244,0.000711,0.001587,17.406176470588246,1
1729,1898,2025-01-21 10:09:16+00:00,2025-01-21 10:09:16+00:00,174.73473684210532,0.1913157894736843,42.84105263157893,191.8294736842105,25.37052631578948,27.66578947368421,1.698421052631579,62.93605263157897,0.001486,0.001107,0.002876,17.470526315789456,1
1730,1908,2025-01-21 10:09:29+00:00,2025-01-21 10:09:29+00:00,214.48454545454547,0.1830303030303031,43.1381818181818,234.5390909090908,25.313636363636377,28.407272727272733,2.1412121212121216,62.2630303030303,0.001807,0.001189,0.00348,17.824545454545422,1
1731,1944,2025-01-21 10:10:16+00:00,2025-01-21 10:10:16+00:00,64.81656249999997,0.1690625,43.701250000000016,76.58812499999998,25.535937499999992,26.884374999999995,0.3025,65.3853125,0.001184,0.000745,0.001717,18.165312500000024,1
1732,1949,2025-01-21 10:10:23+00:00,2025-01-21 10:10:23+00:00,37.930937500000006,0.118125,42.99343750000001,47.54562500000001,25.41687499999999,26.076875,0.3075,65.22749999999999,0.001231,0.000733,0.001572,17.576562500000023,1
1733,1977,2025-01-21 10:11:00+00:00,2025-01-21 10:11:00+00:00,93.88176470588236,0.1761764705882353,42.67176470588235,106.7782352941177,25.50058823529412,26.735294117647065,1.0002941176470592,64.46970588235294,0.001252,0.000776,0.002014,17.171176470588236,1
1734,1986,2025-01-21 10:11:12+00:00,2025-01-21 10:11:12+00:00,155.39297297297298,0.1499999999999999,43.06054054054054,170.84837837837836,25.660540540540534,27.87864864864866,1.524324324324324,63.62594594594593,0.001398,0.001083,0.002795,17.400000000000006,1
1735,2005,2025-01-21 10:11:47+00:00,2025-01-21 10:11:47+00:00,200.94810810810804,0.1918918918918919,44.15567567567568,219.295945945946,25.647027027027026,28.85324324324325,1.9921621621621608,62.80432432432434,0.001814,0.00129,0.003444,18.50864864864866,1
1736,2015,2025-01-21 10:12:00+00:00,2025-01-21 10:12:00+00:00,145.3113513513514,0.1354054054054053,43.93594594594597,160.57108108108105,25.58432432432433,27.93216216216216,1.474864864864865,63.508918918918944,0.00135,0.00097,0.002458,18.351621621621643,1
1737,2030,2025-01-21 10:12:20+00:00,2025-01-21 10:12:20+00:00,49.11157894736844,0.1410526315789473,43.23605263157894,58.77421052631579,25.60210526315788,26.52289473684212,0.3000000000000001,65.11894736842105,0.001141,0.000733,0.00161,17.63394736842106,1
1738,2038,2025-01-21 10:12:30+00:00,2025-01-21 10:12:30+00:00,23.10405405405404,0.128108108108108,42.7654054054054,30.98891891891892,25.641081081081065,26.022702702702706,0.3000000000000001,65.50405405405405,0.001215,0.000699,0.001559,17.124324324324338,1
1739,2040,2025-01-21 10:12:33+00:00,2025-01-21 10:12:33+00:00,19.66432432432433,0.0962162162162162,43.23108108108111,27.6645945945946,25.761621621621615,26.33972972972972,0.3000000000000001,66.23945945945948,0.001231,0.000724,0.001609,17.46945945945949,1
1740,2043,2025-01-21 10:12:37+00:00,2025-01-21 10:12:37+00:00,20.45162162162162,0.1018918918918919,42.70972972972972,28.622162162162155,25.71135135135136,26.013783783783776,0.3035135135135136,65.8481081081081,0.001243,0.000755,0.0016,16.998378378378362,1
1741,2044,2025-01-21 10:12:38+00:00,2025-01-21 10:12:38+00:00,20.862368421052636,0.1571052631578947,43.07736842105263,28.911842105263148,25.76394736842105,26.41078947368421,0.3000000000000001,66.23973684210527,0.001258,0.000737,0.0016,17.313421052631575,1
1742,2047,2025-01-21 10:12:42+00:00,2025-01-21 10:12:42+00:00,25.8625,0.151111111111111,42.70916666666668,35.235555555555564,25.69805555555557,26.09861111111112,0.3000000000000001,65.74944444444445,0.001278,0.000732,0.00159,17.01111111111111,1
1743,2058,2025-01-21 10:12:56+00:00,2025-01-21 10:12:56+00:00,74.56147058823535,0.1535294117647058,42.68764705882353,84.55676470588234,25.70735294117648,26.57205882352941,0.3011764705882354,64.72147058823532,0.001273,0.000752,0.001818,16.98029411764705,1
1744,2066,2025-01-21 10:13:07+00:00,2025-01-21 10:13:07+00:00,129.47657142857148,0.1714285714285714,42.77371428571429,143.922,25.72857142857144,27.414857142857144,1.3034285714285714,63.79714285714289,0.001369,0.000954,0.002387,17.045142857142842,1
1745,2072,2025-01-21 10:13:15+00:00,2025-01-21 10:13:15+00:00,168.74871794871797,0.1928205128205128,42.88871794871794,185.29282051282044,25.72589743589743,28.01410256410257,1.6551282051282048,62.86025641025645,0.001532,0.001149,0.003003,17.16282051282051,1
1746,2088,2025-01-21 10:13:55+00:00,2025-01-21 10:13:55+00:00,170.30363636363631,0.1684848484848484,44.34060606060606,187.11878787878788,25.867575757575764,28.71515151515152,1.6863636363636365,63.30666666666668,0.001585,0.001229,0.003043,18.4730303030303,1
1747,2089,2025-01-21 10:13:57+00:00,2025-01-21 10:13:57+00:00,160.76297297297296,0.1686486486486486,44.03243243243241,177.84081081081075,25.82000000000001,28.32594594594593,1.6024324324324326,63.27162162162165,0.001526,0.001191,0.00292,18.2124324324324,1
1748,2097,2025-01-21 10:14:07+00:00,2025-01-21 10:14:07+00:00,109.6065789473684,0.1413157894736842,43.85789473684212,123.91157894736844,25.833421052631596,27.607368421052616,1.1689473684210523,64.19578947368423,0.001222,0.00088,0.002183,18.024473684210527,1
1749,2117,2025-01-21 10:14:33+00:00,2025-01-21 10:14:33+00:00,19.59057142857143,0.1177142857142857,42.982,26.95314285714285,25.87685714285714,26.339142857142843,0.3005714285714286,65.84885714285714,0.001281,0.000791,0.001664,17.10514285714286,1
1750,2119,2025-01-21 10:14:36+00:00,2025-01-21 10:14:36+00:00,19.742777777777786,0.1663888888888889,43.04916666666665,29.01722222222221,25.921388888888877,26.29638888888889,0.3000000000000001,65.8647222222222,0.00129,0.000785,0.001666,17.127777777777776,1
1751,2134,2025-01-21 10:14:56+00:00,2025-01-21 10:14:56+00:00,72.6227027027027,0.1494594594594595,43.05243243243243,84.23135135135134,26.00513513513513,27.002702702702702,0.3000000000000001,64.8589189189189,0.001267,0.000751,0.001747,17.0472972972973,1
1752,2138,2025-01-21 10:15:01+00:00,2025-01-21 10:15:01+00:00,96.4957575757576,0.1433333333333333,43.07545454545455,111.0572727272727,26.002727272727284,27.332727272727265,1.0351515151515152,64.40212121212122,0.001278,0.000826,0.002049,17.072727272727263,1
1753,2152,2025-01-21 10:15:19+00:00,2025-01-21 10:15:19+00:00,185.12972222222217,0.1922222222222222,43.11111111111112,202.0830555555555,25.96583333333335,28.51333333333333,1.809166666666667,62.705000000000005,0.001733,0.001267,0.003358,17.145277777777764,1
1754,2159,2025-01-21 10:15:28+00:00,2025-01-21 10:15:28+00:00,211.50846153846163,0.1976923076923077,43.38692307692307,230.6953846153845,25.997435897435896,28.95102564102565,2.125384615384616,62.07487179487181,0.001812,0.00119,0.003422,17.389487179487173,1
1755,2173,2025-01-21 10:15:56+00:00,2025-01-21 10:15:56+00:00,165.75162162162175,0.1924324324324324,44.58027027027026,183.93351351351347,26.16621621621621,28.97243243243244,1.6624324324324322,63.585405405405375,0.001569,0.001205,0.002993,18.414054054054056,1
1756,2191,2025-01-21 10:16:20+00:00,2025-01-21 10:16:20+00:00,49.91578947368422,0.1434210526315789,43.65236842105265,60.66842105263158,26.08210526315789,27.05684210526316,0.3000000000000001,65.42315789473685,0.001226,0.000717,0.001636,17.57026315789476,1
1757,2196,2025-01-21 10:16:26+00:00,2025-01-21 10:16:26+00:00,30.859090909090916,0.133030303030303,43.50666666666668,39.54757575757576,26.103636363636376,26.903030303030302,0.3,65.88454545454543,0.001271,0.000698,0.001535,17.4030303030303,1
1758,2199,2025-01-21 10:16:30+00:00,2025-01-21 10:16:30+00:00,23.34500000000001,0.1461111111111111,43.24333333333331,32.16027777777778,26.102222222222224,26.597222222222214,0.2988888888888888,65.88361111111114,0.001253,0.000742,0.001565,17.141111111111087,1
1759,2229,2025-01-21 10:17:11+00:00,2025-01-21 10:17:11+00:00,146.77277777777775,0.1772222222222222,43.15583333333333,163.19111111111113,26.1661111111111,28.12388888888889,1.4733333333333334,63.48861111111111,0.001376,0.001024,0.00265,16.989722222222234,1
1760,2232,2025-01-21 10:17:15+00:00,2025-01-21 10:17:15+00:00,166.84216216216217,0.1664864864864865,43.18567567567568,183.01810810810812,26.187297297297288,28.380270270270277,1.648648648648649,62.98135135135136,0.00155,0.001189,0.00305,16.998378378378394,1
1761,2246,2025-01-21 10:17:33+00:00,2025-01-21 10:17:33+00:00,217.9273529411765,0.2167647058823529,44.14058823529412,238.06411764705888,26.29999999999999,29.652647058823533,2.2505882352941184,62.322647058823534,0.001736,0.001111,0.003256,17.840588235294128,1
1762,2275,2025-01-21 10:18:23+00:00,2025-01-21 10:18:23+00:00,40.24090909090907,0.1096969696969696,43.78272727272728,48.91272727272728,26.33454545454545,27.322727272727278,0.3,65.85969696969697,0.001146,0.000722,0.001542,17.448181818181826,1
1763,2286,2025-01-21 10:18:37+00:00,2025-01-21 10:18:37+00:00,19.51081081081081,0.1637837837837838,43.11918918918921,27.992162162162163,26.323243243243255,26.662162162162165,0.2943243243243241,65.94675675675671,0.00119,0.000721,0.001512,16.79594594594595,1
1764,2290,2025-01-21 10:18:42+00:00,2025-01-21 10:18:42+00:00,24.82374999999999,0.1337499999999999,43.05781249999998,32.680312500000014,26.34562500000001,26.70687500000001,0.2971875,65.79906250000002,0.001162,0.000709,0.001543,16.712187499999974,1
1765,2293,2025-01-21 10:18:46+00:00,2025-01-21 10:18:46+00:00,34.62972972972974,0.134054054054054,42.99945945945944,42.449189189189184,26.280540540540542,26.807297297297296,0.2991891891891893,65.30027027027026,0.001207,0.000707,0.001506,16.71891891891889,1
1766,2294,2025-01-21 10:18:48+00:00,2025-01-21 10:18:48+00:00,40.24199999999999,0.1474285714285715,43.05285714285715,49.615714285714304,26.36142857142858,26.89657142857144,0.2977142857142856,65.52800000000002,0.001223,0.000702,0.001545,16.69142857142857,1
1767,2299,2025-01-21 10:18:54+00:00,2025-01-21 10:18:54+00:00,62.23249999999999,0.1652777777777778,43.56249999999999,72.77916666666664,26.48611111111111,27.569444444444446,0.3000000000000001,65.39249999999998,0.001216,0.000713,0.001708,17.076388888888875,1
1768,2313,2025-01-21 10:19:13+00:00,2025-01-21 10:19:13+00:00,158.6663636363636,0.1675757575757576,43.21727272727273,173.82515151515148,26.41,28.49121212121213,1.5684848484848484,63.31151515151512,0.00147,0.001119,0.002964,16.80727272727273,1
1769,2318,2025-01-21 10:19:19+00:00,2025-01-21 10:19:19+00:00,183.96236842105264,0.1828947368421053,43.67842105263159,200.72868421052627,26.49552631578948,29.096842105263164,1.821052631578947,63.1334210526316,0.001732,0.001293,0.003281,17.182894736842115,1
1770,2319,2025-01-21 10:19:20+00:00,2025-01-21 10:19:20+00:00,187.975,0.1828947368421052,43.63263157894738,204.78078947368425,26.47500000000002,29.1321052631579,1.8505263157894736,62.73842105263159,0.001793,0.001279,0.003363,17.157631578947363,1
1771,2330,2025-01-21 10:19:52+00:00,2025-01-21 10:19:52+00:00,184.721282051282,0.1876923076923077,44.41307692307693,202.44512820512816,26.440256410256417,29.283076923076912,1.8271794871794875,62.59435897435901,0.00188,0.001388,0.003447,17.972820512820512,1
1772,2340,2025-01-21 10:20:05+00:00,2025-01-21 10:20:05+00:00,123.38205882352943,0.1808823529411765,44.63058823529411,138.27676470588244,26.597941176470588,28.75823529411765,1.298235294117647,64.34617647058819,0.001373,0.000937,0.002292,18.032647058823525,1
1773,2358,2025-01-21 10:20:29+00:00,2025-01-21 10:20:29+00:00,25.45432432432432,0.1451351351351351,43.62918918918921,33.89729729729729,26.5416216216216,27.08756756756758,0.3000000000000001,65.81918918918922,0.001208,0.00072,0.001505,17.08756756756761,1
1774,2367,2025-01-21 10:20:40+00:00,2025-01-21 10:20:40+00:00,22.286578947368422,0.1310526315789473,43.35157894736841,29.94105263157894,26.623157894736845,27.03289473684211,0.295263157894737,66.05578947368421,0.001238,0.000724,0.001548,16.728421052631564,1
1775,2371,2025-01-21 10:20:46+00:00,2025-01-21 10:20:46+00:00,33.18742857142857,0.1645714285714286,43.52314285714287,42.629428571428576,26.65942857142857,27.245142857142845,0.2994285714285715,65.84457142857144,0.00126,0.000737,0.001504,16.86371428571429,1
1776,2380,2025-01-21 10:20:57+00:00,2025-01-21 10:20:57+00:00,76.40727272727271,0.18,43.41575757575758,87.38969696969696,26.619696969696975,27.563939393939396,0.3372727272727274,64.72999999999999,0.001255,0.000751,0.00181,16.796060606060603,1
1777,2391,2025-01-21 10:21:12+00:00,2025-01-21 10:21:12+00:00,152.14948717948712,0.1905128205128205,43.60435897435896,167.0374358974359,26.658205128205125,28.768974358974347,1.5184615384615394,63.3692307692308,0.001497,0.001148,0.002866,16.946153846153834,1
1778,2420,2025-01-21 10:22:15+00:00,2025-01-21 10:22:15+00:00,73.23756756756755,0.1527027027027027,44.12756756756757,83.977027027027,26.72432432432433,27.94513513513513,0.3075675675675677,64.94432432432433,0.001215,0.000793,0.001782,17.403243243243246,1
1779,2425,2025-01-21 10:22:21+00:00,2025-01-21 10:22:21+00:00,48.024857142857165,0.1237142857142857,44.00485714285716,58.34828571428574,26.75971428571428,27.58514285714286,0.2980000000000001,65.3742857142857,0.001205,0.000732,0.001567,17.245142857142877,1
1780,2428,2025-01-21 10:22:25+00:00,2025-01-21 10:22:25+00:00,35.62742857142859,0.1562857142857143,43.870000000000005,44.24914285714286,26.741714285714288,27.460857142857154,0.2968571428571427,65.52800000000002,0.001185,0.000804,0.001535,17.128285714285717,1
1781,2443,2025-01-21 10:22:45+00:00,2025-01-21 10:22:45+00:00,30.888378378378377,0.1545945945945946,43.36351351351352,39.40540540540542,26.74297297297297,27.121891891891902,0.2956756756756758,65.54756756756755,0.001235,0.000718,0.001506,16.62054054054055,1
1782,2460,2025-01-21 10:23:07+00:00,2025-01-21 10:23:07+00:00,125.76918918918922,0.1756756756756757,43.446486486486506,139.30540540540545,26.80270270270268,28.491891891891893,1.2902702702702695,63.906486486486486,0.001391,0.000936,0.00246,16.643783783783825,1
1783,2466,2025-01-21 10:23:15+00:00,2025-01-21 10:23:15+00:00,165.452972972973,0.2097297297297297,43.393243243243234,181.6367567567567,26.793243243243243,28.91783783783785,1.6443243243243235,62.920540540540536,0.001582,0.001185,0.00303,16.59999999999999,1
1784,2473,2025-01-21 10:23:24+00:00,2025-01-21 10:23:24+00:00,200.1726315789474,0.1939473684210526,44.04921052631581,218.5036842105264,26.873157894736845,29.725263157894734,2.0092105263157896,62.56947368421057,0.001679,0.001107,0.003038,17.17605263157896,1
1785,2474,2025-01-21 10:23:26+00:00,2025-01-21 10:23:26+00:00,205.57722222222225,0.1961111111111111,43.902777777777786,224.78250000000008,26.80083333333333,29.694999999999997,2.0825000000000005,62.29777777777781,0.001721,0.00111,0.00313,17.101944444444456,1
1786,2526,2025-01-21 10:24:43+00:00,2025-01-21 10:24:43+00:00,25.78027027027027,0.1443243243243242,43.49729729729731,34.634054054054054,26.94891891891893,27.3262162162162,0.2983783783783783,65.74297297297296,0.001232,0.000768,0.001736,16.548378378378374,1
1787,2527,2025-01-21 10:24:44+00:00,2025-01-21 10:24:44+00:00,28.58264705882354,0.153235294117647,43.94499999999998,37.04294117647057,27.062941176470584,27.727647058823525,0.296764705882353,66.0235294117647,0.001283,0.000742,0.001599,16.882058823529395,1
1788,2529,2025-01-21 10:24:47+00:00,2025-01-21 10:24:47+00:00,35.98567567567569,0.1621621621621621,43.52270270270269,44.39324324324324,26.9237837837838,27.40513513513513,0.2983783783783785,65.45567567567566,0.001288,0.000708,0.001516,16.59891891891889,1
1789,2532,2025-01-21 10:24:51+00:00,2025-01-21 10:24:51+00:00,48.61999999999998,0.1284210526315789,43.49184210526317,57.54657894736842,26.92026315789472,27.519999999999985,0.2971052631578948,64.91026315789472,0.001268,0.000717,0.001571,16.571578947368454,1
1790,2538,2025-01-21 10:24:59+00:00,2025-01-21 10:24:59+00:00,83.86421052631579,0.1507894736842105,43.80105263157894,94.7363157894737,27.0271052631579,28.45394736842106,0.8931578947368424,64.8778947368421,0.001218,0.000772,0.001844,16.77394736842104,1
1791,2543,2025-01-21 10:25:05+00:00,2025-01-21 10:25:05+00:00,114.71638888888886,0.1766666666666666,43.82638888888891,127.54166666666669,27.04,28.59694444444445,1.188333333333334,64.25999999999998,0.001258,0.000902,0.002258,16.78638888888891,1
1792,2556,2025-01-21 10:25:22+00:00,2025-01-21 10:25:22+00:00,192.07,0.1724242424242424,43.81969696969698,210.4212121212121,26.940000000000005,29.634242424242423,1.931515151515152,62.21151515151515,0.001985,0.001413,0.003707,16.879696969696973,1
1793,2566,2025-01-21 10:26:02+00:00,2025-01-21 10:26:02+00:00,141.0510810810811,0.18,44.6437837837838,155.10783783783782,27.03135135135134,29.160270270270285,1.4616216216216211,63.46405405405405,0.001427,0.001034,0.002539,17.612432432432463,1
1794,2575,2025-01-21 10:26:13+00:00,2025-01-21 10:26:13+00:00,84.32473684210527,0.1326315789473684,44.44842105263161,96.62105263157896,27.060526315789478,28.50315789473684,0.9594736842105268,64.64499999999998,0.001225,0.000842,0.001856,17.387894736842135,1
1795,2577,2025-01-21 10:26:16+00:00,2025-01-21 10:26:16+00:00,69.91371428571429,0.1314285714285714,44.66114285714287,80.6617142857143,27.18685714285713,28.534285714285712,0.2962857142857141,65.16514285714285,0.001207,0.000766,0.001749,17.474285714285738,1
1796,2581,2025-01-21 10:26:21+00:00,2025-01-21 10:26:21+00:00,49.33906250000001,0.1315624999999999,44.61281250000002,58.8253125,27.192499999999985,28.2525,0.30125,65.56437499999997,0.00119,0.000724,0.001578,17.420312500000033,1
1797,2591,2025-01-21 10:26:34+00:00,2025-01-21 10:26:34+00:00,19.900277777777777,0.1397222222222222,43.81222222222223,28.54805555555556,27.09666666666668,27.50805555555557,0.2980555555555557,65.85666666666667,0.001241,0.00075,0.001497,16.715555555555554,1
1798,2598,2025-01-21 10:26:43+00:00,2025-01-21 10:26:43+00:00,25.825897435897435,0.1474358974358974,43.52128205128206,33.91564102564103,27.102051282051296,27.331794871794862,0.2994871794871796,65.42179487179487,0.001304,0.000756,0.001506,16.41923076923076,1
1799,2599,2025-01-21 10:26:45+00:00,2025-01-21 10:26:45+00:00,30.528235294117653,0.1376470588235294,43.63941176470588,38.28176470588236,27.12529411764706,27.58058823529411,0.2955882352941174,65.63999999999999,0.001309,0.000738,0.00154,16.514117647058818,1
1800,2618,2025-01-21 10:27:10+00:00,2025-01-21 10:27:10+00:00,139.0817142857143,0.1894285714285715,43.716571428571456,153.126,27.155428571428555,28.962285714285724,1.419142857142857,63.572,0.001422,0.000988,0.002528,16.5611428571429,1
1801,2619,2025-01-21 10:27:11+00:00,2025-01-21 10:27:11+00:00,144.30363636363637,0.1599999999999999,43.86393939393938,158.95787878787874,27.200909090909096,29.191818181818192,1.4666666666666657,63.70272727272729,0.001434,0.001019,0.002623,16.663030303030286,1
1802,2624,2025-01-21 10:27:18+00:00,2025-01-21 10:27:18+00:00,176.55457142857134,0.1822857142857142,43.68571428571428,193.6122857142857,27.16542857142859,29.38771428571429,1.7640000000000002,62.63257142857145,0.001711,0.001272,0.003234,16.520285714285695,1
1803,2627,2025-01-21 10:27:21+00:00,2025-01-21 10:27:21+00:00,189.56416666666664,0.2019444444444444,44.142500000000005,206.4822222222223,27.200555555555557,30.02861111111111,1.8905555555555549,62.80472222222224,0.001826,0.001308,0.003388,16.941944444444452,1
1804,2650,2025-01-21 10:28:15+00:00,2025-01-21 10:28:15+00:00,74.73852941176472,0.1135294117647058,44.54617647058825,86.0244117647059,27.23441176470588,28.55088235294119,0.3867647058823532,64.83029411764706,0.00121,0.00077,0.001794,17.311764705882368,1
1805,2673,2025-01-21 10:28:45+00:00,2025-01-21 10:28:45+00:00,30.178947368421063,0.1413157894736842,43.551315789473705,37.87210526315789,27.24026315789472,27.56868421052632,0.2926315789473682,65.36473684210524,0.001301,0.000733,0.001492,16.311052631578985,1
1806,2680,2025-01-21 10:28:55+00:00,2025-01-21 10:28:55+00:00,64.05942857142857,0.1702857142857143,43.4857142857143,74.08657142857147,27.248857142857133,27.885999999999992,0.2994285714285715,64.66428571428568,0.001259,0.000729,0.001621,16.23685714285717,1
1807,2681,2025-01-21 10:28:56+00:00,2025-01-21 10:28:56+00:00,68.66441176470589,0.1544117647058824,43.64294117647058,78.9114705882353,27.30088235294116,28.11764705882354,0.2964705882352939,64.86735294117648,0.001249,0.00074,0.001663,16.342058823529417,1
1808,2682,2025-01-21 10:28:57+00:00,2025-01-21 10:28:57+00:00,71.26542857142854,0.1311428571428571,43.74999999999999,81.78942857142856,27.304285714285708,28.21857142857143,0.2968571428571429,64.85485714285714,0.001247,0.000742,0.001754,16.445714285714278,1
1809,2683,2025-01-21 10:28:58+00:00,2025-01-21 10:28:58+00:00,76.62029411764709,0.1526470588235294,44.057941176470585,87.58735294117648,27.365294117647053,28.609411764705875,0.33,65.02499999999999,0.001237,0.00077,0.00181,16.692647058823532,1
1810,2692,2025-01-21 10:29:10+00:00,2025-01-21 10:29:10+00:00,138.261052631579,0.1505263157894737,43.850526315789466,151.13736842105263,27.32842105263156,29.071052631578944,1.4134210526315791,63.3628947368421,0.001442,0.000983,0.002544,16.522105263157904,1
1811,2693,2025-01-21 10:29:12+00:00,2025-01-21 10:29:12+00:00,150.33470588235292,0.1561764705882353,43.86000000000001,162.97176470588226,27.325882352941196,29.275294117647054,1.5041176470588236,63.46117647058823,0.001476,0.001035,0.002656,16.534117647058814,1
1812,2698,2025-01-21 10:29:18+00:00,2025-01-21 10:29:18+00:00,177.31947368421052,0.1489473684210527,44.12684210526314,192.2352631578948,27.409210526315796,29.93447368421053,1.7715789473684216,63.20394736842106,0.001697,0.001253,0.003172,16.717631578947344,1
1813,2710,2025-01-21 10:30:00+00:00,2025-01-21 10:30:00+00:00,154.248,0.1834285714285714,45.26171428571431,169.1974285714286,27.428285714285703,29.96571428571428,1.5639999999999996,63.52542857142856,0.001515,0.001148,0.002726,17.83342857142861,1
1814,2723,2025-01-21 10:30:17+00:00,2025-01-21 10:30:17+00:00,67.00487179487178,0.1723076923076923,44.604358974358966,78.06717948717947,27.4151282051282,28.61076923076924,0.2941025641025642,64.93717948717946,0.001231,0.000743,0.001708,17.189230769230765,1
1815,2727,2025-01-21 10:30:22+00:00,2025-01-21 10:30:22+00:00,46.90628571428572,0.1425714285714286,44.3742857142857,57.01514285714284,27.41342857142856,28.270571428571436,0.2948571428571426,65.34285714285714,0.001206,0.000739,0.00153,16.960857142857137,1
1816,2735,2025-01-21 10:30:33+00:00,2025-01-21 10:30:33+00:00,20.64263157894737,0.1126315789473684,44.03263157894735,28.820789473684204,27.430263157894736,27.868157894736843,0.291578947368421,65.85078947368422,0.001201,0.000699,0.001542,16.602368421052617,1
1817,2760,2025-01-21 10:31:06+00:00,2025-01-21 10:31:06+00:00,116.55243243243244,0.1864864864864865,44.1578378378378,129.79513513513513,27.541081081081064,29.087027027027037,1.2213513513513514,64.00810810810813,0.001261,0.000868,0.002225,16.61675675675674,1
1818,2761,2025-01-21 10:31:07+00:00,2025-01-21 10:31:07+00:00,122.802,0.1382857142857143,43.59485714285714,134.3002857142857,27.43457142857144,28.721142857142866,1.2760000000000002,63.544285714285735,0.001351,0.00091,0.002298,16.160285714285703,1
1819,2767,2025-01-21 10:31:15+00:00,2025-01-21 10:31:15+00:00,162.35388888888883,0.1849999999999999,44.2677777777778,177.56500000000003,27.582500000000003,30.01305555555556,1.636944444444444,63.50916666666669,0.001589,0.001212,0.002956,16.6852777777778,1
1820,2815,2025-01-21 10:32:44+00:00,2025-01-21 10:32:44+00:00,27.22166666666667,0.1438888888888889,43.82055555555556,35.01861111111111,27.56805555555557,27.93277777777778,0.2944444444444442,65.52166666666662,0.001231,0.000746,0.001467,16.252499999999984,1
1821,2818,2025-01-21 10:32:48+00:00,2025-01-21 10:32:48+00:00,36.51749999999999,0.1319444444444445,43.94611111111112,44.820000000000014,27.59472222222221,27.97083333333333,0.2944444444444442,65.32194444444443,0.001235,0.000759,0.001499,16.351388888888906,1
1822,2822,2025-01-21 10:32:53+00:00,2025-01-21 10:32:53+00:00,53.88205882352943,0.1617647058823529,43.92205882352941,63.72529411764707,27.62088235294117,28.20470588235293,0.3000000000000001,64.9470588235294,0.001203,0.000737,0.001575,16.301176470588242,1
1823,2828,2025-01-21 10:33:01+00:00,2025-01-21 10:33:01+00:00,90.45875000000004,0.14375,43.9565625,100.67343749999998,27.609687500000007,28.7303125,0.9940625000000002,64.53500000000001,0.001246,0.000777,0.001885,16.346874999999997,1
1824,2832,2025-01-21 10:33:06+00:00,2025-01-21 10:33:06+00:00,115.31,0.1731428571428571,43.946571428571424,129.2211428571429,27.617714285714285,29.103142857142853,1.2177142857142855,64.05799999999999,0.001294,0.000866,0.002251,16.32885714285714,1
1825,2852,2025-01-21 10:33:51+00:00,2025-01-21 10:33:51+00:00,192.6357575757576,0.2375757575757577,45.334848484848486,211.79636363636365,27.69696969696971,30.66515151515152,1.9754545454545456,62.593939393939394,0.001912,0.001377,0.003407,17.637878787878776,1
1826,2858,2025-01-21 10:34:21+00:00,2025-01-21 10:34:21+00:00,51.48999999999999,0.1368571428571428,44.722000000000016,61.03685714285715,27.734000000000005,28.65514285714286,0.2974285714285715,65.27942857142858,0.0013011666666666,0.0008907222222222,0.0020742777777777,16.98800000000001,1
1827,2865,2025-01-21 10:34:30+00:00,2025-01-21 10:34:30+00:00,26.33257142857145,0.1277142857142857,44.32428571428571,33.75771428571428,27.706571428571447,28.146285714285717,0.2902857142857141,65.39114285714284,0.001196,0.000712,0.001462,16.61771428571426,1
1828,2868,2025-01-21 10:34:34+00:00,2025-01-21 10:34:34+00:00,21.10151515151515,0.1327272727272726,44.371818181818185,28.94878787878788,27.82212121212121,28.263939393939403,0.2915151515151514,66.02848484848487,0.001201,0.000727,0.001516,16.549696969696974,1
1829,2872,2025-01-21 10:34:39+00:00,2025-01-21 10:34:39+00:00,20.38575757575757,0.1333333333333333,44.23757575757577,28.736666666666665,27.83,28.21090909090909,0.2963636363636361,66.0221212121212,0.00121,0.000757,0.001655,16.407575757575767,1
1830,2886,2025-01-21 10:34:58+00:00,2025-01-21 10:34:58+00:00,74.75648648648645,0.1221621621621621,44.16432432432435,83.16270270270272,27.806216216216203,28.73594594594594,0.331891891891892,64.87189189189189,0.001164,0.00076,0.001733,16.358108108108144,1
1831,2898,2025-01-21 10:35:13+00:00,2025-01-21 10:35:13+00:00,150.87314285714282,0.1748571428571429,44.19114285714284,165.88799999999995,27.80428571428569,29.77628571428572,1.5499999999999992,63.38600000000002,0.0015,0.001126,0.002755,16.386857142857142,1
1832,2945,2025-01-21 10:36:41+00:00,2025-01-21 10:36:41+00:00,21.98848484848485,0.1427272727272727,44.3469696969697,29.851515151515144,27.951515151515174,28.41060606060607,0.2918181818181817,65.88151515151516,0.001168,0.000718,0.00154,16.395454545454523,1
1833,2950,2025-01-21 10:36:48+00:00,2025-01-21 10:36:48+00:00,35.80179487179486,0.1123076923076923,44.07615384615384,43.46794871794873,27.88282051282052,28.3128205128205,0.2923076923076923,65.45871794871796,0.001209,0.000724,0.001477,16.19333333333332,1
1834,2970,2025-01-21 10:37:14+00:00,2025-01-21 10:37:14+00:00,154.57108108108105,0.1654054054054054,44.28702702702704,168.96756756756753,27.93513513513513,29.94108108108108,1.5797297297297304,63.29864864864868,0.001505,0.001115,0.002777,16.351891891891903,1
1835,2982,2025-01-21 10:37:57+00:00,2025-01-21 10:37:57+00:00,169.38823529411772,0.1652941176470587,45.76470588235296,185.56294117647064,28.07382352941177,30.8164705882353,1.7429411764705869,63.25205882352939,0.00178,0.001345,0.003148,17.69088235294119,1
1836,2989,2025-01-21 10:38:06+00:00,2025-01-21 10:38:06+00:00,124.67588235294116,0.1676470588235294,45.68117647058824,139.68323529411762,28.070588235294128,30.37676470588235,1.3520588235294122,64.15500000000002,0.001382,0.000988,0.002328,17.610588235294106,1
1837,3000,2025-01-21 10:38:21+00:00,2025-01-21 10:38:21+00:00,53.15837837837837,0.15,44.95513513513512,63.29594594594594,28.040540540540533,29.077027027027043,0.2899999999999997,65.35702702702702,0.00119,0.000712,0.001558,16.91459459459459,1
1838,3004,2025-01-21 10:38:26+00:00,2025-01-21 10:38:26+00:00,36.54444444444445,0.1413888888888889,44.77166666666667,45.18666666666666,28.04361111111109,28.745555555555555,0.2980555555555555,65.63027777777776,0.001139,0.000728,0.001537,16.728055555555574,1
1839,3008,2025-01-21 10:38:31+00:00,2025-01-21 10:38:31+00:00,23.834444444444436,0.1277777777777778,44.48694444444445,32.23611111111111,28.02944444444443,28.47916666666667,0.2908333333333331,65.92527777777777,0.001205,0.000722,0.001441,16.457500000000017,1
1840,3011,2025-01-21 10:38:35+00:00,2025-01-21 10:38:35+00:00,20.602972972972974,0.1886486486486487,44.3437837837838,28.67702702702703,28.031351351351336,28.377567567567567,0.2954054054054055,65.9254054054054,0.001219,0.000746,0.001468,16.312432432432463,1
1841,3021,2025-01-21 10:38:48+00:00,2025-01-21 10:38:48+00:00,35.61351351351351,0.125945945945946,44.4335135135135,42.521621621621605,28.116216216216237,28.71324324324325,0.2908108108108106,65.64,0.001226,0.000764,0.001502,16.31729729729727,1
1842,3029,2025-01-21 10:38:59+00:00,2025-01-21 10:38:59+00:00,79.15205128205129,0.1397435897435897,44.21794871794874,88.64999999999999,28.05025641025641,29.03384615384616,0.5392307692307696,64.47589743589741,0.001235,0.000776,0.001731,16.16769230769233,1
1843,3035,2025-01-21 10:39:07+00:00,2025-01-21 10:39:07+00:00,119.74131578947365,0.143157894736842,44.51842105263155,131.03263157894736,28.138947368421054,29.79947368421052,1.257368421052632,64.19657894736842,0.00128,0.00092,0.002198,16.3794736842105,1
1844,3045,2025-01-21 10:39:20+00:00,2025-01-21 10:39:20+00:00,181.50828571428565,0.1617142857142857,44.48228571428571,196.0957142857144,28.033142857142835,30.49857142857143,1.8414285714285716,62.622000000000014,0.001785,0.001309,0.003204,16.449142857142874,1
1845,3065,2025-01-21 10:40:14+00:00,2025-01-21 10:40:14+00:00,83.7734285714286,0.1471428571428571,45.52857142857142,96.414,28.238571428571436,29.758571428571425,0.9751428571428572,64.95171428571427,0.001189,0.000835,0.00195,17.289999999999985,1
1846,3071,2025-01-21 10:40:21+00:00,2025-01-21 10:40:21+00:00,53.26105263157896,0.1136842105263157,44.975,63.00026315789476,28.136052631578945,29.11789473684211,0.2976315789473684,65.14500000000001,0.001133,0.000728,0.001536,16.83894736842105,1
1847,3082,2025-01-21 10:40:36+00:00,2025-01-21 10:40:36+00:00,19.66735294117647,0.1102941176470588,44.36323529411764,27.281470588235305,28.14588235294117,28.48470588235293,0.2899999999999998,65.68529411764703,0.001209,0.000744,0.001496,16.217352941176465,1
1848,3094,2025-01-21 10:40:52+00:00,2025-01-21 10:40:52+00:00,47.63594594594596,0.1327027027027027,44.288378378378376,56.37783783783782,28.16459459459458,28.713783783783786,0.2899999999999997,65.31216216216214,0.001269,0.000737,0.001474,16.123783783783797,1
1849,3132,2025-01-21 10:42:09+00:00,2025-01-21 10:42:09+00:00,110.95472222222216,0.1583333333333334,45.52000000000001,124.17888888888892,28.2897222222222,30.10055555555556,1.2194444444444443,64.27083333333334,0.001288,0.000866,0.002076,17.230277777777815,1
1850,3136,2025-01-21 10:42:14+00:00,2025-01-21 10:42:14+00:00,85.31147058823534,0.1570588235294117,45.40823529411765,97.25000000000004,28.27676470588234,29.73441176470588,0.9899999999999995,64.715,0.00121,0.000798,0.001843,17.131470588235313,1
1851,3138,2025-01-21 10:42:17+00:00,2025-01-21 10:42:17+00:00,71.05805555555557,0.1469444444444444,45.25361111111108,83.21000000000005,28.243888888888897,29.42888888888889,0.292222222222222,64.67611111111108,0.001189,0.00077,0.001747,17.00972222222218,1
1852,3140,2025-01-21 10:42:19+00:00,2025-01-21 10:42:19+00:00,61.63333333333334,0.1672727272727273,45.19848484848486,74.19727272727273,28.28666666666665,29.41757575757576,0.2899999999999998,65.16060606060606,0.001176,0.000729,0.001604,16.91181818181821,1
1853,3142,2025-01-21 10:42:22+00:00,2025-01-21 10:42:22+00:00,50.51944444444446,0.1436111111111111,45.07138888888889,59.37027777777777,28.22138888888889,29.159166666666668,0.2899999999999998,65.05999999999999,0.001133,0.000732,0.001509,16.85,1
1854,3149,2025-01-21 10:42:31+00:00,2025-01-21 10:42:31+00:00,24.71257142857144,0.1571428571428571,45.00857142857145,32.99457142857142,28.39914285714287,28.96457142857143,0.2899999999999998,66.08771428571427,0.001207,0.000738,0.00143,16.60942857142858,1
1855,3157,2025-01-21 10:42:42+00:00,2025-01-21 10:42:42+00:00,22.845294117647057,0.1705882352941176,44.48235294117645,30.192352941176463,28.334411764705887,28.54470588235293,0.2899999999999998,65.64823529411765,0.001221,0.000728,0.001465,16.147941176470564,1
1856,3162,2025-01-21 10:42:48+00:00,2025-01-21 10:42:48+00:00,34.85605263157894,0.1423684210526316,44.267368421052616,43.06157894736841,28.23499999999999,28.66210526315789,0.2899999999999997,65.32105263157894,0.001256,0.000729,0.00146,16.032368421052627,1
1857,3170,2025-01-21 10:42:59+00:00,2025-01-21 10:42:59+00:00,77.50081081081082,0.1213513513513514,44.43432432432434,85.90783783783783,28.329729729729745,29.270540540540534,0.3632432432432432,64.70162162162161,0.001216,0.000775,0.001727,16.1045945945946,1
1858,3176,2025-01-21 10:43:07+00:00,2025-01-21 10:43:07+00:00,116.49029411764708,0.1358823529411764,44.737058823529416,128.18205882352936,28.405294117647056,29.934705882352937,1.2399999999999998,64.01882352941178,0.001279,0.000854,0.002137,16.33176470588236,1
1859,3202,2025-01-21 10:43:42+00:00,2025-01-21 10:43:42+00:00,215.9466666666667,0.1747222222222223,45.83749999999998,235.4436111111112,28.48111111111112,31.75416666666667,2.3427777777777785,62.29222222222222,0.001918,0.001215,0.003277,17.356388888888855,1
1860,3207,2025-01-21 10:43:49+00:00,2025-01-21 10:43:49+00:00,202.01625000000007,0.1881250000000001,45.722187500000025,220.8662500000001,28.361250000000005,31.38156249999999,2.1281250000000003,62.201875,0.001777,0.001158,0.002996,17.36093750000002,1
1861,3209,2025-01-21 10:43:51+00:00,2025-01-21 10:43:51+00:00,195.1691891891892,0.1643243243243243,45.811621621621605,213.50810810810808,28.38378378378378,31.382432432432434,2.0391891891891896,62.61729729729731,0.001718,0.001118,0.002868,17.427837837837824,1
1862,3218,2025-01-21 10:44:03+00:00,2025-01-21 10:44:03+00:00,143.6694736842106,0.1686842105263158,46.071842105263165,160.31815789473683,28.443421052631574,30.875263157894725,1.5510526315789483,63.67105263157893,0.001493,0.00104,0.002523,17.628421052631587,1
1863,3230,2025-01-21 10:44:19+00:00,2025-01-21 10:44:19+00:00,63.608857142857126,0.1614285714285714,45.15885714285715,74.30342857142853,28.34085714285714,29.145714285714288,0.2899999999999998,64.74314285714286,0.001273,0.000778,0.001684,16.818000000000012,1
1864,3234,2025-01-21 10:44:24+00:00,2025-01-21 10:44:24+00:00,43.7534375,0.1596874999999999,45.008437500000014,52.98249999999999,28.397187499999998,29.112187500000008,0.2899999999999998,65.15156250000001,0.001211,0.000736,0.001514,16.61125000000002,1
1865,3248,2025-01-21 10:44:42+00:00,2025-01-21 10:44:42+00:00,22.107179487179483,0.1179487179487179,44.59307692307693,28.576410256410263,28.47102564102564,28.93923076923078,0.2928205128205125,66.05333333333336,0.001229,0.000724,0.001543,16.12205128205129,1
1866,3249,2025-01-21 10:44:44+00:00,2025-01-21 10:44:44+00:00,24.62176470588236,0.1188235294117647,44.572647058823534,31.68588235294118,28.46970588235294,28.784411764705883,0.2899999999999998,65.60029411764705,0.001225,0.000729,0.001504,16.102941176470594,1
1867,3263,2025-01-21 10:45:02+00:00,2025-01-21 10:45:02+00:00,90.40324324324324,0.1408108108108108,44.5643243243243,101.60702702702706,28.480270270270275,29.577837837837848,1.018648648648649,64.51162162162157,0.001298,0.000748,0.00178,16.08405405405403,1
1868,3275,2025-01-21 10:45:18+00:00,2025-01-21 10:45:18+00:00,170.85727272727274,0.1884848484848486,45.05696969696971,186.53818181818176,28.61363636363636,31.02242424242423,1.7481818181818185,63.37303030303031,0.001563,0.001066,0.002737,16.443333333333353,1
1869,3278,2025-01-21 10:45:22+00:00,2025-01-21 10:45:22+00:00,187.85777777777773,0.1683333333333333,44.84833333333332,203.38611111111103,28.531666666666656,31.012777777777774,1.923611111111112,62.67972222222222,0.001647,0.001197,0.002952,16.316666666666666,1
1870,3291,2025-01-21 10:45:39+00:00,2025-01-21 10:45:39+00:00,219.81294117647064,0.1779411764705882,45.78823529411765,237.45852941176472,28.62176470588236,31.85323529411765,2.3723529411764708,62.20676470588234,0.00187,0.001216,0.00324,17.166470588235292,1
1871,3295,2025-01-21 10:45:44+00:00,2025-01-21 10:45:44+00:00,214.30500000000004,0.1873684210526316,46.01263157894738,232.09184210526328,28.642105263157895,31.87289473684212,2.295526315789475,62.32368421052633,0.001808,0.001194,0.003105,17.37052631578948,1
1872,3320,2025-01-21 10:46:17+00:00,2025-01-21 10:46:17+00:00,72.99562500000002,0.1387499999999999,45.53499999999999,84.33562500000004,28.575625000000016,29.8853125,0.4296875000000001,64.95312499999997,0.001308,0.000759,0.001756,16.959374999999973,1
1873,3334,2025-01-21 10:46:35+00:00,2025-01-21 10:46:35+00:00,20.567714285714285,0.1531428571428571,45.00514285714284,27.584857142857143,28.65971428571428,29.1622857142857,0.2899999999999998,65.97514285714283,0.001206,0.000752,0.001496,16.345428571428563,1
1874,3340,2025-01-21 10:46:43+00:00,2025-01-21 10:46:43+00:00,23.55108108108108,0.1651351351351351,44.61756756756759,31.8681081081081,28.600540540540543,28.92702702702703,0.2899999999999997,65.86864864864866,0.001254,0.000742,0.001523,16.017027027027048,1
1875,3348,2025-01-21 10:46:53+00:00,2025-01-21 10:46:53+00:00,48.90176470588236,0.1488235294117647,44.52382352941177,58.76029411764704,28.603235294117663,29.168823529411757,0.2952941176470589,65.27882352941174,0.001208,0.000712,0.001499,15.920588235294108,1
1876,3351,2025-01-21 10:46:57+00:00,2025-01-21 10:46:57+00:00,65.90382352941175,0.1158823529411764,44.57117647058824,74.3185294117647,28.619999999999997,29.39911764705882,0.2899999999999998,64.81588235294116,0.001199,0.000738,0.001629,15.951176470588248,1
1877,3361,2025-01-21 10:47:10+00:00,2025-01-21 10:47:10+00:00,131.5582857142858,0.15,45.135714285714286,143.81857142857143,28.723714285714305,30.522571428571435,1.385714285714285,64.16057142857146,0.001455,0.000937,0.002341,16.41199999999998,1
1878,3370,2025-01-21 10:47:22+00:00,2025-01-21 10:47:22+00:00,186.41371428571432,0.2114285714285714,44.75171428571429,203.1411428571428,28.592857142857145,30.96057142857143,1.912571428571428,62.2777142857143,0.001792,0.001263,0.003208,16.158857142857148,1
1879,3371,2025-01-21 10:47:23+00:00,2025-01-21 10:47:23+00:00,190.55916666666675,0.2041666666666667,44.958611111111104,207.12499999999997,28.64138888888888,31.15194444444444,1.961666666666666,62.53111111111112,0.001823,0.001288,0.003247,16.317222222222224,1
1880,3376,2025-01-21 10:47:30+00:00,2025-01-21 10:47:30+00:00,209.51314285714284,0.2014285714285714,45.61114285714286,228.4448571428571,28.745714285714293,31.851142857142857,2.2302857142857144,62.44942857142858,0.00151,0.001003,0.002451,16.865428571428566,1
1881,3381,2025-01-21 10:47:37+00:00,2025-01-21 10:47:37+00:00,219.1719444444445,0.1725,45.29861111111112,238.26499999999996,28.596111111111117,31.56027777777778,2.379444444444444,61.743333333333325,0.001106,0.00099,0.002011,16.7025,1
1882,3385,2025-01-21 10:47:42+00:00,2025-01-21 10:47:42+00:00,216.74264705882348,0.21,45.61794117647058,236.08088235294125,28.66323529411765,31.6485294117647,2.348235294117648,61.73941176470589,0.001141,0.00098,0.001989,16.95470588235293,1
1883,3388,2025-01-21 10:47:46+00:00,2025-01-21 10:47:46+00:00,210.519705882353,0.181764705882353,46.19323529411766,228.05852941176465,28.757352941176475,31.997941176470583,2.2449999999999988,62.32764705882354,0.001157,0.000964,0.001937,17.43588235294119,1
1884,3394,2025-01-21 10:47:54+00:00,2025-01-21 10:47:54+00:00,184.77444444444453,0.1944444444444445,46.066666666666656,204.20444444444448,28.711388888888905,31.5313888888889,1.9238888888888883,62.7775,0.001195,0.000927,0.001782,17.35527777777775,1
1885,3402,2025-01-21 10:48:04+00:00,2025-01-21 10:48:04+00:00,140.03277777777774,0.1577777777777778,46.0638888888889,154.39749999999995,28.72444444444446,30.93472222222223,1.4927777777777775,63.758333333333326,0.00104,0.000772,0.00146,17.339444444444435,1
1886,3409,2025-01-21 10:48:13+00:00,2025-01-21 10:48:13+00:00,93.32025641025638,0.1771794871794871,45.57897435897437,105.83897435897435,28.67333333333335,30.19307692307692,1.0687179487179483,64.3658974358974,0.000871,0.000739,0.00122,16.90564102564102,1
1887,3432,2025-01-21 10:48:43+00:00,2025-01-21 10:48:43+00:00,22.44171428571428,0.1488571428571428,44.65885714285716,31.128571428571437,28.71657142857144,28.951142857142862,0.2899999999999998,65.52885714285715,0.000806,0.000643,0.000882,15.94228571428572,1
1888,3434,2025-01-21 10:48:46+00:00,2025-01-21 10:48:46+00:00,27.91638888888889,0.1522222222222222,45.026111111111135,35.925833333333344,28.81861111111112,29.290000000000003,0.2899999999999998,66.02416666666666,0.000831,0.000646,0.000866,16.207500000000017,1
1889,3436,2025-01-21 10:48:49+00:00,2025-01-21 10:48:49+00:00,35.819722222222225,0.1011111111111111,44.68138888888888,42.42388888888888,28.731111111111115,29.100833333333316,0.2899999999999998,65.47972222222222,0.000837,0.000649,0.000942,15.950277777777767,1
1890,3438,2025-01-21 10:48:51+00:00,2025-01-21 10:48:51+00:00,41.97599999999999,0.1451428571428571,45.05799999999997,49.67885714285715,28.86714285714287,29.428285714285717,0.2899999999999998,65.67114285714287,0.000863,0.000686,0.000979,16.1908571428571,1
1891,3453,2025-01-21 10:49:11+00:00,2025-01-21 10:49:11+00:00,134.50852941176473,0.1444117647058823,44.81147058823529,148.28558823529414,28.81029411764706,30.62676470588235,1.4285294117647065,63.73764705882354,0.000918,0.001086,0.001408,16.001176470588227,1
1892,3455,2025-01-21 10:49:14+00:00,2025-01-21 10:49:14+00:00,151.07210526315785,0.1644736842105263,44.828421052631576,164.81210526315795,28.760526315789463,30.68736842105262,1.5676315789473687,63.20500000000002,0.000959,0.000861,0.001476,16.067894736842113,1
1893,3464,2025-01-21 10:49:25+00:00,2025-01-21 10:49:25+00:00,196.6930303030302,0.1703030303030302,45.20393939393939,213.87696969696975,28.79969696969696,31.50181818181818,2.06030303030303,62.42515151515152,0.001125,0.000937,0.002006,16.404242424242437,1
1894,3475,2025-01-21 10:49:40+00:00,2025-01-21 10:49:40+00:00,217.78257142857157,0.22,45.78742857142854,238.17657142857144,28.810571428571425,31.941142857142857,2.3800000000000003,62.02857142857144,0.001274,0.000968,0.002106,16.976857142857117,1
1895,3489,2025-01-21 10:49:58+00:00,2025-01-21 10:49:58+00:00,169.088,0.1822857142857144,46.40942857142856,185.17914285714284,28.944285714285712,31.60342857142856,1.7571428571428578,63.30057142857143,0.001097,0.00089,0.0016,17.46514285714285,1
1896,3490,2025-01-21 10:49:59+00:00,2025-01-21 10:49:59+00:00,164.97594594594594,0.1778378378378378,46.23891891891892,180.8897297297297,28.867027027027014,31.40729729729729,1.7297297297297298,62.99675675675678,0.00109,0.00088,0.001562,17.371891891891906,1
1897,3495,2025-01-21 10:50:06+00:00,2025-01-21 10:50:06+00:00,129.58055555555555,0.1533333333333333,46.0711111111111,143.32555555555558,28.869722222222222,30.906666666666656,1.4091666666666651,63.94277777777776,0.001069,0.000769,0.001395,17.20138888888888,1
1898,3502,2025-01-21 10:50:15+00:00,2025-01-21 10:50:15+00:00,84.35305555555554,0.1652777777777778,45.69694444444443,95.09611111111104,28.83666666666668,30.19416666666666,0.9811111111111108,64.61416666666666,0.000872,0.000731,0.001216,16.860277777777757,1
1899,3506,2025-01-21 10:50:20+00:00,2025-01-21 10:50:20+00:00,61.1579411764706,0.1211764705882353,45.495,70.81676470588233,28.855294117647063,29.89617647058823,0.2899999999999998,64.9970588235294,0.000912,0.0007,0.00102,16.63970588235293,1
1900,3507,2025-01-21 10:50:22+00:00,2025-01-21 10:50:22+00:00,52.75527777777777,0.1502777777777778,45.57194444444445,62.65527777777773,28.90972222222221,29.905,0.2899999999999998,65.3597222222222,0.000907,0.000698,0.000989,16.662222222222237,1
1901,3519,2025-01-21 10:50:37+00:00,2025-01-21 10:50:37+00:00,19.493125000000006,0.096875,44.94531250000001,25.554062500000008,28.9234375,29.2465625,0.2899999999999998,65.930625,0.000809,0.000642,0.000869,16.021875000000005,1
1902,3530,2025-01-21 10:50:52+00:00,2025-01-21 10:50:52+00:00,44.56972222222223,0.1347222222222222,44.81305555555555,52.44333333333333,28.92222222222221,29.47527777777778,0.2899999999999998,65.35694444444442,0.000878,0.000692,0.000986,15.89083333333334,1
1903,3532,2025-01-21 10:50:55+00:00,2025-01-21 10:50:55+00:00,56.5775,0.1507499999999999,44.67075,65.76774999999999,28.9115,29.39274999999999,0.29175,64.72699999999998,0.000909,0.000719,0.001054,15.759250000000002,1
1904,3534,2025-01-21 10:50:57+00:00,2025-01-21 10:50:57+00:00,64.47171428571426,0.1651428571428571,44.78085714285712,75.00828571428572,28.965142857142865,29.70485714285715,0.2899999999999998,64.99171428571428,0.000897,0.000732,0.001113,15.81571428571425,1
1905,3535,2025-01-21 10:50:58+00:00,2025-01-21 10:50:58+00:00,69.36542857142854,0.1502857142857142,45.027142857142856,78.96771428571428,29.051142857142857,29.9862857142857,0.2899999999999998,65.17028571428568,0.000948,0.000781,0.001161,15.976,1
1906,3540,2025-01-21 10:51:05+00:00,2025-01-21 10:51:05+00:00,103.31735294117644,0.15,44.71411764705882,114.51382352941172,28.92941176470587,29.89882352941177,1.131764705882353,63.875882352941154,0.000929,0.000818,0.001317,15.784705882352952,1
1907,3546,2025-01-21 10:51:13+00:00,2025-01-21 10:51:13+00:00,143.69567567567566,0.1310810810810809,45.04864864864863,157.54108108108113,28.98810810810812,30.940270270270265,1.5164864864864875,63.69864864864862,0.000943,0.000861,0.001494,16.06054054054051,1
1908,3548,2025-01-21 10:51:15+00:00,2025-01-21 10:51:15+00:00,155.13157894736847,0.185,44.97,168.62078947368423,28.98342105263158,30.899473684210527,1.6055263157894732,63.0868421052632,0.00097,0.000905,0.001627,15.986578947368418,1
1909,3564,2025-01-21 10:51:36+00:00,2025-01-21 10:51:36+00:00,219.4027027027026,0.1964864864864865,45.63756756756759,237.91135135135133,28.97810810810812,31.97648648648649,2.382702702702703,61.76972972972974,0.001333,0.000999,0.002194,16.65945945945947,1
1910,3569,2025-01-21 10:51:43+00:00,2025-01-21 10:51:43+00:00,216.13382352941173,0.2197058823529411,46.01705882352944,234.55058823529416,29.038529411764696,32.15235294117646,2.348823529411765,62.13352941176469,0.001086,0.000987,0.001982,16.978529411764743,1
1911,3578,2025-01-21 10:51:55+00:00,2025-01-21 10:51:55+00:00,183.92205128205129,0.1648717948717949,46.47256410256409,200.02461538461543,29.083589743589744,31.905128205128204,1.9066666666666656,62.93307692307695,0.001036,0.001004,0.001682,17.388974358974348,1
1912,3595,2025-01-21 10:52:17+00:00,2025-01-21 10:52:17+00:00,75.21864864864862,0.1516216216216216,45.7381081081081,86.59216216216217,29.021891891891883,30.299729729729723,0.5021621621621619,64.76891891891889,0.00088,0.000739,0.001191,16.716216216216218,1
1913,3600,2025-01-21 10:52:24+00:00,2025-01-21 10:52:24+00:00,46.06428571428572,0.1262857142857142,45.669714285714285,54.892,29.10057142857144,30.090857142857143,0.2899999999999998,65.59971428571427,0.000851,0.000675,0.001013,16.569142857142847,1
1914,3605,2025-01-21 10:52:30+00:00,2025-01-21 10:52:30+00:00,28.929722222222225,0.1536111111111111,45.70555555555556,37.16972222222224,29.175833333333312,30.053333333333327,0.2911111111111109,66.06027777777776,0.000807,0.000631,0.000921,16.529722222222244,1
1915,3608,2025-01-21 10:52:34+00:00,2025-01-21 10:52:34+00:00,22.178611111111117,0.1222222222222222,45.18388888888887,28.73888888888889,29.07527777777777,29.536666666666665,0.2899999999999998,65.93611111111112,0.00083,0.000618,0.000922,16.108611111111102,1
1916,3613,2025-01-21 10:52:41+00:00,2025-01-21 10:52:41+00:00,20.614705882352936,0.1270588235294117,45.1123529411765,28.34382352941177,29.119705882352932,29.474705882352943,0.2899999999999998,65.8020588235294,0.000834,0.000659,0.000964,15.992647058823568,1
1917,3619,2025-01-21 10:52:49+00:00,2025-01-21 10:52:49+00:00,34.01575757575757,0.1278787878787878,44.90151515151516,42.9539393939394,29.086969696969707,29.541818181818183,0.2899999999999998,65.46999999999997,0.000883,0.000676,0.00098,15.81454545454545,1
1918,3634,2025-01-21 10:53:08+00:00,2025-01-21 10:53:08+00:00,118.31648648648648,0.1535135135135135,45.003513513513504,130.63621621621624,29.09081081081081,30.56837837837837,1.2794594594594593,63.86864864864863,0.001041,0.000871,0.001433,15.912702702702688,1
1919,3674,2025-01-21 10:54:01+00:00,2025-01-21 10:54:01+00:00,158.5348648648649,0.1962162162162161,46.665405405405416,173.4154054054054,29.304054054054067,31.89648648648649,1.656486486486486,63.84540540540542,0.00098,0.000904,0.001531,17.36135135135135,1
1920,3683,2025-01-21 10:54:12+00:00,2025-01-21 10:54:12+00:00,100.65235294117652,0.1441176470588235,46.30529411764704,113.42823529411768,29.25911764705882,30.99588235294117,1.1402941176470582,64.55499999999999,0.000951,0.000785,0.00136,17.046176470588218,1
1921,3685,2025-01-21 10:54:15+00:00,2025-01-21 10:54:15+00:00,86.11743589743594,0.1894871794871794,45.99769230769232,98.9651282051282,29.22435897435897,30.58769230769232,1.0125641025641023,64.79282051282048,0.000926,0.000768,0.001281,16.773333333333344,1
1922,3731,2025-01-21 10:55:15+00:00,2025-01-21 10:55:15+00:00,154.06799999999996,0.1897142857142856,45.10142857142857,168.78028571428572,29.26257142857143,31.238571428571436,1.6122857142857143,63.17485714285713,0.00097,0.000945,0.001604,15.83885714285714,1
1923,3734,2025-01-21 10:55:19+00:00,2025-01-21 10:55:19+00:00,172.3963636363637,0.2748484848484849,45.1918181818182,188.28969696969696,29.25424242424241,31.479999999999983,1.787575757575757,62.62000000000001,0.000981,0.001001,0.001743,15.93757575757579,1
1924,3736,2025-01-21 10:55:22+00:00,2025-01-21 10:55:22+00:00,185.19756756756752,0.2356756756756756,45.52297297297295,201.41054054054047,29.363783783783777,31.850540540540543,1.9278378378378385,62.88918918918918,0.001013,0.001054,0.001799,16.159189189189174,1
1925,3750,2025-01-21 10:55:40+00:00,2025-01-21 10:55:40+00:00,219.34685714285703,0.2065714285714286,46.00457142857142,237.4602857142856,29.27942857142855,32.385428571428584,2.4208571428571437,61.76885714285714,0.001076,0.001086,0.002096,16.725142857142867,1
1926,3768,2025-01-21 10:56:04+00:00,2025-01-21 10:56:04+00:00,142.89162162162168,0.1691891891891892,46.65432432432433,156.71054054054048,29.35135135135136,31.65729729729731,1.5408108108108114,63.69648648648651,0.000951,0.000878,0.001476,17.30297297297297,1
1927,3770,2025-01-21 10:56:06+00:00,2025-01-21 10:56:06+00:00,133.68882352941174,0.1776470588235294,46.39470588235295,147.73323529411763,29.31323529411765,31.40617647058823,1.4435294117647055,63.831470588235305,0.000953,0.000843,0.001407,17.081470588235295,1
1928,3775,2025-01-21 10:56:13+00:00,2025-01-21 10:56:13+00:00,96.20705882352942,0.1529411764705882,46.65176470588237,108.3532352941176,29.39647058823529,31.33205882352942,1.1038235294117655,64.9914705882353,0.000957,0.000816,0.001379,17.255294117647075,1
1929,3780,2025-01-21 10:56:20+00:00,2025-01-21 10:56:20+00:00,63.18171428571428,0.1531428571428572,45.70057142857141,72.44971428571426,29.311142857142848,30.154000000000003,0.2911428571428571,64.78428571428572,0.000902,0.00073,0.001205,16.38942857142856,1
1930,3798,2025-01-21 10:56:43+00:00,2025-01-21 10:56:43+00:00,21.928857142857133,0.0677142857142857,45.27457142857144,26.60885714285714,29.346571428571437,29.923428571428563,0.2917142857142855,65.86342857142859,0.000818,0.000668,0.000997,15.928,1
1931,3807,2025-01-21 10:56:55+00:00,2025-01-21 10:56:55+00:00,54.33657142857143,0.243142857142857,44.95285714285716,66.44199999999998,29.32828571428572,29.62257142857144,0.2925714285714287,64.90942857142856,0.00095,0.000774,0.00112,15.62457142857144,1
1932,3808,2025-01-21 10:56:56+00:00,2025-01-21 10:56:56+00:00,58.32125000000004,0.10775,45.00625000000001,66.88949999999997,29.3105,29.99500000000001,0.2927499999999997,64.76299999999998,0.000966,0.000813,0.001159,15.695750000000013,1
1933,3829,2025-01-21 10:57:24+00:00,2025-01-21 10:57:24+00:00,191.75857142857137,0.1708571428571429,45.968,207.1242857142857,29.484,32.22971428571427,2.02,62.77914285714287,0.001018,0.001114,0.001938,16.483999999999995,1
1934,3830,2025-01-21 10:57:25+00:00,2025-01-21 10:57:25+00:00,193.40833333333333,0.1772222222222222,45.72611111111112,210.68638888888893,29.44694444444445,32.159166666666664,2.060833333333333,62.46138888888887,0.001019,0.001097,0.001999,16.27916666666666,1
1935,3839,2025-01-21 10:57:37+00:00,2025-01-21 10:57:37+00:00,218.7783783783784,0.2135135135135135,46.04189189189188,237.10297297297296,29.36891891891892,32.555405405405416,2.421621621621623,61.748378378378376,0.001073,0.001134,0.002188,16.672972972972957,1
1936,3854,2025-01-21 10:57:57+00:00,2025-01-21 10:57:57+00:00,175.75000000000003,0.1508108108108107,46.48837837837839,191.8043243243244,29.402702702702687,32.04783783783785,1.8564864864864872,62.74594594594596,0.001005,0.00104,0.001877,17.0856756756757,1
1937,3857,2025-01-21 10:58:00+00:00,2025-01-21 10:58:00+00:00,163.69272727272724,0.1836363636363636,46.98060606060607,180.31909090909096,29.49545454545455,32.26484848484848,1.7227272727272729,63.47181818181817,0.000982,0.000981,0.001741,17.48515151515152,1
1938,3870,2025-01-21 10:58:18+00:00,2025-01-21 10:58:18+00:00,71.77081081081086,0.1056756756756757,46.0245945945946,82.83756756756762,29.411891891891894,30.73162162162162,0.3243243243243244,64.91054054054055,0.000959,0.000799,0.001316,16.6127027027027,1
1939,3875,2025-01-21 10:58:24+00:00,2025-01-21 10:58:24+00:00,47.56558823529412,0.1252941176470588,45.81470588235292,55.870882352941166,29.427058823529418,30.260882352941167,0.2899999999999998,65.38323529411764,0.000913,0.000755,0.001175,16.3876470588235,1
1940,3879,2025-01-21 10:58:29+00:00,2025-01-21 10:58:29+00:00,32.7055882352941,0.1270588235294118,45.5926470588235,40.47029411764704,29.455294117647064,30.002058823529417,0.2952941176470586,65.56705882352942,0.000869,0.000666,0.001096,16.137352941176438,1
1941,3890,2025-01-21 10:58:45+00:00,2025-01-21 10:58:45+00:00,25.307714285714283,0.1434285714285714,45.5442857142857,32.73285714285714,29.497714285714288,30.264000000000006,0.2908571428571427,65.97485714285715,0.000839,0.000688,0.00102,16.04657142857141,1
1942,3899,2025-01-21 10:58:57+00:00,2025-01-21 10:58:57+00:00,62.83499999999999,0.16375,45.26937499999998,71.91062500000002,29.41406250000001,30.26875,0.2903124999999999,64.69375000000001,0.000991,0.000798,0.001249,15.855312499999972,1
1943,3904,2025-01-21 10:59:03+00:00,2025-01-21 10:59:03+00:00,89.69205882352942,0.1447058823529411,45.17205882352942,100.015,29.419117647058822,30.442647058823532,1.022941176470588,64.26823529411763,0.001089,0.000904,0.001504,15.752941176470596,1
1944,3917,2025-01-21 10:59:20+00:00,2025-01-21 10:59:20+00:00,174.94199999999992,0.1968571428571429,45.49028571428572,189.6597142857143,29.48428571428572,31.818857142857134,1.832285714285714,62.81085714285719,0.001035,0.001073,0.002065,16.005999999999997,1
1945,3919,2025-01-21 10:59:23+00:00,2025-01-21 10:59:23+00:00,188.00583333333333,0.1761111111111112,45.331388888888895,203.2305555555554,29.42666666666668,31.8036111111111,1.9805555555555552,62.14861111111112,0.001042,0.001126,0.002181,15.90472222222222,1
1946,3920,2025-01-21 10:59:24+00:00,2025-01-21 10:59:24+00:00,190.63500000000005,0.183611111111111,45.54916666666665,207.2691666666668,29.477500000000006,32.02888888888888,2.018611111111112,62.41666666666666,0.001057,0.001139,0.002217,16.071666666666644,1
1947,3930,2025-01-21 10:59:37+00:00,2025-01-21 10:59:37+00:00,218.8685714285714,0.2165714285714285,46.29371428571428,238.166,29.56257142857141,32.76400000000001,2.432000000000001,61.85628571428572,0.001137,0.001218,0.002515,16.73114285714287,1
1948,3931,2025-01-21 10:59:39+00:00,2025-01-21 10:59:39+00:00,220.1208108108108,0.2040540540540541,46.13594594594595,237.63027027027024,29.49081081081081,32.64486486486487,2.4508108108108115,61.76864864864864,0.001133,0.001199,0.002506,16.645135135135135,1
1949,3951,2025-01-21 11:00:05+00:00,2025-01-21 11:00:05+00:00,139.75764705882352,0.1811764705882353,46.54323529411767,154.13205882352932,29.52088235294116,31.67176470588236,1.5244117647058828,63.6764705882353,0.001004,0.000968,0.001752,17.022352941176504,1
1950,3965,2025-01-21 11:00:23+00:00,2025-01-21 11:00:23+00:00,51.79685714285715,0.1059999999999999,46.04371428571429,60.606000000000016,29.588,30.51457142857143,0.2899999999999998,65.20285714285714,0.000937,0.000726,0.001174,16.455714285714297,1
1951,3980,2025-01-21 11:00:43+00:00,2025-01-21 11:00:43+00:00,21.62194444444445,0.1561111111111111,45.4497222222222,28.640277777777783,29.60638888888889,30.032222222222217,0.2899999999999998,65.81638888888887,0.000839,0.000646,0.000967,15.843333333333304,1
1952,3982,2025-01-21 11:00:46+00:00,2025-01-21 11:00:46+00:00,26.79090909090909,0.1527272727272727,45.23878787878788,35.183939393939404,29.54999999999999,29.900606060606066,0.2899999999999998,65.64666666666666,0.000823,0.000674,0.001,15.688787878787892,1
1953,3983,2025-01-21 11:00:47+00:00,2025-01-21 11:00:47+00:00,28.896410256410256,0.1210256410256409,45.4753846153846,35.95410256410257,29.60230769230771,30.20794871794872,0.2899999999999997,65.92230769230767,0.000898,0.000737,0.001017,15.873076923076887,1
1954,3986,2025-01-21 11:00:51+00:00,2025-01-21 11:00:51+00:00,39.739142857142845,0.1225714285714285,45.25314285714284,46.37657142857142,29.53771428571427,30.012857142857136,0.2899999999999998,65.36342857142857,0.000916,0.000715,0.001078,15.715428571428571,1
1955,3987,2025-01-21 11:00:52+00:00,2025-01-21 11:00:52+00:00,42.44424242424242,0.0987878787878787,45.49666666666666,49.623333333333335,29.62575757575757,30.28818181818182,0.2899999999999998,65.53969696969695,0.000931,0.000743,0.001092,15.870909090909088,1
1956,3988,2025-01-21 11:00:53+00:00,2025-01-21 11:00:53+00:00,45.61810810810811,0.1205405405405405,45.52837837837839,52.67702702702704,29.63675675675676,30.324864864864864,0.2945945945945946,65.337027027027,0.000947,0.000784,0.001149,15.891621621621624,1
1957,3999,2025-01-21 11:01:08+00:00,2025-01-21 11:01:08+00:00,114.75878787878791,0.1587878787878788,45.66878787878787,127.34303030303036,29.651515151515152,31.21545454545454,1.2593939393939404,64.18636363636364,0.001061,0.000917,0.001597,16.017272727272715,1
1958,4006,2025-01-21 11:01:17+00:00,2025-01-21 11:01:17+00:00,161.35911764705884,0.1744117647058824,45.5085294117647,175.47588235294117,29.573529411764703,31.870588235294115,1.699117647058823,63.14352941176471,0.000998,0.000999,0.001846,15.934999999999995,1
1959,4014,2025-01-21 11:01:28+00:00,2025-01-21 11:01:28+00:00,203.8871428571429,0.1965714285714286,46.15057142857144,220.5702857142857,29.719142857142867,32.7362857142857,2.1948571428571437,62.51628571428573,0.001037,0.001116,0.002217,16.431428571428572,1
1960,4020,2025-01-21 11:01:35+00:00,2025-01-21 11:01:35+00:00,216.57852941176475,0.1905882352941176,45.88382352941174,235.0347058823528,29.55500000000002,32.523823529411786,2.403529411764705,61.54529411764706,0.001084,0.001173,0.002299,16.32882352941172,1
1961,4022,2025-01-21 11:01:38+00:00,2025-01-21 11:01:38+00:00,219.20297297297293,0.2062162162162162,46.67783783783782,238.37567567567567,29.74756756756755,33.1572972972973,2.4435135135135133,62.15837837837841,0.001095,0.001151,0.002356,16.93027027027027,1
1962,4032,2025-01-21 11:01:51+00:00,2025-01-21 11:01:51+00:00,199.7208571428572,0.1851428571428572,46.61428571428572,217.47885714285704,29.614857142857147,32.6042857142857,2.1662857142857144,62.28057142857144,0.001041,0.001083,0.002242,16.999428571428574,1
1963,4043,2025-01-21 11:02:06+00:00,2025-01-21 11:02:06+00:00,134.3224324324324,0.1364864864864865,46.57594594594595,148.82135135135132,29.63324324324324,31.73270270270269,1.482162162162162,63.62729729729728,0.000982,0.00093,0.001658,16.942702702702714,1
1964,4051,2025-01-21 11:02:16+00:00,2025-01-21 11:02:16+00:00,83.31102564102564,0.1546153846153845,46.25743589743588,95.4297435897436,29.626666666666644,31.018974358974365,0.9971794871794868,64.53076923076924,0.000976,0.000833,0.001433,16.63076923076924,1
1965,4053,2025-01-21 11:02:19+00:00,2025-01-21 11:02:19+00:00,69.50081081081085,0.1394594594594594,46.66891891891894,80.25864864864865,29.790540540540555,31.141621621621628,0.3583783783783782,65.27216216216215,0.000965,0.000805,0.001294,16.878378378378386,1
1966,4076,2025-01-21 11:02:49+00:00,2025-01-21 11:02:49+00:00,33.274857142857144,0.1517142857142856,45.72514285714287,40.411142857142856,29.744857142857136,30.398000000000003,0.2908571428571427,65.83142857142857,0.000906,0.00068,0.001061,15.980285714285737,1
1967,4077,2025-01-21 11:02:50+00:00,2025-01-21 11:02:50+00:00,35.017777777777795,0.1219444444444444,45.59972222222221,42.17805555555556,29.723888888888908,30.306388888888883,0.2899999999999998,65.46444444444447,0.000912,0.000709,0.001074,15.875833333333304,1
1968,4092,2025-01-21 11:03:10+00:00,2025-01-21 11:03:10+00:00,123.66147058823532,0.1779411764705882,45.66705882352942,137.17823529411766,29.78,31.451764705882344,1.353235294117647,63.95941176470588,0.001024,0.000942,0.001655,15.887058823529426,1
1969,4103,2025-01-21 11:03:24+00:00,2025-01-21 11:03:24+00:00,189.7259459459459,0.1897297297297297,45.85540540540539,205.7167567567568,29.708918918918908,32.39648648648649,2.014324324324325,62.52486486486489,0.001031,0.00103,0.001888,16.146486486486484,1
1970,4108,2025-01-21 11:03:31+00:00,2025-01-21 11:03:31+00:00,210.55062499999997,0.2065625,45.98906250000001,228.47281249999995,29.765312499999983,32.55249999999999,2.2921875,61.7175,0.001073,0.001061,0.002059,16.223750000000024,1
1971,4113,2025-01-21 11:03:37+00:00,2025-01-21 11:03:37+00:00,218.81705882352924,0.1914705882352942,46.16764705882354,236.5864705882353,29.68705882352943,32.75558823529412,2.4367647058823523,61.557647058823534,0.001064,0.001087,0.002186,16.48058823529411,1
1972,4114,2025-01-21 11:03:39+00:00,2025-01-21 11:03:39+00:00,220.6239473684212,0.2184210526315789,46.33973684210525,238.6031578947369,29.73657894736843,32.87236842105262,2.465789473684211,61.847105263157886,0.001059,0.001097,0.002204,16.603157894736825,1
1973,4124,2025-01-21 11:03:52+00:00,2025-01-21 11:03:52+00:00,197.80470588235295,0.2020588235294119,46.58029411764705,215.38794117647063,29.7420588235294,32.44029411764706,2.129705882352941,62.03176470588237,0.001007,0.001077,0.00204,16.83823529411765,1
1974,4145,2025-01-21 11:04:19+00:00,2025-01-21 11:04:19+00:00,69.69138888888888,0.1563888888888888,46.32861111111109,80.35638888888887,29.76944444444443,31.010555555555552,0.3266666666666664,64.9111111111111,0.000941,0.00077,0.001274,16.559166666666655,1
1975,4146,2025-01-21 11:04:21+00:00,2025-01-21 11:04:21+00:00,61.23216216216219,0.1437837837837838,46.48459459459461,72.32999999999998,29.84648648648649,31.038648648648664,0.2918918918918917,65.3251351351351,0.000921,0.000759,0.001234,16.63810810810812,1
1976,4153,2025-01-21 11:04:30+00:00,2025-01-21 11:04:30+00:00,31.16558823529412,0.125,45.80088235294118,38.95705882352941,29.78411764705881,30.53235294117648,0.2899999999999998,65.7279411764706,0.000873,0.00067,0.001083,16.016764705882366,1
1977,4166,2025-01-21 11:04:47+00:00,2025-01-21 11:04:47+00:00,27.95885714285713,0.1554285714285714,45.55628571428571,34.53685714285714,29.84228571428573,30.315714285714296,0.2899999999999998,65.62714285714283,0.000889,0.00066,0.000997,15.71399999999998,1
1978,4177,2025-01-21 11:05:01+00:00,2025-01-21 11:05:01+00:00,77.67567567567563,0.1556756756756757,45.71162162162163,88.68540540540538,29.9481081081081,31.02756756756756,0.7956756756756758,64.96675675675674,0.001,0.000857,0.001384,15.76351351351353,1
1979,4180,2025-01-21 11:05:05+00:00,2025-01-21 11:05:05+00:00,97.3765,0.11175,45.49974999999999,107.893,29.795999999999992,31.029499999999995,1.0984999999999996,64.27725000000001,0.001054,0.000885,0.001543,15.70375,1
1980,4197,2025-01-21 11:05:27+00:00,2025-01-21 11:05:27+00:00,198.9732432432432,0.1867567567567567,46.21756756756759,215.5508108108107,29.933513513513518,32.80729729729728,2.1445945945945954,62.48648648648648,0.001044,0.001149,0.002223,16.284054054054078,1
1981,4213,2025-01-21 11:05:48+00:00,2025-01-21 11:05:48+00:00,209.27500000000003,0.2026315789473685,46.892105263157895,227.2181578947369,29.920263157894738,32.93315789473684,2.313947368421052,61.95763157894735,0.001079,0.001112,0.002318,16.971842105263157,1
1982,4214,2025-01-21 11:05:50+00:00,2025-01-21 11:05:50+00:00,204.40685714285715,0.1814285714285715,46.80657142857143,222.66742857142856,29.860571428571436,32.93942857142858,2.245999999999999,62.23371428571431,0.0011,0.001139,0.002317,16.945999999999998,1
1983,4215,2025-01-21 11:05:51+00:00,2025-01-21 11:05:51+00:00,202.27058823529413,0.2079411764705882,46.84147058823529,219.6008823529412,29.87764705882353,32.8514705882353,2.1979411764705885,62.38,0.001094,0.001101,0.002277,16.96382352941176,1
1984,4220,2025-01-21 11:05:58+00:00,2025-01-21 11:05:58+00:00,175.09138888888893,0.1938888888888889,47.05944444444443,192.49916666666672,29.926111111111094,32.707222222222214,1.8611111111111112,62.9338888888889,0.001011,0.001023,0.002024,17.133333333333333,1
1985,4221,2025-01-21 11:05:59+00:00,2025-01-21 11:05:59+00:00,171.5193939393939,0.1427272727272727,46.68969696969697,186.1,29.822727272727285,32.38121212121212,1.817272727272727,62.73424242424242,0.001002,0.001014,0.001963,16.866969696969683,1
1986,4234,2025-01-21 11:06:16+00:00,2025-01-21 11:06:16+00:00,85.58999999999999,0.2433333333333333,46.39083333333335,98.65249999999996,29.853888888888903,31.216666666666654,1.003333333333333,64.76472222222223,0.000994,0.000853,0.001424,16.536944444444444,1
1987,4235,2025-01-21 11:06:17+00:00,2025-01-21 11:06:17+00:00,79.43727272727274,0.0899999999999999,46.60030303030304,90.92333333333336,29.959090909090904,31.67363636363636,0.9603030303030302,65.10121212121213,0.000972,0.000824,0.001408,16.641212121212135,1
1988,4241,2025-01-21 11:06:25+00:00,2025-01-21 11:06:25+00:00,47.38200000000003,0.1771428571428571,46.19942857142858,56.03714285714286,29.84200000000001,30.72085714285714,0.2899999999999998,65.26828571428572,0.000896,0.000761,0.001189,16.35742857142857,1
1989,4243,2025-01-21 11:06:28+00:00,2025-01-21 11:06:28+00:00,36.61210526315789,0.1631578947368421,46.29605263157895,45.19052631578945,29.94947368421053,30.77342105263158,0.2899999999999997,65.75289473684212,0.000885,0.000714,0.001105,16.346578947368418,1
1990,4246,2025-01-21 11:06:32+00:00,2025-01-21 11:06:32+00:00,27.02638888888888,0.1216666666666666,45.92027777777778,35.236111111111114,29.943333333333328,30.53083333333333,0.2899999999999998,65.85250000000002,0.000867,0.000669,0.001076,15.976944444444456,1
1991,4248,2025-01-21 11:06:34+00:00,2025-01-21 11:06:34+00:00,23.038648648648653,0.0964864864864865,45.77567567567568,28.7027027027027,29.89405405405406,30.278648648648648,0.2899999999999997,65.5251351351351,0.000893,0.000665,0.001034,15.88162162162162,1
1992,4258,2025-01-21 11:06:47+00:00,2025-01-21 11:06:47+00:00,27.94871794871796,0.1266666666666666,45.47435897435895,35.54512820512822,29.93717948717951,30.3174358974359,0.288205128205128,65.68102564102563,0.000878,0.000696,0.001036,15.53717948717944,1
1993,4259,2025-01-21 11:06:49+00:00,2025-01-21 11:06:49+00:00,31.55615384615385,0.1466666666666667,45.59923076923077,39.60589743589742,29.94615384615384,30.28205128205128,0.2899999999999997,65.44487179487179,0.000892,0.000689,0.001067,15.65307692307693,1
1994,4262,2025-01-21 11:06:53+00:00,2025-01-21 11:06:53+00:00,44.14472222222221,0.1572222222222221,45.85333333333335,53.42083333333337,30.06805555555555,30.76972222222221,0.2899999999999998,65.62305555555554,0.000925,0.000737,0.001124,15.785277777777797,1
1995,4269,2025-01-21 11:07:02+00:00,2025-01-21 11:07:02+00:00,82.72777777777776,0.2205555555555555,45.55222222222222,92.9972222222222,29.933333333333323,30.918055555555547,0.9508333333333334,64.6419444444444,0.001075,0.000893,0.00142,15.618888888888897,1
1996,4275,2025-01-21 11:07:10+00:00,2025-01-21 11:07:10+00:00,122.59242424242429,0.1718181818181818,45.449393939393936,134.7345454545454,29.906060606060613,31.316666666666677,1.3427272727272723,63.450606060606056,0.001046,0.000945,0.001649,15.543333333333322,1
1997,4283,2025-01-21 11:07:20+00:00,2025-01-21 11:07:20+00:00,172.70702702702712,0.1935135135135135,45.65702702702704,187.36891891891884,29.892702702702703,32.10567567567568,1.823783783783784,62.52864864864865,0.001024,0.000966,0.001806,15.764324324324331,1
1998,4291,2025-01-21 11:07:31+00:00,2025-01-21 11:07:31+00:00,209.08764705882356,0.1852941176470588,46.02088235294118,227.7541176470588,29.96617647058825,32.78911764705882,2.294117647058823,61.97235294117644,0.001066,0.001057,0.002072,16.054705882352927,1
1999,4296,2025-01-21 11:07:37+00:00,2025-01-21 11:07:37+00:00,218.2738888888888,0.2086111111111111,46.40694444444445,236.7116666666666,30.022499999999997,33.115833333333335,2.438333333333333,61.855833333333344,0.001078,0.001104,0.002128,16.384444444444455,1
2000,4318,2025-01-21 11:08:06+00:00,2025-01-21 11:08:06+00:00,137.6205882352941,0.0947058823529411,46.9285294117647,149.8467647058823,29.96588235294118,32.2385294117647,1.512058823529412,63.35882352941176,0.000963,0.000867,0.001496,16.96264705882352,1
2001,4331,2025-01-21 11:08:23+00:00,2025-01-21 11:08:23+00:00,55.02194444444446,0.1950000000000001,46.33305555555556,65.11888888888892,30.02194444444443,30.973055555555558,0.2899999999999998,65.2411111111111,0.000885,0.000724,0.001143,16.31111111111113,1
2002,4355,2025-01-21 11:08:55+00:00,2025-01-21 11:08:55+00:00,50.55666666666664,0.1483333333333334,45.947222222222216,59.16388888888889,30.18111111111113,31.086666666666662,0.2899999999999998,65.54416666666667,0.000955,0.000768,0.001077,15.766111111111089,1
2003,4366,2025-01-21 11:09:09+00:00,2025-01-21 11:09:09+00:00,116.40054054054056,0.1575675675675676,45.65972972972973,128.014054054054,30.08621621621621,31.53513513513514,1.289459459459459,63.98432432432431,0.001058,0.000912,0.001569,15.573513513513522,1
2004,4369,2025-01-21 11:09:13+00:00,2025-01-21 11:09:13+00:00,138.1764864864865,0.1572972972972973,45.68297297297297,150.54837837837837,30.08567567567568,31.84918918918918,1.4843243243243247,63.48135135135137,0.001049,0.000923,0.001625,15.597297297297292,1
2005,4378,2025-01-21 11:09:25+00:00,2025-01-21 11:09:25+00:00,191.23578947368415,0.1928947368421052,46.27710526315792,208.75473684210533,30.18815789473685,32.96657894736842,2.059736842105263,62.71789473684211,0.001012,0.001073,0.002054,16.08894736842107,1
2006,4398,2025-01-21 11:09:51+00:00,2025-01-21 11:09:51+00:00,202.1784210526315,0.181578947368421,47.33421052631579,218.32710526315785,30.20394736842106,33.39368421052631,2.209473684210527,62.54421052631579,0.001033,0.001073,0.002227,17.130263157894735,1
2007,4399,2025-01-21 11:09:52+00:00,2025-01-21 11:09:52+00:00,198.5712121212121,0.1936363636363636,47.15333333333334,215.2251515151515,30.106363636363632,33.20727272727272,2.1712121212121214,62.20757575757574,0.001025,0.00107,0.002172,17.04696969696971,1
2008,4403,2025-01-21 11:09:57+00:00,2025-01-21 11:09:57+00:00,181.09242424242424,0.1987878787878787,47.15303030303031,196.80454545454543,30.171212121212108,32.959090909090904,1.928484848484848,62.71484848484846,0.000979,0.001019,0.001977,16.9818181818182,1
2009,4406,2025-01-21 11:10:01+00:00,2025-01-21 11:10:01+00:00,163.42264705882363,0.1391176470588235,47.36000000000001,176.90323529411765,30.289117647058827,32.88941176470588,1.7399999999999989,63.57176470588235,0.000986,0.000966,0.001794,17.07088235294118,1
2010,4411,2025-01-21 11:10:08+00:00,2025-01-21 11:10:08+00:00,128.14999999999992,0.1551351351351351,46.75891891891891,141.08216216216215,30.071351351351357,32.06675675675675,1.419729729729729,63.64567567567571,0.000986,0.00089,0.00159,16.687567567567555,1
2011,4420,2025-01-21 11:10:20+00:00,2025-01-21 11:10:20+00:00,67.21828571428571,0.1399999999999999,46.52571428571429,77.81085714285713,30.15714285714284,31.359714285714272,0.2902857142857141,65.00628571428568,0.000945,0.00079,0.001282,16.36857142857145,1
2012,4422,2025-01-21 11:10:22+00:00,2025-01-21 11:10:22+00:00,58.91973684210526,0.1694736842105262,46.672368421052646,69.12605263157896,30.18815789473685,31.328684210526305,0.2899999999999997,65.2965789473684,0.000921,0.000774,0.00127,16.484210526315795,1
2013,4432,2025-01-21 11:10:35+00:00,2025-01-21 11:10:35+00:00,22.484,0.1902857142857143,45.96314285714285,29.90371428571428,30.167714285714283,30.627142857142864,0.2899999999999998,65.84742857142854,0.000853,0.000641,0.001016,15.795428571428566,1
2014,4440,2025-01-21 11:10:46+00:00,2025-01-21 11:10:46+00:00,25.56361111111111,0.1325,46.095,32.669999999999995,30.232777777777795,31.022499999999987,0.2899999999999998,66.00583333333334,0.000822,0.000679,0.000966,15.862222222222204,1
2015,4451,2025-01-21 11:11:00+00:00,2025-01-21 11:11:00+00:00,71.24333333333331,0.1475,45.62916666666665,80.31138888888887,30.19500000000001,31.09027777777777,0.3299999999999997,64.79444444444442,0.001,0.000846,0.001332,15.434166666666638,1
2016,4453,2025-01-21 11:11:03+00:00,2025-01-21 11:11:03+00:00,86.2525714285714,0.177142857142857,45.78457142857143,96.51714285714284,30.206857142857142,31.17657142857143,0.9942857142857144,64.34171428571429,0.001025,0.000878,0.001458,15.577714285714285,1
2017,4455,2025-01-21 11:11:06+00:00,2025-01-21 11:11:06+00:00,101.8991176470588,0.1426470588235295,45.712352941176455,111.3141176470588,30.19676470588237,31.511764705882342,1.128823529411764,64.315,0.001052,0.000913,0.001557,15.515588235294086,1
2018,4457,2025-01-21 11:11:08+00:00,2025-01-21 11:11:08+00:00,111.51648648648649,0.1535135135135134,45.82918918918919,122.1024324324324,30.245405405405396,31.54675675675676,1.238108108108108,63.88243243243247,0.001081,0.000945,0.001639,15.583783783783794,1
2019,4459,2025-01-21 11:11:11+00:00,2025-01-21 11:11:11+00:00,127.03617647058827,0.1020588235294117,45.67470588235297,140.46911764705888,30.23029411764707,31.904705882352932,1.3941176470588232,63.82323529411764,0.001026,0.000956,0.001647,15.444411764705896,1
2020,4460,2025-01-21 11:11:12+00:00,2025-01-21 11:11:12+00:00,130.93945945945944,0.1494594594594594,46.04702702702705,143.99432432432434,30.30999999999998,32.314324324324325,1.4359459459459467,64.05405405405406,0.001012,0.000975,0.001689,15.737027027027068,1
2021,4461,2025-01-21 11:11:13+00:00,2025-01-21 11:11:13+00:00,135.12948717948717,0.1797435897435897,45.96487179487181,150.49820512820511,30.265641025641028,31.94743589743591,1.4866666666666677,63.39717948717948,0.001018,0.000961,0.001739,15.699230769230784,1
2022,4464,2025-01-21 11:11:17+00:00,2025-01-21 11:11:17+00:00,156.69685714285708,0.1554285714285714,46.16628571428571,170.38000000000002,30.32314285714285,32.5677142857143,1.6742857142857146,63.53971428571428,0.000991,0.000912,0.001668,15.843142857142858,1
2023,4481,2025-01-21 11:11:40+00:00,2025-01-21 11:11:40+00:00,219.4737837837837,0.182972972972973,46.8718918918919,237.06621621621625,30.21702702702704,33.487297297297296,2.4735135135135127,61.7910810810811,0.001148,0.001033,0.002077,16.65486486486486,1
2024,4488,2025-01-21 11:11:49+00:00,2025-01-21 11:11:49+00:00,207.0333333333334,0.1825,47.03277777777779,225.6536111111112,30.22555555555556,33.29749999999999,2.2944444444444447,61.98055555555555,0.001188,0.000977,0.001969,16.80722222222223,1
2025,4501,2025-01-21 11:12:06+00:00,2025-01-21 11:12:06+00:00,139.10135135135138,0.1781081081081082,47.05243243243244,153.3405405405406,30.293513513513485,32.47540540540541,1.528378378378379,63.77000000000002,0.001203,0.000807,0.001688,16.758918918918955,1
2026,4504,2025-01-21 11:12:10+00:00,2025-01-21 11:12:10+00:00,118.74060606060608,0.1557575757575758,47.02909090909091,131.56848484848487,30.275151515151503,32.077878787878795,1.3451515151515148,63.97575757575757,0.001146,0.000724,0.001542,16.753939393939408,1
2027,4508,2025-01-21 11:12:15+00:00,2025-01-21 11:12:15+00:00,92.3132432432432,0.1378378378378378,46.69486486486487,104.12000000000003,30.244594594594588,31.761081081081084,1.098108108108108,64.37405405405403,0.000984,0.000694,0.001288,16.45027027027028,1
2028,4518,2025-01-21 11:12:29+00:00,2025-01-21 11:12:29+00:00,35.675294117647056,0.15,46.45147058823528,43.75647058823529,30.3494117647059,31.10823529411765,0.2920588235294116,65.72794117647058,0.001291,0.000704,0.001405,16.102058823529383,1
2029,4521,2025-01-21 11:12:33+00:00,2025-01-21 11:12:33+00:00,25.830285714285715,0.1437142857142857,46.43257142857142,33.51771428571428,30.42114285714285,31.13028571428572,0.2937142857142857,66.17457142857141,0.001312,0.000706,0.001437,16.01142857142857,1
2030,4522,2025-01-21 11:12:35+00:00,2025-01-21 11:12:35+00:00,22.35189189189189,0.1335135135135135,45.86432432432432,29.26378378378379,30.25783783783782,30.58054054054054,0.2899999999999997,65.61108108108105,0.001282,0.000714,0.001419,15.606486486486505,1
2031,4540,2025-01-21 11:12:58+00:00,2025-01-21 11:12:58+00:00,61.29,0.1528947368421052,45.95657894736842,69.85473684210525,30.421052631578952,31.30763157894737,0.2899999999999997,65.23421052631578,0.001312,0.000715,0.001476,15.535526315789468,1
2032,4544,2025-01-21 11:13:04+00:00,2025-01-21 11:13:04+00:00,89.82428571428568,0.1777142857142858,46.07285714285714,101.03685714285712,30.40628571428571,31.67885714285713,1.0434285714285716,64.69257142857145,0.001293,0.00074,0.001688,15.66657142857143,1
2033,4552,2025-01-21 11:13:14+00:00,2025-01-21 11:13:14+00:00,140.57702702702696,0.1781081081081082,46.38081081081081,154.37405405405397,30.49729729729733,32.41432432432432,1.5254054054054054,63.85270270270269,0.001493,0.000943,0.002357,15.88351351351348,1
2034,4553,2025-01-21 11:13:15+00:00,2025-01-21 11:13:15+00:00,145.77324324324326,0.1594594594594594,45.94297297297297,160.03324324324322,30.35513513513513,32.18675675675677,1.573243243243244,63.28891891891893,0.001517,0.000976,0.002441,15.587837837837837,1
2035,4560,2025-01-21 11:13:25+00:00,2025-01-21 11:13:25+00:00,190.1005555555556,0.1663888888888888,46.26027777777776,206.4191666666668,30.43138888888887,32.905,2.054444444444444,62.46694444444445,0.001027,0.001034,0.001929,15.82888888888889,1
2036,4564,2025-01-21 11:13:30+00:00,2025-01-21 11:13:30+00:00,206.70882352941183,0.163235294117647,46.48323529411763,222.94235294117644,30.46264705882355,33.37323529411765,2.260294117647059,62.16294117647059,0.001012,0.001046,0.002093,16.020588235294078,1
2037,4567,2025-01-21 11:13:34+00:00,2025-01-21 11:13:34+00:00,214.5313513513514,0.2132432432432432,46.76243243243242,231.81972972972963,30.517297297297286,33.61864864864866,2.3902702702702707,62.33918918918919,0.001042,0.00107,0.002134,16.245135135135133,1
2038,4571,2025-01-21 11:13:39+00:00,2025-01-21 11:13:39+00:00,218.7117647058824,0.1961764705882353,47.10470588235293,236.95264705882343,30.575294117647065,33.86617647058824,2.4835294117647053,62.21588235294119,0.001043,0.001076,0.002181,16.529411764705866,1
2039,4580,2025-01-21 11:13:51+00:00,2025-01-21 11:13:51+00:00,203.35,0.1707692307692308,47.180512820512845,220.1520512820513,30.378717948717966,33.37923076923078,2.2633333333333345,61.96794871794872,0.001048,0.001028,0.002041,16.80179487179488,1
2040,4583,2025-01-21 11:13:55+00:00,2025-01-21 11:13:55+00:00,190.2292307692307,0.1823076923076923,47.52666666666665,206.1871794871795,30.493846153846164,33.52897435897436,2.0702564102564107,62.80820512820515,0.000987,0.001002,0.001922,17.032820512820486,1
2041,4584,2025-01-21 11:13:56+00:00,2025-01-21 11:13:56+00:00,186.0997058823529,0.1873529411764706,47.28058823529409,202.85941176470584,30.411470588235293,33.22176470588235,2.0164705882352933,62.379411764705885,0.000977,0.000987,0.001879,16.869117647058797,1
2042,4593,2025-01-21 11:14:08+00:00,2025-01-21 11:14:08+00:00,128.61333333333332,0.1627777777777778,47.10499999999998,143.2722222222222,30.44861111111112,32.47861111111111,1.451388888888889,63.93194444444444,0.000946,0.000894,0.001518,16.656388888888863,1
2043,4594,2025-01-21 11:14:09+00:00,2025-01-21 11:14:09+00:00,125.4770588235294,0.1723529411764706,47.28088235294116,138.0717647058823,30.4829411764706,32.63882352941177,1.411470588235294,64.20911764705885,0.000976,0.000855,0.001465,16.797941176470566,1
2044,4600,2025-01-21 11:14:17+00:00,2025-01-21 11:14:17+00:00,82.77800000000005,0.1602857142857143,46.755428571428574,94.50257142857136,30.424285714285723,31.79342857142857,1.0125714285714282,64.58942857142856,0.000969,0.000803,0.001416,16.33114285714285,1
2045,4623,2025-01-21 11:14:47+00:00,2025-01-21 11:14:47+00:00,26.935526315789488,0.1342105263157894,45.58526315789475,33.17236842105262,30.414736842105263,30.695526315789483,0.2899999999999997,65.35473684210521,0.000819,0.000681,0.001002,15.170526315789488,1
2046,4651,2025-01-21 11:15:24+00:00,2025-01-21 11:15:24+00:00,184.83342857142853,0.1814285714285715,46.19914285714286,202.2268571428571,30.50971428571428,33.02028571428571,2.016000000000001,62.49342857142857,0.001006,0.001066,0.002087,15.689428571428582,1
2047,4663,2025-01-21 11:15:40+00:00,2025-01-21 11:15:40+00:00,219.44454545454556,0.2345454545454546,46.87787878787881,238.04303030303024,30.51090909090908,33.67909090909092,2.513030303030304,61.8578787878788,0.001104,0.001159,0.002363,16.366969696969726,1
2048,4677,2025-01-21 11:15:58+00:00,2025-01-21 11:15:58+00:00,179.51499999999996,0.1823529411764705,47.18705882352941,193.9923529411765,30.47441176470588,33.0229411764706,1.9299999999999988,62.59794117647061,0.001028,0.001007,0.002022,16.712647058823535,1
2049,4679,2025-01-21 11:16:01+00:00,2025-01-21 11:16:01+00:00,165.59307692307698,0.1802564102564103,47.79153846153849,180.0723076923076,30.666410256410263,33.56102564102564,1.7869230769230775,63.55897435897435,0.000989,0.000972,0.001932,17.125128205128224,1
2050,4682,2025-01-21 11:16:04+00:00,2025-01-21 11:16:04+00:00,151.16374999999996,0.1803125000000001,47.2821875,165.53624999999997,30.522812499999983,32.9153125,1.6515624999999996,63.39375000000003,0.000979,0.000942,0.001758,16.759375000000016,1
2051,4688,2025-01-21 11:16:12+00:00,2025-01-21 11:16:12+00:00,109.6977142857143,0.1517142857142857,47.39714285714287,121.3097142857142,30.64028571428572,32.568000000000005,1.260571428571429,64.35599999999998,0.001051,0.000871,0.001624,16.75685714285715,1
2052,4695,2025-01-21 11:16:21+00:00,2025-01-21 11:16:21+00:00,65.90200000000003,0.1332,46.86000000000001,75.6688,30.6052,31.889600000000005,0.29,65.25360000000002,0.000922,0.000767,0.001283,16.25480000000001,1
2053,4701,2025-01-21 11:16:29+00:00,2025-01-21 11:16:29+00:00,35.797878787878794,0.1203030303030303,46.31393939393938,43.41333333333331,30.55363636363637,31.23424242424241,0.2899999999999998,65.36666666666665,0.000879,0.000678,0.00112,15.760303030303008,1
2054,4702,2025-01-21 11:16:31+00:00,2025-01-21 11:16:31+00:00,31.58090909090909,0.1360606060606061,46.47090909090909,39.031212121212135,30.58757575757577,31.406969696969707,0.2899999999999998,65.86515151515154,0.000837,0.00069,0.001135,15.88333333333332,1
2055,4704,2025-01-21 11:16:33+00:00,2025-01-21 11:16:33+00:00,26.57735294117647,0.1447058823529412,46.393235294117645,33.15264705882355,30.595588235294123,31.067941176470587,0.2899999999999998,65.57117647058823,0.000842,0.000679,0.001049,15.797647058823522,1
2056,4719,2025-01-21 11:16:53+00:00,2025-01-21 11:16:53+00:00,41.26638888888886,0.1466666666666666,46.07833333333331,49.97972222222223,30.63583333333334,31.28444444444444,0.2902777777777776,65.35444444444443,0.000919,0.000745,0.001141,15.44249999999997,1
2057,4727,2025-01-21 11:17:03+00:00,2025-01-21 11:17:03+00:00,83.28378378378376,0.1502702702702702,46.202972972972965,93.1035135135135,30.652432432432438,31.80378378378379,0.9951351351351356,64.60729729729728,0.001039,0.000882,0.001487,15.550540540540531,1
2058,4736,2025-01-21 11:17:15+00:00,2025-01-21 11:17:15+00:00,144.89705882352948,0.1702941176470588,45.99911764705881,157.9864705882353,30.58058823529413,32.46382352941176,1.5788235294117647,63.23794117647058,0.001014,0.000987,0.001862,15.41852941176468,1
2059,4745,2025-01-21 11:17:27+00:00,2025-01-21 11:17:27+00:00,196.29228571428573,0.2034285714285713,46.491714285714274,213.84771428571432,30.653428571428567,33.62085714285714,2.154857142857143,62.524571428571456,0.001062,0.001011,0.00196,15.838285714285709,1
2060,4750,2025-01-21 11:17:34+00:00,2025-01-21 11:17:34+00:00,214.39147058823528,0.1923529411764706,46.70911764705882,231.75411764705868,30.657647058823517,33.731176470588245,2.416470588235294,61.7091176470588,0.001065,0.001075,0.002118,16.051470588235304,1
2061,4751,2025-01-21 11:17:35+00:00,2025-01-21 11:17:35+00:00,215.7175000000001,0.17875,46.6346875,232.75093750000008,30.615625,33.59343749999999,2.433125,61.75062500000002,0.001061,0.001063,0.00212,16.019062499999997,1
2062,4771,2025-01-21 11:18:01+00:00,2025-01-21 11:18:01+00:00,166.93757575757576,0.1503030303030303,47.40636363636364,180.5884848484848,30.67272727272725,33.25424242424243,1.8006060606060603,63.13787878787879,0.000969,0.000965,0.001829,16.733636363636382,1
2063,4773,2025-01-21 11:18:04+00:00,2025-01-21 11:18:04+00:00,152.16083333333336,0.1511111111111111,47.70361111111112,165.64777777777778,30.739722222222227,33.27638888888889,1.6558333333333333,63.495277777777765,0.000955,0.000914,0.001737,16.963888888888896,1
2064,4774,2025-01-21 11:18:05+00:00,2025-01-21 11:18:05+00:00,146.60676470588237,0.1820588235294118,47.2379411764706,160.7191176470588,30.59823529411764,32.9279411764706,1.6208823529411769,63.22441176470589,0.000958,0.000895,0.001667,16.63970588235296,1
2065,4791,2025-01-21 11:18:27+00:00,2025-01-21 11:18:27+00:00,42.92939393939394,0.153030303030303,46.660303030303005,51.63939393939395,30.714848484848503,31.53909090909091,0.293939393939394,65.48666666666665,0.000889,0.000691,0.001146,15.945454545454504,1
2066,4805,2025-01-21 11:18:46+00:00,2025-01-21 11:18:46+00:00,23.95117647058824,0.0964705882352941,45.968823529411765,29.4135294117647,30.66323529411765,31.092058823529413,0.2899999999999998,65.50852941176471,0.000809,0.00063,0.001064,15.305588235294111,1
2067,4821,2025-01-21 11:19:07+00:00,2025-01-21 11:19:07+00:00,102.5416216216216,0.1575675675675676,46.0354054054054,113.40054054054058,30.722972972972983,32.04513513513514,1.171891891891892,64.16027027027029,0.001098,0.000922,0.001636,15.312432432432413,1
2068,4822,2025-01-21 11:19:08+00:00,2025-01-21 11:19:08+00:00,106.48621621621628,0.1256756756756757,46.09243243243245,117.4991891891892,30.734594594594604,32.14243243243243,1.2264864864864866,64.10837837837839,0.001084,0.000927,0.001672,15.357837837837849,1
2069,4851,2025-01-21 11:19:46+00:00,2025-01-21 11:19:46+00:00,214.50710526315785,0.186578947368421,47.38078947368424,232.33999999999995,30.794210526315805,33.992631578947346,2.4636842105263157,61.83657894736842,0.00111,0.001173,0.002562,16.586578947368434,1
2070,4856,2025-01-21 11:19:53+00:00,2025-01-21 11:19:53+00:00,198.71594594594583,0.1678378378378378,47.525405405405415,214.24648648648645,30.783243243243227,33.85513513513513,2.213513513513514,62.31486486486487,0.001064,0.001119,0.002427,16.742162162162188,1
2071,4857,2025-01-21 11:19:54+00:00,2025-01-21 11:19:54+00:00,194.9723529411764,0.1679411764705883,47.50882352941176,211.21911764705885,30.792647058823512,33.77941176470587,2.165,62.50705882352939,0.001067,0.001099,0.002407,16.716176470588245,1
2072,4864,2025-01-21 11:20:03+00:00,2025-01-21 11:20:03+00:00,157.6564864864865,0.1410810810810811,47.57405405405407,172.02486486486487,30.76189189189189,33.316486486486475,1.7248648648648648,63.28675675675681,0.001033,0.000982,0.001956,16.812162162162178,1
2073,4870,2025-01-21 11:20:11+00:00,2025-01-21 11:20:11+00:00,116.44529411764708,0.116470588235294,47.60205882352941,127.67294117647062,30.857352941176487,32.8814705882353,1.3388235294117643,64.09764705882353,0.001044,0.000894,0.001612,16.744705882352918,1
2074,4883,2025-01-21 11:20:28+00:00,2025-01-21 11:20:28+00:00,40.18942857142858,0.154,46.66285714285716,49.21371428571429,30.76771428571428,31.59171428571428,0.2899999999999998,65.41514285714287,0.000881,0.000727,0.001176,15.895142857142886,1
2075,4904,2025-01-21 11:20:55+00:00,2025-01-21 11:20:55+00:00,47.136,0.1282857142857142,46.11542857142859,54.89342857142856,30.84542857142857,31.52885714285714,0.2899999999999998,65.28142857142858,0.000938,0.000756,0.001202,15.270000000000016,1
2076,4912,2025-01-21 11:21:06+00:00,2025-01-21 11:21:06+00:00,95.86058823529414,0.1361764705882353,46.51088235294115,105.52088235294116,30.94764705882352,32.46352941176471,1.1117647058823532,64.68794117647057,0.001057,0.00091,0.001623,15.563235294117636,1
2077,4914,2025-01-21 11:21:09+00:00,2025-01-21 11:21:09+00:00,112.81970588235288,0.1452941176470588,46.23264705882352,123.77647058823526,30.841470588235303,32.31647058823529,1.2670588235294122,63.99088235294116,0.001111,0.000937,0.001704,15.39117647058822,1
2078,4931,2025-01-21 11:21:31+00:00,2025-01-21 11:21:31+00:00,206.83941176470583,0.1914705882352941,47.00029411764706,224.3567647058824,31.002647058823527,34.15088235294119,2.323529411764705,62.376470588235314,0.001105,0.001159,0.002629,15.997647058823532,1
2079,4952,2025-01-21 11:21:58+00:00,2025-01-21 11:21:58+00:00,181.60222222222225,0.1627777777777778,47.73916666666666,196.41666666666669,30.91499999999999,33.79805555555556,1.980833333333332,62.65611111111112,0.001079,0.001053,0.002254,16.824166666666674,1
2080,4955,2025-01-21 11:22:02+00:00,2025-01-21 11:22:02+00:00,162.61147058823525,0.158235294117647,48.037941176470575,177.83176470588234,31.019411764705893,33.76088235294118,1.7697058823529408,63.50970588235294,0.001003,0.000988,0.002088,17.018529411764682,1
2081,4957,2025-01-21 11:22:05+00:00,2025-01-21 11:22:05+00:00,148.86315789473687,0.1455263157894737,47.51473684210527,162.42999999999992,30.90368421052632,33.25078947368421,1.6550000000000002,63.41868421052635,0.000997,0.000973,0.001898,16.611052631578946,1
2082,4962,2025-01-21 11:22:11+00:00,2025-01-21 11:22:11+00:00,117.33108108108108,0.1751351351351351,47.44648648648651,130.30729729729728,30.90189189189188,32.84594594594594,1.3610810810810818,64.13162162162165,0.001045,0.000886,0.001656,16.54459459459463,1
2083,4966,2025-01-21 11:22:17+00:00,2025-01-21 11:22:17+00:00,86.01394736842103,0.1521052631578947,47.48263157894737,97.5994736842106,31.017631578947363,32.61236842105262,1.0484210526315787,64.96631578947365,0.001007,0.000856,0.001586,16.465000000000007,1
2084,4973,2025-01-21 11:22:26+00:00,2025-01-21 11:22:26+00:00,46.73823529411764,0.1358823529411765,46.870294117647056,55.86852941176468,30.929117647058835,31.839117647058824,0.2923529411764704,65.38764705882353,0.000881,0.000706,0.001228,15.94117647058822,1
2085,5000,2025-01-21 11:23:01+00:00,2025-01-21 11:23:01+00:00,71.2481818181818,0.1490909090909091,46.26727272727272,80.74575757575758,30.96575757575758,31.88181818181817,0.439090909090909,64.73939393939393,0.001,0.000837,0.001417,15.30151515151514,1
2086,5001,2025-01-21 11:23:03+00:00,2025-01-21 11:23:03+00:00,80.6615,0.167,46.60800000000001,90.34575,31.073249999999973,32.28224999999999,0.9887499999999998,64.88849999999996,0.001061,0.000854,0.00146,15.534750000000038,1
2087,5012,2025-01-21 11:23:17+00:00,2025-01-21 11:23:17+00:00,152.5544444444444,0.17,46.36916666666665,165.88361111111115,30.994166666666665,33.01861111111112,1.6650000000000005,63.26194444444445,0.001012,0.001017,0.001924,15.374999999999986,1
2088,5014,2025-01-21 11:23:20+00:00,2025-01-21 11:23:20+00:00,167.11628571428568,0.1742857142857143,46.169428571428575,180.20428571428567,30.91057142857144,32.97599999999999,1.801714285714286,62.48685714285717,0.001033,0.001027,0.002061,15.258857142857138,1
2089,5020,2025-01-21 11:23:27+00:00,2025-01-21 11:23:27+00:00,194.5310256410258,0.1664102564102563,46.68333333333333,210.2284615384616,30.99897435897436,33.71846153846154,2.1533333333333338,62.33230769230772,0.001064,0.001099,0.002445,15.684358974358972,1
2090,5024,2025-01-21 11:23:33+00:00,2025-01-21 11:23:33+00:00,211.3757142857144,0.2060000000000001,47.052,228.6145714285714,31.086,34.331428571428575,2.3988571428571426,62.21800000000002,0.001108,0.001153,0.002618,15.966,1
2091,5044,2025-01-21 11:23:59+00:00,2025-01-21 11:23:59+00:00,177.36,0.1858333333333333,48.03500000000002,193.60944444444448,31.105277777777783,34.04166666666667,1.9422222222222227,63.1102777777778,0.00104,0.00104,0.002186,16.929722222222235,1
2092,5056,2025-01-21 11:24:15+00:00,2025-01-21 11:24:15+00:00,96.99405405405406,0.1424324324324324,47.42945945945942,108.74135135135138,31.05378378378379,32.65054054054055,1.157297297297297,64.29864864864868,0.001034,0.000856,0.001584,16.375675675675634,1
2093,5064,2025-01-21 11:24:25+00:00,2025-01-21 11:24:25+00:00,51.93124999999998,0.1624999999999999,47.26812499999999,62.13281250000001,31.106875000000013,32.23562499999999,0.2899999999999998,65.29343750000002,0.000861,0.000705,0.001193,16.161249999999978,1
2094,5067,2025-01-21 11:24:29+00:00,2025-01-21 11:24:29+00:00,37.91441176470587,0.1264705882352941,47.1464705882353,45.40147058823528,31.17117647058824,32.12735294117648,0.2899999999999998,65.96529411764705,0.000839,0.000659,0.00113,15.975294117647064,1
2095,5073,2025-01-21 11:24:37+00:00,2025-01-21 11:24:37+00:00,21.25314285714286,0.1248571428571428,46.40314285714289,28.28371428571428,31.06314285714285,31.477999999999987,0.2931428571428569,65.8522857142857,0.000822,0.000644,0.00104,15.34000000000004,1
2096,5089,2025-01-21 11:24:59+00:00,2025-01-21 11:24:59+00:00,61.41352941176469,0.1499999999999999,46.42676470588235,70.79323529411764,31.13264705882353,32.06647058823529,0.2917647058823527,65.17058823529413,0.000975,0.000795,0.001309,15.29411764705882,1
2097,5101,2025-01-21 11:25:15+00:00,2025-01-21 11:25:15+00:00,142.23270270270268,0.1581081081081081,46.69108108108108,155.3116216216216,31.1954054054054,33.14459459459458,1.5637837837837836,63.69675675675671,0.001007,0.000943,0.001825,15.49567567567568,1
2098,5104,2025-01-21 11:25:19+00:00,2025-01-21 11:25:19+00:00,160.75666666666663,0.1725,46.69722222222224,174.62388888888893,31.115277777777763,33.42083333333333,1.7552777777777786,63.17222222222223,0.001002,0.000994,0.001979,15.581944444444474,1
2099,5109,2025-01-21 11:25:25+00:00,2025-01-21 11:25:25+00:00,186.29583333333335,0.1783333333333333,47.00694444444446,202.3705555555556,31.21333333333336,34.07055555555555,2.0544444444444427,62.8136111111111,0.001016,0.001064,0.002284,15.793611111111098,1
2100,5120,2025-01-21 11:25:40+00:00,2025-01-21 11:25:40+00:00,218.0297368421052,0.1626315789473683,47.59500000000002,237.13789473684216,31.213157894736845,34.674473684210525,2.540526315789474,62.05868421052632,0.001102,0.00122,0.00274,16.381842105263175,1
2101,5123,2025-01-21 11:25:44+00:00,2025-01-21 11:25:44+00:00,217.20743589743583,0.1843589743589744,47.50179487179487,235.74102564102557,31.148461538461543,34.371538461538464,2.5410256410256418,61.76615384615384,0.001106,0.001171,0.002734,16.353333333333328,1
2102,5143,2025-01-21 11:26:10+00:00,2025-01-21 11:26:10+00:00,123.0384848484848,0.1515151515151515,47.8530303030303,136.7057575757576,31.280606060606047,33.51454545454545,1.436363636363637,64.21909090909091,0.000972,0.000893,0.001689,16.572424242424255,1
2103,5144,2025-01-21 11:26:11+00:00,2025-01-21 11:26:11+00:00,118.69878787878788,0.1360606060606061,47.89939393939392,131.91090909090912,31.24666666666667,33.34575757575758,1.3851515151515148,64.24151515151513,0.000976,0.000883,0.001639,16.652727272727248,1
2104,5164,2025-01-21 11:26:38+00:00,2025-01-21 11:26:38+00:00,21.718333333333337,0.1227777777777778,46.34194444444447,28.05638888888889,31.155,31.5463888888889,0.2899999999999998,65.6611111111111,0.000812,0.000671,0.001055,15.186944444444467,1
2105,5165,2025-01-21 11:26:39+00:00,2025-01-21 11:26:39+00:00,19.679705882352945,0.1452941176470588,46.483235294117655,26.626470588235296,31.19676470588237,31.63735294117646,0.2899999999999998,65.85676470588236,0.000789,0.000666,0.001037,15.286470588235286,1
2106,5169,2025-01-21 11:26:44+00:00,2025-01-21 11:26:44+00:00,21.08444444444444,0.1227777777777778,46.355277777777786,27.5861111111111,31.20694444444446,31.58055555555556,0.2899999999999998,65.75222222222223,0.000824,0.000681,0.001038,15.148333333333326,1
2107,5171,2025-01-21 11:26:47+00:00,2025-01-21 11:26:47+00:00,24.897567567567563,0.1502702702702703,46.55702702702705,31.77594594594593,31.23108108108108,31.723243243243243,0.2899999999999997,65.74729729729731,0.000791,0.000627,0.001061,15.325945945945968,1
2108,5176,2025-01-21 11:26:53+00:00,2025-01-21 11:26:53+00:00,38.5437142857143,0.1442857142857142,46.18028571428572,45.45742857142856,31.13771428571428,31.50171428571428,0.2917142857142855,65.06314285714285,0.000878,0.000719,0.001119,15.042571428571438,1
2109,5177,2025-01-21 11:26:55+00:00,2025-01-21 11:26:55+00:00,45.74526315789475,0.1239473684210526,46.39368421052631,53.57947368421053,31.205789473684227,31.839473684210528,0.2899999999999997,65.28657894736841,0.000895,0.000735,0.001179,15.187894736842082,1
2110,5182,2025-01-21 11:27:01+00:00,2025-01-21 11:27:01+00:00,69.42657142857142,0.1302857142857142,46.754571428571445,78.02114285714283,31.2922857142857,32.60085714285714,0.3971428571428571,65.26599999999999,0.000978,0.000827,0.001427,15.462285714285745,1
2111,5191,2025-01-21 11:27:13+00:00,2025-01-21 11:27:13+00:00,129.2641666666667,0.1330555555555556,46.31472222222222,141.7505555555556,31.18583333333333,32.84555555555557,1.4536111111111103,63.39111111111114,0.001034,0.000962,0.001793,15.128888888888888,1
2112,5195,2025-01-21 11:27:18+00:00,2025-01-21 11:27:18+00:00,155.14090909090908,0.1560606060606061,46.47787878787877,168.4936363636364,31.232121212121207,33.13575757575758,1.7036363636363634,62.83,0.000986,0.000987,0.001918,15.245757575757564,1
2113,5199,2025-01-21 11:27:23+00:00,2025-01-21 11:27:23+00:00,177.8870588235294,0.1808823529411765,46.561764705882354,193.5732352941177,31.215294117647066,33.562058823529405,1.953529411764706,62.43147058823532,0.001002,0.001041,0.00218,15.346470588235292,1
2114,5201,2025-01-21 11:27:26+00:00,2025-01-21 11:27:26+00:00,190.4473529411765,0.2044117647058823,46.91882352941176,206.02441176470583,31.28205882352941,34.24264705882353,2.1050000000000004,62.68705882352943,0.001014,0.001074,0.002316,15.63676470588235,1
2115,5216,2025-01-21 11:27:46+00:00,2025-01-21 11:27:46+00:00,215.30352941176463,0.2126470588235294,47.68823529411764,233.9658823529412,31.26794117647058,34.550588235294114,2.505588235294117,61.879411764705885,0.001123,0.001192,0.002781,16.42029411764706,1
2116,5219,2025-01-21 11:27:50+00:00,2025-01-21 11:27:50+00:00,208.89777777777783,0.1677777777777777,47.752777777777794,225.9383333333334,31.26222222222221,34.45000000000001,2.398333333333333,62.0186111111111,0.001106,0.00115,0.002689,16.490555555555584,1
2117,5223,2025-01-21 11:27:55+00:00,2025-01-21 11:27:55+00:00,194.6121212121212,0.1745454545454545,47.9378787878788,210.92909090909092,31.274545454545446,34.25939393939393,2.176666666666666,62.424848484848496,0.001055,0.001104,0.002504,16.663333333333348,1
2118,5236,2025-01-21 11:28:12+00:00,2025-01-21 11:28:12+00:00,114.5799999999999,0.16175,47.841000000000015,128.64924999999997,31.374500000000005,33.31275000000001,1.34,64.44699999999997,0.001006,0.000885,0.001676,16.46650000000001,1
2119,5242,2025-01-21 11:28:20+00:00,2025-01-21 11:28:20+00:00,74.58513513513512,0.1502702702702703,47.2472972972973,84.63324324324324,31.26594594594593,32.5927027027027,0.8748648648648654,64.75945945945942,0.00093,0.000794,0.00138,15.981351351351371,1
2120,5252,2025-01-21 11:28:33+00:00,2025-01-21 11:28:33+00:00,27.899459459459464,0.1389189189189189,47.24135135135136,36.50756756756757,31.44054054054053,32.12432432432432,0.2899999999999997,66.0310810810811,0.000788,0.000637,0.001089,15.800810810810834,1
2121,5263,2025-01-21 11:28:47+00:00,2025-01-21 11:28:47+00:00,24.68428571428572,0.1271428571428571,46.39057142857142,30.842571428571443,31.33628571428572,31.736285714285717,0.2905714285714284,65.81999999999996,0.000796,0.000655,0.001033,15.0542857142857,1
2122,5267,2025-01-21 11:28:53+00:00,2025-01-21 11:28:53+00:00,38.57571428571427,0.1551428571428572,46.832285714285725,45.45685714285712,31.443714285714293,32.292285714285704,0.2899999999999998,65.77514285714285,0.000874,0.000731,0.001124,15.388571428571431,1
2123,5273,2025-01-21 11:29:00+00:00,2025-01-21 11:29:00+00:00,63.81540540540541,0.1113513513513514,46.19108108108109,73.03378378378378,31.265135135135115,31.925405405405407,0.2899999999999997,64.56594594594594,0.001,0.000815,0.001338,14.925945945945973,1
2124,5280,2025-01-21 11:29:10+00:00,2025-01-21 11:29:10+00:00,114.0994736842105,0.1568421052631579,46.37684210526319,125.94210526315788,31.307631578947348,32.6586842105263,1.303947368421052,63.59184210526314,0.00111,0.000946,0.001767,15.06921052631584,1
2125,5282,2025-01-21 11:29:12+00:00,2025-01-21 11:29:12+00:00,124.27441176470587,0.1605882352941176,46.51382352941175,137.3479411764706,31.34205882352942,32.95117647058824,1.4094117647058824,63.84205882352941,0.001059,0.000973,0.001792,15.171764705882332,1
2126,5306,2025-01-21 11:29:44+00:00,2025-01-21 11:29:44+00:00,218.0817647058823,0.2135294117647059,48.06235294117648,236.7664705882353,31.53764705882355,34.88941176470588,2.5629411764705883,62.07411764705882,0.001149,0.001207,0.002901,16.52470588235293,1
2127,5307,2025-01-21 11:29:45+00:00,2025-01-21 11:29:45+00:00,217.6302857142858,0.1982857142857143,47.71514285714286,235.31800000000004,31.39971428571427,34.62000000000001,2.533428571428572,61.64057142857144,0.00115,0.001215,0.002895,16.315428571428587,1
2128,5312,2025-01-21 11:29:52+00:00,2025-01-21 11:29:52+00:00,202.66470588235296,0.2008823529411764,47.87029411764704,221.68617647058824,31.392647058823517,34.5214705882353,2.3197058823529404,62.17941176470588,0.001154,0.001154,0.002689,16.47764705882353,1
2129,5336,2025-01-21 11:30:24+00:00,2025-01-21 11:30:24+00:00,57.541388888888896,0.1111111111111111,47.54555555555554,66.33555555555553,31.491111111111117,32.743055555555536,0.2899999999999998,65.5388888888889,0.000877,0.000742,0.001245,16.054444444444425,1
2130,5356,2025-01-21 11:30:51+00:00,2025-01-21 11:30:51+00:00,31.96757575757575,0.1084848484848484,46.63878787878787,38.84696969696971,31.46878787878788,31.85363636363637,0.2899999999999998,65.40787878787879,0.000901,0.000679,0.001052,15.169999999999996,1
2131,5359,2025-01-21 11:30:54+00:00,2025-01-21 11:30:54+00:00,40.72857142857143,0.1305714285714286,46.50142857142857,47.672285714285714,31.46085714285716,32.05257142857143,0.2899999999999998,65.4,0.000895,0.000732,0.00113,15.040571428571411,1
2132,5362,2025-01-21 11:30:58+00:00,2025-01-21 11:30:58+00:00,56.03052631578948,0.1699999999999999,46.47052631578946,64.98105263157895,31.43210526315789,32.14842105263158,0.2905263157894734,65.07368421052627,0.000954,0.000808,0.001225,15.038421052631572,1
2133,5365,2025-01-21 11:31:02+00:00,2025-01-21 11:31:02+00:00,73.04176470588237,0.0967647058823529,46.39147058823532,80.83941176470583,31.392647058823517,32.28911764705883,0.5735294117647058,64.36617647058824,0.000993,0.000848,0.00138,14.9988235294118,1
2134,5374,2025-01-21 11:31:14+00:00,2025-01-21 11:31:14+00:00,134.25764705882358,0.1838235294117647,46.615588235294126,146.51823529411766,31.48058823529412,33.227058823529404,1.510000000000001,63.61735294117645,0.001019,0.00096,0.001743,15.135000000000003,1
2135,5380,2025-01-21 11:31:22+00:00,2025-01-21 11:31:22+00:00,172.91027027027022,0.1497297297297297,46.64756756756757,187.54837837837832,31.44270270270271,33.76756756756757,1.9035135135135133,62.45540540540543,0.001017,0.00108,0.002142,15.20486486486486,1
2136,5387,2025-01-21 11:31:31+00:00,2025-01-21 11:31:31+00:00,205.50527777777785,0.2163888888888889,47.3475,221.8844444444444,31.558333333333323,34.58222222222223,2.318333333333333,62.12250000000001,0.00114,0.001177,0.002674,15.789166666666674,1
2137,5402,2025-01-21 11:31:51+00:00,2025-01-21 11:31:51+00:00,206.60636363636365,0.2084848484848484,48.18727272727276,224.2127272727273,31.57484848484849,34.89424242424242,2.364242424242425,62.32878787878791,0.001126,0.001152,0.002686,16.612424242424265,1
2138,5414,2025-01-21 11:32:07+00:00,2025-01-21 11:32:07+00:00,142.5712121212121,0.1545454545454545,48.02909090909092,155.7563636363637,31.555151515151525,33.84848484848485,1.6051515151515166,63.52363636363639,0.001015,0.000989,0.001856,16.473939393939393,1
2139,5435,2025-01-21 11:32:35+00:00,2025-01-21 11:32:35+00:00,25.18515151515151,0.1448484848484848,46.89484848484849,33.108787878787886,31.549696969696967,32.0939393939394,0.2899999999999998,65.84212121212121,0.000844,0.000631,0.001004,15.34515151515152,1
2140,5458,2025-01-21 11:33:06+00:00,2025-01-21 11:33:06+00:00,90.45277777777775,0.1744444444444445,46.630833333333314,101.49722222222228,31.585000000000004,32.77777777777778,1.0816666666666672,64.44333333333334,0.001045,0.000904,0.001536,15.04583333333331,1
2141,5463,2025-01-21 11:33:12+00:00,2025-01-21 11:33:12+00:00,122.12289473684216,0.1644736842105264,46.94263157894736,134.7363157894737,31.67684210526313,33.46736842105264,1.3971052631578935,64.17552631578947,0.001016,0.000946,0.001645,15.265789473684231,1
2142,5502,2025-01-21 11:34:03+00:00,2025-01-21 11:34:03+00:00,162.07030303030302,0.196969696969697,48.39181818181817,177.38030303030305,31.71818181818181,34.4221212121212,1.7930303030303034,63.47333333333333,0.001013,0.000986,0.001954,16.673636363636355,1
2143,5507,2025-01-21 11:34:10+00:00,2025-01-21 11:34:10+00:00,126.60538461538464,0.1443589743589745,47.78205128205129,140.57615384615391,31.58051282051281,33.68487179487181,1.4733333333333332,63.66538461538463,0.001002,0.000934,0.001683,16.20153846153848,1
2144,5521,2025-01-21 11:34:28+00:00,2025-01-21 11:34:28+00:00,44.00583333333334,0.1697222222222222,47.47749999999999,52.325,31.747222222222224,32.68305555555554,0.2899999999999998,65.81916666666665,0.00092,0.000712,0.001144,15.730277777777768,1
2145,5522,2025-01-21 11:34:29+00:00,2025-01-21 11:34:29+00:00,40.04944444444444,0.1661111111111111,47.49472222222224,48.9988888888889,31.70944444444446,32.62000000000001,0.2899999999999998,65.57361111111112,0.000861,0.000693,0.001115,15.785277777777775,1
2146,5524,2025-01-21 11:34:32+00:00,2025-01-21 11:34:32+00:00,31.585714285714268,0.1328571428571428,47.11257142857141,38.58771428571431,31.661142857142867,32.30285714285716,0.2899999999999998,65.76057142857144,0.000838,0.000657,0.001105,15.451428571428549,1
2147,5526,2025-01-21 11:34:35+00:00,2025-01-21 11:34:35+00:00,25.49588235294119,0.1432352941176471,46.88117647058822,32.847058823529416,31.641176470588228,31.99147058823529,0.2899999999999998,65.45294117647057,0.000831,0.000662,0.001049,15.239999999999997,1
2148,5534,2025-01-21 11:34:46+00:00,2025-01-21 11:34:46+00:00,22.41685714285715,0.1354285714285714,46.617714285714285,29.06485714285715,31.652285714285707,32.00685714285716,0.2922857142857141,65.68457142857143,0.000837,0.000672,0.00108,14.965428571428578,1
2149,5540,2025-01-21 11:34:54+00:00,2025-01-21 11:34:54+00:00,39.38216216216216,0.1332432432432433,46.92459459459458,46.564864864864845,31.72324324324326,32.43621621621621,0.2921621621621622,65.54270270270267,0.000926,0.000768,0.001153,15.20135135135132,1
2150,5543,2025-01-21 11:34:58+00:00,2025-01-21 11:34:58+00:00,54.854999999999976,0.1124999999999999,46.73500000000003,61.94861111111109,31.72027777777776,32.5,0.2899999999999998,65.25166666666668,0.000957,0.000805,0.001222,15.014722222222268,1
2151,5550,2025-01-21 11:35:07+00:00,2025-01-21 11:35:07+00:00,95.824,0.1471428571428572,46.69,106.42399999999996,31.683714285714306,32.91142857142857,1.1342857142857137,64.29542857142856,0.001088,0.000936,0.001634,15.006285714285696,1
2152,5558,2025-01-21 11:35:18+00:00,2025-01-21 11:35:18+00:00,151.84617647058826,0.1511764705882353,46.89088235294118,164.8861764705882,31.714705882352952,33.77882352941176,1.6905882352941186,63.29470588235294,0.001005,0.000986,0.00189,15.176176470588231,1
2153,5559,2025-01-21 11:35:19+00:00,2025-01-21 11:35:19+00:00,157.77263157894728,0.1705263157894737,47.22763157894733,170.8702631578947,31.81763157894736,34.08894736842105,1.7394736842105254,63.41710526315787,0.001015,0.000992,0.001907,15.409999999999975,1
2154,5571,2025-01-21 11:35:35+00:00,2025-01-21 11:35:35+00:00,213.8797297297297,0.1924324324324323,47.56675675675677,230.341891891892,31.754864864864867,34.91486486486487,2.46891891891892,61.884324324324304,0.001153,0.001194,0.002697,15.8118918918919,1
2155,5591,2025-01-21 11:36:01+00:00,2025-01-21 11:36:01+00:00,172.19696969696977,0.14,48.12333333333336,186.7978787878789,31.68636363636364,34.4048484848485,1.9057575757575749,62.706666666666685,0.001037,0.000999,0.001981,16.43696969696972,1
2156,5596,2025-01-21 11:36:08+00:00,2025-01-21 11:36:08+00:00,136.437027027027,0.1727027027027027,48.13486486486488,152.41513513513516,31.725675675675685,34.04162162162161,1.5781081081081083,63.681351351351374,0.000993,0.000931,0.001698,16.409189189189195,1
2157,5609,2025-01-21 11:36:25+00:00,2025-01-21 11:36:25+00:00,55.222777777777786,0.1316666666666667,47.78333333333335,63.905555555555566,31.87166666666668,33.13472222222222,0.2899999999999998,65.58083333333332,0.000905,0.000835,0.001224,15.911666666666676,1
2158,5610,2025-01-21 11:36:26+00:00,2025-01-21 11:36:26+00:00,50.94675675675676,0.1291891891891892,47.574054054054045,59.66513513513514,31.77945945945944,32.86783783783784,0.2899999999999997,65.23270270270267,0.000895,0.000728,0.001222,15.794594594594606,1
2159,5625,2025-01-21 11:36:46+00:00,2025-01-21 11:36:46+00:00,22.108684210526324,0.1318421052631578,46.97263157894738,28.998947368421053,31.822894736842112,32.292894736842115,0.2918421052631579,65.86315789473687,0.00085,0.000695,0.001057,15.149736842105266,1
2160,5639,2025-01-21 11:37:04+00:00,2025-01-21 11:37:04+00:00,79.65400000000001,0.1582857142857143,46.76342857142856,89.83942857142858,31.777714285714275,32.859999999999985,0.995714285714286,64.6377142857143,0.001069,0.000886,0.001461,14.98571428571428,1
2161,5652,2025-01-21 11:37:21+00:00,2025-01-21 11:37:21+00:00,166.15027777777786,0.1902777777777778,47.31361111111111,181.48888888888888,31.946111111111104,34.29833333333334,1.8347222222222224,63.1352777777778,0.001055,0.001053,0.002131,15.367500000000003,1
2162,5663,2025-01-21 11:37:36+00:00,2025-01-21 11:37:36+00:00,213.82371428571437,0.1971428571428571,47.85742857142857,231.7848571428571,31.94714285714284,35.20199999999999,2.4925714285714293,62.22314285714285,0.00111,0.001196,0.002716,15.910285714285733,1
2163,5672,2025-01-21 11:37:47+00:00,2025-01-21 11:37:47+00:00,214.91972222222228,0.1922222222222222,48.19194444444448,232.73083333333335,31.88138888888889,35.19861111111111,2.526111111111111,61.85944444444445,0.001114,0.00119,0.00275,16.310555555555585,1
2164,5685,2025-01-21 11:38:04+00:00,2025-01-21 11:38:04+00:00,159.07783783783776,0.1518918918918918,48.182972972972976,173.4348648648648,31.846486486486484,34.343783783783785,1.7756756756756755,63.25054054054053,0.001025,0.001,0.001983,16.336486486486493,1
2165,5693,2025-01-21 11:38:15+00:00,2025-01-21 11:38:15+00:00,102.09555555555552,0.171111111111111,47.95555555555557,115.5836111111111,31.8625,33.645277777777785,1.2263888888888888,64.35583333333335,0.001039,0.000901,0.001636,16.093055555555573,1
2166,5699,2025-01-21 11:38:23+00:00,2025-01-21 11:38:23+00:00,63.80114285714284,0.1602857142857142,47.65514285714286,73.88828571428569,31.840571428571423,32.9877142857143,0.2905714285714284,64.80599999999998,0.000907,0.000782,0.001317,15.81457142857144,1
2167,5708,2025-01-21 11:38:35+00:00,2025-01-21 11:38:35+00:00,26.026666666666674,0.1245454545454545,47.14606060606062,32.37030303030303,31.868484848484854,32.47484848484849,0.2899999999999998,65.82363636363635,0.000805,0.00069,0.001049,15.277575757575764,1
2168,5739,2025-01-21 11:39:15+00:00,2025-01-21 11:39:15+00:00,136.92055555555555,0.1572222222222221,46.926944444444445,148.06055555555562,31.8925,33.68416666666667,1.5227777777777776,63.395833333333336,0.001045,0.001017,0.001894,15.034444444444444,1
2169,5741,2025-01-21 11:39:18+00:00,2025-01-21 11:39:18+00:00,149.83147058823528,0.1685294117647058,47.20147058823528,164.28294117647056,32.012647058823525,34.16794117647058,1.682058823529412,63.355294117647055,0.001029,0.001024,0.001947,15.188823529411756,1
2170,5758,2025-01-21 11:39:40+00:00,2025-01-21 11:39:40+00:00,217.44030303030303,0.1696969696969696,47.704242424242416,235.6051515151516,31.915454545454526,35.11181818181819,2.5809090909090915,61.555454545454566,0.001164,0.001234,0.002922,15.78878787878789,1
2171,5759,2025-01-21 11:39:41+00:00,2025-01-21 11:39:41+00:00,218.91138888888884,0.1833333333333334,47.77555555555554,236.0225,31.92666666666666,35.126388888888904,2.5913888888888885,61.68777777777777,0.001166,0.00124,0.002949,15.848888888888885,1
2172,5760,2025-01-21 11:39:43+00:00,2025-01-21 11:39:43+00:00,219.45833333333343,0.1997222222222222,48.24888888888888,236.23333333333343,32.03777777777778,35.5586111111111,2.600277777777777,62.04222222222225,0.00118,0.001245,0.002977,16.2111111111111,1
2173,5770,2025-01-21 11:39:56+00:00,2025-01-21 11:39:56+00:00,193.62400000000005,0.1868571428571429,48.31314285714288,210.8185714285713,31.96314285714287,34.98057142857145,2.2017142857142864,62.408857142857165,0.001122,0.001129,0.002557,16.35000000000001,1
2174,5781,2025-01-21 11:40:10+00:00,2025-01-21 11:40:10+00:00,129.26000000000005,0.1471052631578947,48.11763157894736,142.82157894736844,31.9342105263158,34.05394736842105,1.4936842105263153,63.51184210526316,0.001003,0.00094,0.001756,16.18342105263156,1
2175,5783,2025-01-21 11:40:13+00:00,2025-01-21 11:40:13+00:00,114.8491891891892,0.1545945945945946,48.31351351351352,126.79891891891896,32.05648648648649,34.120000000000005,1.3859459459459458,64.32351351351349,0.001013,0.000934,0.001656,16.25702702702703,1
2176,5787,2025-01-21 11:40:18+00:00,2025-01-21 11:40:18+00:00,87.83421052631574,0.1681578947368422,48.19210526315791,99.96736842105264,32.055526315789464,33.67026315789475,1.090263157894737,64.88026315789473,0.000983,0.000878,0.001513,16.13657894736845,1
2177,5788,2025-01-21 11:40:19+00:00,2025-01-21 11:40:19+00:00,83.71416666666669,0.1558333333333334,48.09333333333333,95.36611111111114,32.04861111111111,33.66694444444443,1.0419444444444443,64.82500000000002,0.00096,0.000837,0.001461,16.044722222222227,1
2178,5790,2025-01-21 11:40:22+00:00,2025-01-21 11:40:22+00:00,69.6391891891892,0.1483783783783784,47.79378378378377,79.3510810810811,31.96945945945947,33.27648648648649,0.4716216216216217,65.07270270270268,0.000935,0.000803,0.001362,15.824324324324303,1
2179,5799,2025-01-21 11:40:34+00:00,2025-01-21 11:40:34+00:00,28.23394736842104,0.1618421052631579,47.52736842105262,35.275000000000006,32.07894736842106,32.81657894736842,0.2886842105263156,65.97842105263159,0.000826,0.000687,0.001057,15.44842105263156,1
2180,5803,2025-01-21 11:40:39+00:00,2025-01-21 11:40:39+00:00,21.238529411764706,0.1247058823529411,47.51058823529411,27.221764705882336,32.1229411764706,32.71823529411764,0.2888235294117645,66.15500000000002,0.000789,0.000671,0.001003,15.38764705882351,1
2181,5808,2025-01-21 11:40:46+00:00,2025-01-21 11:40:46+00:00,21.662857142857145,0.1114285714285714,46.752285714285705,27.827714285714293,31.973428571428578,32.345142857142854,0.2899999999999998,65.5862857142857,0.000823,0.000714,0.001038,14.778857142857127,1
2182,5816,2025-01-21 11:40:56+00:00,2025-01-21 11:40:56+00:00,45.012777777777806,0.1111111111111111,46.627222222222215,51.74527777777779,31.94833333333333,32.56611111111112,0.2899999999999998,64.99666666666667,0.000918,0.000751,0.001152,14.678888888888885,1
2183,5825,2025-01-21 11:41:08+00:00,2025-01-21 11:41:08+00:00,97.8374285714286,0.1702857142857143,46.94799999999999,108.50028571428577,32.07257142857144,33.33371428571429,1.1591428571428568,64.29314285714285,0.001107,0.000951,0.001639,14.87542857142855,1
2184,5835,2025-01-21 11:41:21+00:00,2025-01-21 11:41:21+00:00,164.04205882352943,0.1861764705882352,46.97352941176471,178.26999999999995,32.054411764705875,34.142647058823535,1.8191176470588235,62.584117647058825,0.001014,0.001028,0.002025,14.919117647058831,1
2185,5845,2025-01-21 11:41:34+00:00,2025-01-21 11:41:34+00:00,211.1880555555556,0.1922222222222222,47.693611111111096,226.9788888888888,32.11027777777778,35.2175,2.431388888888888,62.096388888888896,0.001163,0.001178,0.002741,15.583333333333314,1
2186,5846,2025-01-21 11:41:35+00:00,2025-01-21 11:41:35+00:00,212.11333333333332,0.1753846153846154,47.903333333333336,228.6882051282052,32.145128205128195,35.31615384615384,2.484102564102564,62.01025641025637,0.001129,0.001196,0.002778,15.75820512820514,1
2187,5861,2025-01-21 11:41:55+00:00,2025-01-21 11:41:55+00:00,197.2588571428571,0.1674285714285714,48.64257142857142,213.64742857142855,32.17999999999999,35.37057142857142,2.2637142857142853,62.68257142857144,0.001108,0.0011,0.002529,16.46257142857143,1
2188,5871,2025-01-21 11:42:08+00:00,2025-01-21 11:42:08+00:00,140.5155882352941,0.1647058823529412,48.326764705882354,154.0526470588235,32.07441176470589,34.434411764705885,1.6105882352941183,63.57764705882355,0.001017,0.000945,0.001832,16.25235294117646,1
2189,5877,2025-01-21 11:42:16+00:00,2025-01-21 11:42:16+00:00,98.72277777777776,0.1522222222222223,48.3547222222222,110.68861111111111,32.195833333333354,34.00333333333334,1.1883333333333337,64.46333333333332,0.001045,0.000959,0.001624,16.158888888888846,1
2190,5887,2025-01-21 11:42:29+00:00,2025-01-21 11:42:29+00:00,41.95333333333333,0.11,47.60121212121213,50.15151515151518,32.15181818181817,33.008484848484855,0.2903030303030304,65.49393939393939,0.000847,0.000723,0.00116,15.449393939393955,1
2191,5893,2025-01-21 11:42:37+00:00,2025-01-21 11:42:37+00:00,23.081142857142847,0.1011428571428571,47.06371428571428,28.916,32.072,32.608000000000004,0.2899999999999998,65.62828571428571,0.00081,0.000652,0.001133,14.99171428571428,1
2192,5897,2025-01-21 11:42:44+00:00,2025-01-21 11:42:44+00:00,20.403888888888883,0.1222222222222222,47.03194444444445,25.552777777777777,32.15166666666667,32.52777777777778,0.2855555555555554,65.91249999999998,0.000775,0.000687,0.001063,14.880277777777778,1
2193,5901,2025-01-21 11:42:49+00:00,2025-01-21 11:42:49+00:00,26.290571428571425,0.1257142857142856,46.920000000000016,32.88800000000001,32.17571428571429,32.566571428571415,0.2899999999999998,65.76428571428573,0.00081,0.000653,0.001103,14.744285714285724,1
2194,5902,2025-01-21 11:42:50+00:00,2025-01-21 11:42:50+00:00,27.43696969696969,0.1127272727272727,47.04969696969699,33.28909090909092,32.19848484848486,32.796666666666674,0.2899999999999998,65.83515151515152,0.000819,0.000734,0.001098,14.851212121212129,1
2195,5907,2025-01-21 11:42:57+00:00,2025-01-21 11:42:57+00:00,47.841621621621606,0.1083783783783783,46.96297297297295,54.82891891891892,32.16351351351353,32.8064864864865,0.2899999999999997,65.12837837837837,0.000978,0.000787,0.001202,14.79945945945942,1
2196,5908,2025-01-21 11:42:58+00:00,2025-01-21 11:42:58+00:00,51.96972222222221,0.1483333333333333,46.82083333333331,60.16277777777778,32.14361111111111,32.8136111111111,0.2888888888888887,64.94277777777776,0.000965,0.000867,0.00126,14.677222222222198,1
2197,5913,2025-01-21 11:43:05+00:00,2025-01-21 11:43:05+00:00,83.10351351351349,0.1570270270270271,47.00405405405405,92.88864864864864,32.18702702702704,33.24108108108108,1.0197297297297294,64.61864864864866,0.001042,0.00089,0.001563,14.81702702702701,1
2198,5919,2025-01-21 11:43:12+00:00,2025-01-21 11:43:12+00:00,118.41108108108108,0.1586486486486486,47.18324324324324,130.16459459459458,32.23783783783785,33.85081081081082,1.3748648648648654,63.90351351351351,0.001101,0.000998,0.001817,14.945405405405388,1
2199,5922,2025-01-21 11:43:18+00:00,2025-01-21 11:43:18+00:00,149.42151515151514,0.1609090909090909,46.89969696969696,162.23666666666668,32.135454545454536,33.95060606060607,1.6766666666666672,62.92848484848484,0.001014,0.000971,0.001847,14.764242424242424,1
2200,5928,2025-01-21 11:43:25+00:00,2025-01-21 11:43:25+00:00,180.8537837837837,0.1870270270270271,47.29783783783782,196.9491891891892,32.191891891891906,34.722432432432434,2.039459459459459,62.49891891891893,0.001042,0.001074,0.002287,15.105945945945912,1
2201,5929,2025-01-21 11:43:27+00:00,2025-01-21 11:43:27+00:00,190.1055555555556,0.1752777777777778,47.52055555555557,204.76916666666665,32.23777777777779,34.965,2.141111111111111,62.505277777777806,0.001042,0.00109,0.002346,15.28277777777778,1
2202,5962,2025-01-21 11:44:10+00:00,2025-01-21 11:44:10+00:00,131.96923076923085,0.1666666666666666,48.42076923076926,144.91641025641022,32.24769230769231,34.446666666666694,1.5220512820512817,63.72846153846156,0.001006,0.000943,0.001802,16.173076923076948,1
2203,5963,2025-01-21 11:44:11+00:00,2025-01-21 11:44:11+00:00,126.21499999999996,0.150625,48.394375,139.499375,32.25375,34.33,1.4790624999999995,63.96781249999998,0.000991,0.000929,0.001725,16.140625000000007,1
2204,5967,2025-01-21 11:44:17+00:00,2025-01-21 11:44:17+00:00,95.20305555555552,0.1705555555555556,48.48722222222221,106.60138888888886,32.361111111111114,34.11527777777776,1.161666666666667,64.88722222222219,0.001022,0.000878,0.001613,16.126111111111094,1
2205,5970,2025-01-21 11:44:21+00:00,2025-01-21 11:44:21+00:00,75.8228947368421,0.1684210526315789,47.99342105263157,86.62315789473689,32.271578947368404,33.60815789473684,0.9563157894736845,64.96526315789474,0.000963,0.000831,0.001451,15.721842105263164,1
2206,5971,2025-01-21 11:44:22+00:00,2025-01-21 11:44:22+00:00,71.26324324324325,0.1529729729729729,48.38594594594595,81.26891891891894,32.32486486486485,34.0118918918919,0.7170270270270266,65.29756756756755,0.000932,0.000796,0.001377,16.0610810810811,1
2207,5972,2025-01-21 11:44:23+00:00,2025-01-21 11:44:23+00:00,66.11878787878791,0.1342424242424243,48.11787878787877,76.5712121212121,32.31060606060604,33.622121212121215,0.389393939393939,65.0560606060606,0.000924,0.000772,0.001334,15.807272727272732,1
2208,5978,2025-01-21 11:44:31+00:00,2025-01-21 11:44:31+00:00,36.54974358974359,0.1494871794871795,47.57333333333333,44.34153846153845,32.26256410256409,33.044358974358964,0.2899999999999997,65.605641025641,0.000807,0.000687,0.001167,15.31076923076924,1
2209,5981,2025-01-21 11:44:35+00:00,2025-01-21 11:44:35+00:00,27.233421052631588,0.1313157894736842,47.397894736842105,33.79578947368422,32.24368421052632,32.87236842105261,0.2894736842105261,65.74315789473678,0.000795,0.000687,0.001066,15.154210526315786,1
2210,5987,2025-01-21 11:44:43+00:00,2025-01-21 11:44:43+00:00,19.722777777777768,0.1544444444444444,47.39249999999999,25.98222222222221,32.32833333333333,32.874166666666675,0.2836111111111111,66.10361111111108,0.000747,0.000667,0.001024,15.064166666666658,1
2211,5989,2025-01-21 11:44:45+00:00,2025-01-21 11:44:45+00:00,20.871944444444438,0.1155555555555555,47.11416666666665,26.79111111111112,32.24333333333334,32.62333333333332,0.2888888888888887,65.88194444444443,0.000815,0.000685,0.001076,14.870833333333309,1
2212,6006,2025-01-21 11:45:08+00:00,2025-01-21 11:45:08+00:00,97.485,0.1364705882352941,47.53617647058823,107.1861764705882,32.436470588235295,33.837352941176455,1.1623529411764713,64.61529411764704,0.001084,0.00094,0.001701,15.099705882352936,1
2213,6017,2025-01-21 11:45:22+00:00,2025-01-21 11:45:22+00:00,166.67513513513506,0.1759459459459459,47.30945945945946,181.5505405405405,32.29243243243241,34.64405405405405,1.8675675675675685,62.76945945945944,0.001039,0.001083,0.002186,15.017027027027048,1
2214,6024,2025-01-21 11:45:31+00:00,2025-01-21 11:45:31+00:00,202.83764705882356,0.1714705882352941,47.55176470588234,217.77294117647057,32.27499999999999,35.10058823529411,2.3035294117647047,62.09823529411765,0.001108,0.001143,0.002633,15.27676470588235,1
2215,6031,2025-01-21 11:45:40+00:00,2025-01-21 11:45:40+00:00,218.4582857142857,0.1754285714285714,47.76600000000002,235.87514285714283,32.31399999999998,35.386,2.5942857142857143,61.51028571428573,0.00114,0.001229,0.002846,15.45200000000004,1
2216,6042,2025-01-21 11:45:55+00:00,2025-01-21 11:45:55+00:00,199.0853846153846,0.171025641025641,48.5720512820513,214.82307692307697,32.301538461538456,35.32307692307691,2.295641025641025,62.03820512820512,0.001106,0.001113,0.002599,16.27051282051284,1
2217,6051,2025-01-21 11:46:07+00:00,2025-01-21 11:46:07+00:00,146.13117647058823,0.1691176470588235,48.51088235294118,161.4670588235293,32.3429411764706,34.74205882352942,1.6841176470588235,63.46999999999999,0.001017,0.000972,0.001931,16.167941176470585,1
2218,6053,2025-01-21 11:46:09+00:00,2025-01-21 11:46:09+00:00,138.05538461538467,0.1679487179487179,48.93743589743591,151.13282051282044,32.45692307692309,34.883589743589724,1.5828205128205128,63.93076923076922,0.001024,0.000946,0.001849,16.48051282051282,1
2219,6064,2025-01-21 11:46:24+00:00,2025-01-21 11:46:24+00:00,62.61648648648647,0.1348648648648649,48.30162162162165,72.16756756756754,32.50540540540542,33.759189189189186,0.3086486486486483,65.46918918918921,0.000905,0.000811,0.001341,15.79621621621623,1
2220,6091,2025-01-21 11:47:00+00:00,2025-01-21 11:47:00+00:00,57.94194444444445,0.1519444444444445,47.33055555555554,66.14944444444446,32.50666666666667,33.390277777777776,0.2899999999999998,65.16888888888889,0.000977,0.000814,0.00129,14.823888888888874,1
2221,6105,2025-01-21 11:47:19+00:00,2025-01-21 11:47:19+00:00,153.07514285714282,0.1811428571428571,47.29542857142858,165.6042857142857,32.43142857142858,34.48685714285715,1.7205714285714286,63.202571428571446,0.001002,0.000989,0.001918,14.863999999999995,1
2222,6107,2025-01-21 11:47:21+00:00,2025-01-21 11:47:21+00:00,162.9641025641026,0.1912820512820512,47.32435897435895,177.28435897435892,32.43538461538461,34.57025641025642,1.815384615384616,62.76820512820513,0.001011,0.001044,0.002066,14.888974358974338,1
2223,6111,2025-01-21 11:47:27+00:00,2025-01-21 11:47:27+00:00,187.325945945946,0.2029729729729729,47.40486486486488,203.64189189189176,32.39297297297297,34.92027027027028,2.128108108108109,62.11270270270271,0.001059,0.001101,0.002422,15.011891891891906,1
2224,6113,2025-01-21 11:47:29+00:00,2025-01-21 11:47:29+00:00,195.49277777777772,0.1700000000000001,47.61194444444445,210.4688888888888,32.43222222222224,35.182222222222215,2.234166666666668,62.206388888888895,0.001077,0.001129,0.002573,15.17972222222221,1
2225,6134,2025-01-21 11:47:57+00:00,2025-01-21 11:47:57+00:00,191.73,0.2007692307692308,48.53153846153847,209.20410256410256,32.41538461538463,35.27410256410256,2.210769230769232,62.147692307692346,0.001071,0.001086,0.002462,16.116153846153836,1
2226,6147,2025-01-21 11:48:14+00:00,2025-01-21 11:48:14+00:00,111.58210526315791,0.1492105263157894,48.46,125.03184210526324,32.50342105263158,34.38921052631579,1.3484210526315796,64.14789473684213,0.001055,0.000921,0.001755,15.95657894736842,1
2227,6157,2025-01-21 11:48:27+00:00,2025-01-21 11:48:27+00:00,50.55828571428573,0.1505714285714285,48.02314285714285,59.85171428571429,32.53171428571428,33.533714285714304,0.2899999999999998,65.19628571428572,0.000864,0.000779,0.001253,15.491428571428573,1
2228,6164,2025-01-21 11:48:36+00:00,2025-01-21 11:48:36+00:00,25.534571428571425,0.1271428571428571,47.91914285714284,32.91028571428572,32.64771428571428,33.35314285714287,0.2899999999999998,66.16057142857143,0.00078,0.000674,0.001071,15.271428571428558,1
2229,6166,2025-01-21 11:48:39+00:00,2025-01-21 11:48:39+00:00,21.112564102564097,0.1225641025641025,47.44384615384617,26.81717948717948,32.52333333333332,32.993846153846164,0.2899999999999997,65.88666666666664,0.000773,0.000662,0.001055,14.920512820512847,1
2230,6173,2025-01-21 11:48:48+00:00,2025-01-21 11:48:48+00:00,23.556470588235303,0.1244117647058823,47.12352941176473,29.48147058823529,32.51647058823529,32.82764705882353,0.2902941176470587,65.40529411764706,0.000818,0.000684,0.001066,14.607058823529435,1
2231,6174,2025-01-21 11:48:49+00:00,2025-01-21 11:48:49+00:00,25.09371428571428,0.1142857142857142,47.152000000000015,31.64228571428572,32.537714285714266,32.940571428571445,0.2959999999999997,65.75399999999999,0.000859,0.000677,0.001071,14.61428571428575,1
2232,6196,2025-01-21 11:49:18+00:00,2025-01-21 11:49:18+00:00,146.24027777777778,0.1805555555555556,47.23388888888889,159.6530555555556,32.52111111111113,34.4286111111111,1.6544444444444448,63.060277777777806,0.001034,0.001009,0.001972,14.71277777777776,1
2233,6199,2025-01-21 11:49:22+00:00,2025-01-21 11:49:22+00:00,166.00742857142862,0.1317142857142857,47.736,178.25828571428562,32.63199999999998,35.03857142857144,1.8571428571428568,63.11199999999999,0.001034,0.001054,0.002175,15.10400000000002,1
2234,6213,2025-01-21 11:49:40+00:00,2025-01-21 11:49:40+00:00,219.38333333333344,0.1925,48.16833333333335,235.80972222222232,32.580000000000005,35.78444444444446,2.621388888888888,61.77611111111113,0.001212,0.001253,0.003024,15.588333333333344,1
2235,6214,2025-01-21 11:49:42+00:00,2025-01-21 11:49:42+00:00,218.70485714285712,0.1837142857142857,48.53599999999999,235.9282857142858,32.65971428571428,36.09571428571428,2.6262857142857152,62.18114285714286,0.001188,0.001256,0.003003,15.876285714285707,1
2236,6224,2025-01-21 11:49:55+00:00,2025-01-21 11:49:55+00:00,199.9708333333332,0.1844444444444444,48.68333333333335,215.8227777777777,32.56444444444445,35.65333333333333,2.32222222222222,62.24055555555557,0.001146,0.001121,0.002666,16.118888888888904,1
2237,6259,2025-01-21 11:50:41+00:00,2025-01-21 11:50:41+00:00,20.15514285714287,0.1434285714285714,47.53599999999999,26.651999999999997,32.666285714285706,33.078571428571415,0.2899999999999998,65.96771428571428,0.000786,0.000724,0.001058,14.86971428571428,1
2238,6261,2025-01-21 11:50:43+00:00,2025-01-21 11:50:43+00:00,19.7281081081081,0.1105405405405405,47.78351351351351,25.232702702702703,32.77945945945946,33.40108108108108,0.2899999999999997,66.30945945945948,0.00077,0.000672,0.001079,15.004054054054052,1
2239,6262,2025-01-21 11:50:45+00:00,2025-01-21 11:50:45+00:00,20.816875,0.0949999999999999,47.130625,25.697499999999994,32.62125,32.945625,0.2899999999999998,65.68156250000001,0.00078,0.000675,0.001083,14.509375000000006,1
2240,6271,2025-01-21 11:50:56+00:00,2025-01-21 11:50:56+00:00,42.06864864864865,0.1302702702702702,47.23189189189188,49.29081081081083,32.663243243243244,33.251621621621624,0.2899999999999997,65.30756756756756,0.000946,0.000758,0.001205,14.568648648648631,1
2241,6273,2025-01-21 11:50:59+00:00,2025-01-21 11:50:59+00:00,53.66891891891894,0.1432432432432432,47.37594594594594,61.51378378378378,32.71243243243245,33.46243243243244,0.2899999999999997,65.16594594594594,0.000951,0.000794,0.001271,14.663513513513491,1
2242,6278,2025-01-21 11:51:06+00:00,2025-01-21 11:51:06+00:00,86.2324324324324,0.1624324324324324,47.25783783783784,94.1778378378378,32.65027027027027,33.73378378378378,1.051351351351351,64.46621621621625,0.001071,0.000906,0.001579,14.607567567567571,1
2243,6284,2025-01-21 11:51:13+00:00,2025-01-21 11:51:13+00:00,120.60055555555556,0.1675,47.5575,131.3177777777778,32.7475,34.47916666666666,1.3980555555555554,64.05194444444439,0.001073,0.000991,0.00196,14.809999999999995,1
2244,6286,2025-01-21 11:51:16+00:00,2025-01-21 11:51:16+00:00,135.0341666666667,0.1530555555555556,47.320555555555536,147.91111111111107,32.66694444444445,34.43750000000001,1.5491666666666668,63.40944444444448,0.001042,0.000985,0.001832,14.65361111111109,1
2245,6306,2025-01-21 11:51:42+00:00,2025-01-21 11:51:42+00:00,218.49583333333328,0.1975,48.29861111111112,236.41999999999996,32.69416666666669,35.88749999999999,2.634444444444445,61.71027777777777,0.001155,0.001258,0.002982,15.604444444444423,1
2246,6316,2025-01-21 11:51:55+00:00,2025-01-21 11:51:55+00:00,200.11472222222216,0.1936111111111111,48.96555555555553,216.9977777777777,32.75805555555556,35.90833333333334,2.3344444444444448,62.20222222222223,0.001152,0.00113,0.002635,16.207499999999975,1
2247,6320,2025-01-21 11:52:01+00:00,2025-01-21 11:52:01+00:00,178.0256756756757,0.1637837837837838,48.68675675675674,192.5954054054054,32.65513513513514,35.34054054054055,2.021891891891891,62.53459459459462,0.001068,0.001071,0.002347,16.031621621621603,1
2248,6331,2025-01-21 11:52:15+00:00,2025-01-21 11:52:15+00:00,108.96749999999996,0.1475,48.888888888888886,120.75944444444444,32.79500000000001,34.82083333333333,1.3319444444444444,64.27694444444441,0.001023,0.000881,0.001697,16.093888888888877,1
2249,6344,2025-01-21 11:52:32+00:00,2025-01-21 11:52:32+00:00,35.543421052631594,0.1368421052631578,47.86631578947367,43.63552631578946,32.76605263157893,33.479473684210525,0.2899999999999997,65.55342105263158,0.000827,0.000676,0.001092,15.100263157894735,1
2250,6357,2025-01-21 11:52:49+00:00,2025-01-21 11:52:49+00:00,24.662941176470586,0.1441176470588235,47.42705882352942,30.957352941176463,32.767352941176455,33.18588235294118,0.289705882352941,65.89235294117645,0.000804,0.000676,0.001027,14.659705882352966,1
2251,6365,2025-01-21 11:53:00+00:00,2025-01-21 11:53:00+00:00,56.696666666666665,0.1212121212121212,47.80242424242423,64.50757575757575,32.88242424242424,33.75151515151516,0.2899999999999998,65.47030303030304,0.000965,0.000794,0.001242,14.919999999999987,1
2252,6366,2025-01-21 11:53:01+00:00,2025-01-21 11:53:01+00:00,60.84052631578944,0.1373684210526315,47.51342105263157,68.11657894736847,32.868684210526304,33.67473684210527,0.2889473684210524,64.91789473684211,0.000973,0.000804,0.001277,14.644736842105267,1
2253,6404,2025-01-21 11:53:51+00:00,2025-01-21 11:53:51+00:00,211.5811428571428,0.1845714285714285,49.12028571428573,228.31571428571436,32.924571428571426,36.32171428571428,2.517428571428572,62.189714285714295,0.001163,0.001205,0.002818,16.195714285714303,1
2254,6408,2025-01-21 11:53:56+00:00,2025-01-21 11:53:56+00:00,196.8027777777778,0.1802777777777778,49.25444444444443,214.3513888888889,32.98083333333335,36.18694444444444,2.2880555555555557,62.67472222222221,0.001137,0.001134,0.002639,16.27361111111108,1
2255,6431,2025-01-21 11:54:26+00:00,2025-01-21 11:54:26+00:00,57.33057142857142,0.1537142857142857,48.46599999999998,66.03342857142853,32.96999999999999,34.29657142857142,0.2899999999999998,65.6182857142857,0.000928,0.000755,0.001289,15.495999999999988,1
2256,6441,2025-01-21 11:54:39+00:00,2025-01-21 11:54:39+00:00,22.474324324324325,0.1408108108108108,47.62891891891889,28.478378378378387,32.88297297297297,33.36000000000001,0.2899999999999997,65.90405405405404,0.000792,0.000662,0.001063,14.74594594594592,1
2257,6444,2025-01-21 11:54:44+00:00,2025-01-21 11:54:44+00:00,19.742105263157896,0.1228947368421053,47.45394736842106,26.01973684210526,32.89236842105263,33.25289473684211,0.2899999999999997,65.81552631578944,0.000782,0.000689,0.001069,14.561578947368432,1
2258,6447,2025-01-21 11:54:48+00:00,2025-01-21 11:54:48+00:00,23.78944444444444,0.1494444444444444,47.253888888888895,29.91472222222221,32.90166666666667,33.102222222222224,0.2899999999999998,65.58194444444443,0.000829,0.000682,0.00117,14.352222222222224,1
2259,6452,2025-01-21 11:54:55+00:00,2025-01-21 11:54:55+00:00,38.39972222222222,0.1333333333333333,47.315,44.958611111111104,32.912499999999994,33.435,0.2899999999999998,65.49555555555554,0.000888,0.000709,0.001155,14.402500000000003,1
2260,6456,2025-01-21 11:55:00+00:00,2025-01-21 11:55:00+00:00,55.76588235294119,0.1214705882352941,47.37176470588234,63.44058823529409,32.942058823529415,33.62323529411763,0.2899999999999998,65.07411764705883,0.000966,0.000794,0.00132,14.429705882352929,1
2261,6459,2025-01-21 11:55:04+00:00,2025-01-21 11:55:04+00:00,73.15205882352944,0.1141176470588235,47.42117647058825,82.22705882352946,32.90352941176469,33.884705882352954,0.7952941176470589,64.46176470588232,0.001035,0.000869,0.001474,14.517647058823565,1
2262,6464,2025-01-21 11:55:11+00:00,2025-01-21 11:55:11+00:00,107.75589743589748,0.1446153846153845,47.51384615384613,119.12307692307697,32.94333333333336,34.358205128205135,1.2864102564102564,64.13948717948716,0.001125,0.000982,0.001835,14.570512820512768,1
2263,6465,2025-01-21 11:55:12+00:00,2025-01-21 11:55:12+00:00,113.43648648648649,0.1502702702702702,47.96513513513511,123.22000000000004,33.04783783783783,34.808648648648635,1.3354054054054056,64.36270270270269,0.001137,0.000986,0.001893,14.917297297297274,1
2264,6474,2025-01-21 11:55:24+00:00,2025-01-21 11:55:24+00:00,173.1221052631579,0.1731578947368422,47.528157894736864,188.46368421052625,32.90736842105263,35.15526315789472,1.967105263157894,62.41947368421054,0.00105,0.001063,0.002255,14.620789473684232,1
2265,6481,2025-01-21 11:55:33+00:00,2025-01-21 11:55:33+00:00,204.86371428571428,0.1865714285714285,48.28342857142856,221.34628571428567,33.026,36.0222857142857,2.402000000000001,62.04771428571426,0.001114,0.001175,0.00277,15.257428571428562,1
2266,6482,2025-01-21 11:55:34+00:00,2025-01-21 11:55:34+00:00,207.16405405405408,0.1786486486486486,47.958918918918926,224.01864864864865,32.929459459459466,35.710270270270264,2.4332432432432443,61.62216216216218,0.001128,0.001185,0.002797,15.02945945945946,1
2267,6494,2025-01-21 11:55:50+00:00,2025-01-21 11:55:50+00:00,212.66852941176484,0.21,48.794411764705856,230.55617647058813,32.9729411764706,36.195294117647045,2.550588235294118,61.73117647058821,0.001143,0.001216,0.002859,15.821470588235258,1
2268,6505,2025-01-21 11:56:04+00:00,2025-01-21 11:56:04+00:00,165.87676470588238,0.156764705882353,49.01941176470585,180.0361764705883,32.99647058823528,35.55705882352942,1.8785294117647056,62.93176470588236,0.00103,0.001035,0.002139,16.022941176470574,1
2269,6542,2025-01-21 11:56:53+00:00,2025-01-21 11:56:53+00:00,32.09030303030304,0.1593939393939394,47.73121212121213,37.359393939393954,33.16181818181816,33.878787878787875,0.292121212121212,65.89545454545454,0.000852,0.000714,0.001115,14.569393939393962,1
2270,6545,2025-01-21 11:56:57+00:00,2025-01-21 11:56:57+00:00,43.97594594594595,0.1454054054054054,47.45189189189189,51.59216216216216,33.071891891891866,33.66027027027027,0.2899999999999997,65.35405405405403,0.000894,0.000748,0.001187,14.380000000000024,1
2271,6548,2025-01-21 11:57:01+00:00,2025-01-21 11:57:01+00:00,59.37756756756754,0.1448648648648648,47.48405405405404,68.12216216216216,33.05135135135135,33.84648648648649,0.2899999999999997,64.86837837837835,0.000946,0.00084,0.001329,14.432702702702684,1
2272,6549,2025-01-21 11:57:02+00:00,2025-01-21 11:57:02+00:00,64.29314285714288,0.1522857142857142,47.52171428571429,73.06399999999996,33.07771428571428,33.892857142857146,0.3334285714285715,64.92428571428574,0.000992,0.000836,0.001404,14.44400000000001,1
2273,6551,2025-01-21 11:57:05+00:00,2025-01-21 11:57:05+00:00,77.34621621621622,0.1408108108108108,47.63864864864863,86.07891891891892,33.08297297297297,34.02702702702702,0.987297297297297,64.55135135135137,0.001014,0.000879,0.001512,14.555675675675666,1
2274,6557,2025-01-21 11:57:13+00:00,2025-01-21 11:57:13+00:00,117.59787878787878,0.1651515151515152,47.68424242424242,128.6609090909091,33.08878787878789,34.66060606060605,1.391212121212121,63.96969696969697,0.001122,0.000999,0.001914,14.59545454545453,1
2275,6571,2025-01-21 11:57:31+00:00,2025-01-21 11:57:31+00:00,197.8340000000001,0.1619999999999999,47.91599999999999,214.85142857142864,33.061714285714274,35.6677142857143,2.3242857142857147,61.784857142857135,0.001113,0.001186,0.002671,14.854285714285716,1
2276,6607,2025-01-21 11:58:18+00:00,2025-01-21 11:58:18+00:00,96.51918918918923,0.1548648648648649,48.771891891891904,106.30621621621624,33.14513513513514,34.8218918918919,1.1908108108108109,64.49540540540538,0.001042,0.000893,0.001659,15.626756756756762,1
2277,6610,2025-01-21 11:58:22+00:00,2025-01-21 11:58:22+00:00,75.97,0.1486842105263157,48.39394736842103,85.92289473684212,33.082894736842086,34.418684210526315,0.9918421052631576,64.6215789473684,0.000948,0.00084,0.001463,15.311052631578946,1
2278,6617,2025-01-21 11:58:31+00:00,2025-01-21 11:58:31+00:00,39.38864864864865,0.1445945945945946,48.400540540540526,48.067027027027024,33.22756756756759,34.08189189189189,0.2899999999999997,65.55567567567567,0.000817,0.0007,0.001218,15.172972972972936,1
2279,6620,2025-01-21 11:58:35+00:00,2025-01-21 11:58:35+00:00,28.77648648648648,0.1291891891891892,48.37918918918916,36.338108108108095,33.2872972972973,34.12324324324323,0.2924324324324321,66.14972972972973,0.000759,0.000667,0.0011,15.091891891891862,1
2280,6622,2025-01-21 11:58:38+00:00,2025-01-21 11:58:38+00:00,23.17114285714286,0.1165714285714285,47.854000000000006,30.10171428571429,33.18885714285716,33.63114285714287,0.2899999999999998,65.86542857142858,0.00075,0.000652,0.001089,14.665142857142849,1
2281,6643,2025-01-21 11:59:05+00:00,2025-01-21 11:59:05+00:00,77.2141025641026,0.1446153846153845,47.755641025641005,85.9533333333333,33.30487179487181,34.430000000000014,0.9838461538461536,64.94153846153843,0.0011,0.000889,0.001558,14.450769230769197,1
2282,6659,2025-01-21 11:59:26+00:00,2025-01-21 11:59:26+00:00,180.72878787878784,0.1706060606060606,48.20393939393939,193.8521212121212,33.36363636363635,35.97727272727273,2.0596969696969696,62.93727272727271,0.001112,0.001116,0.002413,14.84030303030304,1
2283,6665,2025-01-21 11:59:34+00:00,2025-01-21 11:59:34+00:00,207.2908333333333,0.1902777777777778,48.263333333333335,223.9402777777778,33.23388888888889,36.15111111111112,2.456111111111112,61.863611111111126,0.001134,0.001201,0.00284,15.029444444444444,1
2284,6672,2025-01-21 11:59:43+00:00,2025-01-21 11:59:43+00:00,220.48527777777775,0.2241666666666667,48.50111111111112,237.17361111111103,33.245,36.27666666666668,2.677222222222223,61.316388888888895,0.001164,0.001263,0.002994,15.256111111111125,1
2285,6674,2025-01-21 11:59:46+00:00,2025-01-21 11:59:46+00:00,217.8436363636363,0.1906060606060606,49.30969696969699,235.2178787878788,33.41090909090909,36.8078787878788,2.673333333333334,62.154848484848486,0.001175,0.001257,0.002998,15.8987878787879,1
2286,6679,2025-01-21 11:59:52+00:00,2025-01-21 11:59:52+00:00,209.9177142857144,0.1997142857142858,49.224571428571416,227.564,33.32257142857144,36.59799999999999,2.5382857142857134,61.96971428571429,0.001147,0.001197,0.002801,15.90199999999998,1
2287,6685,2025-01-21 12:00:00+00:00,2025-01-21 12:00:00+00:00,184.7299999999999,0.1963636363636364,49.22272727272728,201.1733333333333,33.27606060606059,36.14,2.1360606060606067,62.66787878787876,0.001088,0.001105,0.002424,15.946666666666689,1
2288,6694,2025-01-21 12:00:12+00:00,2025-01-21 12:00:12+00:00,128.1770270270271,0.1227027027027027,49.321081081081054,139.93621621621614,33.33243243243244,35.6108108108108,1.5170270270270272,64.08891891891894,0.001019,0.000964,0.001837,15.988648648648612,1
2289,6707,2025-01-21 12:00:29+00:00,2025-01-21 12:00:29+00:00,47.30722222222224,0.1177777777777778,48.34583333333331,54.235833333333325,33.29444444444445,34.17833333333332,0.2899999999999998,65.21749999999997,0.000836,0.00072,0.001228,15.05138888888886,1
2290,6712,2025-01-21 12:00:36+00:00,2025-01-21 12:00:36+00:00,26.885277777777773,0.1216666666666666,48.11944444444442,33.659444444444446,33.35861111111113,33.92444444444445,0.2899999999999998,65.83222222222224,0.000774,0.000641,0.001118,14.760833333333288,1
2291,6719,2025-01-21 12:00:45+00:00,2025-01-21 12:00:45+00:00,19.02947368421053,0.1331578947368421,47.74157894736842,25.53157894736841,33.33894736842105,33.71894736842104,0.2894736842105261,65.95131578947367,0.00084,0.00065,0.001054,14.402631578947371,1
2292,6722,2025-01-21 12:00:49+00:00,2025-01-21 12:00:49+00:00,22.854594594594595,0.1237837837837838,47.60297297297295,28.51702702702703,33.31054054054054,33.64972972972974,0.2913513513513513,65.56864864864865,0.000777,0.000725,0.001058,14.292432432432406,1
2293,6729,2025-01-21 12:00:58+00:00,2025-01-21 12:00:58+00:00,46.20189189189188,0.1808108108108108,47.91459459459459,55.03270270270269,33.43864864864865,34.14459459459458,0.2954054054054051,65.38621621621621,0.000898,0.000754,0.001213,14.475945945945938,1
2294,6736,2025-01-21 12:01:07+00:00,2025-01-21 12:01:07+00:00,85.09828571428572,0.1425714285714285,47.9622857142857,94.99371428571428,33.49085714285714,34.67028571428572,1.0657142857142856,64.77342857142857,0.001057,0.000924,0.001651,14.47142857142856,1
2295,6747,2025-01-21 12:01:22+00:00,2025-01-21 12:01:22+00:00,160.86833333333334,0.1872222222222223,48.19166666666668,175.31805555555553,33.455,35.77944444444445,1.8427777777777787,63.15416666666668,0.001037,0.001066,0.002176,14.73666666666668,1
2296,6748,2025-01-21 12:01:23+00:00,2025-01-21 12:01:23+00:00,166.89529411764707,0.1708823529411764,48.16882352941178,180.3882352941176,33.464117647058835,35.85294117647061,1.8911764705882343,63.00029411764705,0.001049,0.001079,0.002257,14.704705882352949,1
2297,6750,2025-01-21 12:01:26+00:00,2025-01-21 12:01:26+00:00,179.12205128205142,0.1894871794871795,48.090256410256416,194.83692307692309,33.38051282051281,35.85256410256414,2.0592307692307688,62.58846153846156,0.001071,0.001122,0.00247,14.709743589743605,1
2298,6760,2025-01-21 12:01:39+00:00,2025-01-21 12:01:39+00:00,217.4163888888889,0.1802777777777777,48.75416666666666,232.8500000000001,33.43972222222223,36.568611111111096,2.6238888888888883,61.53722222222223,0.001187,0.001275,0.003046,15.314444444444431,1
2299,6762,2025-01-21 12:01:41+00:00,2025-01-21 12:01:41+00:00,218.20428571428587,0.1931428571428572,48.60799999999999,234.69314285714287,33.40771428571428,36.51628571428571,2.666857142857144,61.70971428571431,0.001214,0.001296,0.003105,15.200285714285712,1
2300,6769,2025-01-21 12:01:50+00:00,2025-01-21 12:01:50+00:00,214.4153846153845,0.195128205128205,48.90974358974359,230.91564102564104,33.364102564102566,36.36384615384616,2.595128205128206,61.46692307692305,0.001168,0.001235,0.002932,15.545641025641023,1
2301,6792,2025-01-21 12:02:22+00:00,2025-01-21 12:02:22+00:00,77.12611111111111,0.1258333333333333,48.81722222222223,86.71500000000002,33.43916666666669,34.84777777777778,1.0030555555555556,64.83472222222218,0.000944,0.000828,0.001512,15.37805555555554,1
2302,6796,2025-01-21 12:02:27+00:00,2025-01-21 12:02:27+00:00,56.25473684210528,0.1339473684210526,48.5878947368421,64.11263157894734,33.443684210526335,34.51947368421052,0.2899999999999997,65.28921052631581,0.000869,0.000751,0.001274,15.144210526315767,1
2303,6812,2025-01-21 12:02:48+00:00,2025-01-21 12:02:48+00:00,22.53722222222221,0.1113888888888888,47.82666666666668,26.315277777777787,33.51833333333333,33.912499999999994,0.2899999999999998,65.95277777777778,0.000781,0.00069,0.001086,14.308333333333344,1
2304,6815,2025-01-21 12:02:52+00:00,2025-01-21 12:02:52+00:00,28.89971428571428,0.1185714285714286,47.69771428571431,35.142857142857146,33.49428571428572,33.93028571428572,0.2971428571428569,65.71942857142854,0.000819,0.000728,0.001063,14.203428571428589,1
2305,6823,2025-01-21 12:03:03+00:00,2025-01-21 12:03:03+00:00,66.65540540540543,0.1343243243243243,47.77837837837836,74.14729729729727,33.49891891891892,34.343783783783806,0.5118918918918919,64.92567567567566,0.000947,0.000835,0.001341,14.27945945945944,1
2306,6829,2025-01-21 12:03:10+00:00,2025-01-21 12:03:10+00:00,99.74263157894738,0.161578947368421,48.07447368421051,110.02421052631576,33.549999999999976,34.96105263157895,1.2113157894736837,64.358947368421,0.001062,0.000945,0.00174,14.524473684210534,1
2307,6831,2025-01-21 12:03:13+00:00,2025-01-21 12:03:13+00:00,114.77105263157902,0.1421052631578947,47.86842105263159,124.93763157894736,33.50526315789473,35.00342105263158,1.370789473684211,63.959210526315786,0.001082,0.000979,0.001835,14.363157894736858,1
2308,6833,2025-01-21 12:03:16+00:00,2025-01-21 12:03:16+00:00,131.50500000000002,0.1326470588235294,47.84764705882351,141.75352941176465,33.472058823529416,35.111176470588234,1.5270588235294116,63.31235294117643,0.001017,0.000985,0.001799,14.375588235294089,1
2309,6836,2025-01-21 12:03:20+00:00,2025-01-21 12:03:20+00:00,151.37999999999997,0.1574285714285714,48.13514285714283,164.05142857142854,33.57371428571427,35.64742857142858,1.7391428571428578,63.40114285714288,0.001005,0.001016,0.001957,14.561428571428564,1
2310,6838,2025-01-21 12:03:22+00:00,2025-01-21 12:03:22+00:00,161.15735294117644,0.1947058823529413,47.98882352941177,174.99294117647062,33.47470588235295,35.65176470588235,1.834411764705882,62.90352941176474,0.001018,0.001044,0.002126,14.514117647058818,1
2311,6842,2025-01-21 12:03:27+00:00,2025-01-21 12:03:27+00:00,182.19,0.1627272727272727,48.10969696969698,196.80909090909088,33.48636363636364,35.97242424242424,2.1139393939393947,62.37000000000001,0.001064,0.001125,0.00246,14.623333333333337,1
2312,6855,2025-01-21 12:03:44+00:00,2025-01-21 12:03:44+00:00,218.8480555555556,0.1786111111111111,48.93805555555554,235.20805555555555,33.50666666666666,36.955,2.6794444444444463,61.87305555555557,0.001191,0.001263,0.002998,15.431388888888884,1
2313,6858,2025-01-21 12:03:48+00:00,2025-01-21 12:03:48+00:00,218.06090909090904,0.1900000000000001,49.112727272727305,233.7336363636365,33.51787878787878,36.80939393939392,2.65878787878788,61.72212121212119,0.00116,0.001244,0.002955,15.594848484848526,1
2314,6862,2025-01-21 12:03:54+00:00,2025-01-21 12:03:54+00:00,205.5405128205128,0.1794871794871795,49.34512820512822,222.10743589743592,33.534102564102554,36.69,2.459999999999998,62.08461538461541,0.001129,0.001208,0.002787,15.811025641025664,1
2315,6863,2025-01-21 12:03:55+00:00,2025-01-21 12:03:55+00:00,203.5136111111111,0.1722222222222222,49.71722222222221,219.04361111111115,33.66027777777777,36.95277777777776,2.4147222222222227,62.47416666666668,0.001122,0.001164,0.00271,16.05694444444444,1
2316,6864,2025-01-21 12:03:56+00:00,2025-01-21 12:03:56+00:00,199.904375,0.1571875,49.5390625,215.889375,33.58468750000001,36.7153125,2.3665624999999992,62.19875,0.001119,0.001153,0.002674,15.954374999999992,1
2317,6868,2025-01-21 12:04:02+00:00,2025-01-21 12:04:02+00:00,178.58702702702712,0.1762162162162163,49.17837837837839,191.84621621621616,33.47918918918917,36.08486486486488,2.0581081081081085,62.38972972972972,0.001053,0.001073,0.002369,15.69918918918922,1
2318,6877,2025-01-21 12:04:13+00:00,2025-01-21 12:04:13+00:00,124.3026315789474,0.1789473684210527,49.30552631578946,137.19815789473688,33.53263157894736,35.62710526315789,1.484473684210526,63.8455263157895,0.000991,0.000951,0.001775,15.772894736842098,1
2319,6881,2025-01-21 12:04:19+00:00,2025-01-21 12:04:19+00:00,93.02771428571424,0.1182857142857142,49.02600000000002,102.97028571428577,33.58428571428572,35.172857142857154,1.176285714285714,64.62142857142855,0.001046,0.000896,0.001669,15.441714285714298,1
2320,6888,2025-01-21 12:04:28+00:00,2025-01-21 12:04:28+00:00,52.29868421052633,0.1355263157894736,48.56052631578948,59.93999999999998,33.55473684210525,34.521578947368425,0.2899999999999997,65.22736842105263,0.000866,0.000751,0.001351,15.005789473684231,1
2321,6893,2025-01-21 12:04:34+00:00,2025-01-21 12:04:34+00:00,32.542058823529416,0.1511764705882352,48.40676470588236,40.69382352941176,33.57617647058823,34.31117647058824,0.2899999999999998,65.69470588235293,0.00078,0.000676,0.001138,14.83058823529413,1
2322,6894,2025-01-21 12:04:36+00:00,2025-01-21 12:04:36+00:00,27.71135135135136,0.1140540540540541,48.50243243243242,34.54648648648648,33.665675675675686,34.37513513513515,0.2899999999999997,66.00621621621619,0.000755,0.000652,0.001175,14.836756756756737,1
2323,6896,2025-01-21 12:04:38+00:00,2025-01-21 12:04:38+00:00,24.613235294117658,0.1352941176470589,48.12911764705885,31.892647058823517,33.54970588235294,34.08941176470588,0.2899999999999998,65.74323529411764,0.000742,0.000647,0.00104,14.57941176470591,1
2324,6899,2025-01-21 12:04:42+00:00,2025-01-21 12:04:42+00:00,19.89794871794871,0.1133333333333333,48.05333333333334,24.85,33.5876923076923,33.956410256410265,0.2889743589743587,65.73641025641024,0.000733,0.000663,0.001081,14.46564102564104,1
2325,6903,2025-01-21 12:04:47+00:00,2025-01-21 12:04:47+00:00,20.898461538461525,0.1328205128205128,47.99589743589743,26.210769230769237,33.64051282051281,33.90102564102563,0.2899999999999997,65.74743589743589,0.000776,0.000707,0.001075,14.355384615384622,1
2326,6913,2025-01-21 12:05:01+00:00,2025-01-21 12:05:01+00:00,57.43114285714287,0.18,48.14885714285715,65.71057142857141,33.71314285714288,34.57742857142856,0.2899999999999998,65.39428571428569,0.000916,0.00078,0.001286,14.435714285714276,1
2327,6925,2025-01-21 12:05:18+00:00,2025-01-21 12:05:18+00:00,139.50771428571426,0.1574285714285714,47.90342857142858,152.1022857142857,33.58971428571429,35.38228571428573,1.6345714285714277,63.10485714285714,0.001074,0.001021,0.001897,14.31371428571429,1
2328,6930,2025-01-21 12:05:24+00:00,2025-01-21 12:05:24+00:00,168.6928571428572,0.1537142857142857,48.0997142857143,182.38371428571432,33.63828571428572,35.8897142857143,1.9425714285714293,62.78114285714286,0.001054,0.001086,0.002288,14.461428571428575,1
2329,6950,2025-01-21 12:05:50+00:00,2025-01-21 12:05:50+00:00,214.1313888888889,0.1997222222222222,49.25027777777777,230.9941666666667,33.64722222222222,36.86055555555554,2.613611111111111,61.82333333333332,0.001171,0.001245,0.002966,15.60305555555555,1
2330,6955,2025-01-21 12:05:57+00:00,2025-01-21 12:05:57+00:00,197.0318421052632,0.1731578947368421,49.84578947368421,212.8315789473684,33.76315789473686,36.91868421052631,2.331842105263158,62.51842105263159,0.001118,0.001136,0.002694,16.082631578947357,1
2331,6959,2025-01-21 12:06:02+00:00,2025-01-21 12:06:02+00:00,177.40052631578948,0.1607894736842106,49.87210526315788,193.0494736842105,33.735000000000014,36.82421052631579,2.0642105263157906,63.09289473684212,0.001067,0.001084,0.002361,16.137105263157864,1
2332,6965,2025-01-21 12:06:10+00:00,2025-01-21 12:06:10+00:00,139.24297297297292,0.1405405405405406,49.42081081081083,152.66864864864854,33.65405405405405,35.947567567567546,1.6578378378378371,63.59189189189188,0.001018,0.000981,0.001967,15.766756756756775,1
2333,6984,2025-01-21 12:06:36+00:00,2025-01-21 12:06:36+00:00,29.02799999999999,0.1451428571428571,48.3922857142857,34.71771428571429,33.742285714285714,34.3282857142857,0.2899999999999998,65.83457142857141,0.000789,0.000665,0.001077,14.649999999999984,1
2334,6987,2025-01-21 12:06:40+00:00,2025-01-21 12:06:40+00:00,22.036470588235293,0.1344117647058823,48.105294117647055,28.085588235294104,33.72676470588237,34.11323529411764,0.2899999999999998,65.83823529411767,0.000757,0.000751,0.000996,14.378529411764688,1
2335,6988,2025-01-21 12:06:41+00:00,2025-01-21 12:06:41+00:00,20.37846153846153,0.1235897435897435,48.1523076923077,26.777692307692316,33.72743589743592,34.183076923076925,0.2899999999999997,66.03564102564103,0.000846,0.000672,0.001024,14.424871794871784,1
2336,6989,2025-01-21 12:06:43+00:00,2025-01-21 12:06:43+00:00,19.34870967741935,0.1467741935483871,48.30387096774192,26.200322580645167,33.80806451612901,34.300000000000004,0.2899999999999998,66.11225806451613,0.000754,0.000653,0.001004,14.495806451612914,1
2337,6997,2025-01-21 12:06:53+00:00,2025-01-21 12:06:53+00:00,30.331315789473692,0.1381578947368421,48.27684210526313,37.30815789473684,33.83289473684209,34.39263157894736,0.2952631578947365,65.94868421052632,0.000855,0.000703,0.001052,14.443947368421036,1
2338,7023,2025-01-21 12:07:27+00:00,2025-01-21 12:07:27+00:00,182.1471052631579,0.1594736842105263,48.338947368421074,196.2776315789474,33.75078947368421,36.21947368421053,2.110263157894736,62.52447368421053,0.001049,0.001101,0.00239,14.588157894736868,1
2339,7034,2025-01-21 12:07:42+00:00,2025-01-21 12:07:42+00:00,218.4127272727273,0.1793939393939394,48.96787878787878,234.81939393939388,33.77363636363635,36.96424242424244,2.6930303030303024,61.73000000000001,0.001206,0.001219,0.002823,15.194242424242432,1
2340,7040,2025-01-21 12:07:50+00:00,2025-01-21 12:07:50+00:00,215.05833333333328,0.2061111111111112,49.34027777777776,231.36472222222224,33.73694444444445,36.95694444444446,2.6277777777777773,61.53138888888888,0.001152,0.001233,0.002943,15.60333333333331,1
2341,7049,2025-01-21 12:08:01+00:00,2025-01-21 12:08:01+00:00,182.055,0.1917647058823529,49.52617647058822,198.51705882352945,33.74823529411764,36.604411764705866,2.123823529411765,62.55941176470589,0.001055,0.001077,0.002378,15.777941176470575,1
2342,7072,2025-01-21 12:08:32+00:00,2025-01-21 12:08:32+00:00,39.83088235294118,0.1047058823529411,48.59852941176471,46.43794117647058,33.82500000000001,34.588529411764725,0.2899999999999998,65.50205882352942,0.000809,0.000715,0.001178,14.7735294117647,1
2343,7074,2025-01-21 12:08:34+00:00,2025-01-21 12:08:34+00:00,33.62589743589744,0.1510256410256409,48.96128205128205,41.27692307692305,33.95743589743591,34.95615384615384,0.2943589743589745,66.11153846153849,0.000776,0.000673,0.00113,15.00384615384614,1
2344,7076,2025-01-21 12:08:37+00:00,2025-01-21 12:08:37+00:00,26.786111111111094,0.1080555555555555,48.38777777777778,33.0863888888889,33.81694444444443,34.37861111111111,0.2899999999999998,65.80888888888889,0.000751,0.00065,0.001086,14.570833333333349,1
2345,7080,2025-01-21 12:08:42+00:00,2025-01-21 12:08:42+00:00,20.446363636363643,0.119090909090909,48.16212121212125,26.13212121212121,33.819696969696984,34.254545454545465,0.2899999999999998,65.91606060606061,0.000763,0.00068,0.001056,14.342424242424263,1
2346,7096,2025-01-21 12:09:03+00:00,2025-01-21 12:09:03+00:00,63.62897435897434,0.1266666666666667,47.97897435897438,72.07641025641021,33.86179487179489,34.6651282051282,0.3864102564102564,65.01358974358975,0.000926,0.000796,0.001375,14.117179487179484,1
2347,7111,2025-01-21 12:09:23+00:00,2025-01-21 12:09:23+00:00,163.86324324324326,0.1729729729729729,48.20486486486485,176.9718918918919,33.85972972972973,36.02027027027027,1.877567567567568,62.981351351351336,0.001,0.001036,0.00213,14.345135135135124,1
2348,7117,2025-01-21 12:09:31+00:00,2025-01-21 12:09:31+00:00,195.0532352941178,0.1797058823529412,48.6970588235294,211.25382352941176,33.92117647058823,36.715294117647055,2.313823529411764,62.182647058823534,0.001088,0.001148,0.002579,14.775882352941174,1
2349,7119,2025-01-21 12:09:33+00:00,2025-01-21 12:09:33+00:00,202.17484848484844,0.1878787878787879,48.65030303030304,218.07606060606057,33.850000000000016,36.70545454545455,2.4130303030303035,61.98939393939394,0.00109,0.001158,0.002702,14.800303030303027,1
2350,7125,2025-01-21 12:09:41+00:00,2025-01-21 12:09:41+00:00,219.49514285714287,0.2045714285714286,49.17742857142856,235.2817142857142,33.93914285714288,37.17714285714285,2.6865714285714284,61.64428571428571,0.001119,0.001236,0.002889,15.23828571428568,1
2351,7149,2025-01-21 12:10:12+00:00,2025-01-21 12:10:12+00:00,131.72151515151518,0.1457575757575758,49.479696969696974,144.12666666666672,33.9378787878788,35.93333333333334,1.5681818181818172,63.56060606060605,0.00101,0.000962,0.001828,15.541818181818172,1
2352,7192,2025-01-21 12:11:09+00:00,2025-01-21 12:11:09+00:00,91.88090909090909,0.1451515151515152,48.09242424242425,100.8627272727273,33.97909090909092,35.0721212121212,1.142121212121212,64.31151515151514,0.001051,0.000952,0.001638,14.11333333333333,1
2353,7193,2025-01-21 12:11:10+00:00,2025-01-21 12:11:10+00:00,96.70138888888889,0.1475,48.121388888888895,105.6202777777778,34.00055555555556,35.20999999999999,1.190277777777778,64.28888888888888,0.001065,0.000954,0.001689,14.120833333333335,1
2354,7198,2025-01-21 12:11:17+00:00,2025-01-21 12:11:17+00:00,132.45270270270262,0.1713513513513513,48.54918918918919,145.01405405405407,34.07621621621621,35.93864864864866,1.558648648648649,63.76513513513515,0.001046,0.001016,0.001849,14.472972972972975,1
2355,7207,2025-01-21 12:11:28+00:00,2025-01-21 12:11:28+00:00,184.5284848484848,0.21,48.40303030303029,199.83787878787876,33.98303030303029,36.41818181818183,2.166060606060608,62.215151515151526,0.001075,0.001128,0.002497,14.420000000000002,1
2356,7220,2025-01-21 12:11:46+00:00,2025-01-21 12:11:46+00:00,219.12999999999997,0.2065714285714285,49.36114285714287,236.102,33.99085714285715,37.26199999999998,2.713714285714285,61.78714285714286,0.001137,0.00126,0.002924,15.370285714285714,1
2357,7224,2025-01-21 12:11:51+00:00,2025-01-21 12:11:51+00:00,213.7723076923077,0.2035897435897436,49.55102564102564,230.1617948717949,33.99153846153846,37.264871794871794,2.6158974358974354,61.80307692307693,0.001203,0.001212,0.002817,15.559487179487178,1
2358,7262,2025-01-21 12:12:41+00:00,2025-01-21 12:12:41+00:00,21.22562499999999,0.115625,48.42093750000001,27.135312500000005,34.065000000000005,34.525,0.2899999999999998,65.94281250000002,0.000758,0.000665,0.001053,14.355937500000003,1
2359,7301,2025-01-21 12:13:33+00:00,2025-01-21 12:13:33+00:00,201.7016666666667,0.1886111111111111,48.80805555555556,216.431388888889,34.11388888888889,37.10999999999999,2.390833333333333,62.26222222222221,0.001159,0.001221,0.002866,14.694166666666668,1
2360,7314,2025-01-21 12:13:50+00:00,2025-01-21 12:13:50+00:00,215.4048648648649,0.1805405405405406,49.71162162162163,231.9224324324324,34.16621621621623,37.372972972972974,2.657837837837838,61.76783783783783,0.001191,0.001284,0.002984,15.545405405405404,1
2361,7315,2025-01-21 12:13:51+00:00,2025-01-21 12:13:51+00:00,214.08378378378384,0.1794594594594594,49.43027027027026,230.38081081081071,34.109999999999985,37.18108108108108,2.6391891891891888,61.44486486486487,0.001172,0.001255,0.002962,15.320270270270278,1
2362,7324,2025-01-21 12:14:03+00:00,2025-01-21 12:14:03+00:00,176.69142857142867,0.1708571428571429,49.84285714285716,192.0374285714286,34.126857142857155,36.903999999999975,2.0645714285714294,62.81200000000004,0.001073,0.001079,0.002396,15.716000000000008,1
2363,7329,2025-01-21 12:14:10+00:00,2025-01-21 12:14:10+00:00,143.16675675675677,0.1543243243243244,49.955675675675664,158.1843243243243,34.180810810810826,36.6072972972973,1.7027027027027029,63.61108108108108,0.00107,0.001014,0.002032,15.774864864864838,1
2364,7335,2025-01-21 12:14:18+00:00,2025-01-21 12:14:18+00:00,101.8077777777778,0.1647222222222222,49.55611111111109,114.08638888888883,34.1413888888889,35.924444444444454,1.281111111111111,64.25972222222222,0.001053,0.000933,0.001805,15.414722222222196,1
2365,7343,2025-01-21 12:14:28+00:00,2025-01-21 12:14:28+00:00,55.41722222222223,0.1255555555555555,49.022777777777776,62.82611111111108,34.13777777777779,35.13805555555555,0.2899999999999998,65.27194444444442,0.000866,0.000754,0.001289,14.884999999999984,1
2366,7344,2025-01-21 12:14:29+00:00,2025-01-21 12:14:29+00:00,51.91138888888887,0.1274999999999999,49.23555555555556,60.03388888888891,34.20805555555555,35.19305555555555,0.2877777777777776,65.55638888888888,0.000841,0.000746,0.001263,15.027500000000003,1
2367,7346,2025-01-21 12:14:32+00:00,2025-01-21 12:14:32+00:00,40.92589743589741,0.1071794871794871,48.77128205128204,47.3617948717949,34.12358974358977,34.88948717948718,0.2887179487179485,65.4379487179487,0.000807,0.000711,0.001205,14.647692307692274,1
2368,7358,2025-01-21 12:14:52+00:00,2025-01-21 12:14:52+00:00,25.74000000000001,0.1354054054054053,48.00918918918919,33.024864864864874,34.1145945945946,34.491621621621604,0.2872972972972971,65.50675675675676,0.000781,0.000719,0.001117,13.894594594594594,1
2369,7375,2025-01-21 12:15:14+00:00,2025-01-21 12:15:14+00:00,115.68270270270276,0.1435135135135135,48.39945945945948,125.3521621621622,34.19756756756759,35.72567567567567,1.3889189189189182,63.97459459459462,0.001122,0.000986,0.00186,14.20189189189189,1
2370,7382,2025-01-21 12:15:23+00:00,2025-01-21 12:15:23+00:00,161.214,0.1628571428571429,48.48714285714285,175.3508571428572,34.19342857142858,36.348000000000006,1.8645714285714292,62.88200000000001,0.001005,0.001071,0.002151,14.293714285714266,1
2371,7386,2025-01-21 12:15:28+00:00,2025-01-21 12:15:28+00:00,182.87297297297297,0.1859459459459458,48.59432432432431,198.6416216216216,34.172432432432444,36.70675675675676,2.148648648648648,62.367837837837854,0.001056,0.001142,0.002525,14.42189189189186,1
2372,7391,2025-01-21 12:15:35+00:00,2025-01-21 12:15:35+00:00,206.074358974359,0.2012820512820512,48.952564102564125,222.8084615384616,34.24358974358976,37.217179487179486,2.496666666666668,62.08307692307694,0.001154,0.001203,0.002793,14.708974358974366,1
2373,7396,2025-01-21 12:15:41+00:00,2025-01-21 12:15:41+00:00,216.29382352941175,0.1897058823529412,49.515588235294125,233.93735294117653,34.31794117647058,37.59441176470588,2.69235294117647,61.79147058823531,0.001135,0.001248,0.002954,15.19764705882354,1
2374,7400,2025-01-21 12:15:47+00:00,2025-01-21 12:15:47+00:00,219.55583333333345,0.1897222222222222,49.6022222222222,235.895,34.213611111111106,37.53833333333332,2.730277777777777,61.51388888888885,0.00112,0.001271,0.002957,15.388611111111096,1
2375,7401,2025-01-21 12:15:48+00:00,2025-01-21 12:15:48+00:00,217.4328947368421,0.1960526315789474,49.42973684210527,234.71789473684208,34.19000000000002,37.36736842105262,2.715526315789473,61.586052631578944,0.001148,0.001247,0.002917,15.239736842105252,1
2376,7423,2025-01-21 12:16:17+00:00,2025-01-21 12:16:17+00:00,108.15942857142856,0.1557142857142858,49.81228571428571,119.938,34.3197142857143,36.17114285714285,1.3485714285714292,64.28942857142856,0.001101,0.000962,0.00183,15.49257142857141,1
2377,7426,2025-01-21 12:16:21+00:00,2025-01-21 12:16:21+00:00,87.00705882352938,0.1476470588235294,49.79117647058823,97.67029411764705,34.40441176470591,36.096176470588254,1.1320588235294118,64.93235294117648,0.000986,0.000877,0.001635,15.38676470588232,1
2378,7440,2025-01-21 12:16:39+00:00,2025-01-21 12:16:39+00:00,24.58441176470588,0.1388235294117647,48.47029411764707,30.904411764705884,34.264999999999986,34.70382352941176,0.2899999999999998,65.82911764705885,0.000734,0.000666,0.001032,14.205294117647083,1
2379,7461,2025-01-21 12:17:07+00:00,2025-01-21 12:17:07+00:00,79.27968749999998,0.1156249999999999,48.68374999999998,87.59343750000002,34.40937499999999,35.673125,1.0275,65.06062499999997,0.001015,0.000959,0.001534,14.274374999999992,1
2380,7480,2025-01-21 12:17:32+00:00,2025-01-21 12:17:32+00:00,197.43875,0.1809375,49.08656250000003,212.635625,34.36093750000001,37.36218749999999,2.351875,62.53343749999999,0.001094,0.001152,0.002697,14.725625000000017,1
2381,7485,2025-01-21 12:17:38+00:00,2025-01-21 12:17:38+00:00,213.44162162162164,0.1875675675675675,49.363243243243225,229.59918918918925,34.382972972972986,37.56945945945946,2.6110810810810814,61.8237837837838,0.001135,0.001255,0.002896,14.98027027027024,1
2382,7486,2025-01-21 12:17:39+00:00,2025-01-21 12:17:39+00:00,213.634,0.1851428571428571,48.98742857142859,230.23771428571436,34.270571428571415,37.27199999999999,2.633428571428572,61.54428571428571,0.001148,0.001269,0.002976,14.716857142857172,1
2383,7494,2025-01-21 12:17:50+00:00,2025-01-21 12:17:50+00:00,215.4747222222221,0.1988888888888889,49.617777777777775,232.38,34.29749999999998,37.51472222222222,2.669444444444445,61.55972222222223,0.001156,0.001254,0.002974,15.320277777777797,1
2384,7504,2025-01-21 12:18:03+00:00,2025-01-21 12:18:03+00:00,178.35057142857133,0.174,50.34000000000002,194.04942857142865,34.40942857142858,37.38342857142855,2.0928571428571425,63.08942857142858,0.001057,0.001086,0.002348,15.93057142857144,1
2385,7521,2025-01-21 12:18:25+00:00,2025-01-21 12:18:25+00:00,68.65815789473685,0.1523684210526316,49.20526315789473,78.98473684210526,34.33026315789473,35.46,0.8950000000000005,64.65894736842107,0.000867,0.000803,0.00141,14.875,1
2386,7541,2025-01-21 12:18:52+00:00,2025-01-21 12:18:52+00:00,26.30459459459459,0.0997297297297297,48.38783783783782,32.193783783783786,34.39891891891892,34.802702702702696,0.2867567567567566,65.84162162162161,0.00071,0.000668,0.001061,13.988918918918904,1
2387,7552,2025-01-21 12:19:06+00:00,2025-01-21 12:19:06+00:00,73.51151515151514,0.1609090909090909,48.33545454545454,83.02242424242418,34.4021212121212,35.28545454545454,0.9748484848484849,64.5978787878788,0.0009,0.00084,0.001465,13.933333333333335,1
2388,7553,2025-01-21 12:19:07+00:00,2025-01-21 12:19:07+00:00,78.69128205128204,0.1761538461538461,48.37025641025643,88.11282051282052,34.412564102564104,35.3325641025641,1.020769230769231,64.64358974358971,0.000991,0.000863,0.00154,13.957692307692326,1
2389,7560,2025-01-21 12:19:16+00:00,2025-01-21 12:19:16+00:00,124.94105263157893,0.1471052631578947,48.39736842105266,135.2426315789473,34.38578947368422,35.87789473684211,1.4902631578947367,63.50894736842108,0.001028,0.001091,0.001935,14.011578947368442,1
2390,7570,2025-01-21 12:19:30+00:00,2025-01-21 12:19:30+00:00,190.11028571428585,0.1734285714285715,49.06314285714285,204.5794285714285,34.45371428571432,37.21485714285716,2.2460000000000004,62.34885714285714,0.001087,0.001155,0.002678,14.60942857142853,1
2391,7572,2025-01-21 12:19:32+00:00,2025-01-21 12:19:32+00:00,197.6630303030303,0.1703030303030303,48.85272727272727,210.8875757575758,34.3930303030303,37.13515151515151,2.3396969696969703,62.09636363636362,0.001182,0.001238,0.00286,14.45969696969697,1
2392,7591,2025-01-21 12:19:58+00:00,2025-01-21 12:19:58+00:00,196.8147368421052,0.1639473684210525,49.95368421052632,213.95684210526304,34.43157894736844,37.4734210526316,2.390263157894736,62.20710526315791,0.001127,0.001192,0.002746,15.522105263157876,1
2393,7606,2025-01-21 12:20:18+00:00,2025-01-21 12:20:18+00:00,104.80333333333334,0.1413888888888889,49.73444444444444,114.9427777777778,34.46250000000001,36.18444444444444,1.3094444444444442,64.27694444444442,0.001052,0.000924,0.001797,15.27194444444443,1
2394,7610,2025-01-21 12:20:23+00:00,2025-01-21 12:20:23+00:00,79.51583333333333,0.1469444444444444,49.462222222222245,89.9038888888889,34.46861111111113,35.81194444444445,1.0486111111111112,64.8136111111111,0.000912,0.000834,0.001536,14.993611111111116,1
2395,7612,2025-01-21 12:20:26+00:00,2025-01-21 12:20:26+00:00,65.3077777777778,0.1366666666666667,49.56972222222222,74.43388888888889,34.525833333333324,35.70361111111113,0.4816666666666664,65.04055555555554,0.00088,0.000784,0.001378,15.043888888888894,1
2396,7613,2025-01-21 12:20:27+00:00,2025-01-21 12:20:27+00:00,61.86605263157898,0.1478947368421051,49.10815789473685,70.50421052631583,34.43157894736844,35.45315789473685,0.2915789473684208,64.80078947368418,0.000882,0.000795,0.001346,14.676578947368412,1
2397,7624,2025-01-21 12:20:42+00:00,2025-01-21 12:20:42+00:00,21.022702702702706,0.1172972972972973,48.54864864864864,27.83648648648649,34.49864864864865,34.84054054054054,0.2899999999999997,65.67162162162163,0.000718,0.000668,0.001024,14.049999999999995,1
2398,7640,2025-01-21 12:21:03+00:00,2025-01-21 12:21:03+00:00,60.692058823529415,0.1091176470588235,48.434705882352944,67.34558823529413,34.49058823529412,35.24205882352942,0.2899999999999998,64.96176470588233,0.000887,0.000775,0.00134,13.944117647058825,1
2399,7650,2025-01-21 12:21:16+00:00,2025-01-21 12:21:16+00:00,123.51000000000002,0.1405555555555555,48.8952777777778,134.72888888888886,34.61222222222222,36.304166666666646,1.4816666666666665,64.07055555555559,0.001045,0.00105,0.00193,14.283055555555578,1
2400,7651,2025-01-21 12:21:17+00:00,2025-01-21 12:21:17+00:00,129.01257142857148,0.1371428571428571,48.61885714285717,140.18171428571432,34.49942857142856,35.983999999999995,1.5360000000000005,63.553142857142845,0.001018,0.001031,0.001974,14.119428571428614,1
2401,7660,2025-01-21 12:21:29+00:00,2025-01-21 12:21:29+00:00,185.1828571428571,0.1557142857142857,48.84828571428572,200.62114285714284,34.49857142857143,37.05800000000001,2.1942857142857144,62.457142857142856,0.001078,0.001161,0.002594,14.349714285714285,1
2402,7681,2025-01-21 12:21:56+00:00,2025-01-21 12:21:56+00:00,204.16499999999996,0.1842105263157895,50.35789473684212,220.14973684210509,34.69131578947371,37.98131578947367,2.4994736842105247,62.315000000000005,0.001141,0.001234,0.002895,15.666578947368407,1
2403,7691,2025-01-21 12:22:09+00:00,2025-01-21 12:22:09+00:00,151.37297297297306,0.1718918918918919,49.988108108108094,165.67810810810812,34.54513513513511,36.950270270270245,1.7800000000000011,63.19918918918921,0.00102,0.001014,0.002105,15.44297297297298,1
2404,7692,2025-01-21 12:22:11+00:00,2025-01-21 12:22:11+00:00,141.6470588235293,0.1597058823529412,50.08647058823531,155.10588235294114,34.593529411764706,37.01852941176472,1.6944117647058818,63.679411764705904,0.001038,0.001004,0.002077,15.492941176470602,1
2405,7695,2025-01-21 12:22:15+00:00,2025-01-21 12:22:15+00:00,120.33500000000004,0.153235294117647,49.890882352941176,132.6808823529411,34.59294117647059,36.57823529411765,1.5073529411764708,63.90352941176472,0.001432,0.001028,0.007134,15.297941176470587,1
2406,7696,2025-01-21 12:22:16+00:00,2025-01-21 12:22:16+00:00,116.45605263157896,0.1410526315789473,50.06605263157896,127.21078947368416,34.60552631578948,36.72631578947368,1.4557894736842116,64.185,0.000994,0.000946,0.001787,15.460526315789473,1
2407,7714,2025-01-21 12:22:40+00:00,2025-01-21 12:22:40+00:00,24.036857142857144,0.1374285714285714,48.81714285714288,30.614571428571423,34.60542857142857,35.03942857142856,0.2899999999999998,65.92914285714286,0.000725,0.000637,0.000997,14.211714285714308,1
2408,7746,2025-01-21 12:23:22+00:00,2025-01-21 12:23:22+00:00,153.16628571428572,0.1639999999999999,48.98457142857141,166.34914285714285,34.656285714285715,36.96228571428573,1.7925714285714287,63.38428571428573,0.001024,0.001024,0.002027,14.328285714285691,1
2409,7748,2025-01-21 12:23:24+00:00,2025-01-21 12:23:24+00:00,162.48621621621615,0.1708108108108108,48.86702702702703,177.241081081081,34.58405405405406,36.851351351351326,1.903783783783784,62.70135135135135,0.001011,0.001054,0.002168,14.28297297297297,1
2410,7771,2025-01-21 12:23:54+00:00,2025-01-21 12:23:54+00:00,210.17611111111108,0.1738888888888888,50.24777777777777,225.30000000000007,34.69166666666667,37.985277777777775,2.5833333333333326,61.91805555555555,0.001153,0.001222,0.002885,15.5561111111111,1
2411,7773,2025-01-21 12:23:57+00:00,2025-01-21 12:23:57+00:00,202.47484848484856,0.1775757575757576,50.17060606060606,217.8872727272727,34.64424242424242,37.80090909090909,2.460303030303031,62.11545454545457,0.001134,0.001201,0.002761,15.52636363636364,1
2412,7779,2025-01-21 12:24:05+00:00,2025-01-21 12:24:05+00:00,170.9392105263158,0.1721052631578948,50.12078947368423,186.1257894736842,34.637368421052635,37.19868421052632,2.0131578947368425,62.663684210526334,0.00106,0.00109,0.002329,15.483421052631591,1
2413,7785,2025-01-21 12:24:13+00:00,2025-01-21 12:24:13+00:00,132.60868421052632,0.1657894736842105,50.22131578947368,145.43710526315792,34.77552631578947,37.03394736842105,1.6026315789473695,63.96157894736845,0.001036,0.000992,0.001955,15.445789473684208,1
2414,7790,2025-01-21 12:24:19+00:00,2025-01-21 12:24:19+00:00,100.93135135135137,0.1540540540540541,50.07540540540541,111.7548648648649,34.77,36.5554054054054,1.2727027027027031,64.48891891891888,0.001033,0.000962,0.001775,15.30540540540541,1
2415,7792,2025-01-21 12:24:22+00:00,2025-01-21 12:24:22+00:00,85.45102564102562,0.11,49.76717948717947,96.05256410256408,34.68769230769231,36.15051282051282,1.1117948717948725,64.6507692307692,0.000995,0.000869,0.001641,15.07948717948716,1
2416,7796,2025-01-21 12:24:27+00:00,2025-01-21 12:24:27+00:00,62.66666666666666,0.1312820512820513,49.51897435897436,71.61282051282052,34.710000000000015,35.82948717948717,0.3841025641025642,65.09512820512819,0.000854,0.000778,0.001356,14.808974358974346,1
2417,7809,2025-01-21 12:24:44+00:00,2025-01-21 12:24:44+00:00,19.65648648648649,0.1345945945945945,49.21702702702705,26.690540540540542,34.81162162162161,35.49783783783785,0.2894594594594592,66.37729729729729,0.000716,0.000672,0.00103,14.40540540540544,1
2418,7821,2025-01-21 12:25:00+00:00,2025-01-21 12:25:00+00:00,47.14777777777776,0.1080555555555555,48.79333333333333,53.042777777777786,34.776111111111106,35.47527777777779,0.2913888888888887,65.4313888888889,0.000799,0.000727,0.001193,14.017222222222223,1
2419,7824,2025-01-21 12:25:04+00:00,2025-01-21 12:25:04+00:00,63.009166666666665,0.1413888888888889,48.8611111111111,70.67555555555555,34.84833333333333,35.7761111111111,0.3363888888888887,65.2886111111111,0.000872,0.000782,0.001334,14.012777777777773,1
2420,7826,2025-01-21 12:25:06+00:00,2025-01-21 12:25:06+00:00,71.4486111111111,0.1433333333333334,48.49694444444446,79.98777777777774,34.70472222222224,35.41694444444444,0.9563888888888884,64.47916666666669,0.000901,0.000817,0.001442,13.792222222222222,1
2421,7829,2025-01-21 12:25:10+00:00,2025-01-21 12:25:10+00:00,91.03421052631582,0.173157894736842,48.9,101.3178947368421,34.80868421052631,36.06578947368419,1.1547368421052626,64.5278947368421,0.001005,0.000911,0.001716,14.09131578947369,1
2422,7834,2025-01-21 12:25:17+00:00,2025-01-21 12:25:17+00:00,126.24972972972976,0.1483783783783783,48.65783783783784,138.37945945945935,34.74378378378379,36.34486486486486,1.5186486486486488,63.6227027027027,0.001041,0.001023,0.001978,13.914054054054048,1
2423,7839,2025-01-21 12:25:23+00:00,2025-01-21 12:25:23+00:00,157.81000000000003,0.158,48.85885714285714,169.77542857142856,34.762857142857136,36.86428571428571,1.8402857142857143,63.103714285714304,0.001059,0.001086,0.002288,14.096000000000004,1
2424,7842,2025-01-21 12:25:27+00:00,2025-01-21 12:25:27+00:00,175.171891891892,0.1548648648648648,48.85243243243243,188.76405405405416,34.74594594594595,37.05702702702703,2.070540540540541,62.554594594594604,0.001073,0.001131,0.002498,14.106486486486482,1
2425,7868,2025-01-21 12:26:01+00:00,2025-01-21 12:26:01+00:00,189.81828571428568,0.1491428571428572,50.50085714285714,203.40228571428568,34.83314285714287,37.777428571428565,2.262000000000001,62.49828571428573,0.001136,0.001125,0.002663,15.667714285714275,1
2426,7873,2025-01-21 12:26:08+00:00,2025-01-21 12:26:08+00:00,159.01594594594596,0.1605405405405405,50.20000000000002,171.98027027027024,34.797027027027006,37.29054054054056,1.855135135135135,63.14945945945946,0.001055,0.001052,0.002237,15.402972972973018,1
2427,7877,2025-01-21 12:26:13+00:00,2025-01-21 12:26:13+00:00,133.2002857142857,0.1862857142857142,50.11742857142857,145.68514285714286,34.78485714285713,36.95828571428573,1.6071428571428563,63.64657142857142,0.001025,0.001,0.001979,15.33257142857144,1
2428,7884,2025-01-21 12:26:24+00:00,2025-01-21 12:26:24+00:00,77.10714285714289,0.1202857142857142,49.79057142857141,84.97257142857143,34.82942857142857,36.14514285714287,1.0274285714285718,64.84485714285714,0.000914,0.000837,0.001528,14.961142857142832,1
2429,7907,2025-01-21 12:26:54+00:00,2025-01-21 12:26:54+00:00,29.06411764705883,0.1520588235294118,48.68529411764706,36.145882352941165,34.82764705882352,35.2229411764706,0.2902941176470587,65.71558823529413,0.000741,0.00069,0.001027,13.857647058823538,1
2430,7909,2025-01-21 12:26:56+00:00,2025-01-21 12:26:56+00:00,33.92444444444444,0.1219444444444444,48.90083333333335,39.36916666666667,34.92277777777778,35.53361111111111,0.2899999999999998,65.95055555555555,0.000767,0.000679,0.001154,13.97805555555557,1
2431,7910,2025-01-21 12:26:58+00:00,2025-01-21 12:26:58+00:00,39.98486486486486,0.1175675675675676,48.51135135135132,45.48918918918918,34.791351351351324,35.26891891891891,0.2899999999999997,65.23324324324327,0.000781,0.000687,0.001148,13.72,1
2432,7917,2025-01-21 12:27:07+00:00,2025-01-21 12:27:07+00:00,75.60783783783782,0.1386486486486486,48.85945945945944,84.00945945945946,34.91891891891894,35.90729729729731,1.0032432432432437,64.7927027027027,0.000909,0.000844,0.001475,13.940540540540503,1
2433,7932,2025-01-21 12:27:27+00:00,2025-01-21 12:27:27+00:00,175.3883783783784,0.1678378378378378,49.2418918918919,189.4467567567568,34.90972972972974,37.4110810810811,2.0732432432432426,62.811891891891904,0.001022,0.001079,0.002308,14.332162162162165,1
2434,7937,2025-01-21 12:27:33+00:00,2025-01-21 12:27:33+00:00,197.48382352941172,0.1923529411764706,49.15382352941177,212.69441176470596,34.83794117647058,37.54588235294117,2.390588235294117,61.8014705882353,0.001094,0.00117,0.002699,14.315882352941188,1
2435,7945,2025-01-21 12:27:44+00:00,2025-01-21 12:27:44+00:00,219.73942857142856,0.1748571428571428,49.70600000000001,234.61514285714287,34.84514285714287,38.03171428571428,2.7511428571428582,61.51028571428569,0.001178,0.001305,0.003127,14.860857142857142,1
2436,7955,2025-01-21 12:27:57+00:00,2025-01-21 12:27:57+00:00,203.26914285714287,0.162,50.66714285714288,219.3194285714285,34.9997142857143,38.374,2.502857142857143,62.47114285714284,0.001158,0.001205,0.002836,15.66742857142858,1
2437,7963,2025-01-21 12:28:07+00:00,2025-01-21 12:28:07+00:00,164.24147058823527,0.19,50.71441176470591,177.69323529411758,35.04941176470589,37.92970588235292,1.9323529411764704,63.42176470588237,0.00106,0.001073,0.002214,15.66500000000002,1
2438,7980,2025-01-21 12:28:30+00:00,2025-01-21 12:28:30+00:00,52.05228571428571,0.1397142857142857,49.48657142857142,60.17885714285713,34.91057142857142,35.872571428571426,0.2897142857142855,65.21228571428571,0.00086,0.000767,0.001317,14.576,1
2439,7989,2025-01-21 12:28:41+00:00,2025-01-21 12:28:41+00:00,23.00615384615384,0.1248717948717949,49.11846153846155,28.850256410256417,34.950000000000024,35.4294871794872,0.29025641025641,65.88743589743588,0.000715,0.000695,0.001016,14.168461538461528,1
2440,8003,2025-01-21 12:29:00+00:00,2025-01-21 12:29:00+00:00,45.45000000000001,0.1205263157894737,48.61657894736841,52.11157894736841,34.9134210526316,35.447631578947366,0.2899999999999997,65.15815789473682,0.000789,0.000739,0.001203,13.703157894736812,1
2441,8005,2025-01-21 12:29:02+00:00,2025-01-21 12:29:02+00:00,53.22617647058821,0.1447058823529411,48.73970588235294,62.20617647058821,34.98088235294119,35.709117647058825,0.2902941176470587,65.19588235294118,0.000837,0.000781,0.001272,13.758823529411757,1
2442,8016,2025-01-21 12:29:17+00:00,2025-01-21 12:29:17+00:00,126.06083333333338,0.1330555555555556,48.896388888888914,136.50972222222225,35.004999999999995,36.64444444444444,1.5125000000000002,63.77388888888889,0.001027,0.001047,0.001985,13.89138888888892,1
2443,8017,2025-01-21 12:29:18+00:00,2025-01-21 12:29:18+00:00,130.44324324324324,0.1424324324324324,49.23135135135133,142.09486486486486,35.09567567567567,36.99702702702702,1.5729729729729731,64.01486486486488,0.001039,0.001066,0.002043,14.135675675675657,1
2444,8023,2025-01-21 12:29:26+00:00,2025-01-21 12:29:26+00:00,171.19333333333327,0.1394444444444444,49.05472222222223,183.18888888888884,34.984722222222224,37.273888888888905,2.01,62.69888888888889,0.001083,0.001136,0.002473,14.070000000000007,1
2445,8033,2025-01-21 12:29:39+00:00,2025-01-21 12:29:39+00:00,212.2870588235294,0.1723529411764705,49.82205882352942,228.6085294117646,35.026176470588226,38.209117647058825,2.647058823529412,61.775588235294144,0.001187,0.001342,0.003154,14.795882352941192,1
2446,8053,2025-01-21 12:30:05+00:00,2025-01-21 12:30:05+00:00,173.40277777777777,0.1730555555555556,50.53472222222221,188.4502777777777,35.03166666666666,37.83777777777777,2.061666666666666,62.75305555555556,0.001066,0.001096,0.002414,15.503055555555548,1
2447,8060,2025-01-21 12:30:14+00:00,2025-01-21 12:30:14+00:00,129.79714285714277,0.18,50.69714285714285,142.77857142857144,35.12799999999999,37.47314285714285,1.5871428571428567,64.15142857142858,0.001019,0.001017,0.001946,15.569142857142856,1
2448,8064,2025-01-21 12:30:20+00:00,2025-01-21 12:30:20+00:00,99.60171428571424,0.13,50.257714285714286,110.25971428571432,35.10628571428571,36.84399999999999,1.2731428571428574,64.37057142857142,0.001036,0.000949,0.001857,15.151428571428577,1
2449,8084,2025-01-21 12:30:47+00:00,2025-01-21 12:30:47+00:00,20.293157894736847,0.146578947368421,48.95394736842106,26.647631578947376,35.05342105263155,35.44026315789475,0.2899999999999997,65.84631578947369,0.000786,0.000699,0.001063,13.900526315789511,1
2450,8089,2025-01-21 12:30:54+00:00,2025-01-21 12:30:54+00:00,28.469736842105267,0.131578947368421,48.942894736842106,33.95078947368421,35.12868421052634,35.60868421052633,0.2899999999999997,65.99236842105265,0.000728,0.000715,0.001093,13.814210526315769,1
2451,8090,2025-01-21 12:30:55+00:00,2025-01-21 12:30:55+00:00,30.8627027027027,0.1302702702702702,49.0462162162162,37.70459459459461,35.151081081081074,35.70864864864866,0.2899999999999997,65.84270270270268,0.000739,0.000693,0.001098,13.895135135135128,1
2452,8102,2025-01-21 12:31:11+00:00,2025-01-21 12:31:11+00:00,93.82648648648644,0.1372972972972973,48.91729729729729,103.69243243243244,35.06513513513515,36.29783783783783,1.187837837837838,64.18729729729728,0.001,0.00092,0.001794,13.852162162162138,1
2453,8109,2025-01-21 12:31:20+00:00,2025-01-21 12:31:20+00:00,140.47135135135133,0.1697297297297297,49.34648648648651,152.90945945945947,35.22810810810813,37.23864864864864,1.6713513513513512,63.706216216216205,0.001083,0.001077,0.002057,14.11837837837838,1
2454,8120,2025-01-21 12:31:34+00:00,2025-01-21 12:31:34+00:00,200.58684210526317,0.1728947368421052,49.4113157894737,215.865,35.117894736842096,37.88526315789475,2.438421052631578,62.1592105263158,0.001089,0.001178,0.002756,14.2934210526316,1
2455,8131,2025-01-21 12:31:49+00:00,2025-01-21 12:31:49+00:00,218.13378378378383,0.1664864864864866,50.126486486486456,234.10081081081088,35.10864864864865,38.3418918918919,2.772702702702704,61.51270270270268,0.001193,0.001275,0.003073,15.017837837837805,1
2456,8132,2025-01-21 12:31:50+00:00,2025-01-21 12:31:50+00:00,216.58636363636364,0.1936363636363637,50.39121212121211,233.6133333333333,35.20606060606061,38.77545454545456,2.751212121212121,61.92393939393939,0.001149,0.001283,0.00308,15.185151515151496,1
2457,8135,2025-01-21 12:31:54+00:00,2025-01-21 12:31:54+00:00,210.39297297297307,0.1683783783783782,50.30621621621623,226.9121621621621,35.11972972972972,38.31297297297294,2.633783783783785,61.89162162162163,0.00115,0.00127,0.002937,15.186486486486508,1
2458,8138,2025-01-21 12:31:58+00:00,2025-01-21 12:31:58+00:00,200.66128205128203,0.1743589743589744,50.36461538461538,216.211282051282,35.09974358974359,38.18820512820514,2.458205128205128,62.09692307692311,0.00111,0.001193,0.002811,15.264871794871794,1
2459,8152,2025-01-21 12:32:16+00:00,2025-01-21 12:32:16+00:00,119.85684210526308,0.1515789473684211,50.57421052631579,131.80236842105265,35.2334210526316,37.29342105263157,1.4910526315789472,64.17815789473686,0.001011,0.000957,0.001907,15.34078947368419,1
2460,8154,2025-01-21 12:32:19+00:00,2025-01-21 12:32:19+00:00,103.85088235294124,0.1441176470588235,50.1985294117647,115.8279411764706,35.13676470588236,36.86617647058824,1.3314705882352942,64.275,0.001046,0.000947,0.001907,15.061764705882348,1
2461,8158,2025-01-21 12:32:24+00:00,2025-01-21 12:32:24+00:00,79.90885714285713,0.1079999999999999,50.118857142857166,87.89942857142859,35.14628571428571,36.59028571428571,1.056857142857143,64.73199999999999,0.00094,0.000884,0.001605,14.972571428571456,1
2462,8170,2025-01-21 12:32:40+00:00,2025-01-21 12:32:40+00:00,25.24583333333333,0.1266666666666666,49.249722222222246,31.65111111111112,35.183888888888895,35.69833333333332,0.2899999999999998,65.8875,0.000741,0.000667,0.001046,14.065833333333352,1
2463,8194,2025-01-21 12:33:11+00:00,2025-01-21 12:33:11+00:00,92.19378378378376,0.1672972972972972,49.14594594594594,101.72513513513512,35.27810810810813,36.70432432432433,1.1729729729729728,64.66999999999996,0.001025,0.000938,0.001822,13.867837837837811,1
2464,8203,2025-01-21 12:33:23+00:00,2025-01-21 12:33:23+00:00,155.14555555555555,0.1663888888888889,49.20222222222222,167.3330555555555,35.223888888888865,37.3238888888889,1.8241666666666667,62.89555555555556,0.00104,0.001146,0.002311,13.978333333333351,1
2465,8213,2025-01-21 12:33:36+00:00,2025-01-21 12:33:36+00:00,205.37342105263156,0.1928947368421053,49.5971052631579,220.71894736842103,35.19578947368424,38.15078947368422,2.5202631578947376,61.95947368421053,0.001154,0.001252,0.00303,14.401315789473664,1
2466,8215,2025-01-21 12:33:39+00:00,2025-01-21 12:33:39+00:00,211.8531578947369,0.1776315789473683,49.41815789473686,227.9794736842106,35.12421052631579,38.08973684210528,2.6397368421052647,61.4976315789474,0.001151,0.001271,0.003096,14.293947368421064,1
2467,8218,2025-01-21 12:33:43+00:00,2025-01-21 12:33:43+00:00,216.72969696969693,0.1845454545454546,50.078787878787885,233.0878787878788,35.25787878787878,38.51515151515152,2.747878787878788,61.61969696969693,0.001208,0.001324,0.00323,14.820909090909105,1
2468,8220,2025-01-21 12:33:45+00:00,2025-01-21 12:33:45+00:00,218.31315789473675,0.1739473684210526,49.97473684210525,234.51210526315776,35.20684210526317,38.37868421052632,2.786578947368421,61.558684210526295,0.00118,0.001343,0.003288,14.76789473684208,1
2469,8239,2025-01-21 12:34:10+00:00,2025-01-21 12:34:10+00:00,151.05351351351356,0.1478378378378378,50.48675675675676,164.99243243243234,35.21270270270272,37.627837837837845,1.817027027027028,63.272972972972994,0.001046,0.00106,0.002212,15.27405405405404,1
2470,8258,2025-01-21 12:34:35+00:00,2025-01-21 12:34:35+00:00,36.492121212121226,0.1503030303030303,49.49999999999999,45.10727272727272,35.24666666666666,35.940303030303035,0.2942424242424242,65.40969696969695,0.000724,0.000698,0.001178,14.25333333333333,1
2471,8265,2025-01-21 12:34:44+00:00,2025-01-21 12:34:44+00:00,20.30878787878788,0.1063636363636363,49.314545454545446,26.46757575757576,35.33545454545456,35.76272727272726,0.2899999999999998,65.98666666666665,0.000714,0.000686,0.001082,13.979090909090884,1
2472,8267,2025-01-21 12:34:48+00:00,2025-01-21 12:34:48+00:00,20.11914285714285,0.1631428571428572,49.45942857142856,27.17657142857144,35.43542857142859,35.97371428571429,0.2899999999999998,66.34628571428571,0.0007,0.000692,0.001055,14.023999999999972,1
2473,8275,2025-01-21 12:34:59+00:00,2025-01-21 12:34:59+00:00,40.88416666666666,0.0972222222222222,49.119166666666686,46.75944444444445,35.355,35.93111111111111,0.2899999999999998,65.50333333333332,0.00078,0.000707,0.00121,13.76416666666669,1
2474,8276,2025-01-21 12:35:00+00:00,2025-01-21 12:35:00+00:00,43.67971428571432,0.1445714285714285,48.865428571428566,51.16085714285713,35.242571428571424,35.735142857142854,0.2899999999999998,65.09914285714284,0.000788,0.000725,0.001253,13.622857142857145,1
2475,8288,2025-01-21 12:35:16+00:00,2025-01-21 12:35:16+00:00,116.51194444444448,0.1816666666666668,49.049722222222215,128.45138888888886,35.29416666666665,36.71305555555556,1.441666666666667,63.8161111111111,0.001104,0.001008,0.002024,13.755555555555569,1
2476,8303,2025-01-21 12:35:37+00:00,2025-01-21 12:35:37+00:00,207.10230769230773,0.1876923076923076,49.678717948717946,223.5679487179488,35.319487179487176,38.26692307692307,2.5728205128205124,61.86435897435898,0.001109,0.001212,0.002866,14.35923076923077,1
2477,8307,2025-01-21 12:35:42+00:00,2025-01-21 12:35:42+00:00,217.8508108108107,0.2281081081081081,49.91270270270273,234.6751351351353,35.319459459459445,38.40648648648651,2.7413513513513506,61.543243243243225,0.001133,0.001286,0.003023,14.593243243243286,1
2478,8316,2025-01-21 12:35:54+00:00,2025-01-21 12:35:54+00:00,211.83526315789476,0.1989473684210527,50.8486842105263,227.846052631579,35.44552631578948,38.90105263157894,2.6578947368421058,62.22447368421052,0.001186,0.001271,0.003042,15.403157894736822,1
2479,8326,2025-01-21 12:36:07+00:00,2025-01-21 12:36:07+00:00,166.96052631578942,0.1773684210526316,50.56684210526316,182.43605263157897,35.34815789473683,37.95526315789476,1.9899999999999975,62.93605263157895,0.001052,0.001085,0.002361,15.218684210526334,1
2480,8347,2025-01-21 12:36:35+00:00,2025-01-21 12:36:35+00:00,37.44735294117646,0.1511764705882353,49.97441176470589,44.32764705882354,35.46558823529415,36.31147058823531,0.2899999999999998,65.78323529411765,0.000768,0.000685,0.001203,14.508823529411735,1
2481,8350,2025-01-21 12:36:38+00:00,2025-01-21 12:36:38+00:00,28.83210526315789,0.1252631578947368,49.523157894736826,36.61421052631579,35.411578947368426,35.97342105263159,0.2899999999999997,65.81789473684209,0.000786,0.000733,0.001154,14.1115789473684,1
2482,8355,2025-01-21 12:36:45+00:00,2025-01-21 12:36:45+00:00,20.06971428571429,0.1051428571428571,49.66600000000001,25.18314285714285,35.522000000000006,36.08314285714287,0.2899999999999998,66.3277142857143,0.00071,0.000679,0.001093,14.144000000000004,1
2483,8359,2025-01-21 12:36:50+00:00,2025-01-21 12:36:50+00:00,21.110526315789468,0.1307894736842106,49.33657894736845,25.998421052631578,35.5084210526316,35.94605263157896,0.2892105263157892,66.2721052631579,0.000745,0.000686,0.001119,13.828157894736847,1
2484,8368,2025-01-21 12:37:02+00:00,2025-01-21 12:37:02+00:00,51.07969696969696,0.1518181818181818,48.87272727272727,58.57333333333334,35.35545454545456,35.980303030303034,0.2899999999999998,64.92454545454547,0.000831,0.000736,0.001303,13.517272727272712,1
2485,8399,2025-01-21 12:37:43+00:00,2025-01-21 12:37:43+00:00,217.10297297297305,0.2145945945945945,50.017837837837824,233.82864864864868,35.41837837837838,38.54918918918918,2.7678378378378383,61.46999999999999,0.001124,0.001292,0.002945,14.599459459459446,1
2486,8420,2025-01-21 12:38:10+00:00,2025-01-21 12:38:10+00:00,152.96054054054048,0.1775675675675675,50.73837837837839,167.54567567567577,35.50378378378378,37.907567567567554,1.834594594594594,63.30108108108105,0.001072,0.001058,0.002204,15.234594594594611,1
2487,8424,2025-01-21 12:38:15+00:00,2025-01-21 12:38:15+00:00,128.67735294117642,0.1673529411764706,50.55617647058824,141.11735294117645,35.50941176470588,37.59852941176469,1.5761764705882353,63.801176470588246,0.000995,0.001031,0.001953,15.04676470588236,1
2488,8428,2025-01-21 12:38:21+00:00,2025-01-21 12:38:21+00:00,96.26459459459458,0.1397297297297298,50.7110810810811,106.05459459459462,35.55297297297296,37.25108108108108,1.2494594594594588,64.73324324324321,0.001029,0.000945,0.001836,15.158108108108138,1
2489,8430,2025-01-21 12:38:23+00:00,2025-01-21 12:38:23+00:00,86.1397142857143,0.1408571428571429,50.06600000000001,97.272,35.438285714285726,36.74857142857143,1.142857142857143,64.2962857142857,0.000977,0.000872,0.001685,14.627714285714283,1
2490,8433,2025-01-21 12:38:27+00:00,2025-01-21 12:38:27+00:00,67.51606060606059,0.160909090909091,50.35363636363634,77.3269696969697,35.56121212121212,36.8442424242424,0.94,65.0651515151515,0.000885,0.000795,0.001481,14.792424242424218,1
2491,8445,2025-01-21 12:38:43+00:00,2025-01-21 12:38:43+00:00,20.925833333333333,0.1280555555555555,49.45388888888888,26.992222222222225,35.5325,35.892500000000005,0.2899999999999998,65.75888888888886,0.00071,0.00068,0.001077,13.921388888888885,1
2492,8472,2025-01-21 12:39:20+00:00,2025-01-21 12:39:20+00:00,136.68972972972975,0.1627027027027027,49.25837837837836,148.02945945945947,35.52837837837836,37.27945945945945,1.6537837837837837,63.465945945945975,0.001022,0.001048,0.002013,13.730000000000004,1
2493,8478,2025-01-21 12:39:28+00:00,2025-01-21 12:39:28+00:00,175.45499999999998,0.1699999999999999,49.65444444444445,189.0558333333333,35.590833333333336,38.083611111111104,2.112499999999999,62.65694444444445,0.001038,0.001123,0.002423,14.063611111111117,1
2494,8481,2025-01-21 12:39:31+00:00,2025-01-21 12:39:31+00:00,187.42894736842095,0.1681578947368421,49.52947368421051,201.38578947368416,35.55552631578947,38.09631578947368,2.276315789473684,62.34157894736845,0.001077,0.001155,0.002605,13.973947368421037,1
2495,8497,2025-01-21 12:39:52+00:00,2025-01-21 12:39:52+00:00,215.22729729729724,0.1943243243243243,50.72702702702704,232.03,35.625135135135125,39.12729729729729,2.7478378378378374,61.86540540540541,0.001172,0.001309,0.003033,15.10189189189191,1
2496,8507,2025-01-21 12:40:06+00:00,2025-01-21 12:40:06+00:00,171.85675675675677,0.1672972972972974,50.8335135135135,187.02027027027023,35.5781081081081,38.30675675675676,2.079459459459461,62.85162162162164,0.001089,0.001116,0.002439,15.255405405405403,1
2497,8515,2025-01-21 12:40:16+00:00,2025-01-21 12:40:16+00:00,122.85864864864864,0.1502702702702703,50.64054054054055,134.7089189189189,35.59783783783784,37.63486486486488,1.5308108108108107,63.9121621621622,0.001021,0.000999,0.00194,15.042702702702712,1
2498,8522,2025-01-21 12:40:25+00:00,2025-01-21 12:40:25+00:00,78.20837837837837,0.1178378378378378,50.115675675675696,87.0710810810811,35.568648648648626,36.8489189189189,1.0556756756756756,64.46756756756756,0.000953,0.000862,0.001606,14.54702702702707,1
2499,8530,2025-01-21 12:40:36+00:00,2025-01-21 12:40:36+00:00,34.84305555555555,0.1286111111111111,49.72527777777778,41.34555555555555,35.60750000000001,36.27722222222221,0.2899999999999998,65.69749999999999,0.000759,0.0007,0.001184,14.117777777777768,1
2500,8531,2025-01-21 12:40:37+00:00,2025-01-21 12:40:37+00:00,31.99388888888889,0.1366666666666667,49.76222222222222,38.84527777777777,35.60583333333332,36.246944444444445,0.2888888888888887,65.74166666666666,0.000771,0.000711,0.001164,14.156388888888898,1
2501,8550,2025-01-21 12:41:03+00:00,2025-01-21 12:41:03+00:00,53.74421052631581,0.1489473684210526,49.26000000000001,60.79236842105261,35.691052631578934,36.43052631578946,0.2899999999999997,65.36894736842105,0.000856,0.000759,0.001334,13.568947368421078,1
2502,8567,2025-01-21 12:41:26+00:00,2025-01-21 12:41:26+00:00,166.340303030303,0.1642424242424242,49.41878787878789,179.67393939393943,35.58848484848485,37.819393939393954,1.9969696969696973,62.58151515151517,0.001041,0.001093,0.002315,13.830303030303035,1
2503,8568,2025-01-21 12:41:27+00:00,2025-01-21 12:41:27+00:00,169.98333333333332,0.1675757575757575,49.44818181818186,185.1200000000001,35.58878787878789,37.87181818181819,2.053333333333334,62.80696969696968,0.001048,0.001107,0.002366,13.859393939393968,1
2504,8570,2025-01-21 12:41:29+00:00,2025-01-21 12:41:29+00:00,179.66083333333333,0.1502777777777778,49.85361111111112,192.49805555555557,35.73277777777779,38.353333333333325,2.16388888888889,62.89750000000002,0.001086,0.001134,0.002497,14.120833333333325,1
2505,8579,2025-01-21 12:41:41+00:00,2025-01-21 12:41:41+00:00,214.7911428571429,0.1822857142857143,50.11942857142856,230.4194285714285,35.60971428571428,38.72457142857142,2.714000000000001,61.28228571428573,0.001145,0.00131,0.003044,14.509714285714274,1
2506,8606,2025-01-21 12:42:17+00:00,2025-01-21 12:42:17+00:00,119.36810810810807,0.1391891891891891,50.53432432432434,131.01081081081088,35.652972972973,37.5237837837838,1.4886486486486477,63.86999999999996,0.001041,0.00099,0.00194,14.88135135135134,1
2507,8610,2025-01-21 12:42:22+00:00,2025-01-21 12:42:22+00:00,92.69837837837838,0.134054054054054,50.473243243243225,103.2956756756757,35.66459459459462,37.24405405405405,1.2175675675675683,64.26351351351353,0.001008,0.000913,0.001834,14.808648648648608,1
2508,8627,2025-01-21 12:42:44+00:00,2025-01-21 12:42:44+00:00,21.04222222222222,0.1494444444444443,49.509166666666665,27.81138888888889,35.71555555555558,36.11888888888888,0.2916666666666664,66.02944444444445,0.000732,0.000698,0.001061,13.793611111111083,1
2509,8628,2025-01-21 12:42:45+00:00,2025-01-21 12:42:45+00:00,19.789743589743587,0.1471794871794872,49.72794871794871,26.30666666666666,35.8405128205128,36.37307692307692,0.2899999999999997,66.32897435897436,0.000682,0.000707,0.001086,13.887435897435909,1
2510,8640,2025-01-21 12:43:01+00:00,2025-01-21 12:43:01+00:00,45.27142857142859,0.14,49.51600000000002,52.698285714285696,35.81342857142855,36.49628571428573,0.2899999999999998,65.51942857142858,0.0008,0.000716,0.001258,13.702571428571469,1
2511,8642,2025-01-21 12:43:04+00:00,2025-01-21 12:43:04+00:00,57.04368421052632,0.1352631578947368,49.25842105263158,64.58552631578945,35.75263157894737,36.43421052631578,0.2899999999999997,65.13263157894734,0.000816,0.000761,0.001333,13.50578947368421,1
2512,8666,2025-01-21 12:43:35+00:00,2025-01-21 12:43:35+00:00,201.162,0.1628571428571429,49.872000000000014,216.7128571428572,35.724857142857154,38.57771428571427,2.486571428571429,62.04257142857144,0.00115,0.001263,0.002995,14.14714285714286,1
2513,8679,2025-01-21 12:43:52+00:00,2025-01-21 12:43:52+00:00,215.86941176470583,0.1679411764705882,50.89117647058824,232.02529411764704,35.83617647058823,39.128823529411775,2.779705882352942,61.70235294117642,0.001208,0.00134,0.003221,15.055000000000009,1
2514,8680,2025-01-21 12:43:54+00:00,2025-01-21 12:43:54+00:00,212.8020512820512,0.1866666666666667,50.752307692307696,229.52666666666664,35.772051282051265,38.97615384615384,2.735128205128205,61.5476923076923,0.001187,0.001335,0.003142,14.98025641025643,1
2515,8690,2025-01-21 12:44:07+00:00,2025-01-21 12:44:07+00:00,169.43333333333328,0.1880555555555556,51.22305555555554,184.4952777777778,35.85083333333333,38.67388888888889,2.0377777777777784,62.99916666666668,0.001054,0.001111,0.002452,15.372222222222211,1
2516,8691,2025-01-21 12:44:08+00:00,2025-01-21 12:44:08+00:00,164.91583333333335,0.1244444444444445,50.9175,177.32583333333332,35.75888888888889,38.22722222222222,1.9663888888888892,62.76194444444447,0.00104,0.001116,0.002383,15.158611111111108,1
2517,8696,2025-01-21 12:44:15+00:00,2025-01-21 12:44:15+00:00,130.78474999999997,0.1272499999999999,50.86499999999999,141.92874999999998,35.804749999999984,37.90899999999998,1.6119999999999994,63.71549999999998,0.001023,0.001046,0.002081,15.060250000000003,1
2518,8700,2025-01-21 12:44:20+00:00,2025-01-21 12:44:20+00:00,104.12058823529412,0.1079411764705882,50.653235294117664,113.66735294117647,35.80705882352941,37.52794117647058,1.342647058823529,64.21882352941176,0.001047,0.000961,0.001967,14.846176470588254,1
2519,8701,2025-01-21 12:44:21+00:00,2025-01-21 12:44:21+00:00,99.26342857142863,0.1477142857142857,50.72457142857143,110.52342857142855,35.826571428571434,37.70314285714286,1.2894285714285718,64.52057142857143,0.00103,0.000938,0.001888,14.897999999999996,1
2520,8703,2025-01-21 12:44:24+00:00,2025-01-21 12:44:24+00:00,83.21857142857142,0.1388571428571428,50.37171428571428,93.82857142857142,35.783999999999985,37.14571428571429,1.1188571428571432,64.55085714285717,0.000956,0.000901,0.001778,14.5877142857143,1
2521,8715,2025-01-21 12:44:39+00:00,2025-01-21 12:44:39+00:00,28.515675675675688,0.1051351351351351,49.70243243243242,34.14864864864865,35.749999999999986,36.30432432432432,0.2899999999999997,65.54216216216216,0.000699,0.000652,0.001128,13.952432432432438,1
2522,8726,2025-01-21 12:44:54+00:00,2025-01-21 12:44:54+00:00,26.38970588235295,0.1308823529411764,49.29352941176472,31.93647058823529,35.82882352941176,36.151470588235306,0.2899999999999998,65.58235294117648,0.000706,0.000669,0.001077,13.464705882352966,1
2523,8740,2025-01-21 12:45:12+00:00,2025-01-21 12:45:12+00:00,93.07352941176464,0.1658823529411764,49.768235294117645,103.49617647058822,35.905000000000015,37.30470588235294,1.2049999999999994,64.66235294117645,0.001014,0.000931,0.001843,13.86323529411763,1
2524,8743,2025-01-21 12:45:16+00:00,2025-01-21 12:45:16+00:00,113.00194444444446,0.1530555555555555,49.513888888888886,122.74611111111116,35.84888888888889,37.30083333333334,1.4177777777777776,63.97083333333332,0.001072,0.001077,0.002061,13.665,1
2525,8744,2025-01-21 12:45:17+00:00,2025-01-21 12:45:17+00:00,119.45599999999996,0.172,49.85371428571426,130.43228571428568,35.93514285714288,37.59942857142859,1.4817142857142862,64.12114285714284,0.001051,0.001027,0.002017,13.918571428571385,1
2526,8750,2025-01-21 12:45:25+00:00,2025-01-21 12:45:25+00:00,159.97441176470588,0.1755882352941176,49.545588235294105,171.9970588235294,35.82647058823529,37.960588235294125,1.9070588235294117,62.82382352941177,0.001068,0.001124,0.002395,13.719117647058816,1
2527,8757,2025-01-21 12:45:35+00:00,2025-01-21 12:45:35+00:00,199.534,0.1625714285714286,49.82857142857144,213.72142857142865,35.82285714285714,38.57199999999999,2.4657142857142844,61.69085714285714,0.00115,0.001275,0.00295,14.005714285714305,1
2528,8763,2025-01-21 12:45:44+00:00,2025-01-21 12:45:44+00:00,217.6205882352942,0.1647058823529412,50.52029411764705,234.29617647058816,35.91941176470588,39.15029411764706,2.820882352941176,61.55117647058822,0.001067,0.001289,0.002791,14.60088235294117,1
2529,8768,2025-01-21 12:45:50+00:00,2025-01-21 12:45:50+00:00,219.2435135135135,0.195945945945946,50.47243243243241,234.64216216216215,35.82999999999999,38.954324324324325,2.814864864864865,61.49270270270272,0.001067,0.001239,0.002779,14.642432432432422,1
2530,8771,2025-01-21 12:45:54+00:00,2025-01-21 12:45:54+00:00,211.98394736842093,0.1634210526315789,51.02947368421052,228.5831578947368,35.93210526315791,39.20973684210528,2.7134210526315776,61.72026315789471,0.001167,0.001231,0.002709,15.097368421052614,1
2531,8792,2025-01-21 12:46:22+00:00,2025-01-21 12:46:22+00:00,95.00763157894735,0.1655263157894736,50.62184210526316,106.18447368421052,35.9413157894737,37.49710526315789,1.2486842105263154,64.49447368421049,0.000988,0.000939,0.001845,14.680526315789464,1
2532,8801,2025-01-21 12:46:34+00:00,2025-01-21 12:46:34+00:00,42.24085714285714,0.1308571428571428,50.37942857142856,48.367714285714285,36.034857142857135,36.88771428571427,0.2899999999999998,65.83914285714286,0.00077,0.000718,0.001268,14.34457142857142,1
2533,8805,2025-01-21 12:46:39+00:00,2025-01-21 12:46:39+00:00,28.2872972972973,0.1102702702702702,50.30297297297297,34.25324324324324,36.04810810810811,36.80378378378376,0.2899999999999997,66.10972972972972,0.000721,0.000669,0.001154,14.254864864864857,1
2534,8818,2025-01-21 12:46:56+00:00,2025-01-21 12:46:56+00:00,29.700000000000006,0.1131428571428572,49.15742857142857,35.48628571428572,35.88028571428571,36.13542857142858,0.2899999999999998,65.398,0.000722,0.000697,0.001116,13.277142857142856,1
2535,8819,2025-01-21 12:46:57+00:00,2025-01-21 12:46:57+00:00,32.70222222222222,0.111111111111111,49.3986111111111,37.98027777777778,35.95111111111113,36.349722222222205,0.2911111111111111,65.68277777777776,0.000742,0.000681,0.001163,13.44749999999997,1
2536,8849,2025-01-21 12:47:36+00:00,2025-01-21 12:47:36+00:00,202.72051282051288,0.1776923076923076,50.09358974358975,217.3207692307692,35.95794871794872,38.77743589743589,2.5328205128205137,61.6876923076923,0.001114,0.001238,0.002859,14.135641025641029,1
2537,8863,2025-01-21 12:47:55+00:00,2025-01-21 12:47:55+00:00,212.12461538461545,0.1948717948717949,51.28820512820515,228.05435897435885,36.127435897435895,39.423333333333325,2.7117948717948703,62.09384615384617,0.001146,0.001288,0.003012,15.160769230769256,1
2538,8873,2025-01-21 12:48:08+00:00,2025-01-21 12:48:08+00:00,167.10685714285708,0.1565714285714285,51.07628571428572,180.6948571428572,35.98371428571429,38.593428571428575,2.0102857142857133,62.95628571428573,0.00105,0.001097,0.002379,15.092571428571423,1
2539,8880,2025-01-21 12:48:17+00:00,2025-01-21 12:48:17+00:00,121.42342857142856,0.1765714285714286,50.810285714285726,133.83257142857138,35.97657142857144,37.815142857142845,1.5308571428571434,63.575142857142886,0.001007,0.001012,0.001946,14.833714285714288,1
2540,8882,2025-01-21 12:48:20+00:00,2025-01-21 12:48:20+00:00,104.93432432432432,0.1705405405405405,51.09027027027025,116.9883783783784,36.079999999999984,38.01405405405408,1.3629729729729736,64.57540540540538,0.001057,0.00097,0.001969,15.010270270270269,1
2541,8904,2025-01-21 12:48:49+00:00,2025-01-21 12:48:49+00:00,20.479705882352945,0.0923529411764705,49.62647058823529,24.718529411764703,36.03029411764706,36.38147058823528,0.2899999999999998,65.98588235294118,0.000689,0.000741,0.001081,13.596176470588231,1
2542,8919,2025-01-21 12:49:08+00:00,2025-01-21 12:49:08+00:00,72.23264705882353,0.1314705882352941,49.29970588235292,80.29441176470588,36.01294117647057,36.7635294117647,0.9885294117647055,64.49911764705882,0.000949,0.000875,0.001537,13.286764705882348,1
2543,8935,2025-01-21 12:49:29+00:00,2025-01-21 12:49:29+00:00,176.60108108108116,0.1472972972972973,49.77540540540541,190.1448648648649,36.01783783783783,38.36810810810809,2.1445945945945946,62.49810810810813,0.001055,0.001133,0.002515,13.757567567567577,1
2544,8943,2025-01-21 12:49:40+00:00,2025-01-21 12:49:40+00:00,212.3168571428571,0.1874285714285714,50.17428571428574,227.9862857142857,36.06428571428571,38.99428571428571,2.709428571428573,61.80685714285713,0.001141,0.001305,0.003016,14.110000000000028,1
2545,8956,2025-01-21 12:49:57+00:00,2025-01-21 12:49:57+00:00,207.2620588235293,0.1811764705882353,51.43882352941175,222.9947058823529,36.18970588235294,39.45382352941177,2.644705882352941,62.140588235294125,0.001145,0.001263,0.002968,15.24911764705881,1
2546,8959,2025-01-21 12:50:01+00:00,2025-01-21 12:50:01+00:00,196.3331578947368,0.18,51.12315789473684,211.44578947368427,36.087894736842095,39.20973684210527,2.4415789473684213,62.273421052631626,0.001139,0.001205,0.002827,15.035263157894748,1
2547,8985,2025-01-21 12:50:35+00:00,2025-01-21 12:50:35+00:00,40.862941176470585,0.1223529411764706,50.18352941176469,48.07117647058824,36.0935294117647,36.77852941176471,0.2899999999999998,65.50558823529411,0.000752,0.000707,0.001239,14.08999999999999,1
2548,8995,2025-01-21 12:50:48+00:00,2025-01-21 12:50:48+00:00,19.380810810810807,0.1118918918918919,49.93702702702704,25.20351351351352,36.20513513513516,36.64675675675676,0.2899999999999997,66.17594594594595,0.000714,0.000689,0.001083,13.731891891891877,1
2549,9006,2025-01-21 12:51:02+00:00,2025-01-21 12:51:02+00:00,46.34142857142857,0.1094285714285713,49.67342857142855,52.42971428571429,36.1642857142857,36.92828571428573,0.2899999999999998,65.53571428571429,0.000784,0.000752,0.001306,13.509142857142848,1
2550,9007,2025-01-21 12:51:04+00:00,2025-01-21 12:51:04+00:00,54.55657142857144,0.1354285714285714,49.66742857142859,61.90285714285714,36.12342857142857,36.765714285714274,0.2899999999999998,64.98085714285715,0.000797,0.000753,0.001352,13.544000000000018,1
2551,9021,2025-01-21 12:51:22+00:00,2025-01-21 12:51:22+00:00,142.72705882352938,0.1508823529411765,49.74676470588237,154.00352941176465,36.13500000000001,38.01882352941177,1.7252941176470582,63.34352941176471,0.001039,0.001093,0.002202,13.611764705882358,1
2552,9024,2025-01-21 12:51:26+00:00,2025-01-21 12:51:26+00:00,160.57205882352943,0.1588235294117647,49.84911764705883,174.755,36.11500000000001,38.30735294117648,1.953235294117647,62.9264705882353,0.001044,0.001131,0.002408,13.734117647058824,1
2553,9032,2025-01-21 12:51:36+00:00,2025-01-21 12:51:36+00:00,202.41411764705887,0.1914705882352941,50.14823529411765,217.53117647058824,36.11264705882355,38.92764705882353,2.5258823529411765,61.98941176470589,0.001189,0.001257,0.003006,14.0355882352941,1
2554,9033,2025-01-21 12:51:38+00:00,2025-01-21 12:51:38+00:00,207.1535135135135,0.1770270270270269,50.5716216216216,221.78648648648655,36.25162162162162,39.35783783783784,2.6191891891891874,62.14513513513514,0.001165,0.001271,0.00307,14.31999999999998,1
2555,9064,2025-01-21 12:52:18+00:00,2025-01-21 12:52:18+00:00,117.66891891891888,0.1256756756756757,51.07891891891892,129.07324324324324,36.19243243243244,38.16540540540543,1.502972972972973,63.985405405405416,0.001036,0.000995,0.002041,14.886486486486485,1
2556,9087,2025-01-21 12:52:50+00:00,2025-01-21 12:52:50+00:00,20.72617647058823,0.1411764705882352,49.97441176470589,27.077647058823523,36.26911764705881,36.77823529411764,0.2899999999999998,66.09588235294115,0.000694,0.00072,0.00114,13.705294117647078,1
2557,9091,2025-01-21 12:52:55+00:00,2025-01-21 12:52:55+00:00,26.50828571428571,0.1514285714285714,49.8722857142857,33.72542857142857,36.27885714285713,36.73942857142858,0.2899999999999998,65.98085714285715,0.000704,0.000683,0.001141,13.593428571428577,1
2558,9100,2025-01-21 12:53:07+00:00,2025-01-21 12:53:07+00:00,65.98756756756761,0.1494594594594595,49.55891891891893,73.96162162162159,36.21135135135136,36.95,0.7659459459459459,64.80135135135136,0.00084,0.000782,0.001446,13.347567567567566,1
2559,9116,2025-01-21 12:53:28+00:00,2025-01-21 12:53:28+00:00,170.49818181818185,0.1724242424242424,49.94727272727275,183.46272727272728,36.23121212121213,38.51151515151515,2.0781818181818186,62.69303030303031,0.00107,0.001167,0.00258,13.716060606060624,1
2560,9120,2025-01-21 12:53:33+00:00,2025-01-21 12:53:33+00:00,191.0771428571429,0.1745714285714286,50.152285714285725,204.28914285714288,36.20542857142858,38.85314285714286,2.357428571428572,62.12942857142856,0.001137,0.001218,0.002932,13.94685714285714,1
2561,9127,2025-01-21 12:53:42+00:00,2025-01-21 12:53:42+00:00,213.59971428571427,0.1785714285714285,50.38999999999999,230.49457142857145,36.17685714285715,39.23057142857143,2.761428571428574,61.14085714285715,0.001211,0.001371,0.003369,14.213142857142842,1
2562,9128,2025-01-21 12:53:43+00:00,2025-01-21 12:53:43+00:00,216.4628947368421,0.1952631578947369,50.53105263157894,232.3565789473684,36.23078947368422,39.31236842105263,2.7963157894736845,61.43184210526318,0.001212,0.001373,0.003413,14.30026315789472,1
2563,9148,2025-01-21 12:54:10+00:00,2025-01-21 12:54:10+00:00,159.22029411764711,0.1426470588235294,51.53382352941176,172.94852941176475,36.30470588235293,39.16235294117647,1.931176470588236,63.35617647058825,0.001074,0.00112,0.002448,15.22911764705882,1
2564,9161,2025-01-21 12:54:27+00:00,2025-01-21 12:54:27+00:00,73.06314285714286,0.139142857142857,50.94685714285716,82.06828571428571,36.332,37.60171428571428,1.012,64.7482857142857,0.000904,0.000834,0.001609,14.61485714285716,1
2565,9174,2025-01-21 12:54:44+00:00,2025-01-21 12:54:44+00:00,20.97108108108108,0.1275675675675675,50.00513513513513,27.192162162162163,36.29567567567565,36.759729729729706,0.2899999999999997,65.93270270270271,0.000719,0.000711,0.001127,13.709459459459474,1
2566,9182,2025-01-21 12:54:54+00:00,2025-01-21 12:54:54+00:00,24.171428571428574,0.1325714285714285,49.72685714285716,30.741428571428568,36.33171428571429,36.58599999999999,0.2899999999999998,65.91285714285715,0.000683,0.000778,0.001114,13.39514285714288,1
2567,9194,2025-01-21 12:55:10+00:00,2025-01-21 12:55:10+00:00,78.63102564102562,0.1535897435897436,49.80384615384615,88.48384615384612,36.32820512820511,37.30820512820513,1.0630769230769226,64.69769230769231,0.00092,0.000849,0.001664,13.47564102564104,1
2568,9210,2025-01-21 12:55:32+00:00,2025-01-21 12:55:32+00:00,185.97270270270263,0.1689189189189189,50.58675675675676,200.60297297297305,36.46405405405406,39.15432432432432,2.3021621621621606,62.66702702702703,0.001024,0.001119,0.002508,14.122702702702703,1
2569,9229,2025-01-21 12:55:57+00:00,2025-01-21 12:55:57+00:00,208.9105405405405,0.1845945945945946,51.65351351351352,224.90756756756747,36.46891891891893,40.004864864864864,2.690810810810813,62.17783783783785,0.001177,0.001244,0.003113,15.1845945945946,1
2570,9239,2025-01-21 12:56:10+00:00,2025-01-21 12:56:10+00:00,160.54702702702693,0.1929729729729729,51.37945945945943,174.58108108108107,36.37,38.8881081081081,1.9356756756756757,63.06216216216219,0.001052,0.001062,0.002461,15.009459459459428,1
2571,9252,2025-01-21 12:56:27+00:00,2025-01-21 12:56:27+00:00,74.66894736842106,0.1297368421052632,51.031578947368445,83.19,36.49157894736841,37.89473684210528,1.0257894736842104,65.06500000000001,0.0009,0.000819,0.001611,14.540000000000036,1
2572,9270,2025-01-21 12:56:51+00:00,2025-01-21 12:56:51+00:00,20.32675675675676,0.1467567567567567,49.89621621621624,26.722972972972983,36.41567567567568,36.7183783783784,0.2854054054054053,65.95540540540541,0.000689,0.000722,0.001114,13.48054054054056,1
2573,9274,2025-01-21 12:56:56+00:00,2025-01-21 12:56:56+00:00,28.17472222222222,0.1333333333333333,49.79527777777779,34.04416666666668,36.42083333333332,36.78333333333333,0.2899999999999998,65.76749999999998,0.000703,0.000687,0.001133,13.374444444444473,1
2574,9277,2025-01-21 12:57:00+00:00,2025-01-21 12:57:00+00:00,39.25029411764706,0.1129411764705882,49.64294117647061,45.25500000000001,36.38588235294119,36.65382352941175,0.2899999999999998,65.15382352941174,0.000763,0.000745,0.001229,13.25705882352942,1
2575,9281,2025-01-21 12:57:05+00:00,2025-01-21 12:57:05+00:00,56.64138888888888,0.1027777777777778,49.70555555555555,62.31416666666665,36.38194444444446,36.94333333333332,0.2899999999999998,64.77638888888886,0.000846,0.000758,0.001401,13.323611111111092,1
2576,9285,2025-01-21 12:57:11+00:00,2025-01-21 12:57:11+00:00,83.49583333333331,0.0983333333333333,49.86722222222223,91.18805555555554,36.41166666666666,37.43583333333334,1.1055555555555554,64.48777777777772,0.000933,0.000849,0.0017,13.455555555555565,1
2577,9303,2025-01-21 12:57:34+00:00,2025-01-21 12:57:34+00:00,193.10333333333327,0.1836363636363635,50.52818181818182,207.7990909090909,36.49303030303032,39.30969696969696,2.403939393939393,62.42272727272725,0.00114,0.001213,0.003014,14.035151515151504,1
2578,9304,2025-01-21 12:57:35+00:00,2025-01-21 12:57:35+00:00,196.06394736842108,0.1878947368421053,50.37552631578948,212.51105263157905,36.42578947368421,39.12815789473684,2.455789473684212,61.86184210526316,0.00116,0.001238,0.003096,13.949736842105269,1
2579,9309,2025-01-21 12:57:42+00:00,2025-01-21 12:57:42+00:00,212.9008571428572,0.1882857142857143,50.66,229.33228571428572,36.47714285714286,39.511428571428574,2.757714285714288,61.737142857142864,0.001193,0.001311,0.003343,14.182857142857138,1
2580,9317,2025-01-21 12:57:52+00:00,2025-01-21 12:57:52+00:00,217.1058333333334,0.1966666666666666,51.1913888888889,233.20916666666653,36.46944444444446,39.73583333333335,2.831388888888888,61.81027777777776,0.001211,0.001318,0.003376,14.72194444444444,1
2581,9324,2025-01-21 12:58:02+00:00,2025-01-21 12:58:02+00:00,194.34200000000004,0.1731428571428571,51.41142857142858,209.74885714285708,36.46085714285716,39.41771428571428,2.436,62.1817142857143,0.001168,0.001191,0.003042,14.950571428571422,1
2582,9337,2025-01-21 12:58:19+00:00,2025-01-21 12:58:19+00:00,115.37000000000002,0.1475,51.58361111111111,125.6961111111111,36.53777777777776,38.74722222222224,1.4694444444444448,64.44500000000001,0.001026,0.000961,0.002088,15.045833333333348,1
2583,9360,2025-01-21 12:58:49+00:00,2025-01-21 12:58:49+00:00,19.246666666666663,0.1516666666666666,50.053888888888885,26.29555555555556,36.50999999999999,36.90916666666666,0.2891666666666664,66.07027777777779,0.000687,0.000671,0.001096,13.543888888888894,1
2584,9369,2025-01-21 12:59:01+00:00,2025-01-21 12:59:01+00:00,41.92857142857144,0.1285714285714285,50.12742857142857,48.43285714285715,36.56800000000001,37.15342857142858,0.2899999999999998,65.41285714285713,0.000752,0.000721,0.001223,13.559428571428557,1
2585,9370,2025-01-21 12:59:02+00:00,2025-01-21 12:59:02+00:00,44.56599999999999,0.118,49.758285714285726,50.93599999999999,36.48028571428571,36.91485714285714,0.2899999999999998,65.09542857142857,0.000755,0.000714,0.001261,13.278000000000011,1
2586,9373,2025-01-21 12:59:06+00:00,2025-01-21 12:59:06+00:00,60.447027027027005,0.1262162162162163,50.08702702702701,67.17432432432432,36.56270270270268,37.40135135135137,0.3364864864864865,65.08891891891889,0.000834,0.000763,0.001451,13.524324324324333,1
2587,9377,2025-01-21 12:59:11+00:00,2025-01-21 12:59:11+00:00,82.7392105263158,0.13,50.16052631578948,91.61184210526312,36.57210526315789,37.73447368421052,1.1034210526315789,64.61605263157897,0.000969,0.000887,0.001777,13.58842105263158,1
2588,9379,2025-01-21 12:59:14+00:00,2025-01-21 12:59:14+00:00,97.65138888888887,0.1641666666666666,49.95916666666667,105.9066666666667,36.517777777777766,37.75416666666667,1.2547222222222223,64.38138888888886,0.001033,0.000934,0.001931,13.441388888888902,1
2589,9382,2025-01-21 12:59:18+00:00,2025-01-21 12:59:18+00:00,118.57212121212122,0.1433333333333333,49.99757575757575,129.27242424242425,36.52969696969695,38.02272727272726,1.4851515151515151,63.77272727272729,0.001091,0.001043,0.002174,13.467878787878805,1
2590,9392,2025-01-21 12:59:31+00:00,2025-01-21 12:59:31+00:00,181.2836363636364,0.1757575757575758,50.45151515151515,194.5563636363636,36.61060606060606,39.15636363636362,2.2315151515151515,62.58181818181819,0.001104,0.001172,0.002846,13.840909090909092,1
2591,9398,2025-01-21 12:59:39+00:00,2025-01-21 12:59:39+00:00,207.1155555555557,0.1797222222222221,50.57194444444446,223.87333333333336,36.54777777777776,39.500277777777775,2.66611111111111,61.76944444444445,0.001185,0.001285,0.003333,14.024166666666702,1
2592,9400,2025-01-21 12:59:41+00:00,2025-01-21 12:59:41+00:00,212.8192307692307,0.1946153846153845,50.95307692307696,228.09743589743587,36.640256410256384,39.75615384615385,2.736153846153845,61.91666666666666,0.001199,0.001313,0.003424,14.312820512820572,1
2593,9405,2025-01-21 12:59:48+00:00,2025-01-21 12:59:48+00:00,218.9608823529412,0.1938235294117647,50.98411764705882,235.22735294117655,36.52176470588233,39.69147058823528,2.875882352941177,61.32617647058825,0.001236,0.001369,0.003583,14.462352941176484,1
2594,9418,2025-01-21 13:00:05+00:00,2025-01-21 13:00:05+00:00,185.3235294117647,0.1888235294117647,51.65058823529414,199.999411764706,36.55147058823528,39.44205882352941,2.284705882352942,62.53147058823532,0.001138,0.001144,0.002946,15.099117647058854,1
2595,9420,2025-01-21 13:00:07+00:00,2025-01-21 13:00:07+00:00,174.5564864864865,0.1513513513513513,51.73621621621624,189.41918918918915,36.602702702702686,39.38216216216215,2.1537837837837834,62.71270270270272,0.001113,0.001155,0.00274,15.133513513513549,1
2596,9421,2025-01-21 13:00:09+00:00,2025-01-21 13:00:09+00:00,165.85388888888895,0.1494444444444444,51.61805555555559,179.413611111111,36.54027777777779,39.17444444444445,2.027222222222222,62.93722222222223,0.001084,0.001121,0.002642,15.077777777777795,1
2597,9433,2025-01-21 13:00:25+00:00,2025-01-21 13:00:25+00:00,84.06470588235298,0.1155882352941176,51.145882352941165,93.38852941176472,36.58529411764705,38.00823529411765,1.1523529411764706,64.64647058823529,0.000964,0.00087,0.00184,14.560588235294112,1
2598,9438,2025-01-21 13:00:31+00:00,2025-01-21 13:00:31+00:00,58.25289473684213,0.1202631578947368,51.30710526315789,66.38552631578948,36.63736842105265,38.02447368421052,0.3034210526315786,65.53052631578946,0.000819,0.000753,0.001437,14.669736842105245,1
2599,9442,2025-01-21 13:00:36+00:00,2025-01-21 13:00:36+00:00,40.16171428571428,0.086,50.80828571428569,45.28057142857143,36.637714285714296,37.51114285714285,0.2899999999999998,65.82828571428573,0.000729,0.000692,0.001242,14.170571428571392,1
2600,9448,2025-01-21 13:00:44+00:00,2025-01-21 13:00:44+00:00,21.791081081081067,0.1291891891891891,50.19621621621624,28.433243243243247,36.60432432432432,36.99972972972972,0.2891891891891889,65.82486486486485,0.000679,0.000735,0.001149,13.591891891891926,1
2601,9454,2025-01-21 13:00:52+00:00,2025-01-21 13:00:52+00:00,21.79810810810811,0.1275675675675675,50.409729729729705,27.31108108108107,36.74729729729732,37.170000000000016,0.2891891891891889,66.25864864864866,0.000734,0.000708,0.001163,13.66243243243239,1
2602,9461,2025-01-21 13:01:01+00:00,2025-01-21 13:01:01+00:00,39.81948717948719,0.1138461538461538,50.00743589743588,46.484871794871786,36.66410256410258,37.12794871794874,0.2894871794871792,65.47076923076922,0.000769,0.000715,0.001262,13.343333333333304,1
2603,9463,2025-01-21 13:01:04+00:00,2025-01-21 13:01:04+00:00,50.874473684210535,0.1086842105263157,49.77026315789475,57.56947368421055,36.63078947368424,37.14763157894739,0.2899999999999997,64.93657894736837,0.000793,0.00075,0.001366,13.139473684210516,1
2604,9474,2025-01-21 13:01:18+00:00,2025-01-21 13:01:18+00:00,117.7391176470588,0.146764705882353,50.28147058823527,127.67794117647055,36.7429411764706,38.28941176470589,1.478529411764706,63.850000000000016,0.001074,0.00106,0.002187,13.538529411764678,1
2605,9478,2025-01-21 13:01:25+00:00,2025-01-21 13:01:25+00:00,153.44513513513513,0.172972972972973,50.11162162162163,165.76405405405407,36.69945945945948,38.62594594594594,1.866486486486487,63.0283783783784,0.001013,0.001072,0.002337,13.412162162162154,1
2606,9490,2025-01-21 13:01:41+00:00,2025-01-21 13:01:41+00:00,211.5813157894737,0.1776315789473684,50.7921052631579,226.56552631578936,36.715526315789496,39.67210526315791,2.7278947368421043,61.7136842105263,0.001132,0.001271,0.003172,14.076578947368404,1
2607,9503,2025-01-21 13:01:58+00:00,2025-01-21 13:01:58+00:00,207.85432432432427,0.1935135135135136,51.86189189189188,223.08243243243248,36.80432432432431,40.0281081081081,2.676486486486487,62.03594594594595,0.001128,0.001252,0.003181,15.057567567567569,1
2608,9511,2025-01-21 13:02:08+00:00,2025-01-21 13:02:08+00:00,170.93176470588227,0.1629411764705881,52.10558823529411,185.794411764706,36.90352941176469,39.63500000000001,2.1064705882352937,63.06852941176468,0.001043,0.001065,0.002615,15.20205882352942,1
2609,9516,2025-01-21 13:02:15+00:00,2025-01-21 13:02:15+00:00,136.8891666666667,0.1730555555555556,51.33888888888888,149.60833333333335,36.65944444444445,38.76361111111109,1.7119444444444447,63.36972222222224,0.001013,0.001005,0.00229,14.67944444444442,1
2610,9521,2025-01-21 13:02:21+00:00,2025-01-21 13:02:21+00:00,107.3422222222222,0.1511111111111111,51.4227777777778,117.66611111111112,36.74194444444444,38.461388888888905,1.3799999999999997,64.1175,0.001027,0.000946,0.002055,14.68083333333336,1
2611,9525,2025-01-21 13:02:26+00:00,2025-01-21 13:02:26+00:00,80.48135135135136,0.1413513513513513,51.148378378378354,90.06837837837836,36.73783783783784,38.03324324324326,1.1056756756756754,64.70324324324326,0.000912,0.00084,0.001688,14.41054054054051,1
2612,9529,2025-01-21 13:02:32+00:00,2025-01-21 13:02:32+00:00,54.14694444444443,0.1580555555555555,50.91027777777778,63.72583333333336,36.75388888888889,37.663055555555545,0.2899999999999998,65.32305555555556,0.000792,0.000756,0.001424,14.156388888888891,1
2613,9534,2025-01-21 13:02:38+00:00,2025-01-21 13:02:38+00:00,34.96794117647058,0.1202941176470588,50.97705882352941,41.60794117647059,36.87529411764704,37.66941176470589,0.2894117647058822,66.02794117647059,0.000742,0.000692,0.001229,14.101764705882369,1
2614,9537,2025-01-21 13:02:42+00:00,2025-01-21 13:02:42+00:00,24.413142857142876,0.1242857142857143,50.39571428571429,30.302285714285727,36.75314285714286,37.19028571428572,0.2857142857142856,65.93342857142855,0.000686,0.000693,0.001149,13.642571428571422,1
2615,9540,2025-01-21 13:02:46+00:00,2025-01-21 13:02:46+00:00,20.613636363636367,0.1151515151515151,50.26151515151516,25.53454545454545,36.74090909090909,37.11787878787878,0.2872727272727272,65.84696969696972,0.000684,0.000682,0.001124,13.52060606060607,1
2616,9541,2025-01-21 13:02:47+00:00,2025-01-21 13:02:47+00:00,19.39205882352941,0.1047058823529411,50.239705882352936,25.795,36.742647058823536,37.065000000000005,0.286470588235294,66.03558823529411,0.000688,0.000694,0.001106,13.4970588235294,1
2617,9578,2025-01-21 13:03:36+00:00,2025-01-21 13:03:36+00:00,198.78282051282065,0.1653846153846155,50.40000000000001,212.46564102564108,36.74025641025641,39.295128205128194,2.5035897435897434,61.77641025641026,0.001142,0.00122,0.003092,13.659743589743606,1
2618,9585,2025-01-21 13:03:45+00:00,2025-01-21 13:03:45+00:00,217.0328947368421,0.1907894736842105,51.25842105263157,232.1821052631578,36.86552631578945,40.00131578947369,2.839736842105262,61.45763157894736,0.001176,0.001316,0.003459,14.392894736842116,1
2619,9590,2025-01-21 13:03:52+00:00,2025-01-21 13:03:52+00:00,217.4623529411764,0.1591176470588235,51.33205882352943,233.825294117647,36.7855882352941,39.96676470588236,2.8797058823529422,61.35411764705884,0.001195,0.001335,0.003519,14.54647058823533,1
2620,9591,2025-01-21 13:03:53+00:00,2025-01-21 13:03:53+00:00,217.3524242424243,0.1833333333333333,51.44848484848487,232.740606060606,36.793636363636345,40.04242424242426,2.865757575757576,61.50848484848484,0.001197,0.001342,0.00352,14.654848484848522,1
2621,9599,2025-01-21 13:04:03+00:00,2025-01-21 13:04:03+00:00,192.6767567567568,0.1786486486486487,51.68567567567567,206.92621621621612,36.82594594594592,39.73513513513512,2.418378378378379,62.338648648648665,0.001162,0.001174,0.003047,14.85972972972975,1
2622,9601,2025-01-21 13:04:06+00:00,2025-01-21 13:04:06+00:00,180.73277777777773,0.1736111111111111,51.728333333333325,195.4397222222222,36.76805555555557,39.55944444444444,2.253611111111111,62.43055555555559,0.001116,0.001122,0.00289,14.960277777777756,1
2623,9606,2025-01-21 13:04:13+00:00,2025-01-21 13:04:13+00:00,149.02485714285717,0.1408571428571428,51.69885714285714,161.83,36.80885714285712,39.17428571428572,1.8291428571428576,63.344571428571456,0.001051,0.001045,0.002478,14.890000000000027,1
2624,9621,2025-01-21 13:04:32+00:00,2025-01-21 13:04:32+00:00,54.84085714285712,0.1122857142857143,50.85485714285716,62.64200000000001,36.79285714285712,37.71485714285714,0.2899999999999998,64.89942857142856,0.000764,0.00078,0.001399,14.062000000000031,1
2625,9636,2025-01-21 13:04:52+00:00,2025-01-21 13:04:52+00:00,21.140540540540535,0.1013513513513513,50.08918918918921,26.71972972972973,36.77756756756755,36.99297297297296,0.2835135135135134,65.65675675675676,0.000697,0.000731,0.001161,13.31162162162166,1
2626,9645,2025-01-21 13:05:04+00:00,2025-01-21 13:05:04+00:00,49.298918918918936,0.117027027027027,50.12027027027027,55.63432432432433,36.85864864864868,37.36702702702705,0.2889189189189187,65.3343243243243,0.000763,0.000754,0.001317,13.261621621621591,1
2627,9650,2025-01-21 13:05:10+00:00,2025-01-21 13:05:10+00:00,75.94194444444446,0.1258333333333333,50.38944444444445,82.95222222222222,36.91861111111112,37.94277777777777,1.0399999999999998,64.95361111111107,0.000886,0.000848,0.001638,13.470833333333331,1
2628,9663,2025-01-21 13:05:29+00:00,2025-01-21 13:05:29+00:00,171.77411764705877,0.1626470588235294,50.43529411764706,183.77588235294124,36.8505882352941,39.11441176470589,2.100882352941176,62.72382352941174,0.001009,0.00111,0.002497,13.584705882352957,1
2629,9672,2025-01-21 13:05:40+00:00,2025-01-21 13:05:40+00:00,209.69894736842105,0.1876315789473684,50.864736842105295,224.8592105263157,36.90368421052633,39.772631578947376,2.692631578947368,61.73236842105263,0.00114,0.001257,0.0032,13.961052631578966,1
2630,9677,2025-01-21 13:05:47+00:00,2025-01-21 13:05:47+00:00,219.37916666666663,0.1658333333333334,51.425833333333344,235.2780555555556,36.967222222222254,40.20694444444445,2.8966666666666656,61.57527777777779,0.001161,0.001327,0.003403,14.45861111111109,1
2631,9682,2025-01-21 13:05:54+00:00,2025-01-21 13:05:54+00:00,215.34028571428576,0.2025714285714286,51.457428571428586,232.8045714285713,36.89942857142859,40.05857142857142,2.8411428571428576,61.44771428571426,0.001162,0.001312,0.003372,14.558,1
2632,9683,2025-01-21 13:05:55+00:00,2025-01-21 13:05:55+00:00,215.461081081081,0.1867567567567568,51.580540540540575,230.44486486486488,36.90216216216218,40.04432432432431,2.81891891891892,61.59864864864868,0.001164,0.00129,0.003328,14.678378378378396,1
2633,9690,2025-01-21 13:06:04+00:00,2025-01-21 13:06:04+00:00,189.10684210526315,0.1763157894736842,51.76605263157896,204.64842105263165,36.888157894736864,39.75894736842106,2.3865789473684216,62.29236842105262,0.001104,0.001145,0.002933,14.877894736842094,1
2634,9693,2025-01-21 13:06:08+00:00,2025-01-21 13:06:08+00:00,172.33194444444442,0.1861111111111111,51.79777777777775,187.4447222222222,36.885,39.56555555555556,2.1316666666666664,62.5825,0.001064,0.001105,0.002699,14.912777777777755,1
2635,9695,2025-01-21 13:06:11+00:00,2025-01-21 13:06:11+00:00,159.8545454545455,0.1427272727272728,52.106666666666655,171.77272727272725,37.02515151515152,39.55,1.956969696969697,63.32272727272725,0.001076,0.001066,0.00255,15.08151515151514,1
2636,9705,2025-01-21 13:06:24+00:00,2025-01-21 13:06:24+00:00,92.7761111111111,0.1119444444444444,51.33888888888885,101.92305555555556,36.91138888888889,38.36999999999999,1.241666666666667,64.38888888888886,0.00096,0.00091,0.001914,14.427499999999966,1
2637,9714,2025-01-21 13:06:35+00:00,2025-01-21 13:06:35+00:00,44.497692307692326,0.0958974358974359,50.95,50.87641025641026,36.93564102564104,37.758717948717965,0.289230769230769,65.45538461538457,0.000751,0.000713,0.001315,14.014358974358956,1
2638,9718,2025-01-21 13:06:41+00:00,2025-01-21 13:06:41+00:00,27.71411764705881,0.0958823529411764,50.72294117647059,32.68058823529412,36.93852941176471,37.42941176470589,0.2899999999999998,65.8491176470588,0.000692,0.000689,0.001155,13.784411764705888,1
2639,9720,2025-01-21 13:06:43+00:00,2025-01-21 13:06:43+00:00,24.286571428571428,0.1328571428571429,50.75057142857145,29.810857142857152,36.98600000000001,37.45828571428573,0.2874285714285713,65.90742857142855,0.0007,0.000651,0.001102,13.764571428571436,1
2640,9747,2025-01-21 13:07:19+00:00,2025-01-21 13:07:19+00:00,120.42,0.1431428571428572,50.26914285714288,130.67,36.93428571428573,38.42514285714288,1.5177142857142862,63.54457142857144,0.00105,0.000991,0.002097,13.334857142857146,1
2641,9763,2025-01-21 13:07:40+00:00,2025-01-21 13:07:40+00:00,208.26264705882343,0.1967647058823528,50.8305882352941,224.9,36.94000000000001,39.7879411764706,2.692647058823528,61.48735294117646,0.001128,0.001253,0.003141,13.89058823529409,1
2642,9799,2025-01-21 13:08:27+00:00,2025-01-21 13:08:27+00:00,78.54459459459456,0.1208108108108108,51.431621621621616,87.55621621621626,36.99216216216216,38.37405405405405,1.0862162162162157,64.76837837837834,0.00093,0.00085,0.00173,14.439459459459457,1
2643,9800,2025-01-21 13:08:28+00:00,2025-01-21 13:08:28+00:00,73.46777777777775,0.1369444444444444,51.516944444444434,82.63305555555557,37.08388888888889,38.3775,1.0325,65.07277777777776,0.000893,0.000812,0.001632,14.43305555555554,1
2644,9803,2025-01-21 13:08:32+00:00,2025-01-21 13:08:32+00:00,57.24105263157895,0.1271052631578947,51.16157894736845,64.35947368421053,37.00236842105263,38.01815789473684,0.2899999999999997,65.23184210526315,0.000789,0.000756,0.001433,14.159210526315816,1
2645,9811,2025-01-21 13:08:43+00:00,2025-01-21 13:08:43+00:00,24.70263157894737,0.1557894736842105,50.65631578947371,30.792631578947365,37.05578947368421,37.540263157894735,0.2897368421052629,65.97315789473686,0.000688,0.000733,0.001139,13.600526315789502,1
2646,9812,2025-01-21 13:08:44+00:00,2025-01-21 13:08:44+00:00,23.027058823529416,0.1208823529411764,50.992058823529376,28.538235294117666,37.19323529411763,37.63205882352943,0.2873529411764705,66.29941176470587,0.00068,0.000656,0.001117,13.798823529411749,1
2647,9825,2025-01-21 13:09:02+00:00,2025-01-21 13:09:02+00:00,41.39212121212122,0.119090909090909,50.232121212121214,47.9848484848485,37.02393939393937,37.451212121212144,0.2893939393939392,65.38212121212122,0.00073,0.000717,0.001295,13.208181818181842,1
2648,9842,2025-01-21 13:09:25+00:00,2025-01-21 13:09:25+00:00,149.97973684210524,0.1747368421052631,50.68657894736841,162.59157894736836,37.13210526315787,39.15236842105264,1.8389473684210529,63.32921052631582,0.001048,0.001088,0.002431,13.554473684210542,1
2649,9848,2025-01-21 13:09:32+00:00,2025-01-21 13:09:32+00:00,182.84147058823544,0.1473529411764705,50.54470588235292,195.8447058823529,37.04176470588234,39.441470588235305,2.275882352941177,62.3014705882353,0.001145,0.001184,0.002945,13.502941176470578,1
2650,9858,2025-01-21 13:09:46+00:00,2025-01-21 13:09:46+00:00,217.6134210526316,0.1878947368421053,51.24184210526317,233.72657894736835,37.1,40.02105263157894,2.875526315789474,61.40052631578948,0.001199,0.001375,0.003475,14.14184210526318,1
2651,9863,2025-01-21 13:09:52+00:00,2025-01-21 13:09:52+00:00,218.6658823529412,0.1691176470588234,51.36117647058824,234.10970588235296,37.04764705882352,40.17764705882352,2.89970588235294,61.34735294117645,0.001225,0.001382,0.003566,14.31352941176472,1
2652,9880,2025-01-21 13:10:14+00:00,2025-01-21 13:10:14+00:00,145.79605263157896,0.1326315789473684,51.870263157894726,158.07315789473682,37.12078947368423,39.35236842105261,1.811842105263158,63.392105263157895,0.001044,0.001038,0.00241,14.749473684210493,1
2653,9895,2025-01-21 13:10:34+00:00,2025-01-21 13:10:34+00:00,49.93459459459461,0.1186486486486486,51.16054054054056,57.1964864864865,37.12108108108112,37.99135135135134,0.2891891891891889,65.33837837837835,0.000787,0.000741,0.00137,14.039459459459444,1
2654,9896,2025-01-21 13:10:35+00:00,2025-01-21 13:10:35+00:00,46.342162162162175,0.1175675675675675,51.33432432432432,53.95324324324326,37.18189189189189,38.150810810810825,0.2899999999999997,65.66648648648648,0.000794,0.000733,0.001348,14.15243243243242,1
2655,9899,2025-01-21 13:10:39+00:00,2025-01-21 13:10:39+00:00,33.28666666666666,0.1158333333333333,50.872777777777785,39.44750000000001,37.10916666666665,37.68138888888888,0.2888888888888887,65.7152777777778,0.00071,0.000691,0.001209,13.763611111111132,1
2656,9900,2025-01-21 13:10:41+00:00,2025-01-21 13:10:41+00:00,28.256,0.1594285714285714,51.07714285714284,35.01142857142856,37.19800000000003,37.79342857142855,0.2908571428571427,66.07542857142855,0.000696,0.000673,0.001196,13.87914285714281,1
2657,9901,2025-01-21 13:10:42+00:00,2025-01-21 13:10:42+00:00,26.62416666666667,0.1080555555555555,50.804166666666696,32.79611111111111,37.10916666666666,37.64527777777777,0.289722222222222,65.65333333333335,0.00076,0.000674,0.001194,13.695000000000036,1
2658,9934,2025-01-21 13:11:25+00:00,2025-01-21 13:11:25+00:00,150.25885714285718,0.1637142857142856,50.53114285714283,161.88085714285705,37.173142857142864,39.02285714285713,1.8337142857142863,63.18485714285714,0.001072,0.001107,0.002497,13.357999999999969,1
2659,9941,2025-01-21 13:11:34+00:00,2025-01-21 13:11:34+00:00,189.67722222222224,0.1486111111111111,50.71944444444445,203.9333333333333,37.15527777777778,39.65888888888892,2.3872222222222224,62.11861111111111,0.001171,0.001227,0.003113,13.564166666666663,1
2660,9949,2025-01-21 13:11:45+00:00,2025-01-21 13:11:45+00:00,217.0934285714286,0.1697142857142856,51.23857142857143,232.70457142857143,37.1397142857143,40.21371428571429,2.870571428571429,61.35657142857143,0.001221,0.001367,0.003474,14.098857142857128,1
2661,9957,2025-01-21 13:11:55+00:00,2025-01-21 13:11:55+00:00,215.03250000000008,0.1872222222222221,51.73000000000002,232.5597222222222,37.17555555555556,40.33416666666664,2.856666666666668,61.480833333333344,0.001218,0.00135,0.003447,14.554444444444457,1
2662,9959,2025-01-21 13:11:58+00:00,2025-01-21 13:11:58+00:00,209.69468750000007,0.1775,51.95375000000003,225.09781249999995,37.1909375,40.25500000000001,2.7453125000000003,61.4559375,0.001215,0.001313,0.003367,14.762812500000024,1
2663,9961,2025-01-21 13:12:01+00:00,2025-01-21 13:12:01+00:00,201.2289189189189,0.1945945945945946,51.97702702702704,216.35351351351355,37.173243243243256,40.31486486486487,2.5875675675675662,62.07270270270269,0.001194,0.001262,0.003249,14.803783783783778,1
2664,9988,2025-01-21 13:12:36+00:00,2025-01-21 13:12:36+00:00,42.8186111111111,0.1111111111111111,51.13555555555554,49.53833333333333,37.20250000000002,37.950833333333335,0.287222222222222,65.52833333333332,0.000736,0.000717,0.001315,13.93305555555552,1
2665,9995,2025-01-21 13:12:45+00:00,2025-01-21 13:12:45+00:00,21.47941176470588,0.1244117647058823,50.64705882352944,27.732647058823527,37.189411764705895,37.50529411764706,0.2899999999999998,65.87470588235294,0.000678,0.000679,0.00111,13.45764705882354,1
2666,10007,2025-01-21 13:13:01+00:00,2025-01-21 13:13:01+00:00,38.25416666666666,0.133611111111111,50.49861111111113,44.92222222222222,37.21027777777781,37.72611111111112,0.2899999999999998,65.55944444444442,0.000697,0.000719,0.001233,13.288333333333329,1
2667,10030,2025-01-21 13:13:31+00:00,2025-01-21 13:13:31+00:00,176.23189189189188,0.1637837837837836,50.67027027027027,189.3356756756757,37.21324324324326,39.51783783783785,2.192972972972973,62.46,0.001083,0.001167,0.002816,13.45702702702701,1
2668,10051,2025-01-21 13:13:59+00:00,2025-01-21 13:13:59+00:00,206.28529411764703,0.1844117647058824,52.314411764705866,223.6982352941177,37.35735294117647,40.60470588235293,2.7035294117647064,61.980588235294135,0.001198,0.001298,0.00328,14.957058823529394,1
2669,10054,2025-01-21 13:14:02+00:00,2025-01-21 13:14:02+00:00,198.18942857142864,0.158,52.06885714285711,214.23914285714284,37.27485714285713,40.286,2.560000000000001,61.98085714285717,0.001172,0.001247,0.003149,14.793999999999984,1
2670,10060,2025-01-21 13:14:10+00:00,2025-01-21 13:14:10+00:00,166.47243243243244,0.1402702702702702,52.20729729729729,180.2481081081081,37.31027027027026,39.88,2.0659459459459457,62.76540540540543,0.001067,0.00111,0.00269,14.897027027027027,1
2671,10090,2025-01-21 13:14:50+00:00,2025-01-21 13:14:50+00:00,19.618947368421058,0.1400000000000001,50.89605263157893,25.17578947368421,37.364210526315766,37.77421052631579,0.2899999999999997,66.13105263157894,0.000716,0.000665,0.00116,13.531842105263166,1
2672,10094,2025-01-21 13:14:56+00:00,2025-01-21 13:14:56+00:00,25.358611111111102,0.1166666666666666,50.4838888888889,30.3,37.27444444444445,37.44638888888889,0.2880555555555554,65.61194444444443,0.000676,0.000725,0.001148,13.20944444444445,1
2673,10096,2025-01-21 13:14:59+00:00,2025-01-21 13:14:59+00:00,31.484571428571428,0.124,50.70199999999999,37.34685714285714,37.392857142857146,38.00514285714285,0.2899999999999998,65.96257142857144,0.000717,0.000673,0.001179,13.309142857142843,1
2674,10105,2025-01-21 13:15:11+00:00,2025-01-21 13:15:11+00:00,76.68105263157891,0.1278947368421053,50.5334210526316,84.5207894736842,37.36605263157893,38.20605263157896,1.055789473684211,64.55000000000001,0.000908,0.000841,0.001639,13.167368421052672,1
2675,10110,2025-01-21 13:15:17+00:00,2025-01-21 13:15:17+00:00,106.69294117647055,0.1285294117647059,50.39499999999998,114.81529411764708,37.28235294117644,38.52529411764706,1.38,63.87823529411767,0.001089,0.000992,0.002111,13.11264705882354,1
2676,10114,2025-01-21 13:15:22+00:00,2025-01-21 13:15:22+00:00,132.04937499999994,0.1328124999999999,50.517187499999984,142.7853125,37.29468749999997,38.94093749999999,1.6703125000000003,63.291875000000005,0.001066,0.001077,0.002322,13.22250000000001,1
2677,10124,2025-01-21 13:15:36+00:00,2025-01-21 13:15:36+00:00,194.25771428571431,0.1305714285714285,51.18399999999999,208.38914285714284,37.38628571428569,40.14885714285715,2.487999999999999,62.03542857142856,0.001205,0.00128,0.003196,13.7977142857143,1
2678,10135,2025-01-21 13:15:50+00:00,2025-01-21 13:15:50+00:00,218.67470588235292,0.1808823529411765,51.96705882352942,235.3167647058823,37.42617647058824,40.80529411764707,2.926470588235296,61.64705882352943,0.001203,0.001385,0.003435,14.540882352941182,1
2679,10140,2025-01-21 13:15:56+00:00,2025-01-21 13:15:56+00:00,213.0413157894737,0.1799999999999999,52.11763157894736,230.4044736842105,37.41157894736839,40.695000000000014,2.844210526315789,61.75236842105264,0.001221,0.001362,0.003385,14.70605263157897,1
2680,10149,2025-01-21 13:16:08+00:00,2025-01-21 13:16:08+00:00,176.63684210526327,0.1384210526315789,52.18131578947367,189.7781578947369,37.31973684210525,40.06921052631577,2.2099999999999995,62.55526315789477,0.001111,0.001171,0.002818,14.861578947368422,1
2681,10197,2025-01-21 13:17:12+00:00,2025-01-21 13:17:12+00:00,80.34558823529406,0.1479411764705883,50.90823529411768,89.48205882352939,37.47411764705884,38.559705882352944,1.099705882352941,64.80352941176474,0.000927,0.000927,0.00176,13.434117647058834,1
2682,10209,2025-01-21 13:17:28+00:00,2025-01-21 13:17:28+00:00,161.2078378378379,0.1354054054054054,50.83972972972976,173.74891891891895,37.45783783783784,39.55054054054055,2.0005405405405408,62.77702702702705,0.001085,0.001145,0.002639,13.381891891891913,1
2683,10217,2025-01-21 13:17:39+00:00,2025-01-21 13:17:39+00:00,204.186,0.1788571428571428,50.95314285714282,218.14485714285715,37.36542857142857,40.09171428571428,2.632000000000001,61.566,0.001219,0.001309,0.003295,13.587714285714249,1
2684,10226,2025-01-21 13:17:51+00:00,2025-01-21 13:17:51+00:00,218.97378378378372,0.1591891891891892,51.83702702702705,234.2475675675675,37.424324324324346,40.69756756756759,2.937837837837838,61.41324324324325,0.001306,0.001454,0.003718,14.412702702702704,1
2685,10228,2025-01-21 13:17:53+00:00,2025-01-21 13:17:53+00:00,218.92257142857133,0.1822857142857143,52.119714285714295,234.05914285714292,37.48285714285716,40.80199999999999,2.9345714285714304,61.65828571428574,0.001306,0.001424,0.003678,14.63685714285714,1
2686,10239,2025-01-21 13:18:08+00:00,2025-01-21 13:18:08+00:00,176.90722222222223,0.1449999999999999,52.50388888888889,190.47527777777776,37.53555555555553,40.37333333333332,2.225,62.71166666666669,0.001164,0.001168,0.002903,14.968333333333357,1
2687,10241,2025-01-21 13:18:10+00:00,2025-01-21 13:18:10+00:00,168.35394736842105,0.1534210526315789,52.14210526315792,182.1089473684211,37.43473684210528,39.99842105263158,2.1002631578947355,62.84447368421054,0.001105,0.001153,0.002744,14.707368421052635,1
2688,10242,2025-01-21 13:18:11+00:00,2025-01-21 13:18:11+00:00,163.63857142857145,0.1682857142857143,52.28142857142857,177.4537142857143,37.45457142857145,40.00914285714286,2.037428571428572,63.024000000000015,0.001097,0.001141,0.002669,14.826857142857122,1
2689,10267,2025-01-21 13:18:44+00:00,2025-01-21 13:18:44+00:00,24.03117647058824,0.131764705882353,51.1879411764706,29.67029411764707,37.52676470588235,37.97588235294116,0.2899999999999998,65.97058823529409,0.000699,0.000693,0.001119,13.661176470588252,1
2690,10273,2025-01-21 13:18:52+00:00,2025-01-21 13:18:52+00:00,20.22121212121212,0.1145454545454545,50.706666666666685,25.28878787878788,37.49636363636364,37.80545454545453,0.2881818181818181,66.02272727272728,0.000683,0.000692,0.001151,13.210303030303043,1
2691,10288,2025-01-21 13:19:12+00:00,2025-01-21 13:19:12+00:00,79.54694444444443,0.1383333333333334,50.62250000000002,87.97777777777772,37.49361111111111,38.42611111111111,1.0902777777777777,64.6547222222222,0.000905,0.000861,0.00168,13.128888888888916,1
2692,10300,2025-01-21 13:19:27+00:00,2025-01-21 13:19:27+00:00,155.37315789473683,0.1573684210526315,50.88157894736841,168.3984210526316,37.4713157894737,39.55552631578948,1.9265789473684205,62.982894736842105,0.001063,0.001134,0.002532,13.410263157894711,1
2693,10314,2025-01-21 13:19:46+00:00,2025-01-21 13:19:46+00:00,217.6868421052632,0.1631578947368421,51.39552631578951,231.99000000000007,37.45000000000001,40.44105263157896,2.89184210526316,61.325526315789446,0.001258,0.001404,0.003565,13.9455263157895,1
2694,10318,2025-01-21 13:19:51+00:00,2025-01-21 13:19:51+00:00,218.7356756756758,0.147027027027027,51.73621621621623,234.96864864864864,37.47621621621624,40.58108108108109,2.965135135135135,61.04297297297296,0.001286,0.001432,0.003647,14.259999999999993,1
2695,10325,2025-01-21 13:20:00+00:00,2025-01-21 13:20:00+00:00,206.37852941176467,0.2,52.41000000000001,222.1005882352941,37.55529411764704,40.83323529411766,2.704411764705881,61.91823529411766,0.001265,0.001316,0.003366,14.854705882352969,1
2696,10334,2025-01-21 13:20:12+00:00,2025-01-21 13:20:12+00:00,159.97944444444448,0.1494444444444444,52.24972222222222,173.41694444444445,37.51388888888888,39.95916666666668,1.9847222222222216,62.99861111111112,0.001096,0.001117,0.002671,14.73583333333334,1
2697,10336,2025-01-21 13:20:15+00:00,2025-01-21 13:20:15+00:00,144.59885714285716,0.1182857142857143,52.48028571428572,156.27457142857142,37.58714285714287,40.04971428571428,1.8165714285714285,63.445142857142855,0.001078,0.001087,0.002535,14.893142857142855,1
2698,10344,2025-01-21 13:20:25+00:00,2025-01-21 13:20:25+00:00,93.16864864864868,0.1721621621621621,52.21243243243242,103.98351351351351,37.62945945945944,39.25378378378379,1.2664864864864869,64.62567567567564,0.001005,0.000922,0.001998,14.582972972972982,1
2699,10351,2025-01-21 13:20:34+00:00,2025-01-21 13:20:34+00:00,52.34361111111113,0.1386111111111111,51.67388888888888,60.11055555555556,37.60083333333333,38.61,0.2874999999999998,65.46166666666664,0.000793,0.00075,0.001428,14.073055555555548,1
2700,10360,2025-01-21 13:20:46+00:00,2025-01-21 13:20:46+00:00,22.0236111111111,0.1297222222222222,51.130833333333314,28.0,37.59888888888887,38.083611111111104,0.2886111111111109,65.84638888888884,0.000701,0.000719,0.00115,13.53194444444444,1
2701,10368,2025-01-21 13:20:57+00:00,2025-01-21 13:20:57+00:00,26.69857142857144,0.1185714285714286,50.489714285714285,31.006857142857143,37.53942857142855,37.73057142857144,0.2899999999999998,65.49028571428569,0.000651,0.000759,0.00113,12.95028571428574,1
2702,10369,2025-01-21 13:20:58+00:00,2025-01-21 13:20:58+00:00,27.21823529411765,0.0767647058823529,50.69941176470588,32.76647058823529,37.559411764705885,37.92264705882353,0.2899999999999998,65.76294117647059,0.000672,0.000727,0.001121,13.139999999999992,1
2703,10374,2025-01-21 13:21:04+00:00,2025-01-21 13:21:04+00:00,46.0364705882353,0.1270588235294117,50.66676470588239,51.72294117647058,37.58382352941177,38.11382352941178,0.2879411764705881,65.3423529411765,0.000735,0.000733,0.001314,13.082941176470626,1
2704,10423,2025-01-21 13:22:09+00:00,2025-01-21 13:22:09+00:00,174.29656250000002,0.14125,52.389062499999966,188.7778125,37.5934375,40.2525,2.2034375,62.69937500000001,0.001162,0.001169,0.002929,14.795624999999966,1
2705,10424,2025-01-21 13:22:10+00:00,2025-01-21 13:22:10+00:00,169.68105263157904,0.1418421052631579,52.43736842105263,182.90394736842117,37.61210526315787,40.30894736842104,2.120526315789473,62.77736842105262,0.001136,0.001149,0.002815,14.825263157894751,1
2706,10431,2025-01-21 13:22:19+00:00,2025-01-21 13:22:19+00:00,125.50236842105268,0.1481578947368421,52.20710526315791,136.57236842105257,37.61526315789477,39.632631578947375,1.609736842105264,63.759473684210505,0.001056,0.001069,0.002247,14.591842105263131,1
2707,10448,2025-01-21 13:22:41+00:00,2025-01-21 13:22:41+00:00,30.97114285714286,0.132,51.379142857142845,37.128,37.714,38.29485714285715,0.2899999999999998,65.95742857142855,0.000678,0.000683,0.001236,13.665142857142849,1
2708,10480,2025-01-21 13:23:25+00:00,2025-01-21 13:23:25+00:00,144.50000000000006,0.1640540540540541,50.89540540540541,155.14729729729734,37.7010810810811,39.49702702702701,1.795405405405404,63.201081081081085,0.001036,0.001091,0.002366,13.194324324324311,1
2709,10488,2025-01-21 13:23:35+00:00,2025-01-21 13:23:35+00:00,188.3573529411765,0.1714705882352941,51.157941176470615,203.9894117647059,37.69176470588237,40.23823529411764,2.4250000000000003,62.088529411764725,0.00113,0.001187,0.002946,13.466176470588245,1
2710,10495,2025-01-21 13:23:44+00:00,2025-01-21 13:23:44+00:00,213.72085714285717,0.1485714285714285,51.524,228.24971428571428,37.67428571428572,40.57571428571428,2.8414285714285703,61.38,0.001185,0.001344,0.003409,13.849714285714278,1
2711,10506,2025-01-21 13:23:59+00:00,2025-01-21 13:23:59+00:00,209.15542857142864,0.1528571428571428,52.412285714285694,223.87800000000007,37.71657142857141,40.81571428571427,2.7422857142857144,61.55199999999999,0.001121,0.00126,0.002999,14.69571428571428,1
2712,10514,2025-01-21 13:24:09+00:00,2025-01-21 13:24:09+00:00,174.29054054054058,0.1672972972972972,52.57891891891892,189.8183783783784,37.767567567567546,40.5054054054054,2.181621621621621,62.67837837837839,0.001055,0.001102,0.002581,14.81135135135137,1
2713,10518,2025-01-21 13:24:15+00:00,2025-01-21 13:24:15+00:00,147.28470588235294,0.1494117647058823,52.24735294117648,159.28029411764712,37.72735294117648,39.98176470588235,1.829117647058823,63.067058823529415,0.001053,0.001048,0.002364,14.520000000000003,1
2714,10523,2025-01-21 13:24:21+00:00,2025-01-21 13:24:21+00:00,114.85411764705884,0.1541176470588236,52.21470588235295,127.06617647058825,37.75852941176471,39.58058823529411,1.5017647058823531,64.00647058823527,0.001021,0.000973,0.002128,14.456176470588249,1
2715,10525,2025-01-21 13:24:24+00:00,2025-01-21 13:24:24+00:00,98.99194444444448,0.1186111111111111,52.26472222222223,109.7425,37.82083333333333,39.44694444444447,1.3472222222222217,64.36027777777775,0.001016,0.000937,0.002048,14.4438888888889,1
2716,10527,2025-01-21 13:24:26+00:00,2025-01-21 13:24:26+00:00,89.01411764705884,0.0994117647058823,52.06764705882352,99.45058823529408,37.74558823529412,39.19323529411765,1.2285294117647056,64.5279411764706,0.000974,0.000913,0.001852,14.322058823529405,1
2717,10530,2025-01-21 13:24:30+00:00,2025-01-21 13:24:30+00:00,70.3072727272727,0.1248484848484848,51.76787878787876,79.41757575757572,37.69272727272727,38.845151515151535,1.0245454545454544,64.56272727272727,0.000849,0.000817,0.001596,14.07515151515149,1
2718,10545,2025-01-21 13:24:50+00:00,2025-01-21 13:24:50+00:00,19.589705882352945,0.0967647058823529,50.96823529411763,25.28176470588235,37.80352941176471,38.07735294117647,0.2858823529411763,65.78088235294118,0.000665,0.00068,0.00114,13.164705882352926,1
2719,10559,2025-01-21 13:25:08+00:00,2025-01-21 13:25:08+00:00,59.7830769230769,0.1287179487179488,50.9530769230769,66.02564102564105,37.80307692307691,38.69948717948719,0.4025641025641023,65.24307692307688,0.000823,0.000781,0.001434,13.149999999999991,1
2720,10568,2025-01-21 13:25:20+00:00,2025-01-21 13:25:20+00:00,118.16777777777776,0.1336111111111111,51.083055555555525,128.43555555555557,37.83083333333335,39.28527777777777,1.507777777777778,63.78361111111112,0.001061,0.001039,0.002196,13.25222222222218,1
2721,10579,2025-01-21 13:25:35+00:00,2025-01-21 13:25:35+00:00,189.3041666666668,0.1555555555555556,51.45138888888889,202.73555555555555,37.862777777777765,40.46194444444445,2.402222222222223,62.22611111111111,0.001127,0.001193,0.002894,13.588611111111128,1
2722,10588,2025-01-21 13:25:46+00:00,2025-01-21 13:25:46+00:00,215.54885714285703,0.1908571428571428,51.662,231.65828571428565,37.76971428571427,40.76885714285713,2.8982857142857155,61.28342857142857,0.001185,0.001373,0.003297,13.892285714285729,1
2723,10591,2025-01-21 13:25:50+00:00,2025-01-21 13:25:50+00:00,217.9994285714286,0.1948571428571429,52.286,236.9042857142856,37.85,41.11942857142856,2.964285714285712,61.513142857142846,0.001194,0.001382,0.003364,14.436,1
2724,10602,2025-01-21 13:26:05+00:00,2025-01-21 13:26:05+00:00,192.1437142857143,0.157142857142857,52.81457142857143,206.9674285714285,37.89485714285715,40.95942857142856,2.457142857142857,62.49142857142858,0.001161,0.0012,0.002914,14.919714285714278,1
2725,10604,2025-01-21 13:26:07+00:00,2025-01-21 13:26:07+00:00,182.1558974358974,0.1612820512820513,52.43897435897436,197.7082051282052,37.80589743589741,40.51820512820512,2.328717948717949,62.31512820512817,0.001107,0.001153,0.00278,14.633076923076942,1
2726,10622,2025-01-21 13:26:31+00:00,2025-01-21 13:26:31+00:00,67.46694444444442,0.1236111111111111,52.12444444444445,76.36916666666666,37.907500000000006,39.11277777777778,0.9772222222222224,65.0744444444444,0.000843,0.000835,0.001572,14.216944444444444,1
2727,10631,2025-01-21 13:26:43+00:00,2025-01-21 13:26:43+00:00,27.46647058823528,0.1261764705882352,51.30147058823529,32.56617647058823,37.87147058823532,38.29735294117648,0.2849999999999999,65.85058823529414,0.000673,0.000666,0.001173,13.429999999999971,1
2728,10638,2025-01-21 13:26:52+00:00,2025-01-21 13:26:52+00:00,20.189393939393938,0.1278787878787878,50.800303030303006,24.93575757575757,37.8321212121212,37.891212121212114,0.2830303030303031,65.71484848484846,0.000652,0.000673,0.0011,12.968181818181804,1
2729,10641,2025-01-21 13:26:56+00:00,2025-01-21 13:26:56+00:00,24.478749999999987,0.131875,51.19468750000002,28.817500000000017,37.95281250000002,38.27999999999999,0.2840625,66.07718750000001,0.000662,0.000702,0.001155,13.241875,1
2730,10642,2025-01-21 13:26:57+00:00,2025-01-21 13:26:57+00:00,24.82410256410256,0.1028205128205128,50.84846153846153,31.09615384615384,37.87153846153844,38.032051282051285,0.2897435897435895,65.6030769230769,0.00065,0.000716,0.001174,12.976923076923091,1
2731,10645,2025-01-21 13:27:01+00:00,2025-01-21 13:27:01+00:00,33.8715625,0.11375,51.20500000000001,40.05906249999998,37.9290625,38.50031250000001,0.2899999999999998,65.80875000000003,0.000714,0.000696,0.001187,13.275937500000012,1
2732,10647,2025-01-21 13:27:04+00:00,2025-01-21 13:27:04+00:00,43.72027777777777,0.1424999999999999,50.88805555555555,50.42083333333333,37.86277777777776,38.34388888888889,0.2899999999999998,65.37777777777778,0.000728,0.000716,0.001301,13.025277777777797,1
2733,10650,2025-01-21 13:27:08+00:00,2025-01-21 13:27:08+00:00,58.9813888888889,0.1116666666666666,50.89027777777779,65.65249999999997,37.86083333333332,38.50555555555555,0.4502777777777777,64.91777777777776,0.00078,0.000817,0.001418,13.029444444444472,1
2734,10657,2025-01-21 13:27:17+00:00,2025-01-21 13:27:17+00:00,101.43277777777776,0.1427777777777778,51.013333333333335,110.0575,37.926944444444445,39.03333333333333,1.3361111111111112,64.00916666666666,0.001032,0.00096,0.002015,13.08638888888889,1
2735,10666,2025-01-21 13:27:29+00:00,2025-01-21 13:27:29+00:00,162.63594594594588,0.1664864864864865,51.13243243243242,174.8135135135135,37.89054054054056,39.962432432432415,2.037027027027026,62.783243243243255,0.001069,0.001133,0.002593,13.241891891891868,1
2736,10671,2025-01-21 13:27:35+00:00,2025-01-21 13:27:35+00:00,188.68631578947367,0.1473684210526316,51.29421052631581,201.88815789473676,37.91026315789475,40.38657894736844,2.4052631578947365,62.17105263157895,0.001131,0.001209,0.002973,13.383947368421062,1
2737,10685,2025-01-21 13:27:56+00:00,2025-01-21 13:27:56+00:00,214.3123529411765,0.1711764705882353,52.68941176470588,230.18882352941168,38.07382352941176,41.34117647058823,2.865294117647057,61.82352941176472,0.001201,0.001353,0.003243,14.615588235294126,1
2738,10687,2025-01-21 13:27:59+00:00,2025-01-21 13:27:59+00:00,209.3530555555556,0.19,52.397500000000015,226.79972222222236,37.9577777777778,40.95805555555559,2.774444444444445,61.57777777777778,0.001227,0.00131,0.003164,14.439722222222215,1
2739,10694,2025-01-21 13:28:08+00:00,2025-01-21 13:28:08+00:00,181.4594285714286,0.162,52.637428571428565,196.02771428571435,37.94114285714285,40.5702857142857,2.2882857142857143,62.31285714285715,0.001133,0.001153,0.002779,14.696285714285716,1
2740,10700,2025-01-21 13:28:16+00:00,2025-01-21 13:28:16+00:00,141.77705882352944,0.1670588235294118,52.56794117647057,155.0535294117647,38.002647058823534,40.25588235294117,1.7979411764705882,63.5514705882353,0.001052,0.001064,0.002391,14.565294117647037,1
2741,10714,2025-01-21 13:28:34+00:00,2025-01-21 13:28:34+00:00,55.61666666666665,0.1027777777777777,51.73083333333333,62.869166666666665,37.93305555555556,38.783888888888896,0.335833333333333,64.97694444444444,0.000793,0.000765,0.001439,13.797777777777767,1
2742,10726,2025-01-21 13:28:50+00:00,2025-01-21 13:28:50+00:00,19.067297297297294,0.0908108108108108,51.11540540540541,24.46351351351351,37.96783783783785,38.18513513513515,0.2808108108108108,65.96216216216217,0.00067,0.000698,0.001155,13.147567567567563,1
2743,10743,2025-01-21 13:29:12+00:00,2025-01-21 13:29:12+00:00,75.2665789473684,0.0802631578947368,51.16236842105262,82.4728947368421,38.06684210526317,39.01052631578948,1.057894736842105,64.868947368421,0.00091,0.000848,0.001636,13.09552631578945,1
2744,10752,2025-01-21 13:29:24+00:00,2025-01-21 13:29:24+00:00,136.16114285714286,0.1462857142857143,51.1562857142857,147.14771428571422,37.995142857142845,39.64457142857144,1.718,63.27800000000001,0.001061,0.001093,0.002332,13.161142857142856,1
2745,10762,2025-01-21 13:29:37+00:00,2025-01-21 13:29:37+00:00,194.64578947368423,0.1823684210526316,51.561842105263175,209.74710526315783,38.020263157894725,40.60394736842104,2.516052631578948,62.06605263157896,0.001167,0.001235,0.003028,13.54157894736845,1
2746,10770,2025-01-21 13:29:47+00:00,2025-01-21 13:29:47+00:00,217.08277777777775,0.1888888888888888,51.87472222222223,232.8622222222222,38.01305555555555,41.00305555555555,2.904444444444445,61.28055555555555,0.001195,0.001362,0.003358,13.86166666666668,1
2747,10771,2025-01-21 13:29:49+00:00,2025-01-21 13:29:49+00:00,218.4788888888889,0.1844444444444445,52.205000000000034,234.41555555555556,38.06833333333331,41.24444444444445,2.9433333333333342,61.408888888888896,0.001198,0.001393,0.003421,14.136666666666729,1
2748,10778,2025-01-21 13:29:58+00:00,2025-01-21 13:29:58+00:00,213.6468571428572,0.1871428571428572,52.78771428571428,230.40142857142857,38.1605714285714,41.486285714285714,2.855142857142856,61.83714285714289,0.001186,0.001329,0.003281,14.62714285714288,1
2749,10790,2025-01-21 13:30:14+00:00,2025-01-21 13:30:14+00:00,153.91944444444454,0.1344444444444444,52.880555555555546,166.3697222222222,38.11611111111112,40.61305555555556,1.9333333333333336,63.34722222222221,0.001062,0.001104,0.002551,14.764444444444427,1
2750,10830,2025-01-21 13:31:06+00:00,2025-01-21 13:31:06+00:00,49.66805555555553,0.1127777777777778,50.88999999999999,55.90861111111112,37.99388888888889,38.44777777777777,0.2830555555555555,64.99277777777777,0.000762,0.000734,0.001323,12.896111111111097,1
2751,10835,2025-01-21 13:31:13+00:00,2025-01-21 13:31:13+00:00,79.59441176470592,0.0879411764705882,51.03529411764705,86.65205882352944,38.06058823529409,38.96029411764707,1.0976470588235296,64.67117647058821,0.00092,0.00091,0.001689,12.974705882352955,1
2752,10852,2025-01-21 13:31:35+00:00,2025-01-21 13:31:35+00:00,186.30621621621611,0.1367567567567567,51.87621621621622,200.9610810810811,38.2602702702703,40.973243243243246,2.390000000000001,62.58972972972973,0.001146,0.001201,0.003025,13.615945945945924,1
2753,10865,2025-01-21 13:31:52+00:00,2025-01-21 13:31:52+00:00,219.15142857142865,0.1774285714285715,52.13257142857142,234.544,38.101714285714266,41.14657142857143,2.9625714285714286,61.14342857142857,0.001219,0.001389,0.003502,14.030857142857151,1
2754,10870,2025-01-21 13:31:59+00:00,2025-01-21 13:31:59+00:00,211.04764705882357,0.1544117647058823,52.5770588235294,225.8017647058824,38.1223529411765,41.2579411764706,2.813529411764708,61.55558823529412,0.001208,0.001338,0.003359,14.454705882352895,1
2755,10876,2025-01-21 13:32:06+00:00,2025-01-21 13:32:06+00:00,189.4548648648648,0.1502702702702703,52.920000000000016,202.9105405405406,38.19216216216218,41.14081081081082,2.432702702702703,62.31945945945945,0.001153,0.001179,0.002967,14.727837837837832,1
2756,10885,2025-01-21 13:32:18+00:00,2025-01-21 13:32:18+00:00,134.08749999999998,0.123611111111111,52.64277777777777,144.90944444444438,38.13416666666669,40.208888888888886,1.7247222222222216,63.55527777777776,0.001023,0.001031,0.002338,14.508611111111088,1
2757,10887,2025-01-21 13:32:21+00:00,2025-01-21 13:32:21+00:00,119.07060606060608,0.1533333333333333,52.75272727272727,130.56515151515148,38.21969696969699,40.189999999999976,1.547272727272727,64.04181818181817,0.001023,0.001007,0.00216,14.53303030303028,1
2758,10888,2025-01-21 13:32:22+00:00,2025-01-21 13:32:22+00:00,114.04052631578948,0.1397368421052632,52.42473684210529,124.76500000000004,38.11921052631578,39.727105263157895,1.5039473684210527,63.74973684210527,0.001068,0.000994,0.002241,14.305526315789509,1
2759,10890,2025-01-21 13:32:25+00:00,2025-01-21 13:32:25+00:00,97.4708823529412,0.1129411764705882,52.735,107.02411764705882,38.28235294117649,39.96500000000003,1.3282352941176472,64.64647058823529,0.001019,0.00095,0.002084,14.452647058823509,1
2760,10892,2025-01-21 13:32:27+00:00,2025-01-21 13:32:27+00:00,88.5657894736842,0.1371052631578947,52.26315789473684,98.29552631578944,38.12210526315789,39.36578947368421,1.2094736842105265,64.28078947368418,0.000939,0.000888,0.001853,14.141052631578944,1
2761,10894,2025-01-21 13:32:30+00:00,2025-01-21 13:32:30+00:00,73.68289473684209,0.1047368421052631,52.51868421052634,82.00657894736844,38.19552631578947,39.74763157894735,1.0518421052631577,65.11789473684209,0.000869,0.000823,0.001693,14.323157894736866,1
2762,10911,2025-01-21 13:32:52+00:00,2025-01-21 13:32:52+00:00,19.455277777777766,0.1072222222222221,51.284444444444446,24.891666666666666,38.21416666666668,38.13583333333334,0.28,65.85250000000002,0.00067,0.000704,0.00111,13.070277777777768,1
2763,10912,2025-01-21 13:32:54+00:00,2025-01-21 13:32:54+00:00,20.374285714285715,0.1102857142857142,51.169142857142845,26.178,38.143714285714296,38.39400000000001,0.28,65.92228571428575,0.000709,0.000699,0.001115,13.025428571428549,1
2764,10915,2025-01-21 13:32:58+00:00,2025-01-21 13:32:58+00:00,26.172857142857136,0.1154285714285714,50.903999999999975,31.71685714285714,38.09114285714288,38.32657142857142,0.2845714285714285,65.51057142857142,0.000686,0.000718,0.001149,12.81285714285709,1
2765,10916,2025-01-21 13:32:59+00:00,2025-01-21 13:32:59+00:00,28.537567567567574,0.1172972972972973,51.05999999999999,33.534054054054046,38.174324324324346,38.42810810810811,0.2897297297297295,65.71513513513514,0.000712,0.000731,0.001155,12.885675675675644,1
2766,10919,2025-01-21 13:33:03+00:00,2025-01-21 13:33:03+00:00,39.10702702702701,0.1091891891891892,51.13567567567565,44.59054054054053,38.111891891891865,38.55243243243243,0.2908108108108107,65.18432432432432,0.000735,0.000758,0.001247,13.023783783783784,1
2767,10921,2025-01-21 13:33:05+00:00,2025-01-21 13:33:05+00:00,44.93828571428573,0.0999999999999999,51.14571428571429,51.08400000000001,38.17342857142858,38.61885714285716,0.2802857142857143,65.42799999999998,0.000749,0.000734,0.001304,12.972285714285704,1
2768,10925,2025-01-21 13:33:11+00:00,2025-01-21 13:33:11+00:00,69.45970588235298,0.148235294117647,51.46882352941177,77.65323529411764,38.325,39.27911764705883,1.0005882352941178,65.24823529411765,0.000846,0.000823,0.001589,13.143823529411767,1
2769,10933,2025-01-21 13:33:21+00:00,2025-01-21 13:33:21+00:00,119.1628205128205,0.1402564102564102,51.37692307692307,129.65205128205127,38.24692307692308,39.77512820512822,1.5402564102564102,64.07615384615383,0.001055,0.00105,0.002227,13.129999999999988,1
2770,10935,2025-01-21 13:33:24+00:00,2025-01-21 13:33:24+00:00,134.5571052631579,0.1268421052631579,51.19868421052632,146.54710526315787,38.1692105263158,39.73447368421054,1.7047368421052624,63.33684210526317,0.001027,0.001066,0.002317,13.029473684210522,1
2771,10947,2025-01-21 13:33:39+00:00,2025-01-21 13:33:39+00:00,199.58972222222224,0.1661111111111112,51.607500000000016,214.60000000000005,38.18166666666668,40.79444444444445,2.6000000000000005,61.77444444444442,0.00119,0.001299,0.003213,13.425833333333337,1
2772,10957,2025-01-21 13:33:53+00:00,2025-01-21 13:33:53+00:00,218.71742857142863,0.1777142857142857,52.474571428571466,234.9097142857144,38.25085714285715,41.38857142857141,2.9668571428571435,61.264,0.001253,0.001419,0.003572,14.223714285714316,1
2773,10958,2025-01-21 13:33:54+00:00,2025-01-21 13:33:54+00:00,219.19323529411776,0.1752941176470588,52.2720588235294,234.3997058823529,38.13970588235296,41.29999999999999,2.9661764705882354,61.322941176470565,0.001267,0.001435,0.003523,14.132352941176435,1
2774,10963,2025-01-21 13:34:00+00:00,2025-01-21 13:34:00+00:00,208.24735294117647,0.168235294117647,52.64999999999999,224.52470588235303,38.195882352941176,41.28941176470588,2.788529411764706,61.75970588235294,0.001207,0.001352,0.003329,14.454117647058816,1
2775,10978,2025-01-21 13:34:20+00:00,2025-01-21 13:34:20+00:00,125.6038888888888,0.1216666666666666,52.60833333333333,136.70388888888888,38.24388888888889,40.163055555555566,1.638888888888889,63.686111111111146,0.00101,0.001035,0.002237,14.364444444444445,1
2776,10982,2025-01-21 13:34:25+00:00,2025-01-21 13:34:25+00:00,99.31805555555552,0.1347222222222221,52.40777777777779,108.85638888888886,38.25027777777777,39.73722222222222,1.3430555555555552,64.27888888888889,0.001021,0.00094,0.002049,14.15750000000002,1
2777,11023,2025-01-21 13:35:19+00:00,2025-01-21 13:35:19+00:00,108.85000000000002,0.1562162162162161,51.47594594594597,119.04405405405409,38.341621621621606,39.72864864864864,1.4237837837837837,64.05972972972972,0.001069,0.00101,0.002207,13.134324324324368,1
2778,11032,2025-01-21 13:35:31+00:00,2025-01-21 13:35:31+00:00,169.16500000000002,0.165,51.39777777777778,182.5041666666667,38.303333333333306,40.42277777777778,2.146388888888888,62.538888888888906,0.00111,0.001174,0.002781,13.094444444444475,1
2779,11070,2025-01-21 13:36:22+00:00,2025-01-21 13:36:22+00:00,115.64000000000006,0.1660606060606061,52.70151515151514,127.38939393939393,38.36727272727272,40.156666666666666,1.5424242424242427,63.89242424242423,0.001001,0.000952,0.002065,14.33424242424242,1
2780,11072,2025-01-21 13:36:25+00:00,2025-01-21 13:36:25+00:00,101.04277777777776,0.1288888888888889,52.75361111111111,110.02722222222228,38.43361111111114,40.0638888888889,1.3624999999999998,64.34277777777778,0.000975,0.000921,0.002008,14.319999999999965,1
2781,11075,2025-01-21 13:36:29+00:00,2025-01-21 13:36:29+00:00,80.05705882352939,0.1335294117647058,52.55794117647056,88.98882352941179,38.44352941176471,39.915,1.1197058823529409,65.05764705882355,0.000888,0.000853,0.001712,14.114411764705856,1
2782,11082,2025-01-21 13:36:38+00:00,2025-01-21 13:36:38+00:00,42.3025,0.1316666666666667,52.00694444444446,49.37694444444442,38.36444444444442,39.041388888888896,0.283611111111111,65.53777777777776,0.00072,0.000701,0.001338,13.642500000000034,1
2783,11101,2025-01-21 13:37:03+00:00,2025-01-21 13:37:03+00:00,38.18648648648649,0.1102702702702702,51.17756756756758,43.21270270270272,38.36567567567565,38.76783783783784,0.2832432432432432,65.57459459459456,0.000711,0.000695,0.001178,12.811891891891923,1
2784,11106,2025-01-21 13:37:09+00:00,2025-01-21 13:37:09+00:00,59.874324324324334,0.1248648648648648,51.30783783783784,66.95729729729729,38.37297297297296,38.99972972972972,0.4870270270270269,65.11891891891892,0.000778,0.00077,0.001414,12.934864864864878,1
2785,11128,2025-01-21 13:37:38+00:00,2025-01-21 13:37:38+00:00,195.72828571428576,0.1297142857142857,51.74057142857144,209.55714285714288,38.37971428571431,41.011428571428574,2.5428571428571423,61.93085714285714,0.001133,0.001238,0.002859,13.360857142857135,1
2786,11151,2025-01-21 13:38:08+00:00,2025-01-21 13:38:08+00:00,183.78058823529412,0.1623529411764705,52.81558823529411,197.965,38.38323529411766,41.08323529411764,2.3682352941176465,62.23029411764704,0.001159,0.001166,0.002916,14.432352941176449,1
2787,11156,2025-01-21 13:38:15+00:00,2025-01-21 13:38:15+00:00,151.98249999999993,0.1440625,52.94562500000003,164.7446875,38.428437500000015,40.765625,1.9368749999999988,63.240937500000015,0.001087,0.001108,0.002562,14.517187500000013,1
2788,11163,2025-01-21 13:38:24+00:00,2025-01-21 13:38:24+00:00,106.16705882352936,0.1235294117647058,52.64558823529412,116.51382352941177,38.444411764705904,40.10735294117647,1.4220588235294118,64.15176470588233,0.001082,0.00098,0.002183,14.201176470588216,1
2789,11184,2025-01-21 13:38:51+00:00,2025-01-21 13:38:51+00:00,19.05028571428572,0.1142857142857143,51.714000000000006,24.186571428571423,38.48685714285714,39.00028571428573,0.28,66.26571428571427,0.000678,0.000671,0.001156,13.227142857142866,1
2790,11212,2025-01-21 13:39:28+00:00,2025-01-21 13:39:28+00:00,153.3213513513514,0.1351351351351351,51.73297297297297,164.2735135135135,38.49081081081082,40.46621621621623,1.9254054054054055,63.06189189189192,0.00107,0.001146,0.002585,13.242162162162153,1
2791,11229,2025-01-21 13:39:50+00:00,2025-01-21 13:39:50+00:00,218.3964864864865,0.1786486486486487,52.28162162162161,235.10027027027024,38.411621621621634,41.45837837837838,2.986486486486484,61.3062162162162,0.001265,0.001426,0.003619,13.869999999999976,1
2792,11231,2025-01-21 13:39:53+00:00,2025-01-21 13:39:53+00:00,218.905,0.1914705882352941,52.747647058823546,234.82529411764705,38.50647058823529,41.75882352941176,3.001470588235293,61.54823529411767,0.001296,0.001452,0.003654,14.241176470588258,1
2793,11235,2025-01-21 13:39:58+00:00,2025-01-21 13:39:58+00:00,214.1969696969696,0.1903030303030304,52.96696969696972,229.47969696969707,38.539090909090895,41.75484848484847,2.8912121212121207,61.97545454545452,0.00128,0.001389,0.003515,14.427878787878823,1
2794,11236,2025-01-21 13:40:00+00:00,2025-01-21 13:40:00+00:00,209.87052631578948,0.1542105263157895,52.73184210526314,224.64815789473687,38.45500000000002,41.4807894736842,2.818947368421052,61.532894736842096,0.001249,0.001358,0.003451,14.27684210526312,1
2795,11237,2025-01-21 13:40:01+00:00,2025-01-21 13:40:01+00:00,207.26941176470595,0.1673529411764706,52.86999999999999,223.0720588235294,38.43647058823531,41.5185294117647,2.7723529411764725,61.71999999999999,0.001239,0.001334,0.003454,14.43352941176468,1
2796,11243,2025-01-21 13:40:09+00:00,2025-01-21 13:40:09+00:00,180.5348484848484,0.1648484848484848,52.87757575757576,194.8821212121212,38.47242424242425,41.07090909090908,2.31878787878788,62.30151515151519,0.001192,0.001185,0.002995,14.405151515151507,1
2797,11254,2025-01-21 13:40:24+00:00,2025-01-21 13:40:24+00:00,106.53388888888884,0.1325,52.879722222222206,116.41305555555552,38.51138888888889,40.18916666666668,1.440833333333334,64.14694444444447,0.000973,0.000942,0.002032,14.368333333333318,1
2798,11256,2025-01-21 13:40:27+00:00,2025-01-21 13:40:27+00:00,91.83,0.1282857142857142,52.61485714285711,101.42257142857146,38.43485714285716,39.9022857142857,1.266571428571429,64.53142857142859,0.000954,0.000896,0.00188,14.17999999999995,1
2799,11270,2025-01-21 13:40:45+00:00,2025-01-21 13:40:45+00:00,25.170810810810817,0.1267567567567567,51.599459459459474,30.91378378378378,38.42972972972976,38.56783783783784,0.2845945945945945,65.54837837837839,0.000689,0.00067,0.001082,13.169729729729715,1
2800,11283,2025-01-21 13:41:03+00:00,2025-01-21 13:41:03+00:00,36.84864864864865,0.1091891891891891,51.584864864864855,42.7035135135135,38.53783783783784,38.95486486486486,0.2872972972972971,65.74270270270269,0.000706,0.000669,0.001135,13.04702702702702,1
2801,11287,2025-01-21 13:41:08+00:00,2025-01-21 13:41:08+00:00,53.66911764705883,0.1270588235294117,51.568823529411766,61.60117647058822,38.49411764705882,39.20617647058823,0.2852941176470588,65.39411764705883,0.000762,0.00075,0.001331,13.074705882352944,1
2802,11295,2025-01-21 13:41:18+00:00,2025-01-21 13:41:18+00:00,100.2126315789474,0.1334210526315789,51.465,110.00210526315794,38.46447368421054,39.630526315789474,1.3465789473684209,64.30684210526316,0.000976,0.000951,0.001981,13.000526315789465,1
2803,11308,2025-01-21 13:41:35+00:00,2025-01-21 13:41:35+00:00,183.84052631578948,0.1642105263157894,51.866315789473646,197.0605263157896,38.52736842105262,40.98921052631578,2.356315789473684,62.3286842105263,0.00112,0.001179,0.002757,13.338947368421024,1
2804,11315,2025-01-21 13:41:44+00:00,2025-01-21 13:41:44+00:00,212.14705882352936,0.1776470588235294,52.45588235294118,226.71382352941168,38.602352941176456,41.73558823529414,2.810882352941176,62.18941176470588,0.001193,0.001338,0.00324,13.853529411764724,1
2805,11324,2025-01-21 13:41:56+00:00,2025-01-21 13:41:56+00:00,215.80457142857145,0.1774285714285715,52.66400000000002,232.18885714285724,38.45142857142859,41.5322857142857,2.9460000000000006,61.18342857142857,0.001243,0.001432,0.003492,14.21257142857143,1
2806,11330,2025-01-21 13:42:04+00:00,2025-01-21 13:42:04+00:00,198.66526315789477,0.1723684210526316,53.315000000000005,213.34289473684208,38.55052631578948,41.777894736842114,2.6136842105263143,62.29947368421054,0.001202,0.001286,0.003191,14.764473684210522,1
2807,11335,2025-01-21 13:42:11+00:00,2025-01-21 13:42:11+00:00,172.9734285714286,0.1262857142857142,53.022,185.9191428571428,38.42885714285713,41.01771428571428,2.1908571428571424,62.534857142857135,0.001132,0.00117,0.00283,14.593142857142864,1
2808,11341,2025-01-21 13:42:19+00:00,2025-01-21 13:42:19+00:00,133.6697142857143,0.1474285714285714,52.95428571428573,145.90771428571426,38.48514285714285,40.76799999999997,1.7094285714285722,63.80571428571427,0.001052,0.00107,0.002403,14.469142857142876,1
2809,11343,2025-01-21 13:42:21+00:00,2025-01-21 13:42:21+00:00,123.68026315789469,0.123157894736842,52.8815789473684,133.90342105263147,38.44552631578947,40.21289473684209,1.6105263157894745,63.73368421052636,0.001029,0.001039,0.002206,14.436052631578924,1
2810,11346,2025-01-21 13:42:25+00:00,2025-01-21 13:42:25+00:00,102.72624999999998,0.145,53.13750000000001,112.5485,38.59074999999997,40.51074999999998,1.4102500000000002,64.57075,0.001028,0.000971,0.002136,14.546750000000038,1
2811,11349,2025-01-21 13:42:29+00:00,2025-01-21 13:42:29+00:00,83.32243243243242,0.132972972972973,52.559189189189176,91.6008108108108,38.49918918918918,39.788378378378376,1.1578378378378382,64.68918918918922,0.000919,0.000865,0.001806,14.059999999999995,1
2812,11358,2025-01-21 13:42:41+00:00,2025-01-21 13:42:41+00:00,35.39972972972973,0.13,52.18594594594598,41.12351351351352,38.50513513513514,39.20675675675676,0.2824324324324324,65.69918918918921,0.000741,0.00073,0.001226,13.68081081081084,1
2813,11366,2025-01-21 13:42:51+00:00,2025-01-21 13:42:51+00:00,19.039375000000007,0.0684375,51.77125000000001,23.882500000000004,38.53124999999999,38.91593749999999,0.2800000000000001,66.10781249999998,0.00066,0.000673,0.001095,13.240000000000016,1
2814,11386,2025-01-21 13:43:18+00:00,2025-01-21 13:43:18+00:00,99.22441176470586,0.1091176470588235,51.39970588235295,108.40088235294122,38.44264705882354,39.56794117647058,1.3273529411764708,64.09323529411766,0.001003,0.000962,0.001969,12.957058823529408,1
2815,11461,2025-01-21 13:44:56+00:00,2025-01-21 13:44:56+00:00,21.223333333333336,0.1266666666666667,51.4863888888889,27.239444444444448,38.48666666666667,38.73888888888888,0.2836111111111111,65.93555555555554,0.000668,0.000716,0.001132,12.999722222222225,1
2816,11464,2025-01-21 13:45:00+00:00,2025-01-21 13:45:00+00:00,28.57914285714287,0.1065714285714286,51.36828571428573,34.62799999999999,38.47742857142858,38.735428571428585,0.2868571428571427,65.7582857142857,0.000667,0.000719,0.001167,12.89085714285715,1
2817,11482,2025-01-21 13:45:23+00:00,2025-01-21 13:45:23+00:00,124.65054054054056,0.1756756756756756,51.787837837837856,136.70378378378382,38.58594594594592,40.21567567567569,1.6132432432432435,63.89972972972976,0.001018,0.001039,0.002199,13.201891891891933,1
2818,11492,2025-01-21 13:45:36+00:00,2025-01-21 13:45:36+00:00,186.06263157894736,0.1510526315789473,51.813684210526326,199.03815789473683,38.44210526315792,40.965263157894725,2.392368421052632,62.23,0.001179,0.001214,0.002975,13.371578947368404,1
2819,11512,2025-01-21 13:46:03+00:00,2025-01-21 13:46:03+00:00,202.83025,0.1585,53.18900000000001,217.57275,38.62675,41.713,2.693250000000001,62.17625,0.001225,0.001306,0.003285,14.562250000000006,1
2820,11529,2025-01-21 13:46:25+00:00,2025-01-21 13:46:25+00:00,103.84242424242426,0.1463636363636364,52.65151515151513,114.50545454545458,38.46727272727273,40.064242424242416,1.3921212121212123,63.98878787878785,0.00109,0.00097,0.002176,14.1842424242424,1
2821,11541,2025-01-21 13:46:41+00:00,2025-01-21 13:46:41+00:00,35.791052631578935,0.1092105263157894,51.93763157894737,41.88578947368422,38.49763157894737,39.04552631578946,0.2860526315789472,65.46552631578945,0.000702,0.000699,0.001239,13.439999999999998,1
2822,11542,2025-01-21 13:46:42+00:00,2025-01-21 13:46:42+00:00,33.05864864864863,0.0816216216216216,51.92594594594598,38.561081081081085,38.50054054054053,39.07054054054055,0.2799999999999999,65.72270270270269,0.000734,0.000723,0.001231,13.42540540540545,1
2823,11546,2025-01-21 13:46:47+00:00,2025-01-21 13:46:47+00:00,22.93972222222222,0.0922222222222222,51.74749999999997,27.625,38.51472222222222,38.84611111111112,0.2838888888888888,65.8475,0.000705,0.000709,0.001129,13.232777777777756,1
2824,11556,2025-01-21 13:47:00+00:00,2025-01-21 13:47:00+00:00,28.10702702702704,0.104054054054054,51.6127027027027,33.79324324324324,38.57567567567568,39.012702702702704,0.2867567567567566,65.79459459459457,0.00068,0.000696,0.001136,13.037027027027015,1
2825,11557,2025-01-21 13:47:02+00:00,2025-01-21 13:47:02+00:00,33.38636363636364,0.1081818181818181,51.3272727272727,38.06969696969696,38.51272727272727,38.79151515151514,0.2800000000000001,65.61515151515151,0.000694,0.000681,0.001217,12.814545454545431,1
2826,11561,2025-01-21 13:47:07+00:00,2025-01-21 13:47:07+00:00,48.56352941176471,0.1102941176470588,51.36911764705884,53.99058823529411,38.50117647058823,39.02676470588237,0.2838235294117647,65.27499999999998,0.000752,0.000754,0.001317,12.867941176470616,1
2827,11583,2025-01-21 13:47:36+00:00,2025-01-21 13:47:36+00:00,184.4894444444444,0.1463888888888889,51.77666666666667,199.95805555555555,38.44388888888889,40.98083333333333,2.394166666666665,62.04416666666668,0.001167,0.001213,0.003012,13.332777777777778,1
2828,11592,2025-01-21 13:47:48+00:00,2025-01-21 13:47:48+00:00,217.2691176470589,0.1976470588235294,52.294117647058826,232.12147058823533,38.569705882352935,41.57882352941177,2.958529411764705,61.471470588235285,0.001276,0.001441,0.003589,13.724411764705891,1
2829,11595,2025-01-21 13:47:51+00:00,2025-01-21 13:47:51+00:00,218.8035135135136,0.2232432432432433,52.62297297297296,235.9416216216217,38.570810810810826,41.62756756756757,3.007297297297296,61.2962162162162,0.001294,0.001473,0.003681,14.052162162162134,1
2830,11597,2025-01-21 13:47:54+00:00,2025-01-21 13:47:54+00:00,219.3539393939394,0.1645454545454545,52.71545454545455,234.3066666666666,38.5421212121212,41.76757575757575,3.0109090909090908,61.39696969696968,0.001307,0.001462,0.003643,14.173333333333346,1
2831,11599,2025-01-21 13:47:57+00:00,2025-01-21 13:47:57+00:00,216.30527777777775,0.1780555555555556,52.576388888888914,232.67916666666653,38.45444444444444,41.54388888888888,2.963888888888888,61.208611111111104,0.001302,0.001447,0.00362,14.121944444444472,1
2832,11612,2025-01-21 13:48:14+00:00,2025-01-21 13:48:14+00:00,161.35256410256414,0.1720512820512819,53.046666666666674,174.19410256410262,38.51384615384614,41.03076923076922,2.02948717948718,63.06512820512822,0.001127,0.001182,0.002744,14.532820512820535,1
2833,11626,2025-01-21 13:48:32+00:00,2025-01-21 13:48:32+00:00,71.45500000000003,0.0967647058823529,52.53764705882352,78.18852941176468,38.51617647058825,39.735294117647065,1.010882352941176,64.61941176470586,0.000837,0.000825,0.001631,14.021470588235276,1
2834,11633,2025-01-21 13:48:41+00:00,2025-01-21 13:48:41+00:00,36.32861111111111,0.1391666666666666,52.386111111111134,43.20694444444442,38.67694444444446,39.384444444444426,0.2869444444444443,65.93472222222222,0.000695,0.000688,0.001213,13.709166666666675,1
2835,11635,2025-01-21 13:48:44+00:00,2025-01-21 13:48:44+00:00,27.773437500000018,0.1043749999999999,51.89437500000001,33.4878125,38.56687499999999,39.06656249999998,0.2800000000000001,65.8425,0.000688,0.000708,0.001187,13.327500000000022,1
2836,11639,2025-01-21 13:48:49+00:00,2025-01-21 13:48:49+00:00,20.852222222222213,0.1130555555555555,51.6552777777778,26.091388888888883,38.55194444444442,38.9052777777778,0.286111111111111,66.03583333333333,0.000666,0.000689,0.001095,13.103333333333374,1
2837,11640,2025-01-21 13:48:50+00:00,2025-01-21 13:48:50+00:00,20.55605263157895,0.1147368421052631,51.647368421052654,25.043947368421048,38.58184210526317,38.96394736842105,0.2799999999999999,66.12157894736842,0.000661,0.00066,0.001112,13.065526315789484,1
2838,11646,2025-01-21 13:49:00+00:00,2025-01-21 13:49:00+00:00,28.41942857142856,0.1265714285714285,51.438285714285705,32.8537142857143,38.594,38.91485714285714,0.2862857142857142,65.83057142857145,0.000722,0.000712,0.001141,12.84428571428571,1
2839,11654,2025-01-21 13:49:10+00:00,2025-01-21 13:49:10+00:00,60.10441176470589,0.1302941176470588,51.47911764705884,65.84588235294115,38.59499999999999,39.278823529411774,0.5150000000000001,65.10264705882354,0.000803,0.000785,0.001444,12.88411764705885,1
2840,11661,2025-01-21 13:49:19+00:00,2025-01-21 13:49:19+00:00,102.67257142857147,0.1402857142857142,51.40942857142856,111.7905714285714,38.60428571428572,39.77371428571429,1.3662857142857143,64.10314285714287,0.001016,0.000994,0.002046,12.80514285714284,1
2841,11664,2025-01-21 13:49:23+00:00,2025-01-21 13:49:23+00:00,123.8814285714286,0.1319999999999999,51.386,133.95999999999998,38.56314285714284,40.083999999999975,1.598857142857143,63.362285714285726,0.000991,0.001031,0.002114,12.82285714285716,1
2842,11670,2025-01-21 13:49:31+00:00,2025-01-21 13:49:31+00:00,163.4777142857143,0.1645714285714286,51.92771428571429,176.42857142857144,38.68314285714285,40.88,2.0785714285714283,63.011428571428574,0.001083,0.001178,0.002633,13.24457142857144,1
2843,11675,2025-01-21 13:49:38+00:00,2025-01-21 13:49:38+00:00,192.80885714285716,0.1602857142857143,51.858857142857126,206.1534285714285,38.601999999999975,41.18257142857144,2.5137142857142867,61.85428571428572,0.001178,0.001255,0.003048,13.25685714285715,1
2844,11695,2025-01-21 13:50:04+00:00,2025-01-21 13:50:04+00:00,200.97794871794872,0.1571794871794871,52.85923076923078,215.8928205128205,38.550769230769205,41.431794871794885,2.6628205128205136,61.61051282051283,0.001257,0.001304,0.003322,14.308461538461572,1
2845,11697,2025-01-21 13:50:06+00:00,2025-01-21 13:50:06+00:00,195.6587878787879,0.1481818181818182,53.106363636363646,208.62696969696972,38.58727272727272,41.62181818181818,2.5515151515151517,62.127272727272725,0.00122,0.001257,0.003186,14.519090909090927,1
2846,11707,2025-01-21 13:50:20+00:00,2025-01-21 13:50:20+00:00,131.44600000000003,0.1348571428571428,52.95142857142857,142.24599999999995,38.621142857142885,40.690000000000005,1.699428571428571,63.637142857142834,0.001053,0.001067,0.002369,14.330285714285688,1
2847,11711,2025-01-21 13:50:25+00:00,2025-01-21 13:50:25+00:00,106.9373529411764,0.1655882352941176,52.846764705882336,116.3920588235294,38.62852941176473,40.31558823529412,1.432647058823529,64.1329411764706,0.001053,0.000971,0.002135,14.218235294117603,1
2848,11735,2025-01-21 13:50:56+00:00,2025-01-21 13:50:56+00:00,21.680789473684204,0.0981578947368421,51.571315789473694,25.815789473684205,38.67947368421055,38.99736842105264,0.2813157894736841,65.89236842105261,0.000699,0.000687,0.001113,12.891842105263144,1
2849,11741,2025-01-21 13:51:04+00:00,2025-01-21 13:51:04+00:00,37.37125000000002,0.103125,51.65187500000001,42.82125000000001,38.73656250000001,39.18375000000002,0.2878124999999999,65.44843750000001,0.000715,0.000684,0.001163,12.9153125,1
2850,11742,2025-01-21 13:51:05+00:00,2025-01-21 13:51:05+00:00,40.685757575757584,0.1063636363636363,51.309393939393935,45.79606060606061,38.653333333333336,39.06151515151517,0.283939393939394,65.25242424242423,0.000712,0.000684,0.001223,12.6560606060606,1
2851,11749,2025-01-21 13:51:15+00:00,2025-01-21 13:51:15+00:00,81.99025641025645,0.0997435897435897,51.32282051282053,89.33179487179488,38.604358974359,39.39769230769231,1.1274358974358971,64.21897435897436,0.000954,0.00085,0.001701,12.718461538461533,1
2852,11755,2025-01-21 13:51:22+00:00,2025-01-21 13:51:22+00:00,118.2142424242424,0.136969696969697,51.53606060606061,127.94848484848492,38.69393939393941,40.11454545454544,1.5257575757575752,63.85636363636363,0.001029,0.001022,0.002134,12.8421212121212,1
2853,11759,2025-01-21 13:51:28+00:00,2025-01-21 13:51:28+00:00,147.88055555555553,0.1430555555555556,52.080000000000005,159.04000000000005,38.73805555555556,40.82333333333335,1.875,63.44444444444443,0.001054,0.001119,0.002346,13.34194444444445,1
2854,11760,2025-01-21 13:51:29+00:00,2025-01-21 13:51:29+00:00,153.00324324324322,0.1486486486486486,51.88999999999999,165.5656756756757,38.74270270270271,40.84567567567567,1.9424324324324325,63.077837837837855,0.00107,0.001139,0.002485,13.147297297297284,1
2855,11764,2025-01-21 13:51:34+00:00,2025-01-21 13:51:34+00:00,176.39277777777778,0.1733333333333332,52.01861111111111,190.63777777777776,38.785277777777765,41.155,2.276944444444444,62.59888888888889,0.001123,0.001219,0.002821,13.233333333333348,1
2856,11765,2025-01-21 13:51:36+00:00,2025-01-21 13:51:36+00:00,184.82081081081068,0.1435135135135134,51.84324324324324,197.15891891891903,38.695135135135146,41.149459459459486,2.380270270270272,62.18891891891892,0.00119,0.001227,0.002949,13.14810810810809,1
2857,11773,2025-01-21 13:51:46+00:00,2025-01-21 13:51:46+00:00,214.04894736842095,0.176578947368421,52.26684210526315,228.8718421052632,38.7142105263158,41.688157894736825,2.8831578947368435,61.569473684210514,0.001251,0.001399,0.003423,13.552631578947349,1
2858,11778,2025-01-21 13:51:53+00:00,2025-01-21 13:51:53+00:00,219.4464864864866,0.1721621621621621,52.85594594594595,234.9308108108108,38.70999999999998,42.03783783783783,3.004324324324324,61.54918918918918,0.001285,0.001468,0.003591,14.145945945945968,1
2859,11802,2025-01-21 13:52:24+00:00,2025-01-21 13:52:24+00:00,112.17,0.1097368421052631,53.17157894736842,120.45131578947364,38.87631578947372,40.86210526315788,1.4815789473684209,64.4402631578947,0.001091,0.001005,0.002256,14.295263157894702,1
2860,11809,2025-01-21 13:52:35+00:00,2025-01-21 13:52:35+00:00,58.85789473684209,0.1105263157894737,52.669210526315794,65.5313157894737,38.871842105263134,39.93473684210528,0.4915789473684212,65.31736842105262,0.000807,0.000785,0.001519,13.79736842105266,1
2861,11810,2025-01-21 13:52:36+00:00,2025-01-21 13:52:36+00:00,54.69055555555558,0.1102777777777778,52.248888888888914,60.41944444444445,38.73166666666667,39.42666666666668,0.2841666666666665,64.90999999999997,0.00077,0.000775,0.001433,13.517222222222244,1
2862,11811,2025-01-21 13:52:37+00:00,2025-01-21 13:52:37+00:00,50.3829411764706,0.1338235294117647,52.33647058823528,57.68794117647062,38.76911764705881,39.58382352941176,0.2832352941176471,65.31735294117645,0.000771,0.000735,0.001394,13.567352941176466,1
2863,11817,2025-01-21 13:52:45+00:00,2025-01-21 13:52:45+00:00,27.2053846153846,0.1192307692307692,52.214102564102575,32.800769230769234,38.86923076923074,39.4476923076923,0.2820512820512819,65.9679487179487,0.0007,0.000674,0.001172,13.344871794871835,1
2864,11818,2025-01-21 13:52:46+00:00,2025-01-21 13:52:46+00:00,25.02083333333332,0.09,51.75472222222221,30.421111111111102,38.75222222222223,39.04527777777776,0.2852777777777777,65.585,0.000684,0.000673,0.001121,13.002499999999984,1
2865,11831,2025-01-21 13:53:05+00:00,2025-01-21 13:53:05+00:00,40.62314285714287,0.0971428571428571,51.91285714285711,45.82600000000001,38.95085714285713,39.462,0.2897142857142855,65.74142857142859,0.000721,0.000691,0.001231,12.961999999999982,1
2866,11833,2025-01-21 13:53:07+00:00,2025-01-21 13:53:07+00:00,46.70351351351353,0.1218918918918918,51.414054054054056,52.57054054054054,38.79297297297296,39.23324324324322,0.2808108108108108,65.07837837837835,0.000743,0.000734,0.001316,12.6210810810811,1
2867,11837,2025-01-21 13:53:13+00:00,2025-01-21 13:53:13+00:00,72.60567567567564,0.1389189189189189,51.50405405405407,79.53135135135135,38.80108108108105,39.60837837837839,1.0297297297297296,64.80702702702699,0.000899,0.000829,0.001563,12.702972972973017,1
2868,11840,2025-01-21 13:53:17+00:00,2025-01-21 13:53:17+00:00,91.15864864864866,0.1421621621621621,51.48864864864863,98.8002702702703,38.78945945945944,39.76297297297297,1.2278378378378378,64.15108108108105,0.00097,0.000911,0.001845,12.699189189189193,1
2869,11841,2025-01-21 13:53:18+00:00,2025-01-21 13:53:18+00:00,96.33441176470583,0.1367647058823528,51.5885294117647,103.7305882352941,38.8155882352941,39.92470588235293,1.2991176470588237,64.28294117647056,0.000989,0.000951,0.00194,12.772941176470605,1
2870,11847,2025-01-21 13:53:26+00:00,2025-01-21 13:53:26+00:00,137.7783783783784,0.1613513513513513,51.8891891891892,148.36621621621623,38.88081081081078,40.68189189189191,1.744864864864866,63.44108108108114,0.001031,0.001066,0.002257,13.008378378378424,1
2871,11849,2025-01-21 13:53:28+00:00,2025-01-21 13:53:28+00:00,147.73352941176466,0.1314705882352941,51.736470588235285,158.31735294117652,38.79705882352939,40.70294117647059,1.8729411764705883,63.10264705882352,0.001049,0.001112,0.002402,12.939411764705897,1
2872,11851,2025-01-21 13:53:31+00:00,2025-01-21 13:53:31+00:00,161.78552631578947,0.1544736842105263,51.92342105263159,174.37131578947373,38.856052631578926,41.06842105263158,2.0747368421052625,62.821052631578965,0.001084,0.001174,0.002573,13.067368421052665,1
2873,11853,2025-01-21 13:53:34+00:00,2025-01-21 13:53:34+00:00,176.38685714285714,0.146,51.86628571428571,188.322,38.86685714285716,41.17742857142857,2.273999999999999,62.48800000000002,0.001102,0.001208,0.002745,12.999428571428552,1
2874,11859,2025-01-21 13:53:41+00:00,2025-01-21 13:53:41+00:00,203.824705882353,0.1794117647058823,52.35911764705879,216.48794117647063,38.91676470588237,41.75764705882352,2.67029411764706,61.91205882352942,0.001212,0.001333,0.003259,13.442352941176416,1
2875,11864,2025-01-21 13:53:48+00:00,2025-01-21 13:53:48+00:00,217.3391176470588,0.1685294117647059,52.47117647058824,231.62941176470588,38.84411764705881,41.881176470588215,2.957058823529412,61.36588235294118,0.001262,0.001428,0.003546,13.627058823529431,1
2876,11869,2025-01-21 13:53:55+00:00,2025-01-21 13:53:55+00:00,218.4263636363636,0.1566666666666667,53.01848484848488,233.9290909090909,38.92878787878789,42.32060606060608,3.015757575757575,61.54606060606058,0.001313,0.00147,0.003666,14.089696969696996,1
2877,11898,2025-01-21 13:54:33+00:00,2025-01-21 13:54:33+00:00,68.16567567567567,0.1170270270270269,52.51891891891892,75.38432432432433,38.864054054054016,39.96729729729729,1.0018918918918918,64.65513513513511,0.000882,0.000876,0.001633,13.654864864864903,1
2878,11911,2025-01-21 13:54:50+00:00,2025-01-21 13:54:50+00:00,20.020270270270277,0.1343243243243243,51.78567567567567,26.09540540540541,38.89972972972974,39.16189189189189,0.2805405405405405,65.98324324324325,0.000691,0.000741,0.001186,12.885945945945927,1
2879,11926,2025-01-21 13:55:09+00:00,2025-01-21 13:55:09+00:00,53.549117647058814,0.1102941176470587,51.50470588235293,59.62029411764705,38.91441176470589,39.45411764705882,0.2811764705882353,64.97823529411762,0.000796,0.000762,0.001432,12.59029411764704,1
2880,11929,2025-01-21 13:55:13+00:00,2025-01-21 13:55:13+00:00,70.78666666666668,0.1172727272727273,51.59030303030302,77.39303030303027,38.91787878787879,39.63727272727275,1.0175757575757578,64.66393939393936,0.000888,0.000849,0.00161,12.672424242424228,1
2881,11936,2025-01-21 13:55:22+00:00,2025-01-21 13:55:22+00:00,116.30514285714284,0.1474285714285714,52.01085714285716,126.17828571428574,39.01971428571428,40.562,1.5157142857142851,64.18685714285712,0.001078,0.001037,0.002181,12.991142857142885,1
2882,11946,2025-01-21 13:55:35+00:00,2025-01-21 13:55:35+00:00,178.51057142857147,0.1574285714285714,51.905714285714296,191.3520000000001,38.921714285714295,41.29257142857144,2.3171428571428567,62.2957142857143,0.001151,0.001235,0.002903,12.984000000000002,1
2883,11951,2025-01-21 13:55:42+00:00,2025-01-21 13:55:42+00:00,204.2032352941177,0.1805882352941177,52.45088235294119,218.27294117647057,39.036176470588224,42.029705882352935,2.7208823529411763,62.04205882352941,0.001252,0.001347,0.003265,13.414705882352962,1
2884,11954,2025-01-21 13:55:46+00:00,2025-01-21 13:55:46+00:00,212.99818181818185,0.1606060606060606,52.43181818181821,226.80393939393943,38.97272727272728,41.92878787878788,2.877575757575759,61.58515151515152,0.001281,0.001405,0.003443,13.459090909090923,1
2885,11958,2025-01-21 13:55:51+00:00,2025-01-21 13:55:51+00:00,219.15388888888896,0.1833333333333334,52.75722222222221,234.6747222222222,38.96583333333335,42.12111111111111,3.0302777777777794,61.37138888888889,0.001297,0.001463,0.003622,13.791388888888854,1
2886,11967,2025-01-21 13:56:03+00:00,2025-01-21 13:56:03+00:00,204.47545454545448,0.1890909090909091,53.47696969696972,221.79787878787877,39.05545454545454,42.21909090909091,2.781515151515152,61.93393939393941,0.00127,0.001338,0.003334,14.42151515151518,1
2887,11968,2025-01-21 13:56:04+00:00,2025-01-21 13:56:04+00:00,203.70921052631573,0.1484210526315789,53.23105263157896,216.9718421052632,38.97447368421052,41.87368421052632,2.712368421052632,61.62263157894738,0.001249,0.001317,0.003282,14.256578947368432,1
2888,11970,2025-01-21 13:56:07+00:00,2025-01-21 13:56:07+00:00,193.2536363636364,0.1851515151515152,53.35454545454546,207.440606060606,39.01787878787879,42.16878787878787,2.540606060606061,62.31848484848484,0.001227,0.001278,0.003147,14.336666666666666,1
2889,11972,2025-01-21 13:56:10+00:00,2025-01-21 13:56:10+00:00,180.7605405405405,0.1459459459459459,53.20702702702704,195.04027027027036,38.98243243243244,41.64297297297299,2.354054054054053,62.32405405405406,0.001211,0.001217,0.003007,14.2245945945946,1
2890,11980,2025-01-21 13:56:20+00:00,2025-01-21 13:56:20+00:00,134.0808333333334,0.1524999999999999,53.03416666666665,146.01694444444442,38.98388888888889,41.00805555555556,1.733333333333333,63.39111111111109,0.001084,0.001073,0.00237,14.050277777777758,1
2891,11985,2025-01-21 13:56:28+00:00,2025-01-21 13:56:28+00:00,92.50371428571428,0.1337142857142857,53.23885714285717,101.78428571428572,39.100571428571406,40.80457142857142,1.283142857142857,64.77085714285714,0.000983,0.000922,0.001946,14.138285714285756,1
2892,11986,2025-01-21 13:56:29+00:00,2025-01-21 13:56:29+00:00,87.42312499999994,0.1512499999999999,53.086562500000014,97.2253125,39.033437499999984,40.54031249999999,1.2334374999999995,64.54343749999998,0.000942,0.000901,0.001844,14.05312500000003,1
2893,11999,2025-01-21 13:56:46+00:00,2025-01-21 13:56:46+00:00,25.037058823529417,0.1276470588235294,52.11382352941177,31.245882352941173,38.98558823529413,39.38529411764706,0.2849999999999999,65.78852941176471,0.000683,0.000685,0.001119,13.128235294117644,1
2894,12003,2025-01-21 13:56:51+00:00,2025-01-21 13:56:51+00:00,19.34272727272727,0.1309090909090908,51.832424242424224,24.74121212121212,38.98303030303031,39.26363636363636,0.2842424242424242,66.00818181818181,0.00069,0.000732,0.001114,12.849393939393911,1
2895,12015,2025-01-21 13:57:07+00:00,2025-01-21 13:57:07+00:00,46.037352941176486,0.1182352941176471,51.63088235294117,51.38764705882353,39.00382352941176,39.52823529411764,0.2802941176470588,65.36676470588235,0.000749,0.000723,0.001279,12.62705882352941,1
2896,12021,2025-01-21 13:57:15+00:00,2025-01-21 13:57:15+00:00,79.49388888888892,0.0980555555555555,51.638333333333335,85.54694444444442,39.002777777777794,39.85749999999999,1.1091666666666664,64.4536111111111,0.00089,0.000853,0.001688,12.63555555555554,1
2897,12039,2025-01-21 13:57:39+00:00,2025-01-21 13:57:39+00:00,195.46176470588236,0.1864705882352941,52.69147058823529,209.59588235294112,39.17205882352942,41.97500000000001,2.5632352941176477,62.399705882352976,0.001161,0.001254,0.00296,13.519411764705872,1
2898,12040,2025-01-21 13:57:40+00:00,2025-01-21 13:57:40+00:00,198.20194444444445,0.1583333333333333,52.38583333333335,211.41222222222223,39.12055555555553,41.86027777777779,2.614444444444444,61.93944444444443,0.001175,0.001296,0.003034,13.265277777777818,1
2899,12045,2025-01-21 13:57:47+00:00,2025-01-21 13:57:47+00:00,214.94294117647064,0.1879411764705883,52.51323529411763,230.97205882352927,39.03852941176469,42.01617647058825,2.944117647058824,61.49235294117646,0.001239,0.001402,0.003351,13.474705882352936,1
2900,12056,2025-01-21 13:58:01+00:00,2025-01-21 13:58:01+00:00,209.9259375,0.125,53.080000000000034,225.86781250000004,39.01312499999999,42.17187499999999,2.871875,61.39781249999999,0.001239,0.001368,0.003343,14.066875000000046,1
2901,12057,2025-01-21 13:58:02+00:00,2025-01-21 13:58:02+00:00,209.16540540540552,0.1986486486486486,53.237297297297296,223.99324324324328,39.065945945945934,42.15837837837837,2.8243243243243232,61.53756756756758,0.001224,0.00134,0.003265,14.171351351351362,1
2902,12059,2025-01-21 13:58:05+00:00,2025-01-21 13:58:05+00:00,200.30472222222213,0.1547222222222222,53.58055555555555,214.33833333333337,39.161111111111126,42.23972222222224,2.6697222222222226,62.10000000000001,0.001278,0.0013,0.003179,14.419444444444425,1
2903,12071,2025-01-21 13:58:21+00:00,2025-01-21 13:58:21+00:00,129.80114285714288,0.1602857142857143,53.216285714285725,141.634,39.09885714285715,41.11971428571429,1.6857142857142862,63.5577142857143,0.001064,0.001069,0.002344,14.117428571428576,1
2904,12075,2025-01-21 13:58:26+00:00,2025-01-21 13:58:26+00:00,102.507027027027,0.1283783783783783,53.10729729729731,112.9291891891892,39.10945945945944,40.667297297297296,1.412702702702703,64.14054054054054,0.001067,0.000965,0.002127,13.997837837837864,1
2905,12078,2025-01-21 13:58:30+00:00,2025-01-21 13:58:30+00:00,83.42676470588233,0.1226470588235294,53.51058823529412,92.23264705882347,39.19470588235292,40.88352941176473,1.1738235294117645,65.11529411764707,0.000913,0.000895,0.001807,14.315882352941202,1
2906,12080,2025-01-21 13:58:32+00:00,2025-01-21 13:58:32+00:00,74.46594594594595,0.1386486486486486,52.720270270270255,81.83567567567572,39.04621621621621,40.224864864864855,1.063243243243243,64.58027027027025,0.000933,0.000815,0.001646,13.674054054054048,1
2907,12084,2025-01-21 13:58:38+00:00,2025-01-21 13:58:38+00:00,47.97151515151516,0.1318181818181818,52.479696969696974,54.99545454545455,39.102121212121205,39.87939393939395,0.2827272727272727,65.37424242424242,0.000771,0.000751,0.001375,13.37757575757577,1
2908,12089,2025-01-21 13:58:44+00:00,2025-01-21 13:58:44+00:00,30.473157894736843,0.123421052631579,52.281052631578966,36.01210526315788,39.095526315789456,39.62157894736843,0.2799999999999999,65.8352631578947,0.000678,0.000681,0.001183,13.18552631578951,1
2909,12102,2025-01-21 13:59:01+00:00,2025-01-21 13:59:01+00:00,28.331714285714284,0.1468571428571429,51.98371428571428,34.50828571428572,39.16285714285715,39.59914285714284,0.287142857142857,65.85228571428573,0.000664,0.000743,0.001081,12.820857142857127,1
2910,12123,2025-01-21 13:59:29+00:00,2025-01-21 13:59:29+00:00,150.29636363636362,0.1781818181818182,51.87515151515151,161.90363636363637,39.08696969696969,41.00878787878786,1.9169696969696972,63.14393939393942,0.001141,0.001128,0.002363,12.78818181818182,1
2911,12129,2025-01-21 13:59:37+00:00,2025-01-21 13:59:37+00:00,185.6476470588236,0.1991176470588235,52.212647058823535,200.02735294117653,39.17,41.59264705882351,2.440882352941176,62.06382352941178,0.001136,0.001239,0.002844,13.04264705882354,1
2912,12143,2025-01-21 13:59:55+00:00,2025-01-21 13:59:55+00:00,220.0889189189189,0.1805405405405405,53.04297297297296,235.3005405405405,39.105945945945926,42.32459459459458,3.0354054054054065,61.49135135135136,0.001275,0.001449,0.003531,13.937027027027035,1
2913,12150,2025-01-21 14:00:04+00:00,2025-01-21 14:00:04+00:00,203.7116216216216,0.1632432432432432,53.3081081081081,218.71783783783783,39.0835135135135,42.123783783783786,2.7418918918918926,61.79729729729731,0.00122,0.001322,0.003192,14.2245945945946,1
2914,12166,2025-01-21 14:00:25+00:00,2025-01-21 14:00:25+00:00,110.31228571428572,0.1508571428571427,53.154000000000025,120.3194285714286,39.162,40.85428571428572,1.464857142857143,64.04657142857143,0.001079,0.000992,0.002232,13.992000000000026,1
2915,12176,2025-01-21 14:00:38+00:00,2025-01-21 14:00:38+00:00,48.71675675675676,0.1186486486486486,52.65540540540544,55.59432432432431,39.16621621621624,40.01378378378378,0.2848648648648648,65.22621621621622,0.000733,0.000732,0.001423,13.489189189189204,1
2916,12180,2025-01-21 14:00:43+00:00,2025-01-21 14:00:43+00:00,33.651818181818186,0.1336363636363636,52.44363636363638,38.94545454545453,39.23000000000001,39.84818181818183,0.2821212121212122,65.65151515151518,0.000676,0.000724,0.001194,13.213636363636368,1
2917,12189,2025-01-21 14:00:55+00:00,2025-01-21 14:00:55+00:00,19.611499999999992,0.1137499999999999,51.82249999999998,24.851999999999997,39.17200000000001,39.37575,0.2799999999999999,65.98775,0.000653,0.000694,0.001099,12.650499999999964,1
2918,12193,2025-01-21 14:01:01+00:00,2025-01-21 14:01:01+00:00,27.631250000000005,0.109375,51.72281249999999,32.91437500000001,39.1865625,39.44125,0.2865624999999999,65.80250000000001,0.000663,0.00069,0.001124,12.536249999999988,1
2919,12202,2025-01-21 14:01:12+00:00,2025-01-21 14:01:12+00:00,63.91675675675676,0.1108108108108107,52.08000000000002,71.3297297297297,39.28621621621621,40.16216216216215,0.9432432432432432,65.25432432432433,0.000858,0.000793,0.001542,12.793783783783809,1
2920,12220,2025-01-21 14:01:36+00:00,2025-01-21 14:01:36+00:00,182.33657142857143,0.162,52.18685714285715,195.18628571428576,39.16142857142858,41.60942857142857,2.374571428571429,62.29742857142859,0.001183,0.001242,0.003041,13.02542857142857,1
2921,12235,2025-01-21 14:01:56+00:00,2025-01-21 14:01:56+00:00,217.96416666666664,0.1572222222222222,53.04999999999999,233.9019444444444,39.21472222222224,42.33611111111109,3.031944444444444,61.39388888888894,0.001329,0.001473,0.003751,13.835277777777756,1
2922,12238,2025-01-21 14:02:00+00:00,2025-01-21 14:02:00+00:00,213.344,0.1868571428571428,53.07714285714288,228.45200000000008,39.16657142857144,42.21457142857141,2.925714285714288,61.07685714285716,0.001334,0.001422,0.00361,13.91057142857143,1
2923,12240,2025-01-21 14:02:02+00:00,2025-01-21 14:02:02+00:00,208.2491891891892,0.1616216216216215,53.34459459459461,223.15864864864864,39.23594594594595,42.33648648648648,2.837567567567566,61.60459459459455,0.001307,0.001373,0.003471,14.108648648648654,1
2924,12252,2025-01-21 14:02:18+00:00,2025-01-21 14:02:18+00:00,146.11030303030296,0.1503030303030303,53.521515151515146,159.07303030303024,39.30696969696971,41.63030303030305,1.8975757575757572,63.56969696969699,0.001092,0.001113,0.002583,14.214545454545435,1
2925,12259,2025-01-21 14:02:27+00:00,2025-01-21 14:02:27+00:00,101.29473684210522,0.1268421052631578,53.11236842105262,110.0684210526316,39.20078947368423,40.820263157894765,1.3813157894736845,64.3,0.001058,0.000973,0.002156,13.911578947368398,1
2926,12263,2025-01-21 14:02:32+00:00,2025-01-21 14:02:32+00:00,75.48555555555556,0.1463888888888889,52.94361111111114,83.55583333333335,39.20194444444445,40.50361111111112,1.0775,64.82416666666663,0.000898,0.000844,0.001713,13.741666666666688,1
2927,12274,2025-01-21 14:02:47+00:00,2025-01-21 14:02:47+00:00,25.402162162162163,0.1281081081081081,52.15351351351352,29.780000000000005,39.26054054054053,39.63270270270272,0.285135135135135,65.85486486486487,0.00067,0.000706,0.001127,12.892972972972991,1
2928,12279,2025-01-21 14:02:53+00:00,2025-01-21 14:02:53+00:00,19.74000000000001,0.1047058823529411,52.00411764705883,24.08323529411765,39.2720588235294,39.5464705882353,0.28,66.1220588235294,0.000676,0.000675,0.001144,12.732058823529428,1
2929,12320,2025-01-21 14:03:47+00:00,2025-01-21 14:03:47+00:00,213.54305555555555,0.1638888888888889,52.45805555555555,227.98138888888883,39.240555555555545,42.18083333333332,2.9300000000000024,61.208055555555546,0.001297,0.001424,0.003666,13.217500000000008,1
2930,12324,2025-01-21 14:03:52+00:00,2025-01-21 14:03:52+00:00,218.5034210526316,0.1852631578947368,52.83368421052632,234.69052631578955,39.24736842105261,42.29947368421055,3.059473684210526,61.039210526315806,0.001358,0.001488,0.003886,13.5863157894737,1
2931,12325,2025-01-21 14:03:54+00:00,2025-01-21 14:03:54+00:00,220.9008823529412,0.2058823529411764,53.13323529411769,236.4052941176471,39.29588235294116,42.47676470588236,3.069117647058824,61.3194117647059,0.001361,0.00149,0.003879,13.837352941176531,1
2932,12333,2025-01-21 14:04:04+00:00,2025-01-21 14:04:04+00:00,204.85676470588237,0.1917647058823529,53.43117647058824,219.569411764706,39.29588235294115,42.38205882352942,2.7623529411764696,61.82441176470586,0.001301,0.00136,0.003529,14.135294117647092,1
2933,12341,2025-01-21 14:04:15+00:00,2025-01-21 14:04:15+00:00,161.05218749999997,0.1103124999999999,53.82468749999999,173.41187499999995,39.38187500000003,42.13625000000001,2.082499999999999,63.22718750000001,0.001159,0.001171,0.002852,14.44281249999996,1
2934,12343,2025-01-21 14:04:17+00:00,2025-01-21 14:04:17+00:00,151.97882352941176,0.1491176470588235,53.23294117647058,164.5985294117648,39.23794117647058,41.45617647058823,1.9370588235294108,62.89264705882353,0.001105,0.001153,0.002694,13.995000000000005,1
2935,12348,2025-01-21 14:04:25+00:00,2025-01-21 14:04:25+00:00,111.02447368421056,0.1344736842105263,53.486052631578936,121.0963157894737,39.37526315789477,41.3,1.511842105263158,64.23447368421056,0.001046,0.000987,0.002218,14.110789473684171,1
2936,12352,2025-01-21 14:04:30+00:00,2025-01-21 14:04:30+00:00,85.54342105263159,0.1052631578947368,53.34947368421052,93.88000000000004,39.35973684210525,41.08342105263159,1.208157894736842,64.8857894736842,0.000925,0.000896,0.001848,13.989736842105271,1
2937,12356,2025-01-21 14:04:35+00:00,2025-01-21 14:04:35+00:00,62.52333333333336,0.1358333333333333,53.00666666666668,69.71444444444445,39.32888888888886,40.61944444444443,0.9088888888888892,65.30833333333334,0.00087,0.000838,0.00153,13.67777777777782,1
2938,12359,2025-01-21 14:04:39+00:00,2025-01-21 14:04:39+00:00,46.62294117647059,0.1435294117647059,52.67558823529409,52.61735294117649,39.27794117647057,40.13323529411765,0.2885294117647057,65.42705882352939,0.000734,0.000727,0.00133,13.397647058823525,1
2939,12411,2025-01-21 14:05:48+00:00,2025-01-21 14:05:48+00:00,214.69861111111115,0.1777777777777777,52.72944444444445,229.5666666666666,39.31972222222222,42.24499999999999,2.955833333333333,61.249166666666646,0.001281,0.001418,0.003513,13.409722222222236,1
2940,12428,2025-01-21 14:06:10+00:00,2025-01-21 14:06:10+00:00,185.0580487804878,0.1802439024390243,53.64121951219514,198.85268292682915,39.329999999999984,42.180487804878055,2.422926829268294,62.363658536585376,0.001219,0.001237,0.003082,14.31121951219516,1
2941,12435,2025-01-21 14:06:19+00:00,2025-01-21 14:06:19+00:00,142.97764705882355,0.1485294117647059,53.44529411764705,155.8832352941176,39.3270588235294,41.45941176470587,1.8547058823529408,63.00764705882355,0.001076,0.001096,0.002546,14.118235294117651,1
2942,12448,2025-01-21 14:06:36+00:00,2025-01-21 14:06:36+00:00,59.55842105263157,0.1126315789473684,52.83526315789471,66.04526315789471,39.38052631578949,40.3621052631579,0.5868421052631577,65.17578947368419,0.000818,0.000787,0.001512,13.45473684210522,1
2943,12455,2025-01-21 14:06:45+00:00,2025-01-21 14:06:45+00:00,29.720606060606062,0.1236363636363636,52.37151515151516,36.07484848484847,39.3978787878788,39.871818181818185,0.2854545454545454,65.6251515151515,0.00069,0.000666,0.001191,12.97363636363636,1
2944,12459,2025-01-21 14:06:50+00:00,2025-01-21 14:06:50+00:00,21.430285714285706,0.0874285714285714,52.177714285714295,26.177714285714284,39.37828571428573,39.74857142857141,0.2802857142857143,65.84485714285715,0.000707,0.000682,0.001115,12.799428571428564,1
2945,12464,2025-01-21 14:06:57+00:00,2025-01-21 14:06:57+00:00,21.641538461538463,0.1276923076923077,52.00128205128203,26.326410256410256,39.42333333333334,39.8397435897436,0.2799999999999999,66.10410256410256,0.000698,0.000702,0.001111,12.577948717948694,1
2946,12465,2025-01-21 14:06:58+00:00,2025-01-21 14:06:58+00:00,21.882051282051275,0.1302564102564102,52.33384615384615,27.29333333333332,39.53871794871795,39.88794871794872,0.2848717948717947,66.24000000000001,0.000674,0.000743,0.001113,12.7951282051282,1
2947,12475,2025-01-21 14:07:11+00:00,2025-01-21 14:07:11+00:00,58.43000000000001,0.135,51.86882352941173,65.15205882352939,39.40647058823532,40.03294117647059,0.3905882352941177,65.04705882352943,0.000811,0.000783,0.001468,12.462352941176412,1
2948,12488,2025-01-21 14:07:29+00:00,2025-01-21 14:07:29+00:00,147.19948717948714,0.126153846153846,52.320256410256384,158.11769230769232,39.47641025641028,41.47358974358975,1.888974358974359,63.20615384615387,0.001084,0.001115,0.002525,12.843846153846108,1
2949,12489,2025-01-21 14:07:30+00:00,2025-01-21 14:07:30+00:00,151.36818181818182,0.1893939393939394,52.01303030303033,164.40393939393934,39.37303030303032,41.22515151515152,1.957575757575757,62.70999999999998,0.001099,0.001142,0.002612,12.640000000000008,1
2950,12494,2025-01-21 14:07:36+00:00,2025-01-21 14:07:36+00:00,179.93324324324328,0.1621621621621622,52.24540540540541,191.82837837837843,39.37675675675675,41.76378378378378,2.3451351351351364,62.24081081081083,0.001221,0.001234,0.003051,12.86864864864866,1
2951,12502,2025-01-21 14:07:47+00:00,2025-01-21 14:07:47+00:00,211.6314705882353,0.1794117647058823,52.73117647058821,227.9538235294117,39.41029411764708,42.4020588235294,2.9314705882352947,61.565,0.001307,0.001421,0.003614,13.320882352941132,1
2952,12519,2025-01-21 14:08:09+00:00,2025-01-21 14:08:09+00:00,189.2190625,0.16375,53.91093750000003,203.7815625,39.55312499999999,42.5771875,2.511249999999999,62.53375000000001,0.001252,0.001283,0.003178,14.357812500000044,1
2953,12532,2025-01-21 14:08:26+00:00,2025-01-21 14:08:26+00:00,107.30868421052632,0.1594736842105262,53.2578947368421,117.99394736842106,39.45236842105266,41.01552631578945,1.4565789473684212,63.74289473684212,0.001071,0.001005,0.002249,13.805526315789436,1
2954,12533,2025-01-21 14:08:27+00:00,2025-01-21 14:08:27+00:00,101.48250000000002,0.1669444444444444,53.24305555555554,112.7025,39.4238888888889,41.08444444444444,1.4,64.23249999999999,0.001043,0.000954,0.002143,13.81916666666664,1
2955,12544,2025-01-21 14:08:42+00:00,2025-01-21 14:08:42+00:00,38.3145945945946,0.097027027027027,52.56621621621623,43.16108108108109,39.484054054054056,40.08324324324324,0.2843243243243242,65.4835135135135,0.00071,0.000703,0.001286,13.08216216216217,1
2956,12553,2025-01-21 14:08:54+00:00,2025-01-21 14:08:54+00:00,20.00973684210526,0.1213157894736842,52.45315789473683,23.509473684210526,39.59421052631578,40.0571052631579,0.2807894736842105,66.2097368421053,0.000663,0.000689,0.001107,12.858947368421047,1
2957,12559,2025-01-21 14:09:02+00:00,2025-01-21 14:09:02+00:00,28.65394736842105,0.101578947368421,51.8457894736842,33.76763157894737,39.46552631578948,39.692894736842106,0.2873684210526314,65.65999999999997,0.000651,0.000697,0.001142,12.380263157894715,1
2958,12562,2025-01-21 14:09:06+00:00,2025-01-21 14:09:06+00:00,39.21621621621621,0.0691891891891892,51.87027027027027,44.60270270270271,39.49189189189188,39.745135135135136,0.2824324324324324,65.29135135135134,0.000728,0.000738,0.001211,12.378378378378391,1
2959,12601,2025-01-21 14:09:57+00:00,2025-01-21 14:09:57+00:00,219.13000000000008,0.1946153846153846,53.21487179487181,233.95512820512812,39.50051282051284,42.59384615384613,3.066923076923077,61.13641025641024,0.001346,0.001482,0.003808,13.714358974358973,1
2960,12603,2025-01-21 14:09:59+00:00,2025-01-21 14:09:59+00:00,216.67263157894732,0.1657894736842105,53.4094736842105,230.88578947368416,39.490526315789474,42.70947368421053,3.005263157894736,61.362631578947386,0.001334,0.001467,0.003716,13.91894736842103,1
2961,12606,2025-01-21 14:10:03+00:00,2025-01-21 14:10:03+00:00,208.1938888888889,0.1527777777777777,53.47694444444445,221.6869444444445,39.48361111111112,42.53888888888888,2.836111111111109,61.594444444444434,0.001299,0.001423,0.003524,13.993333333333323,1
2962,12619,2025-01-21 14:10:20+00:00,2025-01-21 14:10:20+00:00,139.13111111111115,0.1747222222222222,53.62472222222224,152.05499999999992,39.531944444444434,41.74333333333333,1.8227777777777767,63.488055555555576,0.001075,0.001092,0.002519,14.092777777777805,1
2963,12622,2025-01-21 14:10:24+00:00,2025-01-21 14:10:24+00:00,119.32411764705888,0.1502941176470588,53.45529411764709,130.23911764705883,39.51176470588234,41.33794117647057,1.5950000000000004,63.897352941176464,0.001057,0.001011,0.002299,13.94352941176475,1
2964,12636,2025-01-21 14:10:43+00:00,2025-01-21 14:10:43+00:00,35.33121212121213,0.0854545454545454,52.31606060606061,40.48848484848487,39.48878787878787,39.8548484848485,0.2803030303030303,65.30606060606061,0.000697,0.00071,0.00132,12.827272727272742,1
2965,12640,2025-01-21 14:10:48+00:00,2025-01-21 14:10:48+00:00,24.440540540540557,0.1116216216216216,52.3035135135135,29.728108108108096,39.50945945945946,39.82864864864866,0.285135135135135,65.60135135135137,0.00069,0.000697,0.001138,12.794054054054044,1
2966,12643,2025-01-21 14:10:52+00:00,2025-01-21 14:10:52+00:00,19.99702702702704,0.1186486486486486,52.50027027027029,25.299459459459456,39.61810810810808,40.02243243243242,0.2843243243243242,66.18243243243244,0.000709,0.0007,0.001157,12.88216216216221,1
2967,12655,2025-01-21 14:11:07+00:00,2025-01-21 14:11:07+00:00,41.50918918918916,0.12,52.257567567567584,47.780810810810806,39.635675675675664,40.22567567567569,0.2821621621621621,65.75567567567566,0.00072,0.000723,0.001278,12.62189189189192,1
2968,12659,2025-01-21 14:11:13+00:00,2025-01-21 14:11:13+00:00,66.64263157894739,0.1297368421052631,51.95263157894736,72.16921052631581,39.54763157894738,40.2328947368421,0.9663157894736838,64.72657894736842,0.00081,0.000781,0.001511,12.40499999999998,1
2969,12666,2025-01-21 14:11:22+00:00,2025-01-21 14:11:22+00:00,109.34000000000005,0.1514285714285713,52.398,118.95285714285716,39.64228571428573,41.26685714285713,1.4568571428571429,64.3322857142857,0.001074,0.001015,0.002227,12.75571428571427,1
2970,12685,2025-01-21 14:11:47+00:00,2025-01-21 14:11:47+00:00,212.4886842105264,0.1718421052631579,53.054473684210485,227.2786842105264,39.70657894736844,42.800263157894726,2.9313157894736843,61.75473684210528,0.001305,0.001421,0.003643,13.347894736842044,1
2971,12688,2025-01-21 14:11:51+00:00,2025-01-21 14:11:51+00:00,217.94805555555564,0.1727777777777779,53.07111111111112,233.09972222222223,39.57944444444444,42.65944444444443,3.048611111111112,61.40472222222223,0.001329,0.001472,0.003781,13.491666666666674,1
2972,12699,2025-01-21 14:12:05+00:00,2025-01-21 14:12:05+00:00,202.90972972972975,0.1783783783783783,53.57756756756756,218.22270270270263,39.556486486486456,42.568918918918925,2.7594594594594595,61.71297297297298,0.001298,0.001339,0.003415,14.0210810810811,1
2973,12713,2025-01-21 14:12:23+00:00,2025-01-21 14:12:23+00:00,124.96911764705884,0.1782352941176471,53.97882352941177,136.37558823529412,39.70323529411765,41.84558823529412,1.6614705882352927,64.12647058823534,0.001035,0.001039,0.00233,14.275588235294116,1
2974,12717,2025-01-21 14:12:29+00:00,2025-01-21 14:12:29+00:00,94.33710526315782,0.1263157894736842,53.538947368421056,103.21263157894737,39.64184210526313,41.29631578947368,1.3213157894736836,64.47763157894735,0.00103,0.000958,0.00211,13.897105263157924,1
2975,12723,2025-01-21 14:12:37+00:00,2025-01-21 14:12:37+00:00,57.0563888888889,0.1025,53.03222222222221,64.24583333333334,39.65777777777779,40.63444444444448,0.3688888888888888,65.24333333333331,0.000799,0.000795,0.001553,13.37444444444442,1
2976,12729,2025-01-21 14:12:44+00:00,2025-01-21 14:12:44+00:00,33.07657142857145,0.1271428571428571,52.77685714285716,39.739714285714285,39.72314285714288,40.30257142857143,0.2805714285714286,65.75285714285714,0.000694,0.000694,0.001225,13.053714285714284,1
2977,12748,2025-01-21 14:13:09+00:00,2025-01-21 14:13:09+00:00,48.949166666666684,0.1199999999999999,52.29555555555553,54.660277777777765,39.72500000000002,40.36416666666668,0.28,65.49416666666667,0.000746,0.000755,0.00133,12.570555555555508,1
2978,12839,2025-01-21 14:15:10+00:00,2025-01-21 14:15:10+00:00,52.51756756756758,0.1116216216216216,52.384324324324325,58.004864864864885,39.790270270270256,40.71270270270271,0.2813513513513513,65.53945945945947,0.000737,0.000738,0.001373,12.59405405405407,1
2979,12843,2025-01-21 14:15:15+00:00,2025-01-21 14:15:15+00:00,74.15888888888888,0.1452777777777778,52.33472222222225,80.83138888888885,39.75194444444443,40.73944444444445,1.0538888888888889,64.90527777777777,0.000853,0.000841,0.001619,12.582777777777814,1
2980,12864,2025-01-21 14:15:44+00:00,2025-01-21 14:15:44+00:00,205.59000000000003,0.1738888888888888,52.706666666666656,219.10972222222227,39.75388888888889,42.49500000000001,2.7888888888888888,61.7225,0.001248,0.001382,0.003313,12.952777777777769,1
2981,12868,2025-01-21 14:15:49+00:00,2025-01-21 14:15:49+00:00,215.29891891891887,0.1859459459459459,53.00513513513514,231.3172972972974,39.72756756756758,42.73432432432431,2.994324324324324,61.30243243243241,0.001295,0.001439,0.003573,13.27756756756756,1
2982,12885,2025-01-21 14:16:11+00:00,2025-01-21 14:16:11+00:00,184.21555555555557,0.1833333333333333,54.09388888888888,198.72777777777776,39.881388888888864,42.85944444444445,2.4347222222222222,62.64722222222224,0.001167,0.001227,0.002809,14.21250000000002,1
2983,12901,2025-01-21 14:16:32+00:00,2025-01-21 14:16:32+00:00,80.37538461538463,0.1374358974358974,53.59666666666666,88.7038461538462,39.89564102564102,41.251794871794885,1.15974358974359,64.99692307692304,0.000963,0.000894,0.001754,13.701025641025636,1
2984,12907,2025-01-21 14:16:40+00:00,2025-01-21 14:16:40+00:00,46.78114285714285,0.1571428571428571,52.93085714285716,54.3262857142857,39.81685714285714,40.58057142857143,0.2831428571428571,65.40657142857141,0.000763,0.000724,0.00132,13.11400000000002,1
2985,12939,2025-01-21 14:17:22+00:00,2025-01-21 14:17:22+00:00,107.6534375,0.13375,52.38531249999999,115.47124999999998,39.84156250000003,41.28687500000001,1.4384374999999998,64.1953125,0.001193,0.001026,0.003357,12.54374999999996,1
2986,12948,2025-01-21 14:17:34+00:00,2025-01-21 14:17:34+00:00,167.085,0.1366666666666666,52.32694444444444,179.53361111111118,39.84083333333332,41.83027777777777,2.191388888888889,62.48222222222223,0.001122,0.001181,0.00251,12.48611111111112,1
2987,12958,2025-01-21 14:17:47+00:00,2025-01-21 14:17:47+00:00,211.51371428571431,0.1754285714285714,52.953428571428574,227.26514285714276,39.86428571428569,42.76885714285714,2.929714285714286,61.56571428571429,0.001183,0.001387,0.003049,13.089142857142882,1
2988,12963,2025-01-21 14:17:54+00:00,2025-01-21 14:17:54+00:00,220.7827272727272,0.1663636363636363,53.60787878787878,234.2984848484849,39.90939393939394,43.1739393939394,3.09,61.20454545454543,0.00122,0.001459,0.00314,13.698484848484838,1
2989,12966,2025-01-21 14:17:58+00:00,2025-01-21 14:17:58+00:00,216.67823529411768,0.2023529411764706,53.80352941176472,233.58882352941183,39.95500000000001,43.24970588235293,3.0679411764705864,61.60970588235291,0.001216,0.001431,0.003142,13.848529411764702,1
2990,12971,2025-01-21 14:18:04+00:00,2025-01-21 14:18:04+00:00,207.512972972973,0.1621621621621621,54.01702702702703,221.97189189189191,39.92648648648649,43.12567567567566,2.8640540540540527,61.68162162162163,0.001193,0.001348,0.002949,14.090540540540538,1
2991,12979,2025-01-21 14:18:15+00:00,2025-01-21 14:18:15+00:00,166.7434285714286,0.1371428571428571,53.762285714285696,179.69657142857147,39.84142857142854,42.27742857142859,2.1765714285714286,62.45628571428573,0.00109,0.001165,0.002557,13.92085714285716,1
2992,12990,2025-01-21 14:18:29+00:00,2025-01-21 14:18:29+00:00,95.29457142857144,0.1514285714285715,53.81085714285713,105.53114285714284,39.93285714285716,41.55742857142859,1.343714285714286,64.562,0.000998,0.000942,0.001996,13.877999999999972,1
2993,13001,2025-01-21 14:18:44+00:00,2025-01-21 14:18:44+00:00,34.39114285714286,0.1431428571428571,53.20485714285714,41.664,40.0074285714286,40.75485714285715,0.2877142857142856,66.03971428571428,0.000704,0.000694,0.001227,13.197428571428546,1
2994,13015,2025-01-21 14:19:02+00:00,2025-01-21 14:19:02+00:00,26.772702702702706,0.111081081081081,52.17351351351354,32.14162162162163,39.84243243243242,40.11216216216216,0.2799999999999999,65.82054054054053,0.000658,0.000675,0.001147,12.331081081081123,1
2995,13070,2025-01-21 14:20:15+00:00,2025-01-21 14:20:15+00:00,166.63710526315788,0.1610526315789474,54.155,180.6418421052632,39.98999999999999,42.71210526315788,2.1815789473684206,63.12526315789476,0.001071,0.001168,0.002549,14.165000000000006,1
2996,13086,2025-01-21 14:20:36+00:00,2025-01-21 14:20:36+00:00,63.71388888888888,0.0974999999999999,53.44388888888892,71.14277777777782,39.99416666666668,41.11916666666664,0.9708333333333335,65.25611111111111,0.000833,0.000842,0.001571,13.449722222222242,1
2997,13095,2025-01-21 14:20:48+00:00,2025-01-21 14:20:48+00:00,25.85228571428572,0.1188571428571428,52.538571428571416,30.921142857142858,39.88457142857145,40.18599999999997,0.2814285714285714,65.70485714285716,0.000712,0.000687,0.001121,12.653999999999968,1
2998,13097,2025-01-21 14:20:51+00:00,2025-01-21 14:20:51+00:00,21.374324324324323,0.1145945945945945,52.7708108108108,26.377297297297297,40.04513513513514,40.45756756756754,0.2827027027027026,66.25297297297298,0.000685,0.000728,0.001145,12.725675675675651,1
2999,13105,2025-01-21 14:21:01+00:00,2025-01-21 14:21:01+00:00,24.494999999999983,0.1075,52.6186111111111,30.15638888888889,40.01277777777777,40.50166666666665,0.2822222222222221,66.23722222222223,0.000708,0.000673,0.001077,12.60583333333333,1
3000,13116,2025-01-21 14:21:16+00:00,2025-01-21 14:21:16+00:00,74.7628571428571,0.1177142857142857,52.45999999999997,82.07800000000003,40.00342857142857,40.917142857142856,1.0831428571428572,65.03742857142856,0.000875,0.000824,0.001594,12.4565714285714,1
3001,13117,2025-01-21 14:21:17+00:00,2025-01-21 14:21:17+00:00,81.81486486486489,0.16,52.456756756756775,88.67702702702705,39.99000000000001,40.94756756756757,1.1359459459459456,64.61216216216212,0.000964,0.000879,0.001715,12.466756756756766,1
3002,13119,2025-01-21 14:21:20+00:00,2025-01-21 14:21:20+00:00,95.2380555555556,0.1263888888888889,52.351666666666674,103.61666666666665,39.93055555555557,40.99944444444444,1.3141666666666667,64.29888888888888,0.000983,0.000931,0.001925,12.42111111111111,1
3003,13120,2025-01-21 14:21:21+00:00,2025-01-21 14:21:21+00:00,100.2588235294118,0.1252941176470588,52.53558823529413,108.11088235294116,39.98911764705883,41.2985294117647,1.3770588235294117,64.52794117647056,0.001057,0.000969,0.002012,12.546470588235294,1
3004,13121,2025-01-21 14:21:22+00:00,2025-01-21 14:21:22+00:00,105.73846153846156,0.1341025641025642,52.5551282051282,113.75717948717946,39.99179487179488,41.33076923076922,1.4323076923076925,64.14615384615382,0.001045,0.000985,0.002097,12.563333333333318,1
3005,13136,2025-01-21 14:21:42+00:00,2025-01-21 14:21:42+00:00,197.91000000000005,0.1642857142857142,53.07714285714287,211.5877142857143,40.032285714285706,42.78771428571427,2.6634285714285717,62.07085714285717,0.001193,0.001304,0.002993,13.04485714285716,1
3006,13138,2025-01-21 14:21:44+00:00,2025-01-21 14:21:44+00:00,204.88702702702705,0.1835135135135136,52.84135135135136,217.75405405405405,39.926486486486496,42.65513513513515,2.7870270270270283,61.5318918918919,0.001195,0.001338,0.00309,12.91486486486486,1
3007,13151,2025-01-21 14:22:01+00:00,2025-01-21 14:22:01+00:00,214.9660000000001,0.2019999999999999,53.736571428571445,230.53714285714287,39.9557142857143,43.08485714285713,2.9988571428571427,61.59257142857143,0.00122,0.001403,0.003165,13.780857142857144,1
3008,13152,2025-01-21 14:22:03+00:00,2025-01-21 14:22:03+00:00,209.1232432432432,0.174054054054054,53.92081081081079,225.52162162162165,39.96081081081081,43.15702702702703,2.922432432432432,61.3718918918919,0.001209,0.001364,0.003132,13.959999999999972,1
3009,13160,2025-01-21 14:22:13+00:00,2025-01-21 14:22:13+00:00,177.3522857142857,0.1491428571428571,54.15599999999999,190.972,40.01514285714285,42.77999999999999,2.348,62.45885714285714,0.001131,0.001191,0.002691,14.140857142857136,1
3010,13161,2025-01-21 14:22:15+00:00,2025-01-21 14:22:15+00:00,169.52000000000004,0.1416216216216217,53.94297297297295,181.3624324324324,39.953783783783805,42.48054054054053,2.2083783783783786,62.738648648648656,0.001119,0.001171,0.002631,13.98918918918914,1
3011,13167,2025-01-21 14:22:22+00:00,2025-01-21 14:22:22+00:00,134.5688888888889,0.1408333333333333,54.2233333333333,145.23777777777775,40.09749999999998,42.42861111111113,1.7694444444444444,63.981666666666655,0.00105,0.001079,0.002295,14.125833333333318,1
3012,13185,2025-01-21 14:22:46+00:00,2025-01-21 14:22:46+00:00,29.842051282051287,0.1187179487179487,52.71589743589743,36.25102564102564,39.93717948717949,40.38512820512819,0.281025641025641,65.85076923076922,0.000722,0.000715,0.001179,12.778717948717931,1
3013,13205,2025-01-21 14:23:12+00:00,2025-01-21 14:23:12+00:00,56.47421052631579,0.1423684210526315,52.330263157894734,62.96894736842109,39.92184210526317,40.538684210526334,0.4652631578947369,65.18,0.000781,0.00078,0.001403,12.408421052631567,1
3014,13222,2025-01-21 14:23:35+00:00,2025-01-21 14:23:35+00:00,169.56918918918913,0.1856756756756757,52.53891891891894,183.31297297297291,39.94486486486488,42.01000000000001,2.2332432432432427,62.29378378378378,0.001104,0.001184,0.002718,12.594054054054062,1
3015,13225,2025-01-21 14:23:38+00:00,2025-01-21 14:23:38+00:00,183.8397058823529,0.1879411764705883,53.02205882352941,195.6850000000001,40.02970588235296,42.69058823529412,2.430882352941175,62.54735294117648,0.001162,0.001245,0.002902,12.99235294117645,1
3016,13227,2025-01-21 14:23:41+00:00,2025-01-21 14:23:41+00:00,194.10514285714285,0.1585714285714285,52.657428571428575,207.6354285714286,39.93657142857145,42.47114285714282,2.608000000000001,61.81542857142857,0.001197,0.001301,0.003028,12.720857142857128,1
3017,13228,2025-01-21 14:23:42+00:00,2025-01-21 14:23:42+00:00,197.522,0.1997142857142857,52.88085714285713,210.84314285714285,39.94914285714288,42.624,2.660857142857143,61.88085714285715,0.00119,0.001337,0.003075,12.931714285714255,1
3018,13229,2025-01-21 14:23:44+00:00,2025-01-21 14:23:44+00:00,203.6024324324324,0.1843243243243242,53.16513513513512,217.70729729729732,39.99405405405406,42.89756756756754,2.7521621621621635,61.80891891891891,0.001206,0.001335,0.003095,13.171081081081056,1
3019,13257,2025-01-21 14:24:22+00:00,2025-01-21 14:24:22+00:00,135.20864864864868,0.1521621621621622,53.86648648648647,147.247027027027,39.92081081081082,42.0227027027027,1.7805405405405417,63.50729729729735,0.001046,0.001088,0.002385,13.945675675675652,1
3020,13271,2025-01-21 14:24:40+00:00,2025-01-21 14:24:40+00:00,48.108823529411765,0.1047058823529412,53.32117647058824,54.93558823529412,39.97882352941178,40.92558823529413,0.2852941176470587,65.45352941176468,0.000763,0.000746,0.00138,13.34235294117645,1
3021,13281,2025-01-21 14:24:53+00:00,2025-01-21 14:24:53+00:00,19.61515151515152,0.103030303030303,52.471818181818165,24.189696969696968,39.906969696969696,40.19727272727274,0.2800000000000001,66.03181818181815,0.000663,0.000673,0.001115,12.564848484848469,1
3022,13293,2025-01-21 14:25:09+00:00,2025-01-21 14:25:09+00:00,45.668055555555576,0.1158333333333333,52.244166666666686,50.61277777777779,39.937500000000014,40.517499999999984,0.2836111111111111,65.5088888888889,0.000773,0.000735,0.001283,12.306666666666672,1
3023,13299,2025-01-21 14:25:17+00:00,2025-01-21 14:25:17+00:00,79.10666666666665,0.1351515151515152,52.30090909090911,85.58303030303033,39.89666666666668,40.75424242424242,1.1251515151515143,64.39999999999999,0.00091,0.000877,0.001676,12.404242424242426,1
3024,13301,2025-01-21 14:25:19+00:00,2025-01-21 14:25:19+00:00,88.76799999999997,0.129142857142857,52.36571428571427,95.5574285714286,39.92600000000001,40.91914285714285,1.2322857142857149,64.45685714285713,0.000984,0.000925,0.001883,12.43971428571426,1
3025,13302,2025-01-21 14:25:21+00:00,2025-01-21 14:25:21+00:00,99.46363636363635,0.1327272727272727,52.579090909090894,107.20515151515151,39.97636363636365,41.15272727272727,1.3575757575757574,64.12575757575758,0.001018,0.00096,0.001989,12.602727272727243,1
3026,13308,2025-01-21 14:25:29+00:00,2025-01-21 14:25:29+00:00,140.23393939393938,0.1563636363636364,52.50303030303031,150.24727272727273,39.92151515151516,41.67818181818181,1.8163636363636368,63.31969696969699,0.001057,0.001112,0.002401,12.581515151515148,1
3027,13315,2025-01-21 14:25:38+00:00,2025-01-21 14:25:38+00:00,181.4640540540541,0.1721621621621622,52.67729729729733,194.3124324324325,39.91324324324325,42.278108108108086,2.411621621621621,62.18486486486489,0.001161,0.001224,0.002942,12.764054054054078,1
3028,13316,2025-01-21 14:25:39+00:00,2025-01-21 14:25:39+00:00,185.05166666666668,0.1608333333333333,52.72277777777778,198.51638888888888,39.922222222222224,42.3613888888889,2.464722222222222,62.17805555555554,0.001169,0.001254,0.002999,12.800555555555556,1
3029,13324,2025-01-21 14:25:50+00:00,2025-01-21 14:25:50+00:00,215.92794871794868,0.1641025641025641,53.35179487179488,230.35948717948716,39.99384615384614,43.10384615384616,3.0105128205128207,61.60179487179489,0.001264,0.001432,0.003507,13.357948717948736,1
3030,13332,2025-01-21 14:26:00+00:00,2025-01-21 14:26:00+00:00,216.4026470588235,0.1585294117647058,54.06294117647058,231.015294117647,40.02382352941177,43.3979411764706,3.0420588235294117,61.689705882352925,0.001278,0.001442,0.003496,14.03911764705881,1
3031,13334,2025-01-21 14:26:03+00:00,2025-01-21 14:26:03+00:00,209.34885714285724,0.1908571428571429,53.834285714285706,226.06,39.90000000000001,43.0142857142857,2.9408571428571446,61.42114285714285,0.001261,0.001397,0.003419,13.934285714285693,1
3032,13338,2025-01-21 14:26:08+00:00,2025-01-21 14:26:08+00:00,198.4083333333332,0.1727777777777778,53.89027777777777,212.47916666666669,39.89833333333335,42.83916666666666,2.672222222222222,61.79888888888888,0.001241,0.001296,0.003174,13.99194444444442,1
3033,13339,2025-01-21 14:26:09+00:00,2025-01-21 14:26:09+00:00,193.18857142857135,0.1828571428571429,53.95942857142856,208.7082857142858,39.91428571428572,42.77514285714287,2.614285714285713,62.13457142857144,0.001218,0.001269,0.003101,14.045142857142842,1
3034,13342,2025-01-21 14:26:13+00:00,2025-01-21 14:26:13+00:00,179.30918918918917,0.1748648648648648,53.960000000000015,192.29810810810812,39.89702702702704,42.61081081081082,2.3529729729729727,62.32297297297298,0.001184,0.001183,0.00291,14.062972972972972,1
3035,13359,2025-01-21 14:26:35+00:00,2025-01-21 14:26:35+00:00,69.91666666666669,0.1027272727272727,53.37121212121211,76.69454545454549,39.93242424242423,41.02272727272728,1.0436363636363633,65.03060606060605,0.000851,0.000832,0.00163,13.438787878787878,1
3036,13367,2025-01-21 14:26:46+00:00,2025-01-21 14:26:46+00:00,30.836153846153845,0.113076923076923,53.22923076923077,36.73307692307692,40.02717948717948,40.687435897435904,0.2812820512820512,66.05435897435899,0.000711,0.000682,0.001185,13.202051282051286,1
3037,13375,2025-01-21 14:26:56+00:00,2025-01-21 14:26:56+00:00,19.995757575757565,0.1306060606060606,52.80878787878787,23.922121212121212,40.03272727272727,40.40515151515151,0.2800000000000001,66.38696969696971,0.000669,0.00074,0.001108,12.776060606060597,1
3038,13377,2025-01-21 14:26:59+00:00,2025-01-21 14:26:59+00:00,21.987941176470585,0.1197058823529411,52.29323529411764,25.430588235294124,39.88264705882352,40.0720588235294,0.28,65.92852941176473,0.000695,0.000695,0.0011,12.41058823529412,1
3039,13386,2025-01-21 14:27:11+00:00,2025-01-21 14:27:11+00:00,52.04131578947371,0.1405263157894737,52.459473684210536,57.76578947368422,39.95947368421052,40.63078947368421,0.2852631578947367,65.45605263157893,0.000752,0.000739,0.001361,12.500000000000014,1
3040,13398,2025-01-21 14:27:27+00:00,2025-01-21 14:27:27+00:00,129.3402702702703,0.1337837837837837,52.77351351351353,138.54567567567574,39.99486486486488,41.77432432432435,1.694054054054054,63.80567567567566,0.001023,0.001068,0.002256,12.778648648648648,1
3041,13416,2025-01-21 14:27:50+00:00,2025-01-21 14:27:50+00:00,216.1091666666667,0.2033333333333333,53.09333333333335,230.1555555555556,39.8613888888889,42.84333333333335,3.002777777777778,61.29777777777775,0.001278,0.001476,0.003464,13.231944444444451,1
3042,13419,2025-01-21 14:27:54+00:00,2025-01-21 14:27:54+00:00,218.26558823529413,0.145,53.2676470588235,234.935,39.82911764705885,42.83794117647058,3.1091176470588247,61.01029411764706,0.001296,0.001492,0.003592,13.438529411764648,1
3043,13420,2025-01-21 14:27:55+00:00,2025-01-21 14:27:55+00:00,219.32228571428573,0.2125714285714286,53.45685714285715,235.6528571428572,39.87600000000002,43.04999999999999,3.131142857142859,61.14599999999998,0.00127,0.00147,0.003624,13.580857142857134,1
3044,13424,2025-01-21 14:28:01+00:00,2025-01-21 14:28:01+00:00,214.2119444444444,0.1833333333333333,53.708611111111125,229.7347222222222,39.86527777777779,42.97916666666666,3.002499999999999,61.56666666666667,0.001269,0.001428,0.003525,13.843333333333334,1
3045,13433,2025-01-21 14:28:12+00:00,2025-01-21 14:28:12+00:00,183.15882352941176,0.13,54.2385294117647,196.62294117647056,39.93117647058824,42.83470588235292,2.4305882352941177,62.62323529411766,0.001174,0.001227,0.002996,14.30735294117646,1
3046,13434,2025-01-21 14:28:14+00:00,2025-01-21 14:28:14+00:00,176.19102564102556,0.1671794871794872,53.94641025641024,188.6710256410256,39.85358974358973,42.45923076923079,2.3005128205128216,62.3479487179487,0.00114,0.001179,0.002906,14.09282051282051,1
3047,13453,2025-01-21 14:28:39+00:00,2025-01-21 14:28:39+00:00,53.75771428571427,0.132,53.28942857142856,61.82828571428572,39.90228571428572,40.78971428571427,0.3097142857142856,65.20942857142857,0.000788,0.000748,0.001451,13.38714285714284,1
3048,13462,2025-01-21 14:28:50+00:00,2025-01-21 14:28:50+00:00,22.775428571428574,0.118,52.46257142857142,28.647428571428573,39.78599999999998,39.9782857142857,0.2848571428571427,65.60485714285717,0.000687,0.000672,0.001107,12.676571428571442,1
3049,13488,2025-01-21 14:29:24+00:00,2025-01-21 14:29:24+00:00,113.3787096774194,0.1664516129032258,52.589677419354814,122.73129032258063,39.91096774193549,41.37612903225809,1.5041935483870972,64.11354838709677,0.001112,0.001044,0.0023,12.678709677419327,1
3050,13499,2025-01-21 14:29:39+00:00,2025-01-21 14:29:39+00:00,185.0392307692308,0.1594871794871795,52.96153846153849,196.84230769230768,39.87999999999997,42.49282051282052,2.451538461538461,62.60512820512824,0.001205,0.001254,0.003064,13.08153846153852,1
3051,13506,2025-01-21 14:29:48+00:00,2025-01-21 14:29:48+00:00,211.47388888888884,0.1677777777777777,53.02583333333333,225.77138888888885,39.80166666666665,42.678611111111096,2.921666666666668,61.69833333333333,0.00126,0.001413,0.003399,13.224166666666685,1
3052,13514,2025-01-21 14:29:59+00:00,2025-01-21 14:29:59+00:00,217.60771428571437,0.1725714285714285,53.9645714285714,232.79457142857143,39.89342857142859,43.255428571428574,3.0685714285714267,61.70971428571426,0.001298,0.001464,0.003599,14.07114285714281,1
3053,13515,2025-01-21 14:30:00+00:00,2025-01-21 14:30:00+00:00,215.1526315789475,0.1826315789473684,53.87394736842106,232.2747368421053,39.83631578947367,43.03894736842105,3.0421052631578966,61.402105263157885,0.001285,0.001443,0.003522,14.037631578947384,1
3054,13529,2025-01-21 14:30:18+00:00,2025-01-21 14:30:18+00:00,157.86314285714278,0.1297142857142857,53.88685714285715,170.64714285714282,39.78514285714284,42.150857142857134,2.0391428571428576,63.13685714285715,0.001113,0.001167,0.002642,14.101714285714316,1
3055,13549,2025-01-21 14:30:44+00:00,2025-01-21 14:30:44+00:00,36.77342105263157,0.1126315789473683,52.874736842105264,42.11315789473685,39.77815789473682,40.37236842105264,0.284736842105263,65.75394736842105,0.000691,0.00069,0.001232,13.096578947368442,1
3056,13554,2025-01-21 14:30:51+00:00,2025-01-21 14:30:51+00:00,22.38812500000001,0.1099999999999999,52.70812499999997,27.056874999999987,39.80374999999997,40.14749999999998,0.2806249999999998,65.92749999999998,0.000667,0.00066,0.001127,12.904375000000002,1
3057,13561,2025-01-21 14:31:00+00:00,2025-01-21 14:31:00+00:00,21.885277777777773,0.1205555555555555,52.52833333333334,25.6575,39.8322222222222,40.21694444444444,0.2844444444444443,66.30888888888889,0.000678,0.000685,0.001184,12.696111111111144,1
