,index,Index,Time,Applied torque,Pressure - leak line,Temperature - leak line,Pressure - output,Temperature - suction line,Temperature - output,Flow - leak line,Flow - output,Sensor 1,Sensor 2,Sensor 3,Temp. diff,stan
0,0,2024-01-04 08:37:58+00:00,2024-01-04 08:37:58+00:00,31.784062499999997,0.19375,33.872812499999974,43.91999999999997,24.188750000000017,24.59,0.2393750000000002,65.80187500000001,0.001053,0.000844,0.002469,9.684062499999955,0
1,1,2024-01-04 08:37:59+00:00,2024-01-04 08:37:59+00:00,26.428750000000026,0.1943750000000001,33.96062500000003,36.67718750000002,24.20906250000002,24.64750000000003,0.2375000000000002,66.1146875,0.001184,0.000712,0.00242,9.75156250000001,0
2,2,2024-01-04 08:38:00+00:00,2024-01-04 08:38:00+00:00,22.9746551724138,0.1812068965517241,33.99517241379311,32.7239655172414,24.207241379310364,24.681034482758605,0.2368965517241381,65.90844827586203,0.001028,0.000744,0.002316,9.787931034482742,0
3,3,2024-01-04 08:38:02+00:00,2024-01-04 08:38:02+00:00,20.45730158730158,0.1707936507936507,34.129523809523846,28.77142857142857,24.21952380952383,24.703650793650787,0.231746031746032,66.01650793650789,0.001185,0.000807,0.002343,9.910000000000014,0
4,4,2024-01-04 08:38:03+00:00,2024-01-04 08:38:03+00:00,19.980625,0.1771875,34.09687499999999,28.983437499999997,24.221875000000026,24.676250000000003,0.2325000000000003,66.014375,0.001104,0.000808,0.002342,9.874999999999968,0
5,5,2024-01-04 08:38:04+00:00,2024-01-04 08:38:04+00:00,19.98750000000001,0.1878125,34.1028125,29.87656249999999,24.23375000000001,24.67031250000003,0.2337500000000002,66.09062500000002,0.001051,0.000682,0.002291,9.869062499999988,0
6,6,2024-01-04 08:38:06+00:00,2024-01-04 08:38:06+00:00,20.05217391304348,0.188695652173913,34.13043478260869,29.21434782608696,24.259130434782605,24.68608695652174,0.2369565217391306,66.07956521739132,0.001065,0.000819,0.002298,9.871304347826085,0
7,7,2024-01-04 08:38:07+00:00,2024-01-04 08:38:07+00:00,20.293571428571436,0.1775,34.129999999999995,28.226071428571423,24.260357142857146,24.692499999999995,0.2346428571428573,66.23142857142857,0.001054,0.00064,0.002289,9.869642857142852,0
8,8,2024-01-04 08:38:08+00:00,2024-01-04 08:38:08+00:00,19.8996,0.1707999999999999,34.128,28.398000000000007,24.2696,24.6888,0.2340000000000001,66.0592,0.001194,0.000743,0.002235,9.858400000000003,0
9,9,2024-01-04 08:38:10+00:00,2024-01-04 08:38:10+00:00,20.05275862068965,0.1855172413793103,34.20655172413793,29.13413793103448,24.30655172413792,24.698620689655176,0.2334482758620691,66.2006896551724,0.000993,0.000725,0.002275,9.90000000000001,0
10,10,2024-01-04 08:38:11+00:00,2024-01-04 08:38:11+00:00,19.29833333333333,0.1804166666666666,34.156666666666666,28.927083333333343,24.30291666666666,24.71041666666667,0.2333333333333334,66.16458333333335,0.001114,0.000727,0.002243,9.853750000000003,0
11,11,2024-01-04 08:38:12+00:00,2024-01-04 08:38:12+00:00,20.26862068965518,0.1924137931034483,34.207931034482755,28.892758620689666,24.307931034482746,24.69482758620689,0.2317241379310346,65.97724137931034,0.00097,0.000628,0.002182,9.90000000000001,0
12,12,2024-01-04 08:38:13+00:00,2024-01-04 08:38:13+00:00,19.5415625,0.17625,34.222500000000004,28.62718750000001,24.3140625,24.74125,0.2350000000000001,65.83749999999999,0.001066,0.000762,0.002203,9.908437500000002,0
13,13,2024-01-04 08:38:15+00:00,2024-01-04 08:38:15+00:00,19.67375000000001,0.1871874999999999,34.26359375000001,29.168906250000017,24.33749999999997,24.760000000000005,0.2343750000000002,66.2740625,0.001075,0.000663,0.002219,9.926093750000042,0
14,14,2024-01-04 08:38:16+00:00,2024-01-04 08:38:16+00:00,19.647812499999997,0.175,34.30265624999999,28.48359375,24.350156249999973,24.765,0.2356250000000002,66.038125,0.001071,0.000733,0.002178,9.952500000000018,0
15,15,2024-01-04 08:38:17+00:00,2024-01-04 08:38:17+00:00,19.970468749999995,0.1734375,34.31296875000001,28.63093750000001,24.355937500000003,24.74890625,0.2354687500000002,65.95734375,0.001004,0.000779,0.002158,9.957031250000009,0
16,16,2024-01-04 08:38:19+00:00,2024-01-04 08:38:19+00:00,19.444062499999987,0.1864062499999999,34.328437499999986,29.007812500000007,24.392656250000027,24.791718749999987,0.2364062500000002,66.09781250000003,0.000999,0.000722,0.002219,9.93578124999996,0
17,17,2024-01-04 08:38:20+00:00,2024-01-04 08:38:20+00:00,19.96453125,0.1768750000000001,34.35140625,29.68749999999999,24.38187500000001,24.784531249999983,0.2356250000000002,66.15859375000002,0.001105,0.000666,0.002132,9.969531249999983,0
18,18,2024-01-04 08:38:21+00:00,2024-01-04 08:38:21+00:00,19.27896551724138,0.1670689655172414,34.40724137931035,28.337586206896564,24.38741379310347,24.80810344827585,0.2315517241379313,65.81948275862068,0.001087,0.000923,0.002086,10.01982758620688,0
19,19,2024-01-04 08:38:23+00:00,2024-01-04 08:38:23+00:00,21.442962962962955,0.182962962962963,34.4362962962963,30.25888888888889,24.417407407407403,24.847777777777782,0.2392592592592594,66.07703703703704,0.00101,0.000708,0.002155,10.018888888888895,0
20,20,2024-01-04 08:38:24+00:00,2024-01-04 08:38:24+00:00,22.29576923076923,0.18,34.4726923076923,30.40307692307692,24.411153846153844,24.876153846153844,0.2357692307692309,65.93115384615385,0.00105,0.000734,0.002086,10.061538461538454,0
21,21,2024-01-04 08:38:25+00:00,2024-01-04 08:38:25+00:00,22.80038461538462,0.1776923076923077,34.48346153846155,31.690000000000005,24.420384615384613,24.864999999999995,0.2365384615384616,65.76038461538464,0.001115,0.000754,0.002135,10.063076923076936,0
22,22,2024-01-04 08:38:27+00:00,2024-01-04 08:38:27+00:00,26.82769230769232,0.1830769230769231,34.56307692307692,36.14615384615385,24.42038461538461,24.93038461538461,0.2365384615384616,65.95038461538464,0.001129,0.000733,0.002209,10.142692307692313,0
23,23,2024-01-04 08:38:28+00:00,2024-01-04 08:38:28+00:00,28.358461538461544,0.1853846153846154,34.57884615384615,37.5426923076923,24.43961538461539,24.931923076923077,0.2400000000000001,65.93076923076923,0.001077,0.000705,0.002226,10.13923076923076,0
24,24,2024-01-04 08:38:29+00:00,2024-01-04 08:38:29+00:00,30.77413793103448,0.183103448275862,34.54965517241379,40.19448275862069,24.466896551724147,24.931724137931035,0.2355172413793105,65.71517241379311,0.001148,0.000697,0.002248,10.082758620689646,0
25,25,2024-01-04 08:38:31+00:00,2024-01-04 08:38:31+00:00,36.10285714285714,0.1946428571428571,34.70285714285715,46.40071428571429,24.486428571428576,25.05035714285714,0.2392857142857144,66.00464285714283,0.001127,0.000797,0.002356,10.216428571428573,0
26,26,2024-01-04 08:38:32+00:00,2024-01-04 08:38:32+00:00,38.2304,0.1916,34.74319999999999,48.524800000000006,24.4796,25.069599999999998,0.2400000000000001,65.73840000000001,0.001171,0.000789,0.002344,10.263599999999986,0
27,27,2024-01-04 08:38:33+00:00,2024-01-04 08:38:33+00:00,41.84666666666666,0.1903703703703703,34.7937037037037,52.64703703703704,24.473333333333336,25.117037037037026,0.2392592592592594,65.59629629629632,0.00124,0.000749,0.00247,10.320370370370362,0
28,28,2024-01-04 08:38:34+00:00,2024-01-04 08:38:34+00:00,45.485000000000014,0.1896153846153846,34.86307692307693,56.04692307692308,24.47269230769232,25.20230769230769,0.2384615384615385,65.50615384615384,0.001163,0.000805,0.002465,10.390384615384615,0
29,29,2024-01-04 08:38:36+00:00,2024-01-04 08:38:36+00:00,52.23399999999999,0.178,35.02199999999999,63.143999999999984,24.5024,25.267599999999995,0.2376000000000001,65.38400000000001,0.001243,0.000802,0.002676,10.519599999999992,0
30,30,2024-01-04 08:38:37+00:00,2024-01-04 08:38:37+00:00,57.18655172413792,0.1924137931034482,35.0455172413793,67.9037931034483,24.50862068965517,25.3044827586207,0.240344827586207,65.57793103448277,0.001258,0.00085,0.002641,10.53689655172413,0
31,31,2024-01-04 08:38:38+00:00,2024-01-04 08:38:38+00:00,61.517857142857146,0.1985714285714286,35.077857142857155,72.68785714285715,24.51178571428571,25.348571428571425,0.2335714285714287,65.33,0.001335,0.000857,0.002779,10.566071428571444,0
32,32,2024-01-04 08:38:40+00:00,2024-01-04 08:38:40+00:00,70.34772727272725,0.2004545454545454,35.247272727272744,81.90909090909089,24.52045454545454,25.53681818181818,0.2395454545454546,65.34363636363634,0.001308,0.000849,0.00296,10.726818181818205,0
33,33,2024-01-04 08:38:41+00:00,2024-01-04 08:38:41+00:00,74.30249999999998,0.1899999999999999,35.311249999999994,86.30708333333331,24.528333333333325,25.595833333333328,0.2370833333333334,64.73708333333333,0.001395,0.000902,0.003044,10.782916666666669,0
34,34,2024-01-04 08:38:42+00:00,2024-01-04 08:38:42+00:00,79.46576923076921,0.2192307692307693,35.399999999999984,91.6803846153846,24.536923076923067,25.679615384615374,0.2388461538461539,65.31192307692307,0.00139,0.000862,0.003141,10.863076923076918,0
35,35,2024-01-04 08:38:44+00:00,2024-01-04 08:38:44+00:00,89.15724137931035,0.193103448275862,35.495862068965515,101.07689655172412,24.536896551724134,25.79689655172414,0.2358620689655174,64.7689655172414,0.00143,0.000886,0.003335,10.95896551724138,0
36,36,2024-01-04 08:38:45+00:00,2024-01-04 08:38:45+00:00,93.47233333333332,0.2140000000000001,35.55200000000001,106.582,24.573333333333338,25.858333333333334,0.2400000000000001,64.93266666666665,0.001564,0.000926,0.003915,10.978666666666667,0
37,37,2024-01-04 08:38:46+00:00,2024-01-04 08:38:46+00:00,99.40038461538464,0.2115384615384616,35.63653846153846,112.65538461538462,24.58423076923077,25.981538461538467,0.2411538461538462,64.50346153846152,0.00155,0.000926,0.004059,11.052307692307686,0
38,38,2024-01-04 08:38:48+00:00,2024-01-04 08:38:48+00:00,109.36791666666667,0.1924999999999999,35.76291666666667,123.08583333333335,24.597916666666663,26.13833333333333,0.2358333333333333,64.59416666666668,0.001622,0.000943,0.004164,11.165000000000004,0
39,39,2024-01-04 08:38:49+00:00,2024-01-04 08:38:49+00:00,114.40074074074072,0.2014814814814814,35.8137037037037,128.8322222222222,24.622962962962955,26.20222222222222,0.2396296296296297,64.42703703703705,0.001619,0.000956,0.00428,11.190740740740749,0
40,40,2024-01-04 08:38:50+00:00,2024-01-04 08:38:50+00:00,119.74208333333333,0.20875,35.874583333333334,134.37083333333337,24.639166666666664,26.30041666666666,0.2933333333333333,64.43333333333332,0.00164,0.00097,0.004393,11.23541666666667,0
41,41,2024-01-04 08:38:52+00:00,2024-01-04 08:38:52+00:00,130.6076,0.2232,36.06639999999998,144.95519999999996,24.656400000000005,26.450400000000005,0.9696000000000002,64.3132,0.001578,0.000973,0.004584,11.409999999999975,0
42,42,2024-01-04 08:38:53+00:00,2024-01-04 08:38:53+00:00,135.49925925925922,0.2274074074074075,36.18148148148147,151.0462962962963,24.69037037037039,26.53962962962963,1.0103703703703706,63.97740740740743,0.00161,0.001007,0.004763,11.49111111111108,0
43,43,2024-01-04 08:38:54+00:00,2024-01-04 08:38:54+00:00,140.37130434782608,0.2213043478260869,36.329130434782606,156.7530434782609,24.700434782608696,26.638695652173915,1.0582608695652171,63.88130434782611,0.001713,0.001039,0.004838,11.62869565217391,0
44,44,2024-01-04 08:38:55+00:00,2024-01-04 08:38:55+00:00,145.34275862068966,0.2293103448275862,36.39931034482759,161.70103448275862,24.715517241379317,26.732068965517243,1.1044827586206891,63.80413793103449,0.001697,0.000969,0.005077,11.683793103448275,0
45,45,2024-01-04 08:38:57+00:00,2024-01-04 08:38:57+00:00,155.128,0.2228,36.51520000000001,171.94799999999998,24.7292,26.908400000000007,1.212,63.32719999999999,0.001771,0.001035,0.005272,11.786000000000003,0
46,46,2024-01-04 08:38:58+00:00,2024-01-04 08:38:58+00:00,161.18892857142856,0.2271428571428572,36.59357142857143,176.79285714285717,24.743571428571435,26.97428571428572,1.2832142857142854,63.68321428571428,0.001807,0.000997,0.005521,11.849999999999994,0
47,47,2024-01-04 08:38:59+00:00,2024-01-04 08:38:59+00:00,164.96481481481482,0.2325925925925926,36.73074074074074,181.2592592592593,24.74037037037037,27.084074074074078,1.3125925925925923,63.48777777777778,0.001865,0.001022,0.005634,11.990370370370371,0
48,48,2024-01-04 08:39:01+00:00,2024-01-04 08:39:01+00:00,174.11708333333328,0.2320833333333334,36.832916666666655,191.3141666666667,24.76791666666666,27.16708333333334,1.4029166666666668,63.32916666666668,0.001915,0.001012,0.005889,12.064999999999994,0
49,49,2024-01-04 08:39:02+00:00,2024-01-04 08:39:02+00:00,178.41583333333332,0.2304166666666668,36.93708333333334,195.7083333333333,24.775416666666658,27.255416666666655,1.4483333333333333,63.11291666666668,0.00187,0.000999,0.006003,12.161666666666685,0
50,50,2024-01-04 08:39:03+00:00,2024-01-04 08:39:03+00:00,182.19159999999997,0.2372,37.03320000000001,199.7676,24.770799999999998,27.336,1.4884,62.99799999999999,0.001967,0.000981,0.006107,12.262400000000014,0
51,51,2024-01-04 08:39:05+00:00,2024-01-04 08:39:05+00:00,191.12458333333336,0.2420833333333333,37.15791666666666,209.03541666666675,24.77,27.477499999999992,1.5850000000000009,62.94750000000001,0.001904,0.001039,0.006231,12.387916666666662,0
52,52,2024-01-04 08:39:07+00:00,2024-01-04 08:39:07+00:00,197.52692307692308,0.2403846153846154,37.356923076923074,215.62730769230768,24.783846153846152,27.595384615384617,1.6492307692307686,62.71076923076924,0.001999,0.001033,0.006455,12.573076923076922,0
53,53,2024-01-04 08:39:35+00:00,2024-01-04 08:39:35+00:00,191.02750000000003,0.2429166666666666,39.70875,209.6087499999999,25.00458333333333,28.06333333333333,1.6987500000000004,62.998333333333335,0.001982,0.000984,0.006309,14.704166666666666,0
54,54,2024-01-04 08:39:36+00:00,2024-01-04 08:39:36+00:00,186.4971999999999,0.2155999999999999,39.73680000000001,205.2692,25.0068,28.046,1.6715999999999993,62.9416,0.001945,0.00103,0.006141,14.730000000000013,0
55,55,2024-01-04 08:39:37+00:00,2024-01-04 08:39:37+00:00,183.0236363636363,0.2300000000000001,39.77454545454545,201.05590909090907,25.02318181818181,27.978181818181813,1.6340909090909086,63.30272727272727,0.001919,0.001064,0.006008,14.751363636363642,0
56,56,2024-01-04 08:39:39+00:00,2024-01-04 08:39:39+00:00,174.0081481481482,0.2262962962962964,39.77703703703703,192.29259259259263,25.05370370370369,27.88,1.5470370370370372,63.252592592592585,0.001832,0.001063,0.005872,14.723333333333336,0
57,57,2024-01-04 08:39:40+00:00,2024-01-04 08:39:40+00:00,170.94291666666663,0.2162500000000001,39.79416666666666,187.6625,25.04416666666665,27.826666666666668,1.417916666666667,63.50083333333333,0.001819,0.001008,0.005693,14.750000000000009,0
58,58,2024-01-04 08:39:41+00:00,2024-01-04 08:39:41+00:00,164.7076,0.2252,39.833200000000005,181.9052,25.0416,27.7784,1.3516000000000004,63.41640000000003,0.001744,0.000958,0.005663,14.791600000000006,0
59,59,2024-01-04 08:39:43+00:00,2024-01-04 08:39:43+00:00,155.16920000000005,0.2168,39.858,172.03999999999996,25.056400000000004,27.710000000000004,1.3151999999999997,63.734800000000014,0.001735,0.001049,0.005454,14.8016,0
60,60,2024-01-04 08:39:44+00:00,2024-01-04 08:39:44+00:00,150.8608695652174,0.2226086956521739,39.76695652173913,168.28739130434784,25.057391304347828,27.599565217391294,1.2860869565217394,63.98434782608698,0.001696,0.00108,0.005223,14.709565217391305,0
61,61,2024-01-04 08:39:45+00:00,2024-01-04 08:39:45+00:00,145.56519999999998,0.2204000000000001,39.806,162.3492,25.0548,27.56599999999999,1.2351999999999996,63.744799999999984,0.001566,0.00094,0.00504,14.7512,0
62,62,2024-01-04 08:39:47+00:00,2024-01-04 08:39:47+00:00,135.61791666666667,0.2225000000000001,39.76291666666668,151.84416666666667,25.101250000000007,27.446666666666676,1.1558333333333335,63.98749999999998,0.001731,0.000997,0.004912,14.661666666666669,0
63,63,2024-01-04 08:39:48+00:00,2024-01-04 08:39:48+00:00,130.34777777777776,0.2077777777777777,39.82185185185185,146.12555555555554,25.120370370370363,27.3962962962963,1.1092592592592596,63.96851851851849,0.001541,0.001018,0.004674,14.701481481481483,0
64,64,2024-01-04 08:39:49+00:00,2024-01-04 08:39:49+00:00,124.35346153846154,0.2046153846153847,39.799615384615386,140.0823076923077,25.12961538461538,27.327692307692303,1.0626923076923078,64.26499999999999,0.001622,0.000992,0.004844,14.670000000000003,0
65,65,2024-01-04 08:39:50+00:00,2024-01-04 08:39:50+00:00,119.14625000000002,0.1970833333333333,39.7675,134.61833333333337,25.15041666666667,27.25125,1.0145833333333334,64.27333333333335,0.001571,0.000988,0.004722,14.61708333333333,0
66,66,2024-01-04 08:39:52+00:00,2024-01-04 08:39:52+00:00,109.36291666666666,0.1941666666666667,39.69958333333332,124.20749999999998,25.156250000000004,27.15666666666667,0.949166666666667,64.11874999999999,0.001573,0.001041,0.004501,14.54333333333332,0
67,67,2024-01-04 08:39:53+00:00,2024-01-04 08:39:53+00:00,104.41291666666665,0.2041666666666667,39.71083333333334,118.6429166666667,25.143333333333327,27.08291666666666,0.9166666666666666,64.76958333333336,0.001596,0.001074,0.004335,14.567500000000011,0
68,68,2024-01-04 08:39:54+00:00,2024-01-04 08:39:54+00:00,98.70615384615388,0.1984615384615385,39.656923076923086,113.12961538461542,25.17576923076924,26.984230769230773,0.5726923076923076,64.60769230769232,0.001606,0.0011,0.004235,14.481153846153845,0
69,69,2024-01-04 08:39:56+00:00,2024-01-04 08:39:56+00:00,89.26678571428569,0.2007142857142858,39.59857142857145,102.18642857142854,25.18321428571428,26.85142857142858,0.237857142857143,64.83464285714282,0.001465,0.001101,0.004122,14.415357142857165,0
70,70,2024-01-04 08:39:57+00:00,2024-01-04 08:39:57+00:00,84.35142857142857,0.1895238095238095,39.58428571428571,97.32761904761904,25.17333333333333,26.78142857142858,0.2361904761904763,64.6257142857143,0.001606,0.001045,0.004022,14.41095238095238,0
71,71,2024-01-04 08:39:58+00:00,2024-01-04 08:39:58+00:00,79.12785714285715,0.1910714285714286,39.519642857142856,91.575,25.177142857142847,26.73857142857143,0.2375000000000001,64.99214285714285,0.001467,0.00098,0.003897,14.342500000000008,0
72,72,2024-01-04 08:40:00+00:00,2024-01-04 08:40:00+00:00,69.48851851851852,0.1777777777777778,39.43222222222222,81.37148148148147,25.20444444444445,26.62148148148148,0.2325925925925927,64.92777777777776,0.001587,0.000998,0.003915,14.227777777777767,0
73,73,2024-01-04 08:40:01+00:00,2024-01-04 08:40:01+00:00,65.75565217391303,0.1830434782608695,39.41826086956522,76.67608695652176,25.206086956521744,26.55782608695652,0.232608695652174,65.43478260869566,0.001452,0.000957,0.003811,14.21217391304348,0
74,74,2024-01-04 08:40:02+00:00,2024-01-04 08:40:02+00:00,60.09499999999999,0.1846153846153845,39.365384615384606,71.90384615384617,25.21692307692308,26.465769230769222,0.2357692307692308,64.8692307692308,0.001369,0.000983,0.003576,14.148461538461524,0
75,75,2024-01-04 08:40:04+00:00,2024-01-04 08:40:04+00:00,52.85800000000001,0.1903999999999999,39.25719999999999,64.10480000000001,25.233200000000007,26.37960000000001,0.2300000000000001,65.4904,0.001449,0.001045,0.003414,14.023999999999983,0
76,76,2024-01-04 08:40:05+00:00,2024-01-04 08:40:05+00:00,48.81608695652174,0.1834782608695652,39.21478260869566,60.126956521739146,25.22869565217392,26.328260869565216,0.2326086956521739,65.38391304347826,0.001436,0.000844,0.003474,13.98608695652174,0
77,77,2024-01-04 08:40:06+00:00,2024-01-04 08:40:06+00:00,45.13440000000001,0.1676,39.1568,55.47559999999999,25.2296,26.2808,0.2348000000000001,65.35039999999998,0.001362,0.000961,0.003269,13.927199999999996,0
78,78,2024-01-04 08:40:08+00:00,2024-01-04 08:40:08+00:00,39.062272727272735,0.1759090909090909,39.12681818181819,49.494090909090936,25.25636363636363,26.171818181818185,0.2350000000000001,65.6459090909091,0.001323,0.000882,0.003314,13.870454545454557,0
79,79,2024-01-04 08:40:09+00:00,2024-01-04 08:40:09+00:00,35.11791666666666,0.17875,39.01958333333333,45.597916666666656,25.27125,26.15625000000001,0.2345833333333334,65.51708333333333,0.001384,0.000885,0.003186,13.748333333333331,0
80,80,2024-01-04 08:40:10+00:00,2024-01-04 08:40:10+00:00,32.83136363636363,0.1804545454545455,38.99045454545455,42.498636363636365,25.279545454545453,26.109545454545454,0.2300000000000001,65.85818181818182,0.001401,0.000956,0.003162,13.710909090909094,0
81,81,2024-01-04 08:40:11+00:00,2024-01-04 08:40:11+00:00,31.3048,0.1852,38.97320000000001,41.196,25.271999999999995,26.0928,0.2324,66.04320000000001,0.001302,0.000911,0.003027,13.701200000000018,0
82,82,2024-01-04 08:40:13+00:00,2024-01-04 08:40:13+00:00,25.72695652173913,0.1760869565217391,38.84869565217391,35.493478260869566,25.289565217391303,25.988260869565217,0.2321739130434783,66.17434782608694,0.001277,0.000879,0.003084,13.559130434782606,0
83,83,2024-01-04 08:40:14+00:00,2024-01-04 08:40:14+00:00,24.155769230769238,0.1703846153846154,38.804230769230784,33.20230769230769,25.28653846153846,25.95576923076923,0.2300000000000001,65.90230769230769,0.001342,0.000903,0.002966,13.517692307692323,0
84,84,2024-01-04 08:40:15+00:00,2024-01-04 08:40:15+00:00,22.997391304347826,0.1734782608695652,38.76695652173913,31.597826086956523,25.323043478260857,25.993478260869555,0.2347826086956523,65.98565217391305,0.001207,0.000872,0.002927,13.443913043478275,0
85,85,2024-01-04 08:40:17+00:00,2024-01-04 08:40:17+00:00,21.131249999999994,0.1712499999999999,38.71833333333333,29.81625,25.31666666666666,25.937916666666663,0.2304166666666668,66.06541666666668,0.001423,0.000849,0.002974,13.401666666666667,0
86,86,2024-01-04 08:40:18+00:00,2024-01-04 08:40:18+00:00,20.3864,0.1872,38.65919999999999,29.337600000000005,25.3328,25.915199999999995,0.2320000000000001,66.15599999999999,0.001184,0.000869,0.002928,13.326399999999992,0
87,87,2024-01-04 08:40:19+00:00,2024-01-04 08:40:19+00:00,19.5292,0.1692,38.584,27.634399999999992,25.33600000000001,25.92120000000001,0.2316000000000001,65.744,0.001245,0.000805,0.002921,13.247999999999994,0
88,88,2024-01-04 08:40:21+00:00,2024-01-04 08:40:21+00:00,19.531111111111112,0.1699999999999999,38.56037037037037,28.18444444444445,25.3437037037037,25.91037037037037,0.2300000000000001,65.89777777777778,0.001257,0.000981,0.002939,13.216666666666672,0
89,89,2024-01-04 08:40:22+00:00,2024-01-04 08:40:22+00:00,20.35037037037037,0.1785185185185185,38.54148148148148,28.412222222222223,25.34592592592592,25.904444444444444,0.2333333333333334,65.96148148148148,0.001228,0.000825,0.002923,13.19555555555556,0
90,90,2024-01-04 08:40:23+00:00,2024-01-04 08:40:23+00:00,20.908,0.1908,38.5052,29.328,25.35320000000001,25.891200000000005,0.2312000000000001,65.99880000000002,0.001261,0.000952,0.003029,13.15199999999999,0
91,91,2024-01-04 08:40:25+00:00,2024-01-04 08:40:25+00:00,22.773043478260867,0.1778260869565217,38.408695652173925,31.178260869565225,25.38217391304348,25.874782608695647,0.2300000000000001,65.78173913043479,0.001237,0.000849,0.003008,13.026521739130448,0
92,92,2024-01-04 08:40:26+00:00,2024-01-04 08:40:26+00:00,24.034166666666664,0.18375,38.44458333333335,32.943333333333335,25.365833333333335,25.911249999999995,0.2325,66.31916666666665,0.001152,0.000917,0.003002,13.07875000000001,0
93,93,2024-01-04 08:40:27+00:00,2024-01-04 08:40:27+00:00,26.624583333333337,0.1808333333333333,38.44083333333334,35.21541666666668,25.39,25.882500000000004,0.2391666666666667,65.80291666666668,0.001374,0.000923,0.00311,13.05083333333334,0
94,94,2024-01-04 08:40:28+00:00,2024-01-04 08:40:28+00:00,27.074,0.1828,38.4904,36.4176,25.3976,25.9652,0.2352000000000002,65.58440000000002,0.001289,0.000809,0.003061,13.092799999999992,0
95,95,2024-01-04 08:40:30+00:00,2024-01-04 08:40:30+00:00,33.41120000000001,0.1796,38.45560000000001,41.90439999999999,25.404399999999992,25.9804,0.2324000000000001,65.60719999999998,0.001338,0.000877,0.003201,13.05120000000002,0
96,96,2024-01-04 08:40:31+00:00,2024-01-04 08:40:31+00:00,35.79695652173913,0.18,38.47521739130434,44.45782608695652,25.40217391304348,26.04217391304347,0.2334782608695653,65.7395652173913,0.001346,0.000856,0.003152,13.073043478260864,0
97,97,2024-01-04 08:40:32+00:00,2024-01-04 08:40:32+00:00,38.552692307692304,0.1788461538461539,38.51307692307692,46.9796153846154,25.421923076923083,26.084615384615383,0.2346153846153847,65.52384615384618,0.001364,0.000847,0.003369,13.09115384615384,0
98,98,2024-01-04 08:40:34+00:00,2024-01-04 08:40:34+00:00,44.83583333333333,0.1891666666666667,38.517500000000005,55.021250000000016,25.4525,26.15916666666666,0.2400000000000001,65.64958333333334,0.00138,0.000961,0.003297,13.065000000000005,0
99,99,2024-01-04 08:40:35+00:00,2024-01-04 08:40:35+00:00,48.0003846153846,0.196923076923077,38.589615384615385,58.95461538461537,25.46153846153847,26.231538461538467,0.2326923076923078,65.56730769230772,0.001463,0.00098,0.003602,13.128076923076916,0
100,100,2024-01-04 08:40:36+00:00,2024-01-04 08:40:36+00:00,52.15583333333334,0.1895833333333333,38.58833333333333,62.334583333333335,25.485000000000003,26.2675,0.2316666666666667,65.13791666666667,0.001487,0.000916,0.00361,13.103333333333328,0
101,101,2024-01-04 08:40:38+00:00,2024-01-04 08:40:38+00:00,60.85434782608695,0.1821739130434782,38.63521739130434,71.05217391304348,25.483913043478264,26.429130434782603,0.2386956521739131,64.77478260869565,0.001338,0.0009,0.003706,13.15130434782608,0
102,102,2024-01-04 08:40:39+00:00,2024-01-04 08:40:39+00:00,64.68960000000001,0.1888,38.7112,75.59880000000001,25.48160000000001,26.4696,0.2352000000000001,64.97480000000002,0.001473,0.001,0.003926,13.229599999999987,0
103,103,2024-01-04 08:40:40+00:00,2024-01-04 08:40:40+00:00,69.3473913043478,0.1934782608695652,38.71391304347825,80.4182608695652,25.497826086956525,26.538260869565217,0.2317391304347827,64.9626086956522,0.001496,0.000927,0.003947,13.216086956521725,0
104,104,2024-01-04 08:40:42+00:00,2024-01-04 08:40:42+00:00,78.35000000000001,0.1852173913043477,38.76565217391304,89.68043478260871,25.493913043478265,26.63782608695653,0.2365217391304348,64.77000000000001,0.001491,0.001062,0.003905,13.271739130434778,0
105,105,2024-01-04 08:40:43+00:00,2024-01-04 08:40:43+00:00,83.55727272727273,0.1831818181818182,38.78045454545456,95.12863636363636,25.50727272727272,26.71681818181818,0.2377272727272728,64.71090909090908,0.001518,0.00101,0.003974,13.27318181818184,0
106,106,2024-01-04 08:40:44+00:00,2024-01-04 08:40:44+00:00,87.59185185185186,0.2040740740740741,38.82777777777777,100.54222222222222,25.51851851851852,26.801111111111112,0.2400000000000001,64.78555555555556,0.001584,0.001059,0.004185,13.30925925925925,0
107,107,2024-01-04 08:40:46+00:00,2024-01-04 08:40:46+00:00,97.615,0.195,38.8475,110.42416666666666,25.53791666666666,26.9,0.2654166666666667,64.61375000000001,0.001591,0.001024,0.004304,13.309583333333345,0
108,108,2024-01-04 08:40:47+00:00,2024-01-04 08:40:47+00:00,103.79148148148144,0.2007407407407407,38.98259259259259,116.62999999999998,25.54555555555556,27.02259259259259,0.6499999999999999,64.51222222222222,0.001766,0.001027,0.004446,13.437037037037031,0
109,109,2024-01-04 08:40:48+00:00,2024-01-04 08:40:48+00:00,108.16153846153848,0.2130769230769231,38.96153846153846,121.68615384615389,25.563461538461528,27.099615384615397,0.915,64.35692307692305,0.001559,0.001011,0.004544,13.398076923076932,0
110,110,2024-01-04 08:40:49+00:00,2024-01-04 08:40:49+00:00,113.57173913043476,0.2056521739130435,39.02,127.77608695652178,25.56782608695652,27.203043478260877,0.9565217391304346,64.27304347826087,0.001672,0.00102,0.004621,13.452173913043485,0
111,111,2024-01-04 08:40:51+00:00,2024-01-04 08:40:51+00:00,123.81043478260868,0.2034782608695652,39.08260869565217,138.14782608695648,25.556086956521742,27.309130434782613,1.035652173913043,64.14,0.001605,0.001031,0.004764,13.526521739130423,0
112,112,2024-01-04 08:40:52+00:00,2024-01-04 08:40:52+00:00,129.83750000000003,0.2008333333333334,39.11625,144.15499999999997,25.58083333333333,27.405416666666667,1.0800000000000003,64.08041666666666,0.001705,0.001082,0.004913,13.53541666666667,0
113,113,2024-01-04 08:40:53+00:00,2024-01-04 08:40:53+00:00,134.33739130434782,0.2134782608695653,39.14869565217391,149.64782608695657,25.581304347826087,27.496956521739133,1.1304347826086951,63.76913043478261,0.001619,0.000973,0.005013,13.567391304347826,0
114,114,2024-01-04 08:40:55+00:00,2024-01-04 08:40:55+00:00,144.64956521739134,0.22,39.24,160.1413043478261,25.60521739130436,27.64739130434782,1.2173913043478264,63.68260869565216,0.00169,0.001021,0.005032,13.634782608695645,0
115,115,2024-01-04 08:40:56+00:00,2024-01-04 08:40:56+00:00,150.0382142857143,0.2075,39.25785714285714,165.3332142857143,25.624285714285715,27.704999999999995,1.263214285714286,63.59607142857143,0.001675,0.00105,0.005203,13.633571428571424,0
116,116,2024-01-04 08:40:57+00:00,2024-01-04 08:40:57+00:00,154.62043478260873,0.2130434782608695,39.32826086956523,170.25652173913042,25.63347826086957,27.81652173913044,1.311304347826087,63.57652173913043,0.001764,0.000995,0.005501,13.69478260869566,0
117,117,2024-01-04 08:40:59+00:00,2024-01-04 08:40:59+00:00,163.57136363636366,0.2268181818181818,39.46772727272728,181.02727272727267,25.64363636363636,27.985,1.3927272727272728,63.38409090909088,0.001839,0.001014,0.005562,13.824090909090923,0
118,118,2024-01-04 08:41:00+00:00,2024-01-04 08:41:00+00:00,169.40620689655168,0.223448275862069,39.50241379310344,186.2206896551725,25.669999999999987,28.05862068965517,1.434137931034483,63.18586206896552,0.001821,0.001001,0.005874,13.832413793103456,0
119,119,2024-01-04 08:41:01+00:00,2024-01-04 08:41:01+00:00,172.97590909090903,0.2113636363636363,39.58318181818181,190.56818181818176,25.660909090909083,28.13636363636364,1.4690909090909088,63.23272727272727,0.001957,0.001021,0.005929,13.92227272727273,0
120,120,2024-01-04 08:41:03+00:00,2024-01-04 08:41:03+00:00,181.43576923076924,0.223076923076923,39.691153846153846,199.32730769230773,25.6576923076923,28.253076923076915,1.5565384615384612,63.09192307692309,0.001948,0.001042,0.006196,14.033461538461545,0
121,121,2024-01-04 08:41:04+00:00,2024-01-04 08:41:04+00:00,185.2684615384615,0.2307692307692308,39.75384615384616,204.1534615384615,25.689999999999998,28.32923076923076,1.6157692307692302,63.02192307692311,0.001908,0.00103,0.006274,14.063846153846168,0
122,122,2024-01-04 08:41:05+00:00,2024-01-04 08:41:05+00:00,190.47269230769237,0.2215384615384615,39.84769230769231,208.2642307692308,25.70115384615385,28.396538461538466,1.6823076923076918,62.960384615384605,0.001923,0.001011,0.006256,14.146538461538457,0
123,123,2024-01-04 08:41:08+00:00,2024-01-04 08:41:08+00:00,199.05583333333337,0.2495833333333334,40.099583333333335,218.20500000000007,25.698333333333338,28.599999999999994,1.998333333333334,62.59916666666667,0.001988,0.001141,0.006491,14.401249999999996,0
124,124,2024-01-04 08:41:09+00:00,2024-01-04 08:41:09+00:00,202.6548,0.2428,40.1616,221.43960000000007,25.690800000000014,28.6488,2.036,62.686400000000006,0.001946,0.001045,0.006569,14.470799999999986,0
125,125,2024-01-04 08:41:12+00:00,2024-01-04 08:41:12+00:00,210.0365217391304,0.2491304347826088,40.4195652173913,229.6717391304347,25.726956521739133,28.8304347826087,2.1413043478260856,62.37478260869566,0.001997,0.001054,0.006798,14.692608695652169,0
126,126,2024-01-04 08:41:27+00:00,2024-01-04 08:41:27+00:00,213.61105263157896,0.2515789473684211,41.47578947368421,233.51526315789476,25.844736842105277,29.12631578947368,2.2336842105263157,62.47526315789474,0.001992,0.001056,0.006856,15.631052631578935,0
127,127,2024-01-04 08:41:29+00:00,2024-01-04 08:41:29+00:00,209.15954545454545,0.2459090909090909,41.561363636363645,229.25,25.854545454545462,29.107727272727267,2.185909090909091,62.52181818181818,0.001966,0.00111,0.006751,15.706818181818182,0
128,128,2024-01-04 08:41:30+00:00,2024-01-04 08:41:30+00:00,206.7916666666667,0.2445833333333333,41.649166666666666,226.03458333333333,25.840416666666677,29.112916666666667,2.1508333333333334,62.3775,0.001944,0.001025,0.006672,15.808749999999993,0
129,129,2024-01-04 08:41:31+00:00,2024-01-04 08:41:31+00:00,203.73333333333332,0.248095238095238,41.67000000000001,223.6761904761904,25.849523809523816,29.05238095238096,2.122380952380952,62.57523809523809,0.001962,0.001036,0.00657,15.820476190476192,0
130,130,2024-01-04 08:41:33+00:00,2024-01-04 08:41:33+00:00,197.6013636363637,0.2404545454545455,41.776363636363634,217.30045454545456,25.88818181818182,29.024545454545454,2.040454545454546,62.67045454545456,0.001912,0.001047,0.006436,15.888181818181812,0
131,131,2024-01-04 08:41:34+00:00,2024-01-04 08:41:34+00:00,194.6331578947368,0.243157894736842,41.81842105263159,214.02210526315787,25.890526315789465,29.026842105263157,1.9999999999999996,62.83263157894735,0.001886,0.001115,0.006296,15.92789473684212,0
132,132,2024-01-04 08:41:35+00:00,2024-01-04 08:41:35+00:00,191.0424,0.2396000000000001,41.8524,209.4244,25.88,28.981600000000004,1.9572,62.8232,0.001808,0.001041,0.006117,15.972399999999997,0
133,133,2024-01-04 08:41:37+00:00,2024-01-04 08:41:37+00:00,182.4838095238095,0.2361904761904762,41.90333333333332,201.49476190476187,25.90047619047619,28.88714285714285,1.8661904761904764,62.57190476190476,0.00177,0.001049,0.005982,16.002857142857124,0
134,134,2024-01-04 08:41:38+00:00,2024-01-04 08:41:38+00:00,179.3520833333333,0.2291666666666666,41.91333333333332,197.48041666666663,25.900416666666658,28.875000000000004,1.8245833333333323,62.915416666666665,0.001774,0.001024,0.005831,16.012916666666662,0
135,135,2024-01-04 08:41:39+00:00,2024-01-04 08:41:39+00:00,175.55954545454549,0.2254545454545455,41.91454545454545,192.57454545454547,25.909999999999997,28.820454545454552,1.7790909090909095,63.052727272727246,0.001697,0.001067,0.005696,16.004545454545454,0
136,136,2024-01-04 08:41:41+00:00,2024-01-04 08:41:41+00:00,165.65913043478255,0.2334782608695652,41.90304347826086,183.7834782608696,25.939130434782616,28.71478260869565,1.7191304347826084,63.31695652173912,0.001572,0.001,0.005425,15.963913043478248,0
137,137,2024-01-04 08:41:42+00:00,2024-01-04 08:41:42+00:00,160.60391304347834,0.228695652173913,41.93521739130435,177.91304347826082,25.945652173913057,28.6304347826087,1.667391304347826,63.10130434782607,0.001664,0.001013,0.005234,15.989565217391291,0
138,138,2024-01-04 08:41:43+00:00,2024-01-04 08:41:43+00:00,155.0890909090909,0.2168181818181818,41.91363636363636,173.14999999999998,25.971818181818183,28.625454545454545,1.6336363636363636,63.45727272727276,0.0015,0.001018,0.005093,15.94181818181817,0
139,139,2024-01-04 08:41:45+00:00,2024-01-04 08:41:45+00:00,146.085,0.21,41.90749999999999,162.7320833333333,25.9725,28.48833333333333,1.5520833333333333,63.46541666666666,0.001523,0.001049,0.004868,15.934999999999992,0
140,140,2024-01-04 08:41:46+00:00,2024-01-04 08:41:46+00:00,141.96920000000003,0.2136,41.9044,157.1784,25.97280000000001,28.437599999999986,1.5031999999999994,63.90679999999998,0.001486,0.000975,0.004725,15.931599999999984,0
141,141,2024-01-04 08:41:47+00:00,2024-01-04 08:41:47+00:00,135.96680000000003,0.214,41.85520000000001,152.2544,25.98080000000001,28.324800000000003,1.464,63.760400000000025,0.00143,0.000992,0.004646,15.8744,0
142,142,2024-01-04 08:41:48+00:00,2024-01-04 08:41:48+00:00,130.97000000000006,0.2250000000000001,41.84272727272728,146.36681818181813,26.0,28.25545454545455,1.415909090909091,63.92772727272728,0.001522,0.001044,0.004427,15.842727272727274,0
143,143,2024-01-04 08:41:50+00:00,2024-01-04 08:41:50+00:00,121.175,0.2168181818181819,41.74,134.91363636363636,25.99954545454545,28.129999999999985,1.3331818181818182,64.19818181818182,0.001406,0.001024,0.004483,15.740454545454549,0
144,144,2024-01-04 08:41:51+00:00,2024-01-04 08:41:51+00:00,114.93625,0.2000000000000001,41.75208333333334,128.96833333333333,25.99333333333333,28.07041666666667,1.2770833333333336,64.10041666666666,0.001506,0.00108,0.004575,15.75875000000001,0
145,145,2024-01-04 08:41:52+00:00,2024-01-04 08:41:52+00:00,109.17777777777782,0.2040740740740741,41.75148148148147,123.65925925925922,25.992222222222225,27.987037037037044,1.2285185185185186,64.10037037037038,0.001486,0.001048,0.004546,15.759259259259244,0
146,146,2024-01-04 08:41:54+00:00,2024-01-04 08:41:54+00:00,98.57625,0.19625,41.65166666666668,113.3025,26.01833333333333,27.857083333333332,1.1375000000000002,64.49416666666666,0.001487,0.001089,0.004432,15.633333333333349,0
147,147,2024-01-04 08:41:55+00:00,2024-01-04 08:41:55+00:00,94.84640000000005,0.2072,41.58959999999999,108.1424,26.031199999999984,27.77,1.0975999999999997,64.458,0.001544,0.00104,0.004337,15.558400000000006,0
148,148,2024-01-04 08:41:56+00:00,2024-01-04 08:41:56+00:00,89.57159999999998,0.1964,41.55,102.3244,26.0284,27.719999999999985,1.0464,64.62520000000004,0.001394,0.000992,0.004188,15.5216,0
149,149,2024-01-04 08:41:58+00:00,2024-01-04 08:41:58+00:00,80.14115384615381,0.2015384615384616,41.47346153846154,92.41807692307692,26.06576923076923,27.565,0.956923076923077,64.76807692307692,0.001453,0.001038,0.004049,15.407692307692312,0
150,150,2024-01-04 08:41:59+00:00,2024-01-04 08:41:59+00:00,75.0377272727273,0.1977272727272727,41.429545454545455,87.1472727272727,26.051818181818188,27.559090909090912,0.9195454545454544,65.02227272727272,0.001392,0.001016,0.003846,15.377727272727268,0
151,151,2024-01-04 08:42:00+00:00,2024-01-04 08:42:00+00:00,70.51464285714289,0.1860714285714285,41.36928571428571,81.96464285714285,26.05214285714285,27.48071428571429,0.7675000000000002,65.13714285714285,0.001341,0.000997,0.003641,15.31714285714286,0
152,152,2024-01-04 08:42:02+00:00,2024-01-04 08:42:02+00:00,61.46269230769231,0.1961538461538461,41.246538461538464,72.55153846153846,26.07038461538462,27.35615384615386,0.2300000000000001,65.28346153846154,0.001272,0.000958,0.003622,15.176153846153843,0
153,153,2024-01-04 08:42:03+00:00,2024-01-04 08:42:03+00:00,57.44782608695652,0.1926086956521739,41.18826086956521,68.24521739130435,26.085217391304354,27.27434782608696,0.231304347826087,65.0804347826087,0.00126,0.001009,0.003558,15.103043478260858,0
154,154,2024-01-04 08:42:04+00:00,2024-01-04 08:42:04+00:00,53.00239999999999,0.1823999999999999,41.1936,62.72920000000003,26.07080000000001,27.271200000000004,0.2312000000000001,65.4004,0.001225,0.000958,0.003341,15.122799999999998,0
155,155,2024-01-04 08:42:05+00:00,2024-01-04 08:42:05+00:00,49.761304347826105,0.1743478260869565,41.07826086956523,59.538695652173935,26.08956521739131,27.205217391304345,0.2300000000000001,65.36173913043478,0.001288,0.000941,0.003299,14.988695652173917,0
156,156,2024-01-04 08:42:07+00:00,2024-01-04 08:42:07+00:00,42.29217391304348,0.1786956521739131,41.01304347826086,51.987391304347845,26.125217391304343,27.119999999999983,0.2321739130434783,65.73304347826087,0.001195,0.000925,0.003149,14.88782608695652,0
157,157,2024-01-04 08:42:08+00:00,2024-01-04 08:42:08+00:00,39.52615384615386,0.1815384615384615,40.943461538461534,48.62076923076923,26.13192307692308,27.053846153846163,0.2323076923076924,65.53999999999999,0.001183,0.000883,0.003159,14.811538461538458,0
158,158,2024-01-04 08:42:09+00:00,2024-01-04 08:42:09+00:00,35.892727272727264,0.1795454545454545,40.87454545454545,45.57136363636363,26.124090909090903,26.99863636363636,0.2300000000000001,65.6486363636364,0.001166,0.000881,0.003069,14.75045454545454,0
159,159,2024-01-04 08:42:11+00:00,2024-01-04 08:42:11+00:00,31.77159999999999,0.1816,40.7836,40.1428,26.130799999999997,26.8804,0.2320000000000001,65.9548,0.001209,0.000829,0.00305,14.652800000000006,0
160,160,2024-01-04 08:42:12+00:00,2024-01-04 08:42:12+00:00,28.46521739130436,0.1869565217391304,40.71869565217391,37.71999999999999,26.133043478260863,26.83869565217392,0.2300000000000001,66.01304347826087,0.001214,0.000939,0.002969,14.585652173913047,0
161,161,2024-01-04 08:42:13+00:00,2024-01-04 08:42:13+00:00,26.614090909090905,0.1913636363636364,40.68545454545453,35.25545454545454,26.139999999999983,26.84909090909091,0.2300000000000001,65.8072727272727,0.001118,0.000853,0.002898,14.545454545454549,0
162,162,2024-01-04 08:42:15+00:00,2024-01-04 08:42:15+00:00,23.88708333333333,0.1841666666666666,40.61833333333332,31.695000000000007,26.14791666666666,26.800833333333333,0.2308333333333334,65.93916666666665,0.001115,0.000823,0.002958,14.470416666666658,0
163,163,2024-01-04 08:42:16+00:00,2024-01-04 08:42:16+00:00,21.9515,0.1765,40.557,29.8655,26.1585,26.7705,0.2325,66.10700000000001,0.001203,0.000825,0.002956,14.3985,0
164,164,2024-01-04 08:42:17+00:00,2024-01-04 08:42:17+00:00,20.4004347826087,0.1691304347826087,40.5291304347826,28.151739130434777,26.17173913043479,26.75565217391305,0.2295652173913044,65.97000000000001,0.001067,0.000775,0.002856,14.35739130434781,0
165,165,2024-01-04 08:42:19+00:00,2024-01-04 08:42:19+00:00,19.718636363636364,0.1786363636363636,40.44272727272725,28.09590909090909,26.18772727272728,26.703636363636356,0.2300000000000001,65.90045454545455,0.001184,0.0009,0.002851,14.254999999999978,0
166,166,2024-01-04 08:42:20+00:00,2024-01-04 08:42:20+00:00,19.6785,0.1774999999999999,40.378,27.677000000000003,26.17650000000001,26.73350000000001,0.23,65.98049999999999,0.001118,0.000803,0.002909,14.201499999999989,0
167,167,2024-01-04 08:42:21+00:00,2024-01-04 08:42:21+00:00,19.36653846153846,0.1753846153846154,40.40499999999999,27.20961538461538,26.180000000000007,26.678076923076915,0.2300000000000001,66.09692307692305,0.001216,0.000947,0.002868,14.22499999999998,0
168,168,2024-01-04 08:42:23+00:00,2024-01-04 08:42:23+00:00,20.36954545454545,0.1763636363636364,40.31272727272728,28.323181818181823,26.21227272727273,26.68227272727273,0.2300000000000001,65.80636363636364,0.00114,0.000898,0.002861,14.100454545454554,0
169,169,2024-01-04 08:42:24+00:00,2024-01-04 08:42:24+00:00,21.8144,0.1748,40.30079999999999,29.9912,26.20960000000001,26.710800000000003,0.2300000000000001,65.9668,0.00114,0.000864,0.002921,14.09119999999998,0
170,170,2024-01-04 08:42:25+00:00,2024-01-04 08:42:25+00:00,22.735416666666666,0.1708333333333333,40.26416666666668,30.16083333333333,26.205,26.737916666666678,0.2300000000000001,65.74291666666666,0.001217,0.000907,0.002974,14.05916666666668,0
171,171,2024-01-04 08:42:26+00:00,2024-01-04 08:42:26+00:00,24.015357142857145,0.185,40.30357142857143,32.21964285714285,26.223214285714292,26.765357142857138,0.2325000000000001,65.80107142857145,0.001172,0.000821,0.002977,14.080357142857135,0
172,172,2024-01-04 08:42:28+00:00,2024-01-04 08:42:28+00:00,27.309615384615395,0.1792307692307692,40.245,35.325,26.259615384615376,26.761923076923075,0.2311538461538463,65.74461538461539,0.001193,0.000882,0.003008,13.98538461538462,0
173,173,2024-01-04 08:42:29+00:00,2024-01-04 08:42:29+00:00,29.388148148148147,0.1751851851851852,40.27740740740741,38.396666666666654,26.268518518518505,26.83185185185186,0.2303703703703705,65.63222222222224,0.001227,0.000791,0.00311,14.008888888888904,0
174,174,2024-01-04 08:42:30+00:00,2024-01-04 08:42:30+00:00,32.197037037037035,0.1818518518518519,40.26703703703703,40.90037037037037,26.27222222222221,26.83777777777778,0.2311111111111112,65.46777777777778,0.001266,0.000882,0.003116,13.994814814814813,0
175,175,2024-01-04 08:42:32+00:00,2024-01-04 08:42:32+00:00,37.36,0.1722222222222222,40.30629629629629,46.66259259259258,26.254444444444445,26.919259259259256,0.2362962962962965,65.62333333333333,0.001151,0.000822,0.003176,14.051851851851843,0
176,176,2024-01-04 08:42:33+00:00,2024-01-04 08:42:33+00:00,41.46200000000001,0.1939999999999999,40.2704,49.890000000000015,26.27960000000001,26.908,0.2300000000000001,65.398,0.001226,0.000864,0.003335,13.99079999999999,0
177,177,2024-01-04 08:42:34+00:00,2024-01-04 08:42:34+00:00,44.16291666666667,0.1829166666666667,40.30708333333333,53.521666666666654,26.29458333333333,26.97333333333333,0.2304166666666668,65.29500000000002,0.001275,0.000833,0.003293,14.0125,0
178,178,2024-01-04 08:42:36+00:00,2024-01-04 08:42:36+00:00,51.746,0.1819999999999999,40.31433333333333,61.28766666666666,26.289999999999985,27.067333333333327,0.2346666666666668,65.309,0.001339,0.00092,0.003575,14.024333333333344,0
179,179,2024-01-04 08:42:37+00:00,2024-01-04 08:42:37+00:00,55.18038461538461,0.1842307692307692,40.32,65.4980769230769,26.29346153846153,27.13346153846153,0.2323076923076924,64.87192307692308,0.001247,0.000877,0.003535,14.026538461538472,0
180,180,2024-01-04 08:42:38+00:00,2024-01-04 08:42:38+00:00,60.01499999999999,0.1833333333333333,40.333333333333336,69.64583333333331,26.296666666666663,27.16625,0.2316666666666667,65.05499999999999,0.00142,0.000971,0.00376,14.036666666666672,0
181,181,2024-01-04 08:42:40+00:00,2024-01-04 08:42:40+00:00,68.59846153846155,0.1919230769230769,40.36884615384615,78.77961538461537,26.31038461538461,27.29153846153846,0.2365384615384616,64.94692307692308,0.001251,0.000876,0.003835,14.05846153846154,0
182,182,2024-01-04 08:42:41+00:00,2024-01-04 08:42:41+00:00,72.86172413793102,0.1982758620689656,40.40310344827588,83.37379310344826,26.31620689655173,27.36310344827585,0.3910344827586207,64.82827586206898,0.001354,0.000926,0.003787,14.086896551724148,0
183,183,2024-01-04 08:42:42+00:00,2024-01-04 08:42:42+00:00,77.52037037037037,0.2029629629629629,40.397407407407385,88.6351851851852,26.33037037037037,27.4325925925926,0.8337037037037041,64.74296296296296,0.001437,0.000987,0.003991,14.06703703703701,0
184,184,2024-01-04 08:42:44+00:00,2024-01-04 08:42:44+00:00,87.48423076923078,0.1876923076923076,40.41461538461538,98.73269230769232,26.32923076923077,27.55115384615384,0.9930769230769227,64.44884615384613,0.001494,0.000903,0.004216,14.085384615384609,0
185,185,2024-01-04 08:42:45+00:00,2024-01-04 08:42:45+00:00,93.36500000000002,0.2034615384615385,40.43692307692309,104.12653846153844,26.32730769230769,27.64076923076923,1.030384615384615,64.37500000000001,0.001486,0.001006,0.004159,14.1096153846154,0
186,186,2024-01-04 08:42:46+00:00,2024-01-04 08:42:46+00:00,97.4457142857143,0.2146428571428572,40.44357142857144,109.66214285714284,26.357142857142865,27.697142857142858,1.0735714285714286,64.6435714285714,0.001514,0.000975,0.00452,14.086428571428574,0
187,187,2024-01-04 08:42:47+00:00,2024-01-04 08:42:47+00:00,102.94,0.2085185185185185,40.45481481481483,114.71296296296296,26.365555555555563,27.7588888888889,1.1192592592592592,64.20555555555553,0.001524,0.00097,0.00463,14.089259259259268,0
188,188,2024-01-04 08:42:49+00:00,2024-01-04 08:42:49+00:00,112.62714285714289,0.2053571428571428,40.51571428571429,125.02714285714283,26.365357142857142,27.95571428571429,1.2135714285714283,63.9907142857143,0.001568,0.001015,0.004743,14.150357142857144,0
189,189,2024-01-04 08:42:50+00:00,2024-01-04 08:42:50+00:00,117.47107142857136,0.2135714285714287,40.56464285714284,131.3314285714286,26.372857142857143,28.029642857142857,1.2589285714285716,64.0357142857143,0.001584,0.001016,0.004831,14.19178571428569,0
190,190,2024-01-04 08:42:51+00:00,2024-01-04 08:42:51+00:00,123.39862068965512,0.2027586206896552,40.58034482758622,136.80689655172415,26.373103448275863,28.109310344827584,1.306896551724137,63.806206896551735,0.00157,0.000957,0.004889,14.207241379310354,0
191,191,2024-01-04 08:42:53+00:00,2024-01-04 08:42:53+00:00,133.64629629629627,0.217037037037037,40.60333333333333,147.99666666666664,26.413703703703703,28.23407407407408,1.3977777777777776,63.81925925925927,0.001544,0.000984,0.004756,14.189629629629628,0
192,192,2024-01-04 08:42:54+00:00,2024-01-04 08:42:54+00:00,138.77920000000003,0.218,40.6728,153.06199999999998,26.404799999999994,28.343200000000007,1.4388000000000003,63.6668,0.001535,0.000987,0.004747,14.268,0
193,193,2024-01-04 08:42:55+00:00,2024-01-04 08:42:55+00:00,143.9123333333333,0.2196666666666666,40.675,158.81466666666668,26.403666666666663,28.42633333333333,1.4846666666666664,63.67466666666667,0.001591,0.000978,0.005016,14.271333333333336,0
194,194,2024-01-04 08:42:57+00:00,2024-01-04 08:42:57+00:00,154.97592592592596,0.2240740740740741,40.7562962962963,169.42814814814813,26.436296296296295,28.58,1.574444444444444,63.26111111111112,0.001626,0.001004,0.005158,14.32,0
195,195,2024-01-04 08:42:58+00:00,2024-01-04 08:42:58+00:00,158.12933333333334,0.2186666666666667,40.774,173.99466666666677,26.426333333333336,28.659999999999997,1.610666666666667,63.33000000000001,0.001596,0.000936,0.005233,14.347666666666663,0
196,196,2024-01-04 08:42:59+00:00,2024-01-04 08:42:59+00:00,163.28592592592594,0.2351851851851853,40.84185185185184,179.60037037037037,26.43666666666667,28.733703703703718,1.663333333333333,63.36222222222222,0.001661,0.001,0.00554,14.405185185185172,0
197,197,2024-01-04 08:43:01+00:00,2024-01-04 08:43:01+00:00,172.72416666666666,0.2341666666666666,40.93458333333333,188.9829166666667,26.468333333333348,28.91958333333333,1.743333333333333,63.312916666666666,0.001633,0.000954,0.005601,14.46624999999998,0
198,198,2024-01-04 08:43:02+00:00,2024-01-04 08:43:02+00:00,176.01481481481486,0.2322222222222223,40.97111111111112,193.48444444444445,26.47296296296297,28.98444444444444,1.7818518518518514,62.922592592592586,0.00176,0.001021,0.005815,14.498148148148148,0
199,199,2024-01-04 08:43:03+00:00,2024-01-04 08:43:03+00:00,180.5930769230769,0.2226923076923077,41.0373076923077,197.9053846153846,26.486923076923084,29.05307692307692,1.823461538461539,62.85269230769233,0.001766,0.000975,0.006005,14.550384615384615,0
200,200,2024-01-04 08:43:04+00:00,2024-01-04 08:43:04+00:00,184.49827586206897,0.2334482758620689,41.055172413793095,202.39793103448275,26.486896551724136,29.085172413793096,1.8765517241379317,63.09172413793102,0.001786,0.001003,0.006121,14.568275862068958,0
201,201,2024-01-04 08:43:06+00:00,2024-01-04 08:43:06+00:00,192.28586206896557,0.2386206896551724,41.21068965517241,209.98931034482757,26.47758620689656,29.2351724137931,1.9568965517241377,62.65896551724136,0.001851,0.000959,0.006293,14.733103448275852,0
202,202,2024-01-04 08:43:07+00:00,2024-01-04 08:43:07+00:00,195.9839285714285,0.2303571428571428,41.22678571428572,213.8253571428572,26.499285714285712,29.284999999999997,2.003928571428572,62.68035714285713,0.00182,0.001027,0.006385,14.727500000000006,0
203,203,2024-01-04 08:43:08+00:00,2024-01-04 08:43:08+00:00,199.062142857143,0.2396428571428572,41.278571428571446,217.5632142857143,26.526428571428568,29.36035714285714,2.043214285714286,62.58464285714284,0.001866,0.001004,0.006561,14.75214285714288,0
204,204,2024-01-04 08:43:10+00:00,2024-01-04 08:43:10+00:00,204.39037037037045,0.2407407407407407,41.438518518518514,223.81703703703704,26.538888888888884,29.48037037037037,2.119629629629629,62.2862962962963,0.00189,0.00107,0.006639,14.89962962962963,0
205,205,2024-01-04 08:43:11+00:00,2024-01-04 08:43:11+00:00,208.35041666666663,0.2433333333333334,41.505,226.8750000000001,26.55624999999999,29.52958333333333,2.15875,62.29291666666666,0.001904,0.001007,0.006754,14.948750000000013,0
206,206,2024-01-04 08:43:12+00:00,2024-01-04 08:43:12+00:00,210.368,0.238,41.61633333333335,229.0333333333334,26.55166666666665,29.606333333333332,2.188,62.45600000000001,0.00197,0.001065,0.006866,15.064666666666696,0
207,207,2024-01-04 08:43:14+00:00,2024-01-04 08:43:14+00:00,214.0044444444444,0.2414814814814816,41.75925925925925,232.99888888888884,26.54037037037036,29.667407407407413,2.2496296296296303,62.36555555555556,0.001998,0.001061,0.006949,15.218888888888896,0
208,208,2024-01-04 08:43:15+00:00,2024-01-04 08:43:15+00:00,215.66103448275865,0.2534482758620689,41.83655172413794,235.13896551724133,26.544137931034463,29.73758620689655,2.27,62.3296551724138,0.001985,0.00102,0.006989,15.292413793103478,0
209,209,2024-01-04 08:43:16+00:00,2024-01-04 08:43:16+00:00,217.1779999999999,0.2366666666666667,41.88300000000001,235.6456666666667,26.541666666666647,29.74333333333334,2.285,62.05900000000001,0.001954,0.00103,0.006973,15.341333333333363,0
210,210,2024-01-04 08:43:18+00:00,2024-01-04 08:43:18+00:00,218.45200000000003,0.2483333333333334,42.06999999999999,237.85566666666668,26.577,29.800666666666668,2.3216666666666663,62.39533333333337,0.001924,0.000995,0.007027,15.492999999999988,0
211,211,2024-01-04 08:43:19+00:00,2024-01-04 08:43:19+00:00,219.1732,0.2495999999999999,42.1156,238.3660000000001,26.5772,29.838799999999992,2.334,62.17240000000001,0.001961,0.00101,0.007074,15.5384,0
212,212,2024-01-04 08:43:20+00:00,2024-01-04 08:43:20+00:00,220.1346153846154,0.2446153846153846,42.16230769230768,239.63500000000008,26.580769230769224,29.861153846153847,2.344615384615386,62.03346153846154,0.001958,0.001009,0.007088,15.581538461538454,0
213,213,2024-01-04 08:43:22+00:00,2024-01-04 08:43:22+00:00,218.81642857142865,0.2485714285714285,42.31535714285712,238.2085714285714,26.575714285714287,29.87107142857142,2.348214285714286,61.95071428571432,0.001994,0.001053,0.007076,15.739642857142837,0
214,214,2024-01-04 08:43:23+00:00,2024-01-04 08:43:23+00:00,218.9972413793103,0.2513793103448276,42.45655172413792,238.28551724137944,26.57206896551725,29.86862068965517,2.3465517241379312,62.24551724137929,0.001936,0.000967,0.007034,15.884482758620674,0
215,215,2024-01-04 08:43:24+00:00,2024-01-04 08:43:24+00:00,217.87625,0.245,42.51499999999999,236.5816666666667,26.595,29.89,2.3279166666666677,62.29958333333334,0.001972,0.00105,0.007027,15.919999999999996,0
216,216,2024-01-04 08:43:25+00:00,2024-01-04 08:43:25+00:00,217.37074074074067,0.2451851851851852,42.53333333333333,235.30333333333343,26.58703703703705,29.884814814814813,2.31925925925926,62.14518518518519,0.001949,0.001015,0.006951,15.946296296296286,0
217,217,2024-01-04 08:43:27+00:00,2024-01-04 08:43:27+00:00,213.34185185185183,0.2385185185185184,42.69555555555554,232.3688888888888,26.59407407407407,29.896296296296292,2.2833333333333345,62.39703703703705,0.001894,0.000982,0.006866,16.101481481481475,0
218,218,2024-01-04 08:43:28+00:00,2024-01-04 08:43:28+00:00,211.10071428571428,0.2435714285714287,42.715,229.64607142857147,26.612500000000008,29.87571428571428,2.2489285714285705,62.33071428571429,0.001905,0.001011,0.006812,16.10249999999999,0
219,219,2024-01-04 08:43:29+00:00,2024-01-04 08:43:29+00:00,209.05518518518525,0.2485185185185186,42.75222222222221,228.304074074074,26.6162962962963,29.856296296296296,2.223703703703704,62.43518518518517,0.001895,0.000997,0.006721,16.135925925925907,0
220,220,2024-01-04 08:43:31+00:00,2024-01-04 08:43:31+00:00,204.37099999999992,0.2426666666666666,42.87833333333335,223.33833333333325,26.61666666666667,29.81266666666668,2.1656666666666657,62.43599999999999,0.001854,0.000979,0.006634,16.261666666666674,0
221,221,2024-01-04 08:43:32+00:00,2024-01-04 08:43:32+00:00,201.15076923076927,0.221923076923077,42.89076923076924,219.07423076923075,26.60192307692309,29.80807692307693,2.128076923076923,62.39,0.001842,0.000995,0.006522,16.28884615384615,0
222,222,2024-01-04 08:43:33+00:00,2024-01-04 08:43:33+00:00,197.56111111111107,0.2281481481481481,42.9337037037037,216.7148148148148,26.615555555555552,29.745925925925924,2.090740740740741,62.50555555555557,0.001797,0.001013,0.006385,16.318148148148147,0
223,223,2024-01-04 08:43:35+00:00,2024-01-04 08:43:35+00:00,191.4437037037036,0.2237037037037037,43.00888888888888,208.74296296296305,26.62888888888889,29.72740740740741,2.008148148148148,62.372592592592575,0.001756,0.000968,0.006262,16.379999999999992,0
224,224,2024-01-04 08:43:36+00:00,2024-01-04 08:43:36+00:00,187.69115384615375,0.2276923076923078,43.00923076923077,205.3684615384616,26.638846153846146,29.649230769230776,1.9603846153846147,62.82769230769232,0.001711,0.000999,0.00613,16.370384615384623,0
225,225,2024-01-04 08:43:37+00:00,2024-01-04 08:43:37+00:00,182.8578571428571,0.2221428571428572,43.0692857142857,201.83892857142857,26.63928571428571,29.646428571428565,1.915357142857143,62.84285714285715,0.001674,0.000994,0.0059,16.42999999999999,0
226,226,2024-01-04 08:43:39+00:00,2024-01-04 08:43:39+00:00,175.1243333333333,0.2153333333333334,43.05233333333332,192.523,26.67533333333333,29.53766666666666,1.832999999999999,62.943000000000005,0.001646,0.000975,0.005734,16.37699999999999,0
227,227,2024-01-04 08:43:40+00:00,2024-01-04 08:43:40+00:00,170.84714285714284,0.2307142857142858,43.031785714285725,188.0342857142857,26.67535714285714,29.44678571428571,1.7946428571428572,63.03642857142857,0.001591,0.00098,0.005644,16.356428571428584,0
228,228,2024-01-04 08:43:41+00:00,2024-01-04 08:43:41+00:00,167.3307407407407,0.2240740740740741,43.06925925925925,183.49,26.680740740740752,29.40777777777777,1.7551851851851856,63.30666666666668,0.001521,0.000942,0.005368,16.388518518518495,0
229,229,2024-01-04 08:43:42+00:00,2024-01-04 08:43:42+00:00,162.34642857142862,0.2267857142857143,43.06142857142856,178.09,26.703214285714296,29.34250000000001,1.714642857142858,63.13000000000001,0.001502,0.000966,0.005192,16.35821428571426,0
230,230,2024-01-04 08:43:44+00:00,2024-01-04 08:43:44+00:00,151.23999999999998,0.2181481481481482,43.03592592592591,167.8748148148148,26.703333333333337,29.210000000000008,1.6270370370370368,63.59518518518517,0.001433,0.000959,0.005013,16.332592592592572,0
231,231,2024-01-04 08:43:45+00:00,2024-01-04 08:43:45+00:00,148.08321428571432,0.2135714285714287,43.06964285714287,163.28250000000003,26.690357142857145,29.17607142857141,1.5914285714285707,63.572499999999984,0.001422,0.000927,0.004855,16.379285714285725,0
232,232,2024-01-04 08:43:46+00:00,2024-01-04 08:43:46+00:00,142.0742857142857,0.2053571428571429,43.040000000000006,157.54607142857142,26.687857142857148,29.112142857142864,1.5435714285714288,63.76178571428572,0.001421,0.001003,0.004696,16.35214285714286,0
233,233,2024-01-04 08:43:48+00:00,2024-01-04 08:43:48+00:00,132.29285714285717,0.2167857142857142,42.99,146.28749999999997,26.726428571428578,28.95142857142857,1.4528571428571426,63.786785714285706,0.001455,0.000992,0.004655,16.263571428571424,0
234,234,2024-01-04 08:43:49+00:00,2024-01-04 08:43:49+00:00,125.90708333333332,0.1929166666666667,42.92874999999999,140.92291666666665,26.724166666666672,28.93125000000001,1.4120833333333334,63.96999999999998,0.00142,0.000945,0.004446,16.204583333333314,0
235,235,2024-01-04 08:43:50+00:00,2024-01-04 08:43:50+00:00,121.42481481481482,0.2118518518518519,42.905555555555566,136.22592592592594,26.720740740740755,28.838518518518523,1.37,64.38666666666664,0.001375,0.00095,0.004549,16.18481481481481,0
236,236,2024-01-04 08:43:52+00:00,2024-01-04 08:43:52+00:00,110.852962962963,0.1955555555555557,42.86259259259258,124.63185185185183,26.73,28.70296296296296,1.2722222222222228,64.18851851851853,0.001417,0.000977,0.004594,16.132592592592584,0
237,237,2024-01-04 08:43:53+00:00,2024-01-04 08:43:53+00:00,105.2503571428572,0.1878571428571428,42.82285714285713,118.39857142857146,26.7475,28.676428571428573,1.2225,64.30535714285715,0.001416,0.000946,0.004513,16.075357142857133,0
238,238,2024-01-04 08:43:54+00:00,2024-01-04 08:43:54+00:00,100.22392857142856,0.1978571428571429,42.809285714285714,112.80857142857144,26.753571428571423,28.601785714285715,1.1775,64.4082142857143,0.001389,0.000991,0.004341,16.055714285714288,0
239,239,2024-01-04 08:43:56+00:00,2024-01-04 08:43:56+00:00,90.08357142857145,0.2010714285714286,42.68464285714284,103.03928571428568,26.78321428571428,28.415714285714284,1.0782142857142856,64.53249999999998,0.001385,0.000965,0.004231,15.90142857142856,0
240,240,2024-01-04 08:43:57+00:00,2024-01-04 08:43:57+00:00,84.62413793103448,0.196896551724138,42.66379310344827,97.63931034482758,26.78482758620688,28.345172413793108,1.0386206896551724,64.78172413793104,0.001344,0.001,0.004119,15.87896551724139,0
241,241,2024-01-04 08:43:58+00:00,2024-01-04 08:43:58+00:00,80.13379310344828,0.1934482758620689,42.590689655172405,92.1203448275862,26.78724137931033,28.26862068965516,0.9910344827586204,64.46758620689656,0.001359,0.000988,0.004061,15.80344827586207,0
242,242,2024-01-04 08:44:00+00:00,2024-01-04 08:44:00+00:00,71.46083333333334,0.18625,42.532500000000006,82.14458333333336,26.7825,28.176250000000007,0.8954166666666667,65.06500000000001,0.001353,0.001041,0.003929,15.750000000000004,0
243,243,2024-01-04 08:44:01+00:00,2024-01-04 08:44:01+00:00,66.70444444444445,0.2051851851851852,42.464444444444446,77.78740740740741,26.788518518518508,28.127777777777787,0.4188888888888888,65.42185185185184,0.0012,0.000865,0.003692,15.675925925925938,0
244,244,2024-01-04 08:44:02+00:00,2024-01-04 08:44:02+00:00,62.065666666666665,0.1806666666666666,42.40800000000001,72.78466666666667,26.80166666666667,28.032,0.2320000000000001,65.06133333333331,0.001284,0.000918,0.003567,15.60633333333334,0
245,245,2024-01-04 08:44:03+00:00,2024-01-04 08:44:03+00:00,57.50148148148148,0.1811111111111111,42.354444444444425,68.28888888888889,26.79555555555556,27.99814814814815,0.2377777777777778,65.25814814814815,0.001241,0.000868,0.003583,15.55888888888887,0
246,246,2024-01-04 08:44:05+00:00,2024-01-04 08:44:05+00:00,50.00620689655173,0.2013793103448277,42.24586206896552,60.339999999999975,26.829655172413787,27.87758620689656,0.2300000000000001,65.47896551724136,0.001195,0.000943,0.003322,15.416206896551728,0
247,247,2024-01-04 08:44:06+00:00,2024-01-04 08:44:06+00:00,46.76192307692309,0.1811538461538461,42.18769230769231,56.08153846153846,26.81000000000001,27.828076923076928,0.2365384615384616,65.31115384615384,0.001177,0.00086,0.003293,15.377692307692303,0
248,248,2024-01-04 08:44:07+00:00,2024-01-04 08:44:07+00:00,43.01769230769231,0.1861538461538462,42.11846153846155,52.57846153846154,26.8153846153846,27.77038461538461,0.2330769230769232,65.66192307692305,0.001169,0.000854,0.003092,15.303076923076954,0
249,249,2024-01-04 08:44:09+00:00,2024-01-04 08:44:09+00:00,36.81999999999999,0.1962068965517241,42.07999999999999,46.41206896551724,26.852068965517248,27.65965517241379,0.233793103448276,65.87068965517241,0.001093,0.000891,0.00313,15.227931034482744,0
250,250,2024-01-04 08:44:10+00:00,2024-01-04 08:44:10+00:00,34.26518518518519,0.1725925925925926,42.02666666666666,42.86148148148148,26.85037037037037,27.66592592592594,0.2300000000000001,65.46481481481482,0.001132,0.000835,0.002991,15.176296296296282,0
251,251,2024-01-04 08:44:11+00:00,2024-01-04 08:44:11+00:00,30.97266666666667,0.1686666666666666,41.953,39.79966666666667,26.862333333333343,27.62733333333332,0.2300000000000001,65.83466666666665,0.001139,0.000794,0.003019,15.09066666666666,0
252,252,2024-01-04 08:44:13+00:00,2024-01-04 08:44:13+00:00,26.698148148148142,0.1818518518518518,41.87333333333333,35.64962962962962,26.86962962962962,27.52740740740742,0.2329629629629631,65.82555555555557,0.00111,0.000851,0.0029,15.003703703703708,0
253,253,2024-01-04 08:44:14+00:00,2024-01-04 08:44:14+00:00,25.146296296296303,0.1692592592592593,41.77999999999999,33.06222222222221,26.8725925925926,27.49592592592593,0.2300000000000001,66.16777777777779,0.001086,0.000895,0.002933,14.90740740740739,0
254,254,2024-01-04 08:44:15+00:00,2024-01-04 08:44:15+00:00,23.700000000000006,0.1762962962962963,41.8074074074074,31.604444444444454,26.877407407407404,27.497777777777785,0.2344444444444445,65.76185185185184,0.001124,0.00085,0.002949,14.93,0
255,255,2024-01-04 08:44:17+00:00,2024-01-04 08:44:17+00:00,20.87758620689656,0.1637931034482758,41.66793103448274,28.414827586206904,26.891034482758613,27.460689655172438,0.2310344827586208,65.6755172413793,0.001201,0.000815,0.00288,14.776896551724128,0
256,256,2024-01-04 08:44:18+00:00,2024-01-04 08:44:18+00:00,20.37076923076923,0.1669230769230769,41.66807692307692,28.29615384615384,26.896923076923077,27.45346153846153,0.231923076923077,65.97653846153845,0.001004,0.000765,0.002896,14.771153846153844,0
257,257,2024-01-04 08:44:19+00:00,2024-01-04 08:44:19+00:00,19.537857142857145,0.1757142857142857,41.60785714285714,27.527500000000003,26.89357142857142,27.42357142857143,0.2300000000000001,65.91821428571431,0.001122,0.000799,0.002907,14.714285714285722,0
258,258,2024-01-04 08:44:20+00:00,2024-01-04 08:44:20+00:00,19.639310344827585,0.1827586206896551,41.5455172413793,27.40137931034484,26.89344827586206,27.394482758620686,0.230344827586207,66.09655172413791,0.001071,0.000774,0.002842,14.65206896551724,0
259,259,2024-01-04 08:44:22+00:00,2024-01-04 08:44:22+00:00,20.07892857142857,0.1742857142857142,41.501428571428576,27.398571428571437,26.9225,27.419642857142858,0.2300000000000001,65.89821428571429,0.001093,0.000808,0.002862,14.57892857142858,0
260,260,2024-01-04 08:44:23+00:00,2024-01-04 08:44:23+00:00,20.28444444444445,0.1729629629629629,41.47148148148149,27.9825925925926,26.9325925925926,27.40592592592592,0.2292592592592593,65.96851851851854,0.001096,0.000854,0.002916,14.538888888888888,0
261,261,2024-01-04 08:44:24+00:00,2024-01-04 08:44:24+00:00,21.794074074074075,0.1781481481481482,41.443333333333335,29.33703703703704,26.913703703703717,27.43111111111112,0.2281481481481483,65.86481481481482,0.00117,0.000876,0.002931,14.52962962962962,0
262,262,2024-01-04 08:44:26+00:00,2024-01-04 08:44:26+00:00,23.722857142857134,0.1767857142857143,41.40642857142858,30.994285714285702,26.95250000000001,27.45892857142857,0.2300000000000001,65.77,0.001139,0.000832,0.00293,14.45392857142857,0
263,263,2024-01-04 08:44:27+00:00,2024-01-04 08:44:27+00:00,26.14346153846154,0.1765384615384615,41.39807692307692,33.13576923076923,26.95346153846155,27.44384615384615,0.2300000000000001,65.83846153846154,0.001108,0.000874,0.003055,14.444615384615371,0
264,264,2024-01-04 08:44:28+00:00,2024-01-04 08:44:28+00:00,27.02692307692307,0.1653846153846153,41.35307692307693,35.11923076923077,26.95192307692308,27.43038461538462,0.2300000000000001,65.7576923076923,0.00112,0.000798,0.003062,14.40115384615385,0
265,265,2024-01-04 08:44:30+00:00,2024-01-04 08:44:30+00:00,32.50296296296296,0.1796296296296296,41.410370370370366,39.51259259259259,26.963333333333352,27.514074074074077,0.2300000000000001,65.79,0.001201,0.000912,0.003089,14.447037037037012,0
266,266,2024-01-04 08:44:31+00:00,2024-01-04 08:44:31+00:00,34.327777777777776,0.1814814814814814,41.4051851851852,42.42185185185187,26.97777777777778,27.55518518518518,0.2348148148148149,65.9914814814815,0.001242,0.000869,0.003218,14.427407407407417,0
267,267,2024-01-04 08:44:32+00:00,2024-01-04 08:44:32+00:00,37.018620689655165,0.1806896551724138,41.41379310344829,46.05137931034482,26.978275862068976,27.605517241379303,0.2300000000000001,65.64655172413792,0.001181,0.00087,0.003216,14.435517241379316,0
268,268,2024-01-04 08:44:34+00:00,2024-01-04 08:44:34+00:00,43.84068965517242,0.1720689655172413,41.396206896551725,53.02586206896553,27.000344827586208,27.69862068965518,0.2341379310344829,65.2658620689655,0.001322,0.000849,0.003361,14.395862068965515,0
269,269,2024-01-04 08:44:35+00:00,2024-01-04 08:44:35+00:00,47.475,0.1803571428571428,41.455714285714286,56.37107142857143,26.99928571428571,27.73035714285715,0.2321428571428573,65.48107142857138,0.001263,0.000907,0.003412,14.456428571428578,0
270,270,2024-01-04 08:44:36+00:00,2024-01-04 08:44:36+00:00,51.039285714285725,0.1839285714285714,41.41392857142857,60.75071428571429,27.005357142857143,27.7575,0.2307142857142858,65.19714285714285,0.00127,0.000877,0.003585,14.408571428571427,0
271,271,2024-01-04 08:44:38+00:00,2024-01-04 08:44:38+00:00,59.24041666666667,0.1908333333333333,41.45583333333334,68.6675,27.017499999999995,27.832500000000007,0.2333333333333334,65.03749999999997,0.00134,0.000927,0.00361,14.438333333333343,0
272,272,2024-01-04 08:44:39+00:00,2024-01-04 08:44:39+00:00,62.586785714285725,0.1896428571428572,41.47357142857143,72.59249999999999,27.00678571428572,27.89642857142857,0.2385714285714287,65.23107142857143,0.001359,0.000921,0.003806,14.46678571428571,0
273,273,2024-01-04 08:44:40+00:00,2024-01-04 08:44:40+00:00,67.71866666666666,0.1919999999999999,41.46933333333333,77.98866666666665,27.009,27.969999999999988,0.2316666666666668,64.884,0.001383,0.000978,0.003721,14.460333333333327,0
274,274,2024-01-04 08:44:41+00:00,2024-01-04 08:44:41+00:00,72.94115384615385,0.1888461538461538,41.4876923076923,82.5569230769231,26.99384615384616,28.01115384615384,0.6903846153846154,64.91038461538461,0.001402,0.000886,0.00395,14.493846153846142,0
275,275,2024-01-04 08:44:43+00:00,2024-01-04 08:44:43+00:00,81.68037037037037,0.1925925925925926,41.46962962962965,92.75555555555556,27.00333333333333,28.125555555555565,0.9633333333333336,64.59111111111112,0.001462,0.000969,0.004038,14.466296296296314,0
276,276,2024-01-04 08:44:44+00:00,2024-01-04 08:44:44+00:00,86.84000000000002,0.1926923076923077,41.53615384615384,97.8376923076923,27.0203846153846,28.235769230769225,1.005384615384615,64.5026923076923,0.001398,0.000894,0.004021,14.51576923076924,0
277,277,2024-01-04 08:44:45+00:00,2024-01-04 08:44:45+00:00,91.915,0.2096428571428571,41.5375,103.33928571428572,27.032142857142844,28.27892857142857,1.0467857142857142,64.4482142857143,0.001473,0.000967,0.004199,14.505357142857155,0
278,278,2024-01-04 08:44:47+00:00,2024-01-04 08:44:47+00:00,101.85965517241377,0.1958620689655172,41.50655172413794,113.57379310344832,27.062068965517245,28.438965517241385,1.1372413793103449,64.43275862068964,0.001532,0.001007,0.004558,14.444482758620698,0
279,279,2024-01-04 08:44:48+00:00,2024-01-04 08:44:48+00:00,106.94777777777776,0.2092592592592593,41.56222222222222,118.80888888888892,27.061111111111117,28.52259259259259,1.1844444444444446,64.36333333333334,0.001543,0.00101,0.004697,14.501111111111104,0
280,280,2024-01-04 08:44:49+00:00,2024-01-04 08:44:49+00:00,111.99678571428572,0.1964285714285714,41.58678571428571,124.23464285714286,27.06357142857143,28.62,1.2335714285714283,63.89892857142859,0.001545,0.001019,0.004809,14.523214285714282,0
281,281,2024-01-04 08:44:51+00:00,2024-01-04 08:44:51+00:00,123.18888888888888,0.2081481481481481,41.64333333333334,136.2518518518518,27.091851851851864,28.773703703703717,1.3248148148148151,63.967037037037024,0.001549,0.000978,0.004895,14.551481481481474,0
282,282,2024-01-04 08:44:52+00:00,2024-01-04 08:44:52+00:00,127.17827586206896,0.2113793103448276,41.59586206896552,141.24448275862068,27.102413793103462,28.817931034482758,1.36448275862069,63.898620689655175,0.001613,0.001024,0.004934,14.49344827586206,0
283,283,2024-01-04 08:44:53+00:00,2024-01-04 08:44:53+00:00,132.92400000000004,0.2064,41.65439999999999,146.66639999999998,27.102800000000013,28.89560000000001,1.4176000000000002,63.76880000000003,0.001584,0.001019,0.004791,14.551599999999976,0
284,284,2024-01-04 08:44:55+00:00,2024-01-04 08:44:55+00:00,143.61892857142865,0.2185714285714286,41.69571428571427,156.9564285714286,27.11214285714286,29.06428571428571,1.4967857142857142,63.843571428571465,0.001523,0.000994,0.004836,14.583571428571409,0
285,285,2024-01-04 08:44:56+00:00,2024-01-04 08:44:56+00:00,148.3437037037037,0.2307407407407407,41.74,162.84962962962965,27.134444444444444,29.14666666666665,1.5411111111111109,63.817407407407394,0.001594,0.000988,0.005069,14.60555555555555,0
286,286,2024-01-04 08:44:57+00:00,2024-01-04 08:44:57+00:00,152.63148148148153,0.2266666666666666,41.77518518518517,167.62148148148148,27.13592592592592,29.245925925925924,1.588148148148149,63.25851851851854,0.001631,0.001032,0.005282,14.639259259259251,0
287,287,2024-01-04 08:44:59+00:00,2024-01-04 08:44:59+00:00,162.29777777777775,0.2322222222222222,41.81962962962962,178.55851851851855,27.13444444444444,29.402592592592597,1.6800000000000006,63.53259259259261,0.001611,0.001063,0.005319,14.685185185185183,0
288,288,2024-01-04 08:45:00+00:00,2024-01-04 08:45:00+00:00,168.43935483870968,0.2212903225806451,41.82967741935485,183.57548387096776,27.16064516129032,29.463870967741947,1.732258064516129,63.1158064516129,0.001643,0.001014,0.00564,14.669032258064531,0
289,289,2024-01-04 08:45:01+00:00,2024-01-04 08:45:01+00:00,171.04071428571427,0.2214285714285715,41.89214285714286,186.88428571428568,27.1475,29.575714285714287,1.7632142857142863,63.162500000000016,0.001675,0.001029,0.005695,14.74464285714286,0
290,290,2024-01-04 08:45:02+00:00,2024-01-04 08:45:02+00:00,176.26076923076923,0.2326923076923077,41.91269230769232,192.8184615384616,27.184615384615384,29.60500000000001,1.812307692307692,63.18269230769229,0.001777,0.001056,0.005974,14.728076923076934,0
291,291,2024-01-04 08:45:04+00:00,2024-01-04 08:45:04+00:00,185.5520689655172,0.2372413793103448,42.05034482758621,201.8275862068965,27.18310344827585,29.773793103448284,1.9096551724137931,62.98000000000001,0.001765,0.00104,0.006049,14.867241379310354,0
292,292,2024-01-04 08:45:05+00:00,2024-01-04 08:45:05+00:00,188.1285185185185,0.2477777777777778,42.07740740740741,205.12888888888884,27.18370370370369,29.82962962962963,1.9403703703703707,62.77518518518519,0.001859,0.001055,0.006231,14.893703703703718,0
293,293,2024-01-04 08:45:06+00:00,2024-01-04 08:45:06+00:00,190.7907142857144,0.2389285714285715,42.135,209.66857142857148,27.207500000000007,29.9382142857143,1.9953571428571428,62.98464285714285,0.001854,0.001057,0.006427,14.927499999999991,0
294,294,2024-01-04 08:45:08+00:00,2024-01-04 08:45:08+00:00,198.99517241379303,0.2296551724137932,42.25413793103448,216.79724137931035,27.19965517241379,30.05448275862069,2.0796551724137937,62.65724137931036,0.001827,0.001053,0.006481,15.054482758620686,0
295,295,2024-01-04 08:45:09+00:00,2024-01-04 08:45:09+00:00,201.8222222222222,0.2440740740740741,42.32851851851853,220.2555555555556,27.211111111111123,30.11740740740741,2.121111111111112,62.8062962962963,0.001871,0.001063,0.006598,15.117407407407406,0
296,296,2024-01-04 08:45:10+00:00,2024-01-04 08:45:10+00:00,205.1992857142857,0.2446428571428572,42.36642857142857,222.7971428571429,27.23714285714286,30.11785714285714,2.157499999999999,62.42857142857144,0.00191,0.001076,0.006685,15.129285714285713,0
297,297,2024-01-04 08:45:12+00:00,2024-01-04 08:45:12+00:00,210.05892857142857,0.2467857142857143,42.50571428571429,228.27071428571423,27.26821428571428,30.29142857142858,2.2199999999999984,62.1525,0.001934,0.001077,0.006785,15.237500000000017,0
298,298,2024-01-04 08:45:13+00:00,2024-01-04 08:45:13+00:00,211.71793103448272,0.2403448275862069,42.63517241379311,230.22068965517235,27.254482758620693,30.359310344827588,2.257586206896552,62.39103448275864,0.001952,0.001057,0.006876,15.380689655172414,0
299,299,2024-01-04 08:45:14+00:00,2024-01-04 08:45:14+00:00,213.2792307692307,0.2334615384615386,42.694615384615375,231.59961538461536,27.25,30.405,2.2753846153846164,62.43115384615384,0.001971,0.001078,0.006963,15.444615384615377,0
300,300,2024-01-04 08:45:16+00:00,2024-01-04 08:45:16+00:00,216.61111111111111,0.2437037037037036,42.81481481481482,234.9266666666668,27.277777777777764,30.4414814814815,2.3274074074074083,62.27037037037036,0.001967,0.001033,0.007005,15.53703703703706,0
301,301,2024-01-04 08:45:17+00:00,2024-01-04 08:45:17+00:00,217.92642857142852,0.2467857142857143,42.89142857142858,236.62321428571437,27.27464285714285,30.498571428571427,2.3528571428571428,62.23678571428571,0.001975,0.001047,0.007063,15.616785714285731,0
302,302,2024-01-04 08:45:18+00:00,2024-01-04 08:45:18+00:00,217.85074074074075,0.2451851851851851,42.986296296296274,237.29259259259257,27.27925925925925,30.52629629629629,2.36037037037037,62.1551851851852,0.00197,0.00106,0.007051,15.707037037037026,0
303,303,2024-01-04 08:45:19+00:00,2024-01-04 08:45:19+00:00,219.40483870967748,0.2474193548387097,43.059354838709694,238.1193548387098,27.269677419354835,30.567741935483877,2.376774193548387,62.28967741935484,0.001977,0.001105,0.007073,15.78967741935486,0
304,304,2024-01-04 08:45:21+00:00,2024-01-04 08:45:21+00:00,220.0358620689656,0.2420689655172413,43.16137931034481,238.25068965517232,27.307241379310337,30.60413793103447,2.386896551724139,62.37000000000002,0.001975,0.001077,0.007105,15.854137931034476,0
305,305,2024-01-04 08:45:22+00:00,2024-01-04 08:45:22+00:00,219.11538461538456,0.2384615384615385,43.24769230769231,238.10846153846157,27.329230769230776,30.60307692307692,2.3953846153846152,62.10769230769232,0.001962,0.001032,0.007102,15.918461538461536,0
306,306,2024-01-04 08:45:23+00:00,2024-01-04 08:45:23+00:00,219.0334615384615,0.2346153846153846,43.31730769230769,237.5565384615384,27.32615384615385,30.612692307692296,2.3880769230769228,62.05307692307694,0.001953,0.00103,0.007063,15.99115384615384,0
307,307,2024-01-04 08:45:25+00:00,2024-01-04 08:45:25+00:00,217.36033333333324,0.2373333333333333,43.43233333333334,235.949,27.330333333333343,30.630666666666663,2.368333333333333,62.09766666666666,0.001961,0.001023,0.007028,16.101999999999997,0
308,308,2024-01-04 08:45:26+00:00,2024-01-04 08:45:26+00:00,215.28259259259252,0.2377777777777778,43.48814814814814,234.4396296296296,27.350740740740743,30.625185185185188,2.3559259259259258,62.24111111111114,0.001938,0.001093,0.006993,16.137407407407398,0
309,309,2024-01-04 08:45:27+00:00,2024-01-04 08:45:27+00:00,213.1671428571429,0.2482142857142857,43.53178571428572,232.76142857142852,27.35321428571429,30.616071428571423,2.3285714285714287,62.52392857142858,0.001971,0.001101,0.006904,16.178571428571423,0
310,310,2024-01-04 08:45:29+00:00,2024-01-04 08:45:29+00:00,210.4429166666666,0.22875,43.662083333333335,228.03333333333345,27.38541666666666,30.61208333333333,2.2804166666666674,62.290833333333325,0.001918,0.001036,0.006811,16.276666666666674,0
311,311,2024-01-04 08:45:30+00:00,2024-01-04 08:45:30+00:00,206.82000000000008,0.2364285714285714,43.73535714285715,225.23357142857157,27.37392857142857,30.61035714285714,2.2425,62.65000000000001,0.00188,0.001042,0.006691,16.361428571428576,0
312,312,2024-01-04 08:45:31+00:00,2024-01-04 08:45:31+00:00,205.00629629629623,0.2348148148148148,43.77666666666668,223.67592592592592,27.38222222222222,30.59555555555556,2.2244444444444444,62.21370370370372,0.001849,0.001044,0.00659,16.394444444444456,0
313,313,2024-01-04 08:45:33+00:00,2024-01-04 08:45:33+00:00,199.38862068965523,0.2431034482758621,43.79586206896551,217.73000000000005,27.404482758620677,30.52344827586206,2.148275862068966,62.63206896551724,0.001829,0.001015,0.006476,16.39137931034484,0
314,314,2024-01-04 08:45:34+00:00,2024-01-04 08:45:34+00:00,195.38038461538463,0.2284615384615384,43.85384615384615,212.91615384615383,27.398461538461525,30.52846153846153,2.096538461538462,62.77038461538464,0.001779,0.001037,0.006256,16.455384615384624,0
315,315,2024-01-04 08:45:35+00:00,2024-01-04 08:45:35+00:00,192.1124,0.2316,43.8764,209.7004000000001,27.40679999999999,30.47040000000001,2.0524,62.554,0.001674,0.000996,0.006074,16.469600000000014,0
316,316,2024-01-04 08:45:37+00:00,2024-01-04 08:45:37+00:00,183.9474193548388,0.2206451612903226,43.95064516129033,201.6264516129032,27.45419354838711,30.44516129032259,1.966451612903226,62.88225806451613,0.001682,0.001053,0.005981,16.496451612903222,0
317,317,2024-01-04 08:45:38+00:00,2024-01-04 08:45:38+00:00,180.06692307692305,0.2269230769230769,43.9626923076923,197.1988461538461,27.45653846153847,30.38769230769231,1.9169230769230765,62.99307692307694,0.001662,0.001019,0.005768,16.50615384615383,0
318,318,2024-01-04 08:45:39+00:00,2024-01-04 08:45:39+00:00,175.9232000000001,0.2188000000000001,43.92720000000002,192.6267999999999,27.460000000000004,30.308800000000016,1.877199999999999,63.177600000000005,0.001613,0.001007,0.005587,16.467200000000016,0
319,319,2024-01-04 08:45:40+00:00,2024-01-04 08:45:40+00:00,171.8596296296296,0.2055555555555556,43.954444444444455,188.2922222222223,27.47037037037037,30.28592592592593,1.8374074074074076,62.92925925925926,0.001518,0.001048,0.005481,16.48407407407408,0
320,320,2024-01-04 08:45:42+00:00,2024-01-04 08:45:42+00:00,162.82481481481483,0.217037037037037,43.94740740740741,178.71666666666664,27.48111111111112,30.13851851851852,1.7529629629629628,63.29925925925927,0.001458,0.000989,0.00517,16.46629629629629,0
321,321,2024-01-04 08:45:43+00:00,2024-01-04 08:45:43+00:00,158.04037037037037,0.2148148148148149,43.93814814814817,173.5851851851852,27.48814814814816,30.09777777777777,1.7100000000000006,63.43518518518518,0.001455,0.001025,0.005124,16.450000000000017,0
322,322,2024-01-04 08:45:44+00:00,2024-01-04 08:45:44+00:00,152.51370370370373,0.2025925925925926,43.95185185185187,167.78111111111116,27.47592592592593,30.065185185185182,1.6677777777777774,63.35518518518517,0.001388,0.000967,0.004803,16.475925925925935,0
323,323,2024-01-04 08:45:46+00:00,2024-01-04 08:45:46+00:00,142.32321428571427,0.2075,43.95857142857143,157.63357142857143,27.516785714285707,29.93464285714285,1.5775000000000006,63.55285714285717,0.001331,0.000997,0.004604,16.441785714285718,0
324,324,2024-01-04 08:45:47+00:00,2024-01-04 08:45:47+00:00,136.8355172413793,0.2120689655172414,43.870689655172406,152.68482758620686,27.52275862068964,29.797241379310343,1.531724137931035,63.83137931034484,0.001322,0.000996,0.004585,16.347931034482766,0
325,325,2024-01-04 08:45:48+00:00,2024-01-04 08:45:48+00:00,132.98666666666668,0.2011111111111112,43.84851851851851,146.38814814814816,27.511851851851848,29.78740740740739,1.488518518518518,63.87074074074073,0.001345,0.000959,0.004521,16.336666666666662,0
326,326,2024-01-04 08:45:50+00:00,2024-01-04 08:45:50+00:00,122.69107142857148,0.2060714285714286,43.795357142857135,136.21750000000003,27.542499999999983,29.645357142857147,1.3964285714285718,64.09892857142859,0.001367,0.001007,0.00451,16.252857142857152,0
327,327,2024-01-04 08:45:51+00:00,2024-01-04 08:45:51+00:00,116.47703703703702,0.1888888888888889,43.78111111111111,129.5403703703703,27.536666666666655,29.592222222222222,1.3525925925925923,64.36111111111113,0.00135,0.000995,0.004485,16.24444444444445,0
328,328,2024-01-04 08:45:52+00:00,2024-01-04 08:45:52+00:00,111.36840000000002,0.2024,43.750800000000005,125.38000000000004,27.53479999999999,29.5264,1.3056,64.5112,0.001323,0.000983,0.004441,16.216000000000015,0
329,329,2024-01-04 08:45:54+00:00,2024-01-04 08:45:54+00:00,101.8246153846154,0.2003846153846154,43.69923076923077,114.81846153846158,27.58115384615385,29.40115384615385,1.2238461538461538,64.77115384615387,0.001361,0.00104,0.004392,16.118076923076924,0
330,330,2024-01-04 08:45:55+00:00,2024-01-04 08:45:55+00:00,97.09962962962965,0.195925925925926,43.66074074074075,108.63851851851857,27.555555555555543,29.32777777777778,1.1574074074074068,64.53444444444445,0.001293,0.00099,0.004245,16.105185185185206,0
331,331,2024-01-04 08:45:56+00:00,2024-01-04 08:45:56+00:00,90.75296296296298,0.2033333333333333,43.59333333333333,102.85111111111112,27.580740740740747,29.25296296296296,1.1103703703703705,64.73481481481481,0.001242,0.000986,0.00401,16.012592592592586,0
332,332,2024-01-04 08:45:57+00:00,2024-01-04 08:45:57+00:00,85.07703703703703,0.1855555555555556,43.52518518518519,97.72037037037036,27.590370370370383,29.177407407407404,1.0648148148148149,64.83259259259258,0.001199,0.00096,0.003889,15.934814814814803,0
333,333,2024-01-04 08:45:59+00:00,2024-01-04 08:45:59+00:00,77.55153846153847,0.1973076923076922,43.47,88.18538461538462,27.621923076923075,29.079615384615384,0.97,65.08038461538462,0.001305,0.000952,0.003923,15.848076923076924,0
334,334,2024-01-04 08:46:00+00:00,2024-01-04 08:46:00+00:00,71.74964285714283,0.1825,43.39714285714286,82.94785714285716,27.611785714285723,29.008928571428577,0.9264285714285708,65.00678571428571,0.001169,0.000921,0.003712,15.785357142857135,0
335,335,2024-01-04 08:46:01+00:00,2024-01-04 08:46:01+00:00,66.96928571428569,0.1917857142857143,43.32571428571429,78.60785714285714,27.61071428571429,28.94535714285714,0.7950000000000006,65.12000000000002,0.001183,0.000909,0.003623,15.71499999999999,0
336,336,2024-01-04 08:46:03+00:00,2024-01-04 08:46:03+00:00,59.07653846153847,0.1976923076923078,43.30692307692308,69.43692307692308,27.639615384615382,28.84000000000001,0.233846153846154,65.33653846153848,0.00117,0.000953,0.003517,15.667307692307691,0
337,337,2024-01-04 08:46:04+00:00,2024-01-04 08:46:04+00:00,54.799687499999976,0.1759374999999999,43.24625,64.81718750000002,27.637812499999992,28.7878125,0.2318750000000002,65.4834375,0.001111,0.00094,0.003364,15.608437500000004,0
338,338,2024-01-04 08:46:05+00:00,2024-01-04 08:46:05+00:00,50.742413793103466,0.1751724137931034,43.12724137931032,60.05862068965517,27.641724137931035,28.72793103448276,0.2317241379310346,65.08655172413793,0.001088,0.000912,0.003247,15.485517241379284,0
339,339,2024-01-04 08:46:07+00:00,2024-01-04 08:46:07+00:00,43.60266666666667,0.1853333333333334,43.124333333333325,52.78033333333333,27.66533333333332,28.663,0.2300000000000001,65.40933333333335,0.001123,0.000866,0.003155,15.459000000000003,0
340,340,2024-01-04 08:46:08+00:00,2024-01-04 08:46:08+00:00,40.13346153846154,0.1903846153846154,43.05961538461536,49.64038461538461,27.669999999999995,28.57038461538463,0.2311538461538463,65.66884615384615,0.001073,0.000807,0.002967,15.389615384615368,0
341,341,2024-01-04 08:46:09+00:00,2024-01-04 08:46:09+00:00,37.63407407407408,0.1699999999999999,42.99111111111112,46.54111111111112,27.68962962962963,28.550370370370366,0.2300000000000001,65.62777777777778,0.001026,0.000902,0.002964,15.301481481481488,0
342,342,2024-01-04 08:46:11+00:00,2024-01-04 08:46:11+00:00,31.8674074074074,0.1762962962962963,42.88370370370371,40.53555555555555,27.696666666666665,28.45703703703703,0.2307407407407408,65.60592592592592,0.001019,0.00081,0.002927,15.187037037037044,0
343,343,2024-01-04 08:46:12+00:00,2024-01-04 08:46:12+00:00,29.69518518518518,0.192962962962963,42.82703703703705,37.67555555555556,27.69851851851852,28.423333333333336,0.2348148148148149,65.84,0.000974,0.000824,0.002835,15.12851851851853,0
344,344,2024-01-04 08:46:13+00:00,2024-01-04 08:46:13+00:00,27.30999999999999,0.1751851851851851,42.77629629629632,35.03592592592592,27.70296296296297,28.366296296296305,0.2307407407407408,65.97925925925925,0.00099,0.000863,0.002749,15.073333333333345,0
345,345,2024-01-04 08:46:15+00:00,2024-01-04 08:46:15+00:00,23.567333333333327,0.1743333333333333,42.69699999999999,31.877666666666663,27.71400000000001,28.321000000000005,0.2300000000000001,65.69999999999999,0.001039,0.000895,0.002735,14.982999999999985,0
346,346,2024-01-04 08:46:16+00:00,2024-01-04 08:46:16+00:00,22.4773076923077,0.1715384615384615,42.66615384615383,29.6723076923077,27.71615384615385,28.305769230769236,0.2311538461538463,66.10923076923076,0.001005,0.000892,0.002752,14.949999999999974,0
347,347,2024-01-04 08:46:17+00:00,2024-01-04 08:46:17+00:00,21.084137931034483,0.179655172413793,42.59275862068966,28.5296551724138,27.75172413793104,28.270000000000003,0.2327586206896553,66.07310344827586,0.000952,0.000802,0.002712,14.84103448275862,0
348,348,2024-01-04 08:46:18+00:00,2024-01-04 08:46:18+00:00,20.96239999999999,0.1776,42.5324,28.169599999999992,27.756799999999995,28.246,0.2300000000000001,65.90479999999998,0.001012,0.00082,0.00272,14.7756,0
349,349,2024-01-04 08:46:20+00:00,2024-01-04 08:46:20+00:00,19.81344827586207,0.1737931034482759,42.49551724137933,27.002068965517243,27.765862068965507,28.247586206896557,0.2300000000000001,65.98620689655174,0.001003,0.000801,0.002663,14.729655172413825,0
350,350,2024-01-04 08:46:21+00:00,2024-01-04 08:46:21+00:00,20.09961538461539,0.1734615384615384,42.435,27.098846153846143,27.783076923076912,28.27461538461538,0.2300000000000001,66.25576923076923,0.000939,0.000792,0.002697,14.651923076923085,0
351,351,2024-01-04 08:46:22+00:00,2024-01-04 08:46:22+00:00,19.21703703703703,0.1707407407407407,42.44444444444445,27.417407407407406,27.78407407407406,28.247407407407405,0.2285185185185186,66.24296296296296,0.001006,0.000867,0.00274,14.66037037037039,0
352,352,2024-01-04 08:46:24+00:00,2024-01-04 08:46:24+00:00,21.988888888888894,0.1818518518518518,42.36518518518518,28.930740740740745,27.797777777777764,28.232592592592592,0.2300000000000001,66.05259259259259,0.001023,0.000833,0.002771,14.56740740740742,0
353,353,2024-01-04 08:46:25+00:00,2024-01-04 08:46:25+00:00,21.857241379310352,0.1810344827586207,42.364137931034506,29.733793103448267,27.80310344827585,28.26620689655172,0.2300000000000001,65.87448275862073,0.000975,0.000827,0.002762,14.561034482758656,0
354,354,2024-01-04 08:46:26+00:00,2024-01-04 08:46:26+00:00,24.144074074074062,0.1837037037037037,42.36666666666665,31.74074074074074,27.800370370370384,28.25444444444444,0.2303703703703705,65.82407407407409,0.001095,0.000885,0.00284,14.566296296296269,0
355,355,2024-01-04 08:46:28+00:00,2024-01-04 08:46:28+00:00,27.210322580645165,0.1745161290322581,42.27419354838708,34.956129032258055,27.819032258064524,28.28161290322581,0.2303225806451614,65.81451612903227,0.000972,0.0008,0.002901,14.455161290322556,0
356,356,2024-01-04 08:46:29+00:00,2024-01-04 08:46:29+00:00,29.29857142857143,0.1717857142857143,42.34857142857141,36.66785714285714,27.817142857142866,28.37678571428572,0.2346428571428572,66.07357142857144,0.001021,0.000854,0.002935,14.531428571428547,0
357,357,2024-01-04 08:46:30+00:00,2024-01-04 08:46:30+00:00,30.94392857142856,0.1778571428571428,42.32107142857142,39.28428571428572,27.823214285714297,28.386785714285715,0.2382142857142858,65.83392857142857,0.001018,0.000849,0.002926,14.497857142857123,0
358,358,2024-01-04 08:46:32+00:00,2024-01-04 08:46:32+00:00,36.95428571428571,0.1885714285714285,42.32214285714287,45.5242857142857,27.84428571428572,28.423214285714277,0.2371428571428573,65.63035714285714,0.001087,0.000866,0.003109,14.477857142857143,0
359,359,2024-01-04 08:46:33+00:00,2024-01-04 08:46:33+00:00,40.608888888888885,0.1748148148148147,42.30481481481482,48.24333333333331,27.84148148148149,28.494074074074085,0.231851851851852,65.55444444444446,0.001144,0.000841,0.003109,14.463333333333328,0
360,360,2024-01-04 08:46:34+00:00,2024-01-04 08:46:34+00:00,43.09291666666667,0.1754166666666667,42.31333333333335,52.190000000000005,27.854166666666675,28.514583333333345,0.2304166666666668,65.46166666666669,0.001095,0.000917,0.003221,14.459166666666672,0
361,361,2024-01-04 08:46:36+00:00,2024-01-04 08:46:36+00:00,51.02307692307689,0.1846153846153846,42.27769230769232,59.81846153846156,27.855,28.60576923076924,0.2300000000000001,65.17423076923077,0.001199,0.000865,0.003371,14.42269230769232,0
362,362,2024-01-04 08:46:37+00:00,2024-01-04 08:46:37+00:00,55.22576923076922,0.1861538461538462,42.339615384615385,63.538846153846166,27.85500000000001,28.659230769230764,0.2392307692307693,65.4196153846154,0.001118,0.000878,0.003397,14.484615384615374,0
363,363,2024-01-04 08:46:38+00:00,2024-01-04 08:46:38+00:00,58.13344827586205,0.1927586206896551,42.307241379310334,67.56172413793105,27.885172413793097,28.70862068965517,0.237241379310345,65.14896551724138,0.001203,0.000926,0.003666,14.422068965517235,0
364,364,2024-01-04 08:46:39+00:00,2024-01-04 08:46:39+00:00,62.54750000000002,0.1841666666666667,42.34833333333334,72.03041666666668,27.885416666666668,28.779166666666654,0.2341666666666667,65.21166666666666,0.001156,0.000884,0.003615,14.462916666666676,0
365,365,2024-01-04 08:46:41+00:00,2024-01-04 08:46:41+00:00,71.53555555555555,0.1851851851851852,42.34222222222221,81.34592592592593,27.89259259259259,28.891111111111112,0.6611111111111112,64.79370370370371,0.001284,0.000919,0.003905,14.449629629629625,0
366,366,2024-01-04 08:46:42+00:00,2024-01-04 08:46:42+00:00,76.19857142857144,0.1914285714285714,42.36107142857141,86.33714285714287,27.888214285714287,28.955714285714297,0.9260714285714288,64.82178571428571,0.001253,0.00096,0.003926,14.472857142857126,0
367,367,2024-01-04 08:46:43+00:00,2024-01-04 08:46:43+00:00,80.61535714285716,0.1910714285714286,42.35607142857142,91.3925,27.89785714285713,29.027499999999986,0.9671428571428572,64.56214285714286,0.00129,0.000929,0.004087,14.458214285714284,0
368,368,2024-01-04 08:46:45+00:00,2024-01-04 08:46:45+00:00,89.98518518518519,0.2003703703703703,42.37777777777777,101.82185185185185,27.912592592592592,29.17,1.0574074074074074,64.37777777777781,0.001381,0.001006,0.004277,14.46518518518518,0
369,369,2024-01-04 08:46:46+00:00,2024-01-04 08:46:46+00:00,95.50999999999998,0.1889285714285714,42.34964285714284,106.85321428571432,27.91642857142857,29.243571428571432,1.1075000000000002,64.33178571428572,0.001334,0.000996,0.004249,14.433214285714268,0
370,370,2024-01-04 08:46:47+00:00,2024-01-04 08:46:47+00:00,101.8313793103448,0.1906896551724137,42.348965517241375,112.83551724137928,27.940689655172427,29.309655172413795,1.1589655172413798,64.38689655172416,0.001379,0.00098,0.004303,14.408275862068948,0
371,371,2024-01-04 08:46:49+00:00,2024-01-04 08:46:49+00:00,111.12874999999998,0.1966666666666667,42.43541666666666,123.09958333333336,27.980000000000004,29.48833333333334,1.252916666666667,64.14624999999997,0.00138,0.00096,0.004471,14.455416666666656,0
372,372,2024-01-04 08:46:50+00:00,2024-01-04 08:46:50+00:00,115.92428571428572,0.1985714285714285,42.46035714285716,128.0803571428572,27.972857142857155,29.585357142857152,1.2928571428571427,63.889642857142825,0.001472,0.001023,0.004634,14.4875,0
373,373,2024-01-04 08:46:51+00:00,2024-01-04 08:46:51+00:00,120.82464285714283,0.21,42.42714285714286,134.72642857142856,27.983928571428574,29.64928571428572,1.3417857142857148,63.96535714285714,0.001507,0.001023,0.004733,14.443214285714284,0
374,374,2024-01-04 08:46:53+00:00,2024-01-04 08:46:53+00:00,132.32172413793106,0.1989655172413792,42.463448275862056,145.66275862068966,28.00137931034483,29.81586206896551,1.4365517241379318,63.53586206896552,0.001436,0.000962,0.004739,14.462068965517226,0
375,375,2024-01-04 08:46:54+00:00,2024-01-04 08:46:54+00:00,137.7051724137931,0.2065517241379311,42.55758620689654,150.62275862068964,28.00103448275862,29.927241379310345,1.4734482758620686,63.66896551724139,0.001412,0.000962,0.004682,14.556551724137918,0
376,376,2024-01-04 08:46:55+00:00,2024-01-04 08:46:55+00:00,143.174,0.206,42.515,155.9683333333333,28.03699999999999,29.97366666666666,1.5206666666666666,63.61033333333332,0.001421,0.000993,0.004733,14.478000000000012,0
377,377,2024-01-04 08:46:56+00:00,2024-01-04 08:46:56+00:00,147.83851851851855,0.2196296296296296,42.49777777777777,161.817037037037,28.02888888888888,30.020370370370383,1.5670370370370368,63.40740740740743,0.001429,0.001013,0.004932,14.468888888888891,0
378,378,2024-01-04 08:46:58+00:00,2024-01-04 08:46:58+00:00,157.04857142857148,0.2185714285714286,42.61107142857144,171.9557142857143,28.045000000000005,30.195714285714292,1.6642857142857144,63.35035714285716,0.001528,0.001119,0.005251,14.56607142857143,0
379,379,2024-01-04 08:46:59+00:00,2024-01-04 08:46:59+00:00,162.2426923076923,0.2138461538461538,42.64923076923076,176.8011538461538,28.051923076923064,30.316923076923096,1.7107692307692308,63.03346153846156,0.001556,0.000982,0.005425,14.597307692307698,0
380,380,2024-01-04 08:47:00+00:00,2024-01-04 08:47:00+00:00,166.58000000000004,0.2100000000000001,42.692962962962966,181.80370370370363,28.065555555555548,30.41,1.7485185185185188,63.03888888888891,0.001581,0.001019,0.005509,14.627407407407418,0
381,381,2024-01-04 08:47:02+00:00,2024-01-04 08:47:02+00:00,175.22888888888883,0.217037037037037,42.78962962962963,191.20333333333332,28.102222222222235,30.53518518518517,1.8403703703703709,62.933703703703706,0.001677,0.000997,0.005853,14.687407407407395,0
382,382,2024-01-04 08:47:03+00:00,2024-01-04 08:47:03+00:00,180.3203703703704,0.228888888888889,42.81037037037039,196.15296296296296,28.101111111111123,30.62703703703703,1.8859259259259256,62.96592592592594,0.001727,0.001057,0.005906,14.709259259259262,0
383,383,2024-01-04 08:47:04+00:00,2024-01-04 08:47:04+00:00,184.45423076923075,0.2292307692307691,42.8723076923077,199.79923076923075,28.095,30.69115384615385,1.933076923076924,62.82346153846153,0.001764,0.00103,0.006125,14.777307692307698,0
384,384,2024-01-04 08:47:06+00:00,2024-01-04 08:47:06+00:00,191.7103846153846,0.2296153846153846,42.98961538461539,207.4619230769231,28.12423076923077,30.826538461538465,2.024230769230769,62.82615384615386,0.00176,0.001009,0.006177,14.86538461538462,0
385,385,2024-01-04 08:47:07+00:00,2024-01-04 08:47:07+00:00,195.21833333333336,0.2283333333333333,43.02583333333334,211.86416666666665,28.129166666666663,30.914583333333344,2.0733333333333333,62.63541666666669,0.001848,0.001052,0.006377,14.896666666666672,0
386,386,2024-01-04 08:47:08+00:00,2024-01-04 08:47:08+00:00,196.9957142857143,0.2292857142857144,43.125714285714295,214.235,28.125,30.962142857142855,2.1,62.32,0.001859,0.00102,0.006499,15.0007142857143,0
387,387,2024-01-04 08:47:10+00:00,2024-01-04 08:47:10+00:00,203.2610714285714,0.2278571428571429,43.20357142857144,221.40785714285715,28.16142857142857,31.10142857142857,2.1878571428571427,62.397142857142846,0.001906,0.001044,0.00659,15.04214285714287,0
388,388,2024-01-04 08:47:11+00:00,2024-01-04 08:47:11+00:00,207.2,0.24,43.257,224.6680000000001,28.19133333333333,31.149333333333345,2.2289999999999988,62.40466666666667,0.001939,0.001088,0.006703,15.065666666666669,0
389,389,2024-01-04 08:47:12+00:00,2024-01-04 08:47:12+00:00,208.15000000000003,0.2396551724137931,43.294827586206885,227.4072413793104,28.18758620689656,31.20620689655173,2.2648275862068963,62.18379310344829,0.001947,0.001055,0.006824,15.107241379310327,0
390,390,2024-01-04 08:47:14+00:00,2024-01-04 08:47:14+00:00,213.93400000000008,0.2428000000000001,43.527200000000015,231.9788,28.217200000000005,31.34080000000001,2.3264000000000005,62.00719999999998,0.001981,0.001069,0.006911,15.31000000000001,0
391,391,2024-01-04 08:47:16+00:00,2024-01-04 08:47:16+00:00,215.67200000000005,0.2348000000000001,43.63639999999999,234.1512,28.20520000000001,31.41359999999999,2.3684000000000007,62.34040000000001,0.001983,0.001066,0.006977,15.43119999999998,0
392,392,2024-01-04 08:47:17+00:00,2024-01-04 08:47:17+00:00,217.0826666666667,0.2423333333333332,43.67400000000001,236.23766666666663,28.20933333333335,31.435333333333343,2.393333333333332,62.554666666666655,0.001972,0.001031,0.00706,15.464666666666655,0
393,393,2024-01-04 08:47:19+00:00,2024-01-04 08:47:19+00:00,218.91074074074075,0.2359259259259259,43.78666666666667,237.75888888888892,28.24851851851852,31.492592592592587,2.431851851851852,61.83592592592591,0.001977,0.001033,0.00703,15.538148148148151,0
394,394,2024-01-04 08:47:25+00:00,2024-01-04 08:47:25+00:00,216.0248275862069,0.2400000000000001,44.21137931034482,235.334827586207,28.278965517241367,31.58,2.4275862068965526,62.28,0.001917,0.001052,0.006896,15.93241379310345,0
395,395,2024-01-04 08:47:27+00:00,2024-01-04 08:47:27+00:00,212.7984615384616,0.2365384615384616,44.31846153846155,232.27269230769235,28.309615384615384,31.59423076923077,2.3788461538461543,62.31038461538462,0.001883,0.001091,0.006815,16.008846153846164,0
396,396,2024-01-04 08:47:28+00:00,2024-01-04 08:47:28+00:00,211.96000000000004,0.2360714285714285,44.39035714285715,230.90857142857132,28.307499999999997,31.61892857142857,2.365357142857143,62.08535714285716,0.001868,0.001058,0.006729,16.082857142857154,0
397,397,2024-01-04 08:47:29+00:00,2024-01-04 08:47:29+00:00,210.09620689655168,0.2327586206896553,44.45275862068965,228.1955172413793,28.33000000000001,31.60275862068965,2.327931034482759,62.2441379310345,0.001856,0.001039,0.006623,16.12275862068964,0
398,398,2024-01-04 08:47:31+00:00,2024-01-04 08:47:31+00:00,205.2724000000001,0.2328,44.5124,222.8396,28.34240000000001,31.55039999999999,2.2704,62.4392,0.00181,0.001027,0.006532,16.16999999999999,0
399,399,2024-01-04 08:47:32+00:00,2024-01-04 08:47:32+00:00,201.8207407407408,0.2377777777777778,44.576296296296285,220.6240740740741,28.36703703703704,31.549999999999997,2.2355555555555555,62.59074074074074,0.001842,0.000996,0.006435,16.209259259259245,0
400,400,2024-01-04 08:47:33+00:00,2024-01-04 08:47:33+00:00,198.7140740740741,0.2403703703703704,44.59111111111112,217.58148148148155,28.37925925925926,31.528888888888883,2.1974074074074075,62.44481481481479,0.00181,0.001044,0.006399,16.211851851851858,0
401,401,2024-01-04 08:47:34+00:00,2024-01-04 08:47:34+00:00,195.0616666666667,0.2270833333333334,44.65625,213.64749999999995,28.38208333333333,31.53125,2.1541666666666663,62.66916666666665,0.001735,0.001026,0.006248,16.27416666666667,0
402,402,2024-01-04 08:47:36+00:00,2024-01-04 08:47:36+00:00,189.4632258064516,0.2116129032258064,44.692580645161314,206.30419354838705,28.404516129032253,31.47645161290322,2.065806451612903,62.61096774193549,0.001705,0.001031,0.006042,16.28806451612906,0
403,403,2024-01-04 08:47:37+00:00,2024-01-04 08:47:37+00:00,185.39153846153843,0.2234615384615385,44.677692307692304,202.2873076923076,28.40538461538461,31.37576923076923,2.0192307692307687,62.75769230769231,0.001719,0.001033,0.005963,16.272307692307695,0
404,404,2024-01-04 08:47:38+00:00,2024-01-04 08:47:38+00:00,181.31,0.2084615384615385,44.70884615384618,197.6684615384615,28.400384615384613,31.338461538461534,1.965769230769232,63.018461538461565,0.001585,0.001002,0.005741,16.308461538461568,0
405,405,2024-01-04 08:47:40+00:00,2024-01-04 08:47:40+00:00,173.18296296296296,0.2233333333333334,44.69222222222223,189.51481481481483,28.4377777777778,31.25629629629629,1.893333333333334,63.204444444444434,0.001585,0.001,0.005591,16.25444444444443,0
406,406,2024-01-04 08:47:41+00:00,2024-01-04 08:47:41+00:00,168.31777777777782,0.2277777777777778,44.71407407407408,184.3155555555556,28.45555555555557,31.23185185185185,1.831851851851852,63.20407407407408,0.001507,0.000983,0.005402,16.258518518518514,0
407,407,2024-01-04 08:47:42+00:00,2024-01-04 08:47:42+00:00,162.61517241379312,0.2017241379310345,44.74896551724137,179.02793103448278,28.453793103448287,31.18310344827585,1.7927586206896555,63.0593103448276,0.001517,0.001029,0.005279,16.295172413793086,0
408,408,2024-01-04 08:47:44+00:00,2024-01-04 08:47:44+00:00,154.60888888888883,0.2159259259259259,44.715185185185184,169.26888888888885,28.47703703703705,31.068148148148143,1.7088888888888885,63.37740740740743,0.001447,0.001028,0.004979,16.238148148148134,0
409,409,2024-01-04 08:47:45+00:00,2024-01-04 08:47:45+00:00,147.83259259259265,0.2107407407407407,44.71407407407409,163.45629629629627,28.50333333333333,30.97740740740741,1.6570370370370369,63.50777777777779,0.001413,0.000975,0.004875,16.21074074074076,0
410,410,2024-01-04 08:47:46+00:00,2024-01-04 08:47:46+00:00,142.65,0.2114285714285713,44.70428571428573,157.80607142857144,28.490714285714287,30.904642857142868,1.616785714285715,63.5425,0.001392,0.000948,0.004782,16.213571428571438,0
411,411,2024-01-04 08:47:48+00:00,2024-01-04 08:47:48+00:00,132.9348148148148,0.2033333333333334,44.641481481481485,148.38111111111115,28.49037037037037,30.79037037037037,1.5218518518518522,64.15259259259257,0.001389,0.00098,0.004576,16.15111111111111,0
412,412,2024-01-04 08:47:49+00:00,2024-01-04 08:47:49+00:00,128.11222222222227,0.2081481481481482,44.61555555555556,142.67074074074074,28.492592592592597,30.71666666666667,1.4785185185185186,63.85666666666665,0.001352,0.001014,0.004413,16.122962962962966,0
413,413,2024-01-04 08:47:50+00:00,2024-01-04 08:47:50+00:00,122.95642857142856,0.2024999999999999,44.63571428571431,137.33857142857144,28.492857142857144,30.66428571428571,1.433214285714285,63.96607142857143,0.00135,0.000945,0.004413,16.142857142857164,0
414,414,2024-01-04 08:47:52+00:00,2024-01-04 08:47:52+00:00,113.2926923076923,0.1980769230769231,44.5453846153846,126.36615384615384,28.52423076923077,30.55230769230769,1.346923076923077,64.37307692307692,0.001323,0.000979,0.004372,16.02115384615383,0
415,415,2024-01-04 08:47:53+00:00,2024-01-04 08:47:53+00:00,106.1617857142857,0.1946428571428571,44.53357142857143,120.67071428571433,28.537499999999984,30.440357142857152,1.2925000000000004,64.48678571428573,0.001374,0.001012,0.004341,15.996071428571444,0
416,416,2024-01-04 08:47:54+00:00,2024-01-04 08:47:54+00:00,102.82178571428572,0.1892857142857142,44.52035714285714,114.6614285714286,28.53749999999999,30.44,1.2478571428571426,64.68250000000002,0.001297,0.000935,0.004299,15.982857142857153,0
417,417,2024-01-04 08:47:55+00:00,2024-01-04 08:47:55+00:00,97.26166666666666,0.20125,44.44333333333335,109.69083333333332,28.54958333333332,30.32875000000001,1.1970833333333333,64.44083333333334,0.001321,0.000966,0.004255,15.89375000000003,0
418,418,2024-01-04 08:47:57+00:00,2024-01-04 08:47:57+00:00,87.45285714285714,0.1821428571428572,44.36571428571428,98.56428571428572,28.56250000000001,30.18178571428572,1.1003571428571424,64.755,0.001279,0.000954,0.004065,15.803214285714263,0
419,419,2024-01-04 08:47:58+00:00,2024-01-04 08:47:58+00:00,82.43827586206893,0.1917241379310344,44.30517241379309,93.63103448275862,28.582758620689667,30.122413793103444,1.0486206896551729,64.71517241379311,0.001201,0.000916,0.003881,15.72241379310342,0
420,420,2024-01-04 08:47:59+00:00,2024-01-04 08:47:59+00:00,76.8862962962963,0.1785185185185186,44.2374074074074,88.64222222222227,28.59185185185187,30.0125925925926,0.9999999999999998,64.76851851851853,0.00126,0.00097,0.00391,15.645555555555523,0
421,421,2024-01-04 08:48:01+00:00,2024-01-04 08:48:01+00:00,67.88259259259262,0.1774074074074074,44.20518518518519,78.32074074074073,28.60814814814815,29.96222222222222,0.8992592592592593,65.10074074074073,0.001175,0.000899,0.00368,15.597037037037037,0
422,422,2024-01-04 08:48:02+00:00,2024-01-04 08:48:02+00:00,63.28679999999999,0.1812,44.12479999999999,73.76880000000001,28.613600000000005,29.9248,0.2980000000000001,65.04800000000002,0.001211,0.000921,0.00365,15.511199999999988,0
423,423,2024-01-04 08:48:03+00:00,2024-01-04 08:48:03+00:00,59.747692307692304,0.1861538461538461,44.10346153846153,69.38576923076923,28.627692307692307,29.88115384615385,0.2392307692307693,65.17961538461539,0.001154,0.000875,0.003423,15.475769230769224,0
424,424,2024-01-04 08:48:05+00:00,2024-01-04 08:48:05+00:00,51.86214285714285,0.1785714285714285,43.99750000000001,61.57464285714286,28.670357142857146,29.76285714285714,0.2375000000000001,65.37000000000002,0.001102,0.000858,0.003371,15.327142857142867,0
425,425,2024-01-04 08:48:06+00:00,2024-01-04 08:48:06+00:00,46.86758620689654,0.1744827586206896,43.96551724137933,56.72103448275863,28.656206896551712,29.71551724137933,0.2368965517241381,65.23896551724138,0.001083,0.000871,0.003227,15.309310344827612,0
426,426,2024-01-04 08:48:07+00:00,2024-01-04 08:48:07+00:00,43.798,0.1776,43.903200000000005,53.60680000000002,28.677599999999995,29.6468,0.2324000000000001,65.594,0.001021,0.000816,0.003077,15.22560000000001,0
427,427,2024-01-04 08:48:09+00:00,2024-01-04 08:48:09+00:00,38.15576923076921,0.1746153846153846,43.83730769230769,46.03346153846154,28.694615384615386,29.611538461538466,0.2315384615384616,65.74576923076923,0.001061,0.00087,0.003042,15.142692307692304,0
428,428,2024-01-04 08:48:10+00:00,2024-01-04 08:48:10+00:00,35.414516129032265,0.1648387096774194,43.76290322580645,43.33677419354838,28.70645161290323,29.52193548387097,0.2364516129032259,65.8958064516129,0.001053,0.000856,0.003019,15.056451612903215,0
429,429,2024-01-04 08:48:11+00:00,2024-01-04 08:48:11+00:00,32.35259259259259,0.1762962962962962,43.70518518518519,40.12925925925925,28.71666666666668,29.51296296296296,0.2337037037037038,65.77814814814815,0.000986,0.000803,0.002945,14.988518518518507,0
430,430,2024-01-04 08:48:13+00:00,2024-01-04 08:48:13+00:00,28.292380952380945,0.1685714285714285,43.60809523809523,34.92809523809525,28.7547619047619,29.42,0.2328571428571429,65.83142857142859,0.00098,0.000825,0.002844,14.853333333333332,0
431,431,2024-01-04 08:48:14+00:00,2024-01-04 08:48:14+00:00,25.132307692307684,0.1684615384615384,43.48846153846153,32.01692307692308,28.761538461538457,29.35615384615385,0.2338461538461538,65.87076923076923,0.001018,0.000897,0.002775,14.726923076923072,0
432,432,2024-01-04 08:48:15+00:00,2024-01-04 08:48:15+00:00,23.883703703703716,0.1725925925925926,43.52074074074075,31.897777777777783,28.760740740740736,29.37444444444445,0.2325925925925927,66.03851851851852,0.000972,0.00082,0.002785,14.760000000000012,0
433,433,2024-01-04 08:48:16+00:00,2024-01-04 08:48:16+00:00,22.26888888888889,0.1699999999999999,43.49074074074074,30.167777777777783,28.761851851851848,29.342592592592585,0.234814814814815,65.90481481481483,0.001025,0.000889,0.002789,14.728888888888893,0
434,434,2024-01-04 08:48:18+00:00,2024-01-04 08:48:18+00:00,19.925000000000004,0.1721428571428571,43.39821428571428,27.53821428571428,28.76357142857142,29.315357142857145,0.2300000000000001,66.15035714285713,0.00101,0.000837,0.00277,14.63464285714286,0
435,435,2024-01-04 08:48:19+00:00,2024-01-04 08:48:19+00:00,20.598518518518517,0.1629629629629629,43.34925925925927,26.762962962962973,28.78185185185184,29.301481481481485,0.2300000000000001,65.96074074074076,0.00099,0.000765,0.002719,14.56740740740743,0
436,436,2024-01-04 08:48:20+00:00,2024-01-04 08:48:20+00:00,19.59777777777778,0.1796296296296297,43.33592592592591,26.997407407407408,28.789999999999992,29.27925925925926,0.2307407407407408,66.30259259259259,0.001028,0.000838,0.002723,14.54592592592592,0
437,437,2024-01-04 08:48:22+00:00,2024-01-04 08:48:22+00:00,20.092500000000005,0.1667857142857143,43.20499999999999,27.175,28.798214285714277,29.27642857142857,0.2350000000000001,66.04821428571427,0.000943,0.000741,0.002746,14.406785714285718,0
438,438,2024-01-04 08:48:23+00:00,2024-01-04 08:48:23+00:00,20.710740740740736,0.1618518518518518,43.24,26.97074074074074,28.781851851851847,29.238518518518507,0.2303703703703705,66.00592592592595,0.00106,0.000811,0.002732,14.458148148148148,0
439,439,2024-01-04 08:48:24+00:00,2024-01-04 08:48:24+00:00,21.461071428571437,0.1735714285714285,43.16107142857145,28.196785714285717,28.79714285714285,29.23214285714285,0.2325000000000001,66.16392857142857,0.000972,0.000777,0.002782,14.363928571428596,0
440,440,2024-01-04 08:48:26+00:00,2024-01-04 08:48:26+00:00,22.63740740740741,0.1577777777777777,43.12629629629631,30.48222222222223,28.80074074074074,29.25333333333333,0.2300000000000001,65.85555555555555,0.001022,0.000871,0.002848,14.325555555555573,0
441,441,2024-01-04 08:48:27+00:00,2024-01-04 08:48:27+00:00,24.96653846153847,0.1757692307692307,43.182692307692335,31.820384615384604,28.81615384615385,29.30192307692309,0.2353846153846155,65.75192307692308,0.00102,0.000822,0.002875,14.36653846153849,0
442,442,2024-01-04 08:48:28+00:00,2024-01-04 08:48:28+00:00,26.76884615384616,0.1730769230769231,43.165,33.855384615384615,28.82346153846155,29.325384615384618,0.2392307692307693,65.99923076923079,0.00103,0.000784,0.002905,14.341538461538448,0
443,443,2024-01-04 08:48:30+00:00,2024-01-04 08:48:30+00:00,30.89413793103449,0.183448275862069,43.10517241379309,38.41137931034483,28.82310344827587,29.393448275862085,0.2334482758620691,65.72068965517244,0.001075,0.000852,0.002948,14.282068965517222,0
444,444,2024-01-04 08:48:31+00:00,2024-01-04 08:48:31+00:00,33.81814814814814,0.1614814814814814,43.1037037037037,40.77703703703705,28.85444444444445,29.41148148148148,0.2348148148148149,65.56666666666665,0.001069,0.000871,0.003024,14.24925925925925,0
445,445,2024-01-04 08:48:32+00:00,2024-01-04 08:48:32+00:00,36.60935483870967,0.172258064516129,43.12677419354839,43.49161290322581,28.848064516129043,29.46129032258065,0.2377419354838711,65.79290322580646,0.00107,0.000883,0.003098,14.27870967741935,0
446,446,2024-01-04 08:48:33+00:00,2024-01-04 08:48:33+00:00,39.43607142857143,0.1664285714285715,43.15857142857144,46.96285714285714,28.845,29.534285714285726,0.2314285714285715,65.49107142857143,0.001075,0.000849,0.003163,14.31357142857144,0
447,447,2024-01-04 08:48:35+00:00,2024-01-04 08:48:35+00:00,46.449666666666666,0.1833333333333333,43.083666666666666,54.33433333333334,28.857333333333333,29.575000000000003,0.2393333333333334,65.48933333333335,0.001142,0.000861,0.00332,14.226333333333333,0
448,448,2024-01-04 08:48:36+00:00,2024-01-04 08:48:36+00:00,49.90115384615384,0.1842307692307693,43.16769230769231,58.450769230769225,28.868076923076924,29.63615384615385,0.2365384615384616,65.34307692307692,0.00112,0.000862,0.003358,14.299615384615382,0
449,449,2024-01-04 08:48:37+00:00,2024-01-04 08:48:37+00:00,53.51925925925925,0.1814814814814813,43.154814814814834,62.62703703703705,28.89851851851851,29.694074074074084,0.2337037037037038,65.1851851851852,0.001286,0.000951,0.003559,14.256296296296323,0
450,450,2024-01-04 08:48:39+00:00,2024-01-04 08:48:39+00:00,62.21653846153846,0.19,43.134230769230776,71.02884615384617,28.897307692307685,29.80461538461537,0.233846153846154,65.17115384615384,0.001189,0.000921,0.003617,14.236923076923093,0
451,451,2024-01-04 08:48:40+00:00,2024-01-04 08:48:40+00:00,66.17444444444445,0.1937037037037036,43.12074074074073,75.8714814814815,28.93000000000001,29.835555555555555,0.4548148148148148,65.03407407407407,0.001209,0.000851,0.003781,14.190740740740717,0
452,452,2024-01-04 08:48:41+00:00,2024-01-04 08:48:41+00:00,71.41923076923077,0.18,43.14269230769232,80.09192307692305,28.931538461538448,29.942692307692298,0.7430769230769231,64.90884615384616,0.001254,0.000934,0.003826,14.211153846153866,0
453,453,2024-01-04 08:48:43+00:00,2024-01-04 08:48:43+00:00,80.2237931034483,0.1962068965517242,43.13896551724136,89.62103448275863,28.94965517241381,30.04379310344828,0.98,64.84068965517243,0.001356,0.000957,0.004093,14.189310344827554,0
454,454,2024-01-04 08:48:44+00:00,2024-01-04 08:48:44+00:00,84.85107142857146,0.1921428571428571,43.16857142857143,95.3092857142857,28.958928571428576,30.138214285714295,1.0242857142857142,64.69714285714285,0.0013,0.00097,0.004137,14.209642857142857,0
455,455,2024-01-04 08:48:45+00:00,2024-01-04 08:48:45+00:00,89.82791666666667,0.2070833333333333,43.14333333333334,100.40458333333332,28.95583333333333,30.15791666666668,1.0770833333333336,64.76833333333333,0.001343,0.000981,0.004152,14.187500000000004,0
456,456,2024-01-04 08:48:47+00:00,2024-01-04 08:48:47+00:00,99.42319999999997,0.204,43.153200000000005,110.84280000000004,28.97720000000001,30.356799999999996,1.1672000000000002,64.09720000000002,0.001389,0.000972,0.004339,14.175999999999997,0
457,457,2024-01-04 08:48:48+00:00,2024-01-04 08:48:48+00:00,105.82642857142854,0.1824999999999999,43.18714285714287,116.10821428571428,28.981785714285728,30.45035714285714,1.2221428571428572,64.29249999999998,0.001427,0.000975,0.004493,14.20535714285714,0
458,458,2024-01-04 08:48:49+00:00,2024-01-04 08:48:49+00:00,109.77600000000004,0.1953333333333333,43.18966666666668,121.65799999999996,28.975666666666672,30.506333333333323,1.266333333333333,64.34433333333331,0.001463,0.00096,0.004648,14.214000000000002,0
459,459,2024-01-04 08:48:51+00:00,2024-01-04 08:48:51+00:00,120.23925925925931,0.1962962962962963,43.22000000000001,133.43222222222224,29.0137037037037,30.62999999999999,1.3644444444444446,63.9451851851852,0.001504,0.00099,0.004779,14.206296296296312,0
460,460,2024-01-04 08:48:52+00:00,2024-01-04 08:48:52+00:00,124.75919999999996,0.1964,43.2764,138.15279999999998,29.017199999999992,30.8244,1.4044,63.967200000000005,0.001497,0.000984,0.00484,14.259200000000003,0
461,461,2024-01-04 08:48:53+00:00,2024-01-04 08:48:53+00:00,131.34833333333333,0.1903333333333333,43.22266666666666,143.98133333333334,29.043666666666653,30.861000000000008,1.4466666666666663,63.524,0.001442,0.00102,0.004764,14.17900000000001,0
462,462,2024-01-04 08:48:54+00:00,2024-01-04 08:48:54+00:00,136.84925925925924,0.2085185185185185,43.27777777777778,149.9833333333333,29.0411111111111,30.967037037037034,1.5037037037037049,63.84444444444442,0.001408,0.000958,0.004736,14.23666666666668,0
463,463,2024-01-04 08:48:56+00:00,2024-01-04 08:48:56+00:00,146.6148275862069,0.2251724137931034,43.35206896551723,160.90034482758622,29.062758620689667,31.132068965517245,1.5913793103448284,63.54379310344827,0.001441,0.000972,0.004834,14.289310344827566,0
464,464,2024-01-04 08:48:57+00:00,2024-01-04 08:48:57+00:00,151.58615384615382,0.2080769230769232,43.36384615384615,166.33307692307693,29.05038461538462,31.19346153846153,1.644230769230769,63.55692307692308,0.001504,0.001002,0.005064,14.313461538461528,0
465,465,2024-01-04 08:48:58+00:00,2024-01-04 08:48:58+00:00,155.7927586206897,0.2144827586206897,43.38413793103447,171.30965517241376,29.08344827586207,31.252413793103443,1.6889655172413804,63.3951724137931,0.001543,0.000966,0.005368,14.300689655172402,0
466,466,2024-01-04 08:49:00+00:00,2024-01-04 08:49:00+00:00,167.0924137931034,0.2127586206896552,43.50275862068966,181.2720689655173,29.10758620689656,31.4748275862069,1.7834482758620689,63.107931034482746,0.001554,0.000996,0.005432,14.395172413793103,0
467,467,2024-01-04 08:49:01+00:00,2024-01-04 08:49:01+00:00,170.85750000000004,0.2125,43.54000000000001,185.6995833333334,29.11625,31.545416666666664,1.8220833333333335,63.09041666666666,0.001632,0.000998,0.005711,14.423750000000016,0
468,468,2024-01-04 08:49:02+00:00,2024-01-04 08:49:02+00:00,174.87346153846158,0.2323076923076923,43.50038461538462,190.0661538461538,29.13923076923076,31.558461538461536,1.867692307692308,62.94269230769232,0.001699,0.00101,0.005852,14.361153846153858,0
469,469,2024-01-04 08:49:04+00:00,2024-01-04 08:49:04+00:00,183.7629629629629,0.2244444444444445,43.65296296296296,199.4188888888889,29.134444444444444,31.73074074074074,1.9659259259259256,62.5948148148148,0.001735,0.001035,0.006044,14.518518518518515,0
470,470,2024-01-04 08:49:05+00:00,2024-01-04 08:49:05+00:00,186.78259259259252,0.2292592592592592,43.70296296296298,202.51555555555555,29.136666666666656,31.793703703703702,2.0140740740740743,62.70888888888887,0.001769,0.001027,0.006132,14.566296296296322,0
471,471,2024-01-04 08:49:06+00:00,2024-01-04 08:49:06+00:00,189.73,0.2261538461538462,43.77384615384616,206.73,29.15653846153845,31.90192307692309,2.066153846153846,62.98346153846155,0.001835,0.001053,0.006368,14.617307692307708,0
472,472,2024-01-04 08:49:08+00:00,2024-01-04 08:49:08+00:00,197.01785714285717,0.2332142857142857,43.89928571428573,214.05392857142857,29.191785714285736,32.02678571428571,2.1496428571428567,62.467857142857135,0.001815,0.001036,0.006413,14.707499999999996,0
473,473,2024-01-04 08:49:09+00:00,2024-01-04 08:49:09+00:00,200.585,0.2311538461538463,43.94576923076924,217.5438461538461,29.186538461538472,32.065384615384616,2.195769230769231,62.61346153846154,0.001896,0.001089,0.006535,14.759230769230763,0
474,474,2024-01-04 08:49:10+00:00,2024-01-04 08:49:10+00:00,203.6944444444444,0.2351851851851852,44.01962962962962,221.0022222222221,29.18925925925926,32.1311111111111,2.228148148148149,62.47074074074076,0.001918,0.001076,0.006688,14.83037037037036,0
475,475,2024-01-04 08:49:11+00:00,2024-01-04 08:49:11+00:00,207.3875,0.2260714285714285,44.0525,223.4607142857142,29.201785714285723,32.192142857142855,2.268571428571429,62.15321428571429,0.001915,0.001041,0.006743,14.850714285714272,0
476,476,2024-01-04 08:49:13+00:00,2024-01-04 08:49:13+00:00,210.33740740740737,0.2440740740740741,44.1611111111111,228.49222222222213,29.22851851851852,32.27148148148147,2.3377777777777777,62.40518518518519,0.001953,0.001071,0.006781,14.932592592592576,0
477,477,2024-01-04 08:49:14+00:00,2024-01-04 08:49:14+00:00,212.29137931034475,0.2331034482758621,44.23344827586205,230.2337931034483,29.243793103448283,32.34620689655173,2.363793103448275,62.10620689655173,0.001966,0.001073,0.006843,14.98965517241377,0
478,478,2024-01-04 08:49:18+00:00,2024-01-04 08:49:18+00:00,217.88153846153855,0.2234615384615384,44.48615384615384,235.87846153846152,29.268846153846145,32.49307692307693,2.470384615384615,62.00730769230768,0.001996,0.00102,0.00704,15.217307692307696,0
479,479,2024-01-04 08:49:22+00:00,2024-01-04 08:49:22+00:00,218.48310344827587,0.230344827586207,44.79586206896551,236.72931034482755,29.31206896551725,32.59275862068965,2.489310344827587,62.27758620689655,0.001987,0.00104,0.007041,15.483793103448257,0
480,480,2024-01-04 08:49:23+00:00,2024-01-04 08:49:23+00:00,218.73466666666675,0.237,44.89500000000002,237.21633333333327,29.32000000000001,32.61266666666667,2.502666666666666,62.04633333333333,0.001969,0.001067,0.006977,15.575000000000005,0
481,481,2024-01-04 08:49:25+00:00,2024-01-04 08:49:25+00:00,216.55307692307684,0.2430769230769232,45.023076923076914,235.46961538461545,29.30615384615383,32.6146153846154,2.4853846153846137,62.39192307692307,0.001901,0.001054,0.006878,15.716923076923084,0
482,482,2024-01-04 08:49:26+00:00,2024-01-04 08:49:26+00:00,216.6575,0.2275,45.01285714285716,234.23857142857145,29.33571428571429,32.60892857142857,2.470357142857143,62.02607142857143,0.001946,0.001058,0.006887,15.677142857142869,0
483,483,2024-01-04 08:49:27+00:00,2024-01-04 08:49:27+00:00,214.59880000000004,0.2404,45.1232,232.33880000000008,29.33240000000001,32.63759999999999,2.4508,62.2972,0.001898,0.001084,0.006787,15.790799999999988,0
484,484,2024-01-04 08:49:29+00:00,2024-01-04 08:49:29+00:00,210.6058064516129,0.237741935483871,45.23612903225808,228.2709677419354,29.35,32.62774193548388,2.394193548387096,62.37032258064519,0.001841,0.001029,0.006688,15.886129032258076,0
485,485,2024-01-04 08:49:30+00:00,2024-01-04 08:49:30+00:00,208.33407407407407,0.2544444444444443,45.275925925925904,226.84888888888884,29.3625925925926,32.62555555555556,2.3596296296296297,62.7062962962963,0.001852,0.001093,0.006585,15.913333333333306,0
486,486,2024-01-04 08:49:31+00:00,2024-01-04 08:49:31+00:00,205.895925925926,0.2255555555555556,45.28592592592593,222.89592592592587,29.38333333333333,32.5662962962963,2.3259259259259264,62.33037037037035,0.001851,0.00104,0.006548,15.902592592592605,0
487,487,2024-01-04 08:49:32+00:00,2024-01-04 08:49:32+00:00,202.97814814814825,0.2414814814814814,45.36481481481482,221.09111111111116,29.389629629629628,32.598518518518524,2.298518518518518,62.56666666666667,0.001798,0.00104,0.00642,15.975185185185191,0
488,488,2024-01-04 08:49:34+00:00,2024-01-04 08:49:34+00:00,196.3485185185185,0.2425925925925927,45.457777777777785,214.50111111111116,29.4074074074074,32.523703703703696,2.2062962962962964,62.9037037037037,0.001784,0.00106,0.006275,16.050370370370388,0
489,489,2024-01-04 08:49:35+00:00,2024-01-04 08:49:35+00:00,193.57172413793103,0.2179310344827586,45.44551724137931,210.3293103448277,29.40827586206895,32.503793103448274,2.16655172413793,62.6003448275862,0.001735,0.001007,0.006232,16.037241379310355,0
490,490,2024-01-04 08:49:36+00:00,2024-01-04 08:49:36+00:00,189.86961538461537,0.2234615384615385,45.49230769230769,206.78961538461533,29.41461538461538,32.47884615384615,2.123076923076923,63.12423076923076,0.001698,0.00101,0.005997,16.07769230769231,0
491,491,2024-01-04 08:49:38+00:00,2024-01-04 08:49:38+00:00,181.2167741935484,0.2138709677419354,45.48806451612904,198.06129032258056,29.446451612903235,32.35096774193547,2.0180645161290323,62.94774193548387,0.001703,0.001017,0.005948,16.041612903225808,0
492,492,2024-01-04 08:49:39+00:00,2024-01-04 08:49:39+00:00,177.87439999999995,0.2152,45.474,193.57800000000003,29.452800000000007,32.322,1.9808,63.162000000000006,0.001641,0.001031,0.005732,16.02119999999999,0
493,493,2024-01-04 08:49:40+00:00,2024-01-04 08:49:40+00:00,173.5355555555556,0.2133333333333332,45.48296296296295,188.9788888888889,29.469259259259275,32.30074074074073,1.9318518518518517,63.159629629629634,0.001557,0.001005,0.005523,16.013703703703676,0
494,494,2024-01-04 08:49:42+00:00,2024-01-04 08:49:42+00:00,163.86142857142858,0.2096428571428572,45.50857142857143,179.0603571428571,29.47714285714287,32.193928571428565,1.8364285714285715,63.15678571428572,0.001571,0.001014,0.005486,16.03142857142856,0
495,495,2024-01-04 08:49:43+00:00,2024-01-04 08:49:43+00:00,158.31538461538463,0.2203846153846154,45.49615384615384,174.96499999999995,29.48269230769232,32.12192307692308,1.7923076923076933,63.67038461538463,0.001496,0.001008,0.005219,16.01346153846152,0
496,496,2024-01-04 08:49:44+00:00,2024-01-04 08:49:44+00:00,154.44730769230767,0.2161538461538462,45.47846153846155,170.2265384615384,29.505769230769225,32.073076923076925,1.7430769230769223,63.36,0.001498,0.000966,0.00497,15.972692307692329,0
497,497,2024-01-04 08:49:46+00:00,2024-01-04 08:49:46+00:00,144.84137931034485,0.22,45.50241379310346,158.92517241379306,29.528620689655163,31.97655172413793,1.6510344827586212,63.86689655172412,0.001389,0.000973,0.004799,15.973793103448294,0
498,498,2024-01-04 08:49:47+00:00,2024-01-04 08:49:47+00:00,139.60000000000005,0.2024,45.4884,153.90799999999996,29.5312,31.907200000000003,1.6072000000000002,63.51120000000001,0.001361,0.000986,0.004715,15.9572,0
499,499,2024-01-04 08:49:48+00:00,2024-01-04 08:49:48+00:00,133.0403333333333,0.2063333333333334,45.45333333333336,148.03133333333332,29.53199999999999,31.798666666666676,1.5590000000000002,63.74033333333332,0.001379,0.000968,0.004586,15.921333333333363,0
500,500,2024-01-04 08:49:49+00:00,2024-01-04 08:49:49+00:00,128.34840000000003,0.2035999999999999,45.44999999999999,143.14320000000006,29.533199999999987,31.781600000000008,1.5108,64.0772,0.001341,0.001036,0.004558,15.916800000000002,0
501,501,2024-01-04 08:49:51+00:00,2024-01-04 08:49:51+00:00,118.9933333333333,0.2033333333333334,45.42466666666668,132.07866666666666,29.544999999999995,31.661666666666665,1.4266666666666663,64.253,0.001337,0.000974,0.004523,15.879666666666688,0
502,502,2024-01-04 08:49:52+00:00,2024-01-04 08:49:52+00:00,113.93249999999998,0.1946428571428571,45.32357142857142,126.27892857142857,29.554999999999986,31.57642857142857,1.3771428571428572,64.41642857142857,0.001327,0.001011,0.004419,15.768571428571438,0
503,503,2024-01-04 08:49:53+00:00,2024-01-04 08:49:53+00:00,107.44846153846152,0.1923076923076924,45.2726923076923,120.60076923076925,29.55730769230768,31.49346153846153,1.3307692307692305,64.41576923076924,0.001349,0.001004,0.004374,15.715384615384622,0
504,504,2024-01-04 08:49:55+00:00,2024-01-04 08:49:55+00:00,97.68777777777775,0.1814814814814815,45.21037037037037,109.7255555555556,29.564814814814824,31.35666666666666,1.2348148148148146,64.62703703703703,0.001351,0.000981,0.004372,15.645555555555546,0
505,505,2024-01-04 08:49:56+00:00,2024-01-04 08:49:56+00:00,92.9096153846154,0.1950000000000001,45.21269230769232,104.63153846153844,29.560769230769225,31.283076923076926,1.1842307692307694,64.85499999999999,0.001333,0.000976,0.00419,15.65192307692309,0
506,506,2024-01-04 08:49:57+00:00,2024-01-04 08:49:57+00:00,87.03185185185187,0.1903703703703703,45.143703703703714,99.18814814814816,29.577407407407414,31.214814814814822,1.1292592592592592,64.57407407407409,0.0013,0.000967,0.004056,15.5662962962963,0
507,507,2024-01-04 08:49:59+00:00,2024-01-04 08:49:59+00:00,77.83615384615383,0.1857692307692307,45.06346153846153,89.29846153846157,29.58807692307693,31.12461538461539,1.0330769230769232,64.69076923076923,0.001228,0.000892,0.003986,15.475384615384602,0
508,508,2024-01-04 08:50:00+00:00,2024-01-04 08:50:00+00:00,73.22111111111113,0.174074074074074,45.02518518518518,83.80703703703703,29.590000000000007,31.04296296296296,0.9811111111111112,64.77111111111111,0.001232,0.000948,0.00385,15.435185185185173,0
509,509,2024-01-04 08:50:01+00:00,2024-01-04 08:50:01+00:00,68.87384615384613,0.1865384615384615,44.96038461538462,78.79076923076924,29.60653846153846,30.982692307692325,0.9350000000000004,65.22923076923077,0.001165,0.000892,0.003692,15.35384615384616,0
510,510,2024-01-04 08:50:03+00:00,2024-01-04 08:50:03+00:00,60.105925925925945,0.1748148148148148,44.84555555555558,69.75666666666667,29.624814814814812,30.83074074074074,0.2592592592592593,65.25555555555556,0.001172,0.0009,0.003602,15.220740740740762,0
511,511,2024-01-04 08:50:04+00:00,2024-01-04 08:50:04+00:00,55.78214285714285,0.1739285714285714,44.83785714285714,64.55714285714288,29.6225,30.797499999999992,0.2400000000000001,65.46535714285714,0.001118,0.000864,0.00343,15.215357142857137,0
512,512,2024-01-04 08:50:05+00:00,2024-01-04 08:50:05+00:00,51.7984,0.1735999999999999,44.75120000000001,60.5952,29.6232,30.775199999999995,0.2400000000000001,65.57199999999999,0.001096,0.000887,0.003295,15.128000000000014,0
513,513,2024-01-04 08:50:07+00:00,2024-01-04 08:50:07+00:00,45.04642857142857,0.1825,44.65285714285714,54.26321428571431,29.65857142857141,30.630357142857143,0.2382142857142858,65.74642857142855,0.001021,0.000799,0.00317,14.99428571428573,0
514,514,2024-01-04 08:50:08+00:00,2024-01-04 08:50:08+00:00,41.971428571428575,0.1696428571428571,44.618214285714274,49.28857142857142,29.665714285714284,30.62357142857143,0.2428571428571429,65.72464285714284,0.001073,0.00083,0.003098,14.95249999999999,0
515,515,2024-01-04 08:50:09+00:00,2024-01-04 08:50:09+00:00,38.29208333333334,0.19375,44.54916666666666,46.605,29.680833333333325,30.54416666666666,0.2404166666666668,66.01124999999998,0.001004,0.000833,0.003028,14.868333333333332,0
516,516,2024-01-04 08:50:10+00:00,2024-01-04 08:50:10+00:00,35.64269230769231,0.1769230769230769,44.54923076923077,43.56884615384615,29.67230769230768,30.53346153846153,0.241923076923077,65.9073076923077,0.001042,0.000852,0.002963,14.876923076923088,0
517,517,2024-01-04 08:50:12+00:00,2024-01-04 08:50:12+00:00,30.10115384615385,0.1753846153846154,44.380769230769225,38.07384615384616,29.7096153846154,30.41884615384615,0.2400000000000001,65.93384615384613,0.001027,0.000797,0.002923,14.671153846153825,0
518,518,2024-01-04 08:50:13+00:00,2024-01-04 08:50:13+00:00,27.974800000000005,0.1712,44.3256,35.6364,29.70640000000001,30.39399999999999,0.2400000000000001,66.20320000000001,0.001047,0.000848,0.002849,14.619199999999992,0
519,519,2024-01-04 08:50:14+00:00,2024-01-04 08:50:14+00:00,26.447692307692307,0.1676923076923077,44.293461538461536,33.13423076923077,29.70923076923078,30.415769230769232,0.2415384615384616,65.89884615384615,0.001037,0.000841,0.002851,14.584230769230755,0
520,520,2024-01-04 08:50:16+00:00,2024-01-04 08:50:16+00:00,23.20785714285714,0.1667857142857143,44.215,29.613928571428577,29.76321428571428,30.34285714285715,0.2400000000000001,66.04392857142857,0.000997,0.000771,0.002808,14.45178571428572,0
521,521,2024-01-04 08:50:17+00:00,2024-01-04 08:50:17+00:00,21.88678571428571,0.1810714285714286,44.15250000000002,28.75,29.77571428571428,30.35357142857145,0.2400000000000001,66.07964285714287,0.000998,0.000834,0.00277,14.376785714285742,0
522,522,2024-01-04 08:50:18+00:00,2024-01-04 08:50:18+00:00,20.175185185185185,0.167037037037037,44.09481481481483,27.32444444444445,29.771111111111107,30.327407407407417,0.2400000000000001,66.1562962962963,0.001002,0.00079,0.002737,14.323703703703725,0
523,523,2024-01-04 08:50:20+00:00,2024-01-04 08:50:20+00:00,19.700740740740734,0.1648148148148147,44.06,26.02962962962963,29.800370370370363,30.317777777777785,0.2396296296296297,66.0251851851852,0.001067,0.000778,0.002728,14.259629629629632,0
524,524,2024-01-04 08:50:21+00:00,2024-01-04 08:50:21+00:00,19.827500000000004,0.1632142857142857,44.03499999999999,25.720714285714287,29.78607142857141,30.31785714285713,0.2400000000000001,66.03178571428572,0.001035,0.000865,0.002746,14.248928571428577,0
525,525,2024-01-04 08:50:22+00:00,2024-01-04 08:50:22+00:00,20.205185185185183,0.1703703703703704,43.99037037037038,26.607407407407404,29.809999999999995,30.28296296296296,0.2400000000000001,66.23296296296297,0.000992,0.000854,0.002726,14.180370370370383,0
526,526,2024-01-04 08:50:24+00:00,2024-01-04 08:50:24+00:00,21.450000000000006,0.1667857142857142,43.95642857142859,27.736071428571424,29.83750000000001,30.32892857142858,0.2414285714285715,65.97214285714283,0.001073,0.000827,0.002762,14.11892857142858,0
527,527,2024-01-04 08:50:25+00:00,2024-01-04 08:50:25+00:00,21.705000000000005,0.1717857142857143,43.97714285714287,28.236071428571424,29.83000000000001,30.32892857142857,0.2400000000000001,65.98500000000001,0.00104,0.000858,0.002814,14.147142857142864,0
528,528,2024-01-04 08:50:26+00:00,2024-01-04 08:50:26+00:00,23.38500000000001,0.1646666666666667,43.930000000000014,29.85766666666666,29.835666666666675,30.322666666666677,0.2426666666666667,65.919,0.001028,0.00079,0.002848,14.094333333333338,0
529,529,2024-01-04 08:50:28+00:00,2024-01-04 08:50:28+00:00,25.90225806451614,0.1651612903225806,43.94387096774194,33.313870967741934,29.844516129032264,30.401612903225807,0.2416129032258065,65.88129032258067,0.001042,0.000877,0.002921,14.099354838709672,0
530,530,2024-01-04 08:50:29+00:00,2024-01-04 08:50:29+00:00,28.527586206896554,0.1610344827586206,43.85620689655172,35.34379310344828,29.87034482758621,30.40896551724138,0.2410344827586208,65.69827586206895,0.001038,0.000829,0.002942,13.98586206896551,0
531,531,2024-01-04 08:50:30+00:00,2024-01-04 08:50:30+00:00,30.14,0.1762962962962964,43.87851851851851,37.85740740740741,29.877037037037034,30.4125925925926,0.2418518518518519,65.8114814814815,0.001034,0.000816,0.002983,14.001481481481475,0
532,532,2024-01-04 08:50:31+00:00,2024-01-04 08:50:31+00:00,33.09035714285714,0.1814285714285714,43.90321428571429,40.7325,29.88035714285714,30.469642857142865,0.245,65.9382142857143,0.001087,0.000862,0.003103,14.022857142857152,0
533,533,2024-01-04 08:50:33+00:00,2024-01-04 08:50:33+00:00,38.4372,0.1624,43.9048,45.93000000000001,29.897199999999994,30.5612,0.2472,65.36320000000002,0.001128,0.000893,0.003135,14.0076,0
534,534,2024-01-04 08:50:34+00:00,2024-01-04 08:50:34+00:00,41.85444444444445,0.1785185185185186,43.88777777777778,49.891481481481485,29.91037037037038,30.60148148148148,0.2418518518518519,65.51370370370371,0.001116,0.00088,0.003206,13.977407407407398,0
535,535,2024-01-04 08:50:35+00:00,2024-01-04 08:50:35+00:00,46.1848275862069,0.1713793103448276,43.89034482758622,53.90931034482758,29.9158620689655,30.607931034482757,0.2444827586206897,65.12689655172414,0.001125,0.000853,0.003359,13.97448275862072,0
536,536,2024-01-04 08:50:37+00:00,2024-01-04 08:50:37+00:00,53.24321428571428,0.1710714285714285,43.881071428571445,61.38857142857143,29.93928571428573,30.762857142857133,0.2485714285714285,65.1364285714286,0.001222,0.000946,0.003465,13.941785714285713,0
537,537,2024-01-04 08:50:38+00:00,2024-01-04 08:50:38+00:00,57.69666666666668,0.1775757575757575,43.89606060606061,65.32030303030307,29.962424242424262,30.784242424242425,0.2496969696969697,65.09606060606062,0.00118,0.000916,0.003546,13.933636363636346,0
538,538,2024-01-04 08:50:39+00:00,2024-01-04 08:50:39+00:00,61.46538461538463,0.163076923076923,43.92807692307692,69.61269230769231,29.95269230769232,30.86038461538463,0.2546153846153846,65.04461538461538,0.001237,0.000869,0.00376,13.975384615384597,0
539,539,2024-01-04 08:50:41+00:00,2024-01-04 08:50:41+00:00,69.74500000000002,0.1886666666666666,43.91,78.70900000000002,29.99000000000001,30.982999999999997,0.8773333333333334,65.11566666666664,0.001237,0.000939,0.003735,13.919999999999998,0
540,540,2024-01-04 08:50:42+00:00,2024-01-04 08:50:42+00:00,74.38133333333333,0.189,43.93866666666669,84.01266666666666,29.98766666666668,31.056,0.9569999999999996,64.98366666666668,0.001305,0.000938,0.004007,13.951000000000016,0
541,541,2024-01-04 08:50:43+00:00,2024-01-04 08:50:43+00:00,78.88666666666667,0.194074074074074,43.91370370370372,89.75740740740741,29.995925925925924,31.093333333333334,1.0011111111111115,64.92296296296298,0.001244,0.000947,0.003965,13.917777777777792,0
542,542,2024-01-04 08:50:45+00:00,2024-01-04 08:50:45+00:00,88.90827586206898,0.1879310344827586,43.91896551724138,98.97344827586204,30.009655172413783,31.241034482758625,1.0979310344827586,64.65448275862067,0.001328,0.000983,0.004104,13.9093103448276,0
543,543,2024-01-04 08:50:46+00:00,2024-01-04 08:50:46+00:00,93.85296296296296,0.1933333333333333,43.94074074074075,105.13629629629632,30.012592592592583,31.337407407407397,1.1548148148148154,64.43037037037038,0.001304,0.000918,0.004298,13.928148148148164,0
544,544,2024-01-04 08:50:47+00:00,2024-01-04 08:50:47+00:00,99.84172413793102,0.1882758620689656,43.922413793103445,110.31241379310345,30.0258620689655,31.38310344827586,1.2048275862068965,64.21586206896552,0.001335,0.000987,0.004308,13.896551724137948,0
545,545,2024-01-04 08:50:48+00:00,2024-01-04 08:50:48+00:00,104.1453846153846,0.1876923076923076,43.93576923076924,114.89653846153844,30.03923076923077,31.49615384615385,1.2484615384615387,64.4953846153846,0.001316,0.00097,0.004338,13.89653846153847,0
546,546,2024-01-04 08:50:50+00:00,2024-01-04 08:50:50+00:00,115.74961538461538,0.205,43.94923076923077,126.27576923076926,30.05076923076924,31.634999999999994,1.3473076923076923,64.06961538461539,0.001347,0.000997,0.004442,13.898461538461536,0
547,547,2024-01-04 08:50:51+00:00,2024-01-04 08:50:51+00:00,118.6725925925926,0.1896296296296296,43.95777777777777,131.02666666666667,30.05444444444444,31.7248148148148,1.385185185185185,63.96444444444445,0.001372,0.000978,0.004545,13.903333333333332,0
548,548,2024-01-04 08:50:52+00:00,2024-01-04 08:50:52+00:00,124.83714285714288,0.2117857142857142,43.97250000000001,137.04321428571427,30.05071428571427,31.774285714285707,1.4339285714285717,64.0225,0.001421,0.001012,0.004605,13.92178571428574,0
549,549,2024-01-04 08:50:54+00:00,2024-01-04 08:50:54+00:00,134.8324137931034,0.206551724137931,44.008965517241386,148.4320689655173,30.08137931034484,31.93586206896552,1.5293103448275862,63.69448275862069,0.00142,0.001004,0.004583,13.92758620689655,0
550,550,2024-01-04 08:50:55+00:00,2024-01-04 08:50:55+00:00,140.85555555555553,0.1977777777777778,44.02703703703703,153.30703703703705,30.090000000000003,32.02666666666668,1.5755555555555558,63.24185185185186,0.001428,0.000984,0.004712,13.937037037037022,0
551,551,2024-01-04 08:50:56+00:00,2024-01-04 08:50:56+00:00,144.98107142857145,0.2046428571428571,44.08285714285713,158.51928571428576,30.111785714285723,32.145714285714284,1.6267857142857145,63.55892857142858,0.001444,0.00099,0.004932,13.971071428571406,0
552,552,2024-01-04 08:50:58+00:00,2024-01-04 08:50:58+00:00,155.12481481481478,0.2122222222222222,44.12370370370371,169.58962962962966,30.11074074074074,32.28703703703703,1.7214814814814816,63.56111111111112,0.001518,0.000966,0.005227,14.01296296296297,0
553,553,2024-01-04 08:50:59+00:00,2024-01-04 08:50:59+00:00,160.53199999999998,0.1928,44.1516,174.15479999999997,30.13999999999999,32.3784,1.7783999999999995,63.07600000000002,0.001601,0.001041,0.005314,14.011600000000012,0
554,554,2024-01-04 08:51:00+00:00,2024-01-04 08:51:00+00:00,165.36857142857144,0.23,44.209642857142846,179.95071428571427,30.144642857142845,32.46357142857142,1.8225,63.29964285714285,0.001572,0.001034,0.005451,14.065,0
555,555,2024-01-04 08:51:02+00:00,2024-01-04 08:51:02+00:00,174.54037037037034,0.2255555555555555,44.26592592592591,189.5503703703704,30.139259259259248,32.59555555555556,1.923703703703704,62.9637037037037,0.001673,0.001019,0.005748,14.126666666666663,0
556,556,2024-01-04 08:51:03+00:00,2024-01-04 08:51:03+00:00,178.06428571428577,0.2278571428571429,44.28642857142855,193.05642857142857,30.149999999999984,32.67357142857144,1.969285714285714,63.13607142857143,0.00169,0.001062,0.005809,14.136428571428567,0
557,557,2024-01-04 08:51:04+00:00,2024-01-04 08:51:04+00:00,181.78080000000003,0.2187999999999999,44.35560000000001,198.022,30.1684,32.74,2.0156,62.72439999999999,0.001769,0.001078,0.006077,14.187200000000011,0
558,558,2024-01-04 08:51:06+00:00,2024-01-04 08:51:06+00:00,191.3155555555556,0.2185185185185185,44.46444444444446,206.12925925925933,30.167037037037037,32.870370370370374,2.1166666666666667,62.579999999999984,0.001733,0.001055,0.006073,14.297407407407428,0
559,559,2024-01-04 08:51:07+00:00,2024-01-04 08:51:07+00:00,192.9796428571429,0.2132142857142857,44.49392857142856,209.2507142857144,30.162499999999987,32.93857142857143,2.1575,62.58892857142855,0.00183,0.001083,0.006322,14.331428571428567,0
560,560,2024-01-04 08:51:08+00:00,2024-01-04 08:51:08+00:00,196.07769230769236,0.2353846153846154,44.56115384615384,213.5534615384615,30.176538461538467,32.97307692307691,2.2038461538461536,62.647307692307706,0.001835,0.00107,0.006348,14.384615384615367,0
561,561,2024-01-04 08:51:09+00:00,2024-01-04 08:51:09+00:00,200.2368965517242,0.2282758620689656,44.614827586206914,216.99379310344824,30.19758620689657,33.07655172413792,2.2455172413793103,62.623793103448286,0.00188,0.001114,0.006485,14.417241379310344,0
562,562,2024-01-04 08:51:11+00:00,2024-01-04 08:51:11+00:00,205.74379310344824,0.2237931034482758,44.75068965517242,222.45793103448275,30.199655172413813,33.200344827586214,2.318620689655172,62.3544827586207,0.001895,0.001066,0.006631,14.55103448275861,0
563,563,2024-01-04 08:51:12+00:00,2024-01-04 08:51:12+00:00,208.2259259259259,0.2303703703703703,44.820740740740746,225.15740740740736,30.226666666666663,33.21555555555555,2.353333333333333,61.94333333333333,0.001942,0.001131,0.006709,14.594074074074085,0
564,564,2024-01-04 08:51:13+00:00,2024-01-04 08:51:13+00:00,210.7917857142857,0.2346428571428571,44.88428571428572,228.27571428571423,30.22607142857144,33.307142857142864,2.393214285714285,62.25392857142858,0.001934,0.001072,0.006761,14.658214285714276,0
565,565,2024-01-04 08:51:15+00:00,2024-01-04 08:51:15+00:00,215.34962962962965,0.2355555555555557,45.0348148148148,231.9962962962963,30.24851851851852,33.38111111111111,2.454814814814815,62.40925925925925,0.001994,0.001058,0.006847,14.786296296296278,0
566,566,2024-01-04 08:51:16+00:00,2024-01-04 08:51:16+00:00,214.51111111111103,0.2296296296296297,45.10962962962961,232.72000000000008,30.244074074074074,33.42074074074075,2.47037037037037,62.035185185185206,0.001934,0.001019,0.006883,14.865555555555536,0
567,567,2024-01-04 08:51:17+00:00,2024-01-04 08:51:17+00:00,216.4583870967743,0.2361290322580646,45.17709677419355,234.99129032258065,30.251290322580644,33.486774193548385,2.5025806451612898,62.05516129032259,0.001956,0.001101,0.006898,14.925806451612909,0
568,568,2024-01-04 08:51:19+00:00,2024-01-04 08:51:19+00:00,219.31615384615387,0.2403846153846154,45.28923076923078,236.4584615384616,30.27730769230768,33.502307692307696,2.534615384615385,61.87076923076924,0.001919,0.001036,0.006846,15.011923076923097,0
569,569,2024-01-04 08:51:20+00:00,2024-01-04 08:51:20+00:00,218.8999999999999,0.23,45.41428571428575,237.2778571428571,30.25928571428571,33.552499999999995,2.5485714285714285,61.78571428571428,0.001916,0.001081,0.006882,15.155000000000037,0
570,570,2024-01-04 08:51:21+00:00,2024-01-04 08:51:21+00:00,219.11629629629627,0.2385185185185186,45.49333333333334,237.51666666666668,30.26518518518517,33.58962962962963,2.5607407407407403,62.198148148148135,0.00191,0.001064,0.006914,15.228148148148165,0
571,571,2024-01-04 08:51:23+00:00,2024-01-04 08:51:23+00:00,219.5906896551724,0.2444827586206897,45.58344827586205,236.92413793103444,30.26689655172413,33.57,2.552758620689654,61.99931034482759,0.001914,0.001053,0.006898,15.316551724137916,0
572,572,2024-01-04 08:51:24+00:00,2024-01-04 08:51:24+00:00,218.8238461538461,0.2230769230769231,45.64807692307692,235.85038461538463,30.26923076923076,33.60230769230769,2.547307692307692,62.08730769230768,0.001896,0.001071,0.006825,15.378846153846164,0
573,573,2024-01-04 08:51:25+00:00,2024-01-04 08:51:25+00:00,216.77925925925925,0.2251851851851852,45.70296296296296,234.82222222222228,30.29888888888888,33.54333333333333,2.531481481481483,61.85444444444445,0.001909,0.001144,0.00683,15.404074074074078,0
574,574,2024-01-04 08:51:26+00:00,2024-01-04 08:51:26+00:00,215.3868965517241,0.2327586206896552,45.76896551724138,233.4344827586207,30.293103448275847,33.54379310344828,2.5079310344827577,61.93724137931036,0.0019,0.001079,0.006779,15.475862068965537,0
575,575,2024-01-04 08:51:28+00:00,2024-01-04 08:51:28+00:00,211.93892857142856,0.2253571428571429,45.915000000000006,230.0771428571429,30.29749999999998,33.61,2.458928571428572,62.18428571428571,0.001882,0.001068,0.006679,15.617500000000025,0
576,576,2024-01-04 08:51:29+00:00,2024-01-04 08:51:29+00:00,210.0834482758621,0.2306896551724138,45.95206896551725,228.3903448275862,30.296551724137927,33.56517241379311,2.435862068965517,62.38689655172413,0.001864,0.001025,0.006576,15.655517241379322,0
577,577,2024-01-04 08:51:30+00:00,2024-01-04 08:51:30+00:00,207.8465517241379,0.2220689655172415,46.02862068965516,226.43413793103448,30.291724137931016,33.54689655172412,2.4203448275862067,62.41724137931037,0.001813,0.00101,0.00655,15.736896551724149,0
578,578,2024-01-04 08:51:32+00:00,2024-01-04 08:51:32+00:00,204.0512,0.2280000000000001,46.0904,221.2352,30.306399999999982,33.505599999999994,2.3431999999999995,62.24839999999999,0.001864,0.001071,0.006471,15.78400000000002,0
579,579,2024-01-04 08:51:33+00:00,2024-01-04 08:51:33+00:00,199.9009375,0.2218750000000001,46.146562500000016,217.11593749999992,30.324687500000003,33.5015625,2.2906250000000004,62.5209375,0.001797,0.001068,0.006374,15.821875000000013,0
580,580,2024-01-04 08:51:34+00:00,2024-01-04 08:51:34+00:00,196.99857142857132,0.23,46.18035714285717,214.96821428571425,30.319285714285712,33.45,2.260357142857143,62.75964285714284,0.00175,0.001071,0.006259,15.861071428571456,0
581,581,2024-01-04 08:51:36+00:00,2024-01-04 08:51:36+00:00,191.2331034482758,0.223448275862069,46.218620689655175,207.16413793103453,30.319310344827574,33.35551724137931,2.163448275862069,62.59827586206896,0.001701,0.001042,0.006072,15.899310344827596,0
582,582,2024-01-04 08:51:37+00:00,2024-01-04 08:51:37+00:00,185.9744444444444,0.2166666666666667,46.26259259259258,202.6088888888888,30.3351851851852,33.36185185185185,2.1081481481481488,62.83185185185184,0.001699,0.001028,0.006,15.927407407407388,0
583,583,2024-01-04 08:51:38+00:00,2024-01-04 08:51:38+00:00,181.415,0.22,46.26714285714286,198.7667857142856,30.34178571428573,33.287142857142854,2.058571428571429,62.795,0.001649,0.001043,0.005822,15.925357142857129,0
584,584,2024-01-04 08:51:40+00:00,2024-01-04 08:51:40+00:00,173.95344827586206,0.2144827586206897,46.24896551724138,189.8272413793103,30.324482758620693,33.20448275862068,1.9772413793103447,62.917241379310326,0.001616,0.001019,0.005693,15.924482758620687,0
585,585,2024-01-04 08:51:41+00:00,2024-01-04 08:51:41+00:00,169.70566666666667,0.2103333333333334,46.24066666666668,185.10000000000005,30.371,33.15766666666668,1.9249999999999992,62.96366666666667,0.001582,0.001032,0.005537,15.869666666666678,0
586,586,2024-01-04 08:51:42+00:00,2024-01-04 08:51:42+00:00,165.12576923076924,0.2073076923076924,46.24576923076923,180.8242307692308,30.37346153846154,33.107692307692304,1.8861538461538467,63.001153846153855,0.001549,0.001017,0.005371,15.872307692307686,0
587,587,2024-01-04 08:51:44+00:00,2024-01-04 08:51:44+00:00,154.4484615384615,0.2046153846153846,46.29730769230768,169.8738461538462,30.391153846153838,33.017692307692315,1.7815384615384622,63.15461538461541,0.001454,0.000989,0.005114,15.906153846153847,0
588,588,2024-01-04 08:51:45+00:00,2024-01-04 08:51:45+00:00,149.81959999999998,0.1848,46.253600000000006,164.8564,30.412399999999987,32.9652,1.7407999999999997,63.66800000000001,0.001441,0.000979,0.005054,15.841200000000018,0
589,589,2024-01-04 08:51:46+00:00,2024-01-04 08:51:46+00:00,144.84535714285713,0.2017857142857143,46.20714285714288,159.84357142857144,30.42464285714285,32.88750000000001,1.6864285714285714,63.8932142857143,0.001443,0.000966,0.004856,15.782500000000027,0
590,590,2024-01-04 08:51:47+00:00,2024-01-04 08:51:47+00:00,140.92600000000002,0.205,46.22266666666667,154.50466666666668,30.440333333333324,32.82733333333333,1.6416666666666662,63.91999999999998,0.001398,0.001016,0.00463,15.782333333333344,0
591,591,2024-01-04 08:51:49+00:00,2024-01-04 08:51:49+00:00,129.70642857142855,0.1946428571428571,46.16892857142858,143.73857142857142,30.45214285714287,32.6817857142857,1.5432142857142863,63.940714285714265,0.00137,0.00103,0.004451,15.71678571428571,0
592,592,2024-01-04 08:51:50+00:00,2024-01-04 08:51:50+00:00,124.69599999999998,0.1908,46.1296,137.9612,30.478800000000007,32.65560000000001,1.4883999999999995,64.2076,0.001333,0.000992,0.004467,15.650799999999997,0
593,593,2024-01-04 08:51:51+00:00,2024-01-04 08:51:51+00:00,119.54275862068968,0.1962068965517241,46.1441379310345,132.6237931034483,30.473103448275875,32.59103448275862,1.4489655172413796,64.03275862068962,0.001361,0.000947,0.004442,15.671034482758625,0
594,594,2024-01-04 08:51:53+00:00,2024-01-04 08:51:53+00:00,109.01535714285714,0.1832142857142857,46.01285714285715,121.36392857142852,30.509999999999994,32.449642857142855,1.3596428571428578,64.37535714285713,0.001341,0.001,0.004419,15.502857142857156,0
595,595,2024-01-04 08:51:54+00:00,2024-01-04 08:51:54+00:00,105.0145833333334,0.1999999999999999,46.01833333333334,116.72833333333335,30.507083333333338,32.379583333333336,1.3141666666666667,64.60083333333333,0.001421,0.001024,0.004409,15.51125,0
596,596,2024-01-04 08:51:55+00:00,2024-01-04 08:51:55+00:00,99.66218749999996,0.1956249999999999,45.92218750000001,110.56218749999998,30.50937499999999,32.326250000000016,1.0296874999999996,64.6184375,0.001377,0.001002,0.004366,15.412812500000015,0
597,597,2024-01-04 08:51:57+00:00,2024-01-04 08:51:57+00:00,88.82846153846153,0.1942307692307693,45.85038461538462,99.98230769230769,30.53730769230768,32.19346153846155,0.8934615384615385,64.8923076923077,0.00129,0.000965,0.004182,15.313076923076938,0
598,598,2024-01-04 08:51:58+00:00,2024-01-04 08:51:58+00:00,83.77346153846155,0.1926923076923077,45.80115384615386,94.66076923076922,30.53346153846152,32.12961538461537,0.8319230769230767,64.86269230769231,0.001277,0.000984,0.004003,15.26769230769234,0
599,599,2024-01-04 08:51:59+00:00,2024-01-04 08:51:59+00:00,78.68966666666665,0.1796666666666666,45.772666666666666,89.422,30.53833333333332,32.08466666666667,0.7899999999999999,64.80466666666668,0.001314,0.00098,0.003998,15.23433333333335,0
600,600,2024-01-04 08:52:01+00:00,2024-01-04 08:52:01+00:00,69.62615384615385,0.1846153846153846,45.66000000000001,79.14307692307693,30.5723076923077,31.989615384615394,0.6838461538461538,65.26961538461536,0.001168,0.000931,0.003773,15.087692307692311,0
601,601,2024-01-04 08:52:02+00:00,2024-01-04 08:52:02+00:00,65.28111111111113,0.177037037037037,45.67037037037036,74.39333333333333,30.59111111111112,31.905925925925928,0.6425925925925928,64.95296296296294,0.001213,0.00095,0.003712,15.079259259259237,0
602,602,2024-01-04 08:52:03+00:00,2024-01-04 08:52:03+00:00,59.97239999999999,0.1784,45.56759999999999,69.64800000000001,30.5972,31.866400000000013,0.1164,64.92120000000001,0.001146,0.000908,0.003526,14.970399999999984,0
603,603,2024-01-04 08:52:05+00:00,2024-01-04 08:52:05+00:00,52.90275862068966,0.1706896551724138,45.51931034482759,61.43999999999997,30.61758620689655,31.759310344827583,-0.03,65.34379310344826,0.001163,0.000876,0.003466,14.901724137931035,0
604,604,2024-01-04 08:52:06+00:00,2024-01-04 08:52:06+00:00,48.77965517241381,0.180344827586207,45.4144827586207,57.77310344827583,30.62896551724138,31.693448275862075,-0.03,65.53965517241382,0.001134,0.000884,0.003264,14.78551724137932,0
605,605,2024-01-04 08:52:07+00:00,2024-01-04 08:52:07+00:00,44.85407407407408,0.1674074074074074,45.395555555555575,53.65814814814815,30.618518518518524,31.68296296296297,-0.03,65.58518518518518,0.001079,0.000855,0.003187,14.77703703703705,0
606,606,2024-01-04 08:52:08+00:00,2024-01-04 08:52:08+00:00,42.622307692307686,0.1776923076923076,45.31153846153845,50.310384615384606,30.627692307692307,31.603846153846156,-0.03,65.74384615384614,0.001066,0.000872,0.003122,14.68384615384614,0
607,607,2024-01-04 08:52:10+00:00,2024-01-04 08:52:10+00:00,35.57333333333333,0.1655555555555555,45.19259259259261,43.61814814814815,30.66185185185184,31.509629629629615,-0.0281481481481481,65.68222222222224,0.001023,0.000849,0.003024,14.530740740740764,0
608,608,2024-01-04 08:52:11+00:00,2024-01-04 08:52:11+00:00,32.841538461538455,0.1638461538461538,45.196923076923085,40.13999999999999,30.656153846153835,31.50769230769229,-0.03,65.91038461538461,0.001038,0.00083,0.002926,14.54076923076925,0
609,609,2024-01-04 08:52:12+00:00,2024-01-04 08:52:12+00:00,30.429615384615392,0.1719230769230769,45.10846153846153,37.85961538461539,30.680000000000007,31.45807692307693,-0.03,65.92807692307694,0.001023,0.000819,0.002898,14.428461538461526,0
610,610,2024-01-04 08:52:14+00:00,2024-01-04 08:52:14+00:00,26.15551724137932,0.1675862068965517,44.974827586206914,33.260000000000005,30.70793103448277,31.38241379310344,-0.03,65.72310344827586,0.000975,0.000848,0.002841,14.266896551724145,0
611,611,2024-01-04 08:52:15+00:00,2024-01-04 08:52:15+00:00,24.350000000000005,0.1721428571428571,44.96928571428573,31.292142857142863,30.70642857142858,31.357500000000005,-0.03,65.86642857142854,0.000998,0.000902,0.0028,14.26285714285715,0
612,612,2024-01-04 08:52:16+00:00,2024-01-04 08:52:16+00:00,23.16633333333334,0.1596666666666666,44.90333333333332,30.125000000000007,30.72666666666668,31.326,-0.029,65.88533333333335,0.001046,0.000864,0.002815,14.176666666666634,0
613,613,2024-01-04 08:52:18+00:00,2024-01-04 08:52:18+00:00,20.620714285714293,0.157142857142857,44.85607142857142,26.71928571428572,30.733928571428574,31.306071428571418,-0.0310714285714285,66.12892857142857,0.001045,0.000884,0.002742,14.12214285714284,0
614,614,2024-01-04 08:52:19+00:00,2024-01-04 08:52:19+00:00,20.42846153846154,0.1715384615384615,44.82923076923076,26.59538461538462,30.73653846153847,31.287692307692303,-0.03,66.03192307692308,0.000954,0.000826,0.00271,14.092692307692293,0
615,615,2024-01-04 08:52:20+00:00,2024-01-04 08:52:20+00:00,19.50903225806452,0.1651612903225806,44.76967741935483,25.617419354838702,30.74096774193549,31.29322580645161,-0.0329032258064516,66.11419354838708,0.001049,0.000915,0.002717,14.02870967741934,0
616,616,2024-01-04 08:52:22+00:00,2024-01-04 08:52:22+00:00,19.50428571428571,0.1582142857142857,44.71892857142857,26.28428571428572,30.751785714285717,31.30571428571428,-0.0303571428571428,65.93357142857144,0.000978,0.000901,0.002715,13.967142857142855,0
617,617,2024-01-04 08:52:23+00:00,2024-01-04 08:52:23+00:00,20.542857142857144,0.165,44.69500000000001,26.24750000000001,30.7475,31.276428571428564,-0.03,66.11142857142859,0.001,0.000913,0.002745,13.947500000000003,0
618,618,2024-01-04 08:52:24+00:00,2024-01-04 08:52:24+00:00,20.533571428571424,0.1549999999999999,44.68392857142857,26.69214285714285,30.74178571428572,31.31607142857143,-0.03,65.98499999999999,0.000954,0.0008,0.00279,13.942142857142848,0
619,619,2024-01-04 08:52:25+00:00,2024-01-04 08:52:25+00:00,21.30703703703703,0.1611111111111111,44.62666666666666,28.53444444444444,30.75629629629629,31.28629629629629,-0.03,66.22037037037035,0.001139,0.000958,0.002843,13.870370370370368,0
620,620,2024-01-04 08:52:27+00:00,2024-01-04 08:52:27+00:00,24.433793103448277,0.1551724137931034,44.58241379310344,30.621034482758628,30.783793103448268,31.321724137931028,-0.0310344827586207,66.03103448275864,0.001011,0.000825,0.002889,13.798620689655174,0
621,621,2024-01-04 08:52:28+00:00,2024-01-04 08:52:28+00:00,26.10322580645161,0.1635483870967741,44.59161290322579,32.04129032258066,30.77516129032256,31.30354838709677,-0.03,65.94677419354838,0.000982,0.000927,0.002932,13.816451612903226,0
622,622,2024-01-04 08:52:29+00:00,2024-01-04 08:52:29+00:00,27.62933333333333,0.173,44.59333333333333,34.984666666666655,30.796999999999976,31.347333333333324,-0.03,66.04766666666669,0.001056,0.000867,0.002948,13.79633333333335,0
623,623,2024-01-04 08:52:31+00:00,2024-01-04 08:52:31+00:00,32.7325,0.1625,44.54107142857144,39.46321428571429,30.806071428571425,31.403928571428573,-0.0275,65.80178571428573,0.001023,0.000826,0.002973,13.73500000000001,0
624,624,2024-01-04 08:52:32+00:00,2024-01-04 08:52:32+00:00,35.772000000000006,0.169,44.554666666666655,42.48566666666667,30.810333333333325,31.45433333333333,-0.0296666666666666,65.71966666666668,0.001013,0.000831,0.003089,13.74433333333333,0
625,625,2024-01-04 08:52:33+00:00,2024-01-04 08:52:33+00:00,38.6413043478261,0.1634782608695651,44.54391304347826,45.87260869565217,30.815217391304348,31.443043478260872,-0.03,65.55260869565218,0.001116,0.000863,0.003143,13.728695652173917,0
626,626,2024-01-04 08:52:35+00:00,2024-01-04 08:52:35+00:00,45.25107142857144,0.1592857142857142,44.53749999999999,52.769999999999975,30.816428571428585,31.556785714285702,-0.03,65.3325,0.001097,0.000808,0.003222,13.721071428571404,0
627,627,2024-01-04 08:52:36+00:00,2024-01-04 08:52:36+00:00,48.34148148148148,0.1777777777777778,44.56814814814814,56.46296296296296,30.82037037037037,31.61444444444444,-0.03,65.50000000000001,0.001135,0.000897,0.003383,13.74777777777777,0
628,628,2024-01-04 08:52:37+00:00,2024-01-04 08:52:37+00:00,52.18148148148147,0.1788888888888889,44.58333333333334,60.416296296296295,30.81555555555557,31.667777777777783,-0.0285185185185185,65.4288888888889,0.001133,0.000853,0.003501,13.767777777777775,0
629,629,2024-01-04 08:52:39+00:00,2024-01-04 08:52:39+00:00,60.76928571428572,0.1710714285714286,44.57321428571429,68.75678571428574,30.842142857142864,31.74392857142856,-0.0289285714285714,64.7925,0.001134,0.000829,0.003547,13.731071428571427,0
630,630,2024-01-04 08:52:40+00:00,2024-01-04 08:52:40+00:00,64.70423076923076,0.1769230769230769,44.56769230769229,73.38,30.85192307692309,31.78846153846153,0.4223076923076924,64.88230769230766,0.001226,0.000885,0.003728,13.715769230769205,0
631,631,2024-01-04 08:52:41+00:00,2024-01-04 08:52:41+00:00,68.99275862068966,0.1768965517241379,44.57620689655173,78.10310344827586,30.86068965517242,31.87827586206895,0.6417241379310343,64.78655172413792,0.001247,0.000914,0.003827,13.715517241379311,0
632,632,2024-01-04 08:52:43+00:00,2024-01-04 08:52:43+00:00,78.57428571428571,0.185,44.562857142857126,87.90464285714283,30.893928571428567,31.98142857142858,0.7307142857142861,64.56785714285714,0.001245,0.00089,0.003989,13.66892857142856,0
633,633,2024-01-04 08:52:44+00:00,2024-01-04 08:52:44+00:00,83.65615384615383,0.1776923076923077,44.56999999999999,92.7938461538462,30.880384615384614,32.07961538461539,0.7815384615384614,64.86076923076922,0.001299,0.000916,0.00406,13.689615384615372,0
634,634,2024-01-04 08:52:45+00:00,2024-01-04 08:52:45+00:00,88.61074074074074,0.1992592592592594,44.547777777777775,98.30481481481485,30.88296296296296,32.11555555555555,0.8322222222222224,64.53777777777778,0.00137,0.000928,0.004316,13.664814814814816,0
635,635,2024-01-04 08:52:46+00:00,2024-01-04 08:52:46+00:00,93.2692,0.1811999999999999,44.5524,103.3076,30.88519999999999,32.206399999999995,0.8848000000000001,64.718,0.001306,0.00091,0.004266,13.667200000000008,0
636,636,2024-01-04 08:52:48+00:00,2024-01-04 08:52:48+00:00,103.57499999999996,0.1925000000000001,44.60964285714287,114.27857142857142,30.90464285714285,32.364285714285714,0.9889285714285718,64.11285714285712,0.001314,0.000982,0.004242,13.705000000000016,0
637,637,2024-01-04 08:52:49+00:00,2024-01-04 08:52:49+00:00,108.64483870967744,0.1870967741935484,44.61903225806451,119.5287096774194,30.89032258064515,32.44225806451611,1.0325806451612902,64.06677419354841,0.001323,0.000941,0.004451,13.728709677419356,0
638,638,2024-01-04 08:52:50+00:00,2024-01-04 08:52:50+00:00,114.14142857142862,0.1889285714285714,44.625357142857126,125.41357142857144,30.924642857142867,32.522499999999994,1.0817857142857144,64.2692857142857,0.001382,0.000952,0.004626,13.70071428571426,0
639,639,2024-01-04 08:52:52+00:00,2024-01-04 08:52:52+00:00,123.0648,0.1891999999999999,44.66759999999999,135.50840000000005,30.960400000000007,32.684400000000004,1.1668000000000007,63.52919999999998,0.001454,0.000995,0.004707,13.707199999999986,0
640,640,2024-01-04 08:52:53+00:00,2024-01-04 08:52:53+00:00,129.53961538461542,0.1938461538461539,44.67538461538462,141.40576923076924,30.965384615384625,32.78115384615385,1.2184615384615385,63.92076923076922,0.001401,0.000958,0.004725,13.709999999999996,0
641,641,2024-01-04 08:52:54+00:00,2024-01-04 08:52:54+00:00,134.5867857142857,0.2042857142857142,44.71642857142857,147.25785714285712,30.961428571428595,32.87999999999999,1.2764285714285717,63.71714285714285,0.001433,0.000997,0.004699,13.754999999999978,0
642,642,2024-01-04 08:52:56+00:00,2024-01-04 08:52:56+00:00,144.69500000000002,0.2010714285714286,44.71571428571429,158.38321428571427,30.993571428571432,33.035714285714285,1.3721428571428569,63.29285714285714,0.001405,0.000959,0.00477,13.72214285714286,0
643,643,2024-01-04 08:52:57+00:00,2024-01-04 08:52:57+00:00,149.85639999999998,0.2291999999999999,44.76520000000001,163.74800000000005,31.020399999999984,33.0596,1.4236000000000004,63.56800000000001,0.001445,0.000987,0.00497,13.744800000000025,0
644,644,2024-01-04 08:52:58+00:00,2024-01-04 08:52:58+00:00,155.37517241379308,0.2048275862068965,44.83689655172412,169.06275862068958,31.019310344827574,33.18172413793104,1.473793103448275,63.40689655172414,0.001565,0.001026,0.005285,13.817586206896545,0
645,645,2024-01-04 08:53:00+00:00,2024-01-04 08:53:00+00:00,164.17571428571432,0.215,44.88392857142858,178.02285714285716,31.02535714285713,33.36535714285715,1.5635714285714282,63.32714285714288,0.001571,0.000991,0.005394,13.858571428571445,0
646,646,2024-01-04 08:53:01+00:00,2024-01-04 08:53:01+00:00,168.48222222222228,0.2185185185185185,44.932592592592606,182.9455555555556,31.025185185185176,33.40259259259259,1.6033333333333333,63.14481481481481,0.001574,0.000962,0.005529,13.90740740740743,0
647,647,2024-01-04 08:53:02+00:00,2024-01-04 08:53:02+00:00,174.27566666666664,0.217,44.89666666666667,188.349,31.037666666666656,33.46733333333333,1.6649999999999996,62.79833333333334,0.001681,0.001004,0.005831,13.859000000000012,0
648,648,2024-01-04 08:53:03+00:00,2024-01-04 08:53:03+00:00,177.2111111111111,0.22,44.971851851851845,192.35666666666668,31.025185185185176,33.58148148148149,1.7125925925925929,62.93666666666663,0.001681,0.001032,0.005836,13.946666666666667,0
649,649,2024-01-04 08:53:05+00:00,2024-01-04 08:53:05+00:00,186.00821428571427,0.2142857142857143,45.08285714285714,201.46714285714287,31.04999999999999,33.74964285714286,1.821071428571429,62.65535714285716,0.001774,0.001015,0.006126,14.032857142857154,0
650,650,2024-01-04 08:53:06+00:00,2024-01-04 08:53:06+00:00,189.14428571428564,0.2221428571428571,45.14,205.7542857142857,31.06392857142857,33.77892857142858,1.8710714285714287,62.59964285714285,0.001745,0.001006,0.006129,14.076071428571437,0
651,651,2024-01-04 08:53:07+00:00,2024-01-04 08:53:07+00:00,193.18142857142857,0.2271428571428571,45.24785714285715,209.03642857142853,31.07785714285714,33.86714285714286,1.918571428571428,62.55,0.001816,0.001022,0.006323,14.170000000000009,0
652,652,2024-01-04 08:53:09+00:00,2024-01-04 08:53:09+00:00,199.78933333333327,0.2346666666666667,45.31099999999997,216.75866666666676,31.113000000000003,33.98733333333334,2.013333333333334,62.61,0.001845,0.001001,0.006476,14.197999999999968,0
653,653,2024-01-04 08:53:10+00:00,2024-01-04 08:53:10+00:00,203.9716,0.2412,45.3952,220.5512,31.122000000000003,34.087599999999995,2.056,62.328,0.001894,0.001049,0.00649,14.2732,0
654,654,2024-01-04 08:53:11+00:00,2024-01-04 08:53:11+00:00,205.66592592592585,0.2162962962962963,45.45555555555556,221.84185185185183,31.120740740740736,34.1425925925926,2.0955555555555563,62.47592592592593,0.001936,0.001064,0.006655,14.33481481481482,0
655,655,2024-01-04 08:53:13+00:00,2024-01-04 08:53:13+00:00,210.2537037037038,0.2411111111111111,45.55888888888888,227.80259259259256,31.152222222222218,34.224074074074075,2.16888888888889,62.47370370370371,0.001957,0.001011,0.006747,14.406666666666665,0
656,656,2024-01-04 08:53:14+00:00,2024-01-04 08:53:14+00:00,212.1620689655172,0.2175862068965518,45.650000000000006,229.0462068965517,31.16931034482757,34.26931034482759,2.194827586206896,62.13862068965518,0.001956,0.001054,0.006775,14.480689655172434,0
657,657,2024-01-04 08:53:15+00:00,2024-01-04 08:53:15+00:00,214.1685185185185,0.2351851851851852,45.7025925925926,231.29370370370373,31.17666666666666,34.31740740740741,2.2225925925925925,62.26037037037037,0.001949,0.001055,0.006808,14.525925925925936,0
658,658,2024-01-04 08:53:17+00:00,2024-01-04 08:53:17+00:00,216.8292592592592,0.2248148148148148,45.849629629629646,233.5785185185185,31.184074074074083,34.39925925925927,2.277407407407408,62.12925925925926,0.001951,0.001021,0.006858,14.665555555555564,0
659,659,2024-01-04 08:53:18+00:00,2024-01-04 08:53:18+00:00,217.1072,0.2376,45.95640000000001,235.54320000000007,31.20320000000001,34.40319999999999,2.3024,61.8632,0.001991,0.001051,0.006928,14.7532,0
660,660,2024-01-04 08:53:19+00:00,2024-01-04 08:53:19+00:00,219.48185185185176,0.2451851851851852,46.03703703703703,237.07222222222225,31.19925925925927,34.456666666666656,2.324074074074073,62.03777777777778,0.001963,0.00099,0.006962,14.83777777777776,0
661,661,2024-01-04 08:53:22+00:00,2024-01-04 08:53:22+00:00,219.7762962962963,0.2492592592592592,46.26222222222221,237.7059259259259,31.232962962962976,34.537777777777784,2.34888888888889,62.01037037037037,0.001933,0.001039,0.006888,15.029259259259238,0
662,662,2024-01-04 08:53:23+00:00,2024-01-04 08:53:23+00:00,219.87846153846155,0.24,46.27692307692307,236.52038461538453,31.24153846153846,34.54807692307691,2.336538461538461,62.17692307692308,0.001911,0.000987,0.00691,15.035384615384608,0
663,663,2024-01-04 08:53:24+00:00,2024-01-04 08:53:24+00:00,218.81461538461537,0.228076923076923,46.383461538461546,235.8780769230769,31.23384615384616,34.57923076923076,2.3296153846153853,62.05961538461538,0.001964,0.001033,0.006886,15.149615384615387,0
664,664,2024-01-04 08:53:26+00:00,2024-01-04 08:53:26+00:00,215.28333333333333,0.237037037037037,46.52185185185184,233.17703703703708,31.25296296296296,34.57074074074074,2.2992592592592582,62.377777777777766,0.001904,0.001054,0.006789,15.268888888888885,0
665,665,2024-01-04 08:53:27+00:00,2024-01-04 08:53:27+00:00,214.59423076923065,0.2392307692307692,46.57269230769232,232.3234615384616,31.27269230769229,34.584230769230764,2.279615384615385,62.33038461538463,0.001872,0.000987,0.006741,15.300000000000022,0
666,666,2024-01-04 08:53:28+00:00,2024-01-04 08:53:28+00:00,212.94960000000003,0.2208,46.6404,230.39120000000003,31.26239999999999,34.5884,2.2595999999999994,62.1804,0.00188,0.001053,0.006702,15.37800000000001,0
667,667,2024-01-04 08:53:30+00:00,2024-01-04 08:53:30+00:00,209.6189285714285,0.235,46.772142857142846,225.82892857142855,31.27571428571428,34.57357142857143,2.1921428571428567,62.13750000000001,0.001861,0.001029,0.006588,15.49642857142857,0
668,668,2024-01-04 08:53:31+00:00,2024-01-04 08:53:31+00:00,205.71035714285708,0.2167857142857144,46.771785714285706,222.9675,31.27535714285713,34.50714285714285,2.156785714285714,62.188214285714295,0.001812,0.001012,0.006514,15.496428571428575,0
669,669,2024-01-04 08:53:32+00:00,2024-01-04 08:53:32+00:00,203.17714285714288,0.2107142857142857,46.82714285714288,219.84821428571428,31.294642857142843,34.50178571428571,2.120357142857143,62.25535714285716,0.001849,0.001037,0.006453,15.53250000000003,0
670,670,2024-01-04 08:53:34+00:00,2024-01-04 08:53:34+00:00,196.9248148148148,0.2122222222222222,46.88000000000002,214.29888888888888,31.29703703703703,34.420370370370364,2.040740740740741,62.306666666666665,0.001787,0.001021,0.006346,15.582962962962988,0
671,671,2024-01-04 08:53:35+00:00,2024-01-04 08:53:35+00:00,193.9933333333333,0.228,46.889,211.69866666666664,31.316666666666663,34.412,2.0000000000000004,62.35599999999998,0.001764,0.001013,0.006237,15.572333333333336,0
672,672,2024-01-04 08:53:36+00:00,2024-01-04 08:53:36+00:00,190.1107142857142,0.2096428571428572,46.90571428571428,207.2678571428572,31.31607142857143,34.413571428571444,1.9517857142857145,62.68178571428574,0.001731,0.001017,0.006115,15.589642857142852,0
673,673,2024-01-04 08:53:38+00:00,2024-01-04 08:53:38+00:00,183.1277777777778,0.2207407407407408,46.97333333333335,199.6707407407408,31.320370370370373,34.317037037037046,1.8470370370370373,62.84148148148148,0.00171,0.000982,0.006025,15.652962962962976,0
674,674,2024-01-04 08:53:39+00:00,2024-01-04 08:53:39+00:00,179.38392857142858,0.2135714285714286,46.96785714285716,194.6057142857143,31.341428571428576,34.246785714285714,1.7953571428571429,62.751428571428576,0.001652,0.001033,0.005764,15.62642857142858,0
675,675,2024-01-04 08:53:40+00:00,2024-01-04 08:53:40+00:00,175.08413793103458,0.2096551724137931,46.98206896551724,190.1510344827587,31.337931034482768,34.236206896551735,1.7624137931034485,63.2448275862069,0.001634,0.001035,0.005722,15.644137931034468,0
676,676,2024-01-04 08:53:41+00:00,2024-01-04 08:53:41+00:00,170.92241379310352,0.2158620689655172,46.99103448275863,185.4096551724138,31.36620689655172,34.17068965517241,1.6968965517241372,63.12586206896551,0.001538,0.000972,0.005444,15.624827586206909,0
677,677,2024-01-04 08:53:43+00:00,2024-01-04 08:53:43+00:00,160.5318518518518,0.215925925925926,47.01962962962963,175.98481481481474,31.37222222222222,34.032962962962955,1.608148148148148,63.57925925925926,0.001546,0.000975,0.005417,15.647407407407409,0
678,678,2024-01-04 08:53:44+00:00,2024-01-04 08:53:44+00:00,155.61533333333333,0.1896666666666666,46.982,170.1686666666666,31.36833333333334,33.99699999999999,1.5506666666666669,63.48033333333333,0.001466,0.000964,0.005122,15.61366666666666,0
679,679,2024-01-04 08:53:45+00:00,2024-01-04 08:53:45+00:00,151.8275,0.2078571428571429,46.96464285714285,166.39357142857148,31.37107142857143,33.96285714285714,1.5125000000000004,63.55642857142858,0.001445,0.001003,0.004959,15.59357142857142,0
680,680,2024-01-04 08:53:47+00:00,2024-01-04 08:53:47+00:00,141.79821428571424,0.1964285714285714,46.90428571428573,154.48357142857145,31.397142857142853,33.81250000000001,1.4110714285714283,63.635000000000005,0.001484,0.001039,0.004884,15.50714285714288,0
681,681,2024-01-04 08:53:48+00:00,2024-01-04 08:53:48+00:00,136.045925925926,0.1848148148148148,46.91222222222223,149.29370370370367,31.393333333333324,33.767037037037035,1.3596296296296302,63.72925925925924,0.001433,0.000978,0.004785,15.518888888888902,0
682,682,2024-01-04 08:53:49+00:00,2024-01-04 08:53:49+00:00,129.98206896551724,0.1989655172413793,46.90965517241382,144.01137931034486,31.411379310344827,33.71310344827587,1.3120689655172413,63.788965517241365,0.001382,0.000961,0.004667,15.498275862068994,0
683,683,2024-01-04 08:53:51+00:00,2024-01-04 08:53:51+00:00,120.14296296296298,0.1888888888888889,46.838888888888896,132.68851851851852,31.417777777777765,33.5611111111111,1.2107407407407411,64.0522222222222,0.001458,0.001028,0.00467,15.42111111111113,0
684,684,2024-01-04 08:53:52+00:00,2024-01-04 08:53:52+00:00,115.56592592592597,0.1892592592592593,46.81111111111112,127.5888888888889,31.45444444444445,33.53148148148147,1.1659259259259258,64.15481481481481,0.001401,0.001001,0.004621,15.356666666666662,0
685,685,2024-01-04 08:53:53+00:00,2024-01-04 08:53:53+00:00,110.26153846153844,0.183076923076923,46.78692307692309,121.46192307692309,31.440384615384616,33.46384615384616,1.118846153846154,64.58615384615385,0.001411,0.000969,0.004568,15.346538461538472,0
686,686,2024-01-04 08:53:55+00:00,2024-01-04 08:53:55+00:00,99.49870967741938,0.1841935483870968,46.66580645161292,110.67322580645155,31.45709677419357,33.29225806451613,1.0229032258064517,64.61354838709677,0.001393,0.001008,0.004487,15.208709677419352,0
687,687,2024-01-04 08:53:56+00:00,2024-01-04 08:53:56+00:00,94.21439999999996,0.1915999999999999,46.64599999999999,105.6904,31.44800000000001,33.23879999999999,0.9720000000000002,64.54440000000001,0.001349,0.000982,0.00431,15.197999999999972,0
688,688,2024-01-04 08:53:57+00:00,2024-01-04 08:53:57+00:00,89.96437499999998,0.19125,46.60406249999998,100.54624999999996,31.46375000000001,33.1675,0.9146875,64.70499999999998,0.001273,0.000955,0.004096,15.140312499999972,0
689,689,2024-01-04 08:53:59+00:00,2024-01-04 08:53:59+00:00,79.25241379310344,0.1844827586206897,46.502068965517246,89.69862068965513,31.485517241379323,33.04275862068965,0.807931034482759,64.85862068965517,0.00127,0.000906,0.004077,15.016551724137924,0
690,690,2024-01-04 08:54:00+00:00,2024-01-04 08:54:00+00:00,75.02444444444446,0.1803703703703704,46.42925925925926,85.17481481481481,31.47814814814816,32.942222222222206,0.7648148148148147,64.8759259259259,0.00127,0.000933,0.003966,14.9511111111111,0
691,691,2024-01-04 08:54:01+00:00,2024-01-04 08:54:01+00:00,70.2237037037037,0.1766666666666667,46.39518518518517,79.83481481481483,31.484814814814825,32.89703703703704,0.7133333333333337,65.06333333333333,0.001229,0.00092,0.003771,14.910370370370345,0
692,692,2024-01-04 08:54:02+00:00,2024-01-04 08:54:02+00:00,65.62392857142855,0.1689285714285714,46.3610714285714,74.71607142857145,31.497499999999995,32.85285714285713,0.6642857142857145,64.99571428571429,0.001196,0.000905,0.003716,14.863571428571404,0
693,693,2024-01-04 08:54:04+00:00,2024-01-04 08:54:04+00:00,57.22269230769233,0.1803846153846154,46.24346153846154,66.15576923076922,31.527307692307684,32.70961538461539,-0.0273076923076923,65.48461538461538,0.001168,0.000838,0.003558,14.716153846153857,0
694,694,2024-01-04 08:54:05+00:00,2024-01-04 08:54:05+00:00,53.22962962962965,0.1725925925925926,46.17148148148149,61.663703703703696,31.531111111111095,32.6637037037037,-0.0344444444444444,65.24888888888889,0.001268,0.000909,0.003417,14.640370370370396,0
695,695,2024-01-04 08:54:06+00:00,2024-01-04 08:54:06+00:00,49.11851851851852,0.1681481481481481,46.15666666666667,58.45962962962963,31.518888888888885,32.62111111111112,-0.0307407407407407,65.34777777777778,0.001137,0.000863,0.003351,14.637777777777789,0
696,696,2024-01-04 08:54:08+00:00,2024-01-04 08:54:08+00:00,42.03222222222224,0.1507407407407407,46.02888888888887,50.59444444444444,31.51703703703703,32.55703703703702,-0.0314814814814814,65.49999999999999,0.00105,0.000786,0.00319,14.51185185185184,0
697,697,2024-01-04 08:54:09+00:00,2024-01-04 08:54:09+00:00,39.23964285714285,0.1760714285714286,46.0057142857143,47.68071428571428,31.523928571428563,32.47607142857143,-0.03,65.64571428571428,0.001019,0.000798,0.003096,14.481785714285737,0
698,698,2024-01-04 08:54:10+00:00,2024-01-04 08:54:10+00:00,36.491428571428585,0.1635714285714285,45.93928571428573,43.322499999999984,31.55107142857141,32.44964285714285,-0.0310714285714285,65.60392857142857,0.001031,0.000804,0.003015,14.38821428571432,0
699,699,2024-01-04 08:54:12+00:00,2024-01-04 08:54:12+00:00,31.26733333333334,0.1753333333333333,45.844666666666654,38.36299999999999,31.549666666666653,32.39833333333333,-0.0303333333333333,66.18733333333334,0.000952,0.000731,0.002973,14.295000000000002,0
700,700,2024-01-04 08:54:13+00:00,2024-01-04 08:54:13+00:00,28.09730769230769,0.1719230769230769,45.76000000000002,35.674615384615386,31.57884615384616,32.33730769230769,-0.0319230769230769,65.87423076923073,0.000971,0.000748,0.002912,14.181153846153858,0
701,701,2024-01-04 08:54:14+00:00,2024-01-04 08:54:14+00:00,27.06296296296297,0.1622222222222222,45.69370370370371,32.855555555555554,31.59222222222222,32.353333333333346,-0.0325925925925926,65.93444444444441,0.001017,0.0009,0.002831,14.101481481481493,0
702,702,2024-01-04 08:54:16+00:00,2024-01-04 08:54:16+00:00,23.27814814814815,0.1633333333333333,45.63888888888887,29.63074074074074,31.59666666666667,32.27111111111112,-0.0322222222222222,65.93851851851856,0.001018,0.000835,0.002839,14.0422222222222,0
703,703,2024-01-04 08:54:17+00:00,2024-01-04 08:54:17+00:00,21.42517241379309,0.163103448275862,45.59448275862067,27.857931034482768,31.60862068965518,32.2248275862069,-0.0375862068965517,66.03379310344828,0.000984,0.000769,0.0028,13.985862068965492,0
704,704,2024-01-04 08:54:18+00:00,2024-01-04 08:54:18+00:00,21.283103448275863,0.1558620689655172,45.55482758620689,27.25413793103448,31.626551724137933,32.22379310344828,-0.0320689655172413,66.15517241379311,0.001078,0.000847,0.002764,13.928275862068958,0
705,705,2024-01-04 08:54:20+00:00,2024-01-04 08:54:20+00:00,19.56,0.1755555555555556,45.46962962962965,26.11555555555556,31.66185185185184,32.230000000000004,-0.0337037037037037,66.07814814814814,0.00097,0.000825,0.002738,13.807777777777805,0
706,706,2024-01-04 08:54:21+00:00,2024-01-04 08:54:21+00:00,19.475,0.1717857142857143,45.451428571428565,25.645,31.662499999999994,32.23285714285714,-0.0360714285714285,66.32107142857144,0.001038,0.000933,0.00275,13.78892857142857,0
707,707,2024-01-04 08:54:22+00:00,2024-01-04 08:54:22+00:00,19.52206896551724,0.1506896551724137,45.42551724137931,25.337586206896543,31.678275862068997,32.20551724137931,-0.036551724137931,65.93241379310344,0.000976,0.000868,0.00277,13.747241379310315,0
708,708,2024-01-04 08:54:23+00:00,2024-01-04 08:54:23+00:00,19.783076923076923,0.1826923076923077,45.33384615384614,26.278846153846164,31.690384615384623,32.16615384615385,-0.04,66.2626923076923,0.00101,0.000924,0.002786,13.643461538461516,0
709,709,2024-01-04 08:54:25+00:00,2024-01-04 08:54:25+00:00,21.531333333333343,0.1643333333333333,45.30299999999998,27.52133333333334,31.69200000000001,32.20333333333333,-0.0326666666666666,65.96066666666665,0.001074,0.000898,0.002818,13.610999999999969,0
710,710,2024-01-04 08:54:26+00:00,2024-01-04 08:54:26+00:00,22.373103448275863,0.1682758620689655,45.28241379310344,28.412758620689665,31.695862068965532,32.210344827586205,-0.0337931034482758,65.99068965517242,0.001029,0.000807,0.002901,13.586551724137902,0
711,711,2024-01-04 08:54:27+00:00,2024-01-04 08:54:27+00:00,24.512758620689656,0.1613793103448276,45.26758620689654,30.86172413793104,31.695517241379317,32.23448275862069,-0.0320689655172414,65.70206896551724,0.001009,0.000837,0.002945,13.572068965517223,0
712,712,2024-01-04 08:54:29+00:00,2024-01-04 08:54:29+00:00,26.96521739130434,0.1756521739130435,45.22043478260869,33.854782608695665,31.726086956521748,32.24086956521739,-0.0334782608695652,65.87304347826084,0.001085,0.000791,0.002932,13.494347826086944,0
713,713,2024-01-04 08:54:30+00:00,2024-01-04 08:54:30+00:00,29.43038461538461,0.1819230769230769,45.21307692307692,37.49538461538461,31.723846153846168,32.31269230769232,-0.035,65.87961538461539,0.001056,0.000846,0.002973,13.489230769230751,0
714,714,2024-01-04 08:54:31+00:00,2024-01-04 08:54:31+00:00,33.30333333333333,0.1719047619047619,45.24761904761905,39.41809523809523,31.733333333333334,32.34238095238095,-0.03,65.78476190476192,0.001054,0.000813,0.003051,13.514285714285707,0
715,715,2024-01-04 08:54:33+00:00,2024-01-04 08:54:33+00:00,37.5836,0.162,45.21040000000001,44.2912,31.748799999999992,32.4176,-0.0332,65.6832,0.001119,0.000877,0.003167,13.461600000000017,0
716,716,2024-01-04 08:54:34+00:00,2024-01-04 08:54:34+00:00,41.942000000000014,0.1696,45.2116,48.16439999999999,31.7624,32.482800000000005,-0.0316,65.47879999999998,0.001104,0.000832,0.003215,13.449200000000005,0
717,717,2024-01-04 08:54:35+00:00,2024-01-04 08:54:35+00:00,44.48793103448276,0.1648275862068965,45.183793103448295,51.75724137931034,31.756206896551724,32.51172413793103,-0.0306896551724138,65.31551724137931,0.001066,0.000823,0.003281,13.42758620689657,0
718,718,2024-01-04 08:54:37+00:00,2024-01-04 08:54:37+00:00,51.70807692307694,0.1876923076923077,45.22038461538462,59.25538461538461,31.80461538461539,32.60192307692308,-0.0315384615384615,65.48346153846154,0.001152,0.000878,0.00346,13.415769230769229,0
719,719,2024-01-04 08:54:38+00:00,2024-01-04 08:54:38+00:00,55.645555555555575,0.1733333333333334,45.20370370370373,63.79407407407408,31.80370370370369,32.62296296296297,-0.0311111111111111,65.0225925925926,0.001169,0.000823,0.00348,13.400000000000034,0
720,720,2024-01-04 08:54:39+00:00,2024-01-04 08:54:39+00:00,59.86464285714287,0.1757142857142856,45.23821428571427,67.67928571428568,31.79249999999999,32.734642857142845,-0.0114285714285714,65.06499999999998,0.001272,0.000882,0.00368,13.44571428571428,0
721,721,2024-01-04 08:54:40+00:00,2024-01-04 08:54:40+00:00,64.74714285714286,0.1678571428571428,45.25249999999999,72.25285714285714,31.792857142857137,32.78357142857143,0.4096428571428571,65.08214285714287,0.001214,0.000853,0.00376,13.459642857142851,0
722,722,2024-01-04 08:54:42+00:00,2024-01-04 08:54:42+00:00,73.38269230769232,0.1926923076923077,45.26076923076923,81.61307692307693,31.82038461538463,32.9273076923077,0.6969230769230766,65.05346153846155,0.001289,0.000908,0.003969,13.440384615384598,0
723,723,2024-01-04 08:54:43+00:00,2024-01-04 08:54:43+00:00,77.4903448275862,0.186896551724138,45.26862068965516,86.75655172413792,31.828275862068978,32.93379310344828,0.7358620689655173,64.76,0.001258,0.000901,0.003969,13.44034482758618,0
724,724,2024-01-04 08:54:44+00:00,2024-01-04 08:54:44+00:00,82.4116129032258,0.1874193548387096,45.27354838709677,92.0887096774194,31.832903225806465,33.035161290322584,0.7932258064516127,64.71612903225805,0.001384,0.001002,0.00419,13.440645161290302,0
725,725,2024-01-04 08:54:46+00:00,2024-01-04 08:54:46+00:00,92.65275862068964,0.1972413793103449,45.282758620689656,102.69206896551724,31.871034482758613,33.1941379310345,0.891034482758621,64.59379310344829,0.001314,0.000912,0.00427,13.411724137931042,0
726,726,2024-01-04 08:54:47+00:00,2024-01-04 08:54:47+00:00,96.85933333333332,0.185,45.313333333333325,107.19166666666663,31.888999999999992,33.294,0.9376666666666664,64.29566666666665,0.001329,0.000981,0.004295,13.424333333333331,0
727,727,2024-01-04 08:54:48+00:00,2024-01-04 08:54:48+00:00,103.83892857142855,0.1942857142857143,45.29035714285714,113.53250000000004,31.89071428571428,33.34250000000001,0.9946428571428572,64.38857142857142,0.001317,0.000969,0.004328,13.399642857142862,0
728,728,2024-01-04 08:54:50+00:00,2024-01-04 08:54:50+00:00,112.16142857142862,0.1935714285714286,45.30214285714284,123.88749999999992,31.909285714285705,33.545357142857135,1.092857142857143,64.19428571428573,0.001343,0.000995,0.004412,13.392857142857135,0
729,729,2024-01-04 08:54:51+00:00,2024-01-04 08:54:51+00:00,118.69962962962964,0.1959259259259259,45.25962962962964,130.11444444444444,31.926296296296304,33.5851851851852,1.1392592592592592,64.01777777777778,0.001394,0.000982,0.004542,13.333333333333332,0
730,730,2024-01-04 08:54:52+00:00,2024-01-04 08:54:52+00:00,123.09857142857147,0.1975,45.36249999999999,135.0071428571429,31.945,33.690357142857145,1.185357142857143,63.735357142857154,0.001412,0.001076,0.004652,13.41749999999999,0
731,731,2024-01-04 08:54:54+00:00,2024-01-04 08:54:54+00:00,133.8860714285714,0.1975,45.39964285714287,146.225,31.944642857142863,33.84678571428572,1.2828571428571425,63.66357142857144,0.001417,0.000979,0.004752,13.455000000000002,0
732,732,2024-01-04 08:54:55+00:00,2024-01-04 08:54:55+00:00,139.7382142857143,0.1992857142857143,45.41678571428572,151.46964285714284,31.963928571428585,33.92749999999999,1.3367857142857142,63.37642857142857,0.001474,0.00102,0.004864,13.452857142857138,0
733,733,2024-01-04 08:54:56+00:00,2024-01-04 08:54:56+00:00,143.3375862068966,0.1879310344827586,45.428965517241394,156.61379310344824,31.9693103448276,34.00655172413792,1.386551724137931,63.472413793103456,0.001444,0.00098,0.004872,13.459655172413797,0
734,734,2024-01-04 08:54:58+00:00,2024-01-04 08:54:58+00:00,154.3323333333333,0.206,45.48566666666668,167.61766666666662,31.97000000000001,34.16866666666667,1.4826666666666668,63.098000000000006,0.00149,0.001054,0.005054,13.515666666666675,0
735,735,2024-01-04 08:54:59+00:00,2024-01-04 08:54:59+00:00,159.18583333333336,0.2045833333333333,45.51083333333332,172.70125,31.964166666666674,34.24166666666667,1.5383333333333338,63.01791666666667,0.001571,0.00099,0.005363,13.546666666666647,0
736,736,2024-01-04 08:55:00+00:00,2024-01-04 08:55:00+00:00,163.0843333333333,0.2216666666666667,45.57899999999998,177.5366666666667,31.977333333333338,34.33500000000001,1.5793333333333337,63.273,0.001604,0.001032,0.005405,13.601666666666642,0
737,737,2024-01-04 08:55:01+00:00,2024-01-04 08:55:01+00:00,167.5014285714286,0.2053571428571428,45.62071428571429,181.59321428571428,31.98964285714286,34.42285714285714,1.6328571428571426,62.84714285714285,0.001644,0.001,0.005716,13.631071428571431,0
738,738,2024-01-04 08:55:03+00:00,2024-01-04 08:55:03+00:00,177.32580645161298,0.2164516129032259,45.68354838709679,191.1264516129032,32.00645161290322,34.59129032258065,1.739032258064516,62.52806451612904,0.001671,0.001029,0.005779,13.677096774193572,0
739,739,2024-01-04 08:55:04+00:00,2024-01-04 08:55:04+00:00,181.26703703703703,0.2114814814814815,45.72851851851853,195.86111111111117,32.03814814814813,34.667037037037026,1.7962962962962965,62.9137037037037,0.001774,0.001039,0.005965,13.690370370370395,0
740,740,2024-01-04 08:55:05+00:00,2024-01-04 08:55:05+00:00,185.22758620689655,0.2206896551724139,45.77275862068964,200.1644827586207,32.03965517241379,34.715172413793105,1.845862068965517,62.78689655172413,0.001767,0.00103,0.006156,13.733103448275855,0
741,741,2024-01-04 08:55:07+00:00,2024-01-04 08:55:07+00:00,193.25923076923075,0.2261538461538462,45.8930769230769,208.6653846153846,32.05846153846153,34.87923076923076,1.95,62.51038461538461,0.001837,0.001061,0.006256,13.834615384615375,0
742,742,2024-01-04 08:55:08+00:00,2024-01-04 08:55:08+00:00,196.2414285714285,0.2014285714285714,45.941428571428574,211.34178571428575,32.054285714285705,34.92964285714286,1.9928571428571424,62.48,0.001867,0.001054,0.006357,13.88714285714287,0
743,743,2024-01-04 08:55:09+00:00,2024-01-04 08:55:09+00:00,199.18461538461528,0.2192307692307693,46.00615384615383,215.51807692307688,32.07346153846156,34.9573076923077,2.0403846153846144,62.18653846153847,0.001882,0.001073,0.006491,13.932692307692273,0
744,744,2024-01-04 08:55:11+00:00,2024-01-04 08:55:11+00:00,205.0562962962962,0.2337037037037037,46.16037037037039,221.43703703703693,32.06999999999999,35.088888888888896,2.117407407407408,62.25703703703702,0.001948,0.001052,0.006657,14.090370370370394,0
745,745,2024-01-04 08:55:12+00:00,2024-01-04 08:55:12+00:00,208.06269230769232,0.2307692307692308,46.22423076923079,223.80999999999997,32.10346153846155,35.082307692307694,2.163076923076924,62.2973076923077,0.00197,0.001068,0.006735,14.120769230769234,0
746,746,2024-01-04 08:55:13+00:00,2024-01-04 08:55:13+00:00,209.6864285714285,0.2289285714285714,46.267499999999984,226.3328571428571,32.0907142857143,35.1457142857143,2.192857142857144,62.23571428571429,0.00197,0.001057,0.006812,14.176785714285684,0
747,747,2024-01-04 08:55:16+00:00,2024-01-04 08:55:16+00:00,215.3838461538461,0.2326923076923078,46.45461538461538,232.5234615384616,32.10615384615386,35.308461538461536,2.290384615384616,62.13846153846156,0.001898,0.001053,0.006825,14.34846153846152,0
748,748,2024-01-04 08:55:17+00:00,2024-01-04 08:55:17+00:00,216.71249999999995,0.2232142857142858,46.5717857142857,233.825,32.09642857142858,35.33607142857144,2.324285714285714,61.87035714285712,0.001932,0.001055,0.006867,14.47535714285712,0
749,749,2024-01-04 08:55:18+00:00,2024-01-04 08:55:18+00:00,217.38137931034484,0.233448275862069,46.59689655172415,235.0824137931034,32.102068965517255,35.347586206896565,2.34448275862069,61.98206896551725,0.001937,0.001033,0.006925,14.494827586206895,0
750,750,2024-01-04 08:55:20+00:00,2024-01-04 08:55:20+00:00,220.21692307692317,0.2280769230769231,46.82384615384613,236.56423076923076,32.12307692307692,35.43115384615384,2.378846153846154,62.11615384615384,0.001954,0.001051,0.006964,14.700769230769213,0
751,751,2024-01-04 08:55:21+00:00,2024-01-04 08:55:21+00:00,219.3857142857143,0.2357142857142857,46.87642857142858,236.9039285714286,32.122142857142855,35.42214285714285,2.389642857142858,61.96535714285714,0.001976,0.001076,0.006984,14.754285714285729,0
752,752,2024-01-04 08:55:22+00:00,2024-01-04 08:55:22+00:00,219.9726923076923,0.2334615384615384,46.94115384615385,236.52884615384616,32.12653846153846,35.47038461538461,2.3857692307692315,61.97576923076922,0.001933,0.001025,0.006963,14.814615384615394,0
753,753,2024-01-04 08:55:24+00:00,2024-01-04 08:55:24+00:00,218.1439285714286,0.2332142857142858,47.05392857142857,235.3057142857143,32.1442857142857,35.477142857142866,2.371785714285715,61.75321428571429,0.001936,0.001094,0.00691,14.90964285714287,0
754,754,2024-01-04 08:55:25+00:00,2024-01-04 08:55:25+00:00,218.9077777777777,0.2233333333333333,47.16666666666666,234.8418518518518,32.15777777777776,35.48111111111112,2.377777777777778,61.66925925925926,0.001904,0.001041,0.006886,15.008888888888904,0
755,755,2024-01-04 08:55:26+00:00,2024-01-04 08:55:26+00:00,216.2941379310345,0.2337931034482759,47.19344827586208,233.32689655172405,32.15413793103446,35.50206896551724,2.3434482758620696,61.95206896551724,0.00194,0.00105,0.006853,15.03931034482762,0
756,756,2024-01-04 08:55:28+00:00,2024-01-04 08:55:28+00:00,212.9144000000001,0.2284,47.34479999999999,229.76479999999992,32.149999999999984,35.4996,2.3044,61.99280000000001,0.001892,0.000995,0.006805,15.1948,0
757,757,2024-01-04 08:55:29+00:00,2024-01-04 08:55:29+00:00,211.08827586206883,0.2231034482758621,47.40689655172414,228.21172413793096,32.18068965517241,35.46827586206895,2.2744827586206897,61.91206896551723,0.00193,0.001076,0.006744,15.22620689655173,0
758,758,2024-01-04 08:55:30+00:00,2024-01-04 08:55:30+00:00,208.4159259259259,0.2225925925925926,47.4362962962963,226.69703703703712,32.16777777777776,35.46148148148148,2.2570370370370365,61.94925925925928,0.001866,0.001002,0.006689,15.26851851851854,0
759,759,2024-01-04 08:55:32+00:00,2024-01-04 08:55:32+00:00,204.68551724137936,0.2334482758620689,47.54931034482758,221.9493103448276,32.1755172413793,35.434827586206886,2.190689655172414,61.916206896551714,0.001864,0.001054,0.006581,15.373793103448278,0
760,760,2024-01-04 08:55:33+00:00,2024-01-04 08:55:33+00:00,200.67115384615389,0.2273076923076923,47.61461538461538,217.69230769230765,32.18961538461541,35.43192307692307,2.1330769230769224,62.51615384615384,0.001839,0.001032,0.006458,15.424999999999976,0
761,761,2024-01-04 08:55:34+00:00,2024-01-04 08:55:34+00:00,197.81925925925927,0.2211111111111111,47.561481481481465,215.0555555555556,32.21148148148149,35.34,2.0877777777777786,62.41037037037037,0.001828,0.001056,0.006366,15.349999999999971,0
762,762,2024-01-04 08:55:36+00:00,2024-01-04 08:55:36+00:00,191.0237037037037,0.2125925925925926,47.66222222222223,206.99148148148143,32.20407407407409,35.32814814814815,1.9870370370370365,62.38703703703703,0.001781,0.001049,0.006236,15.458148148148132,0
763,763,2024-01-04 08:55:37+00:00,2024-01-04 08:55:37+00:00,188.15076923076916,0.2223076923076923,47.64692307692308,203.15769230769232,32.20615384615385,35.26769230769231,1.940769230769231,62.83692307692308,0.001748,0.00101,0.006136,15.440769230769227,0
764,764,2024-01-04 08:55:38+00:00,2024-01-04 08:55:38+00:00,183.9992592592593,0.2181481481481481,47.69259259259261,198.92592592592595,32.21777777777778,35.2277777777778,1.879629629629629,62.62592592592591,0.001729,0.001075,0.005986,15.474814814814827,0
765,765,2024-01-04 08:55:39+00:00,2024-01-04 08:55:39+00:00,179.04892857142858,0.2107142857142858,47.65214285714286,194.4475,32.24107142857143,35.160714285714285,1.8325,62.882142857142846,0.001649,0.000996,0.005792,15.411071428571432,0
766,766,2024-01-04 08:55:41+00:00,2024-01-04 08:55:41+00:00,170.74896551724143,0.2062068965517242,47.727241379310335,185.36586206896555,32.25137931034483,35.10724137931033,1.745862068965517,63.070689655172416,0.001641,0.001014,0.005724,15.475862068965505,0
767,767,2024-01-04 08:55:42+00:00,2024-01-04 08:55:42+00:00,166.49359999999993,0.2092,47.68400000000001,180.20720000000009,32.26399999999999,35.055200000000006,1.6892000000000005,63.334,0.001586,0.00104,0.005506,15.420000000000025,0
768,768,2024-01-04 08:55:43+00:00,2024-01-04 08:55:43+00:00,161.45444444444445,0.2022222222222222,47.71259259259259,175.9737037037037,32.273333333333326,35.01999999999999,1.6418518518518517,63.31592592592594,0.001483,0.000992,0.005232,15.439259259259266,0
769,769,2024-01-04 08:55:45+00:00,2024-01-04 08:55:45+00:00,151.9940740740741,0.2114814814814814,47.65037037037036,165.93296296296296,32.283333333333324,34.843333333333334,1.534814814814815,63.54296296296296,0.001428,0.000989,0.005074,15.367037037037036,0
770,770,2024-01-04 08:55:46+00:00,2024-01-04 08:55:46+00:00,146.83241379310343,0.1996551724137931,47.65862068965518,160.35,32.284137931034465,34.83724137931035,1.485172413793104,63.59724137931034,0.001408,0.000986,0.004899,15.374482758620715,0
771,771,2024-01-04 08:55:47+00:00,2024-01-04 08:55:47+00:00,141.3634482758621,0.2062068965517242,47.63724137931034,154.66000000000008,32.29931034482757,34.73413793103448,1.4320689655172405,63.63241379310347,0.001299,0.000942,0.004619,15.337931034482772,0
772,772,2024-01-04 08:55:49+00:00,2024-01-04 08:55:49+00:00,131.44206896551722,0.1999999999999999,47.62241379310347,144.78344827586204,32.32344827586206,34.67068965517242,1.3362068965517244,63.85793103448277,0.00134,0.001001,0.004605,15.298965517241406,0
773,773,2024-01-04 08:55:50+00:00,2024-01-04 08:55:50+00:00,125.985,0.1926923076923077,47.58423076923077,138.5846153846154,32.320384615384626,34.60807692307692,1.285,63.85346153846152,0.001342,0.000967,0.004625,15.263846153846146,0
774,774,2024-01-04 08:55:51+00:00,2024-01-04 08:55:51+00:00,121.0225,0.1978571428571429,47.52821428571429,133.9360714285714,32.325714285714305,34.504999999999995,1.2399999999999998,64.32785714285716,0.00135,0.000979,0.00459,15.20249999999998,0
775,775,2024-01-04 08:55:53+00:00,2024-01-04 08:55:53+00:00,111.0589285714286,0.1964285714285715,47.46642857142858,122.88142857142854,32.36821428571428,34.39964285714285,1.1492857142857142,64.30250000000002,0.00132,0.00096,0.0045,15.0982142857143,0
776,776,2024-01-04 08:55:54+00:00,2024-01-04 08:55:54+00:00,105.23740740740742,0.2074074074074075,47.38962962962962,117.50518518518518,32.38814814814814,34.30962962962963,1.0907407407407403,64.26703703703706,0.001298,0.000963,0.004431,15.001481481481475,0
777,777,2024-01-04 08:55:55+00:00,2024-01-04 08:55:55+00:00,100.8976666666666,0.1883333333333333,47.36033333333333,112.05133333333336,32.379666666666665,34.23500000000001,1.0450000000000004,64.39399999999998,0.001289,0.000937,0.004357,14.980666666666664,0
778,778,2024-01-04 08:55:57+00:00,2024-01-04 08:55:57+00:00,90.19096774193548,0.19,47.30580645161289,100.46612903225804,32.37806451612903,34.115161290322575,0.938709677419355,64.69193548387095,0.001268,0.000969,0.004245,14.92774193548386,0
779,779,2024-01-04 08:55:58+00:00,2024-01-04 08:55:58+00:00,84.44275862068963,0.1851724137931034,47.208965517241374,95.21206896551725,32.37344827586207,34.016896551724145,0.884137931034483,65.00172413793102,0.00123,0.000906,0.004069,14.835517241379309,0
780,780,2024-01-04 08:55:59+00:00,2024-01-04 08:55:59+00:00,80.36958333333335,0.1854166666666667,47.21291666666667,90.03458333333334,32.37541666666667,33.95749999999999,0.8312499999999999,64.88291666666667,0.001159,0.000896,0.003867,14.8375,0
781,781,2024-01-04 08:56:00+00:00,2024-01-04 08:56:00+00:00,75.56185185185186,0.1844444444444444,47.14481481481481,85.47444444444443,32.38185185185185,33.91222222222222,0.7796296296296297,64.94703703703703,0.001154,0.000867,0.003817,14.76296296296296,0
782,782,2024-01-04 08:56:02+00:00,2024-01-04 08:56:02+00:00,66.29066666666664,0.1779999999999999,47.03999999999998,75.26799999999999,32.40166666666666,33.75933333333333,0.6769999999999998,65.30466666666668,0.00117,0.000861,0.003761,14.63833333333332,0
783,783,2024-01-04 08:56:03+00:00,2024-01-04 08:56:03+00:00,61.30555555555557,0.1707407407407407,47.00259259259257,70.44814814814815,32.39962962962962,33.70777777777778,0.6170370370370369,65.06259259259258,0.001063,0.000851,0.003513,14.602962962962948,0
784,784,2024-01-04 08:56:04+00:00,2024-01-04 08:56:04+00:00,57.47888888888887,0.1718518518518519,46.96962962962963,66.96111111111112,32.403333333333315,33.68222222222222,0.2933333333333333,65.10074074074076,0.001067,0.000789,0.003442,14.566296296296317,0
785,785,2024-01-04 08:56:06+00:00,2024-01-04 08:56:06+00:00,50.08214285714285,0.1757142857142857,46.83714285714286,58.20821428571429,32.4042857142857,33.520357142857144,-0.0371428571428571,65.33107142857145,0.001043,0.000793,0.003362,14.43285714285716,0
786,786,2024-01-04 08:56:07+00:00,2024-01-04 08:56:07+00:00,45.49035714285715,0.1642857142857143,46.79500000000001,53.505,32.3992857142857,33.49285714285714,-0.0371428571428571,65.36464285714287,0.000993,0.000773,0.003183,14.395714285714304,0
787,787,2024-01-04 08:56:08+00:00,2024-01-04 08:56:08+00:00,42.96307692307692,0.1711538461538461,46.743461538461546,51.09346153846153,32.41538461538461,33.416538461538465,-0.04,65.4923076923077,0.000977,0.000768,0.003132,14.328076923076935,0
788,788,2024-01-04 08:56:10+00:00,2024-01-04 08:56:10+00:00,36.871481481481474,0.1666666666666667,46.68592592592594,43.798518518518506,32.43703703703703,33.36925925925926,-0.0351851851851851,65.61481481481478,0.001054,0.000744,0.002988,14.248888888888914,0
789,789,2024-01-04 08:56:11+00:00,2024-01-04 08:56:11+00:00,33.62310344827587,0.1620689655172413,46.58172413793101,40.28965517241379,32.44724137931035,33.27896551724139,-0.0355172413793103,65.54517241379311,0.001005,0.00082,0.002972,14.134482758620663,0
790,790,2024-01-04 08:56:12+00:00,2024-01-04 08:56:12+00:00,31.601999999999997,0.1673333333333334,46.48766666666668,38.22966666666667,32.44866666666668,33.229,-0.039,65.73733333333332,0.000963,0.000732,0.0029,14.038999999999994,0
791,791,2024-01-04 08:56:14+00:00,2024-01-04 08:56:14+00:00,26.39433333333333,0.1653333333333334,46.41333333333333,33.56366666666665,32.45700000000001,33.21033333333333,-0.036,65.97733333333333,0.001465,0.001423,0.002844,13.956333333333326,0
792,792,2024-01-04 08:56:15+00:00,2024-01-04 08:56:15+00:00,24.85642857142857,0.1599999999999999,46.33214285714285,31.39428571428572,32.461428571428584,33.16571428571428,-0.0389285714285714,65.94857142857144,0.001081,0.000951,0.002799,13.870714285714264,0
793,793,2024-01-04 08:56:16+00:00,2024-01-04 08:56:16+00:00,23.102400000000006,0.1636,46.33439999999999,29.07,32.4848,33.178000000000004,-0.04,66.058,0.000946,0.000749,0.002739,13.849599999999988,0
794,794,2024-01-04 08:56:17+00:00,2024-01-04 08:56:17+00:00,22.155769230769238,0.1703846153846153,46.28230769230769,27.91576923076923,32.48576923076924,33.14807692307693,-0.0392307692307692,65.97153846153847,0.000973,0.000754,0.002653,13.796538461538454,0
795,795,2024-01-04 08:56:19+00:00,2024-01-04 08:56:19+00:00,20.125185185185188,0.1629629629629629,46.19000000000001,25.51148148148148,32.50999999999999,33.111111111111114,-0.04,65.98111111111112,0.000909,0.000838,0.002678,13.68000000000002,0
796,796,2024-01-04 08:56:20+00:00,2024-01-04 08:56:20+00:00,20.25500000000001,0.1606666666666667,46.09033333333333,25.529000000000003,32.53733333333332,33.05766666666667,-0.039,65.87033333333333,0.000932,0.000836,0.002609,13.553000000000004,0
797,797,2024-01-04 08:56:21+00:00,2024-01-04 08:56:21+00:00,19.882500000000004,0.1612499999999999,46.07291666666666,25.177916666666658,32.54374999999998,33.12708333333333,-0.04,65.73208333333334,0.000915,0.00084,0.002649,13.529166666666685,0
798,798,2024-01-04 08:56:23+00:00,2024-01-04 08:56:23+00:00,19.699285714285715,0.1503571428571428,46.04,25.272142857142853,32.59142857142859,33.10928571428572,-0.0389285714285714,65.83607142857143,0.000948,0.000882,0.002677,13.448571428571412,0
799,799,2024-01-04 08:56:24+00:00,2024-01-04 08:56:24+00:00,19.927407407407404,0.1674074074074074,45.96925925925928,25.655555555555548,32.58296296296299,33.08666666666667,-0.0403703703703703,66.05555555555557,0.000954,0.000854,0.002617,13.386296296296294,0
800,800,2024-01-04 08:56:25+00:00,2024-01-04 08:56:25+00:00,21.1425,0.1657142857142857,45.97821428571428,26.754999999999992,32.5882142857143,33.14678571428572,-0.04,66.07535714285716,0.000891,0.000792,0.002708,13.38999999999998,0
801,801,2024-01-04 08:56:27+00:00,2024-01-04 08:56:27+00:00,23.75148148148148,0.1674074074074074,45.92666666666669,29.90962962962963,32.61518518518519,33.150000000000006,-0.0366666666666666,66.0022222222222,0.000912,0.000737,0.002831,13.311481481481492,0
802,802,2024-01-04 08:56:28+00:00,2024-01-04 08:56:28+00:00,25.928888888888896,0.1703703703703704,45.918888888888894,31.95777777777777,32.62444444444444,33.18777777777779,-0.0392592592592592,65.60925925925928,0.000926,0.000723,0.00285,13.294444444444451,0
803,803,2024-01-04 08:56:29+00:00,2024-01-04 08:56:29+00:00,27.94535714285715,0.1707142857142858,45.924642857142864,33.488571428571426,32.63357142857142,33.20964285714287,-0.0375,65.78642857142857,0.000961,0.000758,0.002843,13.291071428571442,0
804,804,2024-01-04 08:56:31+00:00,2024-01-04 08:56:31+00:00,31.96172413793104,0.1634482758620689,45.91275862068967,38.23137931034482,32.66689655172413,33.2806896551724,-0.0375862068965517,65.94793103448276,0.000957,0.000759,0.002915,13.245862068965543,0
805,805,2024-01-04 08:56:32+00:00,2024-01-04 08:56:32+00:00,35.10370370370371,0.1644444444444444,45.87925925925925,40.98111111111111,32.673333333333325,33.327777777777776,-0.0388888888888888,65.54740740740742,0.000954,0.000761,0.00292,13.205925925925923,0
806,806,2024-01-04 08:56:33+00:00,2024-01-04 08:56:33+00:00,37.31999999999999,0.1703571428571428,45.919285714285714,43.9825,32.693928571428586,33.393214285714286,-0.0375,65.57785714285716,0.001092,0.000761,0.003074,13.225357142857128,0
807,807,2024-01-04 08:56:35+00:00,2024-01-04 08:56:35+00:00,44.265357142857134,0.1753571428571428,45.91928571428572,50.8,32.701071428571446,33.45,-0.0375,65.55142857142856,0.001035,0.000769,0.003122,13.218214285714277,0
808,808,2024-01-04 08:56:36+00:00,2024-01-04 08:56:36+00:00,47.79862068965517,0.1720689655172413,45.89241379310344,54.40896551724139,32.69724137931035,33.51482758620689,-0.04,65.35586206896551,0.001021,0.000818,0.00325,13.195172413793095,0
809,809,2024-01-04 08:56:37+00:00,2024-01-04 08:56:37+00:00,50.82821428571429,0.1660714285714286,45.86785714285715,57.57357142857142,32.70785714285715,33.49642857142857,-0.0371428571428571,65.24750000000002,0.001144,0.000841,0.003312,13.159999999999997,0
810,810,2024-01-04 08:56:38+00:00,2024-01-04 08:56:38+00:00,55.487857142857145,0.1742857142857142,45.91964285714285,62.56357142857145,32.701428571428586,33.57749999999999,-0.0325,65.17499999999998,0.001084,0.0008,0.0035,13.21821428571426,0
811,811,2024-01-04 08:56:40+00:00,2024-01-04 08:56:40+00:00,64.16111111111111,0.1677777777777778,45.9551851851852,71.31666666666666,32.7088888888889,33.69407407407407,0.4948148148148149,65.00740740740743,0.001123,0.000824,0.00355,13.246296296296292,0
812,812,2024-01-04 08:56:41+00:00,2024-01-04 08:56:41+00:00,68.30500000000002,0.17875,45.93625,76.40083333333334,32.71791666666667,33.74916666666668,0.6562499999999999,65.07958333333335,0.001218,0.00084,0.00381,13.218333333333334,0
813,813,2024-01-04 08:56:42+00:00,2024-01-04 08:56:42+00:00,72.37599999999999,0.1872,45.90240000000003,80.93159999999997,32.717600000000004,33.78360000000001,0.7048000000000001,65.3,0.001181,0.000831,0.003865,13.184800000000024,0
814,814,2024-01-04 08:56:44+00:00,2024-01-04 08:56:44+00:00,81.82642857142856,0.1853571428571429,45.92357142857143,91.08642857142856,32.745357142857145,33.93428571428569,0.8014285714285714,64.65642857142856,0.001196,0.000843,0.003923,13.178214285714285,0
815,815,2024-01-04 08:56:45+00:00,2024-01-04 08:56:45+00:00,87.73892857142857,0.1960714285714286,45.94928571428573,97.08535714285712,32.74892857142858,34.003571428571426,0.85,64.66714285714286,0.001266,0.000872,0.004157,13.20035714285715,0
816,816,2024-01-04 08:56:46+00:00,2024-01-04 08:56:46+00:00,91.77920000000002,0.1767999999999999,45.94759999999999,101.0684,32.749599999999994,34.06280000000001,0.9000000000000002,64.658,0.001327,0.000925,0.004326,13.197999999999992,0
817,817,2024-01-04 08:56:48+00:00,2024-01-04 08:56:48+00:00,102.01428571428572,0.1907142857142857,45.93678571428571,112.37249999999996,32.76999999999999,34.25607142857142,1.0071428571428571,64.5107142857143,0.001341,0.000909,0.004406,13.166785714285725,0
818,818,2024-01-04 08:56:49+00:00,2024-01-04 08:56:49+00:00,106.81666666666668,0.187037037037037,45.96,117.5144444444444,32.76999999999999,34.344444444444456,1.051851851851852,63.976666666666674,0.001334,0.000931,0.004476,13.190000000000005,0
819,819,2024-01-04 08:56:50+00:00,2024-01-04 08:56:50+00:00,112.76037037037034,0.1977777777777778,45.97703703703702,123.65370370370368,32.79185185185184,34.446666666666665,1.102962962962963,64.09925925925927,0.001363,0.000957,0.004586,13.185185185185183,0
820,820,2024-01-04 08:56:52+00:00,2024-01-04 08:56:52+00:00,123.00806451612908,0.1935483870967741,46.02774193548386,133.85451612903225,32.80806451612901,34.57548387096773,1.199354838709677,63.79,0.001414,0.00095,0.004732,13.219677419354852,0
821,821,2024-01-04 08:56:53+00:00,2024-01-04 08:56:53+00:00,127.10821428571424,0.1953571428571428,46.036785714285706,138.86142857142855,32.80571428571428,34.65749999999999,1.2400000000000002,63.84357142857142,0.001414,0.000948,0.004784,13.231071428571424,0
822,822,2024-01-04 08:56:54+00:00,2024-01-04 08:56:54+00:00,133.05800000000002,0.1856,45.9876,144.19279999999998,32.81239999999998,34.706,1.2891999999999997,63.6212,0.001385,0.000936,0.004675,13.175200000000018,0
823,823,2024-01-04 08:56:55+00:00,2024-01-04 08:56:55+00:00,138.92862068965516,0.1941379310344828,46.04862068965515,150.16103448275865,32.81206896551726,34.77827586206897,1.3427586206896551,63.88068965517241,0.001447,0.000934,0.004755,13.23655172413789,0
824,824,2024-01-04 08:56:57+00:00,2024-01-04 08:56:57+00:00,149.18814814814814,0.2081481481481481,46.09111111111113,161.80518518518517,32.86925925925926,34.965185185185184,1.455185185185185,63.20703703703704,0.001496,0.000953,0.005057,13.221851851851874,0
825,825,2024-01-04 08:56:58+00:00,2024-01-04 08:56:58+00:00,152.83785714285713,0.2064285714285714,46.15071428571429,166.4385714285714,32.868571428571435,35.058214285714286,1.5039285714285715,63.18357142857145,0.001504,0.00097,0.00512,13.282142857142851,0
826,826,2024-01-04 08:56:59+00:00,2024-01-04 08:56:59+00:00,158.6496296296296,0.2074074074074074,46.20333333333335,171.47777777777776,32.86333333333334,35.11074074074074,1.5518518518518518,63.06444444444443,0.001579,0.000984,0.005423,13.34000000000001,0
827,827,2024-01-04 08:57:01+00:00,2024-01-04 08:57:01+00:00,167.37933333333334,0.1946666666666667,46.266,180.525,32.893333333333324,35.290333333333336,1.6579999999999997,62.97166666666665,0.001611,0.000981,0.005521,13.372666666666674,0
828,828,2024-01-04 08:57:02+00:00,2024-01-04 08:57:02+00:00,172.34148148148148,0.2177777777777777,46.313333333333325,185.83555555555557,32.90629629629628,35.36037037037036,1.712962962962962,63.22592592592592,0.001681,0.001013,0.005761,13.407037037037044,0
829,829,2024-01-04 08:57:03+00:00,2024-01-04 08:57:03+00:00,176.62750000000008,0.2082142857142856,46.33928571428573,190.0078571428571,32.90357142857142,35.44499999999999,1.771428571428571,62.87214285714284,0.001718,0.001006,0.005915,13.435714285714312,0
830,830,2024-01-04 08:57:05+00:00,2024-01-04 08:57:05+00:00,185.40730769230765,0.213076923076923,46.45653846153845,199.39846153846156,32.92076923076921,35.565769230769234,1.878461538461539,62.77500000000001,0.001752,0.001074,0.006053,13.53576923076924,0
831,831,2024-01-04 08:57:06+00:00,2024-01-04 08:57:06+00:00,188.24799999999996,0.2132,46.47840000000001,202.8408,32.926399999999994,35.638000000000005,1.9236000000000004,62.60880000000001,0.001787,0.001002,0.006192,13.552000000000014,0
832,832,2024-01-04 08:57:07+00:00,2024-01-04 08:57:07+00:00,191.78400000000005,0.2312,46.5172,208.03679999999997,32.96840000000001,35.657999999999994,1.9804000000000004,62.594,0.001839,0.001012,0.00633,13.548799999999993,0
833,833,2024-01-04 08:57:09+00:00,2024-01-04 08:57:09+00:00,199.3885185185185,0.2255555555555557,46.67259259259259,214.53148148148145,32.94888888888891,35.85,2.074814814814815,62.27518518518519,0.001786,0.000987,0.006369,13.723703703703684,0
834,834,2024-01-04 08:57:10+00:00,2024-01-04 08:57:10+00:00,201.22758620689652,0.2193103448275863,46.76068965517242,217.17931034482743,32.93793103448279,35.90379310344828,2.116896551724138,62.3148275862069,0.001853,0.001006,0.006508,13.822758620689632,0
835,835,2024-01-04 08:57:11+00:00,2024-01-04 08:57:11+00:00,204.65000000000003,0.2282142857142857,46.7792857142857,220.6060714285713,32.95678571428572,35.94107142857143,2.161785714285714,62.12857142857141,0.001861,0.001015,0.006634,13.822499999999977,0
836,836,2024-01-04 08:57:13+00:00,2024-01-04 08:57:13+00:00,208.9433333333333,0.2288888888888889,46.911111111111126,226.59037037037035,32.96074074074075,36.03518518518518,2.240370370370371,62.024444444444455,0.001907,0.001008,0.006749,13.950370370370372,0
837,837,2024-01-04 08:57:14+00:00,2024-01-04 08:57:14+00:00,211.06333333333325,0.2174074074074073,47.0025925925926,228.23481481481485,32.95555555555558,36.11962962962964,2.28,61.755185185185184,0.001954,0.001008,0.006855,14.047037037037022,0
838,838,2024-01-04 08:57:15+00:00,2024-01-04 08:57:15+00:00,213.28541666666663,0.2241666666666666,47.07500000000001,230.55458333333328,32.963333333333345,36.15708333333332,2.3145833333333337,61.99541666666666,0.001964,0.001002,0.006879,14.111666666666665,0
839,839,2024-01-04 08:57:16+00:00,2024-01-04 08:57:16+00:00,216.42500000000007,0.2261538461538461,47.13769230769232,232.67461538461535,32.97153846153848,36.2173076923077,2.353461538461539,61.76884615384616,0.001789,0.000985,0.005494,14.16615384615384,0
840,840,2024-01-04 08:57:22+00:00,2024-01-04 08:57:22+00:00,220.3207692307692,0.2315384615384615,47.60961538461541,236.0380769230769,32.98769230769232,36.4003846153846,2.4015384615384607,61.97346153846157,0.001993,0.001005,0.007081,14.621923076923087,0
841,841,2024-01-04 08:57:24+00:00,2024-01-04 08:57:24+00:00,218.63344827586212,0.2444827586206897,47.75517241379309,235.83482758620693,33.02241379310344,36.37655172413794,2.4000000000000004,61.91965517241381,0.001989,0.001011,0.007064,14.732758620689651,0
842,842,2024-01-04 08:57:26+00:00,2024-01-04 08:57:26+00:00,217.34039999999996,0.222,47.88360000000001,233.63200000000003,33.02479999999999,36.418,2.3808,61.94839999999999,0.001924,0.001008,0.006972,14.858800000000016,0
843,843,2024-01-04 08:57:27+00:00,2024-01-04 08:57:27+00:00,215.27392857142857,0.2175,47.98285714285716,231.615,33.045357142857135,36.45499999999999,2.3628571428571434,61.948571428571405,0.001891,0.001009,0.006904,14.93750000000002,0
844,844,2024-01-04 08:57:28+00:00,2024-01-04 08:57:28+00:00,213.15740740740733,0.23,47.97666666666668,230.55407407407404,33.04814814814813,36.40592592592592,2.3377777777777777,62.00666666666667,0.001883,0.001027,0.006838,14.928518518518551,0
845,845,2024-01-04 08:57:30+00:00,2024-01-04 08:57:30+00:00,208.47357142857132,0.2221428571428571,48.08535714285712,226.0292857142857,33.067142857142855,36.37535714285715,2.273571428571429,62.11678571428571,0.001865,0.000998,0.006754,15.018214285714263,0
846,846,2024-01-04 08:57:31+00:00,2024-01-04 08:57:31+00:00,206.7984,0.2176,48.1872,223.90920000000003,33.09600000000002,36.4092,2.2500000000000004,62.2212,0.001842,0.000987,0.006722,15.091199999999986,0
847,847,2024-01-04 08:57:32+00:00,2024-01-04 08:57:32+00:00,204.88333333333327,0.2214814814814815,48.23814814814817,221.38111111111104,33.10111111111112,36.38111111111111,2.2096296296296307,62.290000000000006,0.001837,0.001018,0.006637,15.137037037037048,0
848,848,2024-01-04 08:57:33+00:00,2024-01-04 08:57:33+00:00,202.2368,0.2232,48.308000000000014,218.13520000000003,33.09720000000001,36.3696,2.162,62.35280000000001,0.001804,0.001021,0.006495,15.210800000000006,0
849,849,2024-01-04 08:57:35+00:00,2024-01-04 08:57:35+00:00,194.66370370370373,0.2192592592592592,48.33296296296297,211.57999999999987,33.1311111111111,36.28444444444444,2.0677777777777786,62.553333333333335,0.00179,0.001012,0.006428,15.201851851851863,0
850,850,2024-01-04 08:57:36+00:00,2024-01-04 08:57:36+00:00,191.99629629629635,0.2251851851851852,48.30333333333332,207.3503703703704,33.13185185185185,36.25629629629629,2.02,62.78,0.001741,0.001012,0.006293,15.171481481481472,0
851,851,2024-01-04 08:57:37+00:00,2024-01-04 08:57:37+00:00,188.1596153846154,0.2123076923076924,48.332307692307694,203.20615384615388,33.140384615384605,36.232692307692304,1.961538461538462,62.35230769230772,0.001692,0.001001,0.006127,15.19192307692309,0
852,852,2024-01-04 08:57:39+00:00,2024-01-04 08:57:39+00:00,180.5485185185185,0.2188888888888888,48.35481481481484,195.3648148148149,33.16259259259258,36.12111111111111,1.8851851851851849,62.8162962962963,0.001614,0.000995,0.005938,15.192222222222256,0
853,853,2024-01-04 08:57:40+00:00,2024-01-04 08:57:40+00:00,175.8032,0.2136000000000001,48.36719999999998,190.6916,33.166,36.07359999999999,1.8284,62.91080000000001,0.00156,0.000982,0.005744,15.201199999999986,0
854,854,2024-01-04 08:57:41+00:00,2024-01-04 08:57:41+00:00,171.06607142857143,0.2192857142857143,48.38285714285716,186.5771428571429,33.16214285714283,36.01571428571428,1.7746428571428567,62.726428571428585,0.001499,0.000973,0.005538,15.220714285714324,0
855,855,2024-01-04 08:57:43+00:00,2024-01-04 08:57:43+00:00,162.0448387096774,0.1983870967741935,48.36935483870967,175.64645161290315,33.182258064516134,35.86999999999999,1.6687096774193544,63.50838709677421,0.001462,0.000974,0.005354,15.187096774193536,0
856,856,2024-01-04 08:57:44+00:00,2024-01-04 08:57:44+00:00,156.7,0.2010714285714286,48.38857142857143,171.07142857142858,33.18785714285717,35.85178571428572,1.6150000000000004,63.157500000000006,0.00147,0.000958,0.005248,15.200714285714264,0
857,857,2024-01-04 08:57:45+00:00,2024-01-04 08:57:45+00:00,153.8436,0.1976,48.35960000000002,166.30880000000002,33.1972,35.76719999999999,1.5596000000000003,63.38440000000001,0.00137,0.000961,0.005012,15.16240000000002,0
858,858,2024-01-04 08:57:47+00:00,2024-01-04 08:57:47+00:00,142.03884615384618,0.2046153846153846,48.268076923076926,155.4023076923077,33.204615384615394,35.66615384615384,1.4542307692307692,64.04884615384618,0.001359,0.000977,0.004899,15.063461538461532,0
859,859,2024-01-04 08:57:48+00:00,2024-01-04 08:57:48+00:00,137.1685185185185,0.1959259259259259,48.29,149.8896296296296,33.2162962962963,35.60962962962962,1.4133333333333336,63.73629629629632,0.001329,0.000939,0.004705,15.0737037037037,0
860,860,2024-01-04 08:57:49+00:00,2024-01-04 08:57:49+00:00,132.65133333333333,0.1896666666666667,48.28266666666664,144.8456666666666,33.228000000000016,35.55866666666667,1.3640000000000008,63.83533333333332,0.001345,0.000943,0.004702,15.054666666666629,0
861,861,2024-01-04 08:57:51+00:00,2024-01-04 08:57:51+00:00,121.77586206896554,0.1868965517241379,48.22758620689658,133.8931034482759,33.23517241379311,35.44275862068965,1.256551724137931,63.73413793103448,0.00132,0.000943,0.004616,14.992413793103474,0
862,862,2024-01-04 08:57:52+00:00,2024-01-04 08:57:52+00:00,116.82625,0.18375,48.16750000000001,128.56708333333327,33.258333333333326,35.319583333333334,1.2145833333333336,64.09291666666665,0.0013,0.000945,0.004516,14.909166666666684,0
863,863,2024-01-04 08:57:53+00:00,2024-01-04 08:57:53+00:00,111.31407407407411,0.1792592592592592,48.12777777777775,123.03259259259254,33.25222222222222,35.29333333333334,1.1644444444444442,64.22111111111111,0.001297,0.000956,0.00451,14.875555555555527,0
864,864,2024-01-04 08:57:54+00:00,2024-01-04 08:57:54+00:00,106.19961538461536,0.1830769230769231,48.09269230769231,117.225,33.255384615384614,35.21269230769231,1.1138461538461542,64.05692307692307,0.001302,0.00097,0.004479,14.837307692307697,0
865,865,2024-01-04 08:57:56+00:00,2024-01-04 08:57:56+00:00,95.65,0.1846428571428571,48.0125,106.92285714285713,33.252857142857145,35.07500000000002,1.0214285714285718,64.6489285714286,0.001277,0.000936,0.004362,14.759642857142858,0
866,866,2024-01-04 08:57:57+00:00,2024-01-04 08:57:57+00:00,90.3034482758621,0.1775862068965518,47.98241379310343,100.84827586206896,33.26517241379309,35.00758620689656,0.96,64.8296551724138,0.001299,0.000929,0.004271,14.717241379310344,0
867,867,2024-01-04 08:57:58+00:00,2024-01-04 08:57:58+00:00,86.38740740740742,0.1807407407407408,47.90777777777779,95.8737037037037,33.27259259259259,34.92555555555556,0.904074074074074,64.82,0.001197,0.000894,0.004129,14.6351851851852,0
868,868,2024-01-04 08:58:00+00:00,2024-01-04 08:58:00+00:00,75.35827586206895,0.18,47.82310344827585,85.7537931034483,33.292068965517224,34.80517241379311,0.8065517241379311,64.87620689655172,0.001149,0.000861,0.003915,14.531034482758628,0
869,869,2024-01-04 08:58:01+00:00,2024-01-04 08:58:01+00:00,71.87379310344826,0.1741379310344827,47.77724137931035,80.81827586206899,33.31379310344828,34.74172413793103,0.7548275862068965,65.11413793103448,0.001146,0.000846,0.003814,14.46344827586207,0
870,870,2024-01-04 08:58:02+00:00,2024-01-04 08:58:02+00:00,67.6872,0.1764,47.70519999999998,76.24680000000001,33.2952,34.71279999999999,0.7048000000000002,65.18,0.001197,0.000852,0.003793,14.409999999999975,0
871,871,2024-01-04 08:58:04+00:00,2024-01-04 08:58:04+00:00,58.17655172413794,0.176551724137931,47.60793103448276,66.98689655172412,33.3341379310345,34.60758620689655,0.3944827586206896,65.57827586206896,0.001103,0.000826,0.003645,14.273793103448265,0
872,872,2024-01-04 08:58:05+00:00,2024-01-04 08:58:05+00:00,53.92038461538462,0.1773076923076922,47.56576923076921,62.86269230769229,33.34500000000001,34.50000000000001,0.0003846153846153,65.3546153846154,0.001019,0.000791,0.0034,14.2207692307692,0
873,873,2024-01-04 08:58:06+00:00,2024-01-04 08:58:06+00:00,50.35678571428572,0.1778571428571429,47.47250000000002,58.58964285714286,33.33928571428573,34.467499999999994,-0.04,65.5275,0.001032,0.000771,0.003402,14.133214285714288,0
874,874,2024-01-04 08:58:08+00:00,2024-01-04 08:58:08+00:00,43.682307692307695,0.1723076923076923,47.37038461538461,50.73576923076923,33.365,34.36076923076922,-0.0346153846153846,65.55846153846153,0.000974,0.000767,0.003221,14.005384615384608,0
875,875,2024-01-04 08:58:09+00:00,2024-01-04 08:58:09+00:00,40.56517241379309,0.1634482758620689,47.35689655172414,47.25551724137932,33.37379310344828,34.39586206896553,-0.04,65.63965517241381,0.001019,0.000746,0.003132,13.983103448275862,0
876,876,2024-01-04 08:58:10+00:00,2024-01-04 08:58:10+00:00,37.59758620689656,0.1741379310344827,47.27137931034481,44.45344827586207,33.382413793103446,34.2641379310345,-0.04,65.55827586206897,0.000975,0.00082,0.003028,13.888965517241369,0
877,877,2024-01-04 08:58:12+00:00,2024-01-04 08:58:12+00:00,31.70653846153846,0.1746153846153846,47.19846153846152,38.72692307692309,33.398846153846144,34.231153846153845,-0.0392307692307692,65.78807692307694,0.000923,0.000727,0.002972,13.79961538461538,0
878,878,2024-01-04 08:58:13+00:00,2024-01-04 08:58:13+00:00,29.553200000000007,0.1631999999999999,47.13839999999999,35.6816,33.41719999999999,34.171200000000006,-0.0396,65.8656,0.000902,0.000763,0.002873,13.721200000000003,0
879,879,2024-01-04 08:58:14+00:00,2024-01-04 08:58:14+00:00,27.207096774193563,0.1838709677419354,47.08645161290321,34.19677419354839,33.41483870967741,34.1383870967742,-0.04,66.03129032258066,0.000956,0.000797,0.002853,13.6716129032258,0
880,880,2024-01-04 08:58:15+00:00,2024-01-04 08:58:15+00:00,25.206296296296298,0.1737037037037036,47.00444444444447,31.685185185185198,33.40999999999998,34.098888888888894,-0.04,66.15222222222224,0.000889,0.00077,0.002767,13.594444444444484,0
881,881,2024-01-04 08:58:17+00:00,2024-01-04 08:58:17+00:00,22.84846153846153,0.1788461538461538,46.896923076923095,29.05,33.448076923076925,34.02038461538462,-0.04,66.29153846153844,0.000937,0.000794,0.002817,13.44884615384617,0
882,882,2024-01-04 08:58:18+00:00,2024-01-04 08:58:18+00:00,21.032857142857143,0.17,46.89142857142857,27.038571428571437,33.44178571428571,34.069285714285705,-0.04,65.96964285714286,0.000906,0.000767,0.002719,13.449642857142862,0
883,883,2024-01-04 08:58:19+00:00,2024-01-04 08:58:19+00:00,20.47892857142857,0.1542857142857143,46.858571428571416,26.50892857142856,33.429285714285705,34.10107142857144,-0.04,66.09142857142857,0.000908,0.000823,0.002686,13.429285714285712,0
884,884,2024-01-04 08:58:21+00:00,2024-01-04 08:58:21+00:00,19.78916666666667,0.1770833333333333,46.73291666666668,25.545833333333324,33.47041666666667,34.01333333333333,-0.0404166666666666,65.88583333333332,0.001012,0.000897,0.002767,13.262500000000005,0
885,885,2024-01-04 08:58:22+00:00,2024-01-04 08:58:22+00:00,19.550357142857145,0.1610714285714286,46.678928571428585,26.13821428571429,33.469285714285725,33.971428571428575,-0.04,66.075,0.000943,0.000808,0.002697,13.20964285714286,0
886,886,2024-01-04 08:58:23+00:00,2024-01-04 08:58:23+00:00,19.44407407407407,0.157037037037037,46.662962962962986,25.908888888888896,33.48037037037039,33.970000000000006,-0.04,66.18666666666668,0.001134,0.001114,0.00275,13.1825925925926,0
887,887,2024-01-04 08:58:25+00:00,2024-01-04 08:58:25+00:00,22.56827586206896,0.1737931034482759,46.57724137931033,27.669655172413783,33.50655172413793,34.01379310344827,-0.0406896551724138,65.92172413793102,0.000961,0.000797,0.002771,13.0706896551724,0
888,888,2024-01-04 08:58:26+00:00,2024-01-04 08:58:26+00:00,22.022962962962968,0.1681481481481481,46.58074074074073,27.896296296296292,33.50444444444444,34.03888888888889,-0.0407407407407407,65.86000000000001,0.000881,0.000764,0.002748,13.076296296296292,0
889,889,2024-01-04 08:58:27+00:00,2024-01-04 08:58:27+00:00,24.00678571428572,0.1571428571428572,46.54571428571428,30.096785714285712,33.50642857142857,34.032500000000006,-0.04,65.48285714285716,0.000987,0.000762,0.002912,13.039285714285704,0
890,890,2024-01-04 08:58:29+00:00,2024-01-04 08:58:29+00:00,27.565384615384616,0.16,46.57115384615384,33.379615384615384,33.532692307692294,34.10076923076924,-0.04,65.87115384615383,0.000911,0.000748,0.002919,13.038461538461547,0
891,891,2024-01-04 08:58:30+00:00,2024-01-04 08:58:30+00:00,29.685,0.1553846153846154,46.560769230769225,34.85269230769231,33.53307692307691,34.14153846153846,-0.04,65.55884615384618,0.000934,0.000831,0.002931,13.027692307692313,0
892,892,2024-01-04 08:58:31+00:00,2024-01-04 08:58:31+00:00,31.56777777777777,0.1703703703703704,46.5548148148148,37.8025925925926,33.53037037037037,34.16222222222221,-0.04,65.73592592592593,0.000957,0.000755,0.002969,13.024444444444434,0
893,893,2024-01-04 08:58:32+00:00,2024-01-04 08:58:32+00:00,34.534400000000005,0.1648,46.526,40.890800000000006,33.53159999999998,34.20559999999999,-0.04,65.68799999999999,0.00095,0.000753,0.003021,12.994400000000011,0
894,894,2024-01-04 08:58:34+00:00,2024-01-04 08:58:34+00:00,40.34120000000001,0.1776,46.53959999999999,47.2136,33.569200000000016,34.2488,-0.04,65.38920000000002,0.00105,0.000769,0.003159,12.970399999999977,0
895,895,2024-01-04 08:58:35+00:00,2024-01-04 08:58:35+00:00,43.82299999999999,0.1693333333333332,46.52866666666667,50.66366666666666,33.581666666666685,34.29566666666666,-0.04,65.67899999999997,0.001015,0.000765,0.00322,12.946999999999989,0
896,896,2024-01-04 08:58:36+00:00,2024-01-04 08:58:36+00:00,46.89928571428572,0.1692857142857142,46.52321428571428,53.558928571428574,33.5907142857143,34.332857142857144,-0.04,65.42250000000001,0.001068,0.000758,0.003302,12.932499999999983,0
897,897,2024-01-04 08:58:38+00:00,2024-01-04 08:58:38+00:00,54.50923076923079,0.1715384615384616,46.55923076923076,61.48884615384615,33.58269230769232,34.471538461538465,-0.0369230769230769,65.22576923076925,0.001098,0.000887,0.003482,12.97653846153844,0
898,898,2024-01-04 08:58:39+00:00,2024-01-04 08:58:39+00:00,58.4890322580645,0.1770967741935483,46.4974193548387,66.22870967741937,33.604838709677416,34.47516129032258,0.0764516129032258,65.1641935483871,0.001113,0.000828,0.003505,12.89258064516128,0
899,899,2024-01-04 08:58:40+00:00,2024-01-04 08:58:40+00:00,63.13166666666667,0.1766666666666667,46.48333333333333,70.87733333333335,33.61733333333334,34.553000000000004,0.4640000000000002,64.82366666666665,0.001158,0.000832,0.003752,12.865999999999984,0
900,900,2024-01-04 08:58:42+00:00,2024-01-04 08:58:42+00:00,72.25499999999998,0.1742307692307692,46.53769230769229,79.92961538461537,33.610384615384625,34.704615384615394,0.707692307692308,65.125,0.001179,0.000856,0.00388,12.927307692307664,0
901,901,2024-01-04 08:58:43+00:00,2024-01-04 08:58:43+00:00,76.26384615384617,0.1915384615384615,46.59807692307694,85.16961538461538,33.615,34.768846153846155,0.7550000000000001,64.69538461538463,0.001182,0.000854,0.003911,12.983076923076936,0
902,902,2024-01-04 08:58:44+00:00,2024-01-04 08:58:44+00:00,80.87142857142855,0.1660714285714285,46.56678571428571,89.40857142857142,33.642142857142844,34.82178571428572,0.8025,64.67321428571428,0.001256,0.000888,0.004101,12.924642857142864,0
903,903,2024-01-04 08:58:46+00:00,2024-01-04 08:58:46+00:00,91.30193548387096,0.1809677419354838,46.578387096774165,100.50000000000004,33.6516129032258,34.96903225806453,0.9103225806451616,64.5506451612903,0.001333,0.000907,0.004295,12.926774193548368,0
904,904,2024-01-04 08:58:47+00:00,2024-01-04 08:58:47+00:00,96.48807692307692,0.1773076923076923,46.566153846153846,105.28692307692306,33.65653846153845,35.057307692307695,0.9634615384615384,64.32692307692308,0.001352,0.00092,0.004474,12.909615384615392,0
905,905,2024-01-04 08:58:48+00:00,2024-01-04 08:58:48+00:00,101.09370370370372,0.1896296296296295,46.60518518518517,111.03592592592594,33.66185185185184,35.10814814814815,1.0196296296296292,64.38185185185186,0.001386,0.000932,0.004571,12.943333333333328,0
906,906,2024-01-04 08:58:50+00:00,2024-01-04 08:58:50+00:00,110.73607142857144,0.1707142857142858,46.56964285714285,121.17142857142856,33.66642857142857,35.26964285714284,1.099642857142857,63.89321428571428,0.001445,0.001006,0.004686,12.903214285714284,0
907,907,2024-01-04 08:58:51+00:00,2024-01-04 08:58:51+00:00,116.39103448275864,0.1886206896551725,46.61862068965516,127.81793103448275,33.67793103448275,35.34172413793103,1.1637931034482758,64.00034482758622,0.001448,0.000957,0.004797,12.940689655172411,0
908,908,2024-01-04 08:58:52+00:00,2024-01-04 08:58:52+00:00,121.16759999999998,0.1967999999999999,46.6544,133.5996,33.67999999999998,35.40399999999999,1.2063999999999997,63.9688,0.001486,0.000969,0.004851,12.974400000000024,0
909,909,2024-01-04 08:58:53+00:00,2024-01-04 08:58:53+00:00,126.89153846153846,0.1903846153846154,46.6476923076923,139.2819230769231,33.677692307692304,35.53615384615384,1.263076923076923,63.67961538461538,0.001428,0.000981,0.004786,12.97,0
910,910,2024-01-04 08:58:55+00:00,2024-01-04 08:58:55+00:00,136.97703703703706,0.1974074074074074,46.68740740740741,149.41962962962964,33.70851851851854,35.689259259259266,1.3548148148148154,63.735185185185166,0.001455,0.000956,0.004836,12.978888888888877,0
911,911,2024-01-04 08:58:56+00:00,2024-01-04 08:58:56+00:00,143.4951851851852,0.205925925925926,46.75481481481479,154.7614814814815,33.744814814814816,35.76296296296296,1.4085185185185194,63.63629629629632,0.001556,0.000965,0.005126,13.009999999999977,0
912,912,2024-01-04 08:58:57+00:00,2024-01-04 08:58:57+00:00,146.85566666666665,0.2033333333333333,46.755,159.86400000000003,33.75266666666666,35.82033333333332,1.4539999999999993,63.57633333333334,0.001517,0.000944,0.00513,13.002333333333333,0
913,913,2024-01-04 08:58:59+00:00,2024-01-04 08:58:59+00:00,157.18499999999997,0.1908333333333333,46.85166666666666,170.22166666666666,33.7625,36.02708333333332,1.5612500000000002,62.95291666666668,0.00157,0.000969,0.005386,13.089166666666664,0
914,914,2024-01-04 08:59:00+00:00,2024-01-04 08:59:00+00:00,162.659,0.2113333333333333,46.85366666666669,176.01066666666665,33.77566666666665,36.08566666666666,1.6196666666666666,62.82133333333332,0.00155,0.000984,0.005449,13.078000000000038,0
915,915,2024-01-04 08:59:01+00:00,2024-01-04 08:59:01+00:00,166.10777777777767,0.2196296296296296,46.90925925925927,180.5692592592592,33.792222222222215,36.17222222222223,1.675555555555556,63.13148148148148,0.001622,0.000989,0.005705,13.117037037037058,0
916,916,2024-01-04 08:59:03+00:00,2024-01-04 08:59:03+00:00,176.0076666666666,0.2156666666666667,46.94000000000001,189.6596666666667,33.78799999999999,36.31633333333334,1.786333333333334,62.71733333333331,0.001642,0.000981,0.005805,13.152000000000022,0
917,917,2024-01-04 08:59:04+00:00,2024-01-04 08:59:04+00:00,178.98037037037037,0.2211111111111112,47.04074074074073,194.23777777777775,33.786296296296285,36.39333333333333,1.8407407407407408,62.84592592592593,0.001703,0.000977,0.006004,13.254444444444443,0
918,918,2024-01-04 08:59:05+00:00,2024-01-04 08:59:05+00:00,183.99275862068973,0.2172413793103448,47.08482758620688,198.54620689655167,33.80620689655174,36.48310344827586,1.8989655172413784,62.86482758620689,0.00176,0.001005,0.00617,13.278620689655137,0
919,919,2024-01-04 08:59:07+00:00,2024-01-04 08:59:07+00:00,191.49500000000003,0.2203571428571429,47.23142857142857,207.22642857142856,33.814642857142864,36.625714285714274,2.016071428571429,62.67321428571429,0.001816,0.001033,0.006324,13.416785714285709,0
920,920,2024-01-04 08:59:08+00:00,2024-01-04 08:59:08+00:00,195.82357142857143,0.2225,47.26285714285713,210.69928571428576,33.80821428571428,36.66857142857142,2.057500000000001,62.32857142857144,0.001865,0.001002,0.006476,13.45464285714285,0
921,921,2024-01-04 08:59:09+00:00,2024-01-04 08:59:09+00:00,197.7533333333333,0.2096666666666666,47.33033333333332,213.39033333333336,33.82966666666668,36.75099999999998,2.091333333333333,62.197333333333326,0.001932,0.001029,0.006611,13.50066666666664,0
922,922,2024-01-04 08:59:10+00:00,2024-01-04 08:59:10+00:00,201.81500000000003,0.2203333333333334,47.37966666666669,216.68633333333327,33.84033333333335,36.80399999999999,2.151,62.11933333333332,0.001941,0.001012,0.006733,13.53933333333334,0
923,923,2024-01-04 08:59:12+00:00,2024-01-04 08:59:12+00:00,207.09800000000004,0.222,47.531666666666666,222.79766666666671,33.83833333333335,36.91466666666667,2.230000000000001,61.76999999999999,0.001957,0.001028,0.006804,13.693333333333314,0
924,924,2024-01-04 08:59:13+00:00,2024-01-04 08:59:13+00:00,209.1074074074074,0.2333333333333334,47.59222222222224,226.00333333333333,33.862592592592605,36.9811111111111,2.271851851851852,62.11925925925927,0.001932,0.001039,0.006831,13.729629629629637,0
925,925,2024-01-04 08:59:14+00:00,2024-01-04 08:59:14+00:00,211.57068965517243,0.2241379310344828,47.66103448275862,227.89862068965525,33.8748275862069,37.015172413793096,2.308275862068966,62.03862068965518,0.001949,0.001022,0.006918,13.786206896551723,0
926,926,2024-01-04 08:59:16+00:00,2024-01-04 08:59:16+00:00,214.99892857142865,0.2217857142857142,47.82499999999999,231.2146428571428,33.87642857142857,37.096428571428575,2.375000000000001,61.72107142857145,0.001974,0.001023,0.006981,13.94857142857142,0
927,927,2024-01-04 08:59:17+00:00,2024-01-04 08:59:17+00:00,216.6706896551724,0.2272413793103449,47.874827586206926,232.68172413793096,33.88965517241378,37.14827586206896,2.3927586206896554,61.8451724137931,0.001992,0.001007,0.007026,13.985172413793144,0
928,928,2024-01-04 08:59:18+00:00,2024-01-04 08:59:18+00:00,217.1256,0.2288,47.973200000000006,233.6836,33.90079999999998,37.17359999999999,2.4295999999999998,61.857600000000005,0.001994,0.001011,0.007085,14.072400000000023,0
929,929,2024-01-04 08:59:24+00:00,2024-01-04 08:59:24+00:00,217.8086666666667,0.2296666666666666,48.41233333333333,235.58533333333332,33.93500000000001,37.37066666666668,2.4786666666666672,62.30766666666667,0.001975,0.00103,0.007074,14.47733333333332,0
930,930,2024-01-04 08:59:25+00:00,2024-01-04 08:59:25+00:00,217.7,0.2357692307692308,48.51499999999999,234.59576923076924,33.9523076923077,37.34884615384616,2.464615384615384,61.92769230769232,0.001949,0.001026,0.007038,14.562692307692297,0
931,931,2024-01-04 08:59:26+00:00,2024-01-04 08:59:26+00:00,216.1082142857144,0.2303571428571428,48.57214285714287,233.84892857142856,33.963214285714294,37.38678571428572,2.451428571428572,61.7557142857143,0.001952,0.001024,0.007032,14.60892857142857,0
932,932,2024-01-04 08:59:28+00:00,2024-01-04 08:59:28+00:00,214.27038461538453,0.2246153846153847,48.72884615384616,230.89384615384623,33.96846153846155,37.38461538461539,2.4123076923076927,61.82076923076925,0.001933,0.001021,0.006943,14.760384615384616,0
933,933,2024-01-04 08:59:29+00:00,2024-01-04 08:59:29+00:00,211.59517241379305,0.2324137931034482,48.783448275862064,229.05896551724132,33.978965517241384,37.405172413793096,2.3831034482758624,62.22965517241377,0.001918,0.001022,0.006909,14.80448275862068,0
934,934,2024-01-04 08:59:30+00:00,2024-01-04 08:59:30+00:00,209.64230769230764,0.2096153846153846,48.78999999999999,225.9676923076923,33.986923076923084,37.36692307692309,2.346923076923077,62.07461538461537,0.001885,0.00103,0.006801,14.803076923076908,0
935,935,2024-01-04 08:59:31+00:00,2024-01-04 08:59:31+00:00,206.8836,0.2172000000000001,48.8472,223.7824,34.014799999999994,37.3596,2.3111999999999986,62.1696,0.001909,0.001026,0.006763,14.832400000000009,0
936,936,2024-01-04 08:59:33+00:00,2024-01-04 08:59:33+00:00,202.94071428571425,0.2246428571428572,48.96071428571429,218.23642857142852,34.01499999999999,37.30607142857144,2.231785714285714,62.59892857142859,0.001857,0.00103,0.006665,14.945714285714295,0
937,937,2024-01-04 08:59:34+00:00,2024-01-04 08:59:34+00:00,199.7852173913044,0.2147826086956522,48.99304347826087,214.8447826086956,34.0191304347826,37.27260869565218,2.1795652173913047,62.71391304347826,0.001843,0.001027,0.006546,14.973913043478262,0
938,938,2024-01-04 08:59:35+00:00,2024-01-04 08:59:35+00:00,195.1260714285715,0.2071428571428571,49.018214285714286,211.2353571428571,34.02142857142856,37.27107142857142,2.132142857142857,62.15642857142854,0.001798,0.001026,0.006413,14.996785714285728,0
939,939,2024-01-04 08:59:37+00:00,2024-01-04 08:59:37+00:00,189.54000000000008,0.2100000000000001,49.10599999999999,204.16,34.0476,37.18559999999999,2.0332000000000003,62.6204,0.001765,0.001027,0.006313,15.058399999999992,0
940,940,2024-01-04 08:59:38+00:00,2024-01-04 08:59:38+00:00,184.74307692307696,0.213076923076923,49.08000000000001,200.0307692307692,34.065000000000005,37.12038461538461,1.98076923076923,62.64692307692307,0.00174,0.001046,0.006196,15.015000000000008,0
941,941,2024-01-04 08:59:39+00:00,2024-01-04 08:59:39+00:00,181.4992857142857,0.1964285714285714,49.11464285714284,195.42535714285717,34.08035714285715,37.115,1.9367857142857143,62.543928571428566,0.001655,0.001044,0.006001,15.034285714285687,0
942,942,2024-01-04 08:59:41+00:00,2024-01-04 08:59:41+00:00,172.31862068965512,0.2062068965517242,49.09758620689655,187.4641379310345,34.08206896551725,37.00172413793104,1.8362068965517249,62.834827586206885,0.001583,0.001005,0.005749,15.0155172413793,0
943,943,2024-01-04 08:59:42+00:00,2024-01-04 08:59:42+00:00,166.78370370370376,0.204074074074074,49.14111111111109,181.45222222222213,34.082222222222235,36.93703703703704,1.7685185185185175,63.295925925925935,0.00157,0.001013,0.005676,15.05888888888886,0
944,944,2024-01-04 08:59:43+00:00,2024-01-04 08:59:43+00:00,162.9830769230769,0.205,49.10653846153848,177.69576923076923,34.103076923076934,36.86884615384616,1.7234615384615388,63.285,0.001513,0.000995,0.005408,15.003461538461544,0
945,945,2024-01-04 08:59:45+00:00,2024-01-04 08:59:45+00:00,153.26481481481477,0.1981481481481481,49.06481481481481,167.0181481481481,34.123703703703704,36.7525925925926,1.6092592592592598,63.12259259259263,0.00152,0.000982,0.005352,14.941111111111104,0
946,946,2024-01-04 08:59:46+00:00,2024-01-04 08:59:46+00:00,148.29480000000004,0.1995999999999999,49.06280000000001,162.3436,34.149199999999986,36.71960000000001,1.5544000000000004,63.462,0.001416,0.000951,0.005032,14.913600000000024,0
947,947,2024-01-04 08:59:47+00:00,2024-01-04 08:59:47+00:00,143.87423076923076,0.1911538461538462,49.03307692307691,156.69076923076923,34.15807692307691,36.65153846153847,1.498846153846153,63.350769230769245,0.001411,0.000966,0.004938,14.875,0
948,948,2024-01-04 08:59:49+00:00,2024-01-04 08:59:49+00:00,132.68833333333333,0.1936666666666666,48.995333333333335,145.709,34.160333333333305,36.54033333333333,1.3930000000000005,63.88066666666667,0.001409,0.000975,0.004867,14.83500000000003,0
949,949,2024-01-04 08:59:50+00:00,2024-01-04 08:59:50+00:00,127.23769230769228,0.1903846153846154,48.97,140.0226923076923,34.180384615384604,36.46076923076924,1.3361538461538456,63.67576923076925,0.001382,0.000941,0.004733,14.789615384615397,0
950,950,2024-01-04 08:59:51+00:00,2024-01-04 08:59:51+00:00,122.63296296296292,0.1955555555555555,48.935925925925936,134.57888888888886,34.18,36.42518518518518,1.2925925925925934,63.851111111111095,0.001361,0.000958,0.004693,14.755925925925936,0
951,951,2024-01-04 08:59:52+00:00,2024-01-04 08:59:52+00:00,117.07518518518516,0.1851851851851851,48.945925925925934,129.3459259259259,34.20851851851853,36.36037037037036,1.243703703703703,64.18888888888888,0.001367,0.000941,0.004631,14.737407407407405,0
952,952,2024-01-04 08:59:54+00:00,2024-01-04 08:59:54+00:00,106.95935483870969,0.1893548387096774,48.85677419354837,118.22193548387096,34.221290322580664,36.22774193548387,1.1435483870967738,64.28741935483872,0.001373,0.000957,0.004607,14.635483870967704,0
953,953,2024-01-04 08:59:55+00:00,2024-01-04 08:59:55+00:00,101.99807692307698,0.1846153846153846,48.787692307692296,112.63769230769228,34.238846153846154,36.154230769230765,1.096923076923077,64.34769230769233,0.001389,0.000952,0.004555,14.548846153846142,0
954,954,2024-01-04 08:59:56+00:00,2024-01-04 08:59:56+00:00,97.23035714285712,0.1782142857142857,48.77035714285714,107.21857142857148,34.24535714285714,36.080714285714286,1.0510714285714289,64.45214285714287,0.001368,0.000916,0.004428,14.525000000000006,0
955,955,2024-01-04 08:59:58+00:00,2024-01-04 08:59:58+00:00,86.74,0.1767857142857143,48.64428571428573,96.01428571428572,34.25071428571429,35.963214285714294,0.9414285714285716,64.56357142857142,0.001263,0.0009,0.004189,14.39357142857144,0
956,956,2024-01-04 08:59:59+00:00,2024-01-04 08:59:59+00:00,82.02259259259262,0.1703703703703703,48.62407407407407,90.92111111111112,34.26814814814814,35.87148148148148,0.8774074074074073,64.73703703703704,0.001253,0.000878,0.00414,14.35592592592593,0
957,957,2024-01-04 09:00:00+00:00,2024-01-04 09:00:00+00:00,76.60666666666667,0.1744444444444444,48.59074074074073,85.66666666666667,34.279259259259256,35.832962962962974,0.8233333333333331,64.70222222222222,0.001217,0.000856,0.004016,14.311481481481472,0
958,958,2024-01-04 09:00:02+00:00,2024-01-04 09:00:02+00:00,67.3103846153846,0.1711538461538462,48.47730769230771,76.24499999999999,34.31115384615384,35.70346153846155,0.7192307692307696,65.10461538461539,0.001156,0.000864,0.003855,14.166153846153868,0
959,959,2024-01-04 09:00:03+00:00,2024-01-04 09:00:03+00:00,63.2482142857143,0.1632142857142857,48.3817857142857,71.3375,34.30392857142856,35.617142857142845,0.6764285714285716,64.95142857142858,0.00117,0.000819,0.003799,14.07785714285714,0
960,960,2024-01-04 09:00:04+00:00,2024-01-04 09:00:04+00:00,59.157,0.1696666666666667,48.36166666666665,67.588,34.31333333333335,35.560333333333325,0.6289999999999998,65.21666666666667,0.001124,0.000806,0.003621,14.048333333333304,0
961,961,2024-01-04 09:00:06+00:00,2024-01-04 09:00:06+00:00,51.51499999999998,0.1803571428571428,48.26785714285715,59.3692857142857,34.311428571428564,35.43964285714284,-0.0432142857142857,65.44000000000001,0.001119,0.000794,0.003474,13.956428571428589,0
962,962,2024-01-04 09:00:07+00:00,2024-01-04 09:00:07+00:00,47.94275862068964,0.1672413793103448,48.2,55.27275862068966,34.31413793103449,35.4051724137931,-0.04,65.32689655172416,0.001088,0.000777,0.00338,13.885862068965508,0
963,963,2024-01-04 09:00:08+00:00,2024-01-04 09:00:08+00:00,43.73962962962964,0.1696296296296296,48.15925925925925,51.22296296296295,34.31703703703701,35.370370370370374,-0.0462962962962963,65.46814814814816,0.001028,0.000791,0.003209,13.84222222222224,0
964,964,2024-01-04 09:00:09+00:00,2024-01-04 09:00:09+00:00,40.563103448275854,0.1713793103448276,48.000689655172415,47.96586206896551,34.35275862068967,35.2906896551724,-0.0403448275862069,65.61655172413792,0.001075,0.000754,0.003145,13.647931034482744,0
965,965,2024-01-04 09:00:11+00:00,2024-01-04 09:00:11+00:00,34.44703703703705,0.164074074074074,47.9003703703704,40.99444444444446,34.36000000000001,35.193333333333335,-0.0411111111111111,65.62407407407407,0.000998,0.000744,0.003078,13.54037037037039,0
966,966,2024-01-04 09:00:12+00:00,2024-01-04 09:00:12+00:00,32.04148148148148,0.147037037037037,47.9125925925926,37.71925925925925,34.3451851851852,35.17814814814816,-0.0444444444444444,66.02185185185186,0.000967,0.000739,0.003004,13.5674074074074,0
967,967,2024-01-04 09:00:13+00:00,2024-01-04 09:00:13+00:00,29.40937499999999,0.1640625,47.84093749999998,35.4203125,34.35781250000002,35.111250000000005,-0.0415625,65.71062500000002,0.000959,0.000734,0.002901,13.48312499999996,0
968,968,2024-01-04 09:00:15+00:00,2024-01-04 09:00:15+00:00,25.85769230769231,0.1546153846153846,47.73730769230771,31.691923076923064,34.37730769230769,35.08307692307692,-0.0488461538461538,66.04615384615387,0.000976,0.000797,0.002838,13.36000000000002,0
969,969,2024-01-04 09:00:16+00:00,2024-01-04 09:00:16+00:00,23.78851851851852,0.1644444444444444,47.68296296296298,29.480740740740742,34.38518518518518,35.07185185185185,-0.0429629629629629,65.95888888888891,0.000932,0.000782,0.00286,13.297777777777805,0
970,970,2024-01-04 09:00:17+00:00,2024-01-04 09:00:17+00:00,22.871785714285725,0.1414285714285714,47.65071428571431,27.779642857142854,34.40249999999998,35.09321428571428,-0.0428571428571428,65.9782142857143,0.000947,0.000796,0.002759,13.248214285714326,0
971,971,2024-01-04 09:00:19+00:00,2024-01-04 09:00:19+00:00,20.57392857142857,0.1564285714285714,47.55357142857142,25.16535714285714,34.43500000000001,35.032500000000006,-0.0471428571428571,66.06178571428573,0.000932,0.000794,0.002736,13.118571428571414,0
972,972,2024-01-04 09:00:20+00:00,2024-01-04 09:00:20+00:00,19.71586206896552,0.1558620689655172,47.48310344827588,25.59896551724138,34.44310344827585,35.001724137931035,-0.0458620689655172,65.88689655172413,0.000912,0.000828,0.002712,13.040000000000028,0
973,973,2024-01-04 09:00:21+00:00,2024-01-04 09:00:21+00:00,19.20333333333334,0.157,47.45766666666668,25.185666666666663,34.438333333333325,35.02266666666667,-0.0456666666666666,66.10300000000002,0.000933,0.000902,0.002713,13.01933333333335,0
974,974,2024-01-04 09:00:23+00:00,2024-01-04 09:00:23+00:00,20.164285714285715,0.1614285714285714,47.34714285714285,25.37392857142857,34.45250000000001,34.997142857142855,-0.045,66.21249999999999,0.000934,0.000824,0.00272,12.89464285714284,0
975,975,2024-01-04 09:00:24+00:00,2024-01-04 09:00:24+00:00,19.844399999999997,0.1512,47.3468,25.71520000000001,34.44920000000001,35.0208,-0.0448,65.94999999999999,0.000936,0.00082,0.002733,12.897599999999985,0
976,976,2024-01-04 09:00:25+00:00,2024-01-04 09:00:25+00:00,21.75615384615385,0.1546153846153846,47.3123076923077,26.53115384615385,34.44730769230769,35.005,-0.0473076923076923,65.86423076923077,0.000929,0.000947,0.002794,12.865000000000007,0
977,977,2024-01-04 09:00:27+00:00,2024-01-04 09:00:27+00:00,23.86807692307693,0.158076923076923,47.26192307692308,29.395769230769226,34.485,35.07038461538462,-0.0415384615384615,65.87038461538461,0.000934,0.000832,0.00285,12.776923076923085,0
978,978,2024-01-04 09:00:28+00:00,2024-01-04 09:00:28+00:00,25.880740740740745,0.1503703703703703,47.28703703703704,30.56851851851852,34.511851851851844,35.05555555555556,-0.047037037037037,65.7725925925926,0.001058,0.000738,0.00293,12.775185185185194,0
979,979,2024-01-04 09:00:29+00:00,2024-01-04 09:00:29+00:00,26.811923076923083,0.168076923076923,47.25692307692308,32.66576923076924,34.51769230769229,35.09461538461538,-0.0426923076923077,66.05730769230767,0.000949,0.000737,0.002954,12.739230769230788,0
980,980,2024-01-04 09:00:30+00:00,2024-01-04 09:00:30+00:00,28.677499999999984,0.1657142857142857,47.26214285714286,34.45642857142857,34.51,35.112500000000004,-0.0410714285714285,66.04892857142856,0.001181,0.000753,0.002941,12.752142857142864,0
981,981,2024-01-04 09:00:32+00:00,2024-01-04 09:00:32+00:00,33.225,0.1564285714285714,47.26107142857143,39.51892857142856,34.51321428571428,35.17035714285715,-0.0435714285714285,65.57392857142858,0.001122,0.000746,0.003016,12.74785714285715,0
982,982,2024-01-04 09:00:33+00:00,2024-01-04 09:00:33+00:00,36.711290322580645,0.1751612903225806,47.22129032258063,43.865161290322575,34.53709677419353,35.2041935483871,-0.0409677419354838,65.71838709677418,0.00101,0.000767,0.003085,12.6841935483871,0
983,983,2024-01-04 09:00:34+00:00,2024-01-04 09:00:34+00:00,39.8004,0.1767999999999999,47.17919999999997,46.9476,34.539999999999985,35.20280000000002,-0.0428,65.50040000000001,0.001051,0.000776,0.003186,12.639199999999988,0
984,984,2024-01-04 09:00:36+00:00,2024-01-04 09:00:36+00:00,45.70807692307694,0.1834615384615385,47.18192307692311,53.95269230769232,34.56884615384617,35.3126923076923,-0.04,65.8196153846154,0.001132,0.000803,0.003306,12.61307692307694,0
985,985,2024-01-04 09:00:37+00:00,2024-01-04 09:00:37+00:00,49.97892857142856,0.1642857142857142,47.18071428571428,57.077142857142846,34.59285714285716,35.37285714285715,-0.0414285714285714,65.32285714285713,0.001096,0.000887,0.003398,12.587857142857125,0
986,986,2024-01-04 09:00:38+00:00,2024-01-04 09:00:38+00:00,54.50521739130434,0.1773913043478261,47.23956521739132,61.02391304347828,34.58956521739132,35.41521739130435,-0.0430434782608695,65.19478260869563,0.001221,0.000821,0.003492,12.65,0
987,987,2024-01-04 09:00:40+00:00,2024-01-04 09:00:40+00:00,61.92346153846153,0.1723076923076923,47.25192307692308,69.85692307692308,34.59384615384616,35.52653846153846,0.6092307692307692,65.33769230769231,0.001227,0.000818,0.003683,12.65807692307692,0
988,988,2024-01-04 09:00:41+00:00,2024-01-04 09:00:41+00:00,66.23814814814814,0.1688888888888888,47.26555555555555,74.21444444444444,34.58481481481483,35.61888888888888,0.6662962962962964,65.15962962962963,0.001206,0.000851,0.003802,12.680740740740724,0
989,989,2024-01-04 09:00:42+00:00,2024-01-04 09:00:42+00:00,71.20749999999995,0.1746428571428571,47.269642857142856,78.9903571428571,34.595000000000006,35.67249999999999,0.7167857142857145,65.01928571428572,0.001244,0.000852,0.003938,12.67464285714285,0
990,990,2024-01-04 09:00:44+00:00,2024-01-04 09:00:44+00:00,81.45633333333335,0.179,47.278000000000006,89.70766666666668,34.617000000000004,35.81066666666666,0.8203333333333332,64.776,0.001341,0.000883,0.004168,12.661,0
991,991,2024-01-04 09:00:45+00:00,2024-01-04 09:00:45+00:00,85.12958333333331,0.1970833333333334,47.251666666666665,94.46916666666664,34.62624999999999,35.87458333333334,0.872083333333333,64.63416666666666,0.001323,0.000879,0.004231,12.625416666666672,0
992,992,2024-01-04 09:00:46+00:00,2024-01-04 09:00:46+00:00,90.89259259259258,0.18,47.25148148148148,99.32740740740738,34.63814814814813,35.95925925925925,0.9181481481481484,64.6503703703704,0.00141,0.00089,0.004394,12.613333333333344,0
993,993,2024-01-04 09:00:47+00:00,2024-01-04 09:00:47+00:00,94.96964285714284,0.1792857142857143,47.28357142857141,103.79464285714285,34.65142857142855,36.05607142857144,0.9703571428571428,64.41142857142856,0.001453,0.000925,0.004564,12.63214285714286,0
994,994,2024-01-04 09:00:49+00:00,2024-01-04 09:00:49+00:00,105.46071428571426,0.1928571428571428,47.302142857142826,116.21142857142854,34.6592857142857,36.21642857142857,1.078928571428571,64.51428571428572,0.0015,0.000937,0.004595,12.642857142857125,0
995,995,2024-01-04 09:00:50+00:00,2024-01-04 09:00:50+00:00,110.31370370370368,0.1966666666666666,47.310740740740734,121.20851851851856,34.66296296296294,36.26185185185185,1.1244444444444446,64.09074074074076,0.00151,0.000929,0.00466,12.64777777777779,0
996,996,2024-01-04 09:00:51+00:00,2024-01-04 09:00:51+00:00,115.77000000000004,0.184,47.32679999999999,126.3204,34.669199999999975,36.3612,1.173200000000001,63.91480000000001,0.001571,0.000931,0.004813,12.657600000000016,0
997,997,2024-01-04 09:00:53+00:00,2024-01-04 09:00:53+00:00,125.70481481481475,0.2044444444444444,47.340740740740735,138.10666666666668,34.72037037037038,36.545925925925935,1.2703703703703708,63.98444444444444,0.001589,0.000924,0.004872,12.620370370370352,0
998,998,2024-01-04 09:00:54+00:00,2024-01-04 09:00:54+00:00,131.9444444444444,0.1877777777777777,47.354444444444425,143.2585185185185,34.72407407407408,36.60444444444444,1.3166666666666669,63.76925925925924,0.001597,0.000963,0.004898,12.630370370370343,0
999,999,2024-01-04 09:00:55+00:00,2024-01-04 09:00:55+00:00,135.84592592592594,0.1925925925925926,47.42037037037039,148.60555555555553,34.71666666666668,36.70740740740741,1.3714814814814813,63.67111111111111,0.001604,0.000921,0.00492,12.703703703703702,0
1000,1000,2024-01-04 09:00:57+00:00,2024-01-04 09:00:57+00:00,148.0323076923077,0.1953846153846153,47.45730769230768,160.3992307692308,34.75269230769231,36.855,1.4915384615384617,63.473461538461535,0.001619,0.000914,0.005106,12.704615384615373,0
1001,1001,2024-01-04 09:00:58+00:00,2024-01-04 09:00:58+00:00,153.27038461538467,0.2084615384615385,47.53038461538462,164.64999999999998,34.73961538461539,36.94153846153847,1.528461538461538,63.62192307692309,0.001592,0.000936,0.005307,12.790769230769229,0
1002,1002,2024-01-04 09:00:59+00:00,2024-01-04 09:00:59+00:00,157.23555555555558,0.1944444444444444,47.50444444444444,169.97074074074075,34.74370370370371,37.01074074074074,1.592962962962963,62.96148148148149,0.001613,0.000946,0.005422,12.76074074074073,0
1003,1003,2024-01-04 09:01:01+00:00,2024-01-04 09:01:01+00:00,165.75769230769225,0.2053846153846154,47.59807692307693,179.5103846153846,34.76576923076922,37.19846153846154,1.7038461538461531,62.837692307692336,0.001648,0.00096,0.005514,12.8323076923077,0
1004,1004,2024-01-04 09:01:02+00:00,2024-01-04 09:01:02+00:00,170.77357142857142,0.2039285714285714,47.64607142857143,184.22714285714275,34.77464285714284,37.26142857142856,1.7646428571428576,62.86357142857144,0.00171,0.000985,0.00583,12.871428571428597,0
1005,1005,2024-01-04 09:01:03+00:00,2024-01-04 09:01:03+00:00,175.3828571428571,0.2117857142857143,47.72821428571429,188.9053571428572,34.80821428571428,37.357857142857135,1.8210714285714285,62.69142857142856,0.00173,0.000967,0.005891,12.920000000000009,0
1006,1006,2024-01-04 09:01:05+00:00,2024-01-04 09:01:05+00:00,182.96571428571437,0.2103571428571428,47.82071428571428,196.95107142857145,34.798214285714266,37.48821428571427,1.9289285714285715,62.68035714285713,0.001818,0.001008,0.006145,13.022500000000017,0
1007,1007,2024-01-04 09:01:06+00:00,2024-01-04 09:01:06+00:00,186.8592307692308,0.2173076923076923,47.876538461538445,202.0253846153846,34.799615384615365,37.58461538461538,1.9865384615384616,62.53423076923077,0.001823,0.000998,0.006219,13.07692307692308,0
1008,1008,2024-01-04 09:01:07+00:00,2024-01-04 09:01:07+00:00,190.39142857142855,0.2078571428571428,47.89678571428574,204.92928571428564,34.8175,37.62142857142857,2.0317857142857148,62.35785714285716,0.001888,0.000993,0.006423,13.07928571428574,0
1009,1009,2024-01-04 09:01:08+00:00,2024-01-04 09:01:08+00:00,194.4782758620689,0.2151724137931034,47.962758620689655,209.6431034482759,34.814137931034466,37.68344827586208,2.093448275862069,62.08103448275863,0.001927,0.001,0.006585,13.14862068965519,0
1010,1010,2024-01-04 09:01:10+00:00,2024-01-04 09:01:10+00:00,202.0648275862069,0.2248275862068965,48.09344827586206,216.75,34.83172413793105,37.83103448275863,2.191034482758621,62.346896551724136,0.001958,0.001008,0.006655,13.261724137931012,0
1011,1011,2024-01-04 09:01:11+00:00,2024-01-04 09:01:11+00:00,204.6655555555556,0.2266666666666667,48.19333333333333,219.2551851851851,34.83555555555555,37.87037037037036,2.2288888888888883,62.42592592592592,0.001981,0.001039,0.006711,13.357777777777777,0
1012,1012,2024-01-04 09:01:12+00:00,2024-01-04 09:01:12+00:00,206.2403571428572,0.2125,48.22071428571429,222.16642857142853,34.84071428571429,37.93107142857144,2.2678571428571432,62.22535714285716,0.001976,0.000984,0.006654,13.379999999999995,0
1013,1013,2024-01-04 09:01:19+00:00,2024-01-04 09:01:19+00:00,218.86533333333335,0.2186666666666668,48.76733333333332,234.66266666666655,34.89733333333332,38.24333333333333,2.4803333333333324,61.92533333333334,0.001968,0.001004,0.00595,13.869999999999996,0
1014,1014,2024-01-04 09:01:20+00:00,2024-01-04 09:01:20+00:00,219.01040000000003,0.2204,48.85039999999999,235.2956,34.91,38.30599999999998,2.4756,61.98000000000002,0.001972,0.000993,0.006582,13.940399999999997,0
1015,1015,2024-01-04 09:01:22+00:00,2024-01-04 09:01:22+00:00,218.66692307692304,0.2238461538461537,49.009615384615365,236.4142307692308,34.94653846153847,38.35038461538463,2.50076923076923,61.75769230769232,0.001925,0.001004,0.00634,14.063076923076892,0
1016,1016,2024-01-04 09:01:23+00:00,2024-01-04 09:01:23+00:00,219.71148148148143,0.2359259259259259,49.074074074074055,236.2985185185185,34.942222222222235,38.322592592592585,2.4988888888888887,62.09370370370369,0.001981,0.001,0.006769,14.13185185185182,0
1017,1017,2024-01-04 09:01:24+00:00,2024-01-04 09:01:24+00:00,217.7,0.2322222222222222,49.16259259259259,235.32703703703692,34.97037037037038,38.37814814814815,2.486296296296296,62.147037037037066,0.001939,0.001003,0.006494,14.192222222222206,0
1018,1018,2024-01-04 09:01:25+00:00,2024-01-04 09:01:25+00:00,218.38548387096773,0.2325806451612904,49.27225806451612,234.42387096774183,34.979032258064514,38.38870967741936,2.4751612903225806,61.86290322580647,0.001917,0.00099,0.006223,14.29322580645161,0
1019,1019,2024-01-04 09:01:27+00:00,2024-01-04 09:01:27+00:00,215.6033333333334,0.238,49.41733333333334,232.37233333333336,35.001999999999995,38.39066666666668,2.4590000000000014,62.058,0.001909,0.00101,0.006771,14.415333333333344,0
1020,1020,2024-01-04 09:01:28+00:00,2024-01-04 09:01:28+00:00,212.39642857142863,0.2160714285714286,49.471071428571456,229.57750000000007,34.99714285714286,38.36107142857143,2.428928571428572,62.05357142857141,0.001898,0.001027,0.006903,14.473928571428594,0
1021,1021,2024-01-04 09:01:29+00:00,2024-01-04 09:01:29+00:00,213.0292,0.2092,49.500800000000005,228.5896,35.02639999999999,38.372400000000006,2.410399999999999,61.98360000000003,0.001898,0.001024,0.006707,14.474400000000015,0
1022,1022,2024-01-04 09:01:31+00:00,2024-01-04 09:01:31+00:00,207.6118518518519,0.2088888888888889,49.5951851851852,224.07333333333327,35.02999999999998,38.346296296296295,2.3429629629629627,61.80222222222225,0.001869,0.001022,0.006552,14.56518518518522,0
1023,1023,2024-01-04 09:01:32+00:00,2024-01-04 09:01:32+00:00,206.20806451612916,0.2270967741935484,49.65580645161293,221.45999999999995,35.02774193548386,38.29451612903225,2.2996774193548384,62.33935483870966,0.001858,0.001024,0.006496,14.628064516129072,0
1024,1024,2024-01-04 09:01:33+00:00,2024-01-04 09:01:33+00:00,202.73119999999997,0.2,49.72560000000001,217.9048,35.027599999999985,38.2924,2.2576000000000005,61.9328,0.00183,0.001004,0.006376,14.698000000000022,0
1025,1025,2024-01-04 09:01:35+00:00,2024-01-04 09:01:35+00:00,196.94821428571427,0.2071428571428571,49.77714285714286,212.0721428571429,35.0575,38.227500000000006,2.166071428571428,62.34250000000002,0.001809,0.001009,0.00611,14.719642857142864,0
1026,1026,2024-01-04 09:01:36+00:00,2024-01-04 09:01:36+00:00,193.03153846153845,0.2207692307692307,49.81346153846154,208.4315384615384,35.05423076923077,38.215,2.139230769230769,62.52615384615386,0.001772,0.000978,0.006219,14.759230769230768,0
1027,1027,2024-01-04 09:01:37+00:00,2024-01-04 09:01:37+00:00,189.811,0.209,49.82266666666668,204.62766666666664,35.08100000000002,38.16266666666666,2.093666666666667,62.29633333333333,0.001685,0.000989,0.006426,14.74166666666666,0
1028,1028,2024-01-04 09:01:39+00:00,2024-01-04 09:01:39+00:00,180.42666666666668,0.2174074074074075,49.88148148148149,196.48666666666657,35.10962962962964,38.07888888888889,1.9796296296296296,62.71925925925926,0.001602,0.000991,0.006214,14.77185185185185,0
1029,1029,2024-01-04 09:01:40+00:00,2024-01-04 09:01:40+00:00,177.2,0.2116000000000001,49.86119999999999,191.78760000000003,35.10960000000001,38.07440000000001,1.916,62.84520000000001,0.001597,0.000985,0.00616,14.751599999999982,0
1030,1030,2024-01-04 09:01:41+00:00,2024-01-04 09:01:41+00:00,173.2282142857143,0.2075,49.88607142857145,187.4235714285714,35.10464285714287,38.0125,1.8596428571428576,62.92964285714286,0.001546,0.000988,0.005909,14.781428571428576,0
1031,1031,2024-01-04 09:01:43+00:00,2024-01-04 09:01:43+00:00,163.72769230769228,0.2015384615384615,49.84769230769231,177.75307692307695,35.141153846153834,37.86807692307691,1.7557692307692307,63.09692307692311,0.001561,0.00098,0.005836,14.70653846153848,0
1032,1032,2024-01-04 09:01:44+00:00,2024-01-04 09:01:44+00:00,159.28413793103445,0.1937931034482758,49.87517241379312,172.55482758620687,35.15517241379309,37.827931034482766,1.700344827586207,63.105862068965486,0.001485,0.000991,0.005605,14.720000000000027,0
1033,1033,2024-01-04 09:01:45+00:00,2024-01-04 09:01:45+00:00,153.6603571428571,0.2078571428571429,49.89178571428572,167.62500000000003,35.15285714285712,37.792142857142856,1.6367857142857136,63.69250000000002,0.001526,0.000998,0.005445,14.738928571428596,0
1034,1034,2024-01-04 09:01:46+00:00,2024-01-04 09:01:46+00:00,149.6675,0.1925,49.87583333333334,161.9354166666667,35.14791666666665,37.73125000000001,1.5775,63.37958333333335,0.001533,0.000969,0.005376,14.727916666666689,0
1035,1035,2024-01-04 09:01:48+00:00,2024-01-04 09:01:48+00:00,138.62846153846158,0.1842307692307692,49.74923076923078,151.07576923076925,35.16807692307693,37.60076923076923,1.4673076923076922,63.53807692307691,0.001506,0.000962,0.005238,14.581153846153846,0
1036,1036,2024-01-04 09:01:49+00:00,2024-01-04 09:01:49+00:00,133.18703703703704,0.1929629629629629,49.76518518518519,145.81259259259255,35.17555555555554,37.52444444444444,1.4155555555555557,63.79703703703704,0.001496,0.000963,0.005039,14.589629629629648,0
1037,1037,2024-01-04 09:01:50+00:00,2024-01-04 09:01:50+00:00,128.0311538461538,0.1819230769230769,49.72576923076924,140.8280769230769,35.17961538461537,37.46115384615385,1.3665384615384617,63.74192307692306,0.001462,0.000955,0.00496,14.54615384615387,0
1038,1038,2024-01-04 09:01:52+00:00,2024-01-04 09:01:52+00:00,117.6207407407407,0.1792592592592592,49.68777777777778,129.27777777777783,35.20666666666668,37.32851851851852,1.2614814814814812,64.3525925925926,0.001461,0.000947,0.00489,14.481111111111105,0
1039,1039,2024-01-04 09:01:53+00:00,2024-01-04 09:01:53+00:00,113.38896551724136,0.1779310344827586,49.66,124.01448275862067,35.21586206896553,37.27206896551724,1.2206896551724136,64.26448275862067,0.001477,0.000966,0.004854,14.444137931034476,0
1040,1040,2024-01-04 09:01:54+00:00,2024-01-04 09:01:54+00:00,107.5396428571429,0.1832142857142857,49.6042857142857,118.92857142857147,35.23857142857143,37.17428571428571,1.1721428571428565,64.28678571428571,0.001385,0.000976,0.004799,14.365714285714269,0
1041,1041,2024-01-04 09:01:56+00:00,2024-01-04 09:01:56+00:00,97.1927586206896,0.1872413793103448,49.49344827586207,107.79206896551727,35.23241379310346,37.03896551724137,1.0696551724137933,64.43758620689654,0.001343,0.000956,0.004662,14.261034482758603,0
1042,1042,2024-01-04 09:01:57+00:00,2024-01-04 09:01:57+00:00,92.92360000000002,0.1784,49.48360000000002,103.06359999999997,35.23360000000001,37.021200000000015,1.0223999999999995,64.63479999999998,0.001328,0.000978,0.004465,14.250000000000009,0
1043,1043,2024-01-04 09:01:58+00:00,2024-01-04 09:01:58+00:00,87.12222222222225,0.1766666666666666,49.47666666666668,96.9274074074074,35.255185185185184,36.949259259259264,0.9603703703703708,64.81407407407409,0.001301,0.000917,0.004384,14.221481481481495,0
1044,1044,2024-01-04 09:02:00+00:00,2024-01-04 09:02:00+00:00,78.26392857142856,0.1842857142857143,49.33142857142855,87.28892857142857,35.260714285714286,36.8032142857143,0.8485714285714284,65.05678571428571,0.001246,0.000912,0.004288,14.070714285714269,0
1045,1045,2024-01-04 09:02:01+00:00,2024-01-04 09:02:01+00:00,72.46285714285716,0.1724999999999999,49.28678571428571,81.75214285714286,35.27964285714283,36.74428571428572,0.7903571428571431,64.78357142857142,0.001118,0.000882,0.00397,14.00714285714288,0
1046,1046,2024-01-04 09:02:02+00:00,2024-01-04 09:02:02+00:00,68.39964285714287,0.1732142857142857,49.22714285714288,77.0760714285714,35.296428571428564,36.66035714285714,0.7435714285714284,65.05785714285717,0.001122,0.000903,0.003946,13.930714285714316,0
1047,1047,2024-01-04 09:02:04+00:00,2024-01-04 09:02:04+00:00,59.87758620689654,0.1775862068965517,49.13620689655172,68.06965517241379,35.29482758620688,36.53344827586207,0.6417241379310348,65.23241379310346,0.001158,0.000825,0.003741,13.84137931034484,0
1048,1048,2024-01-04 09:02:05+00:00,2024-01-04 09:02:05+00:00,55.54000000000002,0.1687096774193548,49.02967741935483,63.14935483870968,35.29032258064514,36.46903225806453,0.3938709677419355,65.53290322580645,0.001058,0.000848,0.003668,13.739354838709694,0
1049,1049,2024-01-04 09:02:06+00:00,2024-01-04 09:02:06+00:00,51.93000000000002,0.1737037037037037,48.96925925925928,59.35407407407408,35.29370370370371,36.44111111111111,-0.0222222222222222,65.42,0.001024,0.000793,0.003543,13.675555555555569,0
1050,1050,2024-01-04 09:02:07+00:00,2024-01-04 09:02:07+00:00,48.45346153846154,0.1607692307692308,48.89807692307692,55.21423076923075,35.316923076923075,36.39384615384616,-0.05,65.46692307692308,0.001023,0.00079,0.003406,13.581153846153846,0
1051,1051,2024-01-04 09:02:09+00:00,2024-01-04 09:02:09+00:00,41.13172413793102,0.1672413793103448,48.84758620689654,47.236896551724136,35.30931034482758,36.27379310344829,-0.05,65.59034482758622,0.000999,0.000811,0.003314,13.538275862068955,0
1052,1052,2024-01-04 09:02:10+00:00,2024-01-04 09:02:10+00:00,37.27120000000001,0.1576,48.77120000000001,43.99,35.33400000000001,36.2096,-0.05,65.80400000000002,0.000972,0.000773,0.003205,13.437199999999995,0
1053,1053,2024-01-04 09:02:11+00:00,2024-01-04 09:02:11+00:00,34.81678571428571,0.1589285714285714,48.70035714285715,41.99250000000001,35.350000000000016,36.18571428571428,-0.0467857142857143,65.72785714285713,0.00094,0.000803,0.003141,13.350357142857137,0
1054,1054,2024-01-04 09:02:13+00:00,2024-01-04 09:02:13+00:00,30.07517241379312,0.1606896551724137,48.603448275862064,35.29344827586208,35.350689655172424,36.14172413793104,-0.05,65.84793103448274,0.000934,0.000808,0.003039,13.25275862068964,0
1055,1055,2024-01-04 09:02:14+00:00,2024-01-04 09:02:14+00:00,27.039230769230773,0.1576923076923077,48.53692307692308,33.43615384615386,35.36192307692308,36.085,-0.05,65.79346153846156,0.000899,0.000788,0.00297,13.175000000000004,0
1056,1056,2024-01-04 09:02:15+00:00,2024-01-04 09:02:15+00:00,26.0325,0.1614285714285714,48.5025,31.42250000000001,35.37571428571428,36.05214285714286,-0.0489285714285714,66.17107142857144,0.000951,0.000776,0.002944,13.126785714285717,0
1057,1057,2024-01-04 09:02:17+00:00,2024-01-04 09:02:17+00:00,22.01555555555556,0.1648148148148149,48.39962962962964,28.203333333333333,35.39074074074073,36.045185185185176,-0.05,66.11,0.000924,0.000811,0.002871,13.008888888888904,0
1058,1058,2024-01-04 09:02:18+00:00,2024-01-04 09:02:18+00:00,21.8928,0.1523999999999999,48.334,26.2652,35.38199999999999,36.0404,-0.0512,66.146,0.000884,0.000807,0.002837,12.952000000000012,0
1059,1059,2024-01-04 09:02:19+00:00,2024-01-04 09:02:19+00:00,20.616896551724142,0.1537931034482758,48.306896551724144,25.823793103448278,35.40482758620688,36.02172413793103,-0.05,66.27137931034483,0.000891,0.000865,0.002829,12.902068965517266,0
1060,1060,2024-01-04 09:02:21+00:00,2024-01-04 09:02:21+00:00,19.51730769230769,0.1576923076923077,48.21884615384616,24.51192307692309,35.43230769230768,36.019615384615385,-0.05,66.04538461538462,0.000967,0.000845,0.002849,12.786538461538475,0
1061,1061,2024-01-04 09:02:22+00:00,2024-01-04 09:02:22+00:00,20.16586206896552,0.183448275862069,48.13965517241378,25.27827586206895,35.46000000000002,35.97275862068967,-0.0486206896551724,66.33448275862071,0.000955,0.000862,0.002802,12.67965517241376,0
1062,1062,2024-01-04 09:02:23+00:00,2024-01-04 09:02:23+00:00,19.79888888888889,0.164074074074074,48.06222222222221,24.86925925925926,35.462962962962976,35.94814814814816,-0.05,66.06555555555553,0.000894,0.000909,0.002832,12.599259259259236,0
1063,1063,2024-01-04 09:02:24+00:00,2024-01-04 09:02:24+00:00,20.3351724137931,0.1620689655172413,48.009999999999984,25.891379310344828,35.47586206896553,35.93827586206898,-0.05,66.08068965517242,0.000898,0.00086,0.002825,12.53413793103445,0
1064,1064,2024-01-04 09:02:26+00:00,2024-01-04 09:02:26+00:00,21.450800000000005,0.16,48.01480000000001,26.864,35.489200000000004,35.992000000000004,-0.05,65.9468,0.000965,0.000826,0.002855,12.525600000000004,0
1065,1065,2024-01-04 09:02:27+00:00,2024-01-04 09:02:27+00:00,23.392903225806453,0.1532258064516129,48.02516129032256,29.104516129032262,35.504838709677415,36.01838709677419,-0.05,65.56387096774193,0.001006,0.000787,0.002954,12.520322580645145,0
1066,1066,2024-01-04 09:02:28+00:00,2024-01-04 09:02:28+00:00,24.41428571428571,0.1610714285714285,47.989285714285735,29.922499999999992,35.52892857142856,36.00714285714286,-0.05,66.115,0.000901,0.000779,0.003012,12.460357142857177,0
1067,1067,2024-01-04 09:02:30+00:00,2024-01-04 09:02:30+00:00,28.88214285714286,0.1625,47.9757142857143,33.957142857142856,35.53142857142856,36.0517857142857,-0.05,65.64535714285714,0.000925,0.000772,0.003047,12.44428571428574,0
1068,1068,2024-01-04 09:02:31+00:00,2024-01-04 09:02:31+00:00,30.77206896551725,0.1534482758620689,47.92344827586208,35.89137931034484,35.5306896551724,36.05931034482758,-0.0489655172413793,65.83310344827584,0.000937,0.000846,0.003095,12.392758620689676,0
1069,1069,2024-01-04 09:02:32+00:00,2024-01-04 09:02:32+00:00,32.72888888888889,0.1607407407407407,47.95518518518519,38.96518518518518,35.52666666666665,36.10148148148147,-0.05,65.63814814814816,0.000972,0.00076,0.00316,12.428518518518535,0
1070,1070,2024-01-04 09:02:34+00:00,2024-01-04 09:02:34+00:00,39.65384615384615,0.1734615384615385,47.92961538461538,45.17807692307692,35.54346153846153,36.19807692307692,-0.05,65.64615384615385,0.000986,0.000791,0.003203,12.386153846153851,0
1071,1071,2024-01-04 09:02:35+00:00,2024-01-04 09:02:35+00:00,42.1056,0.1596,47.9832,48.1064,35.56520000000001,36.24799999999999,-0.05,65.6168,0.001069,0.000791,0.003287,12.417999999999992,0
1072,1072,2024-01-04 09:02:36+00:00,2024-01-04 09:02:36+00:00,45.74,0.1651851851851851,47.94000000000002,51.64999999999999,35.5725925925926,36.243703703703694,-0.05,65.61777777777776,0.001043,0.00079,0.003445,12.36740740740742,0
1073,1073,2024-01-04 09:02:38+00:00,2024-01-04 09:02:38+00:00,53.48439999999999,0.1495999999999999,47.96040000000001,59.5096,35.56279999999998,36.3888,-0.0468,65.23040000000002,0.001041,0.000917,0.003495,12.397600000000024,0
1074,1074,2024-01-04 09:02:39+00:00,2024-01-04 09:02:39+00:00,56.96538461538459,0.1630769230769231,47.94576923076924,63.61307692307692,35.57269230769232,36.41923076923077,0.3061538461538461,64.97269230769231,0.001122,0.000844,0.003633,12.373076923076916,0
1075,1075,2024-01-04 09:02:40+00:00,2024-01-04 09:02:40+00:00,61.7616,0.162,47.942800000000005,67.9868,35.56560000000001,36.5148,0.5312000000000001,65.08080000000001,0.001178,0.000869,0.003808,12.377199999999997,0
1076,1076,2024-01-04 09:02:42+00:00,2024-01-04 09:02:42+00:00,70.13071428571428,0.1796428571428571,47.972142857142856,78.1917857142857,35.60607142857144,36.62607142857144,0.7203571428571429,64.93499999999999,0.001152,0.000877,0.003901,12.366071428571416,0
1077,1077,2024-01-04 09:02:43+00:00,2024-01-04 09:02:43+00:00,75.22000000000001,0.1792857142857142,47.98464285714287,83.16607142857143,35.60535714285716,36.66214285714284,0.7653571428571428,64.74535714285712,0.001226,0.000915,0.004113,12.379285714285714,0
1078,1078,2024-01-04 09:02:44+00:00,2024-01-04 09:02:44+00:00,79.23730769230768,0.1873076923076923,47.99461538461537,87.76115384615385,35.59384615384617,36.71384615384618,0.8165384615384615,64.77038461538463,0.001299,0.000914,0.004192,12.4007692307692,0
1079,1079,2024-01-04 09:02:45+00:00,2024-01-04 09:02:45+00:00,84.34517241379314,0.1755172413793102,48.033448275862064,92.69862068965514,35.59965517241381,36.845517241379305,0.8748275862068966,64.30586206896552,0.001205,0.000932,0.004203,12.433793103448252,0
1080,1080,2024-01-04 09:02:47+00:00,2024-01-04 09:02:47+00:00,94.67321428571428,0.1764285714285714,48.013928571428565,103.0807142857143,35.63785714285713,36.99142857142856,0.9796428571428571,64.23642857142855,0.001255,0.000941,0.004449,12.376071428571436,0
1081,1081,2024-01-04 09:02:48+00:00,2024-01-04 09:02:48+00:00,100.04964285714289,0.1782142857142857,48.01142857142857,108.41071428571426,35.63214285714285,37.03035714285715,1.0282142857142855,64.31249999999999,0.001274,0.000955,0.004461,12.379285714285714,0
1082,1082,2024-01-04 09:02:49+00:00,2024-01-04 09:02:49+00:00,104.13428571428572,0.1925,48.0107142857143,113.93142857142855,35.637857142857136,37.10500000000001,1.075357142857143,64.50857142857146,0.001254,0.000977,0.004501,12.372857142857164,0
1083,1083,2024-01-04 09:02:51+00:00,2024-01-04 09:02:51+00:00,114.74807692307688,0.1869230769230769,48.05923076923074,124.96076923076916,35.68846153846154,37.29576923076923,1.1830769230769231,63.919999999999966,0.001276,0.000966,0.004619,12.370769230769206,0
1084,1084,2024-01-04 09:02:52+00:00,2024-01-04 09:02:52+00:00,120.98615384615384,0.2042307692307692,48.065769230769206,131.82115384615386,35.69769230769232,37.375769230769215,1.2300000000000004,64.12923076923076,0.001328,0.000992,0.004749,12.368076923076885,0
1085,1085,2024-01-04 09:02:53+00:00,2024-01-04 09:02:53+00:00,126.14571428571423,0.1992857142857143,48.02750000000001,136.39749999999998,35.70464285714286,37.4257142857143,1.2799999999999998,63.91535714285714,0.001318,0.00097,0.004831,12.322857142857153,0
1086,1086,2024-01-04 09:02:55+00:00,2024-01-04 09:02:55+00:00,135.6470833333333,0.2004166666666667,48.09583333333333,147.03791666666666,35.69916666666668,37.59333333333334,1.3845833333333328,63.44624999999999,0.001315,0.000967,0.004851,12.396666666666654,0
1087,1087,2024-01-04 09:02:56+00:00,2024-01-04 09:02:56+00:00,141.79148148148147,0.2148148148148148,48.17407407407409,152.92777777777778,35.714074074074084,37.64518518518519,1.4377777777777785,63.5548148148148,0.001317,0.000963,0.004924,12.460000000000008,0
1088,1088,2024-01-04 09:02:57+00:00,2024-01-04 09:02:57+00:00,145.42296296296297,0.1951851851851853,48.16444444444445,157.02999999999997,35.71814814814817,37.76,1.4881481481481478,63.37222222222224,0.001374,0.000963,0.005057,12.446296296296282,0
1089,1089,2024-01-04 09:02:59+00:00,2024-01-04 09:02:59+00:00,155.01137931034486,0.1975862068965517,48.252068965517246,168.0434482758621,35.73896551724139,37.9051724137931,1.6048275862068968,63.19000000000001,0.001383,0.000987,0.005336,12.513103448275857,0
1090,1090,2024-01-04 09:03:00+00:00,2024-01-04 09:03:00+00:00,161.0169230769231,0.2088461538461539,48.27423076923076,173.50038461538458,35.75999999999999,37.97384615384616,1.6696153846153854,62.761153846153846,0.001453,0.001004,0.005619,12.514230769230773,0
1091,1091,2024-01-04 09:03:01+00:00,2024-01-04 09:03:01+00:00,165.4466666666667,0.2055555555555556,48.29111111111111,178.8955555555555,35.764814814814805,38.06037037037037,1.7292592592592593,62.88444444444444,0.001456,0.001018,0.0057,12.526296296296302,0
1092,1092,2024-01-04 09:03:02+00:00,2024-01-04 09:03:02+00:00,170.58892857142857,0.2060714285714286,48.37571428571429,183.63,35.753571428571426,38.16178571428572,1.788571428571428,62.97142857142854,0.00155,0.001044,0.005994,12.622142857142862,0
1093,1093,2024-01-04 09:03:04+00:00,2024-01-04 09:03:04+00:00,178.40720000000002,0.2176,48.46200000000001,192.172,35.78679999999999,38.32279999999999,1.8988,62.534400000000005,0.00157,0.001016,0.006091,12.675200000000018,0
1094,1094,2024-01-04 09:03:05+00:00,2024-01-04 09:03:05+00:00,182.60071428571425,0.2167857142857143,48.53964285714284,196.6475,35.80499999999999,38.377142857142864,1.9575,62.63607142857143,0.001656,0.001053,0.00636,12.734642857142845,0
1095,1095,2024-01-04 09:03:06+00:00,2024-01-04 09:03:06+00:00,186.3232,0.2168000000000001,48.61120000000001,200.44,35.80560000000002,38.47880000000001,2.0128,62.53320000000001,0.001645,0.001043,0.006434,12.805599999999991,0
1096,1096,2024-01-04 09:03:08+00:00,2024-01-04 09:03:08+00:00,193.9930434782609,0.2126086956521739,48.68739130434781,207.9686956521739,35.804347826086946,38.59347826086957,2.1134782608695653,62.55956521739132,0.001711,0.001043,0.006648,12.883043478260866,0
1097,1097,2024-01-04 09:03:09+00:00,2024-01-04 09:03:09+00:00,197.7242307692308,0.2219230769230769,48.77461538461538,211.90461538461537,35.814230769230775,38.67,2.1680769230769235,62.30115384615386,0.001715,0.001054,0.006777,12.960384615384603,0
1098,1098,2024-01-04 09:03:10+00:00,2024-01-04 09:03:10+00:00,200.66142857142856,0.2210714285714285,48.85178571428572,215.01857142857145,35.82392857142859,38.72500000000001,2.2250000000000005,62.137857142857136,0.001739,0.001038,0.006877,13.02785714285713,0
1099,1099,2024-01-04 09:03:12+00:00,2024-01-04 09:03:12+00:00,206.15518518518525,0.2162962962962964,48.98592592592593,221.00814814814825,35.83851851851852,38.85370370370371,2.311851851851852,61.99555555555553,0.001752,0.00103,0.006957,13.147407407407414,0
1100,1100,2024-01-04 09:03:13+00:00,2024-01-04 09:03:13+00:00,209.13000000000008,0.2225925925925926,49.06888888888888,223.91481481481483,35.84037037037039,38.93888888888888,2.352962962962963,62.3051851851852,0.001753,0.001027,0.007061,13.228518518518491,0
1101,1101,2024-01-04 09:03:14+00:00,2024-01-04 09:03:14+00:00,210.61703703703705,0.2192592592592592,49.11962962962962,226.49,35.86037037037037,38.95185185185184,2.395555555555555,62.10111111111111,0.00178,0.001039,0.007152,13.259259259259252,0
1102,1102,2024-01-04 09:03:16+00:00,2024-01-04 09:03:16+00:00,214.0499999999999,0.241,49.261333333333326,231.0596666666666,35.88,39.07333333333332,2.4680000000000004,62.17899999999999,0.001777,0.001047,0.007209,13.381333333333323,0
1103,1103,2024-01-04 09:03:17+00:00,2024-01-04 09:03:17+00:00,215.50035714285715,0.2228571428571429,49.34142857142859,232.4114285714286,35.89607142857141,39.1232142857143,2.4985714285714287,61.948214285714265,0.001712,0.001053,0.007142,13.445357142857176,0
1104,1104,2024-01-04 09:03:18+00:00,2024-01-04 09:03:18+00:00,217.23,0.2237037037037038,49.4451851851852,233.60259259259252,35.90592592592591,39.145555555555546,2.5192592592592598,61.70037037037034,0.001548,0.001049,0.00686,13.539259259259296,0
1105,1105,2024-01-04 09:03:20+00:00,2024-01-04 09:03:20+00:00,219.0840740740741,0.2248148148148147,49.60333333333334,235.6325925925925,35.91629629629629,39.18740740740741,2.575925925925925,61.63222222222221,0.001535,0.001053,0.00689,13.68703703703705,0
1106,1106,2024-01-04 09:03:21+00:00,2024-01-04 09:03:21+00:00,219.40959999999995,0.2348,49.6948,236.0272,35.93880000000001,39.2184,2.5711999999999997,61.704400000000014,0.001504,0.001075,0.006797,13.755999999999986,0
1107,1107,2024-01-04 09:03:22+00:00,2024-01-04 09:03:22+00:00,219.8552,0.2307999999999999,49.72359999999999,235.7860000000001,35.943200000000004,39.22,2.576,61.3076,0.001486,0.001052,0.006743,13.780399999999986,0
1108,1108,2024-01-04 09:03:23+00:00,2024-01-04 09:03:23+00:00,219.01870967741928,0.2354838709677419,49.8067741935484,235.466129032258,35.936774193548395,39.2558064516129,2.576774193548387,61.6967741935484,0.00148,0.001033,0.00672,13.870000000000005,0
1109,1109,2024-01-04 09:03:25+00:00,2024-01-04 09:03:25+00:00,217.60888888888883,0.2322222222222222,49.98629629629628,234.8137037037038,35.932962962962954,39.28925925925926,2.5699999999999994,61.63740740740742,0.001452,0.001039,0.006684,14.053333333333327,0
1110,1110,2024-01-04 09:03:26+00:00,2024-01-04 09:03:26+00:00,218.6414285714286,0.2232142857142857,50.07142857142856,233.6385714285715,35.931428571428555,39.31285714285713,2.564999999999998,62.010000000000005,0.001421,0.001049,0.006644,14.140000000000008,0
1111,1111,2024-01-04 09:03:27+00:00,2024-01-04 09:03:27+00:00,215.28827586206896,0.2220689655172413,50.10068965517241,231.7041379310345,35.947931034482764,39.27034482758621,2.532068965517243,61.9048275862069,0.001432,0.001035,0.006617,14.152758620689646,0
1112,1112,2024-01-04 09:03:29+00:00,2024-01-04 09:03:29+00:00,212.50346153846155,0.2246153846153846,50.28769230769231,228.2392307692308,35.95346153846154,39.311923076923065,2.487692307692308,61.92846153846156,0.001438,0.001041,0.00655,14.334230769230771,0
1113,1113,2024-01-04 09:03:30+00:00,2024-01-04 09:03:30+00:00,210.78966666666665,0.2233333333333333,50.31833333333331,226.50233333333335,35.97100000000002,39.299,2.4493333333333345,61.985666666666674,0.001435,0.001055,0.00646,14.347333333333289,0
1114,1114,2024-01-04 09:03:31+00:00,2024-01-04 09:03:31+00:00,208.2046428571429,0.2178571428571429,50.38928571428572,223.75,35.98642857142858,39.29892857142857,2.4114285714285715,61.91571428571429,0.001399,0.001038,0.006418,14.402857142857137,0
1115,1115,2024-01-04 09:03:33+00:00,2024-01-04 09:03:33+00:00,203.30310344827583,0.2241379310344828,50.44551724137932,219.17034482758623,36.01689655172413,39.2089655172414,2.337241379310345,62.23344827586208,0.001404,0.001041,0.006358,14.42862068965519,0
1116,1116,2024-01-04 09:03:34+00:00,2024-01-04 09:03:34+00:00,199.98107142857148,0.2078571428571429,50.46571428571429,215.085,36.021785714285706,39.17857142857142,2.277142857142858,62.15357142857143,0.001363,0.001034,0.006236,14.443928571428586,0
1117,1117,2024-01-04 09:03:35+00:00,2024-01-04 09:03:35+00:00,196.7507142857144,0.2114285714285715,50.48285714285714,212.3882142857144,36.0125,39.15428571428572,2.2349999999999994,62.24107142857144,0.001352,0.001044,0.006124,14.470357142857146,0
1118,1118,2024-01-04 09:03:37+00:00,2024-01-04 09:03:37+00:00,189.39433333333332,0.2086666666666666,50.562,204.1970000000001,36.04599999999998,39.13533333333335,2.1096666666666675,62.40833333333333,0.001331,0.001018,0.006035,14.51600000000002,0
1119,1119,2024-01-04 09:03:38+00:00,2024-01-04 09:03:38+00:00,186.04851851851856,0.2129629629629629,50.5225925925926,200.5407407407407,36.04296296296295,39.06777777777776,2.061851851851852,62.78925925925929,0.001309,0.001025,0.005949,14.479629629629647,0
1120,1120,2024-01-04 09:03:39+00:00,2024-01-04 09:03:39+00:00,181.34310344827583,0.2058620689655172,50.54241379310344,196.44413793103445,36.05310344827586,39.01862068965517,2.0037931034482748,62.63931034482759,0.001302,0.00102,0.00588,14.489310344827572,0
1121,1121,2024-01-04 09:03:41+00:00,2024-01-04 09:03:41+00:00,173.80620689655177,0.2106896551724137,50.55793103448273,187.87275862068967,36.058965517241376,38.94206896551725,1.9268965517241377,63.00344827586208,0.001282,0.001045,0.005689,14.498965517241352,0
1122,1122,2024-01-04 09:03:42+00:00,2024-01-04 09:03:42+00:00,168.57666666666668,0.203,50.59499999999999,182.10633333333337,36.05333333333331,38.865333333333325,1.8446666666666676,63.14033333333334,0.001281,0.001022,0.005608,14.541666666666671,0
1123,1123,2024-01-04 09:03:43+00:00,2024-01-04 09:03:43+00:00,164.58961538461537,0.2069230769230769,50.60269230769229,178.3161538461538,36.069615384615375,38.82576923076924,1.802692307692308,63.27884615384615,0.001192,0.001005,0.005371,14.533076923076912,0
1124,1124,2024-01-04 09:03:44+00:00,2024-01-04 09:03:44+00:00,159.09346153846147,0.2157692307692307,50.57730769230768,173.08730769230772,36.07038461538463,38.773461538461554,1.7453846153846144,63.14346153846156,0.001201,0.001005,0.005269,14.506923076923044,0
1125,1125,2024-01-04 09:03:46+00:00,2024-01-04 09:03:46+00:00,149.41259259259257,0.2044444444444444,50.56037037037036,163.4733333333333,36.06296296296297,38.65592592592593,1.625185185185185,63.51703703703701,0.001198,0.000983,0.005109,14.497407407407389,0
1126,1126,2024-01-04 09:03:47+00:00,2024-01-04 09:03:47+00:00,145.2885714285715,0.2014285714285714,50.60035714285711,157.87142857142865,36.06642857142858,38.6,1.5657142857142856,63.67249999999998,0.001131,0.00099,0.004835,14.533928571428532,0
1127,1127,2024-01-04 09:03:48+00:00,2024-01-04 09:03:48+00:00,138.96333333333334,0.2033333333333334,50.47999999999999,152.3622222222222,36.09592592592595,38.494814814814816,1.505925925925926,63.89333333333335,0.001216,0.000963,0.004691,14.384074074074045,0
1128,1128,2024-01-04 09:03:50+00:00,2024-01-04 09:03:50+00:00,129.44551724137935,0.2013793103448276,50.4496551724138,142.19413793103448,36.08724137931037,38.37793103448275,1.406206896551724,63.808965517241376,0.001191,0.000962,0.004607,14.362413793103428,0
1129,1129,2024-01-04 09:03:51+00:00,2024-01-04 09:03:51+00:00,124.0936,0.1979999999999999,50.39239999999999,135.96120000000002,36.08520000000001,38.32719999999999,1.3463999999999996,63.97520000000002,0.001173,0.000976,0.004609,14.30719999999998,0
1130,1130,2024-01-04 09:03:52+00:00,2024-01-04 09:03:52+00:00,119.3013793103448,0.1779310344827586,50.43241379310346,130.8768965517241,36.08586206896553,38.27103448275861,1.3034482758620691,64.07862068965517,0.001184,0.00097,0.004563,14.346551724137932,0
1131,1131,2024-01-04 09:03:54+00:00,2024-01-04 09:03:54+00:00,107.9675,0.1817857142857144,50.32178571428569,119.06964285714284,36.118214285714295,38.118214285714274,1.1964285714285725,64.30357142857144,0.001167,0.00098,0.004475,14.203571428571394,0
1132,1132,2024-01-04 09:03:55+00:00,2024-01-04 09:03:55+00:00,103.56851851851852,0.1718518518518518,50.26814814814813,113.61370370370368,36.133333333333326,38.06814814814816,1.1411111111111114,64.31111111111112,0.001146,0.000976,0.004358,14.134814814814805,0
1133,1133,2024-01-04 09:03:56+00:00,2024-01-04 09:03:56+00:00,98.55384615384617,0.1861538461538462,50.25038461538463,108.11653846153848,36.15346153846152,37.98423076923075,1.0903846153846155,64.57615384615382,0.001121,0.000961,0.004216,14.096923076923112,0
1134,1134,2024-01-04 09:03:58+00:00,2024-01-04 09:03:58+00:00,88.19851851851851,0.19,50.14851851851854,98.04703703703704,36.15777777777776,37.85481481481482,0.9892592592592592,64.92444444444442,0.001121,0.000903,0.004142,13.990740740740785,0
1135,1135,2024-01-04 09:03:59+00:00,2024-01-04 09:03:59+00:00,82.6113333333333,0.179,50.10433333333332,92.94366666666669,36.16333333333331,37.81933333333333,0.9319999999999998,64.94966666666669,0.001113,0.0009,0.004092,13.941000000000004,0
1136,1136,2024-01-04 09:04:00+00:00,2024-01-04 09:04:00+00:00,79.01655172413791,0.1806896551724138,50.0248275862069,87.49344827586205,36.17758620689657,37.69517241379311,0.8744827586206901,64.61379310344827,0.00108,0.000868,0.003873,13.847241379310326,0
1137,1137,2024-01-04 09:04:01+00:00,2024-01-04 09:04:01+00:00,74.00333333333333,0.1737037037037037,49.95629629629631,82.49777777777778,36.19037037037037,37.641481481481485,0.8274074074074075,65.13111111111112,0.00105,0.000875,0.003767,13.76592592592594,0
1138,1138,2024-01-04 09:04:03+00:00,2024-01-04 09:04:03+00:00,65.02464285714288,0.1728571428571428,49.88464285714285,72.85107142857143,36.182857142857145,37.531785714285725,0.7139285714285716,65.24499999999999,0.001067,0.000886,0.003717,13.701785714285704,0
1139,1139,2024-01-04 09:04:04+00:00,2024-01-04 09:04:04+00:00,60.26458333333334,0.1641666666666666,49.81791666666667,67.84166666666667,36.18541666666665,37.48375,0.6633333333333336,65.11125000000001,0.00098,0.000842,0.003509,13.632500000000022,0
1140,1140,2024-01-04 09:04:05+00:00,2024-01-04 09:04:05+00:00,56.30555555555555,0.1622222222222222,49.76407407407409,63.598888888888894,36.18444444444444,37.427037037037024,0.5670370370370369,65.19888888888889,0.00099,0.000789,0.003467,13.57962962962965,0
1141,1141,2024-01-04 09:04:07+00:00,2024-01-04 09:04:07+00:00,48.171923076923086,0.1638461538461538,49.67115384615386,55.255,36.17884615384615,37.33076923076924,-0.0546153846153846,65.57269230769231,0.000935,0.000814,0.003279,13.492307692307705,0
1142,1142,2024-01-04 09:04:08+00:00,2024-01-04 09:04:08+00:00,45.09703703703703,0.1655555555555555,49.57185185185184,52.32555555555555,36.197037037037056,37.25925925925925,-0.0533333333333333,65.14851851851851,0.000964,0.000804,0.003214,13.374814814814783,0
1143,1143,2024-01-04 09:04:09+00:00,2024-01-04 09:04:09+00:00,41.74307692307691,0.1742307692307692,49.49999999999999,48.3923076923077,36.19538461538463,37.185,-0.05,65.6476923076923,0.000928,0.000768,0.0031,13.30461538461536,0
1144,1144,2024-01-04 09:04:11+00:00,2024-01-04 09:04:11+00:00,34.965769230769226,0.1553846153846153,49.4296153846154,41.287692307692296,36.21269230769232,37.15269230769231,-0.0561538461538461,65.9126923076923,0.000878,0.000747,0.002941,13.216923076923074,0
1145,1145,2024-01-04 09:04:12+00:00,2024-01-04 09:04:12+00:00,32.4012,0.1548,49.3016,39.25400000000001,36.2436,37.08760000000001,-0.0516,65.83760000000001,0.000865,0.000769,0.002925,13.058,0
1146,1146,2024-01-04 09:04:13+00:00,2024-01-04 09:04:13+00:00,31.06892857142858,0.1589285714285714,49.32571428571428,36.09214285714286,36.23071428571429,37.03785714285714,-0.0557142857142857,65.85285714285713,0.000888,0.000749,0.002848,13.094999999999985,0
1147,1147,2024-01-04 09:04:15+00:00,2024-01-04 09:04:15+00:00,25.816071428571423,0.1642857142857143,49.17464285714284,31.60499999999999,36.26857142857141,36.99642857142857,-0.0575,66.00857142857144,0.000902,0.000743,0.002782,12.906071428571424,0
1148,1148,2024-01-04 09:04:16+00:00,2024-01-04 09:04:16+00:00,24.523448275862066,0.1727586206896552,49.13517241379309,30.28862068965518,36.289310344827584,36.96999999999999,-0.0568965517241379,66.03,0.000815,0.000822,0.002735,12.84586206896551,0
1149,1149,2024-01-04 09:04:17+00:00,2024-01-04 09:04:17+00:00,22.44960000000001,0.1588,49.102,27.79720000000001,36.29119999999998,36.9752,-0.0536,65.9132,0.000788,0.000759,0.002646,12.810800000000022,0
1150,1150,2024-01-04 09:04:19+00:00,2024-01-04 09:04:19+00:00,20.52785714285715,0.1642857142857143,48.99964285714286,26.09892857142857,36.33142857142857,36.93178571428571,-0.0582142857142857,66.1014285714286,0.000819,0.000835,0.002645,12.668214285714292,0
1151,1151,2024-01-04 09:04:20+00:00,2024-01-04 09:04:20+00:00,19.558571428571437,0.1603571428571429,48.9325,24.87678571428571,36.3307142857143,36.868928571428576,-0.0585714285714286,66.17642857142856,0.000792,0.000824,0.00264,12.601785714285697,0
1152,1152,2024-01-04 09:04:21+00:00,2024-01-04 09:04:21+00:00,19.889629629629635,0.1566666666666666,48.89777777777777,25.2237037037037,36.32370370370373,36.87,-0.0585185185185185,65.89629629629631,0.00083,0.000834,0.002662,12.57407407407404,0
1153,1153,2024-01-04 09:04:22+00:00,2024-01-04 09:04:22+00:00,19.78300000000001,0.161,48.82999999999998,24.323666666666657,36.33400000000001,36.85833333333333,-0.059,66.21533333333332,0.000966,0.000876,0.00262,12.495999999999968,0
1154,1154,2024-01-04 09:04:24+00:00,2024-01-04 09:04:24+00:00,20.453214285714285,0.1485714285714285,48.807857142857145,24.755,36.32892857142858,36.892500000000005,-0.0578571428571428,65.94821428571429,0.000876,0.000865,0.002602,12.47892857142856,0
1155,1155,2024-01-04 09:04:25+00:00,2024-01-04 09:04:25+00:00,21.13137931034483,0.1665517241379311,48.77275862068966,26.6796551724138,36.34137931034484,36.85620689655173,-0.06,66.08275862068965,0.00081,0.000783,0.002636,12.431379310344816,0
1156,1156,2024-01-04 09:04:26+00:00,2024-01-04 09:04:26+00:00,22.012692307692305,0.1588461538461539,48.71076923076924,26.77461538461538,36.34076923076924,36.86884615384615,-0.06,66.00730769230769,0.000851,0.000746,0.002683,12.369999999999996,0
1157,1157,2024-01-04 09:04:28+00:00,2024-01-04 09:04:28+00:00,24.07870967741936,0.1425806451612903,48.73064516129033,29.247096774193544,36.36193548387096,36.94548387096775,-0.0551612903225806,65.69032258064516,0.000841,0.000815,0.002758,12.368709677419377,0
1158,1158,2024-01-04 09:04:29+00:00,2024-01-04 09:04:29+00:00,26.112592592592588,0.1629629629629629,48.67111111111112,31.190370370370392,36.37222222222223,36.927037037037024,-0.0551851851851852,65.91407407407408,0.000883,0.00072,0.002808,12.29888888888889,0
1159,1159,2024-01-04 09:04:30+00:00,2024-01-04 09:04:30+00:00,28.58666666666666,0.1533333333333333,48.65370370370373,33.18666666666666,36.38444444444444,36.99555555555556,-0.0562962962962963,65.85259259259259,0.000961,0.00076,0.0028,12.269259259259286,0
1160,1160,2024-01-04 09:04:32+00:00,2024-01-04 09:04:32+00:00,33.24899999999999,0.157,48.64833333333331,37.638000000000005,36.41666666666666,37.03033333333335,-0.0556666666666667,65.72966666666666,0.000868,0.000766,0.002832,12.231666666666657,0
1161,1161,2024-01-04 09:04:33+00:00,2024-01-04 09:04:33+00:00,36.00538461538463,0.1607692307692307,48.67153846153846,41.20884615384615,36.4203846153846,37.08307692307692,-0.0565384615384615,65.52576923076923,0.000901,0.000846,0.002927,12.251153846153862,0
1162,1162,2024-01-04 09:04:34+00:00,2024-01-04 09:04:34+00:00,39.31032258064516,0.154516129032258,48.69548387096776,44.52903225806451,36.41741935483871,37.1267741935484,-0.06,65.31806451612903,0.000976,0.000803,0.003031,12.278064516129056,0
1163,1163,2024-01-04 09:04:36+00:00,2024-01-04 09:04:36+00:00,45.294615384615376,0.1592307692307692,48.64269230769231,51.1623076923077,36.44961538461539,37.17653846153845,-0.055,65.54384615384616,0.000871,0.000769,0.003085,12.193076923076916,0
1164,1164,2024-01-04 09:04:37+00:00,2024-01-04 09:04:37+00:00,48.13115384615385,0.1557692307692307,48.67884615384615,54.83269230769231,36.44153846153847,37.24038461538461,-0.0538461538461538,65.2303846153846,0.000929,0.000779,0.003227,12.23730769230768,0
1165,1165,2024-01-04 09:04:38+00:00,2024-01-04 09:04:38+00:00,53.36137931034485,0.1655172413793104,48.666896551724136,59.17103448275863,36.45034482758622,37.31344827586207,-0.0568965517241379,65.31793103448275,0.000971,0.000862,0.003346,12.216551724137917,0
1166,1166,2024-01-04 09:04:39+00:00,2024-01-04 09:04:39+00:00,56.79185185185185,0.1670370370370371,48.65111111111111,63.42777777777777,36.47481481481483,37.36629629629631,0.1829629629629629,65.21666666666667,0.001007,0.00086,0.003449,12.17629629629628,0
1167,1167,2024-01-04 09:04:41+00:00,2024-01-04 09:04:41+00:00,64.62692307692308,0.1592307692307692,48.69653846153847,72.17384615384616,36.47192307692308,37.50461538461538,0.6757692307692308,65.05230769230769,0.001068,0.000846,0.003647,12.224615384615385,0
1168,1168,2024-01-04 09:04:42+00:00,2024-01-04 09:04:42+00:00,69.71586206896549,0.1775862068965518,48.63344827586207,77.11827586206896,36.49206896551725,37.49862068965517,0.7224137931034483,65.17965517241379,0.001062,0.000917,0.003744,12.141379310344815,0
1169,1169,2024-01-04 09:04:43+00:00,2024-01-04 09:04:43+00:00,74.76925925925924,0.1899999999999999,48.66222222222223,82.79555555555557,36.504444444444445,37.60296296296296,0.7833333333333334,65.26296296296297,0.00108,0.000879,0.003882,12.15777777777778,0
1170,1170,2024-01-04 09:04:45+00:00,2024-01-04 09:04:45+00:00,84.23551724137931,0.1903448275862069,48.67586206896552,92.67103448275864,36.51172413793103,37.72413793103448,0.8844827586206894,64.55620689655171,0.00119,0.000929,0.004094,12.164137931034489,0
1171,1171,2024-01-04 09:04:46+00:00,2024-01-04 09:04:46+00:00,88.95038461538459,0.1846153846153846,48.75115384615384,97.15423076923074,36.49884615384615,37.85499999999998,0.9357692307692306,64.4169230769231,0.001138,0.000937,0.004155,12.25230769230768,0
1172,1172,2024-01-04 09:04:47+00:00,2024-01-04 09:04:47+00:00,93.00035714285715,0.1778571428571428,48.6914285714286,102.14071428571428,36.52821428571427,37.88357142857142,0.9882142857142858,64.44464285714285,0.00116,0.000966,0.004201,12.163214285714323,0
1173,1173,2024-01-04 09:04:49+00:00,2024-01-04 09:04:49+00:00,102.9776666666667,0.1786666666666666,48.69666666666665,112.58333333333331,36.563,38.02533333333331,1.0903333333333336,64.04399999999998,0.001188,0.000946,0.004326,12.133666666666649,0
1174,1174,2024-01-04 09:04:50+00:00,2024-01-04 09:04:50+00:00,109.47192307692308,0.1965384615384615,48.6923076923077,119.19384615384617,36.57884615384617,38.12307692307692,1.1323076923076925,64.4926923076923,0.001259,0.000969,0.004499,12.113461538461529,0
1175,1175,2024-01-04 09:04:51+00:00,2024-01-04 09:04:51+00:00,114.44750000000002,0.185,48.78178571428571,123.8671428571428,36.58500000000002,38.241785714285705,1.1907142857142858,64.09571428571427,0.001263,0.000987,0.004589,12.196785714285689,0
1176,1176,2024-01-04 09:04:53+00:00,2024-01-04 09:04:53+00:00,123.70083333333332,0.17375,48.78666666666666,135.16666666666666,36.65124999999999,38.38125,1.2841666666666665,63.51750000000001,0.00131,0.000995,0.004655,12.135416666666671,0
1177,1177,2024-01-04 09:04:54+00:00,2024-01-04 09:04:54+00:00,129.75178571428577,0.1925000000000001,48.80714285714284,140.01714285714294,36.66035714285712,38.42535714285714,1.3335714285714284,63.79750000000001,0.001238,0.000989,0.004656,12.14678571428572,0
1178,1178,2024-01-04 09:04:55+00:00,2024-01-04 09:04:55+00:00,134.93766666666664,0.187,48.85966666666666,146.029,36.65333333333332,38.565000000000005,1.396333333333333,63.54933333333333,0.001177,0.001023,0.004599,12.20633333333334,0
1179,1179,2024-01-04 09:04:57+00:00,2024-01-04 09:04:57+00:00,145.9191666666667,0.1883333333333333,48.85666666666666,156.7458333333333,36.656666666666645,38.66999999999999,1.5083333333333335,63.29041666666669,0.001224,0.001013,0.004873,12.200000000000015,0
1180,1180,2024-01-04 09:04:58+00:00,2024-01-04 09:04:58+00:00,150.3776923076923,0.1946153846153846,48.86346153846153,162.19884615384615,36.658846153846135,38.77961538461539,1.5542307692307686,63.27884615384615,0.001273,0.000997,0.005095,12.204615384615394,0
1181,1181,2024-01-04 09:04:59+00:00,2024-01-04 09:04:59+00:00,154.49518518518522,0.1948148148148148,48.98333333333334,166.83074074074077,36.64777777777777,38.90111111111111,1.623333333333333,63.184444444444445,0.001229,0.001019,0.005158,12.335555555555572,0
1182,1182,2024-01-04 09:05:00+00:00,2024-01-04 09:05:00+00:00,159.74888888888893,0.2074074074074074,48.97888888888889,172.38740740740738,36.69111111111112,38.948888888888895,1.6855555555555557,63.09000000000001,0.001322,0.001023,0.005499,12.28777777777777,0
1183,1183,2024-01-04 09:05:02+00:00,2024-01-04 09:05:02+00:00,169.2146666666667,0.1899999999999999,49.06966666666666,181.24,36.69066666666667,39.10200000000001,1.808999999999999,62.943333333333335,0.001334,0.001018,0.005552,12.37899999999999,0
1184,1184,2024-01-04 09:05:03+00:00,2024-01-04 09:05:03+00:00,172.7076,0.2024,49.11480000000002,186.7936,36.716000000000015,39.1964,1.8668000000000005,62.87519999999999,0.001387,0.001053,0.005841,12.3988,0
1185,1185,2024-01-04 09:05:04+00:00,2024-01-04 09:05:04+00:00,178.40919999999997,0.2104000000000001,49.155600000000014,191.68439999999995,36.7444,39.222,1.9288000000000007,62.835200000000015,0.001382,0.001031,0.005949,12.411200000000017,0
1186,1186,2024-01-04 09:05:06+00:00,2024-01-04 09:05:06+00:00,185.7886206896552,0.2210344827586207,49.25344827586206,200.0437931034484,36.74103448275863,39.38310344827586,2.0420689655172413,62.53517241379311,0.0014,0.001053,0.00607,12.512413793103434,0
1187,1187,2024-01-04 09:05:07+00:00,2024-01-04 09:05:07+00:00,189.81592592592588,0.2211111111111112,49.32333333333333,204.56999999999996,36.73666666666667,39.48777777777778,2.08962962962963,62.54185185185188,0.001427,0.001056,0.006209,12.58666666666666,0
1188,1188,2024-01-04 09:05:08+00:00,2024-01-04 09:05:08+00:00,193.3925925925926,0.2251851851851852,49.39333333333333,207.89111111111103,36.74074074074075,39.51814814814815,2.1481481481481484,62.23555555555556,0.001469,0.001066,0.006358,12.652592592592583,0
1189,1189,2024-01-04 09:05:10+00:00,2024-01-04 09:05:10+00:00,200.267037037037,0.2159259259259259,49.49777777777778,214.92074074074063,36.75444444444444,39.65888888888887,2.2607407407407414,62.21814814814816,0.001472,0.001067,0.006432,12.74333333333334,0
1190,1190,2024-01-04 09:05:11+00:00,2024-01-04 09:05:11+00:00,202.57518518518523,0.2248148148148148,49.58407407407406,218.22481481481475,36.7785185185185,39.736666666666665,2.3103703703703697,61.87666666666665,0.001484,0.001103,0.006508,12.805555555555555,0
1191,1191,2024-01-04 09:05:12+00:00,2024-01-04 09:05:12+00:00,206.69,0.2148148148148149,49.6614814814815,221.20259259259257,36.78518518518516,39.80814814814816,2.3585185185185176,61.894074074074105,0.001446,0.001083,0.006457,12.87629629629634,0
1192,1192,2024-01-04 09:05:14+00:00,2024-01-04 09:05:14+00:00,210.92407407407404,0.2244444444444445,49.78962962962961,226.69259259259255,36.79851851851852,39.88925925925925,2.444814814814816,62.12592592592593,0.001434,0.001081,0.006498,12.991111111111088,0
1193,1193,2024-01-04 09:05:15+00:00,2024-01-04 09:05:15+00:00,212.60034482758627,0.2217241379310345,49.89793103448278,228.58172413793108,36.80999999999999,39.94275862068966,2.482068965517241,61.88448275862069,0.001452,0.001101,0.006536,13.087931034482793,0
1194,1194,2024-01-04 09:05:16+00:00,2024-01-04 09:05:16+00:00,214.95962962962963,0.2262962962962963,49.9662962962963,230.3144444444445,36.81703703703705,39.99037037037037,2.5074074074074075,61.95185185185187,0.001477,0.001077,0.006617,13.149259259259246,0
1195,1195,2024-01-04 09:05:17+00:00,2024-01-04 09:05:17+00:00,216.1968,0.2260000000000001,50.0224,231.746,36.8216,40.0096,2.5392,61.85479999999998,0.001457,0.001094,0.006682,13.200799999999994,0
1196,1196,2024-01-04 09:05:19+00:00,2024-01-04 09:05:19+00:00,218.0989655172413,0.22,50.16827586206897,233.60413793103447,36.82689655172416,40.07344827586208,2.584137931034484,61.626206896551714,0.001462,0.001067,0.006715,13.341379310344813,0
1197,1197,2024-01-04 09:05:20+00:00,2024-01-04 09:05:20+00:00,217.1296428571429,0.2217857142857142,50.29821428571427,235.17071428571427,36.82892857142858,40.15428571428573,2.6046428571428573,61.67142857142857,0.001482,0.001095,0.006744,13.46928571428569,0
1198,1198,2024-01-04 09:05:21+00:00,2024-01-04 09:05:21+00:00,219.79333333333335,0.217037037037037,50.38333333333335,235.39259259259256,36.84740740740741,40.17740740740743,2.6237037037037028,61.45740740740741,0.001508,0.001109,0.006819,13.535925925925936,0
1199,1199,2024-01-04 09:05:23+00:00,2024-01-04 09:05:23+00:00,219.27840000000003,0.2220000000000001,50.52199999999998,234.60840000000005,36.85600000000001,40.21519999999999,2.6236,61.819200000000016,0.001437,0.001097,0.006655,13.665999999999968,0
1200,1200,2024-01-04 09:05:24+00:00,2024-01-04 09:05:24+00:00,217.95370370370367,0.2325925925925927,50.55962962962961,234.55148148148143,36.87148148148148,40.20000000000001,2.6214814814814806,61.69962962962963,0.001425,0.001104,0.006588,13.68814814814813,0
1201,1201,2024-01-04 09:05:25+00:00,2024-01-04 09:05:25+00:00,217.9789285714287,0.2242857142857144,50.703214285714296,234.41107142857135,36.885714285714286,40.20142857142857,2.6289285714285726,61.492142857142845,0.001412,0.001122,0.006548,13.81750000000001,0
1202,1202,2024-01-04 09:05:27+00:00,2024-01-04 09:05:27+00:00,215.98586206896545,0.2155172413793103,50.83517241379311,232.10137931034487,36.89655172413792,40.260344827586216,2.592413793103448,61.87206896551723,0.001383,0.001068,0.006489,13.938620689655188,0
1203,1203,2024-01-04 09:05:28+00:00,2024-01-04 09:05:28+00:00,213.55153846153848,0.2180769230769231,50.85500000000001,231.4042307692308,36.9130769230769,40.2273076923077,2.580384615384616,61.60192307692308,0.00138,0.001071,0.006449,13.94192307692311,0
1204,1204,2024-01-04 09:05:29+00:00,2024-01-04 09:05:29+00:00,213.22533333333345,0.2143333333333333,50.89933333333336,229.193,36.945000000000014,40.23,2.5580000000000003,61.85033333333335,0.001357,0.00107,0.006412,13.954333333333343,0
1205,1205,2024-01-04 09:05:31+00:00,2024-01-04 09:05:31+00:00,208.50827586206887,0.2293103448275862,51.02206896551723,224.2234482758621,36.94,40.20620689655173,2.467931034482759,62.37275862068965,0.00137,0.001077,0.006335,14.08206896551723,0
1206,1206,2024-01-04 09:05:32+00:00,2024-01-04 09:05:32+00:00,207.3914814814814,0.2248148148148148,51.10703703703705,222.3574074074073,36.96666666666669,40.21407407407407,2.4325925925925924,61.93481481481484,0.001415,0.001092,0.006291,14.140370370370364,0
1207,1207,2024-01-04 09:05:33+00:00,2024-01-04 09:05:33+00:00,203.5181481481481,0.2088888888888889,51.14259259259258,218.315925925926,36.96481481481483,40.183703703703706,2.391851851851852,62.0562962962963,0.001354,0.001104,0.006213,14.177777777777749,0
1208,1208,2024-01-04 09:05:35+00:00,2024-01-04 09:05:35+00:00,197.078,0.2200000000000001,51.216,213.247,36.96500000000002,40.129666666666665,2.299999999999999,62.523,0.001343,0.001079,0.006135,14.250999999999983,0
1209,1209,2024-01-04 09:05:36+00:00,2024-01-04 09:05:36+00:00,194.23466666666656,0.2056666666666667,51.24833333333334,208.74266666666665,36.96033333333335,40.12599999999998,2.2359999999999998,61.99766666666667,0.001346,0.001077,0.00608,14.287999999999997,0
1210,1210,2024-01-04 09:05:37+00:00,2024-01-04 09:05:37+00:00,190.18875000000003,0.2129166666666666,51.234583333333326,205.55250000000004,36.98000000000001,40.07041666666666,2.1733333333333333,62.45916666666667,0.001301,0.001075,0.005978,14.254583333333317,0
1211,1211,2024-01-04 09:05:38+00:00,2024-01-04 09:05:38+00:00,187.2841379310345,0.2179310344827586,51.27,201.4820689655173,36.99172413793104,39.99965517241379,2.1100000000000003,62.422758620689656,0.001294,0.001069,0.005883,14.27827586206896,0
1212,1212,2024-01-04 09:05:40+00:00,2024-01-04 09:05:40+00:00,178.66555555555564,0.2085185185185185,51.29666666666666,191.6855555555555,37.01296296296295,39.88740740740741,2.014444444444444,62.788148148148174,0.001244,0.00106,0.005718,14.283703703703708,0
1213,1213,2024-01-04 09:05:41+00:00,2024-01-04 09:05:41+00:00,173.72592592592594,0.1996296296296296,51.326296296296285,187.82037037037043,37.00629629629629,39.85148148148148,1.9566666666666677,62.76222222222224,0.001229,0.001032,0.005592,14.319999999999991,0
1214,1214,2024-01-04 09:05:42+00:00,2024-01-04 09:05:42+00:00,169.43120000000002,0.2032,51.30359999999998,183.63960000000003,37.02479999999999,39.7924,1.9,62.814800000000005,0.001221,0.001039,0.005506,14.278799999999997,0
1215,1215,2024-01-04 09:05:44+00:00,2024-01-04 09:05:44+00:00,161.33892857142857,0.1982142857142857,51.296071428571416,173.64000000000004,37.02749999999998,39.68285714285714,1.7878571428571437,63.053928571428585,0.00119,0.001038,0.005349,14.268571428571434,0
1216,1216,2024-01-04 09:05:45+00:00,2024-01-04 09:05:45+00:00,155.61259259259256,0.1940740740740741,51.26555555555555,168.3285185185186,37.01925925925926,39.64481481481481,1.7188888888888896,63.0751851851852,0.001159,0.001021,0.005139,14.246296296296292,0
1217,1217,2024-01-04 09:05:46+00:00,2024-01-04 09:05:46+00:00,150.5134615384616,0.2023076923076923,51.2803846153846,163.60192307692307,37.03384615384614,39.591538461538455,1.662692307692308,63.00346153846155,0.001169,0.001005,0.004979,14.246538461538456,0
1218,1218,2024-01-04 09:05:48+00:00,2024-01-04 09:05:48+00:00,139.40178571428575,0.1803571428571429,51.23357142857144,152.41249999999997,37.03357142857142,39.46678571428572,1.540357142857144,63.4089285714286,0.001115,0.001002,0.004761,14.200000000000015,0
1219,1219,2024-01-04 09:05:49+00:00,2024-01-04 09:05:49+00:00,135.49719999999996,0.1908,51.17239999999999,147.8588,37.04760000000002,39.3544,1.4864,63.713999999999984,0.001106,0.000983,0.004567,14.124799999999972,0
1220,1220,2024-01-04 09:05:50+00:00,2024-01-04 09:05:50+00:00,131.33730769230766,0.1880769230769231,51.13192307692308,142.62692307692308,37.07076923076924,39.33269230769231,1.4280769230769237,64.08384615384615,0.001109,0.000978,0.004533,14.061153846153845,0
1221,1221,2024-01-04 09:05:52+00:00,2024-01-04 09:05:52+00:00,120.11074074074077,0.1970370370370371,51.08000000000001,131.02518518518522,37.05222222222222,39.20481481481482,1.3181481481481483,64.11407407407407,0.001122,0.000969,0.004473,14.027777777777793,0
1222,1222,2024-01-04 09:05:53+00:00,2024-01-04 09:05:53+00:00,114.42374999999998,0.1795833333333333,51.07374999999999,125.18375,37.059583333333336,39.14124999999999,1.2725000000000004,64.0375,0.001129,0.000971,0.004384,14.014166666666654,0
1223,1223,2024-01-04 09:05:54+00:00,2024-01-04 09:05:54+00:00,109.3488888888889,0.1781481481481481,50.98481481481482,119.68703703703709,37.06555555555555,39.05777777777776,1.22,64.01592592592594,0.001145,0.000964,0.004295,13.91925925925927,0
1224,1224,2024-01-04 09:05:56+00:00,2024-01-04 09:05:56+00:00,98.91678571428572,0.1803571428571429,50.90535714285718,109.29357142857144,37.09428571428573,38.95428571428571,1.1142857142857143,64.31500000000001,0.001107,0.000969,0.004215,13.811071428571443,0
1225,1225,2024-01-04 09:05:57+00:00,2024-01-04 09:05:57+00:00,94.09666666666668,0.181111111111111,50.80777777777776,103.4948148148148,37.10222222222223,38.86185185185186,1.0640740740740735,64.48814814814813,0.001127,0.000953,0.004132,13.705555555555527,0
1226,1226,2024-01-04 09:05:58+00:00,2024-01-04 09:05:58+00:00,89.02259259259262,0.1885185185185185,50.817407407407394,98.31703703703704,37.122962962962966,38.79777777777778,1.0129629629629633,64.74444444444445,0.001151,0.000971,0.004042,13.694444444444429,0
1227,1227,2024-01-04 09:05:59+00:00,2024-01-04 09:05:59+00:00,84.45103448275859,0.1786206896551724,50.746206896551726,92.66551724137932,37.12241379310345,38.69620689655172,0.9493103448275862,64.59655172413794,0.001057,0.000906,0.00394,13.623793103448278,0
1228,1228,2024-01-04 09:06:01+00:00,2024-01-04 09:06:01+00:00,74.23925925925926,0.1722222222222222,50.69259259259261,82.68666666666667,37.14148148148148,38.62814814814815,0.8448148148148148,65.04000000000002,0.001,0.00089,0.003722,13.551111111111126,0
1229,1229,2024-01-04 09:06:02+00:00,2024-01-04 09:06:02+00:00,70.8423076923077,0.1873076923076923,50.61807692307689,78.5823076923077,37.14923076923076,38.53038461538462,0.783076923076923,65.23538461538462,0.000992,0.000902,0.003593,13.46884615384613,0
1230,1230,2024-01-04 09:06:03+00:00,2024-01-04 09:06:03+00:00,65.8457142857143,0.1660714285714285,50.56071428571427,72.75642857142856,37.14214285714285,38.48535714285714,0.7371428571428574,65.06142857142858,0.001,0.000862,0.00357,13.418571428571418,0
1231,1231,2024-01-04 09:06:05+00:00,2024-01-04 09:06:05+00:00,56.73428571428571,0.1814285714285714,50.47107142857143,64.47357142857142,37.13749999999999,38.36,0.6335714285714286,65.50249999999998,0.000918,0.000852,0.00337,13.33357142857144,0
1232,1232,2024-01-04 09:06:06+00:00,2024-01-04 09:06:06+00:00,53.230384615384615,0.155,50.39307692307689,60.33230769230772,37.15115384615383,38.29307692307692,0.4888461538461539,65.16961538461538,0.000916,0.000823,0.003305,13.241923076923058,0
1233,1233,2024-01-04 09:06:07+00:00,2024-01-04 09:06:07+00:00,48.39999999999999,0.1668,50.31079999999999,55.9436,37.14879999999998,38.26519999999999,-0.0532,65.37360000000001,0.000923,0.000787,0.003169,13.162000000000011,0
1234,1234,2024-01-04 09:06:09+00:00,2024-01-04 09:06:09+00:00,42.16785714285713,0.1592857142857142,50.22964285714288,48.67642857142858,37.17214285714287,38.13142857142856,-0.0642857142857143,65.5432142857143,0.000941,0.000782,0.003074,13.057500000000012,0
1235,1235,2024-01-04 09:06:10+00:00,2024-01-04 09:06:10+00:00,39.57344827586208,0.1703448275862069,50.1796551724138,45.21655172413794,37.17689655172414,38.0903448275862,-0.0651724137931034,65.86517241379309,0.000844,0.000764,0.002952,13.002758620689654,0
1236,1236,2024-01-04 09:06:11+00:00,2024-01-04 09:06:11+00:00,35.43714285714285,0.175,50.11142857142859,42.34928571428571,37.20750000000002,38.06392857142857,-0.0610714285714286,65.80892857142857,0.000841,0.000746,0.002855,12.903928571428573,0
1237,1237,2024-01-04 09:06:13+00:00,2024-01-04 09:06:13+00:00,30.9644,0.158,50.002800000000015,36.3696,37.234400000000015,37.98199999999999,-0.06,65.73519999999999,0.000895,0.000732,0.002735,12.7684,0
1238,1238,2024-01-04 09:06:14+00:00,2024-01-04 09:06:14+00:00,28.315185185185182,0.1625925925925926,49.90296296296297,33.7337037037037,37.23962962962963,37.9137037037037,-0.0618518518518518,65.7025925925926,0.000816,0.000762,0.002747,12.663333333333334,0
1239,1239,2024-01-04 09:06:15+00:00,2024-01-04 09:06:15+00:00,26.7988888888889,0.16,49.88148148148149,31.50925925925926,37.22703703703705,37.94888888888889,-0.0625925925925926,66.06148148148145,0.000815,0.000801,0.002625,12.654444444444437,0
1240,1240,2024-01-04 09:06:16+00:00,2024-01-04 09:06:16+00:00,24.248518518518523,0.1644444444444445,49.76851851851852,29.73925925925924,37.2537037037037,37.84,-0.06,66.14296296296294,0.0009,0.000847,0.002581,12.51481481481482,0
1241,1241,2024-01-04 09:06:18+00:00,2024-01-04 09:06:18+00:00,21.684615384615377,0.1661538461538461,49.70038461538464,26.753076923076915,37.24846153846154,37.84346153846155,-0.0653846153846154,66.09615384615384,0.000806,0.000834,0.002555,12.451923076923094,0
1242,1242,2024-01-04 09:06:19+00:00,2024-01-04 09:06:19+00:00,21.11576923076923,0.1546153846153846,49.66000000000001,25.76384615384615,37.24846153846154,37.83615384615386,-0.0623076923076923,66.17730769230772,0.000794,0.000791,0.0025,12.41153846153847,0
1243,1243,2024-01-04 09:06:20+00:00,2024-01-04 09:06:20+00:00,19.87413793103448,0.153448275862069,49.58586206896551,25.163448275862063,37.27275862068964,37.81206896551724,-0.0651724137931034,66.01241379310346,0.00083,0.000839,0.00256,12.313103448275877,0
1244,1244,2024-01-04 09:06:22+00:00,2024-01-04 09:06:22+00:00,19.59464285714285,0.1592857142857143,49.53892857142857,24.36500000000001,37.309642857142855,37.80750000000002,-0.0614285714285714,65.95714285714284,0.000801,0.000807,0.002532,12.229285714285716,0
1245,1245,2024-01-04 09:06:23+00:00,2024-01-04 09:06:23+00:00,20.03214285714285,0.1675,49.45285714285716,24.415714285714294,37.3092857142857,37.77785714285715,-0.0639285714285714,66.0875,0.000796,0.000799,0.002478,12.143571428571455,0
1246,1246,2024-01-04 09:06:24+00:00,2024-01-04 09:06:24+00:00,20.03,0.1557692307692307,49.45615384615385,24.279615384615383,37.32423076923079,37.8,-0.0676923076923077,66.17769230769233,0.00079,0.000831,0.002491,12.131923076923066,0
1247,1247,2024-01-04 09:06:26+00:00,2024-01-04 09:06:26+00:00,22.19461538461537,0.1688461538461538,49.3973076923077,27.022692307692317,37.34000000000002,37.81038461538461,-0.0688461538461538,66.0103846153846,0.000762,0.000797,0.002555,12.05730769230768,0
1248,1248,2024-01-04 09:06:27+00:00,2024-01-04 09:06:27+00:00,22.675999999999995,0.1653333333333333,49.37666666666664,27.598,37.36299999999999,37.79966666666668,-0.0666666666666667,66.18099999999998,0.000749,0.000803,0.00254,12.013666666666651,0
1249,1249,2024-01-04 09:06:28+00:00,2024-01-04 09:06:28+00:00,24.542222222222215,0.1625925925925926,49.3674074074074,29.334814814814823,37.36370370370371,37.86629629629629,-0.06,65.93925925925926,0.000777,0.000822,0.002659,12.003703703703684,0
1250,1250,2024-01-04 09:06:30+00:00,2024-01-04 09:06:30+00:00,27.01793103448276,0.1572413793103448,49.38344827586208,32.22793103448276,37.36724137931035,37.86689655172414,-0.06,65.76482758620689,0.000858,0.000721,0.002698,12.01620689655173,0
1251,1251,2024-01-04 09:06:31+00:00,2024-01-04 09:06:31+00:00,29.888518518518524,0.1562962962962963,49.33222222222219,35.044444444444444,37.37481481481481,37.902962962962974,-0.06,65.76333333333335,0.000828,0.000797,0.002669,11.95740740740738,0
1252,1252,2024-01-04 09:06:32+00:00,2024-01-04 09:06:32+00:00,32.91538461538462,0.1646153846153846,49.35961538461539,38.04923076923076,37.40230769230767,37.94307692307693,-0.06,65.52730769230769,0.000839,0.000792,0.002783,11.957307692307715,0
1253,1253,2024-01-04 09:06:34+00:00,2024-01-04 09:06:34+00:00,38.25392857142857,0.1707142857142857,49.35285714285713,44.20714285714286,37.42714285714284,38.0367857142857,-0.0607142857142857,65.50571428571429,0.000867,0.000792,0.002804,11.925714285714292,0
1254,1254,2024-01-04 09:06:35+00:00,2024-01-04 09:06:35+00:00,41.5075,0.1682142857142858,49.35714285714288,47.65250000000002,37.42499999999999,38.07535714285715,-0.0607142857142857,65.71464285714283,0.000897,0.000807,0.002908,11.932142857142892,0
1255,1255,2024-01-04 09:06:36+00:00,2024-01-04 09:06:36+00:00,45.09035714285714,0.1696428571428571,49.36107142857144,50.94250000000002,37.42392857142856,38.115357142857135,-0.06,65.46821428571428,0.000932,0.000838,0.003001,11.93714285714288,0
1256,1256,2024-01-04 09:06:37+00:00,2024-01-04 09:06:37+00:00,48.19074074074075,0.1562962962962963,49.36740740740739,54.47629629629632,37.42777777777778,38.16851851851851,-0.06,65.16407407407411,0.000907,0.000823,0.003121,11.939629629629607,0
1257,1257,2024-01-04 09:06:39+00:00,2024-01-04 09:06:39+00:00,55.48666666666665,0.1718518518518518,49.32814814814815,62.166666666666686,37.4311111111111,38.192962962962966,0.3548148148148148,65.1437037037037,0.000956,0.00095,0.003256,11.897037037037045,0
1258,1258,2024-01-04 09:06:40+00:00,2024-01-04 09:06:40+00:00,60.268999999999984,0.1693333333333333,49.34799999999999,66.54033333333332,37.45533333333334,38.319,0.6189999999999999,65.12733333333333,0.00105,0.000905,0.00338,11.89266666666665,0
1259,1259,2024-01-04 09:06:41+00:00,2024-01-04 09:06:41+00:00,64.7876,0.1791999999999999,49.33839999999999,71.75719999999998,37.462800000000016,38.35720000000001,0.6819999999999997,64.93919999999997,0.000974,0.000864,0.003456,11.875599999999976,0
1260,1260,2024-01-04 09:06:43+00:00,2024-01-04 09:06:43+00:00,73.07870967741933,0.1774193548387097,49.33387096774192,80.84741935483868,37.47870967741937,38.50677419354839,0.7758064516129031,64.8609677419355,0.00111,0.000902,0.003692,11.855161290322547,0
1261,1261,2024-01-04 09:06:44+00:00,2024-01-04 09:06:44+00:00,78.62730769230768,0.1684615384615384,49.30153846153845,85.94692307692308,37.47961538461539,38.548461538461545,0.8376923076923076,64.55307692307693,0.001073,0.000909,0.003846,11.821923076923056,0
1262,1262,2024-01-04 09:06:45+00:00,2024-01-04 09:06:45+00:00,82.11166666666664,0.1699999999999999,49.350333333333325,90.71866666666666,37.48533333333334,38.644,0.8813333333333329,64.83766666666669,0.001066,0.000933,0.003877,11.864999999999988,0
1263,1263,2024-01-04 09:06:47+00:00,2024-01-04 09:06:47+00:00,93.57888888888886,0.1666666666666666,49.355555555555554,101.65518518518516,37.51,38.801481481481474,0.9992592592592594,64.31407407407409,0.001115,0.000945,0.003982,11.845555555555556,0
1264,1264,2024-01-04 09:06:48+00:00,2024-01-04 09:06:48+00:00,98.56999999999996,0.1796296296296297,49.37481481481481,106.80518518518514,37.51888888888888,38.87740740740741,1.0477777777777777,64.52777777777779,0.001118,0.000967,0.00411,11.855925925925938,0
1265,1265,2024-01-04 09:06:49+00:00,2024-01-04 09:06:49+00:00,103.0468,0.1895999999999999,49.421200000000006,111.53,37.5104,38.9392,1.0992000000000004,64.34559999999999,0.001163,0.000965,0.004251,11.910800000000007,0
1266,1266,2024-01-04 09:06:51+00:00,2024-01-04 09:06:51+00:00,113.77000000000002,0.1876666666666666,49.43433333333335,123.17133333333332,37.511666666666656,39.09400000000001,1.193333333333333,64.17866666666667,0.001149,0.001024,0.004339,11.922666666666691,0
1267,1267,2024-01-04 09:06:52+00:00,2024-01-04 09:06:52+00:00,118.7968,0.1848,49.4528,128.5816000000001,37.52999999999998,39.134,1.2508000000000006,63.7088,0.001153,0.000999,0.004428,11.922800000000024,0
1268,1268,2024-01-04 09:06:53+00:00,2024-01-04 09:06:53+00:00,123.76535714285708,0.1978571428571428,49.45857142857143,134.1557142857143,37.52821428571429,39.27464285714286,1.2971428571428574,63.78535714285714,0.00117,0.001024,0.004515,11.93035714285714,0
1269,1269,2024-01-04 09:06:54+00:00,2024-01-04 09:06:54+00:00,129.2907142857143,0.185,49.4407142857143,138.72928571428568,37.55107142857143,39.31571428571429,1.347857142857143,63.508571428571415,0.001236,0.001018,0.004663,11.889642857142874,0
1270,1270,2024-01-04 09:06:56+00:00,2024-01-04 09:06:56+00:00,138.80250000000004,0.1839285714285713,49.4975,150.82107142857149,37.55357142857141,39.464642857142856,1.4657142857142849,63.55142857142857,0.001218,0.001041,0.004668,11.943928571428586,0
1271,1271,2024-01-04 09:06:57+00:00,2024-01-04 09:06:57+00:00,144.6615384615385,0.2030769230769231,49.533846153846135,156.5203846153846,37.56230769230769,39.51999999999999,1.5223076923076926,63.32538461538463,0.001173,0.001037,0.0048,11.971538461538444,0
1272,1272,2024-01-04 09:06:58+00:00,2024-01-04 09:06:58+00:00,149.63074074074075,0.1925925925925926,49.58999999999998,160.6496296296296,37.5485185185185,39.63296296296297,1.5807407407407408,63.02703703703703,0.00124,0.001055,0.005082,12.041481481481483,0
1273,1273,2024-01-04 09:07:00+00:00,2024-01-04 09:07:00+00:00,159.5922222222222,0.1944444444444444,49.67814814814815,170.87629629629632,37.573703703703714,39.82370370370371,1.71037037037037,62.76851851851856,0.001234,0.001062,0.005178,12.10444444444444,0
1274,1274,2024-01-04 09:07:01+00:00,2024-01-04 09:07:01+00:00,163.65148148148148,0.1985185185185185,49.71925925925925,176.13555555555556,37.58037037037039,39.88296296296297,1.7737037037037036,62.87,0.001287,0.001082,0.005458,12.138888888888864,0
1275,1275,2024-01-04 09:07:02+00:00,2024-01-04 09:07:02+00:00,168.96814814814817,0.204074074074074,49.73333333333331,181.03925925925927,37.60185185185186,39.963703703703686,1.83,63.00074074074073,0.001283,0.001082,0.005567,12.131481481481451,0
1276,1276,2024-01-04 09:07:04+00:00,2024-01-04 09:07:04+00:00,177.2953571428571,0.1971428571428572,49.83642857142858,190.5157142857143,37.614285714285714,40.135,1.9585714285714289,62.65,0.001377,0.001088,0.005758,12.222142857142863,0
1277,1277,2024-01-04 09:07:05+00:00,2024-01-04 09:07:05+00:00,180.8048148148149,0.2077777777777778,49.905555555555566,194.89555555555555,37.6237037037037,40.191851851851865,2.01962962962963,62.68370370370371,0.001381,0.001089,0.005945,12.281851851851862,0
1278,1278,2024-01-04 09:07:06+00:00,2024-01-04 09:07:06+00:00,186.2937931034482,0.2031034482758621,49.92655172413793,199.37,37.65206896551723,40.293448275862055,2.0793103448275865,62.36999999999999,0.001435,0.001126,0.006071,12.2744827586207,0
1279,1279,2024-01-04 09:07:08+00:00,2024-01-04 09:07:08+00:00,192.89000000000004,0.2053571428571429,50.07464285714288,206.68285714285707,37.66714285714284,40.40714285714287,2.1875000000000004,62.23892857142857,0.001305,0.001089,0.005888,12.407500000000049,0
1280,1280,2024-01-04 09:07:09+00:00,2024-01-04 09:07:09+00:00,195.7753571428572,0.2039285714285714,50.14535714285715,210.0878571428571,37.66321428571428,40.44142857142858,2.243928571428573,61.93749999999998,0.001279,0.001082,0.005867,12.482142857142875,0
1281,1281,2024-01-04 09:07:10+00:00,2024-01-04 09:07:10+00:00,199.56785714285715,0.2203571428571429,50.21321428571429,214.26857142857148,37.674999999999976,40.503214285714265,2.293928571428571,61.96892857142857,0.001269,0.00109,0.005952,12.53821428571431,0
1282,1282,2024-01-04 09:07:12+00:00,2024-01-04 09:07:12+00:00,205.24692307692305,0.2253846153846153,50.34730769230767,219.76923076923077,37.66461538461536,40.6326923076923,2.3880769230769223,61.88653846153848,0.001296,0.001107,0.006047,12.682692307692314,0
1283,1283,2024-01-04 09:07:13+00:00,2024-01-04 09:07:13+00:00,208.08285714285708,0.2203571428571428,50.33321428571429,222.6642857142857,37.68821428571429,40.666428571428575,2.43,61.93892857142856,0.00131,0.00112,0.006104,12.645000000000003,0
1284,1284,2024-01-04 09:07:14+00:00,2024-01-04 09:07:14+00:00,209.4907692307692,0.2188461538461538,50.46923076923077,225.03576923076923,37.71038461538463,40.76846153846154,2.4684615384615376,61.70884615384615,0.001349,0.001152,0.006209,12.758846153846145,0
1285,1285,2024-01-04 09:07:15+00:00,2024-01-04 09:07:15+00:00,211.52517241379317,0.2203448275862069,50.56586206896554,227.32275862068963,37.70965517241381,40.808965517241376,2.5089655172413785,61.908620689655166,0.001348,0.001141,0.006308,12.856206896551726,0
1286,1286,2024-01-04 09:07:17+00:00,2024-01-04 09:07:17+00:00,215.602,0.2292,50.70599999999999,231.3884,37.724800000000016,40.912400000000005,2.589200000000001,61.97759999999998,0.001347,0.001136,0.006294,12.981199999999973,0
1287,1287,2024-01-04 09:07:18+00:00,2024-01-04 09:07:18+00:00,215.9307692307692,0.2323076923076923,50.80153846153848,232.43307692307684,37.7423076923077,40.95730769230769,2.606538461538461,61.79884615384616,0.001371,0.00114,0.00645,13.05923076923078,0
1288,1288,2024-01-04 09:07:19+00:00,2024-01-04 09:07:19+00:00,218.1707692307692,0.2176923076923078,50.876153846153855,233.7530769230769,37.73615384615386,40.98384615384615,2.636923076923077,61.61923076923077,0.00139,0.001134,0.006514,13.139999999999992,0
1289,1289,2024-01-04 09:07:21+00:00,2024-01-04 09:07:21+00:00,219.8062068965517,0.2186206896551724,51.05448275862069,235.4548275862068,37.76068965517241,41.0586206896552,2.679655172413794,61.41482758620687,0.001367,0.001131,0.006517,13.29379310344828,0
1290,1290,2024-01-04 09:07:22+00:00,2024-01-04 09:07:22+00:00,219.7593103448276,0.2224137931034483,51.11793103448275,235.26172413793097,37.78931034482756,41.10103448275861,2.682758620689656,61.56241379310345,0.001395,0.001138,0.00652,13.328620689655196,0
1291,1291,2024-01-04 09:07:23+00:00,2024-01-04 09:07:23+00:00,219.2248148148149,0.217037037037037,51.21629629629631,235.35851851851857,37.77555555555554,41.11074074074074,2.690740740740741,61.68814814814815,0.001406,0.001147,0.006538,13.440740740740772,0
1292,1292,2024-01-04 09:07:25+00:00,2024-01-04 09:07:25+00:00,218.45379310344825,0.2051724137931034,51.34965517241381,233.46068965517247,37.78448275862069,41.09586206896553,2.6675862068965523,61.40793103448276,0.001394,0.001151,0.006506,13.565172413793114,0
1293,1293,2024-01-04 09:07:26+00:00,2024-01-04 09:07:26+00:00,217.28999999999996,0.2166666666666667,51.42291666666666,232.5025,37.77791666666666,41.08666666666666,2.655,61.43958333333333,0.00131,0.001132,0.006241,13.644999999999996,0
1294,1294,2024-01-04 09:07:27+00:00,2024-01-04 09:07:27+00:00,217.23846153846145,0.228076923076923,51.51807692307692,231.92038461538465,37.82730769230771,41.10576923076924,2.634615384615385,61.69884615384616,0.001316,0.001129,0.006197,13.690769230769206,0
1295,1295,2024-01-04 09:07:29+00:00,2024-01-04 09:07:29+00:00,212.83464285714285,0.2110714285714286,51.6075,228.31607142857135,37.82250000000001,41.08607142857143,2.589642857142857,61.73321428571428,0.001294,0.001114,0.006165,13.784999999999982,0
1296,1296,2024-01-04 09:07:30+00:00,2024-01-04 09:07:30+00:00,211.1720689655172,0.2224137931034482,51.664137931034496,226.3475862068966,37.81724137931034,41.0951724137931,2.555172413793104,62.08862068965515,0.001287,0.001104,0.006109,13.846896551724155,0
1297,1297,2024-01-04 09:07:31+00:00,2024-01-04 09:07:31+00:00,208.68142857142857,0.2285714285714286,51.75321428571429,224.70678571428567,37.82964285714287,41.097142857142856,2.5253571428571435,61.95964285714288,0.001269,0.001092,0.006043,13.92357142857142,0
1298,1298,2024-01-04 09:07:33+00:00,2024-01-04 09:07:33+00:00,203.86806451612907,0.2293548387096776,51.83838709677417,219.22032258064507,37.85387096774193,40.98709677419356,2.4341935483870967,61.91903225806452,0.001272,0.0011,0.005966,13.984516129032237,0
1299,1299,2024-01-04 09:07:34+00:00,2024-01-04 09:07:34+00:00,200.55851851851855,0.2225925925925925,51.84962962962964,216.0981481481481,37.86888888888889,41.00407407407408,2.38074074074074,62.02037037037034,0.001263,0.001123,0.00589,13.98074074074075,0
1300,1300,2024-01-04 09:07:35+00:00,2024-01-04 09:07:35+00:00,198.6530000000001,0.2243333333333333,51.89766666666666,213.27766666666676,37.87500000000001,40.96266666666668,2.3463333333333343,62.17300000000001,0.001247,0.001122,0.005817,14.022666666666652,0
1301,1301,2024-01-04 09:07:36+00:00,2024-01-04 09:07:36+00:00,194.948,0.2146666666666667,51.94466666666667,209.201,37.88700000000001,40.93766666666667,2.282666666666667,62.39066666666667,0.00123,0.00112,0.005725,14.057666666666664,0
1302,1302,2024-01-04 09:07:38+00:00,2024-01-04 09:07:38+00:00,187.2548275862069,0.2082758620689655,51.94275862068965,201.43827586206905,37.90310344827586,40.87724137931035,2.159655172413793,62.32758620689658,0.001277,0.00111,0.005626,14.039655172413797,0
1303,1303,2024-01-04 09:07:39+00:00,2024-01-04 09:07:39+00:00,182.60769230769228,0.2123076923076923,52.01384615384614,197.77615384615385,37.90346153846152,40.87884615384615,2.0980769230769227,62.717307692307706,0.001218,0.001103,0.005544,14.110384615384625,0
1304,1304,2024-01-04 09:07:40+00:00,2024-01-04 09:07:40+00:00,179.96000000000004,0.208076923076923,51.98269230769232,194.04307692307688,37.899999999999984,40.777307692307694,2.052307692307692,62.84615384615386,0.001207,0.00109,0.00548,14.082692307692334,0
1305,1305,2024-01-04 09:07:42+00:00,2024-01-04 09:07:42+00:00,170.94566666666665,0.199,51.99300000000001,184.02399999999997,37.92766666666667,40.71466666666667,1.9493333333333327,63.10800000000002,0.001193,0.001067,0.005334,14.065333333333342,0
1306,1306,2024-01-04 09:07:43+00:00,2024-01-04 09:07:43+00:00,165.91321428571433,0.2010714285714286,52.04321428571426,178.94678571428565,37.92964285714284,40.67357142857144,1.8824999999999992,62.71607142857143,0.001167,0.001061,0.005154,14.113571428571426,0
1307,1307,2024-01-04 09:07:44+00:00,2024-01-04 09:07:44+00:00,160.79346153846151,0.2069230769230768,51.99076923076922,174.35538461538457,37.94576923076924,40.57653846153847,1.8238461538461528,63.20653846153846,0.001161,0.001042,0.005079,14.044999999999987,0
1308,1308,2024-01-04 09:07:46+00:00,2024-01-04 09:07:46+00:00,151.8088888888889,0.1977777777777777,51.984814814814825,164.67259259259257,37.94777777777777,40.49,1.7051851851851854,63.37629629629627,0.001093,0.001039,0.004832,14.037037037037052,0
1309,1309,2024-01-04 09:07:47+00:00,2024-01-04 09:07:47+00:00,145.87187500000002,0.1950000000000001,51.95031250000002,159.0221875,37.94656250000001,40.39250000000001,1.6324999999999994,63.23562500000003,0.001206,0.001025,0.004744,14.003750000000004,0
1310,1310,2024-01-04 09:07:48+00:00,2024-01-04 09:07:48+00:00,141.42642857142854,0.1889285714285714,51.92142857142854,153.78714285714287,37.95178571428573,40.320714285714295,1.585357142857143,63.59285714285715,0.00105,0.001029,0.004512,13.969642857142809,0
1311,1311,2024-01-04 09:07:50+00:00,2024-01-04 09:07:50+00:00,131.75966666666667,0.1876666666666667,51.86366666666667,143.43566666666666,38.001666666666665,40.19500000000001,1.461333333333333,63.769000000000005,0.001019,0.001011,0.004333,13.862000000000002,0
1312,1312,2024-01-04 09:07:51+00:00,2024-01-04 09:07:51+00:00,126.14428571428572,0.1803571428571429,51.85428571428572,136.5814285714286,37.988214285714285,40.205714285714286,1.4035714285714287,63.66392857142855,0.001043,0.001048,0.004355,13.86607142857143,0
1313,1313,2024-01-04 09:07:52+00:00,2024-01-04 09:07:52+00:00,120.56222222222225,0.1837037037037037,51.85074074074071,131.35296296296298,38.0,40.12333333333333,1.3507407407407408,63.86740740740742,0.001078,0.001018,0.004337,13.850740740740711,0
1314,1314,2024-01-04 09:07:53+00:00,2024-01-04 09:07:53+00:00,115.82464285714286,0.1889285714285714,51.75785714285716,126.29392857142857,38.00571428571429,40.03035714285714,1.2978571428571428,64.17535714285712,0.001095,0.001005,0.004267,13.752142857142871,0
1315,1315,2024-01-04 09:07:55+00:00,2024-01-04 09:07:55+00:00,104.69633333333336,0.1836666666666667,51.69100000000002,115.23366666666666,38.01466666666666,39.903666666666666,1.1980000000000002,64.14133333333334,0.001073,0.000994,0.004196,13.676333333333352,0
1316,1316,2024-01-04 09:07:56+00:00,2024-01-04 09:07:56+00:00,100.26296296296296,0.1814814814814815,51.62037037037039,110.01111111111112,38.00703703703704,39.83185185185184,1.1466666666666667,64.35037037037036,0.001075,0.000979,0.004117,13.613333333333353,0
1317,1317,2024-01-04 09:07:57+00:00,2024-01-04 09:07:57+00:00,94.09785714285712,0.1785714285714286,51.59071428571426,104.3764285714286,38.015714285714274,39.738214285714285,1.0949999999999995,64.49142857142856,0.001058,0.000947,0.004006,13.574999999999989,0
1318,1318,2024-01-04 09:07:59+00:00,2024-01-04 09:07:59+00:00,85.07785714285716,0.1753571428571428,51.47178571428573,94.12071428571429,38.01678571428572,39.6157142857143,0.9846428571428568,64.50964285714285,0.001013,0.000977,0.003816,13.455000000000013,0
1319,1319,2024-01-04 09:08:00+00:00,2024-01-04 09:08:00+00:00,79.1004,0.1712,51.4092,88.0064,38.0116,39.5628,0.9223999999999998,64.7036,0.001001,0.000926,0.003632,13.397600000000004,0
1320,1320,2024-01-04 09:08:01+00:00,2024-01-04 09:08:01+00:00,75.67666666666665,0.1722222222222222,51.32888888888887,83.80148148148147,38.02666666666666,39.47888888888888,0.8722222222222226,64.76407407407406,0.000957,0.00087,0.003557,13.302222222222213,0
1321,1321,2024-01-04 09:08:03+00:00,2024-01-04 09:08:03+00:00,66.47520000000003,0.156,51.2776,73.61359999999999,38.04079999999999,39.3764,0.7520000000000002,64.9248,0.000997,0.000883,0.003478,13.23680000000001,0
1322,1322,2024-01-04 09:08:04+00:00,2024-01-04 09:08:04+00:00,61.34423076923077,0.1707692307692307,51.19346153846155,69.4023076923077,38.07269230769232,39.29807692307691,0.6965384615384613,65.34807692307692,0.000883,0.000823,0.003275,13.120769230769234,0
1323,1323,2024-01-04 09:08:05+00:00,2024-01-04 09:08:05+00:00,57.70076923076924,0.1588461538461538,51.13692307692307,64.55692307692306,38.07115384615386,39.21230769230769,0.6534615384615386,65.36692307692306,0.000937,0.000866,0.003231,13.065769230769206,0
1324,1324,2024-01-04 09:08:07+00:00,2024-01-04 09:08:07+00:00,49.74037037037037,0.1811111111111112,51.0611111111111,56.7988888888889,38.067407407407416,39.111851851851846,-0.0229629629629629,65.47555555555556,0.000879,0.000803,0.003059,12.993703703703687,0
1325,1325,2024-01-04 09:08:08+00:00,2024-01-04 09:08:08+00:00,46.2255172413793,0.1555172413793103,51.00758620689657,52.30103448275864,38.07034482758621,39.04827586206896,-0.0672413793103448,65.33931034482758,0.00092,0.000811,0.003017,12.937241379310365,0
1326,1326,2024-01-04 09:08:09+00:00,2024-01-04 09:08:09+00:00,42.446,0.1588,50.93440000000003,48.412000000000006,38.08200000000002,39.0328,-0.0676,65.394,0.000838,0.000761,0.002886,12.85240000000001,0
1327,1327,2024-01-04 09:08:11+00:00,2024-01-04 09:08:11+00:00,37.01499999999999,0.1492307692307692,50.81076923076922,42.195,38.13461538461538,38.995000000000005,-0.07,65.72461538461539,0.000811,0.000768,0.002747,12.676153846153838,0
1328,1328,2024-01-04 09:08:12+00:00,2024-01-04 09:08:12+00:00,33.525,0.1576923076923077,50.70961538461539,39.5226923076923,38.15576923076922,38.92153846153847,-0.0692307692307692,65.65384615384616,0.000805,0.000757,0.002672,12.553846153846166,0
1329,1329,2024-01-04 09:08:13+00:00,2024-01-04 09:08:13+00:00,31.79071428571429,0.1646428571428572,50.65000000000001,36.98285714285715,38.155357142857135,38.89571428571429,-0.07,65.7775,0.000752,0.00076,0.002586,12.494642857142878,0
1330,1330,2024-01-04 09:08:14+00:00,2024-01-04 09:08:14+00:00,28.17678571428572,0.1624999999999999,50.65357142857143,33.79428571428572,38.1725,38.82321428571429,-0.0692857142857143,65.70392857142859,0.000822,0.00079,0.002493,12.481071428571424,0
1331,1331,2024-01-04 09:08:16+00:00,2024-01-04 09:08:16+00:00,25.095357142857143,0.1525,50.48214285714288,30.343928571428563,38.19178571428571,38.730714285714285,-0.07,65.99249999999999,0.000714,0.000745,0.002495,12.290357142857175,0
1332,1332,2024-01-04 09:08:17+00:00,2024-01-04 09:08:17+00:00,23.236153846153847,0.1619230769230769,50.46653846153848,28.08538461538461,38.19153846153848,38.813461538461546,-0.07,65.93653846153846,0.000719,0.00071,0.002445,12.275000000000006,0
1333,1333,2024-01-04 09:08:18+00:00,2024-01-04 09:08:18+00:00,21.834838709677413,0.1619354838709678,50.41161290322578,27.009677419354837,38.203225806451634,38.7658064516129,-0.07,65.91064516129032,0.000859,0.000739,0.002376,12.208387096774146,0
1334,1334,2024-01-04 09:08:20+00:00,2024-01-04 09:08:20+00:00,19.85185185185185,0.1559259259259259,50.33074074074073,24.809259259259253,38.21962962962965,38.69037037037037,-0.07,66.0851851851852,0.000734,0.000801,0.002376,12.11111111111108,0
1335,1335,2024-01-04 09:08:21+00:00,2024-01-04 09:08:21+00:00,19.643214285714283,0.1578571428571428,50.273214285714296,24.365,38.21392857142858,38.67321428571429,-0.07,66.28857142857144,0.000726,0.000802,0.002398,12.059285714285714,0
1336,1336,2024-01-04 09:08:22+00:00,2024-01-04 09:08:22+00:00,19.386896551724128,0.146551724137931,50.23517241379312,24.303793103448275,38.221724137931055,38.674827586206895,-0.07,66.03137931034485,0.00073,0.000783,0.002313,12.01344827586206,0
1337,1337,2024-01-04 09:08:24+00:00,2024-01-04 09:08:24+00:00,19.459999999999997,0.1444444444444445,50.154814814814806,23.812592592592587,38.22222222222223,38.63333333333334,-0.07,66.16111111111111,0.000846,0.000811,0.002325,11.932592592592576,0
1338,1338,2024-01-04 09:08:25+00:00,2024-01-04 09:08:25+00:00,20.74703703703704,0.1592592592592592,50.12592592592592,26.043703703703688,38.24037037037037,38.64518518518518,-0.07,66.10370370370372,0.00075,0.000828,0.002348,11.885555555555548,0
1339,1339,2024-01-04 09:08:26+00:00,2024-01-04 09:08:26+00:00,22.02466666666667,0.156,50.11066666666665,26.24633333333333,38.258333333333326,38.68933333333332,-0.07,65.87033333333335,0.000808,0.000773,0.002357,11.852333333333329,0
1340,1340,2024-01-04 09:08:28+00:00,2024-01-04 09:08:28+00:00,23.54481481481482,0.1577777777777778,50.02111111111112,28.82851851851852,38.29296296296295,38.71814814814815,-0.07,65.85296296296299,0.000755,0.000764,0.002456,11.728148148148172,0
1341,1341,2024-01-04 09:08:29+00:00,2024-01-04 09:08:29+00:00,25.51076923076923,0.1538461538461538,50.01192307692308,30.603076923076927,38.28615384615384,38.74692307692308,-0.07,65.75500000000001,0.000751,0.000721,0.002507,11.725769230769238,0
1342,1342,2024-01-04 09:08:30+00:00,2024-01-04 09:08:30+00:00,28.037666666666667,0.164,50.01533333333331,32.701333333333345,38.307333333333325,38.77099999999999,-0.0686666666666667,65.862,0.000758,0.000737,0.002522,11.707999999999984,0
1343,1343,2024-01-04 09:08:31+00:00,2024-01-04 09:08:31+00:00,29.630800000000004,0.1687999999999999,50.02,35.3192,38.31239999999999,38.802,-0.0616,65.8912,0.000774,0.000741,0.002601,11.707600000000014,0
1344,1344,2024-01-04 09:08:33+00:00,2024-01-04 09:08:33+00:00,34.676538461538456,0.1734615384615384,49.999615384615375,40.11807692307694,38.35846153846155,38.85,-0.07,65.63846153846156,0.000944,0.00072,0.002598,11.641153846153829,0
1345,1345,2024-01-04 09:08:34+00:00,2024-01-04 09:08:34+00:00,37.14555555555556,0.1559259259259259,50.01962962962962,43.15666666666666,38.36777777777779,38.92185185185185,-0.07,65.40814814814813,0.00086,0.000755,0.002722,11.65185185185183,0
1346,1346,2024-01-04 09:08:35+00:00,2024-01-04 09:08:35+00:00,40.91103448275862,0.1579310344827586,50.02172413793102,46.079655172413794,38.36310344827586,38.9148275862069,-0.07,65.49310344827587,0.000807,0.000763,0.002733,11.65862068965516,0
1347,1347,2024-01-04 09:08:37+00:00,2024-01-04 09:08:37+00:00,48.24379310344828,0.1548275862068965,50.05103448275864,53.56448275862071,38.35827586206897,39.06241379310344,-0.0696551724137931,65.3555172413793,0.000902,0.000859,0.002928,11.692758620689666,0
1348,1348,2024-01-04 09:08:38+00:00,2024-01-04 09:08:38+00:00,51.530344827586205,0.1744827586206896,50.01965517241379,57.57275862068966,38.37172413793104,39.09172413793103,-0.0489655172413793,65.22206896551725,0.000925,0.00084,0.002988,11.647931034482752,0
1349,1349,2024-01-04 09:08:39+00:00,2024-01-04 09:08:39+00:00,55.46370370370372,0.1662962962962963,50.04037037037037,61.24814814814813,38.37777777777777,39.157407407407405,0.5033333333333333,65.13074074074072,0.000902,0.000841,0.003115,11.662592592592596,0
1350,1350,2024-01-04 09:08:41+00:00,2024-01-04 09:08:41+00:00,63.36689655172414,0.1758620689655173,50.0206896551724,70.45551724137933,38.39310344827586,39.23034482758621,0.6803448275862067,65.05586206896552,0.001042,0.000884,0.003313,11.627586206896538,0
1351,1351,2024-01-04 09:08:42+00:00,2024-01-04 09:08:42+00:00,68.6007142857143,0.1817857142857142,50.04821428571427,75.52249999999997,38.3975,39.29964285714284,0.7378571428571432,64.81250000000003,0.000992,0.000912,0.003375,11.65071428571428,0
1352,1352,2024-01-04 09:08:43+00:00,2024-01-04 09:08:43+00:00,72.67678571428573,0.1685714285714286,50.016785714285696,80.32535714285714,38.4092857142857,39.41285714285714,0.7907142857142855,64.70892857142859,0.000993,0.000885,0.003491,11.607499999999996,0
1353,1353,2024-01-04 09:08:45+00:00,2024-01-04 09:08:45+00:00,83.53714285714284,0.1782142857142857,50.06500000000002,89.96607142857145,38.42535714285714,39.54535714285715,0.8971428571428571,64.56321428571428,0.001091,0.00091,0.003668,11.63964285714288,0
1354,1354,2024-01-04 09:08:46+00:00,2024-01-04 09:08:46+00:00,86.64275862068963,0.1796551724137931,50.05517241379309,94.55,38.42620689655172,39.61586206896551,0.9475862068965512,64.72344827586208,0.001067,0.000903,0.003794,11.628965517241369,0
1355,1355,2024-01-04 09:08:47+00:00,2024-01-04 09:08:47+00:00,92.35300000000004,0.172,50.01099999999998,99.5446666666667,38.43566666666665,39.641000000000005,1.0036666666666667,64.58833333333335,0.001082,0.000959,0.003936,11.575333333333331,0
1356,1356,2024-01-04 09:08:49+00:00,2024-01-04 09:08:49+00:00,101.58653846153852,0.1884615384615385,50.0580769230769,110.37538461538465,38.43923076923079,39.79730769230769,1.1,64.26884615384616,0.001069,0.000977,0.004044,11.618846153846114,0
1357,1357,2024-01-04 09:08:50+00:00,2024-01-04 09:08:50+00:00,107.69821428571426,0.1785714285714285,50.074285714285736,116.50749999999998,38.434642857142855,39.89142857142858,1.161071428571429,63.91678571428572,0.001098,0.000973,0.004144,11.63964285714288,0
1358,1358,2024-01-04 09:08:51+00:00,2024-01-04 09:08:51+00:00,112.23966666666668,0.1756666666666667,50.08766666666666,121.708,38.44600000000001,39.93366666666667,1.2086666666666668,63.90000000000001,0.00107,0.001048,0.004174,11.641666666666644,0
1359,1359,2024-01-04 09:08:52+00:00,2024-01-04 09:08:52+00:00,117.3903846153846,0.1815384615384615,50.0946153846154,127.1703846153846,38.46000000000001,40.04961538461539,1.2546153846153851,64.0746153846154,0.001039,0.001018,0.004185,11.634615384615389,0
1360,1360,2024-01-04 09:08:54+00:00,2024-01-04 09:08:54+00:00,128.11343750000003,0.1921875,50.14062500000004,138.21718749999997,38.45718750000002,40.210625,1.3571875000000002,63.59499999999999,0.001078,0.001016,0.004294,11.683437500000018,0
1361,1361,2024-01-04 09:08:55+00:00,2024-01-04 09:08:55+00:00,134.425,0.1992307692307693,50.1253846153846,143.40000000000003,38.46615384615385,40.24076923076924,1.411538461538462,63.824230769230766,0.001104,0.001032,0.004412,11.659230769230746,0
1362,1362,2024-01-04 09:08:56+00:00,2024-01-04 09:08:56+00:00,139.76535714285717,0.1960714285714286,50.19000000000001,148.3614285714286,38.48250000000001,40.36071428571429,1.465,63.70071428571431,0.001075,0.001016,0.004399,11.707500000000003,0
1363,1363,2024-01-04 09:08:58+00:00,2024-01-04 09:08:58+00:00,148.83068965517242,0.2048275862068967,50.2551724137931,159.62827586206902,38.52275862068964,40.536896551724126,1.587241379310345,63.19206896551724,0.001107,0.001061,0.004607,11.732413793103454,0
1364,1364,2024-01-04 09:08:59+00:00,2024-01-04 09:08:59+00:00,152.01535714285714,0.1946428571428572,50.2967857142857,164.70428571428573,38.52785714285714,40.60750000000001,1.6535714285714282,63.28035714285714,0.001143,0.001051,0.004778,11.768928571428567,0
1365,1365,2024-01-04 09:09:00+00:00,2024-01-04 09:09:00+00:00,157.64961538461537,0.1915384615384616,50.30769230769231,170.18769230769223,38.515384615384605,40.71846153846155,1.73,62.93192307692309,0.001154,0.001058,0.004989,11.792307692307702,0
1366,1366,2024-01-04 09:09:02+00:00,2024-01-04 09:09:02+00:00,168.81142857142854,0.1885714285714286,50.40892857142859,179.2960714285714,38.51321428571429,40.878214285714286,1.849642857142857,62.98250000000001,0.001173,0.001074,0.00511,11.895714285714304,0
1367,1367,2024-01-04 09:09:03+00:00,2024-01-04 09:09:03+00:00,171.74310344827583,0.2106896551724138,50.39137931034482,184.6606896551724,38.52448275862068,40.95172413793102,1.9127586206896552,62.6648275862069,0.001206,0.001098,0.005311,11.86689655172414,0
1368,1368,2024-01-04 09:09:04+00:00,2024-01-04 09:09:04+00:00,177.1075862068966,0.2068965517241379,50.464137931034486,189.06620689655173,38.55,41.00103448275861,1.974137931034482,62.76344827586209,0.001271,0.001124,0.00545,11.914137931034489,0
1369,1369,2024-01-04 09:09:06+00:00,2024-01-04 09:09:06+00:00,185.2286666666667,0.2156666666666668,50.62066666666669,198.31800000000004,38.54166666666665,41.193666666666665,2.105,62.66533333333333,0.001238,0.001128,0.005566,12.079000000000043,0
1370,1370,2024-01-04 09:09:07+00:00,2024-01-04 09:09:07+00:00,189.52653846153856,0.2092307692307692,50.68423076923078,201.97115384615384,38.56076923076924,41.28576923076923,2.1623076923076923,62.50153846153847,0.001239,0.001109,0.005672,12.12346153846154,0
1371,1371,2024-01-04 09:09:08+00:00,2024-01-04 09:09:08+00:00,191.59500000000003,0.2135714285714286,50.65464285714285,205.8403571428572,38.59035714285715,41.32214285714287,2.218214285714286,62.1125,0.001288,0.001121,0.005812,12.064285714285704,0
1372,1372,2024-01-04 09:09:09+00:00,2024-01-04 09:09:09+00:00,195.26576923076925,0.2126923076923077,50.76961538461536,210.5376923076924,38.60000000000001,41.45423076923076,2.283846153846153,62.30884615384613,0.001305,0.001127,0.005912,12.169615384615357,0
1373,1373,2024-01-04 09:09:11+00:00,2024-01-04 09:09:11+00:00,201.97384615384613,0.2003846153846154,50.93653846153846,215.5815384615385,38.640384615384605,41.57961538461538,2.3853846153846145,62.05884615384615,0.001302,0.001145,0.006005,12.296153846153857,0
1374,1374,2024-01-04 09:09:12+00:00,2024-01-04 09:09:12+00:00,204.9538461538462,0.2238461538461537,51.00692307692307,219.6707692307692,38.64846153846153,41.605,2.4357692307692305,62.03115384615384,0.001324,0.001135,0.006118,12.35846153846154,0
1375,1375,2024-01-04 09:09:13+00:00,2024-01-04 09:09:13+00:00,207.37032258064517,0.2125806451612903,51.093548387096746,221.7577419354839,38.64612903225808,41.63709677419356,2.47,62.09096774193548,0.001369,0.001166,0.006188,12.447419354838672,0
1376,1376,2024-01-04 09:09:15+00:00,2024-01-04 09:09:15+00:00,213.05807692307692,0.2057692307692308,51.20807692307694,226.9903846153846,38.64346153846152,41.75384615384615,2.55923076923077,61.48499999999999,0.00139,0.001177,0.00625,12.564615384615417,0
1377,1377,2024-01-04 09:09:16+00:00,2024-01-04 09:09:16+00:00,213.44896551724145,0.2279310344827586,51.29551724137932,229.00827586206887,38.66793103448275,41.81448275862068,2.595517241379311,61.91448275862071,0.001372,0.001172,0.006319,12.627586206896568,0
1378,1378,2024-01-04 09:09:17+00:00,2024-01-04 09:09:17+00:00,214.3027586206896,0.2272413793103449,51.40275862068968,230.7420689655173,38.67413793103447,41.83172413793103,2.624827586206897,61.63379310344829,0.001382,0.001181,0.006391,12.728620689655209,0
1379,1379,2024-01-04 09:09:19+00:00,2024-01-04 09:09:19+00:00,217.9651851851852,0.2192592592592593,51.55555555555556,232.9844444444445,38.7051851851852,41.9088888888889,2.674074074074074,62.0477777777778,0.001388,0.001156,0.00643,12.850370370370364,0
1380,1380,2024-01-04 09:09:20+00:00,2024-01-04 09:09:20+00:00,218.6037037037037,0.2033333333333333,51.64185185185188,233.4411111111111,38.694814814814826,41.95148148148147,2.699629629629629,61.624814814814805,0.001389,0.001172,0.006451,12.947037037037047,0
1381,1381,2024-01-04 09:09:21+00:00,2024-01-04 09:09:21+00:00,219.61266666666668,0.2123333333333333,51.71066666666668,233.7626666666667,38.69866666666669,41.98533333333334,2.7123333333333344,61.79566666666667,0.001334,0.001165,0.006296,13.011999999999986,0
1382,1382,2024-01-04 09:09:23+00:00,2024-01-04 09:09:23+00:00,218.27,0.2173076923076924,51.886153846153846,234.27807692307692,38.71384615384616,41.979615384615386,2.721923076923076,61.56230769230767,0.001318,0.001159,0.006312,13.172307692307683,0
1383,1383,2024-01-04 09:09:24+00:00,2024-01-04 09:09:24+00:00,218.4346428571429,0.2253571428571429,51.96214285714287,234.74071428571432,38.72071428571429,42.03999999999999,2.7210714285714275,61.63035714285713,0.001329,0.001161,0.006308,13.241428571428573,0
1384,1384,2024-01-04 09:09:25+00:00,2024-01-04 09:09:25+00:00,219.00320000000008,0.2232,52.05359999999999,233.9464,38.71520000000001,42.02759999999999,2.7223999999999995,61.573999999999984,0.001348,0.001171,0.006331,13.33839999999998,0
1385,1385,2024-01-04 09:09:27+00:00,2024-01-04 09:09:27+00:00,215.95551724137923,0.2206896551724139,52.18586206896553,232.3941379310345,38.71206896551725,42.01793103448277,2.6948275862068978,61.97931034482758,0.001338,0.001161,0.006284,13.473793103448273,0
1386,1386,2024-01-04 09:09:28+00:00,2024-01-04 09:09:28+00:00,215.2284,0.2124000000000001,52.2404,231.40960000000004,38.718800000000016,42.04119999999999,2.6856,61.29320000000003,0.001334,0.001164,0.006253,13.521599999999978,0
1387,1387,2024-01-04 09:09:29+00:00,2024-01-04 09:09:29+00:00,214.5673333333333,0.2223333333333333,52.37366666666669,228.93133333333344,38.729000000000006,42.02866666666666,2.6413333333333333,62.06566666666667,0.001298,0.00117,0.0062,13.644666666666687,0
1388,1388,2024-01-04 09:09:30+00:00,2024-01-04 09:09:30+00:00,211.56592592592597,0.2085185185185186,52.35111111111112,226.5622222222221,38.73740740740741,42.013703703703705,2.604444444444445,61.52000000000001,0.001287,0.001153,0.006118,13.613703703703711,0
1389,1389,2024-01-04 09:09:32+00:00,2024-01-04 09:09:32+00:00,207.35464285714284,0.2117857142857143,52.4875,221.8078571428571,38.749285714285705,42.02464285714286,2.5325,62.0517857142857,0.001275,0.001142,0.006038,13.7382142857143,0
1390,1390,2024-01-04 09:09:33+00:00,2024-01-04 09:09:33+00:00,204.0166666666667,0.1993333333333333,52.50599999999999,219.1323333333334,38.76899999999999,42.00633333333335,2.487666666666667,61.84633333333334,0.001289,0.001138,0.005976,13.736999999999997,0
1391,1391,2024-01-04 09:09:34+00:00,2024-01-04 09:09:34+00:00,201.93928571428572,0.2042857142857143,52.59464285714285,216.62357142857147,38.79607142857141,41.99107142857144,2.443214285714286,62.02428571428571,0.001272,0.001131,0.005904,13.798571428571442,0
1392,1392,2024-01-04 09:09:36+00:00,2024-01-04 09:09:36+00:00,194.84862068965523,0.2044827586206896,52.65482758620691,209.89103448275856,38.83413793103449,41.94551724137933,2.336206896551725,62.32999999999999,0.001268,0.001132,0.005841,13.820689655172425,0
1393,1393,2024-01-04 09:09:37+00:00,2024-01-04 09:09:37+00:00,191.54533333333328,0.218,52.66366666666668,205.8296666666667,38.831,41.90900000000002,2.274666666666666,62.45733333333333,0.00122,0.001157,0.005692,13.832666666666675,0
1394,1394,2024-01-04 09:09:38+00:00,2024-01-04 09:09:38+00:00,188.97571428571428,0.1978571428571429,52.71392857142859,202.39142857142855,38.86071428571429,41.85035714285714,2.219642857142857,62.36785714285714,0.001223,0.001136,0.005618,13.8532142857143,0
1395,1395,2024-01-04 09:09:40+00:00,2024-01-04 09:09:40+00:00,179.95642857142852,0.1928571428571428,52.75428571428571,193.5525,38.85464285714287,41.749285714285726,2.089285714285714,62.32428571428573,0.001221,0.001131,0.00554,13.899642857142837,0
1396,1396,2024-01-04 09:09:41+00:00,2024-01-04 09:09:41+00:00,175.0442857142857,0.2089285714285714,52.76071428571428,189.86499999999995,38.86035714285715,41.71499999999999,2.0610714285714287,62.88428571428572,0.001171,0.001135,0.005396,13.900357142857132,0
1397,1397,2024-01-04 09:09:42+00:00,2024-01-04 09:09:42+00:00,171.8544444444445,0.2070370370370371,52.741481481481486,185.3551851851852,38.86222222222222,41.6611111111111,1.9933333333333332,62.89333333333337,0.001186,0.0011,0.00527,13.879259259259264,0
1398,1398,2024-01-04 09:09:44+00:00,2024-01-04 09:09:44+00:00,162.02423076923077,0.1934615384615385,52.781923076923086,175.3692307692308,38.86000000000001,41.53961538461538,1.8680769230769236,62.76115384615386,0.001169,0.00109,0.005192,13.92192307692308,0
1399,1399,2024-01-04 09:09:45+00:00,2024-01-04 09:09:45+00:00,157.3160714285714,0.1917857142857142,52.71,170.3071428571428,38.877500000000005,41.503928571428574,1.8078571428571428,63.20249999999999,0.001169,0.001081,0.004985,13.832499999999996,0
1400,1400,2024-01-04 09:09:46+00:00,2024-01-04 09:09:46+00:00,152.53068965517247,0.1975862068965518,52.69206896551724,165.04758620689665,38.88448275862069,41.42793103448275,1.7375862068965515,63.23999999999999,0.001107,0.001051,0.004815,13.807586206896543,0
1401,1401,2024-01-04 09:09:48+00:00,2024-01-04 09:09:48+00:00,142.0054838709677,0.1951612903225807,52.666451612903245,153.8561290322581,38.9,41.29419354838711,1.6077419354838711,63.21709677419355,0.001135,0.001063,0.004645,13.766451612903246,0
1402,1402,2024-01-04 09:09:49+00:00,2024-01-04 09:09:49+00:00,136.66444444444443,0.1903703703703703,52.58444444444443,148.07925925925926,38.91851851851851,41.21444444444445,1.535185185185185,63.367777777777775,0.001049,0.001036,0.004414,13.66592592592592,0
1403,1403,2024-01-04 09:09:50+00:00,2024-01-04 09:09:50+00:00,131.71964285714287,0.1910714285714285,52.58285714285712,143.4267857142857,38.90857142857142,41.1225,1.4864285714285714,63.98,0.00117,0.00104,0.004317,13.674285714285702,0
1404,1404,2024-01-04 09:09:51+00:00,2024-01-04 09:09:51+00:00,126.7872,0.1695999999999999,52.57079999999999,137.65440000000004,38.90279999999999,41.06999999999999,1.4343999999999997,63.90680000000001,0.001097,0.001018,0.004334,13.668000000000006,0
1405,1405,2024-01-04 09:09:53+00:00,2024-01-04 09:09:53+00:00,116.18678571428576,0.1753571428571428,52.455,126.97571428571436,38.92464285714284,40.9425,1.3275,63.96857142857142,0.001108,0.001061,0.004277,13.530357142857156,0
1406,1406,2024-01-04 09:09:54+00:00,2024-01-04 09:09:54+00:00,112.16035714285712,0.1814285714285714,52.43642857142861,122.12928571428571,38.91964285714285,40.89428571428572,1.2785714285714287,64.23892857142854,0.001118,0.001025,0.004223,13.516785714285753,0
1407,1407,2024-01-04 09:09:55+00:00,2024-01-04 09:09:55+00:00,107.23428571428572,0.1778571428571429,52.32749999999999,115.5625,38.94107142857144,40.78714285714285,1.2182142857142857,64.38678571428571,0.001159,0.00103,0.004165,13.386428571428546,0
1408,1408,2024-01-04 09:09:57+00:00,2024-01-04 09:09:57+00:00,96.76,0.1748148148148148,52.32148148148149,104.87444444444444,38.97185185185186,40.73925925925925,1.107777777777778,64.50444444444443,0.001106,0.000963,0.004049,13.349629629629623,0
1409,1409,2024-01-04 09:09:58+00:00,2024-01-04 09:09:58+00:00,90.3660714285714,0.1696428571428571,52.217500000000015,98.84107142857144,39.004642857142855,40.63785714285716,1.0475000000000003,64.4475,0.001014,0.00096,0.003875,13.21285714285716,0
1410,1410,2024-01-04 09:09:59+00:00,2024-01-04 09:09:59+00:00,85.35423076923077,0.1734615384615385,52.20923076923077,93.9946153846154,39.00153846153846,40.580384615384624,1.0003846153846152,64.65192307692307,0.000974,0.000925,0.003688,13.207692307692312,0
1411,1411,2024-01-04 09:10:01+00:00,2024-01-04 09:10:01+00:00,76.75807692307691,0.1688461538461539,52.07538461538461,84.61500000000001,39.00615384615384,40.398076923076914,0.8942307692307694,64.95192307692308,0.000992,0.000893,0.003616,13.06923076923077,0
1412,1412,2024-01-04 09:10:02+00:00,2024-01-04 09:10:02+00:00,71.723,0.1649999999999999,52.02066666666667,78.81100000000002,39.017333333333326,40.35099999999999,0.828333333333333,65.252,0.001011,0.000885,0.003524,13.003333333333345,0
1413,1413,2024-01-04 09:10:03+00:00,2024-01-04 09:10:03+00:00,66.49333333333334,0.1566666666666666,51.96074074074074,73.94037037037039,39.00962962962963,40.27481481481482,0.777037037037037,65.03333333333333,0.000944,0.000871,0.003329,12.95111111111111,0
1414,1414,2024-01-04 09:10:05+00:00,2024-01-04 09:10:05+00:00,58.3888888888889,0.1611111111111112,51.88333333333333,65.41148148148147,39.03148148148147,40.197777777777766,0.6681481481481479,65.18925925925925,0.001087,0.000868,0.003296,12.851851851851862,0
1415,1415,2024-01-04 09:10:06+00:00,2024-01-04 09:10:06+00:00,54.23928571428569,0.1678571428571429,51.80857142857144,60.64107142857144,39.045357142857135,40.155714285714296,0.6124999999999997,65.46142857142861,0.000926,0.000848,0.003141,12.763214285714303,0
1416,1416,2024-01-04 09:10:07+00:00,2024-01-04 09:10:07+00:00,50.10037037037036,0.1537037037037036,51.74296296296297,55.95333333333333,39.06333333333336,40.07333333333333,0.2011111111111111,65.29962962962962,0.001031,0.000879,0.003031,12.679629629629616,0
1417,1417,2024-01-04 09:10:08+00:00,2024-01-04 09:10:08+00:00,46.35321428571429,0.1617857142857143,51.66571428571429,52.29642857142858,39.06928571428572,39.99214285714287,-0.0742857142857143,65.24000000000004,0.000903,0.000858,0.00292,12.596428571428568,0
1418,1418,2024-01-04 09:10:10+00:00,2024-01-04 09:10:10+00:00,40.26642857142857,0.1589285714285714,51.53964285714287,45.465,39.06285714285712,39.90107142857144,-0.07,65.64750000000001,0.000838,0.000789,0.002858,12.476785714285754,0
1419,1419,2024-01-04 09:10:11+00:00,2024-01-04 09:10:11+00:00,36.86666666666667,0.1558333333333333,51.5125,42.68083333333333,39.08250000000002,39.86583333333332,-0.0716666666666667,65.63124999999998,0.000864,0.000802,0.002759,12.429999999999978,0
1420,1420,2024-01-04 09:10:12+00:00,2024-01-04 09:10:12+00:00,34.47178571428571,0.1660714285714286,51.43678571428568,39.91142857142858,39.10000000000001,39.83535714285715,-0.0714285714285714,65.63964285714285,0.000823,0.000754,0.002679,12.336785714285677,0
1421,1421,2024-01-04 09:10:14+00:00,2024-01-04 09:10:14+00:00,29.640400000000003,0.162,51.3136,34.319199999999995,39.1148,39.7644,-0.0724,66.1572,0.000788,0.0008,0.002666,12.198799999999991,0
1422,1422,2024-01-04 09:10:15+00:00,2024-01-04 09:10:15+00:00,26.654,0.1508,51.21400000000001,30.9448,39.11840000000001,39.70000000000002,-0.07,66.1132,0.001028,0.00078,0.002553,12.095600000000005,0
1423,1423,2024-01-04 09:10:16+00:00,2024-01-04 09:10:16+00:00,24.983448275862077,0.1599999999999999,51.19793103448277,29.80448275862069,39.11586206896551,39.677931034482775,-0.0751724137931034,65.9748275862069,0.000792,0.000799,0.0025,12.082068965517252,0
1424,1424,2024-01-04 09:10:18+00:00,2024-01-04 09:10:18+00:00,22.13115384615385,0.1584615384615385,51.11730769230768,26.693846153846145,39.15499999999998,39.69076923076924,-0.0784615384615384,66.07807692307692,0.000733,0.000779,0.002443,11.962307692307697,0
1425,1425,2024-01-04 09:10:19+00:00,2024-01-04 09:10:19+00:00,20.850384615384616,0.1480769230769231,50.98692307692307,25.54807692307693,39.16499999999999,39.640000000000015,-0.0753846153846154,66.1376923076923,0.000861,0.00085,0.002418,11.821923076923078,0
1426,1426,2024-01-04 09:10:20+00:00,2024-01-04 09:10:20+00:00,20.66807692307693,0.148076923076923,51.00269230769231,25.32923076923076,39.16153846153844,39.67,-0.0742307692307692,66.32538461538459,0.000774,0.0008,0.002423,11.841153846153864,0
1427,1427,2024-01-04 09:10:22+00:00,2024-01-04 09:10:22+00:00,19.430800000000005,0.1512,50.8948,24.414000000000005,39.191600000000015,39.607200000000006,-0.0748,65.89520000000002,0.000863,0.000822,0.002394,11.703199999999988,0
1428,1428,2024-01-04 09:10:23+00:00,2024-01-04 09:10:23+00:00,19.538148148148156,0.1588888888888888,50.83555555555554,24.47666666666667,39.19666666666668,39.60703703703704,-0.0733333333333333,66.08,0.000774,0.000848,0.002377,11.638888888888864,0
1429,1429,2024-01-04 09:10:24+00:00,2024-01-04 09:10:24+00:00,20.13354838709678,0.1354838709677419,50.78225806451612,23.66354838709677,39.19032258064518,39.59709677419354,-0.0767741935483871,66.0832258064516,0.000802,0.000837,0.002403,11.59193548387094,0
1430,1430,2024-01-04 09:10:26+00:00,2024-01-04 09:10:26+00:00,21.64678571428572,0.1560714285714285,50.72000000000003,25.51964285714286,39.20428571428573,39.5825,-0.0732142857142857,66.14964285714284,0.000899,0.00075,0.002418,11.515714285714296,0
1431,1431,2024-01-04 09:10:27+00:00,2024-01-04 09:10:27+00:00,22.223333333333333,0.1459259259259259,50.72555555555556,26.49962962962962,39.20037037037039,39.6137037037037,-0.0781481481481481,65.77592592592593,0.000794,0.000738,0.002417,11.525185185185164,0
1432,1432,2024-01-04 09:10:28+00:00,2024-01-04 09:10:28+00:00,24.425769230769227,0.1461538461538461,50.70000000000001,27.852692307692315,39.20923076923077,39.60923076923078,-0.0757692307692308,65.75230769230767,0.000812,0.000788,0.00249,11.49076923076924,0
1433,1433,2024-01-04 09:10:29+00:00,2024-01-04 09:10:29+00:00,25.080333333333343,0.148,50.644666666666666,28.79166666666666,39.19366666666669,39.62833333333335,-0.07,65.84366666666669,0.000831,0.000773,0.002555,11.45099999999998,0
1434,1434,2024-01-04 09:10:31+00:00,2024-01-04 09:10:31+00:00,28.818148148148158,0.1507407407407407,50.66,34.31333333333333,39.2088888888889,39.683703703703706,-0.072962962962963,65.60037037037038,0.00082,0.000763,0.002625,11.451111111111103,0
1435,1435,2024-01-04 09:10:32+00:00,2024-01-04 09:10:32+00:00,32.24,0.1611111111111111,50.697777777777794,36.69925925925926,39.23740740740741,39.726666666666674,-0.07,65.88000000000002,0.000771,0.000751,0.002648,11.460370370370384,0
1436,1436,2024-01-04 09:10:33+00:00,2024-01-04 09:10:33+00:00,34.28142857142856,0.1507142857142857,50.68857142857144,38.81642857142857,39.23,39.77571428571429,-0.0735714285714286,65.6732142857143,0.000809,0.00075,0.002663,11.458571428571432,0
1437,1437,2024-01-04 09:10:35+00:00,2024-01-04 09:10:35+00:00,40.28250000000001,0.1657142857142857,50.63464285714287,46.24607142857144,39.25785714285714,39.83357142857142,-0.0717857142857143,65.59464285714289,0.000873,0.000771,0.002762,11.376785714285733,0
1438,1438,2024-01-04 09:10:36+00:00,2024-01-04 09:10:36+00:00,43.66222222222222,0.1522222222222221,50.63592592592592,48.67555555555556,39.28629629629628,39.91518518518519,-0.0781481481481481,65.55888888888889,0.000895,0.000847,0.002866,11.34962962962964,0
1439,1439,2024-01-04 09:10:37+00:00,2024-01-04 09:10:37+00:00,46.885000000000005,0.1607692307692308,50.68500000000002,52.4153846153846,39.29230769230767,39.94692307692307,-0.0738461538461538,65.13038461538463,0.000889,0.000824,0.002973,11.392692307692345,0
1440,1440,2024-01-04 09:10:39+00:00,2024-01-04 09:10:39+00:00,54.71714285714286,0.16,50.67785714285716,60.38892857142856,39.31285714285714,40.06250000000001,0.5624999999999999,65.30607142857146,0.000906,0.000841,0.003108,11.365000000000016,0
1441,1441,2024-01-04 09:10:40+00:00,2024-01-04 09:10:40+00:00,59.32962962962962,0.1648148148148147,50.66962962962961,65.11000000000001,39.313333333333325,40.09703703703704,0.6314814814814816,65.00999999999995,0.000964,0.000844,0.003237,11.356296296296286,0
1442,1442,2024-01-04 09:10:41+00:00,2024-01-04 09:10:41+00:00,63.31375,0.1770833333333333,50.62416666666668,70.09999999999998,39.32125000000001,40.12916666666666,0.6849999999999999,65.09666666666666,0.001047,0.000861,0.003307,11.30291666666666,0
1443,1443,2024-01-04 09:10:43+00:00,2024-01-04 09:10:43+00:00,71.93571428571428,0.1803571428571429,50.65642857142855,78.94571428571432,39.33071428571429,40.25428571428571,0.7842857142857138,64.98857142857143,0.00099,0.000883,0.003529,11.325714285714255,0
1444,1444,2024-01-04 09:10:44+00:00,2024-01-04 09:10:44+00:00,76.11821428571433,0.1764285714285714,50.676428571428566,82.98249999999999,39.30892857142855,40.35821428571429,0.8367857142857144,65.06035714285714,0.000988,0.000893,0.003582,11.36750000000002,0
1445,1445,2024-01-04 09:10:45+00:00,2024-01-04 09:10:45+00:00,80.86777777777777,0.19,50.66222222222223,89.08407407407407,39.3177777777778,40.38222222222222,0.9000000000000001,64.72592592592592,0.001054,0.000912,0.003719,11.344444444444434,0
1446,1446,2024-01-04 09:10:46+00:00,2024-01-04 09:10:46+00:00,86.65482758620686,0.1662068965517242,50.66275862068967,93.2920689655173,39.33896551724138,40.50724137931034,0.951724137931034,64.23551724137931,0.001095,0.000968,0.003874,11.323793103448288,0
1447,1447,2024-01-04 09:10:48+00:00,2024-01-04 09:10:48+00:00,95.65321428571428,0.1846428571428572,50.69428571428572,103.56821428571426,39.38464285714286,40.65535714285716,1.0503571428571428,64.8182142857143,0.001096,0.000958,0.003912,11.309642857142862,0
1448,1448,2024-01-04 09:10:49+00:00,2024-01-04 09:10:49+00:00,101.59964285714288,0.1885714285714286,50.69535714285717,109.9760714285714,39.40535714285714,40.762857142857136,1.1067857142857145,64.50499999999998,0.001075,0.001054,0.004037,11.290000000000028,0
1449,1449,2024-01-04 09:10:50+00:00,2024-01-04 09:10:50+00:00,105.69230769230764,0.188076923076923,50.70499999999999,114.81269230769227,39.40692307692306,40.81846153846153,1.1596153846153845,64.18384615384618,0.001103,0.000988,0.004166,11.298076923076929,0
1450,1450,2024-01-04 09:10:52+00:00,2024-01-04 09:10:52+00:00,116.456,0.1706666666666667,50.72366666666669,125.674,39.39366666666668,40.962333333333326,1.262,63.54133333333333,0.001169,0.001048,0.004278,11.330000000000013,0
1451,1451,2024-01-04 09:10:53+00:00,2024-01-04 09:10:53+00:00,122.53692307692305,0.1765384615384615,50.777307692307694,131.89538461538467,39.39538461538461,41.04653846153848,1.3219230769230772,63.88269230769231,0.001162,0.001018,0.004362,11.381923076923089,0
1452,1452,2024-01-04 09:10:54+00:00,2024-01-04 09:10:54+00:00,127.45555555555556,0.1837037037037037,50.81,137.15148148148148,39.40629629629629,41.12555555555556,1.3685185185185185,63.838148148148136,0.001117,0.001026,0.00442,11.403703703703703,0
1453,1453,2024-01-04 09:10:56+00:00,2024-01-04 09:10:56+00:00,137.7077777777778,0.1803703703703704,50.79037037037036,148.0711111111111,39.41629629629629,41.27592592592591,1.482592592592592,63.52185185185185,0.00113,0.00105,0.004415,11.374074074074072,0
1454,1454,2024-01-04 09:10:57+00:00,2024-01-04 09:10:57+00:00,142.29592592592587,0.1862962962962962,50.905925925925935,153.21962962962965,39.41296296296296,41.37407407407408,1.5425925925925927,63.35074074074075,0.001119,0.001032,0.004539,11.492962962962975,0
1455,1455,2024-01-04 09:10:58+00:00,2024-01-04 09:10:58+00:00,148.06714285714284,0.1975,50.9339285714286,158.6285714285714,39.40999999999999,41.46214285714287,1.6110714285714287,63.28964285714285,0.001167,0.00105,0.004737,11.523928571428613,0
1456,1456,2024-01-04 09:11:00+00:00,2024-01-04 09:11:00+00:00,157.0496551724138,0.1879310344827586,51.02931034482758,168.4931034482758,39.43482758620689,41.65172413793102,1.745862068965517,63.11310344827587,0.001215,0.001073,0.004968,11.594482758620686,0
1457,1457,2024-01-04 09:11:01+00:00,2024-01-04 09:11:01+00:00,161.8377777777778,0.1837037037037037,51.05111111111109,174.13703703703703,39.44111111111112,41.7088888888889,1.82,62.87703703703705,0.001209,0.001067,0.00509,11.609999999999964,0
1458,1458,2024-01-04 09:11:02+00:00,2024-01-04 09:11:02+00:00,165.97760000000002,0.2,51.10599999999997,179.34400000000005,39.4424,41.7536,1.8863999999999987,62.7892,0.00122,0.001122,0.005301,11.663599999999974,0
1459,1459,2024-01-04 09:11:04+00:00,2024-01-04 09:11:04+00:00,176.62931034482764,0.2079310344827587,51.14448275862068,189.5706896551725,39.48068965517243,41.930689655172415,2.0179310344827583,62.57965517241381,0.00122,0.00113,0.00533,11.66379310344825,0
1460,1460,2024-01-04 09:11:05+00:00,2024-01-04 09:11:05+00:00,180.07769230769233,0.2073076923076923,51.21000000000001,193.37384615384624,39.4823076923077,42.01884615384615,2.073461538461539,62.32692307692309,0.001203,0.001131,0.005437,11.727692307692308,0
1461,1461,2024-01-04 09:11:06+00:00,2024-01-04 09:11:06+00:00,184.28206896551728,0.2048275862068965,51.27999999999998,197.74999999999997,39.49689655172413,42.10689655172413,2.1324137931034466,62.23448275862072,0.00123,0.001145,0.005542,11.783103448275844,0
1462,1462,2024-01-04 09:11:07+00:00,2024-01-04 09:11:07+00:00,187.5027586206897,0.203448275862069,51.3448275862069,201.5586206896552,39.498620689655176,42.16793103448276,2.193103448275862,62.38103448275864,0.001266,0.001163,0.005718,11.846206896551728,0
1463,1463,2024-01-04 09:11:09+00:00,2024-01-04 09:11:09+00:00,194.5312,0.2132,51.48519999999999,209.4064,39.52319999999999,42.322,2.3164,62.31,0.001292,0.001157,0.005793,11.961999999999996,0
1464,1464,2024-01-04 09:11:10+00:00,2024-01-04 09:11:10+00:00,199.186,0.2026666666666667,51.54599999999998,212.0073333333334,39.52433333333332,42.357666666666674,2.366000000000001,61.96466666666666,0.001355,0.00116,0.005875,12.02166666666666,0
1465,1465,2024-01-04 09:11:11+00:00,2024-01-04 09:11:11+00:00,201.53119999999996,0.2027999999999999,51.6,215.72360000000003,39.51759999999999,42.4104,2.4172,61.875200000000014,0.001327,0.001174,0.005989,12.082400000000009,0
1466,1466,2024-01-04 09:11:13+00:00,2024-01-04 09:11:13+00:00,206.622,0.2176,51.7668,222.02560000000005,39.553199999999975,42.55880000000002,2.5148000000000006,61.82520000000002,0.001332,0.00118,0.006107,12.21360000000002,0
1467,1467,2024-01-04 09:11:14+00:00,2024-01-04 09:11:14+00:00,209.3132,0.22,51.8508,224.3308,39.56839999999999,42.5968,2.5584,61.92519999999999,0.001353,0.001186,0.006213,12.28240000000001,0
1468,1468,2024-01-04 09:11:15+00:00,2024-01-04 09:11:15+00:00,212.49464285714285,0.2146428571428572,51.91071428571429,226.34607142857143,39.57714285714287,42.685,2.595714285714286,61.84535714285714,0.001368,0.001199,0.006227,12.333571428571425,0
1469,1469,2024-01-04 09:11:17+00:00,2024-01-04 09:11:17+00:00,213.71333333333337,0.212962962962963,52.05555555555555,229.80555555555563,39.614444444444445,42.74111111111112,2.6607407407407404,61.82962962962964,0.001369,0.001213,0.006301,12.441111111111104,0
1470,1470,2024-01-04 09:11:18+00:00,2024-01-04 09:11:18+00:00,217.5792,0.206,52.1896,231.4424,39.61000000000001,42.824,2.6984,61.4476,0.001388,0.001215,0.00636,12.579599999999992,0
1471,1471,2024-01-04 09:11:19+00:00,2024-01-04 09:11:19+00:00,216.7351851851853,0.2225925925925926,52.26592592592591,232.6122222222223,39.62555555555555,42.88333333333333,2.716296296296296,61.923333333333325,0.001393,0.001215,0.006439,12.640370370370364,0
1472,1472,2024-01-04 09:11:21+00:00,2024-01-04 09:11:21+00:00,219.83888888888885,0.2218518518518518,52.403333333333336,234.4977777777778,39.6311111111111,42.87592592592593,2.761851851851852,61.55111111111111,0.001395,0.001208,0.006478,12.772222222222233,0
1473,1473,2024-01-04 09:11:22+00:00,2024-01-04 09:11:22+00:00,219.6211111111111,0.2125925925925926,52.49888888888889,234.8151851851852,39.63333333333333,42.92777777777778,2.765555555555557,61.56962962962962,0.001395,0.00123,0.006474,12.86555555555556,0
1474,1474,2024-01-04 09:11:23+00:00,2024-01-04 09:11:23+00:00,220.25038461538463,0.2119230769230769,52.55192307692305,234.30038461538467,39.65499999999998,42.91576923076926,2.7757692307692308,61.54769230769231,0.001384,0.001204,0.006432,12.896923076923072,0
1475,1475,2024-01-04 09:11:25+00:00,2024-01-04 09:11:25+00:00,218.5600000000001,0.2207407407407407,52.71629629629632,234.045925925926,39.66037037037036,42.96111111111112,2.7666666666666675,61.44740740740742,0.001423,0.001216,0.00658,13.055925925925962,0
1476,1476,2024-01-04 09:11:26+00:00,2024-01-04 09:11:26+00:00,217.5837037037037,0.2159259259259259,52.81555555555554,233.04555555555555,39.67296296296298,42.93296296296297,2.76,61.58296296296295,0.001385,0.001227,0.006471,13.142592592592564,0
1477,1477,2024-01-04 09:11:27+00:00,2024-01-04 09:11:27+00:00,216.426551724138,0.2213793103448276,52.86724137931036,232.2872413793103,39.68827586206898,42.97862068965516,2.7434482758620686,61.925517241379296,0.001346,0.001209,0.006319,13.178965517241371,0
1478,1478,2024-01-04 09:11:28+00:00,2024-01-04 09:11:28+00:00,215.2276,0.2136,52.91880000000001,230.61120000000005,39.69400000000002,42.966,2.7204,61.795600000000015,0.001336,0.001201,0.006258,13.224799999999997,0
1479,1479,2024-01-04 09:11:30+00:00,2024-01-04 09:11:30+00:00,212.14080000000004,0.2300000000000001,53.0692,227.5224,39.722,42.97200000000001,2.6584,62.092000000000006,0.0013,0.00118,0.006188,13.347199999999994,0
1480,1480,2024-01-04 09:11:31+00:00,2024-01-04 09:11:31+00:00,209.0903846153846,0.2184615384615384,53.14384615384616,224.83538461538467,39.73538461538463,42.94884615384615,2.614615384615384,61.78038461538461,0.001299,0.001225,0.0061,13.40846153846153,0
1481,1481,2024-01-04 09:11:32+00:00,2024-01-04 09:11:32+00:00,206.96740740740748,0.2011111111111111,53.17814814814814,222.38851851851848,39.73777777777778,42.92481481481482,2.5877777777777777,61.80740740740742,0.001298,0.001174,0.006012,13.44037037037036,0
1482,1482,2024-01-04 09:11:34+00:00,2024-01-04 09:11:34+00:00,201.50535714285704,0.2007142857142856,53.24999999999999,216.2789285714286,39.73214285714287,42.882857142857134,2.4846428571428576,62.00178571428571,0.001259,0.00117,0.005956,13.517857142857125,0
1483,1483,2024-01-04 09:11:35+00:00,2024-01-04 09:11:35+00:00,199.9711111111112,0.2051851851851852,53.27962962962962,214.28333333333336,39.7425925925926,42.890370370370384,2.443703703703704,61.81444444444443,0.001259,0.00116,0.005834,13.537037037037017,0
1484,1484,2024-01-04 09:11:36+00:00,2024-01-04 09:11:36+00:00,196.26518518518512,0.2025925925925926,53.34296296296296,209.66370370370373,39.73407407407408,42.84074074074074,2.380370370370371,62.403703703703705,0.001209,0.001182,0.005735,13.608888888888876,0
1485,1485,2024-01-04 09:11:38+00:00,2024-01-04 09:11:38+00:00,189.6244444444444,0.2077777777777778,53.37185185185182,203.4340740740741,39.76814814814814,42.73592592592593,2.277037037037037,62.60444444444446,0.001183,0.001148,0.005607,13.60370370370368,0
1486,1486,2024-01-04 09:11:39+00:00,2024-01-04 09:11:39+00:00,184.08896551724143,0.2117241379310345,53.39827586206896,198.7462068965517,39.7603448275862,42.77896551724138,2.193448275862069,62.729655172413786,0.001229,0.001146,0.005585,13.637931034482762,0
1487,1487,2024-01-04 09:11:40+00:00,2024-01-04 09:11:40+00:00,180.55038461538456,0.1973076923076923,53.41038461538463,194.5115384615385,39.78692307692306,42.71923076923079,2.144230769230769,62.519615384615385,0.001157,0.001145,0.005433,13.62346153846157,0
1488,1488,2024-01-04 09:11:42+00:00,2024-01-04 09:11:42+00:00,172.11862068965513,0.1913793103448275,53.42000000000005,185.4103448275862,39.80172413793102,42.637586206896536,2.037241379310345,62.685172413793104,0.001147,0.001137,0.005275,13.618275862069028,0
1489,1489,2024-01-04 09:11:43+00:00,2024-01-04 09:11:43+00:00,167.60285714285715,0.1982142857142858,53.402142857142856,180.4225,39.804285714285705,42.53214285714286,1.9678571428571432,62.92071428571428,0.001146,0.001139,0.005208,13.597857142857151,0
1490,1490,2024-01-04 09:11:44+00:00,2024-01-04 09:11:44+00:00,162.73518518518517,0.1859259259259259,53.38407407407408,175.2318518518519,39.809629629629626,42.47148148148148,1.908148148148148,62.972962962962974,0.0011,0.001108,0.004987,13.574444444444453,0
1491,1491,2024-01-04 09:11:45+00:00,2024-01-04 09:11:45+00:00,159.0975,0.1960714285714286,53.39678571428573,170.68678571428572,39.80035714285713,42.43285714285715,1.846428571428572,62.9732142857143,0.001114,0.001095,0.004909,13.596428571428604,0
1492,1492,2024-01-04 09:11:47+00:00,2024-01-04 09:11:47+00:00,147.81678571428571,0.1921428571428572,53.3875,159.77357142857142,39.80214285714283,42.28107142857143,1.7060714285714285,63.1925,0.001081,0.001059,0.004634,13.585357142857164,0
1493,1493,2024-01-04 09:11:48+00:00,2024-01-04 09:11:48+00:00,143.76407407407405,0.1877777777777778,53.28037037037038,155.09296296296296,39.83555555555557,42.220370370370375,1.638518518518518,63.339629629629634,0.001056,0.001066,0.004527,13.444814814814803,0
1494,1494,2024-01-04 09:11:49+00:00,2024-01-04 09:11:49+00:00,139.15962962962965,0.1877777777777777,53.342962962962936,149.51037037037037,39.83851851851852,42.18481481481482,1.5803703703703702,63.32296296296295,0.00107,0.001047,0.004414,13.504444444444417,0
1495,1495,2024-01-04 09:11:51+00:00,2024-01-04 09:11:51+00:00,126.58655172413792,0.1834482758620689,53.25172413793104,138.10931034482763,39.861724137931056,42.02862068965519,1.4489655172413791,63.54896551724136,0.001047,0.001031,0.004285,13.38999999999998,0
1496,1496,2024-01-04 09:11:52+00:00,2024-01-04 09:11:52+00:00,123.63925925925926,0.1944444444444444,53.17629629629631,132.82740740740743,39.86333333333333,41.94407407407408,1.4029629629629634,64.08333333333336,0.001044,0.001033,0.004206,13.312962962962978,0
1497,1497,2024-01-04 09:11:53+00:00,2024-01-04 09:11:53+00:00,116.4868,0.1784,53.19080000000002,127.2972,39.88719999999999,41.892,1.3463999999999996,64.26200000000001,0.00106,0.001021,0.004113,13.303600000000024,0
1498,1498,2024-01-04 09:11:55+00:00,2024-01-04 09:11:55+00:00,106.5562962962963,0.1707407407407407,53.0862962962963,116.07740740740743,39.87111111111112,41.77518518518518,1.2425925925925922,64.35000000000001,0.001111,0.001012,0.004074,13.215185185185176,0
1499,1499,2024-01-04 09:11:56+00:00,2024-01-04 09:11:56+00:00,102.01333333333334,0.1792592592592592,53.0225925925926,111.63444444444448,39.88222222222221,41.677037037037024,1.1900000000000002,64.37296296296293,0.001037,0.000999,0.004027,13.140370370370384,0
1500,1500,2024-01-04 09:11:57+00:00,2024-01-04 09:11:57+00:00,96.38464285714288,0.1782142857142857,52.96678571428573,105.58035714285715,39.883571428571415,41.60749999999998,1.127857142857143,64.39964285714285,0.001072,0.000963,0.003947,13.083214285714313,0
1501,1501,2024-01-04 09:11:59+00:00,2024-01-04 09:11:59+00:00,86.09807692307689,0.1607692307692307,52.88576923076924,94.54192307692308,39.885,41.46653846153846,1.0226923076923078,64.29961538461541,0.001018,0.00096,0.003842,13.000769230769244,0
1502,1502,2024-01-04 09:12:00+00:00,2024-01-04 09:12:00+00:00,81.68333333333334,0.1833333333333333,52.82111111111112,90.2166666666667,39.90629629629629,41.42370370370371,0.9696296296296298,64.93555555555557,0.001004,0.000928,0.003647,12.914814814814823,0
1503,1503,2024-01-04 09:12:01+00:00,2024-01-04 09:12:01+00:00,77.17851851851853,0.1714814814814814,52.80148148148147,84.74518518518518,39.89592592592592,41.35111111111112,0.9125925925925924,64.93037037037038,0.000931,0.000916,0.003488,12.905555555555544,0
1504,1504,2024-01-04 09:12:03+00:00,2024-01-04 09:12:03+00:00,67.07642857142856,0.1639285714285714,52.64464285714286,74.87714285714284,39.918214285714285,41.18571428571431,0.8017857142857144,65.015,0.000962,0.000881,0.003435,12.726428571428578,0
1505,1505,2024-01-04 09:12:04+00:00,2024-01-04 09:12:04+00:00,64.07607142857144,0.1714285714285714,52.59107142857141,70.90642857142858,39.92285714285713,41.127500000000005,0.7457142857142856,65.23785714285714,0.000918,0.00091,0.003253,12.66821428571427,0
1506,1506,2024-01-04 09:12:05+00:00,2024-01-04 09:12:05+00:00,58.62884615384615,0.1596153846153846,52.53076923076923,65.80730769230772,39.91961538461537,41.09923076923076,0.6799999999999997,65.32038461538463,0.000945,0.000889,0.003192,12.61115384615386,0
1507,1507,2024-01-04 09:12:06+00:00,2024-01-04 09:12:06+00:00,54.472962962962974,0.1611111111111111,52.51592592592593,61.22370370370371,39.94740740740741,41.04925925925926,0.6285185185185185,65.04259259259258,0.000876,0.00082,0.003044,12.568518518518523,0
1508,1508,2024-01-04 09:12:08+00:00,2024-01-04 09:12:08+00:00,47.44884615384615,0.1692307692307692,52.35730769230769,54.05769230769231,39.95576923076926,40.92307692307692,-0.0734615384615385,65.64153846153847,0.00088,0.000805,0.002976,12.40153846153843,0
1509,1509,2024-01-04 09:12:09+00:00,2024-01-04 09:12:09+00:00,43.2992,0.1487999999999999,52.3064,48.9556,39.956800000000015,40.9108,-0.0788,65.4384,0.000889,0.000782,0.002857,12.349599999999988,0
1510,1510,2024-01-04 09:12:10+00:00,2024-01-04 09:12:10+00:00,40.99777777777778,0.1537037037037036,52.27407407407406,46.44740740740741,39.95407407407409,40.824814814814815,-0.08,65.6711111111111,0.000862,0.000804,0.002786,12.319999999999965,0
1511,1511,2024-01-04 09:12:12+00:00,2024-01-04 09:12:12+00:00,34.43586206896552,0.1599999999999999,52.15689655172416,39.53172413793104,39.97586206896553,40.7610344827586,-0.0737931034482758,65.91689655172416,0.000805,0.00074,0.002687,12.181034482758626,0
1512,1512,2024-01-04 09:12:13+00:00,2024-01-04 09:12:13+00:00,32.335925925925935,0.1533333333333333,52.05481481481482,37.04222222222223,39.9925925925926,40.71333333333336,-0.0777777777777777,65.76925925925924,0.000753,0.000739,0.002587,12.062222222222218,0
1513,1513,2024-01-04 09:12:14+00:00,2024-01-04 09:12:14+00:00,29.59730769230768,0.165,52.03192307692306,35.023846153846165,40.01153846153845,40.66115384615384,-0.08,66.25884615384614,0.000751,0.000768,0.002522,12.020384615384614,0
1514,1514,2024-01-04 09:12:16+00:00,2024-01-04 09:12:16+00:00,26.245,0.1392857142857143,51.87285714285715,29.31392857142857,40.01535714285713,40.62464285714288,-0.08,65.635,0.000758,0.000768,0.002484,11.857500000000025,0
1515,1515,2024-01-04 09:12:17+00:00,2024-01-04 09:12:17+00:00,23.876296296296296,0.1448148148148148,51.84407407407407,28.289259259259254,40.036296296296285,40.6062962962963,-0.08,65.95000000000002,0.000742,0.000762,0.002408,11.807777777777789,0
1516,1516,2024-01-04 09:12:18+00:00,2024-01-04 09:12:18+00:00,23.2972,0.1364,51.777200000000015,26.157999999999998,40.034799999999976,40.5388,-0.08,65.73920000000003,0.000786,0.000775,0.002348,11.74240000000004,0
1517,1517,2024-01-04 09:12:20+00:00,2024-01-04 09:12:20+00:00,20.515714285714285,0.1560714285714285,51.63571428571429,24.43857142857143,40.05071428571426,40.52321428571428,-0.08,66.14178571428572,0.000783,0.000798,0.00232,11.58500000000003,0
1518,1518,2024-01-04 09:12:21+00:00,2024-01-04 09:12:21+00:00,20.28923076923077,0.1584615384615384,51.60230769230769,24.416153846153843,40.08269230769232,40.50115384615385,-0.0819230769230769,66.22615384615384,0.000755,0.00081,0.002322,11.51961538461537,0
1519,1519,2024-01-04 09:12:22+00:00,2024-01-04 09:12:22+00:00,19.7144,0.146,51.58239999999998,23.2172,40.091600000000014,40.52360000000001,-0.08,66.2704,0.00083,0.000803,0.002303,11.490799999999965,0
1520,1520,2024-01-04 09:12:23+00:00,2024-01-04 09:12:23+00:00,19.642692307692307,0.1557692307692307,51.55230769230768,24.10923076923078,40.10500000000001,40.52846153846154,-0.08,66.13923076923076,0.000749,0.000836,0.002306,11.447307692307668,0
1521,1521,2024-01-04 09:12:25+00:00,2024-01-04 09:12:25+00:00,19.9725,0.1525,51.42285714285716,24.253928571428567,40.09214285714286,40.47821428571428,-0.08,65.85857142857141,0.001071,0.000798,0.002278,11.3307142857143,0
1522,1522,2024-01-04 09:12:26+00:00,2024-01-04 09:12:26+00:00,21.83192307692308,0.1573076923076923,51.39961538461538,25.73846153846155,40.09346153846156,40.52692307692308,-0.08,65.81692307692309,0.000772,0.000812,0.002331,11.30615384615382,0
1523,1523,2024-01-04 09:12:27+00:00,2024-01-04 09:12:27+00:00,22.16214285714285,0.1621428571428572,51.42428571428575,26.232142857142858,40.09892857142857,40.549642857142864,-0.08,66.06678571428569,0.000809,0.000882,0.002361,11.325357142857172,0
1524,1524,2024-01-04 09:12:29+00:00,2024-01-04 09:12:29+00:00,24.989333333333324,0.1533333333333333,51.353,28.94833333333333,40.11333333333332,40.527,-0.0796666666666666,65.608,0.000729,0.000815,0.002428,11.23966666666668,0
1525,1525,2024-01-04 09:12:30+00:00,2024-01-04 09:12:30+00:00,26.801481481481467,0.164074074074074,51.33296296296295,31.71,40.12999999999999,40.5388888888889,-0.0796296296296296,65.85518518518518,0.000782,0.000752,0.00248,11.202962962962957,0
1526,1526,2024-01-04 09:12:31+00:00,2024-01-04 09:12:31+00:00,29.521600000000003,0.1496,51.3964,33.34440000000001,40.1284,40.6332,-0.08,65.78479999999999,0.000781,0.000759,0.002485,11.268,0
1527,1527,2024-01-04 09:12:33+00:00,2024-01-04 09:12:33+00:00,33.84148148148148,0.1637037037037037,51.33407407407408,39.34185185185184,40.14,40.653703703703705,-0.08,65.93518518518518,0.000783,0.000795,0.002521,11.19407407407408,0
1528,1528,2024-01-04 09:12:34+00:00,2024-01-04 09:12:34+00:00,37.02035714285713,0.1517857142857142,51.33892857142855,41.79928571428572,40.12392857142856,40.65464285714286,-0.0796428571428571,65.4357142857143,0.000832,0.000782,0.00258,11.21499999999999,0
1529,5,2025-01-22 08:46:46+00:00,2025-01-22 08:46:46+00:00,203.45277777777773,0.2011111111111111,36.57611111111112,224.7772222222222,21.119999999999997,24.138333333333332,1.88,62.42499999999999,0.001184,0.001021,0.003326,15.456111111111124,1
1530,30,2025-01-22 08:47:19+00:00,2025-01-22 08:47:19+00:00,155.34937499999995,0.1981249999999999,38.175625,176.49812500000002,21.505000000000003,24.290625,1.5331250000000003,63.56687499999999,0.000969,0.001068,0.00263,16.670624999999994,1
1531,56,2025-01-22 08:47:53+00:00,2025-01-22 08:47:53+00:00,21.64761904761905,0.1642857142857142,37.22761904761905,31.964285714285708,21.82,22.45571428571429,0.47,65.5671428571429,0.000775,0.000674,0.000735,15.40761904761905,1
1532,85,2025-01-22 08:48:31+00:00,2025-01-22 08:48:31+00:00,141.13499999999993,0.2000000000000001,37.65549999999999,157.877,22.1,24.117,1.3775,63.706,0.000792,0.001084,0.001997,15.555499999999991,1
1533,87,2025-01-22 08:48:33+00:00,2025-01-22 08:48:33+00:00,150.29772727272726,0.2099999999999999,38.04863636363637,167.9454545454546,22.18636363636364,24.863636363636363,1.4736363636363636,64.00954545454546,0.000905,0.001108,0.00218,15.862272727272732,1
1534,120,2025-01-22 08:49:16+00:00,2025-01-22 08:49:16+00:00,173.80260869565208,0.2113043478260869,39.54130434782609,192.46434782608705,22.40652173913044,25.215217391304343,1.7104347826086954,63.10434782608693,0.000908,0.001032,0.00247,17.13478260869565,1
1535,126,2025-01-22 08:49:24+00:00,2025-01-22 08:49:24+00:00,133.90863636363636,0.21,39.61181818181819,151.86,22.453181818181825,24.958181818181824,1.3754545454545453,64.04909090909092,0.000905,0.001028,0.001858,17.15863636363636,1
1536,137,2025-01-22 08:49:39+00:00,2025-01-22 08:49:39+00:00,60.64375,0.19375,39.19166666666666,74.09916666666669,22.55541666666667,23.934166666666663,0.47,65.19083333333332,0.000829,0.000854,0.001325,16.636249999999993,1
1537,151,2025-01-22 08:49:57+00:00,2025-01-22 08:49:57+00:00,20.03178571428572,0.1946428571428571,38.4882142857143,29.662500000000005,22.6575,23.23035714285714,0.4660714285714288,65.66499999999999,0.000788,0.000656,0.000789,15.830714285714295,1
1538,156,2025-01-22 08:50:04+00:00,2025-01-22 08:50:04+00:00,26.31357142857144,0.1339285714285714,38.41642857142857,35.20250000000001,22.688571428571432,23.255357142857143,0.4700000000000001,65.57000000000002,0.000842,0.000619,0.000681,15.727857142857136,1
1539,167,2025-01-22 08:50:18+00:00,2025-01-22 08:50:18+00:00,74.19838709677418,0.1580645161290323,38.61354838709678,86.4367741935484,22.720645161290328,23.88709677419356,0.4690322580645163,64.51451612903226,0.00082,0.000832,0.001423,15.89290322580645,1
1540,182,2025-01-22 08:50:38+00:00,2025-01-22 08:50:38+00:00,174.7342424242424,0.2212121212121212,39.35272727272727,193.1836363636364,22.84545454545456,25.42545454545455,1.7033333333333334,63.17636363636365,0.000939,0.001069,0.002426,16.507272727272714,1
1541,191,2025-01-22 08:50:50+00:00,2025-01-22 08:50:50+00:00,212.3883333333333,0.2206666666666666,39.729000000000006,233.27799999999996,22.85933333333333,25.94333333333334,2.093666666666667,62.45800000000001,0.001047,0.001029,0.003018,16.869666666666674,1
1542,199,2025-01-22 08:51:00+00:00,2025-01-22 08:51:00+00:00,218.19517241379305,0.2413793103448276,40.16206896551723,239.1844827586207,22.87620689655172,26.13586206896553,2.1996551724137934,62.20413793103451,0.001071,0.001027,0.003192,17.28586206896551,1
1543,208,2025-01-22 08:51:12+00:00,2025-01-22 08:51:12+00:00,190.32892857142863,0.2117857142857143,40.60428571428571,210.3603571428572,22.9175,25.963928571428568,1.8932142857142864,63.02035714285714,0.00096,0.00104,0.002779,17.686785714285712,1
1544,229,2025-01-22 08:51:39+00:00,2025-01-22 08:51:39+00:00,61.37344827586206,0.1637931034482758,40.33586206896551,73.02172413793105,23.08137931034481,24.43517241379311,0.4675862068965519,65.31103448275863,0.000874,0.000785,0.001303,17.254482758620696,1
1545,233,2025-01-22 08:51:45+00:00,2025-01-22 08:51:45+00:00,39.11551724137932,0.1513793103448276,39.99344827586207,48.75206896551723,23.024827586206897,23.9948275862069,0.4637931034482761,65.35862068965517,0.000777,0.000695,0.000952,16.968620689655168,1
1546,242,2025-01-22 08:51:56+00:00,2025-01-22 08:51:56+00:00,19.91137931034482,0.1834482758620689,39.21758620689655,29.62137931034481,22.92827586206897,23.38,0.4693103448275864,65.48103448275864,0.000772,0.000655,0.000769,16.28931034482758,1
1547,252,2025-01-22 08:52:09+00:00,2025-01-22 08:52:09+00:00,38.56428571428573,0.1617857142857143,39.69214285714286,48.50107142857142,23.166785714285727,23.943571428571428,0.4689285714285716,65.68142857142857,0.000832,0.0007,0.000974,16.525357142857136,1
1548,311,2025-01-22 08:53:27+00:00,2025-01-22 08:53:27+00:00,119.49689655172412,0.1844827586206896,41.247931034482754,136.64275862068968,23.047586206896547,25.17482758620689,1.3089655172413794,64.22241379310347,0.000848,0.001054,0.001811,18.200344827586207,1
1549,319,2025-01-22 08:53:37+00:00,2025-01-22 08:53:37+00:00,70.34919999999998,0.1452,40.896400000000014,82.16520000000003,23.0688,24.41159999999999,0.4632000000000002,65.07960000000001,0.000797,0.000789,0.001467,17.827600000000015,1
1550,329,2025-01-22 08:53:50+00:00,2025-01-22 08:53:50+00:00,26.81366666666668,0.155,40.23733333333333,36.27066666666667,22.979000000000006,23.619999999999997,0.4696666666666668,65.69500000000001,0.00078,0.000687,0.000791,17.258333333333326,1
1551,338,2025-01-22 08:54:04+00:00,2025-01-22 08:54:04+00:00,25.56692307692308,0.168076923076923,39.76999999999999,35.41153846153846,22.913846153846155,23.336153846153845,0.4680769230769232,65.34692307692306,0.000796,0.000637,0.000709,16.856153846153834,1
1552,344,2025-01-22 08:54:11+00:00,2025-01-22 08:54:11+00:00,44.172142857142845,0.2078571428571429,39.83214285714286,55.81678571428571,22.981428571428577,23.572857142857146,0.4682142857142858,65.27892857142857,0.000882,0.000717,0.001011,16.850714285714286,1
1553,366,2025-01-22 08:54:40+00:00,2025-01-22 08:54:40+00:00,181.8733333333333,0.2251851851851851,40.23703703703704,199.92629629629636,22.888148148148144,25.31333333333333,1.793333333333334,62.83037037037037,0.001095,0.001148,0.002687,17.34888888888889,1
1554,367,2025-01-22 08:54:42+00:00,2025-01-22 08:54:42+00:00,188.91851851851848,0.2025925925925926,40.43,208.42148148148135,22.95333333333333,25.51814814814816,1.868518518518519,62.94111111111112,0.001021,0.001094,0.002761,17.47666666666667,1
1555,377,2025-01-22 08:54:55+00:00,2025-01-22 08:54:55+00:00,218.34039999999996,0.1972,40.95719999999999,239.36680000000004,22.904799999999994,26.0632,2.232800000000001,61.98799999999999,0.001119,0.001052,0.003316,18.05239999999999,1
1556,378,2025-01-22 08:54:56+00:00,2025-01-22 08:54:56+00:00,219.23703703703703,0.2229629629629629,40.87592592592593,240.22185185185188,22.93740740740739,26.05296296296296,2.244444444444444,62.22629629629631,0.001124,0.00107,0.003349,17.938518518518535,1
1557,396,2025-01-22 08:55:20+00:00,2025-01-22 08:55:20+00:00,158.1624999999999,0.1789285714285714,41.5425,175.65214285714282,23.00142857142857,25.424285714285727,1.6171428571428574,63.42428571428572,0.000878,0.001087,0.002306,18.54107142857143,1
1558,399,2025-01-22 08:55:23+00:00,2025-01-22 08:55:23+00:00,141.81625,0.1891666666666666,41.48791666666667,159.49750000000003,22.972916666666663,25.27958333333333,1.495833333333333,63.86416666666665,0.000822,0.001054,0.001986,18.515000000000004,1
1559,462,2025-01-22 08:56:47+00:00,2025-01-22 08:56:47+00:00,204.92071428571435,0.2064285714285714,40.82071428571428,224.3828571428572,23.01714285714285,25.91999999999999,2.0367857142857138,62.37678571428573,0.001064,0.001067,0.002966,17.80357142857143,1
1560,510,2025-01-22 08:57:50+00:00,2025-01-22 08:57:50+00:00,27.79064516129032,0.1477419354838709,40.74322580645161,36.82741935483869,23.271612903225797,23.85580645161291,0.4625806451612906,65.72419354838709,0.000784,0.000645,0.000737,17.471612903225818,1
1561,517,2025-01-22 08:57:59+00:00,2025-01-22 08:57:59+00:00,20.235000000000003,0.1509999999999999,40.36000000000001,28.20166666666668,23.25333333333332,23.606666666666666,0.4603333333333337,65.49466666666665,0.00073,0.000621,0.000613,17.106666666666687,1
1562,530,2025-01-22 08:58:16+00:00,2025-01-22 08:58:16+00:00,63.06931034482759,0.1458620689655172,40.52206896551725,73.35103448275862,23.352758620689663,24.18689655172414,0.4603448275862072,65.01068965517244,0.000816,0.000757,0.001282,17.169310344827583,1
1563,539,2025-01-22 08:58:28+00:00,2025-01-22 08:58:28+00:00,121.99566666666672,0.1756666666666666,40.91466666666665,136.38566666666668,23.47233333333333,25.177,1.2933333333333332,64.17433333333332,0.000826,0.000989,0.001779,17.442333333333313,1
1564,558,2025-01-22 08:58:53+00:00,2025-01-22 08:58:53+00:00,215.94111111111107,0.2237037037037037,41.72740740740741,237.17296296296297,23.569259259259248,26.81074074074074,2.2199999999999998,62.67999999999999,0.001103,0.001031,0.003058,18.158148148148165,1
1565,577,2025-01-22 08:59:19+00:00,2025-01-22 08:59:19+00:00,161.17548387096772,0.2061290322580645,42.36935483870969,181.7222580645161,23.605483870967745,26.281935483870964,1.6729032258064511,63.724516129032274,0.000885,0.001078,0.002139,18.763870967741944,1
1566,578,2025-01-22 08:59:21+00:00,2025-01-22 08:59:21+00:00,153.97419354838703,0.1816129032258065,41.865161290322575,170.68612903225804,23.46967741935484,25.892258064516128,1.59258064516129,63.3990322580645,0.000868,0.001056,0.002059,18.39548387096773,1
1567,592,2025-01-22 08:59:39+00:00,2025-01-22 08:59:39+00:00,64.34103448275859,0.1958620689655173,41.76275862068965,76.17689655172414,23.721724137931048,25.12172413793104,0.4600000000000003,65.35586206896554,0.000784,0.000743,0.001343,18.041034482758604,1
1568,604,2025-01-22 08:59:55+00:00,2025-01-22 08:59:55+00:00,20.35483870967742,0.1567741935483871,41.15645161290322,28.45935483870967,23.723548387096777,24.325483870967727,0.4600000000000004,65.9651612903226,0.000746,0.000607,0.000657,17.43290322580644,1
1569,608,2025-01-22 09:00:01+00:00,2025-01-22 09:00:01+00:00,21.592499999999998,0.1378124999999999,40.814375000000005,29.997187500000003,23.686875,24.08437500000001,0.4600000000000004,65.48656249999999,0.000753,0.000654,0.000657,17.12750000000001,1
1570,609,2025-01-22 09:00:03+00:00,2025-01-22 09:00:03+00:00,24.02931034482758,0.1624137931034483,40.6913793103448,31.840344827586204,23.701034482758637,24.15000000000001,0.4613793103448279,65.69172413793102,0.000774,0.000628,0.000665,16.990344827586167,1
1571,634,2025-01-22 09:00:37+00:00,2025-01-22 09:00:37+00:00,165.4309677419354,0.1883870967741935,40.78354838709677,183.0445161290322,23.710645161290323,25.724838709677407,1.678064516129032,63.02903225806452,0.000926,0.001086,0.002244,17.07290322580645,1
1572,635,2025-01-22 09:00:38+00:00,2025-01-22 09:00:38+00:00,170.43931034482762,0.1793103448275862,41.0451724137931,187.88137931034487,23.73793103448276,26.02206896551725,1.7189655172413794,63.17344827586205,0.000923,0.00109,0.002363,17.307241379310337,1
1573,649,2025-01-22 09:00:56+00:00,2025-01-22 09:00:56+00:00,219.01785714285708,0.2210714285714287,42.0125,239.9771428571429,23.91,27.168214285714296,2.2582142857142857,62.43642857142857,0.001102,0.00102,0.002994,18.1025,1
1574,696,2025-01-22 09:02:01+00:00,2025-01-22 09:02:01+00:00,21.393,0.1699999999999999,41.10866666666666,30.44,24.006333333333327,24.448999999999995,0.460666666666667,65.807,0.000793,0.000654,0.000637,17.10233333333333,1
1575,712,2025-01-22 09:02:23+00:00,2025-01-22 09:02:23+00:00,94.85451612903226,0.1851612903225806,41.321612903225805,107.42548387096772,24.10161290322581,25.43967741935484,0.7261290322580648,64.56935483870969,0.000836,0.000862,0.001659,17.219999999999995,1
1576,737,2025-01-22 09:02:56+00:00,2025-01-22 09:02:56+00:00,218.6039285714286,0.1953571428571428,42.0242857142857,238.5967857142857,24.1132142857143,27.23714285714286,2.277142857142857,62.27035714285714,0.001104,0.001007,0.002906,17.911071428571404,1
1577,739,2025-01-22 09:02:58+00:00,2025-01-22 09:02:58+00:00,219.34806451612903,0.2012903225806452,42.45258064516128,238.9248387096774,24.20935483870969,27.595161290322583,2.28483870967742,62.61677419354841,0.001086,0.001007,0.002919,18.24322580645159,1
1578,745,2025-01-22 09:03:06+00:00,2025-01-22 09:03:06+00:00,210.6473529411764,0.221764705882353,42.327941176470574,231.1044117647059,24.108529411764707,27.24411764705883,2.1864705882352946,62.490588235294126,0.001046,0.001034,0.002728,18.219411764705868,1
1579,774,2025-01-22 09:03:44+00:00,2025-01-22 09:03:44+00:00,44.96363636363635,0.1530303030303031,42.358484848484856,55.57333333333335,24.34333333333332,25.500303030303037,0.4630303030303034,65.74060606060605,0.000764,0.000708,0.001029,18.015151515151537,1
1580,786,2025-01-22 09:04:03+00:00,2025-01-22 09:04:03+00:00,23.31896551724138,0.1631034482758621,41.33413793103448,32.46758620689655,24.27310344827585,24.701034482758622,0.4679310344827588,65.70827586206897,0.000768,0.000649,0.000714,17.06103448275863,1
1581,838,2025-01-22 09:05:12+00:00,2025-01-22 09:05:12+00:00,193.92294117647063,0.2108823529411764,42.671176470588215,213.4632352941177,24.391176470588235,27.227352941176477,1.9955882352941177,62.66882352941176,0.000984,0.001038,0.002448,18.27999999999998,1
1582,854,2025-01-22 09:05:33+00:00,2025-01-22 09:05:33+00:00,94.77928571428572,0.1742857142857143,42.27214285714286,108.31678571428571,24.403928571428587,25.988571428571426,1.133571428571429,64.23999999999998,0.000833,0.000815,0.001666,17.868214285714274,1
1583,869,2025-01-22 09:05:54+00:00,2025-01-22 09:05:54+00:00,22.058965517241376,0.1637931034482758,41.64379310344829,31.008620689655174,24.47551724137932,24.95620689655172,0.4689655172413794,65.79655172413794,0.000757,0.00063,0.000737,17.16827586206897,1
1584,872,2025-01-22 09:05:59+00:00,2025-01-22 09:05:59+00:00,19.961379310344828,0.12,41.48517241379311,27.12827586206897,24.466896551724144,24.85586206896552,0.4631034482758623,65.6648275862069,0.00073,0.000611,0.000664,17.018275862068965,1
1585,883,2025-01-22 09:06:14+00:00,2025-01-22 09:06:14+00:00,51.99499999999998,0.1603571428571428,41.483571428571416,61.82499999999998,24.500357142857137,25.22535714285714,0.467857142857143,64.98857142857143,0.000784,0.00072,0.00105,16.98321428571428,1
1586,884,2025-01-22 09:06:15+00:00,2025-01-22 09:06:15+00:00,55.608125,0.176875,41.46499999999999,66.03906249999999,24.519062499999983,25.271874999999987,0.4640625000000003,65.09249999999999,0.000806,0.000725,0.001124,16.945937500000007,1
1587,901,2025-01-22 09:06:37+00:00,2025-01-22 09:06:37+00:00,162.50551724137938,0.1786206896551724,42.01,179.36896551724138,24.604482758620684,26.86275862068965,1.6806896551724135,63.67241379310346,0.000912,0.001077,0.002148,17.405517241379314,1
1588,914,2025-01-22 09:06:54+00:00,2025-01-22 09:06:54+00:00,216.32799999999995,0.1803333333333334,42.308,235.9776666666667,24.552333333333326,27.539000000000005,2.253333333333333,62.07433333333334,0.00107,0.001007,0.002747,17.755666666666674,1
1589,939,2025-01-22 09:07:27+00:00,2025-01-22 09:07:27+00:00,126.17593749999996,0.1853125,42.84156249999999,142.11031249999996,24.674999999999983,26.70218750000001,1.4106249999999998,64.12156249999998,0.00087,0.000955,0.001778,18.166562500000005,1
1590,951,2025-01-22 09:07:43+00:00,2025-01-22 09:07:43+00:00,50.25967741935485,0.1525806451612903,42.560967741935485,60.42354838709678,24.75677419354839,25.904838709677414,0.4499999999999997,65.60516129032258,0.000799,0.000728,0.001146,17.804193548387094,1
1591,981,2025-01-22 09:08:23+00:00,2025-01-22 09:08:23+00:00,91.49032258064516,0.1445161290322581,41.804838709677405,103.89419354838712,24.77870967741934,25.963225806451614,0.5558064516129033,64.47354838709678,0.00087,0.000834,0.001684,17.026129032258066,1
1592,1011,2025-01-22 09:09:03+00:00,2025-01-22 09:09:03+00:00,216.59333333333328,0.1766666666666666,42.83866666666666,236.17833333333328,24.810000000000013,27.918666666666663,2.2840000000000003,62.424999999999976,0.00106,0.000969,0.002724,18.02866666666665,1
1593,1014,2025-01-22 09:09:07+00:00,2025-01-22 09:09:07+00:00,210.31774193548387,0.1829032258064516,42.92032258064517,229.88677419354832,24.787096774193536,27.87322580645161,2.200322580645162,62.259999999999984,0.001027,0.000981,0.002584,18.133225806451637,1
1594,1024,2025-01-22 09:09:21+00:00,2025-01-22 09:09:21+00:00,157.52964285714285,0.1657142857142858,43.260714285714286,175.4682142857143,24.887142857142845,27.43607142857143,1.6610714285714276,63.58285714285712,0.000865,0.000988,0.002003,18.37357142857144,1
1595,1029,2025-01-22 09:09:28+00:00,2025-01-22 09:09:28+00:00,122.2486206896552,0.1906896551724139,42.9903448275862,138.63758620689654,24.827586206896555,26.84586206896552,1.3489655172413793,64.12275862068965,0.000848,0.000918,0.001721,18.162758620689644,1
1596,1044,2025-01-22 09:09:49+00:00,2025-01-22 09:09:49+00:00,31.540666666666667,0.129,42.27733333333335,40.204,24.882999999999992,25.588999999999995,0.4499999999999998,65.67299999999999,0.000774,0.000666,0.000931,17.394333333333353,1
1597,1063,2025-01-22 09:10:13+00:00,2025-01-22 09:10:13+00:00,46.99888888888888,0.1537037037037037,41.70740740740742,57.42074074074074,24.90925925925927,25.484074074074076,0.4499999999999998,64.98148148148145,0.000789,0.000712,0.001063,16.798148148148154,1
1598,1073,2025-01-22 09:10:27+00:00,2025-01-22 09:10:27+00:00,110.90185185185186,0.1548148148148148,42.18444444444446,123.63629629629624,25.01851851851852,26.59851851851852,1.2262962962962964,64.21333333333332,0.000855,0.000894,0.001768,17.16592592592594,1
1599,1087,2025-01-22 09:10:45+00:00,2025-01-22 09:10:45+00:00,195.13392857142853,0.1903571428571429,42.39785714285715,212.92178571428576,25.001071428571425,27.650714285714287,1.988214285714286,62.81142857142857,0.000968,0.001024,0.002461,17.396785714285723,1
1600,1122,2025-01-22 09:11:32+00:00,2025-01-22 09:11:32+00:00,102.3246875,0.1596875,43.41374999999999,115.3334375,25.12812499999999,27.051875000000003,1.179375,64.7846875,0.000847,0.000812,0.001695,18.285625000000003,1
1601,1181,2025-01-22 09:12:52+00:00,2025-01-22 09:12:52+00:00,213.31032258064516,0.1890322580645161,42.69451612903227,231.82903225806456,25.18000000000002,28.08709677419355,2.229677419354839,62.42580645161289,0.001026,0.001004,0.002567,17.514516129032252,1
1602,1205,2025-01-22 09:13:25+00:00,2025-01-22 09:13:25+00:00,139.52103448275864,0.1737931034482758,43.60689655172413,154.14137931034483,25.298275862068955,27.57827586206897,1.5224137931034485,63.97206896551724,0.000956,0.000943,0.001844,18.30862068965518,1
1603,1231,2025-01-22 09:14:00+00:00,2025-01-22 09:14:00+00:00,19.455357142857142,0.1517857142857143,42.680357142857126,27.55678571428572,25.39178571428572,26.04749999999998,0.4492857142857141,66.25071428571428,0.000722,0.000625,0.000806,17.288571428571405,1
1604,1239,2025-01-22 09:14:11+00:00,2025-01-22 09:14:11+00:00,39.26099999999999,0.1643333333333334,42.32166666666665,47.99366666666665,25.35666666666667,25.995000000000005,0.4499999999999998,65.42633333333332,0.00079,0.000673,0.000986,16.964999999999982,1
1605,1279,2025-01-22 09:15:03+00:00,2025-01-22 09:15:03+00:00,217.29566666666668,0.2006666666666667,43.15866666666668,237.24066666666675,25.31033333333334,28.37066666666668,2.3239999999999994,62.08233333333335,0.001046,0.000965,0.002636,17.848333333333336,1
1606,1286,2025-01-22 09:15:12+00:00,2025-01-22 09:15:12+00:00,196.5456250000001,0.1931249999999999,43.764375,214.6225,25.428124999999987,28.443437499999987,2.0500000000000003,62.85625,0.00097,0.000976,0.002373,18.336250000000007,1
1607,1311,2025-01-22 09:15:45+00:00,2025-01-22 09:15:45+00:00,44.82448275862068,0.1620689655172414,42.92965517241379,55.83379310344829,25.388275862068955,26.28068965517241,0.4451724137931033,65.41931034482758,0.000771,0.000718,0.00106,17.541379310344833,1
1608,1314,2025-01-22 09:15:49+00:00,2025-01-22 09:15:49+00:00,32.072857142857124,0.1232142857142857,42.63964285714287,41.56642857142857,25.374999999999996,26.03428571428572,0.4399999999999999,65.44535714285713,0.000796,0.000666,0.000928,17.264642857142874,1
1609,1319,2025-01-22 09:15:56+00:00,2025-01-22 09:15:56+00:00,20.349375,0.1284375,42.53874999999999,28.592499999999998,25.415,25.85843749999999,0.4409374999999998,65.88687499999999,0.000729,0.000632,0.000758,17.12374999999999,1
1610,1324,2025-01-22 09:16:02+00:00,2025-01-22 09:16:02+00:00,20.77592592592592,0.131111111111111,42.683703703703706,28.01407407407407,25.550740740740736,26.028888888888893,0.4425925925925926,66.18333333333334,0.000826,0.000624,0.000755,17.13296296296297,1
1611,1332,2025-01-22 09:16:13+00:00,2025-01-22 09:16:13+00:00,45.28821428571428,0.1635714285714285,42.55714285714284,54.981785714285714,25.51285714285714,26.181785714285724,0.4410714285714285,65.34428571428573,0.000782,0.000689,0.000984,17.044285714285703,1
1612,1341,2025-01-22 09:16:24+00:00,2025-01-22 09:16:24+00:00,93.04892857142856,0.1675,42.40392857142856,106.02464285714282,25.457500000000007,26.5575,0.963214285714286,64.25035714285714,0.000848,0.000811,0.001608,16.94642857142855,1
1613,1363,2025-01-22 09:16:53+00:00,2025-01-22 09:16:53+00:00,214.8656666666667,0.216,43.45766666666668,233.85799999999983,25.634333333333327,28.674,2.260333333333333,62.70366666666667,0.00111,0.001046,0.00255,17.823333333333355,1
1614,1371,2025-01-22 09:17:05+00:00,2025-01-22 09:17:05+00:00,214.29178571428568,0.2132142857142856,43.190000000000005,235.44928571428585,25.434285714285718,28.26857142857144,2.2517857142857154,62.01892857142856,0.001021,0.000964,0.002516,17.75571428571429,1
1615,1400,2025-01-22 09:17:43+00:00,2025-01-22 09:17:43+00:00,52.739666666666686,0.1353333333333333,43.189999999999976,62.86900000000002,25.57433333333332,26.569000000000003,0.4466666666666665,65.45400000000001,0.000779,0.000706,0.001125,17.61566666666666,1
1616,1413,2025-01-22 09:18:00+00:00,2025-01-22 09:18:00+00:00,20.17161290322581,0.1648387096774193,42.77645161290324,28.34548387096774,25.629354838709677,26.057096774193568,0.4403225806451611,65.78483870967742,0.000727,0.000646,0.000772,17.147096774193564,1
1617,1438,2025-01-22 09:18:33+00:00,2025-01-22 09:18:33+00:00,139.26566666666668,0.1886666666666667,42.59966666666666,154.23433333333335,25.605666666666675,27.398333333333344,1.4949999999999994,63.754666666666665,0.000835,0.000925,0.001823,16.99399999999999,1
1618,1446,2025-01-22 09:18:43+00:00,2025-01-22 09:18:43+00:00,185.5125,0.1857142857142857,42.759999999999984,202.93857142857135,25.64249999999999,28.02500000000001,1.9085714285714288,62.92785714285716,0.000987,0.001029,0.002302,17.117499999999993,1
1619,1453,2025-01-22 09:18:53+00:00,2025-01-22 09:18:53+00:00,213.7521212121212,0.1830303030303031,43.13454545454547,233.2215151515151,25.661212121212117,28.550909090909084,2.260303030303031,62.37636363636363,0.001041,0.000991,0.002535,17.473333333333354,1
1620,1457,2025-01-22 09:18:58+00:00,2025-01-22 09:18:58+00:00,218.8603448275861,0.1903448275862069,43.31344827586206,238.72689655172408,25.67103448275861,28.697241379310334,2.344137931034484,62.225172413793125,0.001023,0.000973,0.00262,17.642413793103447,1
1621,1471,2025-01-22 09:19:17+00:00,2025-01-22 09:19:17+00:00,178.16000000000005,0.1858064516129032,43.75870967741937,197.4629032258064,25.671612903225792,28.28032258064517,1.850967741935485,63.01451612903226,0.000886,0.000986,0.002127,18.087096774193576,1
1622,1477,2025-01-22 09:19:25+00:00,2025-01-22 09:19:25+00:00,141.53407407407403,0.1485185185185185,43.97925925925925,156.6111111111111,25.734074074074076,28.121851851851847,1.5418518518518514,64.06407407407409,0.000844,0.00092,0.001879,18.24518518518518,1
1623,1526,2025-01-22 09:20:31+00:00,2025-01-22 09:20:31+00:00,128.0096428571429,0.1667857142857143,42.89821428571429,142.5414285714286,25.812500000000004,27.70071428571429,1.3928571428571423,64.19499999999998,0.00088,0.000907,0.001752,17.085714285714285,1
1624,1538,2025-01-22 09:20:47+00:00,2025-01-22 09:20:47+00:00,197.8075757575757,0.2081818181818182,43.48393939393939,217.97515151515157,25.93363636363637,28.636363636363644,2.05969696969697,62.9942424242424,0.000991,0.001021,0.002413,17.550303030303017,1
1625,1541,2025-01-22 09:20:50+00:00,2025-01-22 09:20:50+00:00,208.3596875,0.1984375,43.095000000000006,226.950625,25.82687500000001,28.58625000000001,2.1771875,62.52718749999997,0.00103,0.001002,0.002467,17.268124999999998,1
1626,1543,2025-01-22 09:20:53+00:00,2025-01-22 09:20:53+00:00,213.9293103448276,0.1810344827586208,43.43655172413793,232.68482758620695,25.8493103448276,28.86206896551724,2.265862068965517,62.30448275862069,0.001027,0.000976,0.002518,17.58724137931033,1
1627,1549,2025-01-22 09:21:01+00:00,2025-01-22 09:21:01+00:00,217.86633333333327,0.2023333333333334,43.626666666666665,238.6756666666666,25.837000000000007,28.95433333333333,2.349000000000001,62.35533333333335,0.001077,0.001002,0.002609,17.78966666666666,1
1628,1553,2025-01-22 09:21:06+00:00,2025-01-22 09:21:06+00:00,214.25333333333336,0.2016666666666666,43.79033333333332,232.58766666666665,25.843333333333348,28.92766666666666,2.2860000000000005,62.43733333333334,0.00103,0.000969,0.002493,17.946999999999974,1
1629,1559,2025-01-22 09:21:14+00:00,2025-01-22 09:21:14+00:00,191.8059375,0.18375,43.8565625,209.70624999999995,25.82156250000001,28.58625,1.999374999999999,62.54687500000003,0.000942,0.000994,0.002249,18.034999999999997,1
1630,1575,2025-01-22 09:21:36+00:00,2025-01-22 09:21:36+00:00,85.59148148148144,0.1655555555555555,43.69148148148148,98.47740740740736,25.88592592592592,27.36296296296296,0.487037037037037,64.7477777777778,0.000884,0.000757,0.001559,17.805555555555557,1
1631,1578,2025-01-22 09:21:40+00:00,2025-01-22 09:21:40+00:00,67.35200000000002,0.145,43.33200000000002,77.57700000000003,25.875666666666667,26.975,0.4316666666666665,64.93500000000002,0.000824,0.000722,0.001287,17.456333333333355,1
1632,1584,2025-01-22 09:21:48+00:00,2025-01-22 09:21:48+00:00,37.150000000000006,0.167,43.50333333333335,47.29966666666667,25.961666666666684,26.78033333333333,0.4336666666666665,65.846,0.00081,0.000663,0.000954,17.54166666666666,1
1633,1586,2025-01-22 09:21:51+00:00,2025-01-22 09:21:51+00:00,28.78363636363637,0.1503030303030302,43.03090909090911,37.79848484848485,25.882727272727266,26.463939393939384,0.4330303030303029,65.73424242424241,0.000758,0.000643,0.000914,17.14818181818184,1
1634,1599,2025-01-22 09:22:10+00:00,2025-01-22 09:22:10+00:00,33.83413793103448,0.1189655172413792,42.61379310344829,42.54172413793103,25.92034482758621,26.242413793103456,0.4372413793103446,65.21586206896552,0.000806,0.000645,0.000913,16.693448275862078,1
1635,1607,2025-01-22 09:22:21+00:00,2025-01-22 09:22:21+00:00,76.92703703703704,0.154074074074074,42.688518518518535,88.10037037037036,25.9225925925926,26.840740740740745,0.4337037037037036,64.68629629629629,0.000909,0.000767,0.001368,16.765925925925934,1
1636,1610,2025-01-22 09:22:25+00:00,2025-01-22 09:22:25+00:00,96.56925925925924,0.1833333333333333,42.74296296296297,108.83999999999996,25.922962962962952,27.037407407407407,1.1122222222222222,64.10333333333331,0.000901,0.000803,0.001576,16.820000000000018,1
1637,1626,2025-01-22 09:22:46+00:00,2025-01-22 09:22:46+00:00,194.89250000000004,0.1799999999999999,43.06093749999998,212.67531250000005,25.925,28.475312499999987,2.0246875,62.5975,0.000974,0.001023,0.00239,17.135937499999983,1
1638,1652,2025-01-22 09:23:21+00:00,2025-01-22 09:23:21+00:00,163.65966666666662,0.1726666666666666,43.943666666666665,178.63766666666663,26.042999999999992,28.41133333333333,1.7393333333333325,63.09966666666667,0.000912,0.000989,0.002001,17.900666666666673,1
1639,1676,2025-01-22 09:23:53+00:00,2025-01-22 09:23:53+00:00,25.518333333333327,0.1296666666666666,43.122666666666674,34.03600000000001,26.101000000000003,26.577,0.4326666666666665,65.78799999999998,0.000763,0.000659,0.000847,17.021666666666672,1
1640,1680,2025-01-22 09:23:58+00:00,2025-01-22 09:23:58+00:00,19.893928571428575,0.1535714285714285,43.05285714285713,29.092499999999998,26.10357142857143,26.56000000000001,0.4346428571428571,65.81250000000003,0.000727,0.000637,0.000788,16.949285714285697,1
1641,1714,2025-01-22 09:24:44+00:00,2025-01-22 09:24:44+00:00,188.15827586206893,0.1941379310344828,43.264137931034455,205.17965517241385,26.18758620689656,28.644827586206898,1.9424137931034484,62.84034482758622,0.000949,0.001022,0.002291,17.076551724137897,1
1642,1738,2025-01-22 09:25:17+00:00,2025-01-22 09:25:17+00:00,180.78666666666675,0.1885185185185185,44.42888888888889,199.5833333333333,26.294074074074068,29.105185185185174,1.9122222222222216,63.045555555555545,0.000929,0.000987,0.002176,18.134814814814824,1
1643,1739,2025-01-22 09:25:18+00:00,2025-01-22 09:25:18+00:00,177.8275,0.1784374999999999,44.11281249999998,194.9190624999999,26.24625000000001,28.703437500000007,1.87125,62.908437500000005,0.000921,0.001006,0.002133,17.866562499999972,1
1644,1747,2025-01-22 09:25:28+00:00,2025-01-22 09:25:28+00:00,128.95249999999993,0.1728571428571428,44.118214285714274,143.96178571428575,26.2307142857143,28.21428571428572,1.4478571428571427,63.71892857142858,0.000876,0.000864,0.001784,17.887499999999974,1
1645,1756,2025-01-22 09:25:40+00:00,2025-01-22 09:25:40+00:00,68.73566666666665,0.1436666666666666,43.72366666666667,80.46166666666667,26.25966666666666,27.42066666666665,0.4279999999999999,65.08400000000002,0.000899,0.000728,0.001349,17.464000000000006,1
1646,1762,2025-01-22 09:25:48+00:00,2025-01-22 09:25:48+00:00,37.91500000000002,0.1475,43.43000000000002,47.79999999999999,26.257857142857137,26.89464285714286,0.4299999999999998,65.36892857142857,0.000834,0.000677,0.001006,17.172142857142884,1
1647,1782,2025-01-22 09:26:16+00:00,2025-01-22 09:26:16+00:00,54.07233333333332,0.177,42.950666666666656,63.24900000000001,26.336333333333325,26.988999999999987,0.4296666666666665,65.14533333333333,0.000829,0.000726,0.001109,16.61433333333333,1
1648,1792,2025-01-22 09:26:29+00:00,2025-01-22 09:26:29+00:00,114.84392857142858,0.155,43.02964285714285,127.94464285714288,26.306785714285702,27.63785714285715,1.2828571428571427,63.83464285714288,0.000925,0.00086,0.001752,16.722857142857148,1
1649,1793,2025-01-22 09:26:30+00:00,2025-01-22 09:26:30+00:00,120.88250000000004,0.1575,43.020625,133.70562499999997,26.32937500000001,27.749375000000004,1.3334375000000005,63.9628125,0.000904,0.000898,0.001758,16.691249999999993,1
1650,1800,2025-01-22 09:26:39+00:00,2025-01-22 09:26:39+00:00,165.14999999999992,0.1909090909090909,43.09515151515152,182.64878787878797,26.32575757575758,28.38878787878789,1.7384848484848483,62.89424242424244,0.000913,0.001037,0.002127,16.769393939393932,1
1651,1823,2025-01-22 09:27:09+00:00,2025-01-22 09:27:09+00:00,207.03606060606063,0.1718181818181818,44.426060606060624,226.94,26.44575757575757,29.55272727272728,2.25030303030303,62.55,0.000994,0.000986,0.002371,17.98030303030305,1
1652,1840,2025-01-22 09:27:33+00:00,2025-01-22 09:27:33+00:00,103.68862068965518,0.1741379310344827,44.30379310344827,117.32137931034478,26.52310344827585,28.308275862068964,1.2041379310344829,64.82241379310345,0.000887,0.000794,0.001701,17.780689655172417,1
1653,1851,2025-01-22 09:27:47+00:00,2025-01-22 09:27:47+00:00,41.688148148148166,0.1403703703703704,43.68962962962964,50.40148148148149,26.469259259259257,27.21148148148148,0.4299999999999998,65.55074074074075,0.000789,0.000735,0.001051,17.220370370370386,1
1654,1854,2025-01-22 09:27:51+00:00,2025-01-22 09:27:51+00:00,30.34129032258064,0.1474193548387097,43.40258064516129,38.83322580645162,26.439677419354847,27.02,0.431290322580645,65.55967741935483,0.000752,0.000653,0.000937,16.96290322580644,1
1655,1863,2025-01-22 09:28:06+00:00,2025-01-22 09:28:06+00:00,25.0046875,0.1634374999999999,43.05843750000001,32.2915625,26.4703125,26.768437500000005,0.4281249999999998,65.41906250000002,0.000742,0.000637,0.000847,16.588125000000012,1
1656,1880,2025-01-22 09:28:28+00:00,2025-01-22 09:28:28+00:00,110.37444444444444,0.1351851851851851,43.221851851851845,122.14962962962964,26.53851851851851,27.90814814814813,1.2296296296296296,64.2377777777778,0.000906,0.000823,0.001702,16.683333333333334,1
1657,1882,2025-01-22 09:28:31+00:00,2025-01-22 09:28:31+00:00,125.07068965517244,0.1586206896551724,43.08344827586205,139.1658620689656,26.530689655172413,27.92,1.3768965517241372,63.62448275862069,0.000873,0.000867,0.001704,16.55275862068964,1
1658,1908,2025-01-22 09:29:05+00:00,2025-01-22 09:29:05+00:00,215.8914285714286,0.2035714285714286,44.52142857142859,235.13142857142856,26.729999999999997,29.90178571428571,2.353571428571429,62.6725,0.001041,0.000981,0.002495,17.791428571428593,1
1659,1936,2025-01-22 09:29:41+00:00,2025-01-22 09:29:41+00:00,65.12655172413793,0.1627586206896552,44.23103448275861,76.1593103448276,26.73172413793105,27.9696551724138,0.4275862068965516,65.29413793103447,0.000814,0.000757,0.001286,17.499310344827563,1
1660,1986,2025-01-22 09:30:47+00:00,2025-01-22 09:30:47+00:00,196.5928125,0.2040624999999999,43.89656250000001,214.31468750000008,26.85062500000001,29.506562499999998,2.0653125,62.87250000000003,0.000981,0.00103,0.002338,17.045937499999994,1
1661,1989,2025-01-22 09:30:51+00:00,2025-01-22 09:30:51+00:00,209.07678571428565,0.2046428571428571,43.98,226.8246428571429,26.86535714285713,29.76714285714285,2.2221428571428565,62.68357142857143,0.001016,0.000993,0.002425,17.114642857142872,1
1662,2053,2025-01-22 09:32:17+00:00,2025-01-22 09:32:17+00:00,55.743333333333325,0.1516666666666667,43.41599999999998,65.21866666666665,26.907666666666653,27.58733333333334,0.4229999999999999,65.171,0.000843,0.00075,0.001108,16.50833333333333,1
1663,2070,2025-01-22 09:32:41+00:00,2025-01-22 09:32:41+00:00,173.18806451612906,0.2106451612903226,43.64419354838707,189.76225806451612,26.922903225806447,29.139677419354843,1.8254838709677423,63.05419354838709,0.000972,0.00103,0.002143,16.721290322580625,1
1664,2078,2025-01-22 09:32:51+00:00,2025-01-22 09:32:51+00:00,207.87148148148145,0.1733333333333333,43.948518518518505,225.21444444444447,26.945925925925938,29.678148148148143,2.224074074074073,62.30518518518519,0.001016,0.000997,0.002434,17.002592592592567,1
1665,2081,2025-01-22 09:32:55+00:00,2025-01-22 09:32:55+00:00,215.3432142857143,0.1935714285714285,43.951428571428565,234.12964285714287,26.975,29.638571428571428,2.3375,61.98607142857145,0.001038,0.000994,0.002479,16.976428571428563,1
1666,2107,2025-01-22 09:33:29+00:00,2025-01-22 09:33:29+00:00,126.7751724137931,0.1503448275862069,44.88931034482758,140.7975862068966,27.151724137931023,29.24103448275862,1.4358620689655175,64.32724137931035,0.000897,0.000852,0.001792,17.73758620689655,1
1667,2113,2025-01-22 09:33:37+00:00,2025-01-22 09:33:37+00:00,85.22714285714288,0.1439285714285714,44.425,98.1278571428572,27.02321428571428,28.40571428571429,0.9525000000000006,64.68178571428572,0.00087,0.000775,0.0015,17.401785714285726,1
1668,2135,2025-01-22 09:34:06+00:00,2025-01-22 09:34:06+00:00,24.019655172413795,0.1255172413793103,43.55310344827585,30.87344827586207,27.101034482758617,27.407241379310346,0.423103448275862,65.56517241379308,0.000749,0.000679,0.00088,16.45206896551723,1
1669,2141,2025-01-22 09:34:17+00:00,2025-01-22 09:34:17+00:00,55.33709677419355,0.162258064516129,43.30129032258063,64.25870967741935,27.06290322580646,27.55709677419356,0.42,64.82935483870969,0.000869,0.000725,0.001122,16.23838709677417,1
1670,2145,2025-01-22 09:34:22+00:00,2025-01-22 09:34:22+00:00,77.25967741935486,0.1641935483870967,43.4125806451613,87.97806451612907,27.050645161290323,27.850322580645155,0.4216129032258064,64.41612903225806,0.000886,0.000769,0.001356,16.361935483870976,1
1671,2187,2025-01-22 09:35:18+00:00,2025-01-22 09:35:18+00:00,181.3207142857144,0.1510714285714286,44.73785714285713,196.51321428571424,27.127499999999998,29.787142857142847,1.9242857142857133,62.814642857142864,0.000933,0.001002,0.002106,17.610357142857136,1
1672,2192,2025-01-22 09:35:25+00:00,2025-01-22 09:35:25+00:00,148.80178571428573,0.1942857142857142,44.78785714285713,164.16178571428574,27.18892857142858,29.41142857142857,1.6260714285714286,63.72964285714285,0.000918,0.000927,0.001926,17.598928571428548,1
1673,2201,2025-01-22 09:35:37+00:00,2025-01-22 09:35:37+00:00,86.39714285714285,0.1667857142857142,44.73214285714285,97.5135714285714,27.269285714285704,28.75857142857144,0.912142857142857,64.76785714285715,0.000869,0.00076,0.001523,17.46285714285715,1
1674,2210,2025-01-22 09:35:48+00:00,2025-01-22 09:35:48+00:00,40.21096774193549,0.1393548387096774,44.10225806451612,49.08741935483873,27.21806451612904,27.89096774193549,0.42,65.24451612903225,0.000775,0.000683,0.001046,16.88419354838708,1
1675,2227,2025-01-22 09:36:11+00:00,2025-01-22 09:36:11+00:00,34.23607142857143,0.1221428571428571,43.67857142857142,41.68178571428571,27.255,27.777857142857133,0.42,65.60785714285713,0.000784,0.000685,0.000946,16.423571428571424,1
1676,2243,2025-01-22 09:36:33+00:00,2025-01-22 09:36:33+00:00,131.52407407407415,0.1466666666666666,43.95592592592594,145.05666666666664,27.33814814814816,29.054074074074062,1.4581481481481475,63.829629629629615,0.000974,0.000941,0.00182,16.61777777777778,1
1677,2246,2025-01-22 09:36:37+00:00,2025-01-22 09:36:37+00:00,151.19821428571433,0.1660714285714286,44.15999999999999,166.34892857142856,27.375357142857144,29.54714285714286,1.636785714285714,63.75892857142855,0.000978,0.00095,0.001984,16.784642857142845,1
1678,2269,2025-01-22 09:37:07+00:00,2025-01-22 09:37:07+00:00,213.756,0.2083333333333333,45.016666666666666,232.9743333333334,27.41133333333333,30.70766666666667,2.3530000000000006,62.59166666666667,0.001046,0.001005,0.002474,17.60533333333333,1
1679,2275,2025-01-22 09:37:15+00:00,2025-01-22 09:37:15+00:00,192.396129032258,0.1803225806451613,44.84419354838709,209.31903225806457,27.315483870967757,30.10387096774195,2.0635483870967746,62.56709677419357,0.000985,0.001018,0.002262,17.528709677419336,1
1680,2283,2025-01-22 09:37:27+00:00,2025-01-22 09:37:27+00:00,139.32961538461538,0.1603846153846153,44.974230769230765,154.15384615384622,27.378076923076915,29.52807692307692,1.550769230769231,63.81999999999999,0.000926,0.000911,0.001875,17.59615384615385,1
1681,2284,2025-01-22 09:37:28+00:00,2025-01-22 09:37:28+00:00,133.04433333333333,0.1679999999999999,45.19233333333335,148.16066666666666,27.43866666666666,29.688000000000013,1.4933333333333323,64.22999999999999,0.00092,0.000911,0.00185,17.753666666666685,1
1682,2332,2025-01-22 09:38:32+00:00,2025-01-22 09:38:32+00:00,125.95903225806452,0.1848387096774194,43.84580645161289,140.1441935483871,27.421612903225807,28.936129032258066,1.3951612903225812,63.904516129032274,0.000942,0.000877,0.00175,16.42419354838708,1
1683,2363,2025-01-22 09:39:13+00:00,2025-01-22 09:39:13+00:00,200.10266666666664,0.1903333333333333,45.07033333333334,218.09600000000003,27.507333333333325,30.432000000000013,2.1703333333333337,62.54433333333335,0.001039,0.001018,0.002324,17.563000000000013,1
1684,2396,2025-01-22 09:39:56+00:00,2025-01-22 09:39:56+00:00,22.326451612903227,0.1525806451612902,44.288387096774194,30.97870967741936,27.61451612903227,28.1541935483871,0.4100000000000001,65.9841935483871,0.000726,0.000629,0.000894,16.673870967741923,1
1685,2411,2025-01-22 09:40:17+00:00,2025-01-22 09:40:17+00:00,53.57633333333332,0.1646666666666666,43.93800000000002,63.04866666666669,27.591000000000005,28.22966666666667,0.415,65.08933333333334,0.000822,0.000746,0.001091,16.347000000000012,1
1686,2413,2025-01-22 09:40:20+00:00,2025-01-22 09:40:20+00:00,65.4434615384615,0.1423076923076922,43.940000000000005,75.40461538461538,27.60115384615385,28.45307692307692,0.4157692307692308,65.0646153846154,0.000856,0.000764,0.001213,16.33884615384616,1
1687,2438,2025-01-22 09:40:52+00:00,2025-01-22 09:40:52+00:00,208.27551724137928,0.143103448275862,44.78,224.8093103448276,27.655517241379297,30.657931034482747,2.258965517241378,62.38827586206898,0.001057,0.001026,0.002457,17.124482758620697,1
1688,2440,2025-01-22 09:40:55+00:00,2025-01-22 09:40:55+00:00,215.6165517241379,0.2058620689655172,44.57379310344829,233.8744827586207,27.620689655172416,30.538620689655176,2.362068965517241,62.2651724137931,0.001052,0.001023,0.00251,16.953103448275872,1
1689,2502,2025-01-22 09:42:18+00:00,2025-01-22 09:42:18+00:00,57.62903225806448,0.1487096774193548,44.4074193548387,65.93225806451613,27.85032258064516,28.67096774193548,0.4100000000000001,65.34870967741935,0.000829,0.000741,0.001116,16.55709677419354,1
1690,2505,2025-01-22 09:42:24+00:00,2025-01-22 09:42:24+00:00,82.53620689655173,0.1410344827586206,44.056206896551714,94.958275862069,27.781034482758628,28.79758620689655,0.4855172413793104,64.46896551724137,0.000937,0.000788,0.001421,16.275172413793086,1
1691,2548,2025-01-22 09:43:21+00:00,2025-01-22 09:43:21+00:00,170.64387096774198,0.1706451612903225,45.36741935483872,187.45451612903227,27.7816129032258,30.377096774193557,1.8400000000000003,63.03709677419356,0.000939,0.00102,0.002104,17.585806451612925,1
1692,2565,2025-01-22 09:43:43+00:00,2025-01-22 09:43:43+00:00,62.100000000000016,0.1345161290322581,44.877096774193554,71.80612903225806,27.851290322580656,28.92483870967742,0.4087096774193549,65.1558064516129,0.000821,0.000829,0.001239,17.025806451612898,1
1693,2597,2025-01-22 09:44:26+00:00,2025-01-22 09:44:26+00:00,91.7870967741936,0.1393548387096774,44.254838709677415,102.96096774193546,27.884193548387096,28.99709677419354,1.091290322580645,64.3093548387097,0.000928,0.000805,0.001479,16.37064516129032,1
1694,2598,2025-01-22 09:44:27+00:00,2025-01-22 09:44:27+00:00,98.52384615384616,0.1346153846153846,44.134615384615394,108.67346153846157,27.874615384615385,29.05038461538461,1.138461538461538,64.1969230769231,0.000933,0.000851,0.001555,16.26000000000001,1
1695,2613,2025-01-22 09:44:47+00:00,2025-01-22 09:44:47+00:00,192.011,0.168,44.312000000000005,208.97900000000013,27.850666666666665,30.242000000000004,2.067,62.33500000000002,0.00097,0.001039,0.002362,16.461333333333343,1
1696,2618,2025-01-22 09:44:54+00:00,2025-01-22 09:44:54+00:00,213.18448275862067,0.206896551724138,44.7496551724138,231.23793103448284,27.92448275862069,30.82068965517241,2.3296551724137933,62.36,0.001054,0.001043,0.002492,16.82517241379311,1
1697,2633,2025-01-22 09:45:13+00:00,2025-01-22 09:45:13+00:00,200.23764705882348,0.1832352941176471,45.33852941176472,218.25176470588235,27.931764705882347,30.84029411764705,2.197647058823531,62.50176470588234,0.00104,0.001068,0.002367,17.40676470588237,1
1698,2644,2025-01-22 09:45:29+00:00,2025-01-22 09:45:29+00:00,132.14375,0.185,45.34625000000001,146.07656250000005,27.96968750000002,30.001562499999988,1.4915625,63.9115625,0.000891,0.000913,0.001786,17.37656249999999,1
1699,2688,2025-01-22 09:46:27+00:00,2025-01-22 09:46:27+00:00,96.65655172413793,0.1493103448275861,44.47551724137932,108.21206896551725,28.121034482758628,29.384827586206907,1.126206896551724,64.5655172413793,0.000916,0.00081,0.00149,16.354482758620687,1
1700,2721,2025-01-22 09:47:11+00:00,2025-01-22 09:47:11+00:00,208.02533333333332,0.204,45.51433333333333,226.31333333333336,28.117333333333335,31.165000000000006,2.2903333333333333,62.42700000000002,0.001026,0.001043,0.002416,17.396999999999995,1
1701,2722,2025-01-22 09:47:13+00:00,2025-01-22 09:47:13+00:00,201.2448148148148,0.1940740740740739,45.7574074074074,220.49222222222213,28.165555555555557,31.263333333333332,2.2155555555555555,62.6348148148148,0.001008,0.001037,0.002391,17.591851851851846,1
1702,2744,2025-01-22 09:47:41+00:00,2025-01-22 09:47:41+00:00,71.74999999999999,0.1337931034482758,45.12482758620688,82.361724137931,28.145517241379306,29.328620689655164,0.4000000000000002,64.95379310344828,0.000838,0.000796,0.001313,16.979310344827578,1
1703,2756,2025-01-22 09:47:57+00:00,2025-01-22 09:47:57+00:00,22.080645161290324,0.1490322580645161,44.53870967741936,31.052258064516128,28.172903225806454,28.539354838709684,0.4000000000000002,65.92193548387095,0.000734,0.000666,0.000927,16.365806451612904,1
1704,2761,2025-01-22 09:48:04+00:00,2025-01-22 09:48:04+00:00,20.255312499999995,0.1346875,44.666562500000005,27.441250000000004,28.24718750000001,28.6671875,0.3996875000000002,65.90312500000002,0.0007,0.000721,0.000967,16.419375,1
1705,2772,2025-01-22 09:48:18+00:00,2025-01-22 09:48:18+00:00,55.34965517241379,0.1489655172413793,44.53655172413792,63.95999999999999,28.24620689655172,29.15482758620689,0.4024137931034484,65.49655172413793,0.000858,0.000736,0.001136,16.290344827586203,1
1706,2778,2025-01-22 09:48:26+00:00,2025-01-22 09:48:26+00:00,90.68428571428568,0.1678571428571428,44.2607142857143,102.0178571428572,28.20321428571429,29.21964285714285,1.0775,64.45,0.000908,0.000795,0.001453,16.05750000000001,1
1707,2784,2025-01-22 09:48:34+00:00,2025-01-22 09:48:34+00:00,132.028275862069,0.1620689655172414,44.743103448275846,145.76413793103447,28.320344827586197,30.12034482758621,1.4675862068965515,64.00413793103449,0.000914,0.000874,0.001728,16.422758620689653,1
1708,2796,2025-01-22 09:48:50+00:00,2025-01-22 09:48:50+00:00,202.14071428571424,0.1839285714285714,44.906071428571416,218.59214285714296,28.29499999999999,30.901428571428585,2.187500000000001,62.38142857142857,0.000981,0.001057,0.002359,16.611071428571424,1
1709,2803,2025-01-22 09:49:00+00:00,2025-01-22 09:49:00+00:00,218.7523333333333,0.1979999999999999,45.37566666666669,237.1593333333333,28.30799999999999,31.39666666666665,2.4159999999999995,62.16066666666666,0.001045,0.001079,0.002521,17.0676666666667,1
1710,2806,2025-01-22 09:49:04+00:00,2025-01-22 09:49:04+00:00,218.39903225806455,0.1854838709677419,45.88709677419357,237.3248387096775,28.411935483870973,31.630967741935493,2.4238709677419354,62.5158064516129,0.001039,0.001055,0.002516,17.4751612903226,1
1711,2828,2025-01-22 09:49:33+00:00,2025-01-22 09:49:33+00:00,112.89727272727276,0.173030303030303,45.49969696969696,126.27181818181822,28.313333333333343,30.055454545454545,1.305757575757576,64.30484848484846,0.000888,0.000834,0.001701,17.18636363636362,1
1712,2846,2025-01-22 09:49:58+00:00,2025-01-22 09:49:58+00:00,21.11482758620689,0.1255172413793104,44.56482758620688,28.76586206896552,28.328620689655164,28.693103448275863,0.3948275862068967,65.84965517241379,0.000746,0.000679,0.000938,16.236206896551717,1
1713,2851,2025-01-22 09:50:04+00:00,2025-01-22 09:50:04+00:00,20.662258064516127,0.1209677419354838,44.53709677419356,26.70193548387097,28.334516129032263,28.676774193548383,0.3983870967741938,65.90645161290321,0.000767,0.000714,0.000952,16.20258064516129,1
1714,2873,2025-01-22 09:50:33+00:00,2025-01-22 09:50:33+00:00,125.74838709677417,0.142258064516129,44.44096774193548,138.67387096774195,28.35032258064517,29.840967741935483,1.4148387096774198,63.8241935483871,0.00093,0.000875,0.001672,16.090645161290315,1
1715,2880,2025-01-22 09:50:42+00:00,2025-01-22 09:50:42+00:00,170.9653571428571,0.1860714285714285,44.65500000000001,186.23107142857148,28.38714285714285,30.449285714285715,1.839285714285715,62.84285714285715,0.000968,0.001015,0.00211,16.267857142857157,1
1716,2885,2025-01-22 09:50:49+00:00,2025-01-22 09:50:49+00:00,197.1141379310345,0.1810344827586207,44.87551724137932,214.7710344827586,28.377931034482756,31.050000000000008,2.144482758620689,62.52068965517241,0.00099,0.001047,0.002336,16.497586206896568,1
1717,2892,2025-01-22 09:50:58+00:00,2025-01-22 09:50:58+00:00,217.3470000000001,0.1943333333333333,45.162666666666674,236.404,28.336666666666652,31.359333333333336,2.4336666666666678,61.870333333333335,0.001029,0.001062,0.002483,16.82600000000002,1
1718,2898,2025-01-22 09:51:06+00:00,2025-01-22 09:51:06+00:00,217.9974193548387,0.1674193548387096,46.02225806451615,235.7793548387097,28.5432258064516,31.854838709677423,2.4245161290322588,62.51000000000003,0.001033,0.001317,0.002426,17.47903225806455,1
1719,2912,2025-01-22 09:51:24+00:00,2025-01-22 09:51:24+00:00,157.33857142857147,0.1817857142857143,45.78857142857144,175.14250000000007,28.427142857142854,30.800714285714275,1.7442857142857129,63.40714285714284,0.000899,0.00097,0.001951,17.36142857142858,1
1720,2936,2025-01-22 09:51:56+00:00,2025-01-22 09:51:56+00:00,23.934193548387103,0.1151612903225805,44.902258064516126,30.88677419354838,28.488387096774204,29.055806451612906,0.3967741935483873,65.96451612903226,0.000754,0.000711,0.000905,16.41387096774192,1
1721,2971,2025-01-22 09:52:42+00:00,2025-01-22 09:52:42+00:00,168.98892857142854,0.1771428571428571,44.832142857142856,185.5853571428572,28.61892857142857,30.80928571428571,1.8271428571428576,63.25142857142857,0.000936,0.001018,0.002087,16.213214285714283,1
1722,2975,2025-01-22 09:52:47+00:00,2025-01-22 09:52:47+00:00,189.79419354838717,0.1509677419354838,45.0706451612903,205.9203225806452,28.62419354838709,31.270000000000017,2.0451612903225804,62.88483870967743,0.000966,0.001085,0.002266,16.446451612903207,1
1723,3003,2025-01-22 09:53:25+00:00,2025-01-22 09:53:25+00:00,155.31931034482756,0.1610344827586207,45.67586206896552,170.4579310344827,28.55517241379309,30.69,1.7110344827586208,63.21551724137933,0.000906,0.000989,0.001948,17.12068965517242,1
1724,3006,2025-01-22 09:53:29+00:00,2025-01-22 09:53:29+00:00,134.5451724137931,0.153448275862069,46.11448275862069,149.8375862068966,28.69172413793103,30.834482758620688,1.5231034482758623,63.95000000000002,0.000908,0.000896,0.001793,17.42275862068966,1
1725,3013,2025-01-22 09:53:38+00:00,2025-01-22 09:53:38+00:00,88.15750000000001,0.1571428571428571,45.94035714285717,99.57392857142858,28.70857142857144,30.276428571428568,1.0814285714285712,65.00750000000001,0.000855,0.000787,0.001455,17.231785714285724,1
1726,3026,2025-01-22 09:53:56+00:00,2025-01-22 09:53:56+00:00,24.205161290322582,0.1580645161290323,44.84354838709678,32.03870967741936,28.583225806451612,29.04419354838708,0.3912903225806453,65.62483870967743,0.000745,0.000727,0.000944,16.260322580645166,1
1727,3030,2025-01-22 09:54:02+00:00,2025-01-22 09:54:02+00:00,19.625357142857137,0.1325,44.749285714285726,26.43535714285714,28.672857142857133,28.952142857142853,0.3882142857142858,65.89714285714287,0.000767,0.000736,0.000923,16.076428571428593,1
1728,3044,2025-01-22 09:54:20+00:00,2025-01-22 09:54:20+00:00,60.920000000000016,0.1388888888888889,44.80518518518517,70.11037037037038,28.7288888888889,29.51148148148148,0.39,65.14222222222222,0.00085,0.000775,0.001137,16.076296296296267,1
1729,3058,2025-01-22 09:54:38+00:00,2025-01-22 09:54:38+00:00,149.8211111111111,0.1648148148148148,44.80703703703704,163.30518518518514,28.7325925925926,30.561111111111103,1.632592592592592,63.44185185185184,0.000967,0.000985,0.001908,16.074444444444442,1
1730,3069,2025-01-22 09:54:53+00:00,2025-01-22 09:54:53+00:00,207.6593103448276,0.1862068965517241,45.27034482758619,225.9213793103449,28.722413793103456,31.461034482758613,2.294137931034481,62.3510344827586,0.000983,0.001065,0.002345,16.547931034482737,1
1731,3073,2025-01-22 09:54:58+00:00,2025-01-22 09:54:58+00:00,216.9955555555555,0.1703703703703704,45.438518518518514,235.27111111111105,28.71814814814816,31.688148148148148,2.4311111111111114,62.16555555555556,0.001015,0.001094,0.002409,16.720370370370354,1
1732,3076,2025-01-22 09:55:03+00:00,2025-01-22 09:55:03+00:00,219.3241935483871,0.2229032258064517,45.69645161290323,238.25161290322583,28.75064516129031,31.801290322580638,2.447096774193548,62.1161290322581,0.001205,0.001143,0.002461,16.94580645161292,1
1733,3092,2025-01-22 09:55:24+00:00,2025-01-22 09:55:24+00:00,159.89454545454544,0.1624242424242424,46.137575757575775,176.3481818181818,28.76848484848484,31.210000000000008,1.762424242424243,63.39363636363637,0.000916,0.00098,0.00197,17.369090909090936,1
1734,3097,2025-01-22 09:55:31+00:00,2025-01-22 09:55:31+00:00,125.45068965517238,0.1489655172413793,46.155517241379336,139.17620689655166,28.84655172413794,30.877931034482764,1.4465517241379304,64.11999999999998,0.000889,0.000874,0.001705,17.308965517241397,1
1735,3103,2025-01-22 09:55:39+00:00,2025-01-22 09:55:39+00:00,85.18185185185185,0.1399999999999999,45.80037037037035,96.57666666666668,28.775185185185183,30.2151851851852,1.044444444444445,64.72444444444443,0.000877,0.000808,0.001448,17.02518518518517,1
1736,3124,2025-01-22 09:56:09+00:00,2025-01-22 09:56:09+00:00,25.969000000000005,0.0986666666666666,44.815000000000005,32.324333333333335,28.82400000000001,29.165666666666663,0.39,65.73400000000002,0.000731,0.000689,0.000924,15.990999999999996,1
1737,3125,2025-01-22 09:56:10+00:00,2025-01-22 09:56:10+00:00,27.89793103448277,0.1158620689655172,44.799310344827575,34.87931034482759,28.829310344827583,29.19551724137931,0.3893103448275863,65.77000000000001,0.000758,0.000701,0.000924,15.969999999999992,1
1738,3132,2025-01-22 09:56:19+00:00,2025-01-22 09:56:19+00:00,56.689655172413794,0.1255172413793102,44.7403448275862,64.61999999999999,28.82724137931036,29.41206896551724,0.39,65.08206896551727,0.00084,0.000789,0.0011,15.913103448275836,1
1739,3134,2025-01-22 09:56:22+00:00,2025-01-22 09:56:22+00:00,68.63000000000001,0.1386666666666667,44.94866666666666,79.33333333333334,28.885666666666665,29.741666666666667,0.39,64.90333333333336,0.000899,0.000798,0.001224,16.063,1
1740,3137,2025-01-22 09:56:26+00:00,2025-01-22 09:56:26+00:00,87.3748275862069,0.1462068965517242,45.11965517241377,98.51689655172412,28.953793103448277,30.208965517241374,1.045172413793103,64.97103448275861,0.000902,0.00081,0.00138,16.1658620689655,1
1741,3160,2025-01-22 09:56:56+00:00,2025-01-22 09:56:56+00:00,214.39038461538476,0.1896153846153846,45.55692307692307,232.36692307692311,28.927692307692304,31.853461538461534,2.381153846153847,62.36576923076924,0.00102,0.00109,0.002388,16.629230769230766,1
1742,3176,2025-01-22 09:57:18+00:00,2025-01-22 09:57:18+00:00,186.89677419354828,0.1709677419354838,46.34612903225807,204.17935483870963,28.979354838709693,31.63129032258064,2.0254838709677427,62.78806451612901,0.000954,0.001056,0.002165,17.366774193548377,1
1743,3177,2025-01-22 09:57:19+00:00,2025-01-22 09:57:19+00:00,182.53037037037043,0.2096296296296297,45.95592592592593,200.4018518518517,28.867777777777768,31.490370370370368,1.9770370370370365,62.602592592592586,0.000937,0.001045,0.002125,17.088148148148164,1
1744,3181,2025-01-22 09:57:25+00:00,2025-01-22 09:57:25+00:00,157.6930303030302,0.1633333333333334,46.17696969696969,171.8672727272727,28.911515151515147,31.288787878787872,1.7254545454545454,63.488787878787896,0.000932,0.000982,0.001954,17.265454545454546,1
1745,3221,2025-01-22 09:58:17+00:00,2025-01-22 09:58:17+00:00,47.371,0.1336666666666667,44.83266666666667,55.88200000000001,28.99000000000001,29.513333333333343,0.3890000000000001,65.365,0.000785,0.000727,0.001032,15.842666666666664,1
1746,3244,2025-01-22 09:58:49+00:00,2025-01-22 09:58:49+00:00,195.04448275862063,0.1786206896551724,45.56620689655171,212.96896551724143,29.11000000000001,31.76689655172413,2.125862068965517,62.695862068965525,0.000985,0.001078,0.00227,16.456206896551702,1
1747,3249,2025-01-22 09:58:55+00:00,2025-01-22 09:58:55+00:00,211.90366666666665,0.1783333333333334,45.60333333333334,229.6346666666667,29.024,31.842666666666677,2.3509999999999995,62.08466666666666,0.001035,0.001074,0.002376,16.57933333333334,1
1748,3273,2025-01-22 09:59:27+00:00,2025-01-22 09:59:27+00:00,148.3233333333333,0.149,46.21333333333335,162.14700000000005,29.07466666666668,31.308000000000003,1.6350000000000002,63.711000000000006,0.00091,0.000964,0.001841,17.138666666666673,1
1749,3276,2025-01-22 09:59:32+00:00,2025-01-22 09:59:32+00:00,122.0431034482759,0.1458620689655172,46.13689655172413,135.03413793103442,29.081724137931023,30.960689655172423,1.4213793103448271,64.09758620689655,0.000876,0.000865,0.001677,17.055172413793102,1
1750,3292,2025-01-22 09:59:53+00:00,2025-01-22 09:59:53+00:00,31.38444444444444,0.1074074074074074,45.39222222222223,38.6637037037037,29.116666666666674,29.70185185185185,0.3814814814814816,65.73740740740739,0.000756,0.000692,0.000954,16.275555555555556,1
1751,3297,2025-01-22 09:59:59+00:00,2025-01-22 09:59:59+00:00,22.031724137931032,0.1658620689655172,45.38068965517241,29.68862068965517,29.17551724137931,29.749655172413792,0.3800000000000001,66.1844827586207,0.000702,0.000697,0.000903,16.2051724137931,1
1752,3340,2025-01-22 10:00:56+00:00,2025-01-22 10:00:56+00:00,213.2053124999999,0.1696875,45.943125000000016,231.1296875,29.268125,32.2490625,2.3715625000000005,62.3559375,0.001072,0.001092,0.002358,16.675000000000015,1
1753,3365,2025-01-22 10:01:28+00:00,2025-01-22 10:01:28+00:00,142.39,0.155,46.18250000000002,157.5507142857143,29.21428571428572,31.315357142857145,1.6003571428571426,63.51214285714287,0.000919,0.000929,0.001793,16.968214285714296,1
1754,3389,2025-01-22 10:02:01+00:00,2025-01-22 10:02:01+00:00,19.967741935483875,0.0929032258064516,45.51290322580648,25.65354838709678,29.34870967741936,29.876129032258063,0.3793548387096775,66.18967741935482,0.000711,0.000692,0.000941,16.164193548387114,1
1755,3392,2025-01-22 10:02:06+00:00,2025-01-22 10:02:06+00:00,21.1659375,0.1109375,45.41968750000001,27.2209375,29.355312499999997,29.79812499999999,0.3787500000000002,66.10156249999999,0.000722,0.000739,0.000931,16.064375000000016,1
1756,3395,2025-01-22 10:02:10+00:00,2025-01-22 10:02:10+00:00,27.65,0.1703448275862069,45.16862068965517,35.32,29.297586206896543,29.65862068965518,0.3800000000000001,65.76379310344828,0.000746,0.000744,0.000877,15.871034482758628,1
1757,3396,2025-01-22 10:02:12+00:00,2025-01-22 10:02:12+00:00,32.07655172413793,0.1372413793103448,45.281724137931015,39.40482758620688,29.37862068965517,29.83379310344827,0.3813793103448277,65.87758620689658,0.000746,0.000687,0.000916,15.903103448275845,1
1758,3412,2025-01-22 10:02:33+00:00,2025-01-22 10:02:33+00:00,121.88857142857148,0.1628571428571428,45.45571428571428,133.79428571428568,29.37285714285715,30.966428571428565,1.378928571428571,63.94785714285712,0.000916,0.000918,0.001584,16.08285714285713,1
1759,3418,2025-01-22 10:02:41+00:00,2025-01-22 10:02:41+00:00,161.84481481481478,0.1522222222222222,45.33185185185184,176.08481481481488,29.33000000000001,31.35333333333333,1.7548148148148153,63.332962962962974,0.000945,0.001003,0.001914,16.00185185185183,1
1760,3429,2025-01-22 10:02:56+00:00,2025-01-22 10:02:56+00:00,212.8048484848485,0.1478787878787879,45.81121212121212,229.72848484848475,29.33575757575758,32.20969696969696,2.3803030303030317,62.212121212121225,0.001001,0.001091,0.002387,16.475454545454536,1
1761,3433,2025-01-22 10:03:02+00:00,2025-01-22 10:03:02+00:00,219.90451612903232,0.1983870967741936,46.28870967741936,238.04290322580653,29.389354838709693,32.548387096774185,2.4941935483870976,62.3767741935484,0.001027,0.001146,0.002429,16.899354838709662,1
1762,3445,2025-01-22 10:03:17+00:00,2025-01-22 10:03:17+00:00,193.7846666666666,0.1763333333333333,46.71466666666665,210.219,29.39133333333334,32.349666666666664,2.123333333333334,63.00200000000002,0.00096,0.001104,0.002196,17.323333333333313,1
1763,3465,2025-01-22 10:03:43+00:00,2025-01-22 10:03:43+00:00,68.5737037037037,0.1588888888888889,46.39629629629631,78.25037037037036,29.49296296296298,30.875925925925927,0.3800000000000001,65.44666666666664,0.000833,0.00077,0.00124,16.903333333333325,1
1764,3480,2025-01-22 10:04:03+00:00,2025-01-22 10:04:03+00:00,20.155937499999997,0.1140625,45.6125,26.544687499999988,29.51562499999999,29.9859375,0.3750000000000002,66.26374999999999,0.000704,0.000697,0.000967,16.096875000000008,1
1765,3486,2025-01-22 10:04:11+00:00,2025-01-22 10:04:11+00:00,28.43481481481481,0.1466666666666667,45.11851851851851,35.86333333333334,29.43629629629631,29.71666666666667,0.3800000000000001,65.63333333333334,0.000781,0.000727,0.000932,15.682222222222205,1
1766,3504,2025-01-22 10:04:35+00:00,2025-01-22 10:04:35+00:00,131.00269230769226,0.1465384615384615,45.49076923076924,143.91115384615384,29.49538461538462,31.22576923076923,1.4723076923076923,63.6819230769231,0.000908,0.000926,0.001642,15.99538461538462,1
1767,3510,2025-01-22 10:04:42+00:00,2025-01-22 10:04:42+00:00,165.80928571428566,0.1614285714285714,45.3932142857143,180.14571428571432,29.452142857142864,31.518928571428575,1.7985714285714285,63.203214285714296,0.00097,0.001064,0.001996,15.941071428571435,1
1768,3517,2025-01-22 10:04:53+00:00,2025-01-22 10:04:53+00:00,205.4874193548387,0.2093548387096774,45.74612903225805,224.62741935483876,29.5,32.23064516129032,2.278709677419355,62.38064516129034,0.001012,0.001071,0.002333,16.246129032258047,1
1769,3525,2025-01-22 10:05:03+00:00,2025-01-22 10:05:03+00:00,219.35370370370364,0.1829629629629629,46.207037037037054,237.41629629629617,29.49777777777777,32.52703703703703,2.497777777777778,62.05074074074074,0.001046,0.001124,0.002467,16.70925925925928,1
1770,3526,2025-01-22 10:05:05+00:00,2025-01-22 10:05:05+00:00,218.54437500000003,0.181875,46.523750000000014,237.7568750000001,29.560624999999995,32.7846875,2.5009375,62.26749999999999,0.00102,0.001129,0.002463,16.96312500000002,1
1771,3531,2025-01-22 10:05:11+00:00,2025-01-22 10:05:11+00:00,210.1426666666667,0.1733333333333333,46.435333333333325,227.59933333333336,29.48233333333333,32.46300000000001,2.3706666666666667,62.08466666666666,0.000998,0.001113,0.002343,16.952999999999996,1
1772,3543,2025-01-22 10:05:27+00:00,2025-01-22 10:05:27+00:00,151.25444444444446,0.1407407407407407,46.47259259259261,165.50740740740736,29.51629629629628,31.72148148148147,1.666296296296296,63.46,0.000923,0.000992,0.001883,16.95629629629633,1
1773,3544,2025-01-22 10:05:28+00:00,2025-01-22 10:05:28+00:00,145.36060606060605,0.1575757575757575,46.52121212121212,158.37848484848482,29.51969696969696,31.720606060606062,1.6348484848484852,63.61363636363637,0.000919,0.000949,0.001805,17.001515151515164,1
1774,3547,2025-01-22 10:05:32+00:00,2025-01-22 10:05:32+00:00,124.62107142857144,0.1453571428571428,46.40678571428572,137.24285714285716,29.504999999999992,31.404285714285717,1.4421428571428572,63.84285714285714,0.0009,0.000911,0.001657,16.901785714285726,1
1775,3593,2025-01-22 10:06:34+00:00,2025-01-22 10:06:34+00:00,124.534,0.1526666666666666,45.38300000000001,137.05433333333335,29.600333333333342,31.127999999999982,1.416333333333334,63.924,0.000945,0.000878,0.00158,15.782666666666664,1
1776,3597,2025-01-22 10:06:39+00:00,2025-01-22 10:06:39+00:00,150.66,0.18125,45.53,164.89750000000004,29.59781250000001,31.51968749999999,1.6621875000000002,63.444062500000015,0.000939,0.000965,0.001822,15.93218749999998,1
1777,3610,2025-01-22 10:06:57+00:00,2025-01-22 10:06:57+00:00,213.11857142857133,0.1892857142857143,46.18928571428573,231.77142857142857,29.70928571428573,32.64857142857142,2.401071428571428,62.25107142857142,0.001027,0.001158,0.00238,16.48,1
1778,3628,2025-01-22 10:07:21+00:00,2025-01-22 10:07:21+00:00,178.37000000000003,0.1692592592592592,47.10888888888888,194.6048148148149,29.73259259259258,32.579259259259274,1.9514814814814812,63.366296296296326,0.000975,0.001048,0.002059,17.376296296296296,1
1779,3654,2025-01-22 10:07:55+00:00,2025-01-22 10:07:55+00:00,28.554285714285715,0.1432142857142857,45.67214285714287,36.1492857142857,29.70892857142858,30.16392857142856,0.3767857142857144,65.84892857142854,0.000742,0.000778,0.000945,15.963214285714294,1
1780,3683,2025-01-22 10:08:33+00:00,2025-01-22 10:08:33+00:00,119.15935483870967,0.1693548387096774,45.816774193548405,131.89419354838714,29.8525806451613,31.439999999999987,1.35741935483871,64.2035483870968,0.000951,0.000897,0.00159,15.964193548387104,1
1781,3709,2025-01-22 10:09:09+00:00,2025-01-22 10:09:09+00:00,213.9399999999999,0.1821428571428572,46.861428571428576,232.1692857142856,29.862857142857155,33.01642857142858,2.442499999999999,62.21714285714286,0.00102,0.00112,0.002412,16.99857142857142,1
1782,3713,2025-01-22 10:09:14+00:00,2025-01-22 10:09:14+00:00,203.99928571428575,0.1721428571428571,46.92249999999998,221.0782142857142,29.870000000000005,32.91392857142858,2.2860714285714288,62.63107142857142,0.001004,0.001088,0.002305,17.052499999999974,1
1783,3717,2025-01-22 10:09:19+00:00,2025-01-22 10:09:19+00:00,187.34629629629623,0.2207407407407407,47.01666666666669,204.4366666666667,29.87037037037037,32.65962962962964,2.068518518518518,62.96074074074076,0.000948,0.001085,0.002153,17.14629629629632,1
1784,3735,2025-01-22 10:09:43+00:00,2025-01-22 10:09:43+00:00,70.84758620689657,0.1510344827586206,46.39379310344827,81.6703448275862,29.85758620689656,31.06827586206896,0.3720689655172412,65.09517241379311,0.000836,0.000776,0.001274,16.53620689655171,1
1785,3745,2025-01-22 10:09:56+00:00,2025-01-22 10:09:56+00:00,26.300666666666665,0.1319999999999999,45.61433333333334,34.294,29.798666666666676,30.198333333333338,0.3719999999999999,65.56533333333336,0.000723,0.000697,0.000933,15.815666666666669,1
1786,3746,2025-01-22 10:09:57+00:00,2025-01-22 10:09:57+00:00,25.11689655172413,0.1375862068965516,45.74206896551724,31.50517241379309,29.836551724137937,30.28206896551725,0.3713793103448274,65.85827586206895,0.000728,0.000707,0.000927,15.905517241379304,1
1787,3769,2025-01-22 10:10:27+00:00,2025-01-22 10:10:27+00:00,86.972,0.18,45.47433333333333,98.40100000000002,29.857333333333333,30.852666666666675,1.0489999999999997,64.498,0.000891,0.000803,0.001394,15.616999999999994,1
1788,3806,2025-01-22 10:11:16+00:00,2025-01-22 10:11:16+00:00,197.269375,0.1768750000000001,47.04375,215.8796875,30.008125,32.955625,2.1925000000000003,62.693437500000016,0.00098,0.001106,0.002247,17.035625000000003,1
1789,3815,2025-01-22 10:11:27+00:00,2025-01-22 10:11:27+00:00,152.40407407407406,0.172962962962963,46.76777777777777,167.7385185185185,29.874444444444435,32.167777777777786,1.7014814814814814,63.25666666666667,0.000954,0.000946,0.001855,16.893333333333338,1
1790,3831,2025-01-22 10:11:50+00:00,2025-01-22 10:11:50+00:00,42.81620689655171,0.16,46.23172413793103,52.27034482758622,29.99,30.804137931034475,0.3699999999999998,65.64655172413792,0.000806,0.000728,0.001089,16.241724137931026,1
1791,3879,2025-01-22 10:12:53+00:00,2025-01-22 10:12:53+00:00,204.48600000000008,0.1810000000000001,46.25233333333333,221.08866666666668,30.119666666666667,32.812,2.2823333333333338,62.27433333333334,0.000994,0.001099,0.002283,16.132666666666665,1
1792,3880,2025-01-22 10:12:54+00:00,2025-01-22 10:12:54+00:00,207.0332142857144,0.1817857142857142,46.066785714285736,224.87107142857144,30.03464285714287,32.75464285714286,2.3192857142857144,62.12107142857143,0.000975,0.001078,0.002357,16.032142857142865,1
1793,3881,2025-01-22 10:12:55+00:00,2025-01-22 10:12:55+00:00,209.76874999999995,0.1834375,46.2584375,226.97156250000003,30.095312500000013,32.88531250000001,2.3556249999999994,62.246875,0.001006,0.00108,0.002338,16.163124999999987,1
1794,3890,2025-01-22 10:13:07+00:00,2025-01-22 10:13:07+00:00,218.26689655172413,0.1920689655172414,47.04137931034484,235.2344827586207,30.14448275862068,33.45586206896552,2.5010344827586217,62.55379310344827,0.000996,0.001137,0.002444,16.89689655172416,1
1795,3891,2025-01-22 10:13:08+00:00,2025-01-22 10:13:08+00:00,215.51612903225808,0.1812903225806452,46.87451612903227,233.85129032258072,30.146451612903228,33.25999999999999,2.482258064516129,62.17096774193549,0.001011,0.001123,0.002421,16.728064516129045,1
1796,3911,2025-01-22 10:13:35+00:00,2025-01-22 10:13:35+00:00,112.06428571428567,0.1757142857142858,46.74857142857143,124.5232142857143,30.090357142857155,31.838928571428564,1.327142857142857,64.21678571428572,0.000886,0.000877,0.001672,16.658214285714276,1
1797,3918,2025-01-22 10:13:45+00:00,2025-01-22 10:13:45+00:00,63.57214285714285,0.1517857142857143,46.35964285714285,73.6025,30.13392857142857,31.121785714285725,0.3771428571428569,65.01821428571427,0.00081,0.000768,0.001212,16.225714285714286,1
1798,3945,2025-01-22 10:14:20+00:00,2025-01-22 10:14:20+00:00,54.30133333333334,0.1223333333333333,45.53,62.671,30.11333333333333,30.638333333333343,0.3729999999999999,64.86900000000001,0.000813,0.000769,0.001144,15.416666666666671,1
1799,3949,2025-01-22 10:14:26+00:00,2025-01-22 10:14:26+00:00,79.97033333333333,0.104,45.68266666666667,90.45600000000005,30.161,31.09300000000001,0.5246666666666667,64.66133333333333,0.000878,0.000834,0.001321,15.521666666666668,1
1800,3997,2025-01-22 10:15:30+00:00,2025-01-22 10:15:30+00:00,139.73068965517243,0.1617241379310345,47.28793103448276,153.44379310344823,30.34275862068965,32.61586206896552,1.593448275862069,63.85724137931033,0.000922,0.000928,0.001761,16.945172413793106,1
1801,4010,2025-01-22 10:15:47+00:00,2025-01-22 10:15:47+00:00,55.307500000000005,0.11875,46.40656250000001,63.683749999999975,30.274062499999975,31.209687499999998,0.3709374999999998,65.14781249999997,0.000812,0.000765,0.001159,16.13250000000003,1
1802,4018,2025-01-22 10:15:57+00:00,2025-01-22 10:15:57+00:00,25.41999999999999,0.142,46.09000000000002,33.69599999999999,30.268999999999988,30.763333333333325,0.3699999999999998,65.63033333333331,0.000729,0.000686,0.000873,15.82100000000003,1
1803,4023,2025-01-22 10:16:04+00:00,2025-01-22 10:16:04+00:00,19.53766666666667,0.1163333333333332,45.85466666666666,26.299666666666663,30.306333333333328,30.66933333333333,0.3699999999999998,66.05633333333334,0.000688,0.000686,0.000899,15.548333333333332,1
1804,4038,2025-01-22 10:16:24+00:00,2025-01-22 10:16:24+00:00,70.74111111111108,0.1648148148148148,45.77,80.74814814814815,30.30629629629628,31.179629629629638,0.3699999999999999,64.90703703703701,0.000838,0.000807,0.001199,15.463703703703718,1
1805,4046,2025-01-22 10:16:34+00:00,2025-01-22 10:16:34+00:00,121.20709677419354,0.1564516129032257,45.84387096774193,132.67645161290326,30.341612903225823,31.85161290322581,1.3970967741935485,64.01451612903227,0.000913,0.00087,0.00157,15.502258064516102,1
1806,4068,2025-01-22 10:17:04+00:00,2025-01-22 10:17:04+00:00,219.16724137931047,0.1889655172413793,46.73206896551725,236.61620689655177,30.363793103448277,33.386551724137924,2.5431034482758617,62.02275862068965,0.00102,0.001132,0.002523,16.368275862068977,1
1807,4101,2025-01-22 10:17:49+00:00,2025-01-22 10:17:49+00:00,48.8732142857143,0.1060714285714286,46.39571428571427,56.62464285714288,30.410357142857126,31.21964285714285,0.3707142857142856,65.30214285714287,0.000781,0.000775,0.001144,15.985357142857143,1
1808,4108,2025-01-22 10:17:58+00:00,2025-01-22 10:17:58+00:00,24.2703125,0.129375,46.02874999999999,31.620312500000004,30.426249999999992,30.789375000000003,0.3750000000000003,65.72687499999998,0.000738,0.0007,0.000916,15.602499999999996,1
1809,4116,2025-01-22 10:18:10+00:00,2025-01-22 10:18:10+00:00,24.709354838709668,0.132258064516129,45.84032258064515,31.32935483870968,30.447741935483887,30.827419354838703,0.3699999999999998,65.78225806451611,0.00077,0.00071,0.000886,15.392580645161264,1
1810,4129,2025-01-22 10:18:27+00:00,2025-01-22 10:18:27+00:00,84.58892857142853,0.1571428571428572,46.19571428571429,94.355,30.574285714285725,31.78964285714286,1.0328571428571427,64.99249999999999,0.000878,0.000834,0.001382,15.621428571428565,1
1811,4201,2025-01-22 10:20:03+00:00,2025-01-22 10:20:03+00:00,19.147037037037038,0.1385185185185185,46.12074074074074,25.965555555555557,30.61666666666667,31.01592592592592,0.3699999999999999,66.0677777777778,0.000706,0.000712,0.001048,15.504074074074072,1
1812,4224,2025-01-22 10:20:33+00:00,2025-01-22 10:20:33+00:00,113.36833333333328,0.143,46.02333333333332,124.97033333333331,30.633,32.03066666666667,1.3223333333333338,64.14333333333333,0.000959,0.00086,0.001627,15.39033333333332,1
1813,4239,2025-01-22 10:20:54+00:00,2025-01-22 10:20:54+00:00,206.2524999999999,0.1924999999999999,46.76428571428569,222.94035714285724,30.754642857142844,33.67642857142856,2.318928571428572,62.66607142857142,0.000995,0.00104,0.002373,16.009642857142847,1
1814,4246,2025-01-22 10:21:03+00:00,2025-01-22 10:21:03+00:00,218.5207692307692,0.1738461538461538,46.89692307692307,237.02038461538464,30.684615384615405,33.66307692307692,2.5330769230769232,62.04269230769231,0.001031,0.00111,0.002536,16.212307692307668,1
1815,4290,2025-01-22 10:22:01+00:00,2025-01-22 10:22:01+00:00,20.841034482758616,0.1248275862068965,46.52482758620692,27.26517241379312,30.79517241379309,31.3303448275862,0.3689655172413791,66.07068965517244,0.000728,0.00071,0.000952,15.729655172413828,1
1816,4291,2025-01-22 10:22:02+00:00,2025-01-22 10:22:02+00:00,19.733103448275862,0.1420689655172413,46.261379310344815,27.78620689655173,30.67689655172415,31.00379310344828,0.3699999999999998,65.63793103448275,0.000722,0.000753,0.000983,15.584482758620666,1
1817,4348,2025-01-22 10:23:18+00:00,2025-01-22 10:23:18+00:00,195.27444444444444,0.1737037037037036,47.49666666666668,211.56296296296296,30.858518518518505,33.6874074074074,2.19925925925926,62.52629629629632,0.000973,0.001058,0.002271,16.638148148148172,1
1818,4349,2025-01-22 10:23:19+00:00,2025-01-22 10:23:19+00:00,191.589696969697,0.1757575757575757,47.407272727272726,207.1027272727273,30.82545454545455,33.60484848484848,2.149090909090909,62.55363636363638,0.000967,0.001051,0.002219,16.581818181818175,1
1819,4359,2025-01-22 10:23:34+00:00,2025-01-22 10:23:34+00:00,121.64709677419356,0.1619354838709677,47.18580645161288,134.40354838709678,30.8,32.59,1.4409677419354838,63.73322580645162,0.000909,0.000855,0.001646,16.385806451612883,1
1820,4396,2025-01-22 10:24:23+00:00,2025-01-22 10:24:23+00:00,63.84799999999999,0.129,46.49733333333334,72.82433333333333,31.011333333333337,31.906666666666656,0.3703333333333332,65.31233333333333,0.000953,0.000802,0.001168,15.486,1
1821,4402,2025-01-22 10:24:31+00:00,2025-01-22 10:24:31+00:00,101.09807692307692,0.1411538461538461,46.22192307692306,112.37923076923076,30.90807692307692,32.14423076923078,1.1973076923076922,64.27192307692306,0.000982,0.000947,0.001553,15.313846153846146,1
1822,4403,2025-01-22 10:24:33+00:00,2025-01-22 10:24:33+00:00,113.12354838709678,0.1574193548387097,46.55612903225807,124.21548387096772,31.033870967741947,32.55870967741935,1.313548387096774,64.49806451612902,0.000999,0.000919,0.001627,15.522258064516125,1
1823,4409,2025-01-22 10:24:40+00:00,2025-01-22 10:24:40+00:00,148.3538709677419,0.1751612903225806,46.19709677419357,162.6329032258065,30.858064516129023,32.655806451612904,1.669032258064516,63.16129032258063,0.00096,0.00094,0.001843,15.339032258064542,1
1824,4438,2025-01-22 10:25:21+00:00,2025-01-22 10:25:21+00:00,183.54066666666665,0.158,47.52133333333335,198.77833333333336,30.96400000000001,33.68666666666666,2.056666666666666,62.75200000000002,0.000945,0.001031,0.002156,16.55733333333334,1
1825,4443,2025-01-22 10:25:28+00:00,2025-01-22 10:25:28+00:00,153.69199999999998,0.1653333333333333,47.58933333333333,167.88800000000003,31.019333333333336,33.35066666666666,1.7246666666666666,63.64333333333334,0.000937,0.000927,0.001888,16.569999999999993,1
1826,4451,2025-01-22 10:25:38+00:00,2025-01-22 10:25:38+00:00,100.76758620689654,0.1451724137931034,47.340689655172426,112.9893103448276,31.00689655172414,32.63,1.2303448275862068,64.5003448275862,0.000937,0.000822,0.001562,16.333793103448286,1
1827,4468,2025-01-22 10:26:00+00:00,2025-01-22 10:26:00+00:00,22.546000000000003,0.1399999999999999,46.64433333333336,29.37266666666668,31.069999999999983,31.621000000000013,0.3636666666666665,66.04833333333333,0.000716,0.000665,0.000908,15.57433333333337,1
1828,4475,2025-01-22 10:26:10+00:00,2025-01-22 10:26:10+00:00,24.15666666666667,0.144,46.42633333333333,30.707000000000004,31.07766666666665,31.535666666666675,0.3659999999999999,66.01866666666665,0.000729,0.000683,0.000967,15.34866666666668,1
1829,4476,2025-01-22 10:26:11+00:00,2025-01-22 10:26:11+00:00,25.6,0.1337931034482758,46.12241379310345,32.657586206896546,30.94413793103448,31.239310344827583,0.3668965517241378,65.50275862068969,0.00073,0.000696,0.000924,15.178275862068968,1
1830,4484,2025-01-22 10:26:21+00:00,2025-01-22 10:26:21+00:00,54.497241379310346,0.126551724137931,46.21172413793103,62.87827586206898,31.026896551724136,31.69517241379309,0.3693103448275861,64.88413793103447,0.000876,0.000836,0.001153,15.184827586206891,1
1831,4497,2025-01-22 10:26:40+00:00,2025-01-22 10:26:40+00:00,147.74111111111108,0.1592592592592592,46.80592592592593,161.28333333333336,31.18851851851851,33.28037037037037,1.6677777777777782,63.91185185185186,0.000935,0.000923,0.00179,15.617407407407423,1
1832,4504,2025-01-22 10:26:49+00:00,2025-01-22 10:26:49+00:00,187.74655172413787,0.1893103448275862,46.6086206896552,203.23103448275864,31.05862068965516,33.53103448275862,2.1106896551724144,62.71344827586208,0.000991,0.00105,0.002266,15.550000000000036,1
1833,4530,2025-01-22 10:27:24+00:00,2025-01-22 10:27:24+00:00,171.95687499999997,0.1846875,47.693750000000016,188.70343750000004,31.107812500000005,33.69249999999999,1.913125,63.17968749999999,0.00096,0.000992,0.002052,16.58593750000001,1
1834,4537,2025-01-22 10:27:33+00:00,2025-01-22 10:27:33+00:00,127.44548387096778,0.1416129032258064,47.42032258064516,140.95645161290324,31.11290322580645,33.07870967741935,1.5041935483870963,63.82516129032257,0.000924,0.000894,0.001654,16.307419354838714,1
1835,4542,2025-01-22 10:27:40+00:00,2025-01-22 10:27:40+00:00,93.00812500000002,0.146875,47.40625000000001,102.68374999999996,31.16062499999999,32.675625,1.1409374999999995,64.7528125,0.000893,0.000801,0.001494,16.245625000000018,1
1836,4557,2025-01-22 10:28:00+00:00,2025-01-22 10:28:00+00:00,22.70551724137932,0.0924137931034483,46.45586206896552,28.709310344827585,31.17965517241378,31.51310344827585,0.365862068965517,65.9955172413793,0.000777,0.000686,0.000934,15.27620689655174,1
1837,4562,2025-01-22 10:28:08+00:00,2025-01-22 10:28:08+00:00,21.67448275862069,0.163103448275862,46.18034482758621,27.965517241379317,31.149310344827583,31.312758620689653,0.3627586206896551,65.64999999999999,0.000716,0.000709,0.001,15.031034482758628,1
1838,4564,2025-01-22 10:28:10+00:00,2025-01-22 10:28:10+00:00,23.695185185185185,0.1022222222222222,46.28999999999999,29.033703703703697,31.162962962962958,31.531851851851865,0.3674074074074073,65.87148148148147,0.000735,0.000698,0.000938,15.127037037037038,1
1839,4572,2025-01-22 10:28:21+00:00,2025-01-22 10:28:21+00:00,54.57843750000001,0.126875,46.38374999999998,62.2121875,31.2153125,32.06187500000001,0.3665624999999998,65.3728125,0.000826,0.000791,0.001111,15.168437499999978,1
1840,4596,2025-01-22 10:28:52+00:00,2025-01-22 10:28:52+00:00,197.67172413793097,0.1813793103448275,47.30172413793103,214.66482758620683,31.34068965517243,34.38068965517242,2.237241379310345,62.799655172413765,0.001025,0.001046,0.002387,15.961034482758604,1
1841,4598,2025-01-22 10:28:55+00:00,2025-01-22 10:28:55+00:00,205.87870967741927,0.1709677419354838,46.90419354838712,223.22096774193548,31.209677419354843,34.00967741935484,2.370967741935483,62.2851612903226,0.001008,0.001067,0.002469,15.694516129032277,1
1842,4602,2025-01-22 10:29:00+00:00,2025-01-22 10:29:00+00:00,217.98935483870963,0.1909677419354839,47.122580645161285,233.2803225806451,31.19548387096776,34.198387096774205,2.5135483870967743,62.042580645161294,0.001039,0.001094,0.002551,15.927096774193526,1
1843,4617,2025-01-22 10:29:20+00:00,2025-01-22 10:29:20+00:00,188.8486206896552,0.1910344827586207,47.68655172413794,206.34965517241375,31.22000000000001,34.00758620689656,2.1448275862068957,62.71344827586207,0.000991,0.001062,0.002275,16.466551724137936,1
1844,4636,2025-01-22 10:29:45+00:00,2025-01-22 10:29:45+00:00,68.64200000000001,0.1319999999999999,47.087666666666685,79.35066666666667,31.212000000000003,32.346333333333334,0.3653333333333332,64.84133333333334,0.000824,0.000799,0.001288,15.875666666666682,1
1845,4637,2025-01-22 10:29:46+00:00,2025-01-22 10:29:46+00:00,64.63259259259256,0.1307407407407407,47.17370370370372,73.0714814814815,31.250740740740746,32.41444444444443,0.3625925925925926,65.10740740740738,0.00081,0.000812,0.001224,15.92296296296297,1
1846,4649,2025-01-22 10:30:02+00:00,2025-01-22 10:30:02+00:00,20.611379310344837,0.1368965517241379,46.56620689655172,27.07448275862068,31.284827586206887,31.73379310344826,0.3613793103448275,66.00413793103448,0.000693,0.000678,0.000935,15.281379310344832,1
1847,4676,2025-01-22 10:30:37+00:00,2025-01-22 10:30:37+00:00,130.84333333333333,0.1666666666666666,46.52933333333333,142.68866666666662,31.342,32.95533333333334,1.512,63.81633333333333,0.000925,0.000937,0.001633,15.187333333333324,1
1848,4701,2025-01-22 10:31:10+00:00,2025-01-22 10:31:10+00:00,216.3892592592592,0.2025925925925925,47.8611111111111,234.25296296296293,31.430740740740728,34.70296296296297,2.5570370370370377,62.205925925925925,0.001007,0.001154,0.002522,16.430370370370373,1
1849,4712,2025-01-22 10:31:24+00:00,2025-01-22 10:31:24+00:00,173.8252,0.1716,48.16120000000001,189.15840000000009,31.490399999999987,34.2296,1.956,63.30040000000001,0.000935,0.00102,0.002045,16.67080000000002,1
1850,4771,2025-01-22 10:32:44+00:00,2025-01-22 10:32:44+00:00,165.65199999999993,0.1633333333333334,46.71899999999999,178.5623333333333,31.491000000000003,33.60366666666668,1.8503333333333327,63.10500000000001,0.000954,0.000982,0.001991,15.227999999999984,1
1851,4778,2025-01-22 10:32:55+00:00,2025-01-22 10:32:55+00:00,206.20827586206903,0.1679310344827586,47.14586206896553,221.65689655172412,31.499655172413792,34.347931034482755,2.36448275862069,62.30241379310345,0.001004,0.001091,0.002404,15.646206896551735,1
1852,4787,2025-01-22 10:33:06+00:00,2025-01-22 10:33:06+00:00,218.7175,0.1578571428571429,48.08285714285715,237.09142857142857,31.65892857142859,35.01464285714285,2.6207142857142856,62.326428571428565,0.001055,0.001169,0.002562,16.42392857142856,1
1853,4801,2025-01-22 10:33:25+00:00,2025-01-22 10:33:25+00:00,169.46066666666675,0.1753333333333334,47.97433333333333,185.617,31.531333333333325,34.14433333333333,1.9143333333333328,63.121,0.00093,0.001012,0.002045,16.443,1
1854,4816,2025-01-22 10:33:46+00:00,2025-01-22 10:33:46+00:00,65.72964285714286,0.1546428571428571,47.5425,75.23821428571429,31.561071428571417,32.8332142857143,0.3642857142857142,65.21642857142857,0.000894,0.0008,0.001268,15.98142857142858,1
1855,4829,2025-01-22 10:34:03+00:00,2025-01-22 10:34:03+00:00,20.20785714285714,0.1335714285714286,46.85642857142857,27.28035714285713,31.611785714285723,32.068928571428565,0.3603571428571429,65.96214285714288,0.000696,0.000756,0.00099,15.24464285714285,1
1856,4835,2025-01-22 10:34:11+00:00,2025-01-22 10:34:11+00:00,24.647142857142857,0.1310714285714285,46.553214285714304,31.851785714285704,31.592142857142857,31.956428571428567,0.3607142857142857,65.88892857142858,0.000695,0.000714,0.000949,14.961071428571447,1
1857,4849,2025-01-22 10:34:29+00:00,2025-01-22 10:34:29+00:00,87.86419354838705,0.116774193548387,46.596774193548384,97.88645161290324,31.56806451612901,32.59516129032258,1.0900000000000003,64.30612903225807,0.000857,0.000823,0.001408,15.028709677419377,1
1858,4860,2025-01-22 10:34:43+00:00,2025-01-22 10:34:43+00:00,158.13393939393936,0.1733333333333333,47.08545454545453,173.3251515151515,31.740303030303046,33.85575757575758,1.7996969696969691,63.46060606060607,0.000913,0.000972,0.001937,15.345151515151484,1
1859,4874,2025-01-22 10:35:02+00:00,2025-01-22 10:35:02+00:00,217.37599999999995,0.1533333333333334,47.43533333333335,233.2946666666666,31.66799999999999,34.706,2.5699999999999985,62.016666666666666,0.00098,0.001146,0.002462,15.767333333333358,1
1860,4907,2025-01-22 10:35:46+00:00,2025-01-22 10:35:46+00:00,66.47448275862068,0.1741379310344827,47.45862068965516,76.69413793103446,31.67793103448275,32.826896551724126,0.3651724137931034,64.9406896551724,0.000822,0.000784,0.001251,15.780689655172411,1
1861,4923,2025-01-22 10:36:09+00:00,2025-01-22 10:36:09+00:00,21.40142857142857,0.1389285714285714,47.0907142857143,28.07321428571429,31.83892857142856,32.42142857142857,0.36,66.29428571428569,0.000689,0.000737,0.000925,15.251785714285738,1
1862,4931,2025-01-22 10:36:20+00:00,2025-01-22 10:36:20+00:00,46.74115384615384,0.1323076923076923,46.86153846153847,55.62807692307693,31.76076923076923,32.50807692307693,0.36,65.3953846153846,0.000836,0.000759,0.00115,15.100769230769234,1
1863,4957,2025-01-22 10:36:54+00:00,2025-01-22 10:36:54+00:00,202.03500000000005,0.1788461538461539,47.24807692307692,218.85576923076923,31.78192307692307,34.58038461538462,2.3473076923076923,62.45500000000003,0.000995,0.001137,0.002409,15.466153846153844,1
1864,4964,2025-01-22 10:37:04+00:00,2025-01-22 10:37:04+00:00,219.34400000000005,0.1756666666666667,47.63900000000002,235.4470000000001,31.772999999999996,34.846999999999994,2.6026666666666665,62.03866666666669,0.001002,0.001179,0.002575,15.866000000000032,1
1865,4998,2025-01-22 10:37:48+00:00,2025-01-22 10:37:48+00:00,58.31592592592593,0.1318518518518518,47.49259259259258,67.3537037037037,31.785555555555536,32.83333333333334,0.36,65.1985185185185,0.000825,0.000767,0.001195,15.707037037037043,1
1866,5095,2025-01-22 10:39:57+00:00,2025-01-22 10:39:57+00:00,29.63593750000001,0.1509374999999999,47.444375,37.024375,31.977812499999995,32.80500000000001,0.3659374999999998,66.06374999999998,0.000765,0.00071,0.001062,15.466562499999998,1
1867,5111,2025-01-22 10:40:18+00:00,2025-01-22 10:40:18+00:00,39.684814814814814,0.1355555555555556,47.15222222222221,46.75555555555556,32.064814814814795,32.768888888888874,0.36,65.84814814814816,0.000788,0.000715,0.00107,15.087407407407412,1
1868,5142,2025-01-22 10:41:00+00:00,2025-01-22 10:41:00+00:00,215.0392857142858,0.1807142857142857,47.52571428571427,232.0689285714286,32.00107142857142,34.850357142857135,2.561785714285715,61.78499999999998,0.001012,0.001128,0.00252,15.524642857142853,1
1869,5149,2025-01-22 10:41:09+00:00,2025-01-22 10:41:09+00:00,217.5853571428572,0.1435714285714286,48.50964285714286,234.87821428571436,32.22178571428572,35.47464285714286,2.6278571428571422,62.24535714285712,0.001019,0.00116,0.002602,16.287857142857135,1
1870,5155,2025-01-22 10:41:17+00:00,2025-01-22 10:41:17+00:00,202.28374999999997,0.1665625,48.24375,218.85093749999987,32.03937499999999,34.99625000000002,2.3659375,62.35656250000002,0.001004,0.001106,0.002405,16.204375000000006,1
1871,5162,2025-01-22 10:41:26+00:00,2025-01-22 10:41:26+00:00,168.24612903225807,0.1593548387096774,48.17483870967741,183.09806451612903,32.00967741935483,34.44064516129032,1.9170967741935476,62.83483870967744,0.00094,0.000978,0.00206,16.16516129032258,1
1872,5170,2025-01-22 10:41:36+00:00,2025-01-22 10:41:36+00:00,118.19000000000004,0.1307142857142857,48.0142857142857,130.7189285714286,32.0317857142857,33.915357142857154,1.4453571428571428,63.85142857142859,0.000892,0.000858,0.001653,15.982500000000002,1
1873,5172,2025-01-22 10:41:39+00:00,2025-01-22 10:41:39+00:00,103.01548387096771,0.1180645161290322,48.44612903225807,113.97870967741936,32.17483870967741,34.005806451612905,1.2687096774193551,64.79645161290323,0.000899,0.000826,0.00162,16.27129032258066,1
1874,5189,2025-01-22 10:42:01+00:00,2025-01-22 10:42:01+00:00,23.06413793103449,0.1237931034482758,47.143103448275866,28.98068965517241,32.05931034482759,32.484137931034496,0.36,65.64172413793102,0.0007,0.000677,0.000923,15.08379310344828,1
1875,5207,2025-01-22 10:42:25+00:00,2025-01-22 10:42:25+00:00,65.92518518518519,0.1459259259259259,47.45333333333334,74.0014814814815,32.272222222222226,33.326666666666675,0.36,65.3862962962963,0.000872,0.000792,0.001209,15.181111111111116,1
1876,5208,2025-01-22 10:42:26+00:00,2025-01-22 10:42:26+00:00,70.3609677419355,0.1364516129032258,47.10129032258065,79.15935483870967,32.140322580645154,32.94032258064515,0.3599999999999999,64.80483870967741,0.000866,0.000793,0.001264,14.960967741935498,1
1877,5213,2025-01-22 10:42:33+00:00,2025-01-22 10:42:33+00:00,104.60484848484847,0.1318181818181818,46.96818181818181,114.59030303030303,32.09151515151517,33.374242424242425,1.2696969696969695,64.24090909090908,0.000946,0.000862,0.001594,14.876666666666644,1
1878,5231,2025-01-22 10:42:59+00:00,2025-01-22 10:42:59+00:00,212.8225806451613,0.1719354838709677,47.62677419354837,229.83129032258057,32.150967741935474,35.01,2.520967741935484,62.16580645161291,0.001005,0.001123,0.00255,15.475806451612897,1
1879,5250,2025-01-22 10:43:24+00:00,2025-01-22 10:43:24+00:00,177.16878787878792,0.1557575757575758,48.3927272727273,192.64272727272737,32.17909090909092,34.874242424242425,2.044242424242425,62.93272727272728,0.000968,0.001034,0.002174,16.213636363636382,1
1880,5256,2025-01-22 10:43:32+00:00,2025-01-22 10:43:32+00:00,139.03156250000004,0.1449999999999999,48.52906249999999,153.38625000000002,32.23093750000001,34.554687500000014,1.6487500000000002,63.69593750000004,0.000935,0.000908,0.001811,16.298124999999978,1
1881,5257,2025-01-22 10:43:33+00:00,2025-01-22 10:43:33+00:00,135.26862068965517,0.1572413793103448,48.24896551724139,148.1613793103448,32.13689655172413,34.24379310344828,1.5993103448275865,63.57275862068968,0.000936,0.000912,0.001745,16.11206896551726,1
1882,5273,2025-01-22 10:43:54+00:00,2025-01-22 10:43:54+00:00,38.00148148148149,0.1222222222222222,47.55148148148149,45.87592592592593,32.18185185185185,32.918888888888894,0.3618518518518519,65.58925925925926,0.00078,0.000704,0.001065,15.369629629629635,1
1883,5274,2025-01-22 10:43:55+00:00,2025-01-22 10:43:55+00:00,35.87645161290323,0.1425806451612903,47.53483870967742,43.77032258064516,32.18677419354838,32.92451612903225,0.3599999999999999,65.70967741935485,0.000768,0.000702,0.001065,15.348064516129044,1
1884,5281,2025-01-22 10:44:04+00:00,2025-01-22 10:44:04+00:00,20.21878787878788,0.1303030303030302,47.097272727272745,26.329393939393924,32.20545454545456,32.62757575757576,0.3599999999999999,65.89969696969699,0.000694,0.0007,0.000987,14.891818181818188,1
1885,5292,2025-01-22 10:44:19+00:00,2025-01-22 10:44:19+00:00,42.421666666666695,0.1266666666666666,46.94199999999999,49.46333333333333,32.22000000000001,32.74866666666667,0.36,65.20766666666667,0.000852,0.00075,0.001035,14.72199999999998,1
1886,5298,2025-01-22 10:44:27+00:00,2025-01-22 10:44:27+00:00,74.11862068965516,0.1517241379310344,47.388965517241374,83.88344827586207,32.373448275862096,33.40586206896552,0.4013793103448276,65.10620689655171,0.000864,0.000874,0.001288,15.015517241379278,1
1887,5332,2025-01-22 10:45:14+00:00,2025-01-22 10:45:14+00:00,211.63580645161295,0.2064516129032258,48.35548387096775,228.1935483870968,32.27677419354838,35.33645161290322,2.4890322580645163,61.994516129032256,0.001044,0.001129,0.002513,16.078709677419376,1
1888,5351,2025-01-22 10:45:39+00:00,2025-01-22 10:45:39+00:00,104.96964285714284,0.1475,48.50750000000001,116.33892857142855,32.372142857142855,34.24678571428572,1.2967857142857149,64.40464285714286,0.00091,0.000843,0.001664,16.135357142857153,1
1889,5388,2025-01-22 10:46:27+00:00,2025-01-22 10:46:27+00:00,72.73172413793104,0.1624137931034484,47.067241379310346,82.84206896551723,32.40448275862069,33.28275862068966,0.3972413793103449,64.81379310344825,0.000883,0.000831,0.001311,14.662758620689658,1
1890,5403,2025-01-22 10:46:47+00:00,2025-01-22 10:46:47+00:00,171.7521428571429,0.1417857142857143,47.410714285714285,186.0289285714286,32.43500000000002,34.690000000000005,1.9782142857142853,62.93178571428571,0.000958,0.001034,0.00212,14.975714285714268,1
1891,5415,2025-01-22 10:47:04+00:00,2025-01-22 10:47:04+00:00,218.92548387096775,0.2070967741935484,48.25032258064514,236.3229032258064,32.51548387096774,35.64967741935484,2.6267741935483877,62.26709677419354,0.001002,0.001145,0.002613,15.734838709677398,1
1892,5442,2025-01-22 10:47:39+00:00,2025-01-22 10:47:39+00:00,104.24034482758624,0.1475862068965517,48.352413793103445,116.23275862068964,32.49551724137932,34.26793103448274,1.3010344827586209,64.43275862068967,0.000897,0.000849,0.001611,15.856896551724128,1
1893,5465,2025-01-22 10:48:09+00:00,2025-01-22 10:48:09+00:00,20.427777777777777,0.1048148148148148,47.30259259259257,26.5474074074074,32.53814814814813,32.93407407407408,0.36,65.99814814814813,0.000711,0.000725,0.000967,14.764444444444436,1
1894,5467,2025-01-22 10:48:12+00:00,2025-01-22 10:48:12+00:00,24.600344827586216,0.153448275862069,47.17103448275863,31.114827586206893,32.505862068965506,32.847586206896544,0.3610344827586206,65.55551724137932,0.000798,0.000714,0.000974,14.665172413793124,1
1895,5471,2025-01-22 10:48:17+00:00,2025-01-22 10:48:17+00:00,34.70181818181819,0.1442424242424242,47.18818181818182,42.09333333333333,32.5730303030303,33.01818181818182,0.3599999999999999,65.35878787878785,0.000763,0.000689,0.001045,14.615151515151515,1
1896,5486,2025-01-22 10:48:37+00:00,2025-01-22 10:48:37+00:00,123.20178571428572,0.1582142857142857,47.37035714285715,134.73785714285717,32.57321428571429,34.03107142857143,1.4775000000000005,63.77678571428571,0.000923,0.000897,0.001633,14.79714285714286,1
1897,5509,2025-01-22 10:49:11+00:00,2025-01-22 10:49:11+00:00,216.7029629629629,0.2055555555555555,48.58407407407407,234.302962962963,32.66037037037037,35.94296296296296,2.595925925925926,62.34481481481482,0.001,0.001147,0.002577,15.923703703703694,1
1898,5520,2025-01-22 10:49:35+00:00,2025-01-22 10:49:35+00:00,127.17999999999996,0.1474074074074073,48.57074074074072,140.40666666666667,32.64888888888888,34.66037037037037,1.534444444444445,63.9233333333333,0.000878,0.000873,0.001704,15.92185185185184,1
1899,5525,2025-01-22 10:49:41+00:00,2025-01-22 10:49:41+00:00,95.8525806451613,0.1403225806451613,48.41000000000001,107.05290322580647,32.669354838709666,34.25612903225806,1.211935483870968,64.63129032258065,0.000864,0.000866,0.001543,15.740645161290344,1
1900,5526,2025-01-22 10:49:43+00:00,2025-01-22 10:49:43+00:00,86.60096774193548,0.1399999999999999,48.560645161290296,96.9822580645161,32.71161290322582,34.26741935483871,1.10741935483871,64.65935483870966,0.000851,0.000825,0.001498,15.849032258064476,1
1901,5527,2025-01-22 10:49:44+00:00,2025-01-22 10:49:44+00:00,81.10000000000002,0.1362068965517241,48.15827586206896,90.94241379310344,32.629999999999995,33.972068965517245,1.0534482758620696,64.55896551724138,0.000847,0.000809,0.001398,15.528275862068966,1
1902,5540,2025-01-22 10:50:01+00:00,2025-01-22 10:50:01+00:00,23.33413793103449,0.1286206896551723,47.63620689655174,29.910689655172416,32.68896551724139,33.232413793103454,0.36,65.91275862068964,0.000735,0.000691,0.000972,14.947241379310348,1
1903,5571,2025-01-22 10:50:42+00:00,2025-01-22 10:50:42+00:00,148.18249999999998,0.1753571428571429,47.46428571428572,161.98107142857145,32.73857142857143,34.721428571428575,1.7285714285714289,63.57857142857143,0.000983,0.000944,0.001834,14.72571428571429,1
1904,5573,2025-01-22 10:50:44+00:00,2025-01-22 10:50:44+00:00,157.7980000000001,0.1693333333333333,47.57900000000002,171.67233333333328,32.74166666666666,34.71366666666666,1.8306666666666676,63.1283333333333,0.000956,0.000989,0.001998,14.837333333333362,1
1905,5580,2025-01-22 10:50:55+00:00,2025-01-22 10:50:55+00:00,201.37307692307692,0.1742307692307692,47.70999999999999,217.13692307692315,32.70384615384616,35.356923076923074,2.3607692307692303,62.08846153846154,0.001031,0.001117,0.002457,15.006153846153827,1
1906,5583,2025-01-22 10:50:59+00:00,2025-01-22 10:50:59+00:00,210.714,0.1903333333333333,48.23633333333333,228.76066666666657,32.80566666666665,35.848333333333336,2.528000000000001,62.09899999999998,0.001028,0.001117,0.002546,15.430666666666674,1
1907,5593,2025-01-22 10:51:12+00:00,2025-01-22 10:51:12+00:00,215.83624999999995,0.199375,48.587187500000006,232.420625,32.780937499999986,35.89093750000001,2.6074999999999986,62.1153125,0.001014,0.00121,0.00259,15.80625000000002,1
1908,5602,2025-01-22 10:51:23+00:00,2025-01-22 10:51:23+00:00,185.7729032258065,0.192258064516129,48.99225806451612,201.1067741935484,32.85838709677419,35.89774193548386,2.1474193548387097,63.06612903225806,0.000962,0.001021,0.002217,16.133870967741927,1
1909,5621,2025-01-22 10:51:48+00:00,2025-01-22 10:51:48+00:00,63.31406249999999,0.180625,48.25281249999999,72.7103125,32.83875000000002,34.103125,0.3646874999999999,65.2496875,0.000798,0.000815,0.001214,15.414062499999972,1
1910,5628,2025-01-22 10:51:58+00:00,2025-01-22 10:51:58+00:00,29.68933333333335,0.1336666666666666,47.847666666666655,36.56100000000001,32.828333333333354,33.450333333333326,0.36,65.77966666666666,0.000732,0.000734,0.001063,15.0193333333333,1
1911,5649,2025-01-22 10:52:26+00:00,2025-01-22 10:52:26+00:00,66.52749999999996,0.1239285714285713,47.23535714285715,74.77571428571427,32.88035714285714,33.58928571428572,0.3653571428571426,64.65142857142857,0.000831,0.00081,0.001279,14.355000000000004,1
1912,5671,2025-01-22 10:52:58+00:00,2025-01-22 10:52:58+00:00,208.80500000000004,0.1796428571428571,48.05000000000001,225.94214285714287,32.9175,35.77999999999999,2.5092857142857143,62.1525,0.001015,0.001098,0.002603,15.132500000000014,1
1913,5673,2025-01-22 10:53:02+00:00,2025-01-22 10:53:02+00:00,216.91137931034484,0.1979310344827587,48.00551724137934,234.0089655172414,32.90103448275862,35.797931034482765,2.5996551724137937,61.73000000000001,0.001011,0.001162,0.002661,15.10448275862072,1
1914,5684,2025-01-22 10:53:16+00:00,2025-01-22 10:53:16+00:00,207.8948387096774,0.1896774193548387,49.03645161290324,225.14064516129037,33.002903225806456,36.179677419354846,2.4790322580645165,62.33645161290325,0.001017,0.001137,0.00258,16.03354838709678,1
1915,5685,2025-01-22 10:53:18+00:00,2025-01-22 10:53:18+00:00,202.48612903225805,0.1996774193548388,48.80806451612902,219.83451612903212,32.92999999999999,35.946129032258064,2.3993548387096784,62.38645161290323,0.001015,0.001117,0.002544,15.87806451612903,1
1916,5699,2025-01-22 10:53:36+00:00,2025-01-22 10:53:36+00:00,122.37571428571434,0.1339285714285714,49.05964285714286,135.1732142857143,33.03285714285713,35.19071428571429,1.500714285714286,64.23178571428572,0.000893,0.000894,0.001725,16.02678571428573,1
1917,5705,2025-01-22 10:53:44+00:00,2025-01-22 10:53:44+00:00,82.64666666666669,0.1566666666666666,48.50833333333331,92.18333333333334,32.97533333333334,34.40533333333333,1.0793333333333333,64.83500000000001,0.000912,0.00083,0.001508,15.532999999999973,1
1918,5813,2025-01-22 10:56:07+00:00,2025-01-22 10:56:07+00:00,19.57269230769231,0.1523076923076922,47.73307692307692,25.77576923076924,33.17076923076923,33.61730769230769,0.36,66.12346153846151,0.000713,0.000756,0.000995,14.56230769230769,1
1919,5818,2025-01-22 10:56:13+00:00,2025-01-22 10:56:13+00:00,24.61212121212121,0.1381818181818181,47.89515151515152,30.638181818181828,33.29787878787879,33.769696969696966,0.3599999999999999,66.20939393939392,0.000691,0.000754,0.000988,14.597272727272731,1
1920,5822,2025-01-22 10:56:18+00:00,2025-01-22 10:56:18+00:00,34.92787878787879,0.146060606060606,47.94090909090908,42.709393939393934,33.28727272727273,33.95969696969695,0.3599999999999999,65.96545454545455,0.000747,0.000719,0.001085,14.653636363636352,1
1921,5843,2025-01-22 10:56:46+00:00,2025-01-22 10:56:46+00:00,165.1076666666667,0.1663333333333334,47.86133333333332,178.94500000000005,33.18700000000001,35.33766666666668,1.9176666666666664,62.996,0.000954,0.000991,0.002112,14.674333333333308,1
1922,5868,2025-01-22 10:57:19+00:00,2025-01-22 10:57:19+00:00,202.22,0.2,49.48310344827586,217.65965517241384,33.37482758620691,36.59413793103449,2.378965517241379,62.85413793103449,0.001023,0.0011,0.002506,16.10827586206895,1
1923,5869,2025-01-22 10:57:20+00:00,2025-01-22 10:57:20+00:00,197.63612903225817,0.1745161290322581,49.28387096774191,212.89935483870968,33.31225806451611,36.32548387096773,2.323225806451613,62.59677419354839,0.001005,0.001077,0.002459,15.971612903225804,1
1924,5875,2025-01-22 10:57:28+00:00,2025-01-22 10:57:28+00:00,164.4968965517242,0.1613793103448275,49.158275862069,179.8465517241379,33.26413793103448,35.78172413793104,1.923793103448276,63.22103448275864,0.000963,0.000985,0.002091,15.89413793103452,1
1925,5894,2025-01-22 10:57:53+00:00,2025-01-22 10:57:53+00:00,45.94222222222224,0.1396296296296296,48.35370370370369,53.47037037037039,33.28037037037037,34.16037037037039,0.36,65.5037037037037,0.000785,0.000747,0.00119,15.073333333333316,1
1926,5902,2025-01-22 10:58:03+00:00,2025-01-22 10:58:03+00:00,21.60655172413794,0.1124137931034483,47.94103448275862,27.336206896551733,33.288965517241365,33.78379310344829,0.36,65.98103448275862,0.000666,0.000661,0.000985,14.652068965517252,1
1927,5906,2025-01-22 10:58:09+00:00,2025-01-22 10:58:09+00:00,20.492142857142856,0.1182142857142857,47.82285714285714,25.59357142857143,33.28714285714284,33.861428571428576,0.36,66.00928571428568,0.000705,0.000699,0.000993,14.5357142857143,1
1928,5917,2025-01-22 10:58:23+00:00,2025-01-22 10:58:23+00:00,51.66225806451613,0.1387096774193548,47.643225806451625,59.79419354838708,33.32096774193549,33.962580645161296,0.3599999999999999,65.19064516129033,0.00082,0.000756,0.00116,14.322258064516134,1
1929,5919,2025-01-22 10:58:26+00:00,2025-01-22 10:58:26+00:00,65.18785714285715,0.1435714285714285,47.84035714285714,73.36535714285718,33.38357142857142,34.25249999999999,0.36,65.01071428571429,0.000837,0.000788,0.001259,14.456785714285717,1
1930,5933,2025-01-22 10:58:44+00:00,2025-01-22 10:58:44+00:00,154.46214285714285,0.1482142857142857,47.982500000000016,166.76142857142852,33.33392857142859,35.411428571428566,1.8157142857142856,63.30857142857143,0.000998,0.000997,0.001997,14.64857142857143,1
1931,5935,2025-01-22 10:58:47+00:00,2025-01-22 10:58:47+00:00,169.7293103448276,0.1527586206896552,47.804827586206926,182.44758620689657,33.26793103448276,35.41931034482757,1.973793103448276,62.66896551724138,0.000956,0.00102,0.002142,14.536896551724167,1
1932,5949,2025-01-22 10:59:06+00:00,2025-01-22 10:59:06+00:00,218.852,0.222,49.126666666666665,236.581,33.512333333333345,36.697,2.6853333333333333,62.169666666666686,0.001021,0.001189,0.002695,15.61433333333332,1
1933,5956,2025-01-22 10:59:15+00:00,2025-01-22 10:59:15+00:00,210.36312499999988,0.1640625,49.16343749999997,227.0465625,33.3875,36.6671875,2.556562500000001,62.321562500000006,0.001019,0.001148,0.002605,15.77593749999997,1
1934,5957,2025-01-22 10:59:17+00:00,2025-01-22 10:59:17+00:00,206.3839285714286,0.1814285714285714,49.23535714285712,223.19392857142847,33.416785714285695,36.46142857142856,2.481428571428571,62.24464285714286,0.001021,0.001135,0.002569,15.818571428571424,1
1935,5969,2025-01-22 10:59:32+00:00,2025-01-22 10:59:32+00:00,147.3,0.1525,49.3325,159.60999999999996,33.45750000000002,35.861071428571414,1.742142857142856,63.56821428571429,0.000954,0.00095,0.001907,15.874999999999986,1
1936,5972,2025-01-22 10:59:36+00:00,2025-01-22 10:59:36+00:00,125.18724137931032,0.1434482758620689,49.4393103448276,137.25724137931036,33.50206896551724,35.70379310344828,1.5420689655172424,64.35068965517243,0.000934,0.000888,0.001715,15.937241379310358,1
1937,5981,2025-01-22 10:59:48+00:00,2025-01-22 10:59:48+00:00,65.47766666666665,0.1546666666666666,48.45166666666667,74.96100000000003,33.39466666666666,34.345666666666666,0.3649999999999998,64.86700000000002,0.000809,0.000785,0.001299,15.05700000000001,1
1938,5986,2025-01-22 10:59:55+00:00,2025-01-22 10:59:55+00:00,39.105,0.1567857142857143,48.39178571428574,47.37214285714283,33.419999999999995,34.220000000000006,0.36,65.6496428571429,0.000761,0.000704,0.001166,14.971785714285744,1
1939,5992,2025-01-22 11:00:03+00:00,2025-01-22 11:00:03+00:00,21.702500000000004,0.1314285714285714,47.98035714285715,27.77714285714285,33.42464285714286,33.86285714285714,0.36,65.74464285714284,0.000678,0.000655,0.001005,14.555714285714297,1
1940,5999,2025-01-22 11:00:12+00:00,2025-01-22 11:00:12+00:00,22.64068965517241,0.1162068965517241,48.14172413793101,27.61758620689656,33.546896551724124,34.19172413793104,0.36,66.24482758620691,0.000716,0.000698,0.00103,14.59482758620689,1
1941,6010,2025-01-22 11:00:26+00:00,2025-01-22 11:00:26+00:00,64.16838709677418,0.1367741935483871,47.82838709677419,73.08806451612902,33.48000000000001,34.31612903225808,0.3616129032258063,64.97774193548386,0.000861,0.000792,0.001275,14.348387096774182,1
1942,6011,2025-01-22 11:00:27+00:00,2025-01-22 11:00:27+00:00,68.78482758620692,0.1617241379310345,48.14379310344828,77.87793103448276,33.58724137931034,34.69620689655171,0.3696551724137929,65.31448275862068,0.00086,0.000809,0.001333,14.55655172413794,1
1943,6057,2025-01-22 11:01:30+00:00,2025-01-22 11:01:30+00:00,156.71965517241378,0.1672413793103448,49.1434482758621,171.12655172413787,33.50310344827586,35.92482758620689,1.8489655172413797,63.15965517241381,0.000975,0.000955,0.00204,15.64034482758624,1
1944,6069,2025-01-22 11:01:46+00:00,2025-01-22 11:01:46+00:00,75.14806451612901,0.1593548387096774,48.801290322580655,85.6003225806452,33.550000000000004,34.83129032258063,1.0170967741935486,64.9361290322581,0.000873,0.000833,0.001396,15.251290322580653,1
1945,6073,2025-01-22 11:01:51+00:00,2025-01-22 11:01:51+00:00,53.89806451612903,0.1777419354838709,48.586129032258064,63.378387096774176,33.550645161290326,34.52354838709677,0.3599999999999999,65.3067741935484,0.00078,0.000739,0.001186,15.035483870967738,1
1946,6082,2025-01-22 11:02:03+00:00,2025-01-22 11:02:03+00:00,21.99035714285714,0.1342857142857142,48.45892857142859,29.131785714285712,33.6457142857143,34.34214285714285,0.36,66.19464285714282,0.00069,0.000656,0.000986,14.813214285714288,1
1947,6118,2025-01-22 11:02:50+00:00,2025-01-22 11:02:50+00:00,179.33451612903224,0.1635483870967742,48.4448387096774,194.4887096774193,33.697419354838715,36.16451612903226,2.121612903225807,62.834838709677406,0.000985,0.001055,0.002289,14.747419354838684,1
1948,6137,2025-01-22 11:03:15+00:00,2025-01-22 11:03:15+00:00,211.87538461538455,0.1830769230769231,49.54730769230767,228.92769230769235,33.71538461538464,36.95653846153845,2.603846153846154,62.31153846153847,0.00101,0.001163,0.002575,15.831923076923031,1
1949,6143,2025-01-22 11:03:23+00:00,2025-01-22 11:03:23+00:00,188.1513333333333,0.1653333333333333,49.41699999999999,203.509,33.664999999999985,36.49300000000001,2.242999999999999,62.651,0.000983,0.001064,0.002331,15.752000000000002,1
1950,6150,2025-01-22 11:03:32+00:00,2025-01-22 11:03:32+00:00,146.353,0.1456666666666667,49.27500000000001,161.0413333333333,33.630666666666656,35.921,1.7613333333333328,63.33500000000002,0.000946,0.000964,0.001921,15.644333333333355,1
1951,6165,2025-01-22 11:03:53+00:00,2025-01-22 11:03:53+00:00,47.15147058823528,0.1599999999999999,48.62323529411765,55.29470588235292,33.68029411764706,34.56647058823529,0.364705882352941,65.40441176470588,0.000768,0.000734,0.001195,14.94294117647059,1
1952,6168,2025-01-22 11:03:57+00:00,2025-01-22 11:03:57+00:00,33.79620689655173,0.1082758620689655,48.4134482758621,40.63068965517241,33.63862068965517,34.25620689655173,0.36,65.43758620689658,0.000741,0.000737,0.001175,14.774827586206932,1
1953,6169,2025-01-22 11:03:58+00:00,2025-01-22 11:03:58+00:00,31.584333333333344,0.1296666666666666,48.39666666666666,38.75933333333332,33.67433333333333,34.348333333333336,0.36,65.698,0.00077,0.000763,0.001087,14.722333333333331,1
1954,6178,2025-01-22 11:04:10+00:00,2025-01-22 11:04:10+00:00,20.704137931034488,0.1193103448275862,48.32448275862068,26.82000000000001,33.87172413793103,34.422413793103445,0.36,66.32344827586206,0.000731,0.000735,0.001008,14.45275862068965,1
1955,6200,2025-01-22 11:04:39+00:00,2025-01-22 11:04:39+00:00,126.00851851851851,0.164074074074074,48.070740740740746,138.24370370370374,33.72222222222224,35.30814814814814,1.5344444444444447,63.80814814814817,0.00091,0.000931,0.001696,14.34851851851851,1
1956,6219,2025-01-22 11:05:05+00:00,2025-01-22 11:05:05+00:00,217.99548387096775,0.192258064516129,48.961290322580645,235.3354838709677,33.75612903225806,36.83999999999999,2.7129032258064507,61.8809677419355,0.001057,0.001195,0.002722,15.205161290322586,1
1957,6246,2025-01-22 11:05:41+00:00,2025-01-22 11:05:41+00:00,102.68033333333337,0.1656666666666666,49.211000000000006,113.27966666666669,33.789666666666655,35.431999999999995,1.303333333333334,64.49133333333332,0.000909,0.00085,0.001699,15.42133333333335,1
1958,6260,2025-01-22 11:05:59+00:00,2025-01-22 11:05:59+00:00,29.43592592592593,0.1296296296296296,48.22222222222221,35.804814814814826,33.702592592592595,34.147037037037045,0.3603703703703704,65.52296296296296,0.000728,0.000677,0.001048,14.51962962962962,1
1959,6358,2025-01-22 11:08:09+00:00,2025-01-22 11:08:09+00:00,19.731999999999992,0.148,48.34999999999998,26.306999999999995,34.01899999999999,34.396,0.3593333333333332,66.29900000000004,0.000695,0.000719,0.001021,14.330999999999989,1
1960,6395,2025-01-22 11:08:57+00:00,2025-01-22 11:08:57+00:00,203.20300000000003,0.155,48.6123333333333,217.435,33.91466666666666,36.62466666666667,2.4706666666666663,62.06666666666667,0.00101,0.001151,0.002577,14.697666666666642,1
1961,6445,2025-01-22 11:10:05+00:00,2025-01-22 11:10:05+00:00,20.90758620689656,0.0986206896551724,48.40689655172413,26.305172413793105,34.04827586206896,34.47586206896553,0.36,65.99000000000001,0.000639,0.000704,0.000976,14.358620689655169,1
1962,6457,2025-01-22 11:10:21+00:00,2025-01-22 11:10:21+00:00,41.771923076923066,0.1438461538461538,48.42076923076922,49.24961538461538,34.20038461538461,34.94423076923077,0.36,65.80115384615385,0.000784,0.000707,0.001147,14.22038461538461,1
1963,6478,2025-01-22 11:10:50+00:00,2025-01-22 11:10:50+00:00,177.24666666666658,0.1576666666666667,48.48966666666667,191.828,34.08033333333335,36.38533333333332,2.120333333333334,62.74733333333334,0.000995,0.00103,0.002311,14.409333333333322,1
1964,6506,2025-01-22 11:11:27+00:00,2025-01-22 11:11:27+00:00,174.32689655172405,0.1706896551724137,49.90103448275865,189.02275862068964,34.21379310344827,36.95758620689656,2.064482758620689,63.27241379310347,0.000952,0.001004,0.002259,15.68724137931038,1
1965,6559,2025-01-22 11:12:36+00:00,2025-01-22 11:12:36+00:00,108.1958064516129,0.126774193548387,48.3483870967742,117.3509677419355,34.18580645161291,35.5209677419355,1.357096774193549,64.0361290322581,0.000953,0.000905,0.001726,14.162580645161285,1
1966,6574,2025-01-22 11:12:56+00:00,2025-01-22 11:12:56+00:00,199.32344827586212,0.1727586206896551,48.79689655172415,214.7151724137932,34.17758620689655,36.81931034482759,2.414137931034484,62.16172413793101,0.001,0.00112,0.002574,14.619310344827603,1
1967,6597,2025-01-22 11:13:29+00:00,2025-01-22 11:13:29+00:00,166.41733333333332,0.1646666666666667,50.0386666666667,180.40566666666672,34.31266666666667,37.069,1.9983333333333329,63.48799999999998,0.000998,0.001002,0.002278,15.726000000000028,1
1968,6625,2025-01-22 11:14:05+00:00,2025-01-22 11:14:05+00:00,20.694615384615386,0.1196153846153846,48.90538461538464,26.332692307692295,34.38576923076924,34.91269230769232,0.3623076923076923,66.24807692307692,0.000726,0.000702,0.000978,14.519615384615392,1
1969,6631,2025-01-22 11:14:13+00:00,2025-01-22 11:14:13+00:00,22.712857142857143,0.1317857142857142,48.25892857142857,27.799285714285716,34.29,34.575357142857136,0.36,65.92535714285717,0.000704,0.000714,0.001107,13.96892857142857,1
1970,6658,2025-01-22 11:14:49+00:00,2025-01-22 11:14:49+00:00,172.00035714285718,0.1835714285714285,48.69464285714287,185.8278571428571,34.32285714285715,36.56250000000001,2.0553571428571438,62.96499999999998,0.000947,0.001023,0.002252,14.371785714285714,1
1971,6659,2025-01-22 11:14:50+00:00,2025-01-22 11:14:50+00:00,177.23448275862063,0.1789655172413793,48.84586206896552,190.3044827586206,34.419655172413805,36.808965517241376,2.112413793103449,63.07586206896553,0.000955,0.001042,0.002313,14.426206896551712,1
1972,6660,2025-01-22 11:14:51+00:00,2025-01-22 11:14:51+00:00,180.15272727272733,0.1887878787878788,48.93666666666666,195.17242424242423,34.386666666666656,36.894242424242414,2.162727272727273,62.88272727272727,0.000954,0.00106,0.002367,14.550000000000004,1
1973,6662,2025-01-22 11:14:54+00:00,2025-01-22 11:14:54+00:00,191.7207692307693,0.175,48.82153846153848,207.5584615384616,34.34538461538463,36.88884615384615,2.332307692307693,62.50730769230768,0.000983,0.001084,0.002493,14.47615384615385,1
1974,6676,2025-01-22 11:15:14+00:00,2025-01-22 11:15:14+00:00,215.4734482758621,0.2072413793103447,49.67758620689657,232.75896551724145,34.34896551724139,37.44034482758621,2.6937931034482774,61.92310344827585,0.001044,0.001194,0.002792,15.328620689655182,1
1975,6702,2025-01-22 11:15:48+00:00,2025-01-22 11:15:48+00:00,70.73423076923075,0.0934615384615384,49.39307692307694,79.29346153846156,34.36000000000001,35.54730769230769,0.8096153846153846,64.71115384615385,0.000803,0.000788,0.001387,15.033076923076932,1
1976,6706,2025-01-22 11:15:53+00:00,2025-01-22 11:15:53+00:00,50.440333333333335,0.1296666666666667,48.99066666666668,59.62233333333332,34.40766666666666,35.08666666666667,0.36,65.12233333333332,0.0008,0.0008,0.001193,14.58300000000002,1
1977,6717,2025-01-22 11:16:07+00:00,2025-01-22 11:16:07+00:00,19.02451612903225,0.1348387096774193,48.83677419354839,24.257096774193545,34.5283870967742,34.9632258064516,0.3599999999999999,66.26064516129028,0.000712,0.000698,0.001024,14.30838709677419,1
1978,6720,2025-01-22 11:16:11+00:00,2025-01-22 11:16:11+00:00,20.991874999999997,0.1340625,48.5046875,25.307499999999997,34.4421875,34.8165625,0.3599999999999999,66.03125,0.000719,0.000756,0.001016,14.062500000000009,1
1979,6748,2025-01-22 11:16:48+00:00,2025-01-22 11:16:48+00:00,166.3533333333333,0.1811111111111111,48.94703703703704,180.53259259259252,34.532592592592586,36.81,1.994444444444444,63.0551851851852,0.000939,0.001013,0.00219,14.414444444444456,1
1980,6751,2025-01-22 11:16:52+00:00,2025-01-22 11:16:52+00:00,184.2675862068965,0.1775862068965518,49.092413793103454,198.85379310344825,34.535862068965514,37.14965517241379,2.2237931034482763,62.928275862068965,0.000976,0.001094,0.002438,14.55655172413794,1
1981,6770,2025-01-22 11:17:17+00:00,2025-01-22 11:17:17+00:00,209.17321428571435,0.2017857142857142,49.98678571428572,226.31464285714287,34.537499999999994,37.625714285714274,2.612142857142857,62.32178571428573,0.001013,0.001177,0.002664,15.449285714285727,1
1982,6774,2025-01-22 11:17:22+00:00,2025-01-22 11:17:22+00:00,196.259,0.1689999999999999,50.002,211.7396666666667,34.509,37.47666666666667,2.394333333333334,62.51433333333335,0.00099,0.001107,0.002529,15.492999999999997,1
1983,6857,2025-01-22 11:19:12+00:00,2025-01-22 11:19:12+00:00,218.42451612903216,0.1880645161290323,49.67193548387096,234.96225806451616,34.640645161290315,37.71645161290323,2.780967741935485,61.79387096774193,0.001051,0.001241,0.002759,15.031290322580643,1
1984,6869,2025-01-22 11:19:28+00:00,2025-01-22 11:19:28+00:00,173.95300000000003,0.1653333333333334,50.14966666666669,187.6636666666667,34.688333333333325,37.30366666666667,2.078666666666666,62.97766666666666,0.000969,0.001046,0.002267,15.461333333333364,1
1985,6886,2025-01-22 11:19:51+00:00,2025-01-22 11:19:51+00:00,59.367333333333335,0.1496666666666666,49.64866666666667,69.04466666666666,34.77999999999999,35.902,0.36,65.26500000000001,0.000809,0.000752,0.001266,14.868666666666684,1
1986,6890,2025-01-22 11:19:57+00:00,2025-01-22 11:19:57+00:00,37.29107142857142,0.1374999999999999,49.05214285714284,45.794285714285714,34.650357142857125,35.39607142857144,0.36,65.36392857142857,0.000794,0.000754,0.001136,14.401785714285715,1
1987,6894,2025-01-22 11:20:02+00:00,2025-01-22 11:20:02+00:00,25.503103448275866,0.1237931034482758,48.89068965517241,31.452413793103453,34.6851724137931,35.22620689655173,0.36,65.58689655172412,0.000706,0.000724,0.001044,14.205517241379312,1
1988,6901,2025-01-22 11:20:11+00:00,2025-01-22 11:20:11+00:00,20.86545454545454,0.0981818181818181,48.896060606060615,25.11636363636364,34.79848484848483,35.25848484848484,0.3599999999999999,66.01151515151517,0.000708,0.000713,0.001006,14.097575757575784,1
1989,6905,2025-01-22 11:20:16+00:00,2025-01-22 11:20:16+00:00,26.60741935483871,0.114516129032258,48.81387096774191,32.63193548387097,34.80548387096772,35.32677419354838,0.3599999999999999,65.97387096774195,0.000706,0.000728,0.000983,14.008387096774191,1
1990,6925,2025-01-22 11:20:42+00:00,2025-01-22 11:20:42+00:00,135.51000000000002,0.1399999999999999,48.84068965517241,146.7172413793103,34.82103448275862,36.560344827586206,1.6624137931034486,63.64241379310344,0.000918,0.001027,0.001872,14.019655172413792,1
1991,6940,2025-01-22 11:21:02+00:00,2025-01-22 11:21:02+00:00,212.776551724138,0.1817241379310345,49.62310344827585,229.4234482758621,34.858965517241394,37.89517241379311,2.6668965517241388,62.03862068965516,0.000995,0.0012,0.002703,14.764137931034456,1
1992,6941,2025-01-22 11:21:03+00:00,2025-01-22 11:21:03+00:00,213.82903225806447,0.2006451612903227,49.37290322580647,231.4319354838711,34.76483870967741,37.61483870967741,2.6864516129032268,61.61451612903225,0.001001,0.001213,0.00273,14.608064516129057,1
1993,6946,2025-01-22 11:21:10+00:00,2025-01-22 11:21:10+00:00,219.58000000000004,0.1879999999999999,49.860333333333344,236.14066666666665,34.83333333333334,37.91733333333334,2.8026666666666658,61.79833333333335,0.00102,0.001222,0.002796,15.027,1
1994,7053,2025-01-22 11:23:33+00:00,2025-01-22 11:23:33+00:00,150.84354838709683,0.1558064516129032,50.51709677419356,163.9661290322581,35.034193548387094,37.620967741935495,1.8206451612903232,63.77612903225806,0.000953,0.000982,0.002065,15.482903225806467,1
1995,7056,2025-01-22 11:23:37+00:00,2025-01-22 11:23:37+00:00,130.93599999999995,0.1356666666666666,50.16566666666668,141.9993333333333,34.98433333333334,37.033,1.629,63.83000000000002,0.000931,0.000945,0.001899,15.181333333333342,1
1996,7059,2025-01-22 11:23:41+00:00,2025-01-22 11:23:41+00:00,109.62703703703708,0.1692592592592592,49.97444444444444,122.07555555555552,34.976296296296304,36.64185185185186,1.426296296296296,64.1137037037037,0.000927,0.000888,0.00186,14.998148148148132,1
1997,7085,2025-01-22 11:24:17+00:00,2025-01-22 11:24:17+00:00,28.706666666666678,0.1323333333333333,48.72033333333332,33.91933333333334,35.04866666666666,35.36966666666665,0.3636666666666666,65.67699999999999,0.000701,0.000762,0.001046,13.67166666666666,1
1998,7111,2025-01-22 11:24:52+00:00,2025-01-22 11:24:52+00:00,182.201,0.2033333333333334,49.03466666666667,197.0136666666667,35.035,37.35733333333334,2.216333333333332,62.46366666666665,0.000991,0.001064,0.002423,13.999666666666675,1
1999,7117,2025-01-22 11:24:59+00:00,2025-01-22 11:24:59+00:00,204.83392857142863,0.1942857142857142,49.47785714285717,220.9292857142857,35.09750000000001,37.86571428571428,2.551428571428572,62.14892857142858,0.001016,0.001156,0.002694,14.380357142857155,1
2000,7118,2025-01-22 11:25:01+00:00,2025-01-22 11:25:01+00:00,210.23774193548385,0.1648387096774193,49.71935483870968,225.64967741935484,35.120645161290334,38.02032258064517,2.643548387096774,62.05258064516129,0.001015,0.001172,0.002733,14.598709677419343,1
2001,7125,2025-01-22 11:25:10+00:00,2025-01-22 11:25:10+00:00,218.08241379310348,0.196551724137931,50.2610344827586,234.7741379310345,35.21655172413793,38.53448275862071,2.8165517241379314,62.21655172413791,0.00112,0.00122,0.00285,15.044482758620674,1
2002,7127,2025-01-22 11:25:13+00:00,2025-01-22 11:25:13+00:00,216.52821428571423,0.185,50.01107142857144,233.9075,35.09750000000001,38.15607142857144,2.776428571428572,61.856428571428566,0.001033,0.00121,0.00283,14.91357142857143,1
2003,7152,2025-01-22 11:25:47+00:00,2025-01-22 11:25:47+00:00,79.55965517241381,0.1455172413793103,49.797931034482765,90.56689655172416,35.11,36.36344827586208,1.0955172413793102,64.6810344827586,0.000837,0.00084,0.001561,14.687931034482766,1
2004,7156,2025-01-22 11:25:52+00:00,2025-01-22 11:25:52+00:00,57.296923076923086,0.1246153846153845,49.70461538461538,65.67846153846152,35.11307692307692,36.03384615384616,0.36,65.09115384615387,0.000786,0.00077,0.001298,14.591538461538462,1
2005,7176,2025-01-22 11:26:18+00:00,2025-01-22 11:26:18+00:00,29.676,0.1253333333333333,48.72666666666665,34.915,35.13233333333333,35.37633333333333,0.36,65.43333333333332,0.000761,0.000731,0.001046,13.594333333333324,1
2006,7191,2025-01-22 11:26:38+00:00,2025-01-22 11:26:38+00:00,113.0916129032258,0.1451612903225806,48.90419354838711,122.83774193548388,35.19129032258064,36.43354838709677,1.4277419354838712,63.836451612903225,0.000907,0.000938,0.001848,13.712903225806464,1
2007,7194,2025-01-22 11:26:42+00:00,2025-01-22 11:26:42+00:00,132.880303030303,0.1642424242424242,49.21939393939396,144.229393939394,35.279696969696964,37.02151515151515,1.6436363636363622,63.78272727272727,0.000896,0.000944,0.001851,13.939696969696996,1
2008,7196,2025-01-22 11:26:44+00:00,2025-01-22 11:26:44+00:00,144.11437500000002,0.171875,48.98031250000002,155.18750000000003,35.18343749999999,36.93406249999998,1.749375,63.33843750000002,0.001002,0.000986,0.002011,13.796875000000028,1
2009,7200,2025-01-22 11:26:50+00:00,2025-01-22 11:26:50+00:00,172.69151515151512,0.1454545454545455,49.20090909090909,185.27818181818185,35.20424242424244,37.41030303030302,2.09939393939394,62.86848484848485,0.000983,0.001031,0.00231,13.996666666666655,1
2010,7202,2025-01-22 11:26:52+00:00,2025-01-22 11:26:52+00:00,180.877,0.1586666666666666,49.622999999999976,194.5876666666666,35.33299999999999,37.75666666666667,2.218666666666666,62.93733333333332,0.000988,0.001054,0.002466,14.289999999999983,1
2011,7204,2025-01-22 11:26:55+00:00,2025-01-22 11:26:55+00:00,192.76066666666668,0.1793333333333333,49.35366666666666,207.38633333333328,35.19733333333333,37.77333333333333,2.380666666666668,62.43333333333332,0.001011,0.001091,0.00257,14.156333333333327,1
2012,7214,2025-01-22 11:27:09+00:00,2025-01-22 11:27:09+00:00,218.436875,0.1915625,49.791562500000005,235.81125000000003,35.165312500000006,38.107500000000016,2.798125,61.579375,0.001038,0.001209,0.002854,14.62625,1
2013,7232,2025-01-22 11:27:33+00:00,2025-01-22 11:27:33+00:00,152.04612903225802,0.1732258064516129,50.696129032258064,166.5609677419354,35.32096774193548,37.77580645161289,1.877741935483871,63.43483870967743,0.000982,0.000961,0.002126,15.375161290322588,1
2014,7268,2025-01-22 11:28:20+00:00,2025-01-22 11:28:20+00:00,34.49366666666665,0.1696666666666666,48.77700000000001,41.95999999999999,35.25866666666664,35.60466666666666,0.36,65.409,0.000724,0.00074,0.001067,13.518333333333366,1
2015,7274,2025-01-22 11:28:28+00:00,2025-01-22 11:28:28+00:00,63.14700000000001,0.1389999999999999,49.28866666666665,70.59,35.42066666666667,36.27866666666666,0.36,65.39333333333335,0.000799,0.000767,0.001299,13.86799999999998,1
2016,7280,2025-01-22 11:28:36+00:00,2025-01-22 11:28:36+00:00,101.47799999999998,0.1263333333333333,49.00500000000002,110.26033333333334,35.30933333333333,36.49699999999999,1.3066666666666664,64.26466666666666,0.000909,0.000881,0.001724,13.695666666666687,1
2017,7296,2025-01-22 11:28:57+00:00,2025-01-22 11:28:57+00:00,198.38199999999992,0.1643333333333334,49.53500000000002,213.2100000000001,35.31433333333335,37.99966666666666,2.461333333333334,62.33866666666667,0.001034,0.001145,0.00266,14.220666666666666,1
2018,7298,2025-01-22 11:28:59+00:00,2025-01-22 11:28:59+00:00,202.80200000000005,0.1783333333333334,49.98266666666664,218.77133333333344,35.42433333333333,38.30033333333334,2.551333333333333,62.35866666666666,0.001113,0.001184,0.002681,14.558333333333309,1
2019,7300,2025-01-22 11:29:03+00:00,2025-01-22 11:29:03+00:00,213.2525806451613,0.1903225806451612,49.898387096774194,228.82032258064515,35.357741935483865,38.4183870967742,2.686129032258064,62.17677419354839,0.001087,0.001193,0.002802,14.540645161290328,1
2020,7303,2025-01-22 11:29:07+00:00,2025-01-22 11:29:07+00:00,219.2296774193548,0.2009677419354839,49.929677419354846,235.05967741935484,35.332903225806454,38.3383870967742,2.788709677419356,61.89096774193549,0.001101,0.001212,0.002885,14.596774193548391,1
2021,7311,2025-01-22 11:29:18+00:00,2025-01-22 11:29:18+00:00,210.25310344827588,0.1937931034482758,50.432068965517246,226.2827586206897,35.360344827586225,38.435172413793104,2.6468965517241374,62.13275862068967,0.001073,0.001212,0.002776,15.07172413793102,1
2022,7322,2025-01-22 11:29:32+00:00,2025-01-22 11:29:32+00:00,158.19600000000003,0.1206666666666666,50.48366666666667,170.65833333333333,35.35900000000001,37.775333333333336,1.9403333333333328,63.16233333333333,0.000995,0.000966,0.002211,15.124666666666664,1
2023,7365,2025-01-22 11:30:28+00:00,2025-01-22 11:30:28+00:00,62.33600000000002,0.1516666666666666,49.02599999999999,69.53333333333333,35.425999999999995,36.13333333333333,0.36,65.02766666666668,0.000811,0.000786,0.001311,13.599999999999994,1
2024,7371,2025-01-22 11:30:36+00:00,2025-01-22 11:30:36+00:00,100.0493103448276,0.1486206896551725,49.31275862068968,110.99827586206897,35.47896551724139,36.798965517241385,1.3106896551724136,64.37379310344829,0.000933,0.000891,0.001767,13.833793103448286,1
2025,7396,2025-01-22 11:31:09+00:00,2025-01-22 11:31:09+00:00,219.50937499999992,0.1975,50.21093749999999,236.59562500000004,35.45593750000001,38.51093750000001,2.838125,61.74968750000001,0.001051,0.00123,0.002885,14.75499999999998,1
2026,7406,2025-01-22 11:31:22+00:00,2025-01-22 11:31:22+00:00,199.36620689655172,0.1579310344827587,50.5648275862069,214.3748275862069,35.520689655172404,38.311379310344826,2.5013793103448267,62.22689655172413,0.001045,0.001137,0.00261,15.044137931034498,1
2027,7470,2025-01-22 11:32:46+00:00,2025-01-22 11:32:46+00:00,151.15413793103443,0.1562068965517241,49.40931034482759,163.6482758620689,35.55241379310344,37.52172413793104,1.8496551724137928,63.23551724137931,0.00094,0.000974,0.002086,13.856896551724148,1
2028,7483,2025-01-22 11:33:06+00:00,2025-01-22 11:33:06+00:00,218.005625,0.185625,50.1753125,233.821875,35.56312499999998,38.62625000000001,2.794375,61.836250000000014,0.001015,0.001207,0.002893,14.61218750000002,1
2029,7486,2025-01-22 11:33:10+00:00,2025-01-22 11:33:10+00:00,218.89580645161283,0.1735483870967742,50.20258064516128,235.5416129032258,35.55322580645161,38.63612903225806,2.8419354838709667,61.70741935483871,0.001034,0.001267,0.002921,14.649354838709677,1
2030,7492,2025-01-22 11:33:17+00:00,2025-01-22 11:33:17+00:00,211.5803225806451,0.1732258064516128,50.7083870967742,228.3725806451613,35.615161290322575,38.7574193548387,2.716129032258064,62.106451612903214,0.001018,0.001163,0.002814,15.093225806451628,1
2031,7502,2025-01-22 11:33:31+00:00,2025-01-22 11:33:31+00:00,164.08769230769238,0.145,50.70846153846152,177.76769230769227,35.60384615384616,38.052692307692304,2.0011538461538456,63.25692307692307,0.000968,0.000995,0.002293,15.104615384615355,1
2032,7507,2025-01-22 11:33:37+00:00,2025-01-22 11:33:37+00:00,134.09499999999997,0.1325,50.67031249999999,147.27031250000007,35.6015625,37.7709375,1.7178124999999995,63.706875,0.000957,0.00093,0.001988,15.068749999999987,1
2033,7537,2025-01-22 11:34:16+00:00,2025-01-22 11:34:16+00:00,24.859090909090916,0.1554545454545454,49.07454545454543,31.90818181818182,35.62878787878787,35.907878787878786,0.3599999999999999,65.80363636363636,0.000683,0.000704,0.001039,13.44575757575756,1
2034,7563,2025-01-22 11:34:52+00:00,2025-01-22 11:34:52+00:00,178.02129032258063,0.1606451612903225,49.5241935483871,192.38516129032257,35.67032258064517,37.97064516129032,2.2112903225806444,62.7093548387097,0.000989,0.001054,0.002439,13.853870967741932,1
2035,7570,2025-01-22 11:35:01+00:00,2025-01-22 11:35:01+00:00,208.3414285714285,0.1575,49.81,223.74107142857136,35.60607142857143,38.31821428571429,2.6489285714285704,61.63678571428572,0.001025,0.001165,0.002773,14.20392857142857,1
2036,7606,2025-01-22 11:35:48+00:00,2025-01-22 11:35:48+00:00,79.79461538461538,0.1253846153846153,50.26846153846154,88.83076923076928,35.70923076923078,37.0173076923077,1.0976923076923075,64.80730769230766,0.000808,0.00083,0.001492,14.55923076923076,1
2037,7612,2025-01-22 11:35:56+00:00,2025-01-22 11:35:56+00:00,45.70303030303031,0.1239393939393939,50.12696969696969,52.350000000000016,35.782121212121204,36.6421212121212,0.3596969696969696,65.47060606060606,0.000765,0.000717,0.001176,14.344848484848484,1
2038,7653,2025-01-22 11:36:50+00:00,2025-01-22 11:36:50+00:00,168.3625806451613,0.1864516129032258,49.59193548387096,182.29032258064512,35.78774193548385,37.99516129032257,2.085483870967742,62.96161290322582,0.000972,0.001025,0.002328,13.804193548387104,1
2039,7659,2025-01-22 11:36:58+00:00,2025-01-22 11:36:58+00:00,198.91269230769237,0.1915384615384615,49.6103846153846,215.3334615384616,35.73076923076922,38.21038461538462,2.5142307692307693,61.81115384615384,0.001034,0.001101,0.002745,13.879615384615384,1
2040,7724,2025-01-22 11:38:24+00:00,2025-01-22 11:38:24+00:00,44.286296296296285,0.1048148148148147,49.078148148148166,50.24629629629627,35.80296296296297,36.196296296296296,0.3588888888888888,65.11,0.000744,0.000728,0.001205,13.275185185185194,1
2041,7789,2025-01-22 11:39:51+00:00,2025-01-22 11:39:51+00:00,66.5593548387097,0.1383870967741935,50.2416129032258,75.5341935483871,35.90935483870968,36.98483870967741,0.376774193548387,64.94193548387096,0.000833,0.000786,0.001403,14.332258064516118,1
2042,7797,2025-01-22 11:40:01+00:00,2025-01-22 11:40:01+00:00,32.32862068965515,0.1058620689655172,49.818965517241374,36.027241379310354,35.89620689655171,36.489655172413805,0.3579310344827585,65.53965517241379,0.000724,0.000682,0.001097,13.922758620689663,1
2043,7836,2025-01-22 11:40:52+00:00,2025-01-22 11:40:52+00:00,177.76400000000004,0.1473333333333333,49.683666666666674,189.60099999999997,35.980333333333334,38.19266666666666,2.1943333333333346,62.60066666666667,0.000959,0.001082,0.002443,13.70333333333334,1
2044,7857,2025-01-22 11:41:20+00:00,2025-01-22 11:41:20+00:00,207.7955172413792,0.1751724137931035,51.3758620689655,223.19827586206893,36.11379310344829,39.39103448275861,2.6827586206896545,62.38379310344829,0.001035,0.001174,0.002737,15.262068965517216,1
2045,7859,2025-01-22 11:41:22+00:00,2025-01-22 11:41:22+00:00,201.31346153846152,0.1619230769230769,50.747692307692326,217.9888461538462,35.92807692307693,38.681153846153855,2.5853846153846147,61.81807692307693,0.001025,0.001136,0.002655,14.819615384615396,1
2046,7864,2025-01-22 11:41:29+00:00,2025-01-22 11:41:29+00:00,177.87482758620686,0.1593103448275862,51.04241379310346,190.8824137931034,36.00896551724137,38.689310344827575,2.193103448275862,62.88620689655172,0.000975,0.001047,0.002395,15.033448275862083,1
2047,7871,2025-01-22 11:41:38+00:00,2025-01-22 11:41:38+00:00,132.23137931034483,0.1131034482758621,50.8086206896552,144.1272413793103,36.02379310344826,38.02827586206897,1.6903448275862063,63.69206896551725,0.00092,0.000957,0.001947,14.784827586206935,1
2048,7872,2025-01-22 11:41:39+00:00,2025-01-22 11:41:39+00:00,128.09333333333336,0.1326666666666666,50.86400000000001,139.8303333333333,36.03866666666665,38.021,1.6399999999999997,63.91,0.000896,0.000945,0.001879,14.82533333333336,1
2049,7881,2025-01-22 11:41:53+00:00,2025-01-22 11:41:53+00:00,58.75766666666664,0.149,50.22566666666668,67.03999999999999,36.01033333333332,36.943,0.3589999999999999,65.12133333333335,0.000842,0.000797,0.00134,14.215333333333362,1
2050,7904,2025-01-22 11:42:23+00:00,2025-01-22 11:42:23+00:00,40.21769230769231,0.1411538461538461,49.406153846153856,47.66115384615383,36.01499999999998,36.356923076923074,0.36,65.19769230769231,0.000735,0.000743,0.001193,13.391153846153877,1
2051,7912,2025-01-22 11:42:33+00:00,2025-01-22 11:42:33+00:00,80.96483870967742,0.1309677419354838,49.40967741935483,89.72935483870967,36.01322580645161,36.94000000000001,1.1006451612903223,64.3,0.000827,0.000854,0.00158,13.39645161290322,1
2052,7918,2025-01-22 11:42:41+00:00,2025-01-22 11:42:41+00:00,121.69214285714284,0.1546428571428571,49.88464285714284,132.00857142857146,36.15071428571429,37.85714285714285,1.5499999999999996,64.19428571428571,0.000879,0.000941,0.00189,13.733928571428557,1
2053,7942,2025-01-22 11:43:14+00:00,2025-01-22 11:43:14+00:00,217.88500000000008,0.204,50.66866666666667,233.66800000000003,36.09433333333334,39.04833333333332,2.847333333333334,61.55033333333333,0.00107,0.001224,0.002986,14.574333333333328,1
2054,7957,2025-01-22 11:43:34+00:00,2025-01-22 11:43:34+00:00,153.41000000000005,0.1596666666666666,50.93500000000001,166.64066666666668,36.05766666666669,38.43633333333334,1.9156666666666664,63.023000000000025,0.001006,0.000971,0.002248,14.877333333333326,1
2055,7962,2025-01-22 11:43:40+00:00,2025-01-22 11:43:40+00:00,122.55903225806452,0.1435483870967742,50.93806451612905,134.2393548387097,36.12419354838711,38.05129032258064,1.5929032258064515,63.94000000000001,0.00091,0.0009,0.001897,14.81387096774194,1
2056,7969,2025-01-22 11:43:49+00:00,2025-01-22 11:43:49+00:00,77.25633333333336,0.1176666666666666,50.554333333333325,86.0253333333333,36.08833333333333,37.30566666666667,1.0823333333333331,64.58500000000001,0.000843,0.000815,0.001485,14.465999999999994,1
2057,7971,2025-01-22 11:43:52+00:00,2025-01-22 11:43:52+00:00,63.505769230769225,0.1184615384615385,50.74115384615386,71.3319230769231,36.22153846153846,37.425384615384615,0.3584615384615385,65.4673076923077,0.000785,0.00078,0.001375,14.5196153846154,1
2058,7975,2025-01-22 11:43:57+00:00,2025-01-22 11:43:57+00:00,44.49310344827586,0.1213793103448276,50.5493103448276,50.7651724137931,36.215517241379295,37.21241379310344,0.36,65.76034482758621,0.00076,0.000727,0.001206,14.3337931034483,1
2059,8010,2025-01-22 11:44:43+00:00,2025-01-22 11:44:43+00:00,131.0825,0.1607142857142858,50.15607142857142,142.80214285714283,36.2775,38.195,1.649999999999999,64.08857142857141,0.00096,0.000941,0.001929,13.878571428571426,1
2060,8013,2025-01-22 11:44:47+00:00,2025-01-22 11:44:47+00:00,151.16714285714292,0.1317857142857143,49.74821428571429,163.40750000000003,36.201071428571446,38.08928571428572,1.8682142857142865,63.2517857142857,0.000949,0.000986,0.002156,13.547142857142845,1
2061,8023,2025-01-22 11:45:01+00:00,2025-01-22 11:45:01+00:00,205.9429999999999,0.1966666666666668,50.23466666666664,221.924,36.19833333333335,38.93933333333333,2.6326666666666654,62.05933333333332,0.001046,0.001168,0.002809,14.036333333333287,1
2062,8028,2025-01-22 11:45:08+00:00,2025-01-22 11:45:08+00:00,218.65499999999997,0.206,50.65566666666668,234.9496666666668,36.24166666666668,39.28066666666666,2.863,61.913333333333306,0.001047,0.001239,0.002969,14.414,1
2063,8033,2025-01-22 11:45:14+00:00,2025-01-22 11:45:14+00:00,217.72799999999995,0.1756666666666667,51.16966666666666,233.9653333333333,36.32199999999999,39.52599999999999,2.8659999999999988,61.991999999999976,0.001059,0.00125,0.002977,14.847666666666669,1
2064,8049,2025-01-22 11:45:35+00:00,2025-01-22 11:45:35+00:00,149.97407407407405,0.1396296296296296,51.34333333333333,162.62407407407406,36.29111111111109,38.64777777777778,1.861111111111112,63.43407407407408,0.000964,0.000969,0.002189,15.052222222222234,1
2065,8063,2025-01-22 11:45:54+00:00,2025-01-22 11:45:54+00:00,56.22593749999999,0.1290625,50.82656250000001,63.03468750000001,36.329375,37.5515625,0.3587499999999999,65.59,0.000774,0.000745,0.001338,14.49718750000001,1
2066,8065,2025-01-22 11:45:56+00:00,2025-01-22 11:45:56+00:00,47.61275862068969,0.1372413793103448,50.23482758620689,56.23103448275863,36.20034482758621,36.97586206896551,0.3586206896551724,65.04620689655175,0.000762,0.000746,0.001225,14.034482758620676,1
2067,8114,2025-01-22 11:47:03+00:00,2025-01-22 11:47:03+00:00,209.3007407407408,0.1888888888888889,50.4011111111111,226.60777777777776,36.30222222222224,39.13333333333333,2.702222222222222,61.9085185185185,0.001899,0.001193,0.003182,14.098888888888863,1
2068,8131,2025-01-22 11:47:26+00:00,2025-01-22 11:47:26+00:00,190.29129032258055,0.1606451612903225,51.58709677419357,205.1683870967742,36.44483870967741,39.36677419354838,2.3925806451612908,62.82225806451613,0.001066,0.001099,0.00272,15.142258064516156,1
2069,8141,2025-01-22 11:47:39+00:00,2025-01-22 11:47:39+00:00,129.8451851851852,0.1677777777777778,51.08925925925925,143.86740740740746,36.332962962962974,38.323703703703714,1.668148148148148,63.84111111111112,0.00092,0.00094,0.002006,14.756296296296275,1
2070,8144,2025-01-22 11:47:43+00:00,2025-01-22 11:47:43+00:00,109.28000000000004,0.1354838709677419,50.88032258064515,119.31612903225806,36.29129032258063,37.94322580645162,1.443548387096774,63.894516129032255,0.000921,0.000888,0.001958,14.58903225806452,1
2071,8145,2025-01-22 11:47:44+00:00,2025-01-22 11:47:44+00:00,104.01703703703704,0.1507407407407407,51.0448148148148,114.53444444444445,36.32185185185185,38.02962962962964,1.3840740740740742,64.33851851851853,0.000898,0.000881,0.001908,14.722962962962953,1
2072,8166,2025-01-22 11:48:11+00:00,2025-01-22 11:48:11+00:00,19.413103448275866,0.1510344827586207,49.98586206896552,24.17137931034483,36.43551724137932,36.84758620689655,0.3572413793103446,66.23724137931035,0.000714,0.00073,0.001038,13.550344827586194,1
2073,8169,2025-01-22 11:48:15+00:00,2025-01-22 11:48:15+00:00,21.682962962962964,0.1333333333333333,49.784814814814816,28.213333333333324,36.36185185185186,36.7062962962963,0.36,65.91148148148147,0.000787,0.00073,0.001079,13.422962962962956,1
2074,8216,2025-01-22 11:49:21+00:00,2025-01-22 11:49:21+00:00,207.13407407407408,0.1855555555555556,51.242962962962935,221.90222222222224,36.492592592592594,39.42,2.6425925925925924,62.14888888888888,0.001017,0.001168,0.002707,14.75037037037034,1
2075,8242,2025-01-22 11:49:58+00:00,2025-01-22 11:49:58+00:00,42.73,0.1093103448275862,50.77068965517241,48.61793103448274,36.64620689655171,37.48862068965519,0.36,65.82137931034484,0.00081,0.000711,0.001137,14.1244827586207,1
2076,8279,2025-01-22 11:50:46+00:00,2025-01-22 11:50:46+00:00,144.3069999999999,0.125,49.83500000000001,154.19000000000003,36.50766666666665,38.24166666666667,1.8030000000000004,63.15966666666669,0.000982,0.000964,0.002063,13.327333333333357,1
2077,8281,2025-01-22 11:50:49+00:00,2025-01-22 11:50:49+00:00,159.72806451612905,0.1716129032258064,50.52612903225807,171.7187096774194,36.72290322580644,38.87032258064516,1.9845161290322584,63.40741935483872,0.000972,0.001004,0.00222,13.803225806451628,1
2078,8287,2025-01-22 11:50:57+00:00,2025-01-22 11:50:57+00:00,193.50599999999991,0.164,50.26033333333332,207.72300000000004,36.54299999999999,39.06500000000001,2.444666666666666,62.36066666666666,0.000997,0.00109,0.0026,13.717333333333336,1
2079,8290,2025-01-22 11:51:00+00:00,2025-01-22 11:51:00+00:00,201.75821428571425,0.1635714285714285,50.62285714285715,217.1260714285714,36.60428571428572,39.36928571428572,2.6021428571428578,62.203214285714296,0.001003,0.001129,0.0027,14.018571428571434,1
2080,8302,2025-01-22 11:51:16+00:00,2025-01-22 11:51:16+00:00,216.9317241379312,0.1803448275862068,51.07137931034482,233.2513793103448,36.47413793103448,39.55172413793103,2.873793103448276,61.46689655172412,0.001036,0.001198,0.002829,14.59724137931034,1
2081,8317,2025-01-22 11:51:36+00:00,2025-01-22 11:51:36+00:00,147.20464285714283,0.1589285714285714,51.26999999999998,161.05071428571426,36.56892857142858,38.71035714285713,1.8407142857142864,63.2182142857143,0.000979,0.000982,0.002127,14.701071428571405,1
2082,8327,2025-01-22 11:51:49+00:00,2025-01-22 11:51:49+00:00,80.521,0.121,50.95133333333335,89.93433333333336,36.58433333333335,38.03733333333333,1.1330000000000002,64.89233333333335,0.00083,0.000851,0.001552,14.366999999999996,1
2083,8360,2025-01-22 11:52:32+00:00,2025-01-22 11:52:32+00:00,71.71777777777778,0.1366666666666667,49.92518518518519,79.75444444444445,36.63222222222223,37.424814814814816,0.9755555555555556,64.56555555555556,0.000847,0.000831,0.001409,13.29296296296296,1
2084,8374,2025-01-22 11:52:51+00:00,2025-01-22 11:52:51+00:00,168.14888888888888,0.174074074074074,50.440740740740736,180.84888888888895,36.753703703703714,38.950370370370365,2.092592592592593,63.19999999999999,0.00102,0.001045,0.002382,13.687037037037022,1
2085,8378,2025-01-22 11:52:56+00:00,2025-01-22 11:52:56+00:00,187.1521428571428,0.1642857142857143,50.7642857142857,202.72642857142856,36.800714285714285,39.36428571428572,2.3810714285714285,62.77214285714286,0.001022,0.001091,0.002618,13.963571428571411,1
2086,8404,2025-01-22 11:53:30+00:00,2025-01-22 11:53:30+00:00,175.42266666666666,0.1613333333333333,51.51033333333336,190.89799999999997,36.690666666666665,39.31533333333333,2.214333333333334,62.85400000000001,0.001014,0.001044,0.002481,14.819666666666691,1
2087,8453,2025-01-22 11:54:34+00:00,2025-01-22 11:54:34+00:00,81.54724137931034,0.1306896551724138,49.82068965517242,89.17724137931033,36.65689655172413,37.512413793103455,1.110689655172414,64.37241379310342,0.000845,0.000843,0.00156,13.1637931034483,1
2088,8454,2025-01-22 11:54:35+00:00,2025-01-22 11:54:35+00:00,85.94366666666663,0.1363333333333333,49.962,94.45233333333331,36.70033333333333,37.68433333333333,1.177666666666667,64.51333333333332,0.00089,0.000876,0.001679,13.26166666666667,1
2089,8487,2025-01-22 11:55:19+00:00,2025-01-22 11:55:19+00:00,212.1343750000001,0.19375,51.59437500000001,227.50125000000003,36.84500000000001,39.883750000000006,2.7921875,61.87187499999999,0.001023,0.001197,0.002906,14.749374999999992,1
2090,8489,2025-01-22 11:55:21+00:00,2025-01-22 11:55:21+00:00,208.25107142857144,0.1907142857142857,51.42749999999999,223.3114285714286,36.77714285714285,39.74035714285716,2.7139285714285712,61.94535714285716,0.001022,0.001164,0.002839,14.65035714285714,1
2091,8495,2025-01-22 11:55:29+00:00,2025-01-22 11:55:29+00:00,180.0524,0.1467999999999999,51.84639999999999,194.2616,36.82720000000002,39.6012,2.286000000000001,62.764800000000015,0.000997,0.001044,0.00255,15.01919999999997,1
2092,8498,2025-01-22 11:55:33+00:00,2025-01-22 11:55:33+00:00,163.2603225806451,0.1803225806451613,52.025161290322586,176.7329032258064,36.97096774193549,39.55096774193548,2.028064516129033,63.46548387096774,0.000967,0.001004,0.00237,15.054193548387095,1
2093,8513,2025-01-22 11:55:53+00:00,2025-01-22 11:55:53+00:00,63.66275862068967,0.1510344827586207,51.18241379310344,70.83655172413792,36.81413793103447,38.09689655172413,0.3610344827586206,65.3944827586207,0.000782,0.000775,0.001422,14.36827586206897,1
2094,8516,2025-01-22 11:55:57+00:00,2025-01-22 11:55:57+00:00,47.48555555555556,0.1448148148148147,50.639629629629646,54.55333333333334,36.7922222222222,37.53407407407408,0.36,65.53,0.000759,0.000737,0.001252,13.847407407407443,1
2095,8525,2025-01-22 11:56:08+00:00,2025-01-22 11:56:08+00:00,21.50629629629629,0.1803703703703703,50.20185185185184,26.772592592592588,36.81333333333332,37.34962962962962,0.36,66.17962962962962,0.000687,0.000733,0.001062,13.388518518518524,1
2096,8526,2025-01-22 11:56:10+00:00,2025-01-22 11:56:10+00:00,19.542187499999997,0.0928125,50.21031249999999,24.133437500000003,36.7875,37.20562499999999,0.3578124999999998,65.8475,0.000715,0.00071,0.001024,13.422812499999992,1
2097,8538,2025-01-22 11:56:26+00:00,2025-01-22 11:56:26+00:00,46.22620689655172,0.1151724137931034,49.83620689655173,52.79103448275861,36.72172413793103,37.13965517241379,0.3627586206896551,65.15793103448279,0.000749,0.000725,0.001207,13.114482758620705,1
2098,8541,2025-01-22 11:56:29+00:00,2025-01-22 11:56:29+00:00,57.831,0.1436666666666666,50.392333333333326,65.12766666666667,36.89433333333333,37.77733333333334,0.36,65.48066666666669,0.000779,0.000775,0.001309,13.497999999999998,1
2099,8557,2025-01-22 11:56:50+00:00,2025-01-22 11:56:50+00:00,160.35774193548386,0.1677419354838709,50.48967741935484,173.69870967741932,36.870967741935495,39.05967741935483,2.0264516129032257,63.15354838709678,0.000978,0.001037,0.002356,13.618709677419346,1
2100,8560,2025-01-22 11:56:54+00:00,2025-01-22 11:56:54+00:00,180.513125,0.166875,50.705625000000005,192.865,36.92187500000002,39.539375,2.274375,62.9496875,0.000998,0.001087,0.002571,13.783749999999984,1
2101,8566,2025-01-22 11:57:02+00:00,2025-01-22 11:57:02+00:00,207.5825,0.1560714285714285,50.66857142857144,222.22642857142856,36.81000000000001,39.57357142857144,2.687142857142857,61.9217857142857,0.00103,0.001174,0.0028,13.85857142857143,1
2102,8577,2025-01-22 11:57:17+00:00,2025-01-22 11:57:17+00:00,214.067037037037,0.1937037037037038,51.314074074074064,230.97296296296287,36.79592592592591,39.85777777777779,2.85925925925926,61.66185185185186,0.001031,0.001224,0.002917,14.518148148148155,1
2103,8587,2025-01-22 11:57:30+00:00,2025-01-22 11:57:30+00:00,176.8813793103448,0.1427586206896552,52.08137931034484,190.9513793103449,36.99689655172414,40.003448275862056,2.2358620689655164,63.26413793103448,0.001008,0.001061,0.002513,15.084482758620702,1
2104,8617,2025-01-22 11:58:09+00:00,2025-01-22 11:58:09+00:00,21.189310344827597,0.1134482758620689,50.27172413793103,25.235862068965517,36.88172413793104,37.25344827586208,0.36,65.97068965517241,0.000679,0.000717,0.001117,13.389999999999992,1
2105,8642,2025-01-22 11:58:42+00:00,2025-01-22 11:58:42+00:00,120.0633333333333,0.1381481481481481,50.36296296296295,130.53259259259264,36.96740740740742,38.5611111111111,1.556296296296296,63.92185185185184,0.000973,0.000928,0.001982,13.395555555555532,1
2106,8660,2025-01-22 11:59:05+00:00,2025-01-22 11:59:05+00:00,212.71655172413787,0.1658620689655172,50.94034482758623,227.8234482758622,36.91931034482758,39.8489655172414,2.8062068965517244,61.84103448275863,0.001044,0.001226,0.002972,14.021034482758653,1
2107,8669,2025-01-22 11:59:17+00:00,2025-01-22 11:59:17+00:00,215.70718750000003,0.169375,51.79624999999999,231.6809375,37.0459375,40.22531249999999,2.8718749999999997,62.0196875,0.001068,0.001255,0.003016,14.7503125,1
2108,8674,2025-01-22 11:59:24+00:00,2025-01-22 11:59:24+00:00,200.35862068965517,0.1644827586206896,51.58068965517239,215.31965517241375,36.88655172413792,39.79137931034482,2.595172413793103,62.04689655172413,0.001049,0.001154,0.002827,14.694137931034469,1
2109,8678,2025-01-22 11:59:29+00:00,2025-01-22 11:59:29+00:00,181.60137931034484,0.1589655172413794,51.7193103448276,196.5406896551724,36.8955172413793,39.62172413793105,2.322413793103448,62.42999999999999,0.00103,0.001121,0.002636,14.823793103448295,1
2110,8720,2025-01-22 12:00:24+00:00,2025-01-22 12:00:24+00:00,38.7137037037037,0.1455555555555556,49.9362962962963,44.628518518518526,36.98111111111111,37.176666666666655,0.36,65.31518518518521,0.000719,0.000737,0.001297,12.955185185185186,1
2111,8727,2025-01-22 12:00:33+00:00,2025-01-22 12:00:33+00:00,73.6873333333333,0.1403333333333333,50.466,81.686,37.08333333333334,38.095,1.0466666666666662,65.12933333333335,0.000821,0.000816,0.001513,13.382666666666658,1
2112,8729,2025-01-22 12:00:36+00:00,2025-01-22 12:00:36+00:00,88.8326923076923,0.1511538461538461,50.15461538461541,98.03576923076926,36.97346153846156,38.02192307692308,1.2111538461538456,64.49000000000002,0.00088,0.000861,0.001702,13.181153846153848,1
2113,8791,2025-01-22 12:01:57+00:00,2025-01-22 12:01:57+00:00,49.183125,0.0975,50.8615625,56.11250000000002,37.06156249999998,37.898125,0.3599999999999999,65.37499999999999,0.000757,0.000745,0.001298,13.800000000000018,1
2114,8830,2025-01-22 12:02:48+00:00,2025-01-22 12:02:48+00:00,149.6240625,0.1443749999999999,50.38374999999999,161.28124999999997,37.10281250000002,38.98218749999999,1.8796875,63.327812500000014,0.000963,0.000999,0.002244,13.280937499999972,1
2115,8844,2025-01-22 12:03:07+00:00,2025-01-22 12:03:07+00:00,214.89,0.1893103448275861,50.89310344827586,232.14275862068965,37.038620689655176,39.8451724137931,2.857241379310345,61.52413793103448,0.001046,0.001225,0.002988,13.854482758620684,1
2116,8851,2025-01-22 12:03:16+00:00,2025-01-22 12:03:16+00:00,217.8431034482759,0.1696551724137931,51.78551724137933,231.9913793103448,37.219655172413816,40.47310344827587,2.9041379310344837,61.79137931034484,0.001037,0.001245,0.003029,14.565862068965508,1
2117,8865,2025-01-22 12:03:34+00:00,2025-01-22 12:03:34+00:00,162.53259259259264,0.1362962962962963,51.862222222222215,174.15296296296296,37.16111111111109,39.62740740740741,2.027777777777778,63.13814814814818,0.000957,0.001008,0.002376,14.701111111111125,1
2118,8873,2025-01-22 12:03:45+00:00,2025-01-22 12:03:45+00:00,106.04516129032258,0.1248387096774193,51.67064516129033,115.71290322580644,37.18806451612903,39.05741935483872,1.4319354838709673,64.48064516129031,0.000936,0.000886,0.001969,14.482580645161306,1
2119,8874,2025-01-22 12:03:46+00:00,2025-01-22 12:03:46+00:00,99.27620689655168,0.1472413793103448,51.99379310344828,109.87172413793104,37.31965517241381,39.04724137931037,1.3696551724137938,64.7737931034483,0.000896,0.000885,0.001888,14.674137931034473,1
2120,8889,2025-01-22 12:04:06+00:00,2025-01-22 12:04:06+00:00,24.83296296296296,0.1622222222222223,50.98777777777777,32.10555555555555,37.28333333333333,37.93222222222221,0.36,66.1625925925926,0.000736,0.000712,0.001133,13.70444444444444,1
2121,8893,2025-01-22 12:04:11+00:00,2025-01-22 12:04:11+00:00,19.30677419354839,0.1325806451612903,50.55774193548387,25.43064516129032,37.24870967741934,37.73354838709677,0.3593548387096774,66.41806451612904,0.000665,0.000742,0.001096,13.309032258064526,1
2122,8909,2025-01-22 12:04:33+00:00,2025-01-22 12:04:33+00:00,72.4010714285714,0.12,50.12428571428574,79.41750000000002,37.135000000000005,37.74142857142856,1.0367857142857142,64.52821428571427,0.000797,0.0008,0.001479,12.989285714285735,1
2123,8912,2025-01-22 12:04:37+00:00,2025-01-22 12:04:37+00:00,91.55586206896552,0.1048275862068965,50.46586206896551,98.97172413793108,37.2806896551724,38.45172413793104,1.245862068965517,64.74827586206894,0.00086,0.000882,0.001748,13.185172413793104,1
2124,8945,2025-01-22 12:05:22+00:00,2025-01-22 12:05:22+00:00,207.657,0.1763333333333333,52.315666666666665,222.9356666666666,37.34766666666666,40.63333333333333,2.6953333333333345,62.43266666666666,0.001063,0.001179,0.002884,14.968000000000004,1
2125,8951,2025-01-22 12:05:30+00:00,2025-01-22 12:05:30+00:00,179.69437499999998,0.1731249999999999,51.86843749999999,194.5118750000001,37.20843750000002,39.893437500000005,2.27375,62.65093749999998,0.001042,0.001079,0.002655,14.659999999999975,1
2126,8971,2025-01-22 12:05:56+00:00,2025-01-22 12:05:56+00:00,54.056666666666665,0.1462962962962963,51.06925925925925,62.2085185185185,37.275555555555535,38.1662962962963,0.3588888888888889,65.29222222222221,0.000778,0.000774,0.001349,13.793703703703711,1
2127,8980,2025-01-22 12:06:08+00:00,2025-01-22 12:06:08+00:00,22.8141935483871,0.087741935483871,50.92032258064516,26.752903225806463,37.38548387096774,38.131935483870976,0.3580645161290321,66.39645161290322,0.000695,0.000685,0.001103,13.534838709677423,1
2128,8988,2025-01-22 12:06:18+00:00,2025-01-22 12:06:18+00:00,23.694074074074077,0.1418518518518519,50.74296296296297,28.836296296296297,37.35333333333333,37.94111111111111,0.3585185185185185,66.27,0.000703,0.000718,0.001124,13.389629629629638,1
2129,8998,2025-01-22 12:06:31+00:00,2025-01-22 12:06:31+00:00,63.66366666666667,0.1033333333333333,50.211000000000006,69.47766666666668,37.25266666666666,37.95333333333333,0.36,64.98899999999999,0.000778,0.000794,0.001401,12.958333333333345,1
2130,9002,2025-01-22 12:06:36+00:00,2025-01-22 12:06:36+00:00,87.48310344827583,0.1417241379310344,50.275862068965495,94.72999999999996,37.25344827586206,38.24931034482758,1.190344827586207,64.58551724137934,0.000846,0.00087,0.001709,13.022413793103432,1
2131,9014,2025-01-22 12:06:52+00:00,2025-01-22 12:06:52+00:00,166.89551724137934,0.1613793103448276,50.65206896551725,179.16310344827588,37.29448275862068,39.43275862068967,2.122758620689656,62.96172413793104,0.000991,0.001045,0.002478,13.35758620689657,1
2132,9021,2025-01-22 12:07:01+00:00,2025-01-22 12:07:01+00:00,202.3573333333333,0.1713333333333334,50.84433333333333,216.8066666666668,37.28266666666664,39.925,2.634666666666668,61.96800000000001,0.001037,0.001153,0.002828,13.561666666666689,1
2133,9036,2025-01-22 12:07:21+00:00,2025-01-22 12:07:21+00:00,209.73482758620693,0.1710344827586206,51.72310344827588,226.2041379310345,37.27310344827584,40.193103448275856,2.777241379310346,61.65965517241381,0.001033,0.001206,0.002881,14.450000000000038,1
2134,9074,2025-01-22 12:08:12+00:00,2025-01-22 12:08:12+00:00,19.41103448275862,0.1313793103448275,50.43068965517242,24.94206896551724,37.29689655172413,37.640000000000015,0.36,65.83896551724138,0.000672,0.000693,0.001104,13.13379310344829,1
2135,9084,2025-01-22 12:08:25+00:00,2025-01-22 12:08:25+00:00,39.79892857142857,0.1478571428571428,50.761785714285736,46.65785714285714,37.47714285714285,38.23678571428572,0.36,65.8175,0.00077,0.000708,0.001218,13.284642857142885,1
2136,9097,2025-01-22 12:08:42+00:00,2025-01-22 12:08:42+00:00,116.71999999999998,0.1377419354838709,50.4516129032258,126.2038709677419,37.37870967741937,38.72322580645159,1.526451612903225,63.700645161290325,0.000929,0.00092,0.002033,13.072903225806428,1
2137,9108,2025-01-22 12:08:57+00:00,2025-01-22 12:08:57+00:00,187.80249999999987,0.185625,50.74312500000001,201.8096875,37.39156250000001,39.773750000000014,2.4187500000000006,62.15406250000001,0.000991,0.001115,0.002694,13.3515625,1
2138,9113,2025-01-22 12:09:03+00:00,2025-01-22 12:09:03+00:00,207.2496875,0.1659375,51.03968750000001,221.81874999999997,37.37218750000001,40.12875000000001,2.7106250000000003,61.869062500000005,0.001024,0.001185,0.002898,13.667499999999997,1
2139,9141,2025-01-22 12:09:41+00:00,2025-01-22 12:09:41+00:00,128.47187499999995,0.1287499999999999,52.1234375,140.1309375,37.52499999999999,39.66437499999999,1.690937499999999,64.144375,0.000927,0.000927,0.002059,14.598437500000005,1
2140,9152,2025-01-22 12:09:56+00:00,2025-01-22 12:09:56+00:00,55.68312500000001,0.1790625,51.4028125,64.41093750000002,37.48125,38.52812499999999,0.3574999999999999,65.56343749999999,0.000775,0.000764,0.001365,13.9215625,1
2141,9192,2025-01-22 12:10:48+00:00,2025-01-22 12:10:48+00:00,146.01142857142855,0.1546428571428571,50.91785714285716,158.2353571428571,37.53357142857142,39.5225,1.868214285714286,63.4325,0.000943,0.000981,0.002186,13.384285714285738,1
2142,9214,2025-01-22 12:11:18+00:00,2025-01-22 12:11:18+00:00,215.3657142857143,0.1903571428571429,52.19749999999998,232.6453571428571,37.59392857142857,40.78285714285713,2.8850000000000007,62.09571428571428,0.001034,0.001293,0.002958,14.603571428571406,1
2143,9231,2025-01-22 12:11:40+00:00,2025-01-22 12:11:40+00:00,133.60222222222222,0.1614814814814815,51.77333333333336,146.63037037037031,37.43,39.41925925925925,1.747037037037036,63.481111111111126,0.000918,0.000928,0.002112,14.343333333333357,1
2144,9272,2025-01-22 12:12:36+00:00,2025-01-22 12:12:36+00:00,84.46290322580643,0.1141935483870967,50.36258064516129,91.4022580645161,37.49290322580645,38.47,1.1648387096774195,64.36967741935483,0.000813,0.000857,0.001623,12.869677419354844,1
2145,9284,2025-01-22 12:12:51+00:00,2025-01-22 12:12:51+00:00,159.69620689655167,0.1410344827586206,50.54172413793104,171.97793103448274,37.53827586206894,39.41482758620689,2.039655172413793,62.65137931034484,0.000958,0.001073,0.002395,13.003448275862098,1
2146,9288,2025-01-22 12:12:56+00:00,2025-01-22 12:12:56+00:00,183.4403703703704,0.1862962962962963,50.67370370370372,196.41518518518512,37.55814814814817,39.725555555555566,2.349629629629629,62.274444444444434,0.000984,0.001088,0.002681,13.115555555555543,1
2147,9299,2025-01-22 12:13:11+00:00,2025-01-22 12:13:11+00:00,218.2814285714285,0.1567857142857143,51.46,233.4060714285715,37.56678571428571,40.48928571428571,2.952857142857141,61.43928571428573,0.001042,0.001252,0.003035,13.893214285714294,1
2148,9311,2025-01-22 12:13:28+00:00,2025-01-22 12:13:28+00:00,190.69392857142856,0.1710714285714285,52.147500000000015,205.69928571428576,37.61678571428571,40.41999999999998,2.455714285714286,62.46357142857144,0.001022,0.001138,0.002732,14.530714285714303,1
2149,9357,2025-01-22 12:14:28+00:00,2025-01-22 12:14:28+00:00,47.6171875,0.1034375,50.50656249999999,53.03781249999999,37.62093749999999,38.13781249999998,0.3599999999999999,65.1978125,0.000803,0.000727,0.001299,12.885624999999996,1
2150,9360,2025-01-22 12:14:32+00:00,2025-01-22 12:14:32+00:00,65.18241379310345,0.1379310344827586,50.54827586206897,71.72724137931036,37.66206896551725,38.38000000000001,0.36,64.80586206896548,0.000789,0.000778,0.001435,12.88620689655172,1
2151,9375,2025-01-22 12:14:52+00:00,2025-01-22 12:14:52+00:00,164.26555555555555,0.1766666666666667,51.056666666666665,175.88407407407414,37.75037037037037,39.85703703703704,2.096296296296296,62.93148148148148,0.00098,0.00104,0.002475,13.306296296296296,1
2152,9385,2025-01-22 12:15:05+00:00,2025-01-22 12:15:05+00:00,210.9925,0.1667857142857143,51.28607142857141,224.53107142857135,37.70928571428573,40.48928571428572,2.804642857142856,61.91678571428573,0.001033,0.001212,0.002956,13.576785714285675,1
2153,9395,2025-01-22 12:15:19+00:00,2025-01-22 12:15:19+00:00,214.325,0.1833333333333333,51.949000000000005,229.92433333333335,37.68533333333336,40.70766666666667,2.863666666666667,61.742666666666665,0.00104,0.001235,0.002993,14.263666666666651,1
2154,9403,2025-01-22 12:15:30+00:00,2025-01-22 12:15:30+00:00,182.7243333333333,0.1666666666666666,52.252333333333326,198.4783333333333,37.71100000000002,40.41633333333334,2.3496666666666672,62.642666666666656,0.001041,0.001098,0.002696,14.541333333333306,1
2155,9421,2025-01-22 12:15:53+00:00,2025-01-22 12:15:53+00:00,70.24689655172413,0.1213793103448275,51.70620689655173,78.79551724137932,37.74241379310345,38.96551724137931,1.0458620689655171,64.98448275862067,0.000797,0.000817,0.001489,13.963793103448277,1
2156,9423,2025-01-22 12:15:56+00:00,2025-01-22 12:15:56+00:00,57.314,0.1499999999999999,51.48933333333335,65.68133333333337,37.70266666666669,38.65600000000001,0.3579999999999999,65.33433333333336,0.00075,0.000751,0.001367,13.786666666666662,1
2157,9453,2025-01-22 12:16:35+00:00,2025-01-22 12:16:35+00:00,77.83133333333338,0.1273333333333333,50.61799999999998,84.71700000000001,37.71600000000001,38.66366666666666,1.0976666666666666,64.651,0.00081,0.000828,0.001614,12.901999999999973,1
2158,9468,2025-01-22 12:16:55+00:00,2025-01-22 12:16:55+00:00,178.02499999999998,0.1471874999999999,50.90031250000001,190.0365625000001,37.71781250000001,40.018125,2.292499999999999,62.37000000000001,0.000981,0.00108,0.002576,13.182500000000005,1
2159,9477,2025-01-22 12:17:07+00:00,2025-01-22 12:17:07+00:00,214.33781249999996,0.159375,51.50656249999999,229.1165625,37.767499999999984,40.73281250000001,2.880312500000001,61.815624999999976,0.001046,0.001263,0.002977,13.739062500000005,1
2160,9492,2025-01-22 12:17:26+00:00,2025-01-22 12:17:26+00:00,197.86,0.1553125,52.20593750000001,212.6240625,37.7715625,40.67093750000001,2.6234374999999988,62.13718750000001,0.001022,0.001166,0.002792,14.434375000000015,1
2161,9501,2025-01-22 12:17:38+00:00,2025-01-22 12:17:38+00:00,148.23156250000002,0.1309375,52.55125000000002,158.77281250000004,37.87656249999999,40.319375,1.8968750000000003,63.71406250000002,0.000942,0.001018,0.002259,14.674687500000026,1
2162,9504,2025-01-22 12:17:44+00:00,2025-01-22 12:17:44+00:00,115.32678571428568,0.1539285714285714,52.36178571428572,127.00428571428576,37.87392857142857,39.8175,1.5757142857142854,64.26142857142858,0.000907,0.000942,0.002046,14.487857142857152,1
2163,9507,2025-01-22 12:17:47+00:00,2025-01-22 12:17:47+00:00,100.65448275862066,0.1210344827586206,51.95862068965516,109.31586206896552,37.80689655172414,39.41655172413792,1.3996551724137931,64.42620689655172,0.000867,0.000909,0.001894,14.151724137931026,1
2164,9514,2025-01-22 12:17:57+00:00,2025-01-22 12:17:57+00:00,54.27749999999999,0.130625,51.49156250000001,61.117812500000014,37.77156249999999,38.728749999999984,0.3562499999999998,65.28062499999999,0.000774,0.00076,0.001348,13.72000000000002,1
2165,9519,2025-01-22 12:18:03+00:00,2025-01-22 12:18:03+00:00,33.97296296296296,0.1077777777777777,51.23444444444444,39.16074074074076,37.7885185185185,38.49111111111112,0.36,65.7325925925926,0.000706,0.000688,0.001145,13.445925925925934,1
2166,9528,2025-01-22 12:18:16+00:00,2025-01-22 12:18:16+00:00,20.135937500000004,0.1193749999999999,50.49812500000004,25.9990625,37.73937499999998,37.9521875,0.3562499999999998,65.65843749999999,0.000662,0.000693,0.001106,12.758750000000056,1
2167,9533,2025-01-22 12:18:23+00:00,2025-01-22 12:18:23+00:00,31.204444444444444,0.1166666666666667,50.61074074074075,36.44111111111112,37.84333333333335,38.14851851851853,0.36,65.68037037037035,0.0007,0.000684,0.001083,12.767407407407404,1
2168,9539,2025-01-22 12:18:31+00:00,2025-01-22 12:18:31+00:00,58.61222222222223,0.14,50.427037037037046,64.86037037037035,37.80777777777777,38.34111111111111,0.36,64.83148148148146,0.000767,0.000763,0.001309,12.619259259259271,1
2169,9547,2025-01-22 12:18:41+00:00,2025-01-22 12:18:41+00:00,106.1692857142857,0.1496428571428571,50.596428571428575,116.42928571428573,37.79571428571428,38.90428571428572,1.438928571428572,63.89107142857142,0.000903,0.000947,0.001975,12.800714285714292,1
2170,9548,2025-01-22 12:18:43+00:00,2025-01-22 12:18:43+00:00,117.70481481481482,0.1037037037037037,50.77814814814814,126.64814814814817,37.857407407407415,39.26148148148148,1.558148148148148,63.87296296296296,0.000913,0.000942,0.00204,12.920740740740726,1
2171,9550,2025-01-22 12:18:45+00:00,2025-01-22 12:18:45+00:00,127.29892857142856,0.1378571428571428,51.05785714285714,137.66964285714286,37.921071428571416,39.57392857142857,1.6639285714285712,63.86571428571427,0.000919,0.000969,0.002028,13.136785714285722,1
2172,9558,2025-01-22 12:18:56+00:00,2025-01-22 12:18:56+00:00,181.05888888888887,0.1592592592592592,50.96962962962965,193.6251851851852,37.82296296296296,40.040370370370375,2.348888888888889,62.35,0.00096,0.001094,0.002633,13.14666666666669,1
2173,9575,2025-01-22 12:19:19+00:00,2025-01-22 12:19:19+00:00,215.6025925925926,0.1755555555555555,52.19333333333334,231.5103703703704,37.88444444444444,40.90851851851852,2.9359259259259263,61.66962962962962,0.001058,0.001257,0.00309,14.308888888888902,1
2174,9579,2025-01-22 12:19:24+00:00,2025-01-22 12:19:24+00:00,204.62545454545457,0.1587878787878788,52.31363636363638,219.63393939393933,37.88757575757577,40.889090909090896,2.734545454545453,62.01909090909092,0.00108,0.00118,0.002958,14.42606060606061,1
2175,9603,2025-01-22 12:19:56+00:00,2025-01-22 12:19:56+00:00,58.127333333333326,0.1233333333333333,52.025333333333336,65.99999999999999,37.98466666666669,39.183333333333344,0.3579999999999999,65.46133333333334,0.000765,0.000756,0.001399,14.040666666666644,1
2176,9604,2025-01-22 12:19:57+00:00,2025-01-22 12:19:57+00:00,55.281379310344825,0.1575862068965518,51.64482758620692,62.78758620689656,37.90724137931034,38.86,0.3541379310344826,65.08758620689655,0.000751,0.000777,0.001355,13.737586206896571,1
2177,9627,2025-01-22 12:20:29+00:00,2025-01-22 12:20:29+00:00,50.02310344827586,0.1051724137931034,50.69137931034481,55.91241379310343,37.90931034482757,38.4748275862069,0.36,65.2848275862069,0.000738,0.000752,0.00128,12.782068965517231,1
2178,9628,2025-01-22 12:20:30+00:00,2025-01-22 12:20:30+00:00,55.11035714285714,0.1157142857142857,50.72714285714285,61.16178571428573,37.92607142857141,38.55392857142858,0.36,65.21607142857144,0.000752,0.000771,0.001297,12.80107142857144,1
2179,9646,2025-01-22 12:20:54+00:00,2025-01-22 12:20:54+00:00,171.45407407407416,0.1614814814814815,51.09037037037034,183.9903703703704,37.9174074074074,40.124814814814805,2.21074074074074,62.701851851851856,0.000987,0.001066,0.002553,13.172962962962949,1
2180,9650,2025-01-22 12:20:59+00:00,2025-01-22 12:20:59+00:00,190.7375862068965,0.1779310344827586,51.19344827586207,205.11827586206897,37.93103448275863,40.42965517241379,2.504827586206896,62.18275862068965,0.001033,0.001116,0.002797,13.262413793103434,1
2181,9698,2025-01-22 12:22:03+00:00,2025-01-22 12:22:03+00:00,36.16448275862067,0.1306896551724138,51.57172413793105,41.13172413793103,38.05896551724136,38.79137931034485,0.3610344827586206,65.91241379310344,0.000718,0.000701,0.001154,13.512758620689697,1
2182,9702,2025-01-22 12:22:08+00:00,2025-01-22 12:22:08+00:00,23.80758620689656,0.1158620689655171,51.483103448275855,29.724137931034477,38.06379310344829,38.64379310344828,0.3568965517241378,66.13655172413793,0.000685,0.000687,0.001082,13.419310344827563,1
2183,9710,2025-01-22 12:22:20+00:00,2025-01-22 12:22:20+00:00,25.166206896551724,0.1113793103448275,50.74172413793103,30.02448275862068,37.95137931034485,38.26655172413794,0.3517241379310344,65.65034482758621,0.000695,0.000752,0.001104,12.790344827586182,1
2184,9743,2025-01-22 12:23:05+00:00,2025-01-22 12:23:05+00:00,209.70193548387095,0.2012903225806452,51.43064516129032,224.91612903225808,38.01548387096774,40.68354838709679,2.7858064516129035,61.63258064516129,0.001041,0.001202,0.00297,13.415161290322573,1
2185,9765,2025-01-22 12:23:33+00:00,2025-01-22 12:23:33+00:00,173.87687499999996,0.1671875,52.492812500000014,187.4209375,38.03968749999999,40.72281250000001,2.2396875,62.92187500000002,0.001006,0.001052,0.002596,14.453125000000028,1
2186,9773,2025-01-22 12:23:44+00:00,2025-01-22 12:23:44+00:00,117.91870967741934,0.1616129032258065,52.76870967741935,130.2251612903226,38.13032258064515,40.248064516129055,1.5993548387096774,64.40774193548386,0.000949,0.000911,0.002034,14.638387096774204,1
2187,9792,2025-01-22 12:24:09+00:00,2025-01-22 12:24:09+00:00,22.827999999999992,0.1056666666666666,51.39066666666668,27.367,38.132666666666665,38.72766666666667,0.36,66.23,0.00068,0.000687,0.001146,13.25800000000001,1
2188,9793,2025-01-22 12:24:10+00:00,2025-01-22 12:24:10+00:00,21.53892857142857,0.1185714285714285,51.35071428571429,26.831071428571416,38.140714285714274,38.65071428571428,0.3582142857142855,66.15321428571426,0.000713,0.000711,0.001243,13.210000000000017,1
2189,9799,2025-01-22 12:24:18+00:00,2025-01-22 12:24:18+00:00,21.9,0.1162962962962962,50.92074074074072,26.40592592592592,38.05333333333332,38.40074074074074,0.3585185185185185,65.96111111111112,0.000699,0.000731,0.001121,12.8674074074074,1
2190,9826,2025-01-22 12:24:53+00:00,2025-01-22 12:24:53+00:00,165.78851851851852,0.1466666666666666,51.155555555555566,177.29962962962964,38.11222222222223,40.21888888888889,2.128518518518518,62.85296296296297,0.000976,0.001047,0.002542,13.043333333333337,1
2191,9861,2025-01-22 12:25:42+00:00,2025-01-22 12:25:42+00:00,129.84800000000004,0.1528,52.6036,142.24560000000002,38.21200000000001,40.23760000000001,1.7288000000000003,63.745599999999975,0.000922,0.000975,0.002153,14.39159999999999,1
2192,9866,2025-01-22 12:25:49+00:00,2025-01-22 12:25:49+00:00,93.91937500000002,0.1325,52.15999999999999,103.5365625,38.141875000000006,39.636249999999976,1.3315625,64.50093749999998,0.000861,0.000919,0.00189,14.018124999999984,1
2193,9873,2025-01-22 12:25:58+00:00,2025-01-22 12:25:58+00:00,52.06925925925925,0.1181481481481481,51.66333333333336,59.53370370370367,38.10592592592592,39.01962962962962,0.355185185185185,65.01592592592594,0.000767,0.000756,0.001384,13.557407407407432,1
2194,9907,2025-01-22 12:26:42+00:00,2025-01-22 12:26:42+00:00,108.67235294117644,0.1611764705882353,51.22294117647058,118.55029411764708,38.27970588235294,39.719117647058816,1.4714705882352948,64.41823529411761,0.000905,0.000952,0.001978,12.943235294117642,1
2195,9931,2025-01-22 12:27:14+00:00,2025-01-22 12:27:14+00:00,218.1528571428572,0.1899999999999999,52.02107142857143,236.26357142857137,38.18714285714288,41.139642857142825,3.036071428571429,61.14964285714287,0.001025,0.001286,0.003122,13.833928571428558,1
2196,9937,2025-01-22 12:27:22+00:00,2025-01-22 12:27:22+00:00,210.83310344827584,0.1724137931034483,52.66551724137929,226.01620689655172,38.30344827586206,41.53000000000002,2.864137931034482,62.14482758620692,0.001025,0.001238,0.003016,14.362068965517231,1
2197,9955,2025-01-22 12:27:45+00:00,2025-01-22 12:27:45+00:00,114.65392857142857,0.1575,52.30464285714286,125.40428571428568,38.21250000000001,39.97178571428572,1.5792857142857142,63.91285714285715,0.000904,0.000949,0.002079,14.092142857142846,1
2198,9973,2025-01-22 12:28:09+00:00,2025-01-22 12:28:09+00:00,23.406071428571423,0.1024999999999999,51.43535714285715,28.337142857142855,38.31321428571427,38.82142857142856,0.36,66.06428571428573,0.000689,0.000731,0.001077,13.122142857142885,1
2199,9981,2025-01-22 12:28:19+00:00,2025-01-22 12:28:19+00:00,22.751111111111104,0.1540740740740741,51.13185185185183,28.0962962962963,38.27703703703704,38.63962962962964,0.3588888888888888,66.02740740740741,0.000716,0.000732,0.001079,12.854814814814787,1
2200,10008,2025-01-22 12:28:55+00:00,2025-01-22 12:28:55+00:00,171.79968749999992,0.1374999999999999,51.38656249999998,184.8425,38.3040625,40.48375000000003,2.2428125000000003,62.65531250000001,0.000962,0.001074,0.002564,13.082499999999982,1
2201,10010,2025-01-22 12:28:57+00:00,2025-01-22 12:28:57+00:00,181.9078125,0.1696875,51.4053125,194.71062500000005,38.27906249999998,40.6090625,2.377812500000001,62.52624999999999,0.00097,0.001115,0.002706,13.12625000000002,1
2202,10029,2025-01-22 12:29:23+00:00,2025-01-22 12:29:23+00:00,209.7903125000001,0.1843749999999999,52.56437499999997,224.7090625,38.33999999999999,41.3234375,2.805937499999999,62.0421875,0.001105,0.001204,0.00306,14.22437499999998,1
2203,10031,2025-01-22 12:29:26+00:00,2025-01-22 12:29:26+00:00,200.2877419354839,0.1619354838709677,52.56096774193546,215.89129032258063,38.28999999999999,41.133225806451634,2.665161290322581,61.86161290322579,0.001101,0.001183,0.002979,14.270967741935465,1
2204,10045,2025-01-22 12:29:44+00:00,2025-01-22 12:29:44+00:00,122.00571428571428,0.1757142857142856,52.66750000000001,133.38642857142855,38.41714285714287,40.45250000000001,1.6414285714285708,64.11964285714288,0.000908,0.000921,0.002055,14.25035714285714,1
2205,10059,2025-01-22 12:30:03+00:00,2025-01-22 12:30:03+00:00,36.97939393939393,0.099090909090909,51.61939393939392,42.029696969696985,38.33151515151514,38.97030303030303,0.3554545454545453,65.63363636363637,0.00071,0.000715,0.001187,13.287878787878782,1
2206,10076,2025-01-22 12:30:25+00:00,2025-01-22 12:30:25+00:00,34.39766666666666,0.165,51.45,40.73066666666666,38.41933333333335,39.20133333333334,0.36,66.04033333333334,0.000714,0.000719,0.001176,13.030666666666654,1
2207,10079,2025-01-22 12:30:29+00:00,2025-01-22 12:30:29+00:00,47.84821428571428,0.1025,51.012142857142855,53.20535714285716,38.35821428571429,38.8575,0.36,65.36928571428571,0.000725,0.000752,0.001281,12.653928571428564,1
2208,10081,2025-01-22 12:30:32+00:00,2025-01-22 12:30:32+00:00,58.61935483870965,0.1212903225806451,50.92354838709679,66.16419354838709,38.33677419354838,38.85870967741935,0.3632258064516128,64.78935483870968,0.000768,0.000768,0.001344,12.586774193548408,1
2209,10131,2025-01-22 12:31:40+00:00,2025-01-22 12:31:40+00:00,143.088125,0.1571874999999999,52.69875000000002,155.55656250000004,38.407812500000006,40.61156250000001,1.8756250000000003,63.54937500000002,0.000968,0.001049,0.002343,14.290937500000013,1
2210,10143,2025-01-22 12:31:56+00:00,2025-01-22 12:31:56+00:00,63.04178571428572,0.1,52.09607142857144,69.06535714285711,38.43678571428571,39.5642857142857,0.5085714285714281,65.30821428571427,0.00078,0.000786,0.00145,13.65928571428573,1
2211,10167,2025-01-22 12:32:27+00:00,2025-01-22 12:32:27+00:00,40.50300000000002,0.155,51.41299999999998,46.64466666666666,38.55199999999999,39.324,0.3649999999999999,65.88833333333332,0.000726,0.000705,0.001198,12.86099999999999,1
2212,10199,2025-01-22 12:33:09+00:00,2025-01-22 12:33:09+00:00,214.23034482758624,0.1572413793103448,51.975172413793096,229.7703448275862,38.46206896551725,41.273103448275855,2.9517241379310337,61.6241379310345,0.001005,0.001254,0.003004,13.51310344827585,1
2213,10224,2025-01-22 12:33:42+00:00,2025-01-22 12:33:42+00:00,133.74821428571428,0.124642857142857,52.66678571428571,144.73357142857148,38.49178571428571,40.56214285714287,1.772857142857143,63.73285714285714,0.000916,0.001017,0.002181,14.174999999999995,1
2214,10233,2025-01-22 12:33:53+00:00,2025-01-22 12:33:53+00:00,76.73357142857144,0.1439285714285714,52.64857142857141,86.53535714285714,38.66035714285714,40.097142857142885,1.135,65.09607142857145,0.000807,0.000822,0.001569,13.988214285714264,1
2215,10285,2025-01-22 12:35:02+00:00,2025-01-22 12:35:02+00:00,197.43296296296296,0.1799999999999999,51.72666666666666,212.2988888888888,38.53592592592593,41.10148148148149,2.665185185185185,61.92370370370371,0.000992,0.001158,0.002859,13.190740740740727,1
2216,10298,2025-01-22 12:35:19+00:00,2025-01-22 12:35:19+00:00,216.2748148148148,0.2074074074074074,52.70444444444444,232.80444444444453,38.56555555555556,42.040370370370375,2.9955555555555566,61.94666666666668,0.001059,0.001278,0.003089,14.138888888888886,1
2217,10301,2025-01-22 12:35:23+00:00,2025-01-22 12:35:23+00:00,209.32241379310344,0.1879310344827586,52.68655172413793,225.61551724137928,38.5655172413793,41.60275862068964,2.889310344827586,61.81034482758621,0.001024,0.001237,0.003008,14.121034482758624,1
2218,10308,2025-01-22 12:35:32+00:00,2025-01-22 12:35:32+00:00,180.4585714285714,0.1957142857142857,52.75321428571429,196.7167857142857,38.51035714285714,41.27464285714286,2.397142857142857,62.367500000000014,0.001009,0.001092,0.002718,14.242857142857154,1
2219,10330,2025-01-22 12:36:01+00:00,2025-01-22 12:36:01+00:00,44.64612903225804,0.1441935483870968,52.08419354838708,51.11161290322581,38.64935483870965,39.49161290322581,0.3599999999999999,65.55161290322583,0.000732,0.000771,0.001242,13.434838709677429,1
2220,10335,2025-01-22 12:36:07+00:00,2025-01-22 12:36:07+00:00,27.994074074074074,0.1255555555555555,51.47444444444445,32.82814814814815,38.53481481481482,38.86074074074073,0.3566666666666667,65.46703703703703,0.000706,0.000685,0.001083,12.93962962962962,1
2221,10354,2025-01-22 12:36:32+00:00,2025-01-22 12:36:32+00:00,57.97161290322582,0.1083870967741935,51.19645161290325,63.69322580645161,38.60064516129029,39.32870967741934,0.3599999999999999,64.89032258064516,0.000755,0.000745,0.001326,12.595806451612964,1
2222,10369,2025-01-22 12:36:52+00:00,2025-01-22 12:36:52+00:00,155.0467857142857,0.1503571428571428,51.692857142857136,167.22535714285712,38.6717857142857,40.69607142857142,2.0303571428571425,63.03642857142857,0.000941,0.001054,0.002422,13.02107142857144,1
2223,10379,2025-01-22 12:37:05+00:00,2025-01-22 12:37:05+00:00,206.8696428571429,0.1578571428571428,51.95285714285715,220.86750000000004,38.61571428571428,41.41571428571427,2.806428571428571,61.9425,0.001014,0.001211,0.002988,13.337142857142872,1
2224,10383,2025-01-22 12:37:10+00:00,2025-01-22 12:37:10+00:00,216.08133333333333,0.1826666666666667,52.21733333333336,231.6279999999999,38.65,41.62666666666666,2.9796666666666662,61.73299999999999,0.001029,0.001279,0.003134,13.56733333333336,1
2225,10387,2025-01-22 12:37:17+00:00,2025-01-22 12:37:17+00:00,219.456551724138,0.1837931034482759,52.77310344827585,236.1796551724138,38.71827586206897,41.927931034482754,3.016551724137931,61.69206896551723,0.001086,0.001326,0.003222,14.054827586206876,1
2226,10388,2025-01-22 12:37:18+00:00,2025-01-22 12:37:18+00:00,218.70533333333336,0.1903333333333333,52.61466666666665,234.76166666666663,38.63500000000001,41.65933333333334,3.012666666666667,61.46033333333335,0.001083,0.001335,0.003201,13.979666666666638,1
2227,10389,2025-01-22 12:37:19+00:00,2025-01-22 12:37:19+00:00,217.26321428571435,0.175,52.547500000000014,232.74107142857144,38.62357142857143,41.65178571428572,2.9828571428571418,61.68464285714288,0.001084,0.001294,0.003175,13.923928571428585,1
2228,10393,2025-01-22 12:37:25+00:00,2025-01-22 12:37:25+00:00,204.285,0.1716666666666667,52.89666666666666,221.0720000000001,38.64366666666667,41.68133333333336,2.7703333333333333,61.93433333333335,0.001079,0.00122,0.003049,14.252999999999991,1
2229,10394,2025-01-22 12:37:26+00:00,2025-01-22 12:37:26+00:00,203.74499999999992,0.165,52.95357142857143,218.89464285714283,38.68642857142856,41.71535714285715,2.733214285714284,62.12750000000001,0.001067,0.001213,0.003006,14.267142857142863,1
2230,10399,2025-01-22 12:37:32+00:00,2025-01-22 12:37:32+00:00,180.93096774193543,0.1670967741935484,53.340967741935465,196.3767741935483,38.76935483870969,41.53612903225807,2.379677419354839,62.81064516129033,0.001069,0.001098,0.002751,14.571612903225777,1
2231,10413,2025-01-22 12:37:52+00:00,2025-01-22 12:37:52+00:00,84.0551612903226,0.1664516129032258,52.79064516129032,93.91387096774191,38.76548387096775,40.44387096774194,1.231935483870968,65.08064516129033,0.000839,0.000835,0.001779,14.025161290322572,1
2232,10416,2025-01-22 12:37:56+00:00,2025-01-22 12:37:56+00:00,64.22551724137932,0.1137931034482759,52.27965517241379,73.49896551724139,38.67379310344828,39.75241379310346,0.8427586206896551,65.16517241379312,0.00077,0.000789,0.001511,13.605862068965507,1
2233,10432,2025-01-22 12:38:17+00:00,2025-01-22 12:38:17+00:00,20.29758620689655,0.1044827586206896,51.63310344827588,24.594137931034474,38.742413793103445,39.34310344827586,0.36,66.33793103448274,0.000694,0.000781,0.001071,12.89068965517243,1
2234,10434,2025-01-22 12:38:20+00:00,2025-01-22 12:38:20+00:00,22.23592592592593,0.134074074074074,51.18259259259258,28.142222222222227,38.69222222222224,38.92370370370372,0.3588888888888889,65.8762962962963,0.000892,0.00072,0.001066,12.49037037037035,1
2235,10445,2025-01-22 12:38:34+00:00,2025-01-22 12:38:34+00:00,65.74733333333333,0.132,51.36333333333336,71.26800000000001,38.69033333333333,39.4,0.4143333333333333,64.73333333333333,0.000782,0.000826,0.001411,12.67300000000003,1
2236,10487,2025-01-22 12:39:30+00:00,2025-01-22 12:39:30+00:00,191.02586206896552,0.1662068965517241,52.82172413793102,205.6131034482759,38.70620689655173,41.37275862068965,2.521379310344828,62.11103448275862,0.001065,0.001139,0.002859,14.115517241379294,1
2237,10506,2025-01-22 12:39:55+00:00,2025-01-22 12:39:55+00:00,69.13100000000001,0.134,52.41899999999999,78.209,38.822,39.95033333333336,1.0470000000000004,64.94133333333335,0.00078,0.000816,0.00157,13.596999999999989,1
2238,10520,2025-01-22 12:40:14+00:00,2025-01-22 12:40:14+00:00,19.68230769230769,0.1119230769230769,51.75538461538464,25.068846153846152,38.8473076923077,39.3076923076923,0.3523076923076921,66.45653846153846,0.00068,0.000705,0.001051,12.908076923076932,1
2239,10522,2025-01-22 12:40:16+00:00,2025-01-22 12:40:16+00:00,19.77724137931034,0.1082758620689655,51.22379310344827,25.310344827586206,38.7403448275862,38.77241379310346,0.3589655172413792,65.69068965517243,0.000643,0.000692,0.001077,12.483448275862074,1
2240,10540,2025-01-22 12:40:40+00:00,2025-01-22 12:40:40+00:00,93.74517241379311,0.13,51.55655172413793,101.4513793103448,38.8493103448276,40.00137931034483,1.3044827586206895,64.62206896551724,0.000856,0.000889,0.00182,12.707241379310332,1
2241,10562,2025-01-22 12:41:10+00:00,2025-01-22 12:41:10+00:00,216.24037037037036,0.1951851851851851,52.75629629629629,232.19999999999987,38.93555555555555,42.22259259259261,2.971851851851852,62.17814814814816,0.001077,0.00126,0.003192,13.82074074074074,1
2242,10564,2025-01-22 12:41:13+00:00,2025-01-22 12:41:13+00:00,219.46466666666663,0.1896666666666667,52.44100000000001,235.516,38.83533333333334,41.798333333333325,3.0453333333333323,61.49300000000001,0.001088,0.001281,0.003237,13.605666666666671,1
2243,10568,2025-01-22 12:41:18+00:00,2025-01-22 12:41:18+00:00,219.0765625,0.1878125,52.675937499999975,234.01625,38.81593750000001,41.8684375,3.0262499999999988,61.65000000000002,0.001095,0.001276,0.003225,13.859999999999964,1
2244,10580,2025-01-22 12:41:34+00:00,2025-01-22 12:41:34+00:00,173.66666666666666,0.1637037037037037,53.06555555555555,188.9766666666667,38.86222222222223,41.43333333333334,2.2892592592592598,62.839629629629606,0.001041,0.001062,0.002737,14.20333333333332,1
2245,10592,2025-01-22 12:41:49+00:00,2025-01-22 12:41:49+00:00,100.44666666666669,0.1340740740740741,52.75296296296296,110.12444444444446,38.85111111111112,40.44185185185185,1.4207407407407404,64.38222222222218,0.000884,0.000917,0.00194,13.901851851851838,1
2246,10616,2025-01-22 12:42:21+00:00,2025-01-22 12:42:21+00:00,24.21800000000001,0.1326666666666666,51.87133333333332,29.098000000000003,38.94566666666667,39.537333333333336,0.359,66.21900000000001,0.000687,0.000743,0.001083,12.92566666666665,1
2247,10650,2025-01-22 12:43:05+00:00,2025-01-22 12:43:05+00:00,205.4727586206897,0.1906896551724139,52.07862068965516,219.86758620689665,38.89689655172415,41.599310344827565,2.7775862068965527,61.99310344827585,0.001056,0.001189,0.003005,13.181724137931011,1
2248,10656,2025-01-22 12:43:14+00:00,2025-01-22 12:43:14+00:00,219.72393939393945,0.1748484848484848,52.5669696969697,234.59090909090912,38.86878787878789,41.861515151515135,3.032424242424242,61.44303030303031,0.001082,0.001284,0.003263,13.698181818181808,1
2249,10657,2025-01-22 12:43:16+00:00,2025-01-22 12:43:16+00:00,220.0648484848485,0.1627272727272728,52.61939393939393,234.9063636363636,38.904545454545456,42.032727272727286,3.0524242424242427,61.71727272727276,0.001078,0.001282,0.003268,13.714848484848474,1
2250,10687,2025-01-22 12:43:55+00:00,2025-01-22 12:43:55+00:00,71.58612903225806,0.1403225806451613,52.50354838709678,79.88290322580647,38.912903225806446,40.09322580645162,1.0719354838709674,64.8325806451613,0.000768,0.000799,0.001581,13.590645161290333,1
2251,10691,2025-01-22 12:44:00+00:00,2025-01-22 12:44:00+00:00,50.16178571428571,0.1371428571428571,52.14607142857145,57.647142857142846,38.91499999999999,39.73749999999999,0.3567857142857143,65.26071428571429,0.000751,0.000747,0.00132,13.231071428571468,1
2252,10703,2025-01-22 12:44:16+00:00,2025-01-22 12:44:16+00:00,20.279999999999998,0.1413793103448276,51.453103448275854,25.512413793103445,38.91931034482757,39.19586206896552,0.3558620689655171,66.05931034482757,0.000659,0.000757,0.001064,12.533793103448282,1
2253,10713,2025-01-22 12:44:29+00:00,2025-01-22 12:44:29+00:00,43.376551724137926,0.1448275862068965,51.55137931034485,49.68965517241379,39.01103448275863,39.56103448275862,0.3537931034482756,65.48965517241378,0.000724,0.000724,0.001238,12.540344827586225,1
2254,10733,2025-01-22 12:44:55+00:00,2025-01-22 12:44:55+00:00,167.32392857142858,0.1117857142857143,51.68821428571427,178.72678571428565,38.94107142857143,41.01428571428572,2.199285714285714,62.56214285714285,0.000978,0.001068,0.002616,12.747142857142832,1
2255,10742,2025-01-22 12:45:07+00:00,2025-01-22 12:45:07+00:00,209.3075,0.14375,52.2378125,224.45000000000005,38.98843750000001,41.804375,2.8756250000000003,61.84750000000001,0.001052,0.001218,0.003049,13.249374999999992,1
2256,10747,2025-01-22 12:45:14+00:00,2025-01-22 12:45:14+00:00,220.45310344827584,0.1610344827586207,53.073103448275845,234.68172413793096,39.10241379310346,42.30034482758622,3.0700000000000007,61.8144827586207,0.001049,0.001285,0.003173,13.970689655172386,1
2257,10748,2025-01-22 12:45:15+00:00,2025-01-22 12:45:15+00:00,219.80806451612895,0.1861290322580645,52.7,234.13774193548383,38.995806451612886,41.946129032258064,3.053548387096773,61.51451612903224,0.001052,0.001294,0.003191,13.70419354838711,1
2258,10779,2025-01-22 12:45:56+00:00,2025-01-22 12:45:56+00:00,68.0377419354839,0.1406451612903226,52.375161290322566,76.30741935483873,38.96322580645162,39.92129032258066,1.0316129032258066,64.74774193548386,0.000789,0.00081,0.001546,13.411935483870948,1
2259,10784,2025-01-22 12:46:02+00:00,2025-01-22 12:46:02+00:00,43.471428571428575,0.1375,52.12107142857142,50.541428571428575,38.99071428571428,39.74142857142858,0.3582142857142856,65.43428571428572,0.000713,0.000726,0.001248,13.130357142857136,1
2260,10787,2025-01-22 12:46:06+00:00,2025-01-22 12:46:06+00:00,32.03156250000001,0.1309374999999999,52.06624999999999,37.50531250000001,38.975,39.57375,0.3540624999999998,65.40625,0.000693,0.000682,0.001115,13.091249999999995,1
2261,10794,2025-01-22 12:46:15+00:00,2025-01-22 12:46:15+00:00,19.48366666666666,0.1306666666666667,51.987666666666655,24.998333333333346,39.12366666666666,39.536,0.3536666666666667,66.28633333333333,0.000715,0.000726,0.001077,12.863999999999995,1
2262,10811,2025-01-22 12:46:39+00:00,2025-01-22 12:46:39+00:00,84.82366666666667,0.1303333333333333,51.53733333333334,92.93699999999998,39.010666666666665,40.00900000000001,1.22,64.5953333333333,0.000862,0.000857,0.001737,12.526666666666678,1
2263,10835,2025-01-22 12:47:10+00:00,2025-01-22 12:47:10+00:00,214.9989999999999,0.1803333333333334,52.74,229.706,39.12833333333332,42.295333333333325,2.971000000000001,61.88166666666664,0.001069,0.001282,0.003188,13.611666666666672,1
2264,10837,2025-01-22 12:47:13+00:00,2025-01-22 12:47:13+00:00,217.7728571428572,0.177142857142857,52.554642857142845,233.52071428571432,39.01571428571428,42.08357142857144,3.0610714285714287,61.497142857142855,0.001102,0.001297,0.003223,13.538928571428563,1
2265,10848,2025-01-22 12:47:29+00:00,2025-01-22 12:47:29+00:00,196.00033333333332,0.165,53.16433333333332,211.0686666666666,39.091,41.95833333333334,2.6229999999999998,62.15433333333333,0.001059,0.001165,0.002967,14.073333333333316,1
2266,10857,2025-01-22 12:47:41+00:00,2025-01-22 12:47:41+00:00,145.46571428571428,0.1621428571428571,53.63821428571431,155.44214285714287,39.30892857142856,41.66464285714285,1.9196428571428568,63.73392857142861,0.000924,0.001004,0.002403,14.329285714285746,1
2267,10870,2025-01-22 12:47:59+00:00,2025-01-22 12:47:59+00:00,54.73142857142857,0.1249999999999999,52.32285714285714,62.255,39.08464285714286,39.97928571428572,0.3567857142857143,65.22642857142857,0.000754,0.000765,0.001419,13.238214285714278,1
2268,10877,2025-01-22 12:48:08+00:00,2025-01-22 12:48:08+00:00,28.26862068965516,0.1117241379310344,51.994827586206895,32.60241379310344,39.05586206896553,39.58206896551724,0.3548275862068964,65.5644827586207,0.000689,0.000681,0.001077,12.938965517241364,1
2269,10886,2025-01-22 12:48:20+00:00,2025-01-22 12:48:20+00:00,21.88448275862069,0.1220689655172413,51.54103448275863,27.701034482758622,39.08137931034483,39.32482758620691,0.3579310344827586,65.92482758620692,0.000686,0.000727,0.001106,12.459655172413804,1
2270,10889,2025-01-22 12:48:24+00:00,2025-01-22 12:48:24+00:00,28.967777777777773,0.0785185185185185,51.412962962962965,32.28481481481483,39.068888888888885,39.314074074074064,0.3529629629629628,65.6174074074074,0.00068,0.000705,0.001182,12.34407407407408,1
2271,10896,2025-01-22 12:48:33+00:00,2025-01-22 12:48:33+00:00,58.19206896551723,0.1155172413793103,51.58896551724137,64.23758620689657,39.08999999999999,39.655517241379314,0.3589655172413793,64.89413793103448,0.000859,0.000761,0.00137,12.49896551724138,1
2272,10899,2025-01-22 12:48:37+00:00,2025-01-22 12:48:37+00:00,76.017,0.1139999999999999,51.91033333333334,82.71733333333336,39.23399999999999,40.19566666666666,1.0996666666666668,65.09699999999997,0.000838,0.000825,0.001579,12.676333333333352,1
2273,10904,2025-01-22 12:48:43+00:00,2025-01-22 12:48:43+00:00,103.91999999999994,0.1427586206896552,51.769310344827616,114.03448275862068,39.14620689655172,40.45068965517241,1.457586206896551,64.08103448275862,0.000913,0.000933,0.002082,12.6231034482759,1
2274,10906,2025-01-22 12:48:46+00:00,2025-01-22 12:48:46+00:00,119.33142857142856,0.145,51.62821428571431,130.60607142857148,39.12142857142857,40.53499999999999,1.6332142857142855,63.78607142857143,0.000929,0.000948,0.002147,12.50678571428574,1
2275,10919,2025-01-22 12:49:03+00:00,2025-01-22 12:49:03+00:00,197.9879310344828,0.1513793103448275,52.30275862068965,212.1706896551724,39.20862068965517,41.85758620689656,2.680344827586207,62.0937931034483,0.001064,0.001165,0.003085,13.094137931034474,1
2276,10922,2025-01-22 12:49:07+00:00,2025-01-22 12:49:07+00:00,208.971,0.184,52.74833333333333,223.48433333333327,39.26433333333332,42.311666666666646,2.8699999999999988,62.208333333333336,0.001073,0.001217,0.003182,13.484000000000009,1
2277,10927,2025-01-22 12:49:14+00:00,2025-01-22 12:49:14+00:00,218.51483870967732,0.1832258064516129,52.52838709677418,234.36354838709676,39.10903225806452,41.9941935483871,3.063548387096773,61.42870967741935,0.001092,0.001277,0.003304,13.419354838709666,1
2278,10936,2025-01-22 12:49:28+00:00,2025-01-22 12:49:28+00:00,199.65285714285704,0.1971428571428571,53.50107142857144,215.34071428571428,39.20857142857142,42.2607142857143,2.682142857142857,62.40964285714285,0.001099,0.00118,0.003054,14.292500000000024,1
2279,10945,2025-01-22 12:49:40+00:00,2025-01-22 12:49:40+00:00,149.86703703703708,0.1522222222222222,53.1662962962963,162.83333333333334,39.13888888888888,41.39185185185184,1.9707407407407411,63.09740740740742,0.001,0.001011,0.002554,14.027407407407424,1
2280,10962,2025-01-22 12:50:02+00:00,2025-01-22 12:50:02+00:00,45.55117647058822,0.1517647058823529,52.35470588235292,51.717058823529406,39.175294117647056,39.89058823529414,0.3570588235294116,65.51499999999999,0.000769,0.00076,0.001323,13.17941176470586,1
2281,10964,2025-01-22 12:50:05+00:00,2025-01-22 12:50:05+00:00,34.733823529411765,0.0717647058823529,52.11999999999999,39.87264705882354,39.12264705882354,39.587941176470586,0.3567647058823529,65.41911764705881,0.000718,0.000729,0.001263,12.997352941176452,1
2282,10971,2025-01-22 12:50:14+00:00,2025-01-22 12:50:14+00:00,20.18793103448276,0.113103448275862,52.01068965517242,24.703103448275854,39.23793103448277,39.67137931034484,0.3499999999999998,66.07999999999998,0.000652,0.00071,0.001088,12.77275862068965,1
2283,10984,2025-01-22 12:50:32+00:00,2025-01-22 12:50:32+00:00,53.09846153846154,0.1057692307692307,51.51807692307693,59.28307692307692,39.190000000000005,39.72846153846155,0.3557692307692307,65.195,0.000742,0.00077,0.00135,12.328076923076928,1
2284,10996,2025-01-22 12:50:48+00:00,2025-01-22 12:50:48+00:00,130.87178571428566,0.1367857142857143,51.75749999999999,140.93250000000003,39.17821428571428,40.84749999999999,1.7439285714285708,63.69785714285715,0.000935,0.00097,0.002186,12.579285714285716,1
2285,10999,2025-01-22 12:50:52+00:00,2025-01-22 12:50:52+00:00,150.74965517241378,0.1124137931034482,51.79241379310344,160.6265517241379,39.177931034482754,41.05965517241378,1.9824137931034485,63.113793103448295,0.001002,0.001022,0.002416,12.614482758620689,1
2286,11010,2025-01-22 12:51:06+00:00,2025-01-22 12:51:06+00:00,206.16230769230768,0.1903846153846153,52.23692307692308,221.13384615384615,39.16192307692307,41.76538461538462,2.8203846153846155,61.56692307692308,0.001053,0.001208,0.003096,13.07500000000001,1
2287,11036,2025-01-22 12:51:40+00:00,2025-01-22 12:51:40+00:00,151.007,0.148,53.569333333333326,162.774,39.31133333333332,41.758,1.968666666666667,63.54366666666668,0.000994,0.001003,0.002469,14.25800000000001,1
2288,11045,2025-01-22 12:51:52+00:00,2025-01-22 12:51:52+00:00,89.03322580645163,0.1429032258064516,52.70354838709679,97.8083870967742,39.16483870967744,40.52580645161291,1.295161290322581,64.36903225806454,0.000842,0.000867,0.001866,13.538709677419348,1
2289,11050,2025-01-22 12:51:59+00:00,2025-01-22 12:51:59+00:00,56.88214285714287,0.0910714285714286,52.56678571428569,63.19749999999999,39.243928571428576,40.19464285714285,0.3528571428571427,65.2375,0.000797,0.000751,0.001454,13.322857142857115,1
2290,11065,2025-01-22 12:52:18+00:00,2025-01-22 12:52:18+00:00,20.16344827586207,0.1024137931034482,51.65413793103448,24.56000000000001,39.25896551724138,39.4855172413793,0.3499999999999998,65.96724137931035,0.00065,0.000706,0.001069,12.395172413793098,1
2291,11113,2025-01-22 12:53:21+00:00,2025-01-22 12:53:21+00:00,216.2069999999999,0.2080000000000001,53.51433333333336,232.37233333333344,39.42699999999999,42.79166666666666,3.028666666666668,62.07599999999998,0.001071,0.001277,0.00322,14.087333333333367,1
2292,11178,2025-01-22 12:54:49+00:00,2025-01-22 12:54:49+00:00,134.38193548387096,0.1274193548387097,51.83741935483872,143.81483870967742,39.34,40.93935483870968,1.7777419354838708,63.30516129032257,0.000954,0.000984,0.002246,12.49741935483872,1
2293,11183,2025-01-22 12:54:56+00:00,2025-01-22 12:54:56+00:00,166.94925925925924,0.1744444444444444,51.96666666666668,180.32555555555555,39.32777777777778,41.426296296296286,2.231111111111111,62.8088888888889,0.000977,0.001064,0.002654,12.6388888888889,1
2294,11194,2025-01-22 12:55:10+00:00,2025-01-22 12:55:10+00:00,215.6446875,0.171875,52.49812500000001,229.28406249999995,39.288125,42.21999999999999,2.9681249999999983,61.486249999999984,0.001047,0.00126,0.003182,13.210000000000008,1
2295,11195,2025-01-22 12:55:11+00:00,2025-01-22 12:55:11+00:00,215.95387096774184,0.2029032258064517,52.648709677419376,231.06677419354835,39.35064516129031,42.276451612903216,2.991290322580644,61.731290322580655,0.001067,0.00126,0.003204,13.298064516129068,1
2296,11197,2025-01-22 12:55:14+00:00,2025-01-22 12:55:14+00:00,216.5139285714285,0.1846428571428572,52.90249999999998,233.05321428571432,39.42678571428572,42.27714285714286,3.0610714285714287,61.563928571428576,0.001064,0.001285,0.003242,13.47571428571426,1
2297,11211,2025-01-22 12:55:34+00:00,2025-01-22 12:55:34+00:00,180.08120000000002,0.1528,53.65240000000001,193.0104,39.42279999999998,42.2436,2.3692,62.6948,0.001042,0.001103,0.002832,14.229600000000026,1
2298,11234,2025-01-22 12:56:04+00:00,2025-01-22 12:56:04+00:00,39.81724137931034,0.1103448275862068,52.70241379310343,45.084827586206906,39.48931034482759,40.30827586206897,0.3541379310344826,65.78620689655173,0.000717,0.000749,0.001315,13.213103448275843,1
2299,11255,2025-01-22 12:56:31+00:00,2025-01-22 12:56:31+00:00,46.57366666666667,0.111,51.59400000000001,53.01800000000001,39.339333333333336,39.77233333333332,0.3569999999999999,65.02799999999998,0.00074,0.000743,0.00137,12.254666666666672,1
2300,11274,2025-01-22 12:56:56+00:00,2025-01-22 12:56:56+00:00,167.4327586206896,0.1768965517241379,52.02241379310347,179.90758620689655,39.38724137931036,41.34172413793103,2.226896551724137,62.49034482758621,0.001059,0.001082,0.002696,12.635172413793107,1
2301,11318,2025-01-22 12:57:54+00:00,2025-01-22 12:57:54+00:00,81.25892857142857,0.1360714285714286,53.025357142857125,90.40785714285714,39.46392857142858,40.80250000000001,1.2089285714285718,64.82607142857145,0.00082,0.000829,0.001737,13.561428571428545,1
2302,11327,2025-01-22 12:58:06+00:00,2025-01-22 12:58:06+00:00,34.80499999999999,0.144,52.70533333333334,40.279,39.569,40.31633333333333,0.3536666666666665,65.81899999999999,0.00071,0.000707,0.001251,13.136333333333347,1
2303,11342,2025-01-22 12:58:25+00:00,2025-01-22 12:58:25+00:00,29.153225806451623,0.1551612903225807,51.892903225806464,35.088387096774184,39.51290322580644,39.89483870967742,0.3590322580645161,65.89870967741936,0.00074,0.000709,0.001112,12.380000000000024,1
2304,11374,2025-01-22 12:59:09+00:00,2025-01-22 12:59:09+00:00,211.0565625,0.1818750000000001,52.66874999999999,226.89249999999996,39.51999999999999,42.40593749999999,2.9328125,61.67624999999997,0.001079,0.001263,0.003138,13.14875,1
2305,11387,2025-01-22 12:59:26+00:00,2025-01-22 12:59:26+00:00,207.95230769230767,0.1542307692307692,53.49807692307692,221.74615384615387,39.55230769230768,42.74653846153846,2.870769230769232,62.08692307692308,0.001069,0.001231,0.003144,13.945769230769244,1
2306,11399,2025-01-22 12:59:41+00:00,2025-01-22 12:59:41+00:00,148.26037037037037,0.1688888888888889,53.49999999999997,161.75444444444443,39.55703703703702,41.836666666666666,1.9859259259259257,63.41037037037037,0.000979,0.00102,0.002466,13.942962962962952,1
2307,11434,2025-01-22 13:00:29+00:00,2025-01-22 13:00:29+00:00,39.46200000000001,0.102,51.792333333333325,45.27399999999999,39.55033333333334,39.96633333333333,0.3513333333333331,65.28033333333335,0.000748,0.000701,0.001218,12.241999999999983,1
2308,11438,2025-01-22 13:00:34+00:00,2025-01-22 13:00:34+00:00,57.66586206896552,0.1093103448275861,51.82827586206896,63.61655172413794,39.57965517241381,40.16241379310345,0.3558620689655172,64.96551724137932,0.000752,0.000747,0.001395,12.248620689655148,1
2309,11479,2025-01-22 13:01:29+00:00,2025-01-22 13:01:29+00:00,199.61466666666672,0.1603333333333333,53.82199999999999,213.5860000000001,39.70333333333336,42.72966666666668,2.744,62.25833333333331,0.001099,0.001179,0.003082,14.118666666666629,1
2310,11487,2025-01-22 13:01:39+00:00,2025-01-22 13:01:39+00:00,160.4706896551724,0.16,54.15689655172415,173.00034482758625,39.72137931034484,42.32172413793106,2.1172413793103457,63.36172413793103,0.001004,0.001037,0.002616,14.435517241379316,1
2311,11508,2025-01-22 13:02:07+00:00,2025-01-22 13:02:07+00:00,32.58892857142858,0.1589285714285714,52.37678571428573,38.64714285714286,39.64785714285714,40.157500000000006,0.3528571428571428,65.68750000000001,0.000731,0.000675,0.001166,12.728928571428582,1
2312,11538,2025-01-22 13:02:49+00:00,2025-01-22 13:02:49+00:00,131.27281250000004,0.1696874999999999,52.135312499999976,142.03874999999996,39.69249999999998,41.37031250000001,1.7606250000000003,63.701875000000015,0.000936,0.000974,0.002179,12.442812499999995,1
2313,11560,2025-01-22 13:03:18+00:00,2025-01-22 13:03:18+00:00,219.71642857142865,0.1785714285714285,53.098571428571454,234.1278571428572,39.69321428571431,42.698928571428574,3.064642857142857,61.63392857142858,0.001042,0.001301,0.003293,13.405357142857142,1
2314,11563,2025-01-22 13:03:22+00:00,2025-01-22 13:03:22+00:00,215.9257692307692,0.1826923076923077,53.287307692307685,232.2230769230769,39.662307692307685,42.62038461538462,3.023461538461538,61.42576923076922,0.001086,0.001275,0.003258,13.625,1
2315,11583,2025-01-22 13:03:48+00:00,2025-01-22 13:03:48+00:00,113.98451612903229,0.1425806451612903,53.35451612903229,124.98935483870972,39.67322580645163,41.42903225806451,1.5932258064516138,63.949032258064506,0.000901,0.000929,0.002203,13.68129032258065,1
2316,11584,2025-01-22 13:03:49+00:00,2025-01-22 13:03:49+00:00,108.71357142857146,0.1514285714285714,53.32142857142858,119.3535714285714,39.708928571428594,41.38285714285717,1.533928571428572,64.18428571428572,0.0009,0.000909,0.002165,13.612499999999985,1
2317,11614,2025-01-22 13:04:31+00:00,2025-01-22 13:04:31+00:00,44.875937500000006,0.1312499999999999,52.16,50.98781249999999,39.82781249999998,40.48312499999999,0.3590624999999999,65.71687499999999,0.000749,0.000711,0.001277,12.332187500000025,1
2318,11622,2025-01-22 13:04:42+00:00,2025-01-22 13:04:42+00:00,93.18678571428576,0.1239285714285713,52.256785714285705,101.67071428571428,39.83785714285716,41.00857142857142,1.3314285714285714,64.52964285714287,0.000846,0.000882,0.00189,12.418928571428545,1
2319,11654,2025-01-22 13:05:26+00:00,2025-01-22 13:05:26+00:00,207.78481481481484,0.1844444444444445,53.62592592592593,225.1518518518519,39.82555555555555,42.83444444444444,2.904074074074074,61.85222222222224,0.001058,0.001248,0.003188,13.800370370370374,1
2320,11723,2025-01-22 13:06:57+00:00,2025-01-22 13:06:57+00:00,168.32923076923075,0.1692307692307692,52.40346153846153,180.86115384615383,39.868461538461546,41.913846153846144,2.252307692307693,62.7553846153846,0.000989,0.001063,0.002705,12.534999999999982,1
2321,11737,2025-01-22 13:07:18+00:00,2025-01-22 13:07:18+00:00,219.51363636363644,0.1781818181818181,53.37878787878788,235.67939393939383,39.878181818181794,42.9278787878788,3.0921212121212096,61.45969696969694,0.001073,0.00133,0.003348,13.50060606060608,1
2322,11757,2025-01-22 13:07:45+00:00,2025-01-22 13:07:45+00:00,131.33066666666676,0.1356666666666666,53.88699999999999,142.82533333333336,39.95766666666668,41.99233333333332,1.796666666666667,63.812333333333335,0.000932,0.000973,0.002319,13.929333333333318,1
2323,11823,2025-01-22 13:09:12+00:00,2025-01-22 13:09:12+00:00,214.80413793103455,0.1765517241379311,53.00344827586208,230.40896551724128,39.930689655172415,42.69793103448276,3.007586206896551,61.3755172413793,0.001064,0.001268,0.003216,13.072758620689669,1
2324,11839,2025-01-22 13:09:33+00:00,2025-01-22 13:09:33+00:00,188.63965517241385,0.1344827586206896,53.65103448275862,201.29103448275865,39.8793103448276,42.61275862068966,2.548620689655172,62.200689655172425,0.001075,0.001127,0.00297,13.771724137931024,1
2325,11858,2025-01-22 13:09:58+00:00,2025-01-22 13:09:58+00:00,66.84806451612904,0.1229032258064515,53.09774193548385,74.0341935483871,39.96806451612905,40.846774193548384,1.045161290322581,64.76451612903229,0.000808,0.000792,0.001616,13.129677419354806,1
2326,11869,2025-01-22 13:10:12+00:00,2025-01-22 13:10:12+00:00,23.286,0.1016666666666667,52.758,28.80933333333332,40.06533333333333,40.58466666666666,0.3513333333333331,66.13266666666668,0.000679,0.000675,0.001103,12.692666666666677,1
2327,11872,2025-01-22 13:10:16+00:00,2025-01-22 13:10:16+00:00,20.146206896551725,0.116551724137931,52.468620689655154,24.5244827586207,40.04137931034485,40.44862068965519,0.3548275862068964,66.15241379310345,0.000644,0.000699,0.001111,12.42724137931031,1
2328,11884,2025-01-22 13:10:32+00:00,2025-01-22 13:10:32+00:00,46.939333333333344,0.1336666666666666,52.53766666666666,52.43933333333334,40.07766666666666,40.74099999999999,0.3516666666666665,65.67733333333332,0.000731,0.000721,0.001262,12.46,1
2329,11888,2025-01-22 13:10:37+00:00,2025-01-22 13:10:37+00:00,66.13964285714286,0.1292857142857142,52.514642857142846,73.58678571428574,40.08321428571427,41.20892857142858,1.0171428571428571,65.38214285714285,0.000803,0.000787,0.001475,12.431428571428576,1
2330,11890,2025-01-22 13:10:39+00:00,2025-01-22 13:10:39+00:00,77.24428571428568,0.1096428571428571,51.86035714285715,83.55250000000001,39.92071428571429,40.698214285714286,1.1357142857142857,64.47535714285716,0.000812,0.00082,0.001659,11.939642857142855,1
2331,11900,2025-01-22 13:10:54+00:00,2025-01-22 13:10:54+00:00,151.54413793103447,0.1317241379310345,52.18827586206897,163.55793103448278,39.96482758620692,41.777241379310325,2.0406896551724136,62.79862068965519,0.000976,0.00103,0.002499,12.223448275862054,1
2332,11903,2025-01-22 13:10:58+00:00,2025-01-22 13:10:58+00:00,169.94107142857143,0.1482142857142856,52.77607142857143,183.7682142857143,40.070714285714295,42.354642857142856,2.3275,62.72857142857144,0.001,0.001087,0.002759,12.705357142857132,1
2333,11905,2025-01-22 13:11:00+00:00,2025-01-22 13:11:00+00:00,179.18862068965515,0.176206896551724,52.49689655172413,192.68896551724143,39.99931034482759,42.25413793103449,2.4434482758620693,62.42413793103448,0.001017,0.001105,0.002888,12.497586206896544,1
2334,11924,2025-01-22 13:11:28+00:00,2025-01-22 13:11:28+00:00,205.44071428571428,0.1539285714285714,54.14749999999999,217.94928571428565,40.130357142857136,43.28642857142859,2.856428571428572,62.11642857142856,0.001115,0.001232,0.003126,14.01714285714285,1
2335,11927,2025-01-22 13:11:32+00:00,2025-01-22 13:11:32+00:00,191.63242424242424,0.1793939393939394,53.94909090909093,207.10818181818183,40.09060606060607,42.97515151515152,2.6327272727272724,62.33393939393941,0.001078,0.001179,0.002977,13.858484848484856,1
2336,11945,2025-01-22 13:12:02+00:00,2025-01-22 13:12:02+00:00,50.82148148148149,0.1440740740740741,53.0062962962963,58.16555555555557,40.06518518518519,40.83111111111111,0.3574074074074073,65.4225925925926,0.000765,0.000756,0.001379,12.941111111111113,1
2337,11965,2025-01-22 13:12:32+00:00,2025-01-22 13:12:32+00:00,45.82812500000002,0.116875,52.142187500000006,52.3409375,40.06124999999998,40.53843749999998,0.3521874999999998,65.36718750000001,0.000744,0.000704,0.001271,12.080937500000026,1
2338,11985,2025-01-22 13:13:04+00:00,2025-01-22 13:13:04+00:00,194.93,0.1724999999999999,53.12214285714283,208.3925,40.11571428571428,42.868214285714295,2.685,62.543214285714285,0.001041,0.001163,0.003066,13.00642857142855,1
2339,11988,2025-01-22 13:13:08+00:00,2025-01-22 13:13:08+00:00,206.87322580645167,0.1709677419354839,52.916774193548406,220.0290322580645,40.02741935483869,42.82935483870969,2.88225806451613,61.80806451612903,0.001068,0.001234,0.003182,12.889354838709714,1
2340,12002,2025-01-22 13:13:26+00:00,2025-01-22 13:13:26+00:00,210.355,0.1639285714285714,53.68178571428572,225.19785714285703,40.02607142857143,42.99678571428571,2.9742857142857138,61.55071428571426,0.001083,0.001272,0.003279,13.65571428571429,1
2341,12018,2025-01-22 13:13:51+00:00,2025-01-22 13:13:51+00:00,103.301,0.119,53.69333333333331,112.049,40.10066666666667,41.62433333333334,1.4879999999999995,64.15933333333331,0.000963,0.000913,0.002208,13.592666666666638,1
2342,12056,2025-01-22 13:14:52+00:00,2025-01-22 13:14:52+00:00,139.42785714285714,0.1389285714285714,52.48785714285714,150.88250000000002,40.1175,41.80428571428571,1.8939285714285712,63.25500000000004,0.000941,0.001013,0.002424,12.370357142857138,1
2343,12074,2025-01-22 13:15:25+00:00,2025-01-22 13:15:25+00:00,212.182258064516,0.1629032258064516,53.75806451612903,227.8861290322581,40.13645161290325,43.16838709677421,3.0009677419354843,61.73225806451615,0.001122,0.001259,0.003243,13.621612903225788,1
2344,12118,2025-04-07 09:57:52+00:00,2025-04-07 09:57:52+00:00,19.87774193548388,0.1916129032258064,40.36903225806449,31.631290322580643,21.17419354838709,21.75967741935484,0.5799999999999997,65.5835483870968,0.000741,0.000644,0.000834,19.1948387096774,1
2345,12124,2025-04-07 09:58:00+00:00,2025-04-07 09:58:00+00:00,27.55064516129032,0.1770967741935484,40.221935483870986,38.65419354838711,21.2167741935484,21.77290322580645,0.5935483870967743,65.55258064516129,0.000794,0.000674,0.000769,19.005161290322587,1
2346,12125,2025-04-07 09:58:01+00:00,2025-04-07 09:58:01+00:00,27.755714285714287,0.1871428571428572,40.22321428571428,41.03571428571427,21.207500000000003,21.77,0.5871428571428571,65.65071428571429,0.000741,0.000668,0.000852,19.015714285714274,1
2347,12130,2025-04-07 09:58:08+00:00,2025-04-07 09:58:08+00:00,48.287,0.1843333333333333,40.219,61.73033333333337,21.216,21.98766666666666,0.5646666666666669,65.15433333333334,0.000781,0.00069,0.000798,19.003,1
2348,12143,2025-04-07 09:58:25+00:00,2025-04-07 09:58:25+00:00,129.1503225806452,0.2125806451612903,40.26870967741936,147.44258064516126,21.23225806451613,23.025806451612905,1.4241935483870964,63.88451612903226,0.000885,0.000754,0.001387,19.036451612903225,1
2349,12147,2025-04-07 09:58:30+00:00,2025-04-07 09:58:30+00:00,155.94483870967747,0.2096774193548387,40.30774193548389,175.62096774193543,21.23064516129033,23.366129032258076,1.652258064516128,63.42516129032257,0.000877,0.000771,0.001563,19.077096774193564,1
2350,12173,2025-04-07 09:59:04+00:00,2025-04-07 09:59:04+00:00,204.13066666666663,0.2303333333333334,41.381000000000014,227.97233333333327,21.31333333333332,24.45533333333333,2.089666666666666,62.61966666666668,0.000933,0.001116,0.002306,20.067666666666693,1
2351,12176,2025-04-07 09:59:08+00:00,2025-04-07 09:59:08+00:00,191.00451612903225,0.2222580645161291,41.45161290322583,212.7525806451613,21.304516129032255,24.287096774193547,1.9600000000000009,62.88032258064517,0.0009,0.001108,0.002196,20.14709677419357,1
2352,12186,2025-04-07 09:59:21+00:00,2025-04-07 09:59:21+00:00,130.80812499999996,0.2190625000000001,41.361562500000005,149.93343750000005,21.33781250000001,23.573750000000004,1.4631249999999996,63.916875000000005,0.000923,0.000931,0.001923,20.02375,1
2353,12190,2025-04-07 09:59:27+00:00,2025-04-07 09:59:27+00:00,100.21266666666662,0.1986666666666666,41.22166666666668,117.28966666666663,21.35966666666667,23.14599999999999,1.2126666666666674,64.5276666666667,0.000846,0.000817,0.001676,19.86200000000001,1
2354,12200,2025-04-07 09:59:41+00:00,2025-04-07 09:59:41+00:00,39.34424242424242,0.1790909090909091,40.79606060606058,52.70363636363635,21.38333333333333,22.26848484848486,0.5248484848484847,65.52151515151516,0.000849,0.000719,0.001072,19.41272727272725,1
2355,12222,2025-04-07 10:00:10+00:00,2025-04-07 10:00:10+00:00,55.55588235294119,0.1891176470588236,40.31382352941176,69.24500000000003,21.4270588235294,22.311176470588247,0.5291176470588234,64.95117647058824,0.000784,0.000682,0.000898,18.88676470588236,1
2356,12238,2025-04-07 10:00:31+00:00,2025-04-07 10:00:31+00:00,159.08575757575755,0.2148484848484849,40.46818181818181,178.59272727272733,21.46848484848486,23.63484848484848,1.6684848484848491,63.30303030303031,0.000861,0.000801,0.001587,18.999696969696952,1
2357,12239,2025-04-07 10:00:32+00:00,2025-04-07 10:00:32+00:00,165.34499999999994,0.2226666666666666,40.47966666666668,184.535,21.465333333333355,23.732333333333333,1.7183333333333322,63.292000000000016,0.000877,0.000799,0.00163,19.01433333333333,1
2358,12307,2025-04-07 10:02:01+00:00,2025-04-07 10:02:01+00:00,27.219032258064512,0.1858064516129033,40.39967741935484,40.76483870967742,21.640645161290315,22.15419354838709,0.5283870967741933,65.5283870967742,0.000727,0.000694,0.000817,18.75903225806452,1
2359,12340,2025-04-07 10:02:46+00:00,2025-04-07 10:02:46+00:00,211.9316666666667,0.2516666666666666,41.02733333333333,236.45366666666663,21.72800000000001,24.748,2.163666666666666,62.40033333333336,0.000917,0.00105,0.002104,19.299333333333315,1
2360,12355,2025-04-07 10:03:05+00:00,2025-04-07 10:03:05+00:00,202.106129032258,0.2238709677419355,41.65096774193548,224.8125806451613,21.745483870967742,24.857096774193558,2.0806451612903225,62.68354838709679,0.000958,0.001111,0.002272,19.905483870967736,1
2361,12365,2025-04-07 10:03:19+00:00,2025-04-07 10:03:19+00:00,142.80875000000003,0.2121875,41.71749999999998,163.0034374999999,21.753749999999997,24.16968750000001,1.5765624999999994,63.82593749999998,0.000887,0.000989,0.001984,19.963749999999987,1
2362,12368,2025-04-07 10:03:22+00:00,2025-04-07 10:03:22+00:00,127.0287096774194,0.2012903225806452,41.61870967741935,146.59064516129033,21.76903225806451,23.918064516129032,1.452258064516129,64.27290322580647,0.000879,0.000899,0.001847,19.84967741935484,1
2363,12371,2025-04-07 10:03:26+00:00,2025-04-07 10:03:26+00:00,105.5278787878788,0.2136363636363636,41.5469696969697,124.54909090909088,21.772121212121203,23.68363636363636,1.2606060606060614,64.48393939393941,0.000871,0.000862,0.001641,19.7748484848485,1
2364,12400,2025-04-07 10:04:06+00:00,2025-04-07 10:04:06+00:00,39.81090909090911,0.1984848484848485,40.55060606060604,53.22727272727273,21.843636363636364,22.519090909090902,0.5287878787878786,65.32030303030302,0.00079,0.000668,0.000795,18.706969696969672,1
2365,12413,2025-04-07 10:04:23+00:00,2025-04-07 10:04:23+00:00,116.95866666666667,0.2143333333333333,40.656,134.6826666666667,21.823666666666668,23.476333333333343,1.3283333333333334,63.90733333333334,0.000857,0.000761,0.001264,18.83233333333333,1
2366,12417,2025-04-07 10:04:28+00:00,2025-04-07 10:04:28+00:00,142.15387096774188,0.2100000000000001,40.69451612903226,161.95225806451606,21.93677419354839,23.836451612903225,1.5370967741935484,63.53645161290323,0.000895,0.000784,0.001431,18.757741935483867,1
2367,12420,2025-04-07 10:04:32+00:00,2025-04-07 10:04:32+00:00,161.67937500000002,0.2290625,40.75906249999998,182.14656249999996,21.8890625,24.12125,1.7043749999999998,63.5709375,0.000884,0.000799,0.001563,18.86999999999998,1
2368,12428,2025-04-07 10:04:42+00:00,2025-04-07 10:04:42+00:00,201.90483870967748,0.2225806451612904,40.98645161290323,224.3841935483872,21.908387096774177,24.72064516129033,2.053225806451613,62.82677419354837,0.000911,0.001004,0.002027,19.078064516129054,1
2369,12437,2025-04-07 10:04:54+00:00,2025-04-07 10:04:54+00:00,219.39896551724135,0.2351724137931035,41.41793103448276,243.7396551724138,21.92862068965519,25.11275862068965,2.2875862068965525,62.3203448275862,0.000959,0.001139,0.002247,19.48931034482757,1
2370,12456,2025-04-07 10:05:19+00:00,2025-04-07 10:05:19+00:00,143.44032258064516,0.2038709677419355,41.83096774193548,163.29161290322585,21.9767741935484,24.34935483870967,1.578064516129032,63.79870967741937,0.000883,0.001008,0.00196,19.85419354838708,1
2371,12462,2025-04-07 10:05:27+00:00,2025-04-07 10:05:27+00:00,101.94515151515154,0.2118181818181818,41.7090909090909,119.40090909090912,21.96090909090911,23.77787878787878,1.2327272727272722,64.31090909090908,0.000855,0.000813,0.001623,19.748181818181788,1
2372,12501,2025-04-07 10:06:18+00:00,2025-04-07 10:06:18+00:00,90.30533333333334,0.2043333333333332,40.74999999999999,106.02166666666665,22.059666666666665,23.307666666666663,0.5293333333333331,64.53466666666667,0.000874,0.000746,0.001002,18.69033333333332,1
2373,12509,2025-04-07 10:06:29+00:00,2025-04-07 10:06:29+00:00,147.43066666666667,0.2273333333333334,40.84566666666668,167.0003333333333,22.085,24.092333333333343,1.5783333333333338,63.598000000000006,0.000886,0.00076,0.00148,18.76066666666668,1
2374,12517,2025-04-07 10:06:39+00:00,2025-04-07 10:06:39+00:00,190.9120689655172,0.2341379310344827,41.03482758620687,213.6324137931035,22.08206896551724,24.76862068965518,1.9617241379310335,62.79620689655174,0.000913,0.000923,0.001914,18.952758620689632,1
2375,12521,2025-04-07 10:06:44+00:00,2025-04-07 10:06:44+00:00,206.6741379310345,0.2241379310344828,41.222758620689646,229.50827586206896,22.10655172413794,25.07586206896552,2.1137931034482755,62.53206896551724,0.000923,0.001061,0.002041,19.116206896551702,1
2376,12532,2025-04-07 10:06:59+00:00,2025-04-07 10:06:59+00:00,215.63451612903225,0.2351612903225806,41.728387096774185,238.63838709677412,22.128064516129022,25.3341935483871,2.243548387096775,62.35451612903227,0.000969,0.001114,0.002296,19.60032258064516,1
2377,12541,2025-04-07 10:07:11+00:00,2025-04-07 10:07:11+00:00,181.20387096774192,0.2383870967741936,41.93354838709677,203.64516129032268,22.134193548387096,25.00645161290324,1.891290322580645,63.23935483870967,0.00099,0.001129,0.002134,19.799354838709668,1
2378,12549,2025-04-07 10:07:21+00:00,2025-04-07 10:07:21+00:00,133.24935483870965,0.2141935483870968,41.94387096774193,153.32161290322583,22.15419354838709,24.41225806451613,1.508387096774194,63.92161290322582,0.000888,0.000945,0.001898,19.78967741935484,1
2379,12555,2025-04-07 10:07:29+00:00,2025-04-07 10:07:29+00:00,92.2374193548387,0.2116129032258065,41.7083870967742,109.28322580645168,22.162258064516127,23.838709677419352,0.9861290322580644,64.61387096774193,0.000858,0.000819,0.001534,19.54612903225807,1
2380,12574,2025-04-07 10:07:55+00:00,2025-04-07 10:07:55+00:00,19.57454545454545,0.1790909090909091,40.86060606060608,31.517878787878782,22.19424242424243,22.690606060606072,0.5172727272727271,65.70575757575757,0.000785,0.000647,0.000819,18.666363636363645,1
2381,12575,2025-04-07 10:07:56+00:00,2025-04-07 10:07:56+00:00,20.498125,0.1890625,40.84343749999999,33.100312499999994,22.199687500000007,22.66875,0.5199999999999997,65.8484375,0.000753,0.000667,0.000796,18.643749999999983,1
2382,12585,2025-04-07 10:08:10+00:00,2025-04-07 10:08:10+00:00,53.67999999999998,0.1894117647058823,40.77941176470589,67.12264705882352,22.227058823529426,23.06323529411764,0.5199999999999997,65.08500000000001,0.000814,0.000683,0.000902,18.55235294117646,1
2383,12603,2025-04-07 10:08:33+00:00,2025-04-07 10:08:33+00:00,165.201,0.2276666666666665,41.00366666666666,185.0313333333333,22.260333333333328,24.55400000000001,1.7393333333333336,63.25166666666667,0.000899,0.000824,0.00159,18.74333333333333,1
2384,12606,2025-04-07 10:08:37+00:00,2025-04-07 10:08:37+00:00,183.5476470588236,0.2217647058823529,41.08941176470586,204.71294117647065,22.260294117647053,24.791470588235285,1.8911764705882348,63.02882352941178,0.000924,0.000885,0.001827,18.829117647058805,1
2385,12631,2025-04-07 10:09:10+00:00,2025-04-07 10:09:10+00:00,186.003125,0.2250000000000001,42.0725,208.0850000000001,22.338750000000008,25.2346875,1.9415624999999996,63.063437500000006,0.000953,0.001109,0.002153,19.73374999999999,1
2386,12636,2025-04-07 10:09:16+00:00,2025-04-07 10:09:16+00:00,159.4422580645161,0.2099999999999999,42.09677419354837,180.6341935483871,22.33129032258065,24.92516129032258,1.7225806451612895,63.39516129032259,0.000914,0.001038,0.002041,19.765483870967724,1
2387,12654,2025-04-07 10:09:40+00:00,2025-04-07 10:09:40+00:00,45.003125,0.1921875,41.51437499999999,59.425624999999975,22.362812500000008,23.336875,0.5199999999999997,65.52437499999998,0.000849,0.000704,0.001091,19.15156249999998,1
2388,12660,2025-04-07 10:09:49+00:00,2025-04-07 10:09:49+00:00,22.26633333333333,0.1756666666666667,41.16466666666668,34.43966666666666,22.352666666666668,22.96266666666666,0.5199999999999997,65.67633333333335,0.001076,0.000712,0.000938,18.81200000000001,1
2389,12667,2025-04-07 10:09:58+00:00,2025-04-07 10:09:58+00:00,21.7215625,0.19375,40.93437500000001,33.93906250000001,22.3884375,22.8696875,0.5199999999999997,65.67468750000002,0.000777,0.000661,0.000795,18.54593750000001,1
2390,12675,2025-04-07 10:10:09+00:00,2025-04-07 10:10:09+00:00,48.50535714285712,0.1689285714285714,40.92214285714285,61.57678571428574,22.42178571428571,23.16607142857143,0.5299999999999998,64.99571428571429,0.000833,0.00068,0.000876,18.50035714285714,1
2391,12676,2025-04-07 10:10:10+00:00,2025-04-07 10:10:10+00:00,52.47823529411764,0.1917647058823529,40.94176470588236,65.99558823529412,22.43352941176473,23.21941176470588,0.5299999999999999,65.04499999999999,0.000779,0.000705,0.000882,18.508235294117632,1
2392,12680,2025-04-07 10:10:15+00:00,2025-04-07 10:10:15+00:00,74.05322580645161,0.1790322580645161,40.96935483870968,88.37096774193547,22.41709677419354,23.4867741935484,0.5354838709677416,64.63516129032261,0.000821,0.000726,0.000936,18.552258064516145,1
2393,12707,2025-04-07 10:10:51+00:00,2025-04-07 10:10:51+00:00,217.8045161290323,0.2406451612903225,41.69387096774195,241.86774193548388,22.470645161290328,25.64451612903227,2.290645161290324,62.22967741935484,0.000925,0.0011,0.002195,19.223225806451623,1
2394,12723,2025-04-07 10:11:12+00:00,2025-04-07 10:11:12+00:00,177.54,0.2309677419354839,42.21161290322579,200.0245161290324,22.490967741935485,25.282903225806447,1.886129032258064,63.08032258064516,0.000901,0.001085,0.002117,19.720645161290307,1
2395,12724,2025-04-07 10:11:13+00:00,2025-04-07 10:11:13+00:00,175.03466666666662,0.2213333333333334,42.21833333333333,196.1936666666667,22.49033333333334,25.260000000000005,1.863666666666668,63.35533333333334,0.000898,0.001076,0.002094,19.727999999999987,1
2396,12728,2025-04-07 10:11:18+00:00,2025-04-07 10:11:18+00:00,150.58645161290326,0.2106451612903226,42.18709677419355,171.57548387096773,22.51451612903225,24.953548387096763,1.6606451612903226,63.79064516129036,0.000888,0.000993,0.002056,19.672580645161297,1
2397,12740,2025-04-07 10:11:34+00:00,2025-04-07 10:11:34+00:00,70.0293548387097,0.1880645161290323,41.83193548387095,85.21064516129036,22.546451612903237,23.85967741935485,0.5199999999999997,64.93838709677419,0.00091,0.000752,0.001355,19.28548387096772,1
2398,12752,2025-04-07 10:11:50+00:00,2025-04-07 10:11:50+00:00,21.597812500000003,0.1796874999999999,41.24250000000001,33.820624999999986,22.58375000000001,23.1384375,0.5199999999999997,65.65375,0.000785,0.000682,0.000874,18.65875,1
2399,12778,2025-04-07 10:12:24+00:00,2025-04-07 10:12:24+00:00,117.99,0.1952941176470588,41.1188235294118,135.92999999999998,22.63205882352941,24.227941176470583,1.3485294117647066,64.03264705882354,0.000876,0.000728,0.001205,18.48676470588239,1
2400,12781,2025-04-07 10:12:28+00:00,2025-04-07 10:12:28+00:00,139.45548387096773,0.2054838709677419,41.16129032258065,158.00612903225812,22.626129032258067,24.48290322580645,1.528387096774193,63.747419354838726,0.000918,0.000804,0.001377,18.53516129032258,1
2401,12785,2025-04-07 10:12:33+00:00,2025-04-07 10:12:33+00:00,163.33875000000006,0.21125,41.25031249999999,182.91437499999995,22.625312500000003,24.8475,1.7243749999999998,63.46000000000001,0.000899,0.000813,0.001544,18.62499999999999,1
2402,12820,2025-04-07 10:13:19+00:00,2025-04-07 10:13:19+00:00,147.4996774193548,0.2132258064516129,42.29516129032258,167.01096774193545,22.703870967741945,25.06806451612903,1.6306451612903217,63.73290322580647,0.000885,0.000983,0.002005,19.59129032258064,1
2403,12826,2025-04-07 10:13:27+00:00,2025-04-07 10:13:27+00:00,105.06999999999996,0.2136666666666667,42.192000000000014,123.41966666666664,22.702333333333343,24.559666666666672,1.2743333333333335,64.55866666666667,0.000879,0.000828,0.001648,19.489666666666672,1
2404,12828,2025-04-07 10:13:29+00:00,2025-04-07 10:13:29+00:00,95.35363636363644,0.1909090909090909,42.05969696969696,111.7281818181818,22.70727272727273,24.38757575757576,1.183939393939394,64.73393939393938,0.000873,0.000794,0.001517,19.352424242424227,1
2405,12855,2025-04-07 10:14:06+00:00,2025-04-07 10:14:06+00:00,37.6678125,0.1903125,41.08718750000001,49.66374999999999,22.75,23.362812500000004,0.5199999999999997,65.25593750000002,0.000778,0.000665,0.000768,18.337187500000013,1
2406,12872,2025-04-07 10:14:28+00:00,2025-04-07 10:14:28+00:00,138.8607142857143,0.2196428571428571,41.28464285714285,157.7414285714286,22.7925,24.647857142857152,1.5274999999999994,63.73321428571431,0.000889,0.000761,0.001366,18.49214285714285,1
2407,12878,2025-04-07 10:14:36+00:00,2025-04-07 10:14:36+00:00,176.8670588235294,0.2220588235294118,41.38441176470588,196.94264705882347,22.798529411764694,25.233529411764703,1.8435294117647056,63.149411764705896,0.000883,0.000861,0.001705,18.585882352941187,1
2408,12898,2025-04-07 10:15:02+00:00,2025-04-07 10:15:02+00:00,211.4158823529411,0.2341176470588236,42.33794117647057,235.72000000000003,22.834411764705887,26.05882352941176,2.235,62.57000000000003,0.000996,0.001125,0.002254,19.503529411764685,1
2409,12906,2025-04-07 10:15:13+00:00,2025-04-07 10:15:13+00:00,175.51741935483864,0.2258064516129032,42.46516129032258,197.42193548387093,22.860645161290325,25.61709677419355,1.876129032258064,63.22741935483872,0.000927,0.001085,0.002081,19.60451612903225,1
2410,12913,2025-04-07 10:15:22+00:00,2025-04-07 10:15:22+00:00,131.94518518518518,0.2118518518518519,42.37962962962962,151.6025925925926,22.86185185185186,25.07037037037037,1.5085185185185186,64.01777777777778,0.000928,0.00095,0.001863,19.51777777777776,1
2411,12920,2025-04-07 10:15:31+00:00,2025-04-07 10:15:31+00:00,85.76517241379314,0.1879310344827586,42.17,102.1275862068966,22.878965517241376,24.46931034482758,0.5206896551724135,64.66758620689654,0.000863,0.000778,0.001417,19.291034482758626,1
2412,12921,2025-04-07 10:15:33+00:00,2025-04-07 10:15:33+00:00,75.85068965517239,0.1941379310344827,42.08827586206896,91.73103448275864,22.881724137931027,24.33517241379311,0.525862068965517,64.81827586206894,0.00093,0.000806,0.001404,19.206551724137928,1
2413,12928,2025-04-07 10:15:42+00:00,2025-04-07 10:15:42+00:00,39.61518518518518,0.1892592592592592,41.75666666666667,53.48925925925925,22.92148148148148,23.802592592592596,0.5211111111111109,65.50148148148148,0.00082,0.000708,0.001004,18.83518518518519,1
2414,12935,2025-04-07 10:15:51+00:00,2025-04-07 10:15:51+00:00,21.4259375,0.176875,41.4865625,33.52718749999999,22.899999999999988,23.484375,0.5221874999999997,65.85,0.000777,0.000709,0.000871,18.58656250000001,1
2415,12947,2025-04-07 10:16:08+00:00,2025-04-07 10:16:08+00:00,43.35310344827585,0.1917241379310345,41.28172413793102,56.7513793103448,22.92689655172413,23.59172413793104,0.5299999999999998,65.29275862068965,0.000792,0.000696,0.00076,18.35482758620689,1
2416,12958,2025-04-07 10:16:22+00:00,2025-04-07 10:16:22+00:00,106.07303030303032,0.2199999999999999,41.30030303030303,123.0766666666667,22.95848484848485,24.401515151515152,1.2587878787878797,64.26606060606059,0.000861,0.000738,0.001129,18.341818181818173,1
2417,12971,2025-04-07 10:16:39+00:00,2025-04-07 10:16:39+00:00,187.7162499999999,0.24625,41.60687499999998,209.1659375000001,22.98625000000001,25.575,1.960312499999999,62.912812500000015,0.000907,0.000921,0.001807,18.62062499999997,1
2418,12979,2025-04-07 10:16:50+00:00,2025-04-07 10:16:50+00:00,216.00812500000004,0.2465625000000001,42.035312499999975,239.97156250000003,23.005624999999995,26.14875,2.2846875,62.23218750000002,0.000985,0.001088,0.00206,19.02968749999998,1
2419,12996,2025-04-07 10:17:13+00:00,2025-04-07 10:17:13+00:00,176.44766666666675,0.2263333333333333,42.59066666666665,197.87900000000005,23.041,25.809999999999995,1.903,63.401,0.000938,0.001078,0.002041,19.549666666666653,1
2420,13021,2025-04-07 10:17:46+00:00,2025-04-07 10:17:46+00:00,29.479677419354854,0.185483870967742,41.705161290322565,42.34838709677419,23.076451612903227,23.763870967741944,0.5383870967741932,65.64548387096777,0.000799,0.000685,0.000909,18.628709677419337,1
2421,13022,2025-04-07 10:17:48+00:00,2025-04-07 10:17:48+00:00,25.64366666666666,0.1923333333333333,41.70566666666664,38.28533333333336,23.07466666666667,23.741,0.5363333333333331,65.60033333333334,0.000785,0.000692,0.000903,18.630999999999972,1
2422,13032,2025-04-07 10:18:01+00:00,2025-04-07 10:18:01+00:00,25.355937500000007,0.176875,41.38843750000003,36.96624999999998,23.10812500000001,23.588125,0.5399999999999996,65.58281250000002,0.000748,0.000658,0.000772,18.28031250000002,1
2423,13034,2025-04-07 10:18:03+00:00,2025-04-07 10:18:03+00:00,29.072187499999995,0.181875,41.35906250000001,41.254375,23.1134375,23.6375,0.5421874999999997,65.5265625,0.00078,0.000673,0.00074,18.24562500000001,1
2424,13059,2025-04-07 10:18:36+00:00,2025-04-07 10:18:36+00:00,174.90419354838707,0.2251612903225806,41.61258064516129,195.4116129032258,23.16290322580645,25.543548387096777,1.8674193548387088,63.05838709677421,0.000867,0.000835,0.001635,18.44967741935484,1
2425,13088,2025-04-07 10:19:14+00:00,2025-04-07 10:19:14+00:00,172.41733333333332,0.2116666666666668,42.67600000000003,193.361,23.213000000000005,25.936999999999998,1.8743333333333323,63.61299999999999,0.000885,0.001074,0.00204,19.463000000000022,1
2426,13099,2025-04-07 10:19:28+00:00,2025-04-07 10:19:28+00:00,101.93419354838709,0.1929032258064516,42.49161290322581,119.65709677419356,23.23483870967743,25.03870967741935,1.2806451612903222,64.40645161290323,0.000859,0.000844,0.001507,19.256774193548384,1
2427,13101,2025-04-07 10:19:31+00:00,2025-04-07 10:19:31+00:00,87.51322580645163,0.1935483870967742,42.40548387096774,103.36387096774192,23.229032258064525,24.832903225806472,0.7019354838709676,64.55612903225806,0.000864,0.000783,0.001383,19.176451612903215,1
2428,13132,2025-04-07 10:20:12+00:00,2025-04-07 10:20:12+00:00,57.66129032258063,0.1796774193548386,41.459677419354826,70.45935483870969,23.291612903225797,24.12387096774193,0.5600000000000002,64.91193548387095,0.000764,0.000712,0.000862,18.168064516129032,1
2429,13149,2025-04-07 10:20:34+00:00,2025-04-07 10:20:34+00:00,165.9020689655172,0.2313793103448275,41.68275862068966,186.01172413793108,23.33586206896552,25.61068965517241,1.8041379310344825,63.12482758620688,0.000872,0.000827,0.001516,18.34689655172414,1
2430,13174,2025-04-07 10:21:07+00:00,2025-04-07 10:21:07+00:00,199.96781250000004,0.2309375,42.7534375,222.6175,23.394999999999992,26.451562500000016,2.1378125000000003,62.81156250000001,0.000949,0.001117,0.002156,19.358437500000004,1
2431,13197,2025-04-07 10:21:37+00:00,2025-04-07 10:21:37+00:00,60.29193548387097,0.1816129032258064,42.32451612903224,74.87838709677419,23.430322580645157,24.64935483870967,0.5600000000000002,65.07419354838711,0.000878,0.000753,0.001193,18.894193548387086,1
2432,13198,2025-04-07 10:21:38+00:00,2025-04-07 10:21:38+00:00,56.18299999999999,0.192,42.24666666666667,71.16366666666669,23.433,24.568666666666672,0.5600000000000003,65.43466666666667,0.000847,0.000732,0.001216,18.81366666666667,1
2433,13202,2025-04-07 10:21:43+00:00,2025-04-07 10:21:43+00:00,39.02125,0.1815624999999999,42.050625,51.4275,23.439999999999998,24.294375,0.5712500000000001,65.5284375,0.000785,0.00069,0.000971,18.610625,1
2434,13207,2025-04-07 10:21:50+00:00,2025-04-07 10:21:50+00:00,22.77733333333333,0.1926666666666666,41.77366666666667,35.53866666666668,23.47700000000001,24.045,0.5630000000000003,65.79166666666666,0.000784,0.000673,0.000841,18.29666666666666,1
2435,13208,2025-04-07 10:21:51+00:00,2025-04-07 10:21:51+00:00,21.740645161290328,0.1509677419354839,41.76096774193548,32.87903225806453,23.47483870967743,24.00580645161292,0.5651612903225808,65.81129032258062,0.000845,0.00067,0.000859,18.28612903225805,1
2436,13210,2025-04-07 10:21:54+00:00,2025-04-07 10:21:54+00:00,20.08766666666667,0.1683333333333333,41.71000000000001,31.004333333333328,23.462333333333344,23.976333333333333,0.5600000000000003,66.00133333333335,0.00077,0.000661,0.000772,18.247666666666664,1
2437,13277,2025-04-07 10:23:23+00:00,2025-04-07 10:23:23+00:00,130.07225806451612,0.223225806451613,42.88161290322583,150.07677419354837,23.564516129032263,25.75741935483871,1.5761290322580643,63.82290322580644,0.000877,0.000899,0.001769,19.31709677419357,1
2438,13284,2025-04-07 10:23:32+00:00,2025-04-07 10:23:32+00:00,83.859696969697,0.2084848484848485,42.567575757575774,100.28606060606062,23.6009090909091,25.13060606060605,0.5727272727272729,64.78424242424241,0.000852,0.000784,0.001344,18.96666666666668,1
2439,13287,2025-04-07 10:23:36+00:00,2025-04-07 10:23:36+00:00,65.22464285714285,0.1832142857142857,42.455714285714286,79.78964285714288,23.618928571428576,24.85928571428572,0.5949999999999999,65.03964285714287,0.000854,0.000748,0.001256,18.83678571428571,1
2440,13307,2025-04-07 10:24:02+00:00,2025-04-07 10:24:02+00:00,26.1790625,0.18625,41.664375,38.25687500000001,23.6546875,24.139375,0.5878124999999998,65.8371875,0.000724,0.000681,0.000768,18.009687500000002,1
2441,13317,2025-04-07 10:24:16+00:00,2025-04-07 10:24:16+00:00,73.73281250000001,0.193125,41.71093750000001,88.1575,23.642187499999995,24.642187499999995,0.5771874999999999,64.77531250000001,0.000788,0.000702,0.000863,18.06875000000001,1
2442,13342,2025-04-07 10:24:48+00:00,2025-04-07 10:24:48+00:00,212.3884848484848,0.2539393939393939,42.31151515151514,235.69272727272732,23.70969696969698,26.69454545454546,2.302727272727272,62.53969696969698,0.000905,0.001059,0.001985,18.60181818181816,1
2443,13346,2025-04-07 10:24:54+00:00,2025-04-07 10:24:54+00:00,218.6921212121213,0.2366666666666667,42.57424242424244,242.8784848484849,23.730909090909105,26.890606060606054,2.416969696969697,62.23151515151516,0.000923,0.001123,0.002102,18.84333333333333,1
2444,13351,2025-04-07 10:25:00+00:00,2025-04-07 10:25:00+00:00,216.090625,0.218125,42.8040625,238.89031250000008,23.72531250000001,26.927499999999984,2.377500000000001,62.27125,0.000973,0.001122,0.002173,19.078749999999992,1
2445,13354,2025-04-07 10:25:04+00:00,2025-04-07 10:25:04+00:00,208.64032258064515,0.2419354838709677,42.86225806451615,232.2338709677418,23.746129032258068,26.86064516129032,2.28774193548387,62.57838709677417,0.000967,0.001122,0.002169,19.11612903225808,1
2446,13360,2025-04-07 10:25:12+00:00,2025-04-07 10:25:12+00:00,182.51343749999995,0.2309375,43.03874999999999,204.3065625,23.740937500000005,26.5984375,2.0131250000000005,63.05875,0.000907,0.001092,0.002035,19.29781249999999,1
2447,13381,2025-04-07 10:25:39+00:00,2025-04-07 10:25:39+00:00,53.06454545454545,0.2012121212121212,42.45484848484848,67.39787878787881,23.77121212121211,24.87181818181818,0.568787878787879,65.26242424242423,0.000819,0.000741,0.001175,18.683636363636367,1
2448,13397,2025-04-07 10:26:00+00:00,2025-04-07 10:26:00+00:00,23.129354838709684,0.1835483870967742,41.86580645161292,34.23967741935484,23.836774193548383,24.30064516129032,0.5700000000000002,65.65096774193547,0.000738,0.000646,0.000765,18.02903225806453,1
2449,13405,2025-04-07 10:26:11+00:00,2025-04-07 10:26:11+00:00,52.09464285714285,0.1653571428571429,41.77571428571429,64.5217857142857,23.854642857142853,24.56285714285715,0.5760714285714286,65.23535714285717,0.000773,0.000737,0.000848,17.92107142857144,1
2450,13421,2025-04-07 10:26:32+00:00,2025-04-07 10:26:32+00:00,154.99249999999995,0.210625,42.02281249999998,172.95062500000003,23.85125000000001,25.974687499999995,1.756875000000001,63.501875000000005,0.000849,0.000811,0.001362,18.17156249999997,1
2451,13426,2025-04-07 10:26:38+00:00,2025-04-07 10:26:38+00:00,181.24242424242436,0.2218181818181817,42.10878787878786,201.16030303030303,23.854848484848485,26.34151515151516,1.9903030303030305,62.89969696969698,0.000866,0.000881,0.001703,18.253939393939373,1
2452,13508,2025-04-07 10:28:27+00:00,2025-04-07 10:28:27+00:00,127.35281250000004,0.1962499999999999,41.96625,144.38593749999995,24.0140625,25.685000000000013,1.5096875,64.130625,0.000873,0.000773,0.00124,17.9521875,1
2453,13526,2025-04-07 10:28:51+00:00,2025-04-07 10:28:51+00:00,215.65161290322575,0.2264516129032258,42.65838709677421,239.24161290322573,24.04967741935484,27.118064516129035,2.370967741935484,62.27,0.000897,0.001089,0.00203,18.608709677419377,1
2454,13530,2025-04-07 10:28:56+00:00,2025-04-07 10:28:56+00:00,218.91533333333345,0.2453333333333333,42.85533333333332,242.732,24.05499999999999,27.25233333333333,2.4316666666666675,62.20533333333333,0.000925,0.001134,0.002123,18.80033333333333,1
2455,13541,2025-04-07 10:29:10+00:00,2025-04-07 10:29:10+00:00,192.7593750000001,0.2324999999999999,43.235937500000006,213.9184375,24.077812500000004,27.0721875,2.1246875,62.757500000000014,0.000921,0.001127,0.002057,19.158125,1
2456,13549,2025-04-07 10:29:21+00:00,2025-04-07 10:29:21+00:00,142.9193333333333,0.1976666666666667,43.23633333333336,161.53466666666677,24.07400000000001,26.42633333333333,1.6730000000000007,63.898000000000025,0.000876,0.000969,0.001838,19.162333333333347,1
2457,13592,2025-04-07 10:30:19+00:00,2025-04-07 10:30:19+00:00,86.95375000000003,0.2,42.0221875,100.73781249999996,24.159999999999997,25.313437499999992,0.5693750000000002,64.45343749999999,0.000814,0.000705,0.000927,17.8621875,1
2458,13611,2025-04-07 10:30:44+00:00,2025-04-07 10:30:44+00:00,202.7251724137931,0.226896551724138,42.46620689655173,223.10068965517237,24.195862068965525,26.99310344827586,2.1951724137931032,62.5496551724138,0.000887,0.000969,0.001846,18.270344827586207,1
2459,13618,2025-04-07 10:30:53+00:00,2025-04-07 10:30:53+00:00,218.1970967741936,0.2370967741935483,42.82161290322581,240.8096774193549,24.226774193548387,27.333548387096787,2.4322580645161302,62.26258064516129,0.000926,0.001105,0.002029,18.594838709677425,1
2460,13672,2025-04-07 10:32:03+00:00,2025-04-07 10:32:03+00:00,26.750322580645157,0.1748387096774193,42.085806451612896,38.74741935483871,24.284193548387087,24.78967741935484,0.5838709677419353,65.58709677419355,0.000733,0.000646,0.000754,17.80161290322581,1
2461,13693,2025-04-07 10:32:31+00:00,2025-04-07 10:32:31+00:00,146.77600000000004,0.2,42.21633333333334,164.879,24.340666666666667,26.30233333333333,1.7089999999999987,63.40199999999998,0.000856,0.000783,0.001345,17.87566666666667,1
2462,13708,2025-04-07 10:32:51+00:00,2025-04-07 10:32:51+00:00,216.19451612903225,0.226774193548387,42.863225806451645,238.54,24.345806451612912,27.423870967741944,2.38290322580645,62.277096774193545,0.000915,0.00108,0.001996,18.517419354838733,1
2463,13709,2025-04-07 10:32:52+00:00,2025-04-07 10:32:52+00:00,217.30656250000007,0.2381250000000001,42.91593750000002,239.9709375,24.33625,27.467500000000005,2.40125,62.27875,0.00093,0.001098,0.002002,18.57968750000002,1
2464,13716,2025-04-07 10:33:01+00:00,2025-04-07 10:33:01+00:00,216.4118181818181,0.2457575757575757,43.281212121212114,238.93969696969697,24.36969696969697,27.59090909090908,2.396666666666666,62.39727272727272,0.000946,0.001126,0.002141,18.91151515151514,1
2465,13740,2025-04-07 10:33:33+00:00,2025-04-07 10:33:33+00:00,82.60758620689653,0.1937931034482758,43.14758620689655,97.89068965517244,24.40862068965516,25.924482758620687,0.5741379310344829,64.83896551724139,0.000862,0.000808,0.001334,18.738965517241382,1
2466,13753,2025-04-07 10:33:50+00:00,2025-04-07 10:33:50+00:00,23.722499999999997,0.1912500000000001,42.54656249999999,36.16812500000002,24.412187499999987,25.059062499999992,0.5700000000000002,65.7371875,0.000788,0.00069,0.000854,18.13437500000001,1
2467,13757,2025-04-07 10:33:55+00:00,2025-04-07 10:33:55+00:00,19.358787878787872,0.1878787878787879,42.3921212121212,31.265151515151523,24.438484848484865,24.91333333333333,0.5893939393939394,65.82969696969698,0.000777,0.000653,0.000805,17.953636363636342,1
2468,13786,2025-04-07 10:34:33+00:00,2025-04-07 10:34:33+00:00,155.81354838709674,0.2225806451612903,42.38032258064514,174.62161290322578,24.49677419354839,26.5616129032258,1.7854838709677423,63.50870967741937,0.000882,0.000816,0.001365,17.883548387096752,1
2469,13807,2025-04-07 10:35:00+00:00,2025-04-07 10:35:00+00:00,216.50125,0.2603125,43.3053125,240.281875,24.5003125,27.724999999999994,2.423437499999999,62.22593749999999,0.00097,0.001145,0.002177,18.805,1
2470,13818,2025-04-07 10:35:15+00:00,2025-04-07 10:35:15+00:00,173.76733333333334,0.2266666666666667,43.65366666666669,194.73833333333332,24.528666666666656,27.264333333333315,1.9583333333333333,63.03733333333333,0.000906,0.001097,0.00199,19.125000000000032,1
2471,13819,2025-04-07 10:35:16+00:00,2025-04-07 10:35:16+00:00,169.01294117647063,0.2147058823529412,43.67470588235295,189.52499999999995,24.512647058823525,27.226764705882367,1.906764705882353,63.27382352941179,0.000941,0.001067,0.001965,19.162058823529428,1
2472,13821,2025-04-07 10:35:19+00:00,2025-04-07 10:35:19+00:00,155.62633333333332,0.2213333333333333,43.61866666666665,174.784,24.541666666666654,27.013666666666676,1.7986666666666655,63.60466666666665,0.00089,0.001022,0.001907,19.076999999999995,1
2473,13822,2025-04-07 10:35:20+00:00,2025-04-07 10:35:20+00:00,149.63677419354826,0.2000000000000001,43.62580645161291,169.44096774193548,24.543548387096777,26.94290322580645,1.7545161290322575,63.55806451612903,0.000904,0.000988,0.001865,19.08225806451613,1
2474,13844,2025-04-07 10:35:49+00:00,2025-04-07 10:35:49+00:00,26.19806451612903,0.1941935483870968,42.6893548387097,38.03483870967744,24.568709677419356,25.18354838709678,0.5774193548387098,65.78870967741933,0.000793,0.000692,0.000932,18.120645161290344,1
2475,13847,2025-04-07 10:35:53+00:00,2025-04-07 10:35:53+00:00,21.40548387096774,0.1793548387096774,42.57354838709676,32.08741935483871,24.571935483870963,25.107741935483865,0.5799999999999997,65.7267741935484,0.000754,0.000667,0.000948,18.001612903225794,1
2476,13852,2025-04-07 10:35:59+00:00,2025-04-07 10:35:59+00:00,20.85066666666666,0.1696666666666667,42.39333333333334,32.391,24.574000000000005,25.05400000000001,0.5700000000000002,65.72666666666666,0.000753,0.000661,0.000804,17.819333333333333,1
2477,13894,2025-04-07 10:36:54+00:00,2025-04-07 10:36:54+00:00,218.064375,0.2259375,43.28531250000002,241.6225,24.644375,27.761874999999996,2.3875000000000006,62.39187499999999,0.000927,0.001126,0.002057,18.640937500000017,1
2478,13895,2025-04-07 10:36:56+00:00,2025-04-07 10:36:56+00:00,219.97258064516132,0.2370967741935484,43.34451612903226,242.51225806451615,24.66096774193548,27.84967741935485,2.40741935483871,62.20677419354836,0.000939,0.001128,0.00208,18.683548387096785,1
2479,13901,2025-04-07 10:37:04+00:00,2025-04-07 10:37:04+00:00,210.4793103448276,0.2389655172413793,43.63034482758621,233.4458620689656,24.68241379310347,27.82862068965517,2.328275862068966,62.59206896551724,0.000961,0.00112,0.002163,18.947931034482732,1
2480,13948,2025-04-07 10:38:05+00:00,2025-04-07 10:38:05+00:00,30.190999999999992,0.1696666666666666,42.47266666666666,41.57166666666667,24.757666666666665,25.245,0.584,65.57600000000005,0.00074,0.000662,0.000823,17.715,1
2481,13952,2025-04-07 10:38:10+00:00,2025-04-07 10:38:10+00:00,43.93516129032256,0.1964516129032257,42.53516129032256,57.25225806451617,24.749677419354843,25.411290322580648,0.5848387096774194,65.2774193548387,0.000756,0.000672,0.000809,17.78548387096772,1
2482,13962,2025-04-07 10:38:24+00:00,2025-04-07 10:38:24+00:00,107.92060606060603,0.2015151515151515,42.57333333333334,123.36575757575764,24.77939393939392,26.196969696969703,1.3660606060606055,64.35303030303031,0.000853,0.000751,0.001068,17.793939393939418,1
2483,13982,2025-04-07 10:38:50+00:00,2025-04-07 10:38:50+00:00,213.54090909090917,0.2436363636363636,43.22212121212123,236.69333333333336,24.77272727272727,27.82272727272728,2.4033333333333324,62.38393939393937,0.000924,0.001066,0.00195,18.44939393939396,1
2484,13984,2025-04-07 10:38:52+00:00,2025-04-07 10:38:52+00:00,217.65161290322573,0.2367741935483871,43.314193548387095,238.88870967741943,24.777419354838692,27.91354838709677,2.4270967741935485,62.38645161290324,0.000928,0.001114,0.001994,18.5367741935484,1
2485,13985,2025-04-07 10:38:54+00:00,2025-04-07 10:38:54+00:00,218.86333333333332,0.2296666666666666,43.38266666666668,241.039,24.802,27.934000000000008,2.4746666666666663,62.27433333333333,0.000947,0.001104,0.002044,18.580666666666684,1
2486,13987,2025-04-07 10:38:56+00:00,2025-04-07 10:38:56+00:00,219.2513333333333,0.2276666666666666,43.45399999999999,242.05133333333345,24.80633333333333,27.97833333333333,2.503666666666667,62.16466666666666,0.000943,0.001121,0.00209,18.64766666666665,1
2487,13988,2025-04-07 10:38:58+00:00,2025-04-07 10:38:58+00:00,219.81470588235285,0.2347058823529411,43.53852941176469,241.5647058823529,24.80088235294116,28.01205882352942,2.479705882352941,62.41088235294117,0.000956,0.001121,0.002106,18.73764705882353,1
2488,13996,2025-04-07 10:39:08+00:00,2025-04-07 10:39:08+00:00,201.8217857142857,0.2207142857142857,43.898214285714296,223.52142857142852,24.80928571428571,27.87928571428571,2.22,62.817142857142834,0.000965,0.001128,0.002138,19.088928571428585,1
2489,14007,2025-04-07 10:39:23+00:00,2025-04-07 10:39:23+00:00,137.20151515151517,0.2112121212121211,43.86909090909093,156.23363636363638,24.83151515151516,27.049393939393937,1.634242424242424,64.01363636363635,0.000901,0.00096,0.001766,19.03757575757577,1
2490,14010,2025-04-07 10:39:27+00:00,2025-04-07 10:39:27+00:00,115.71821428571432,0.1953571428571429,43.75821428571429,134.0475,24.837142857142847,26.78428571428572,1.4460714285714291,64.2242857142857,0.000904,0.000872,0.001629,18.92107142857144,1
2491,14033,2025-04-07 10:39:58+00:00,2025-04-07 10:39:58+00:00,19.785,0.19,42.733125,31.063125,24.8834375,25.307812500000004,0.5874999999999998,65.81937500000001,0.000754,0.000673,0.00083,17.849687500000005,1
2492,14043,2025-04-07 10:40:11+00:00,2025-04-07 10:40:11+00:00,47.4678125,0.185625,42.6315625,60.22500000000001,24.89999999999999,25.633125000000003,0.6084375000000001,65.2471875,0.000753,0.000654,0.000828,17.731562500000003,1
2493,14047,2025-04-07 10:40:16+00:00,2025-04-07 10:40:16+00:00,68.08516129032257,0.1922580645161291,42.68419354838712,81.07,24.902903225806437,25.83870967741935,0.6000000000000001,64.98709677419356,0.000895,0.000694,0.000859,17.78129032258068,1
2494,14051,2025-04-07 10:40:22+00:00,2025-04-07 10:40:22+00:00,97.01551724137931,0.1910344827586207,42.71137931034485,111.11689655172415,24.910344827586208,26.210689655172423,1.2586206896551737,64.3896551724138,0.000823,0.000724,0.00099,17.801034482758645,1
2495,14057,2025-04-07 10:40:29+00:00,2025-04-07 10:40:29+00:00,132.905,0.2264285714285716,42.78678571428572,151.39107142857142,24.89821428571427,26.682857142857134,1.5750000000000004,63.66214285714285,0.000986,0.000814,0.001264,17.88857142857145,1
2496,14061,2025-04-07 10:40:35+00:00,2025-04-07 10:40:35+00:00,163.67733333333334,0.2179999999999999,42.82566666666667,183.0656666666667,24.93166666666668,27.160333333333323,1.8390000000000013,63.360666666666674,0.000866,0.000834,0.001481,17.89399999999999,1
2497,14071,2025-04-07 10:40:48+00:00,2025-04-07 10:40:48+00:00,208.9885714285715,0.2210714285714286,43.250714285714295,231.41285714285712,24.951071428571428,27.867142857142856,2.31,62.5982142857143,0.000948,0.001044,0.001904,18.299642857142867,1
2498,14074,2025-04-07 10:40:52+00:00,2025-04-07 10:40:52+00:00,216.75625,0.23,43.438750000000006,238.895625,24.96406250000001,28.00312499999999,2.411249999999999,62.45125000000001,0.000928,0.001085,0.00202,18.474687499999995,1
2499,14080,2025-04-07 10:41:00+00:00,2025-04-07 10:41:00+00:00,217.62937500000007,0.2271875000000001,43.72531250000001,240.35500000000008,24.961562500000007,28.156562500000003,2.4359375000000005,62.38343750000002,0.000983,0.001135,0.002202,18.76375,1
2500,14082,2025-04-07 10:41:02+00:00,2025-04-07 10:41:02+00:00,215.3270967741936,0.2351612903225807,43.78354838709676,237.8325806451612,24.96774193548389,28.14032258064516,2.40483870967742,62.28806451612904,0.001051,0.001135,0.002128,18.815806451612872,1
2501,14090,2025-04-07 10:41:13+00:00,2025-04-07 10:41:13+00:00,184.14545454545456,0.2027272727272727,44.03484848484848,205.6045454545455,24.9839393939394,27.857878787878786,2.062424242424242,63.05818181818181,0.000946,0.001103,0.002024,19.05090909090908,1
2502,14127,2025-04-07 10:42:01+00:00,2025-04-07 10:42:01+00:00,22.00899999999999,0.1843333333333333,42.766,33.30333333333332,25.042666666666666,25.52233333333333,0.5753333333333334,65.60000000000002,0.000743,0.000662,0.000841,17.723333333333336,1
2503,14147,2025-04-07 10:42:27+00:00,2025-04-07 10:42:27+00:00,121.48620689655174,0.1962068965517241,42.83310344827586,137.98103448275867,25.071724137931035,26.64413793103449,1.4637931034482754,64.04068965517241,0.000877,0.000782,0.00124,17.76137931034482,1
2504,14181,2025-04-07 10:43:12+00:00,2025-04-07 10:43:12+00:00,188.67071428571427,0.2235714285714286,44.111785714285695,210.25571428571436,25.10714285714285,28.02321428571427,2.104285714285715,63.08428571428572,0.000937,0.001114,0.002036,19.00464285714284,1
2505,14184,2025-04-07 10:43:16+00:00,2025-04-07 10:43:16+00:00,172.82625000000002,0.2221874999999999,44.1484375,193.4396875,25.1196875,27.86187500000001,1.9712499999999995,63.07375,0.000912,0.001071,0.001963,19.02875,1
2506,14200,2025-04-07 10:43:37+00:00,2025-04-07 10:43:37+00:00,68.17620689655173,0.1682758620689655,43.65000000000002,82.74551724137926,25.129655172413788,26.421379310344825,0.5920689655172413,64.96310344827587,0.000863,0.000774,0.00124,18.520344827586232,1
2507,14225,2025-04-07 10:44:12+00:00,2025-04-07 10:44:12+00:00,50.53812500000002,0.1865625,42.854375000000026,63.09843750000001,25.20000000000001,25.94312500000001,0.5965624999999999,65.0115625,0.00077,0.00068,0.000815,17.654375000000016,1
2508,14244,2025-04-07 10:44:37+00:00,2025-04-07 10:44:37+00:00,171.356551724138,0.2151724137931034,43.14344827586206,190.47000000000003,25.21586206896553,27.55413793103447,1.9886206896551728,63.41068965517241,0.000887,0.000855,0.001492,17.92758620689653,1
2509,14245,2025-04-07 10:44:38+00:00,2025-04-07 10:44:38+00:00,174.968064516129,0.2183870967741935,43.07161290322578,194.6077419354838,25.22387096774194,27.58129032258065,2.003548387096773,62.930322580645175,0.000862,0.000866,0.001589,17.847741935483842,1
2510,14255,2025-04-07 10:44:52+00:00,2025-04-07 10:44:52+00:00,216.71968749999996,0.2253125,43.58124999999999,238.0287500000001,25.2621875,28.326250000000005,2.4174999999999995,62.24,0.000904,0.001092,0.001985,18.319062499999998,1
2511,14314,2025-04-07 10:46:12+00:00,2025-04-07 10:46:12+00:00,49.27709677419355,0.1787096774193548,42.95903225806452,61.897741935483886,25.336129032258068,26.05451612903226,0.611290322580645,65.33032258064516,0.000851,0.00068,0.000844,17.62290322580645,1
2512,14350,2025-04-07 10:46:59+00:00,2025-04-07 10:46:59+00:00,218.0283333333333,0.2303333333333333,43.978,241.06433333333337,25.423666666666676,28.651000000000007,2.546333333333334,62.397000000000006,0.000969,0.001134,0.002103,18.55433333333332,1
2513,14364,2025-04-07 10:47:17+00:00,2025-04-07 10:47:17+00:00,169.61612903225807,0.2070967741935484,44.30387096774193,188.53322580645155,25.418709677419347,28.105161290322577,1.9667741935483876,63.50129032258065,0.000914,0.001079,0.001945,18.885161290322586,1
2514,14366,2025-04-07 10:47:20+00:00,2025-04-07 10:47:20+00:00,153.90294117647068,0.2082352941176471,44.31588235294115,174.4173529411765,25.447647058823545,27.91970588235293,1.8173529411764704,63.6064705882353,0.000933,0.001035,0.00189,18.868235294117607,1
2515,14371,2025-04-07 10:47:26+00:00,2025-04-07 10:47:26+00:00,124.25551724137932,0.1965517241379309,44.28551724137932,142.45620689655175,25.454137931034484,27.58172413793103,1.559655172413793,64.01172413793105,0.000892,0.000903,0.001672,18.831379310344836,1
2516,14378,2025-04-07 10:47:37+00:00,2025-04-07 10:47:37+00:00,69.76096774193549,0.1861290322580646,43.91451612903228,84.08838709677418,25.479032258064525,26.786129032258064,0.6067741935483869,65.16516129032256,0.000891,0.000788,0.001258,18.435483870967754,1
2517,14422,2025-04-07 10:48:34+00:00,2025-04-07 10:48:34+00:00,155.49451612903226,0.202258064516129,43.21483870967741,173.7364516129032,25.555806451612906,27.64032258064517,1.782903225806452,63.39193548387096,0.000867,0.000852,0.001373,17.659032258064503,1
2518,14423,2025-04-07 10:48:36+00:00,2025-04-07 10:48:36+00:00,164.40906249999995,0.2196875,43.2775,182.8640625,25.559375000000006,27.793125000000003,1.9246875000000008,63.181562499999984,0.000864,0.000833,0.001435,17.71812499999999,1
2519,14440,2025-04-07 10:48:58+00:00,2025-04-07 10:48:58+00:00,219.12937500000004,0.226875,44.029375,242.589375,25.595937500000016,28.77468750000001,2.5375000000000005,62.21093750000001,0.00098,0.001133,0.002074,18.43343749999998,1
2520,14457,2025-04-07 10:49:20+00:00,2025-04-07 10:49:20+00:00,155.30071428571432,0.2021428571428571,44.41964285714287,175.25821428571422,25.60000000000001,28.091428571428565,1.833928571428572,63.7689285714286,0.000903,0.001023,0.001847,18.819642857142856,1
2521,14458,2025-04-07 10:49:22+00:00,2025-04-07 10:49:22+00:00,146.489375,0.2209375,44.36749999999998,166.03156250000006,25.624375,27.990312500000005,1.743437499999999,63.67937499999999,0.000912,0.000998,0.001816,18.74312499999998,1
2522,14488,2025-04-07 10:50:01+00:00,2025-04-07 10:50:01+00:00,21.32709677419354,0.1793548387096774,43.23741935483872,32.65064516129033,25.690645161290316,26.12193548387097,0.6316129032258067,65.90741935483872,0.000763,0.000672,0.000817,17.5467741935484,1
2523,14491,2025-04-07 10:50:05+00:00,2025-04-07 10:50:05+00:00,27.361290322580636,0.1606451612903227,43.12645161290324,38.79193548387097,25.683870967741942,26.177741935483876,0.6329032258064516,65.66290322580643,0.000726,0.000727,0.000877,17.442580645161296,1
2524,14508,2025-04-07 10:50:27+00:00,2025-04-07 10:50:27+00:00,118.41870967741936,0.2058064516129032,43.25935483870969,135.03741935483868,25.712258064516156,27.290322580645164,1.4787096774193549,64.11645161290323,0.000886,0.000768,0.001152,17.547096774193538,1
2525,14513,2025-04-07 10:50:34+00:00,2025-04-07 10:50:34+00:00,155.3613333333333,0.2103333333333333,43.30766666666666,172.72899999999996,25.71033333333333,27.776333333333323,1.8330000000000004,63.45900000000001,0.000858,0.000817,0.00132,17.597333333333328,1
2526,14514,2025-04-07 10:50:35+00:00,2025-04-07 10:50:35+00:00,158.9054838709677,0.212258064516129,43.31677419354838,177.51387096774195,25.743225806451616,27.85322580645162,1.892258064516128,63.341290322580655,0.00087,0.000824,0.001352,17.573548387096768,1
2527,14519,2025-04-07 10:50:42+00:00,2025-04-07 10:50:42+00:00,188.6025,0.21625,43.49718749999999,208.35156250000009,25.746875,28.3678125,2.1525000000000003,62.87468750000001,0.0009,0.000917,0.001674,17.75031249999999,1
2528,14525,2025-04-07 10:50:49+00:00,2025-04-07 10:50:49+00:00,209.97321428571416,0.2242857142857143,43.771785714285706,231.7178571428571,25.76071428571428,28.688214285714288,2.4078571428571425,62.44857142857144,0.000906,0.001086,0.00189,18.011071428571427,1
2529,14533,2025-04-07 10:51:00+00:00,2025-04-07 10:51:00+00:00,218.06029411764712,0.2508823529411764,44.16470588235296,241.6735294117647,25.77088235294116,28.96970588235294,2.578823529411764,62.28617647058824,0.000966,0.001152,0.002099,18.393823529411797,1
2530,14536,2025-04-07 10:51:04+00:00,2025-04-07 10:51:04+00:00,214.2896428571428,0.2260714285714286,44.28785714285714,235.59107142857147,25.770357142857133,28.921785714285715,2.5053571428571426,62.32571428571429,0.00098,0.001147,0.002111,18.51750000000001,1
2531,14581,2025-04-07 10:52:03+00:00,2025-04-07 10:52:03+00:00,24.3935294117647,0.1717647058823529,43.27764705882353,35.347647058823526,25.84441176470588,26.327058823529416,0.6497058823529409,65.6479411764706,0.000729,0.000789,0.00079,17.43323529411765,1
2532,14582,2025-04-07 10:52:04+00:00,2025-04-07 10:52:04+00:00,25.015,0.1706249999999999,43.27062500000001,36.500625,25.84250000000001,26.3090625,0.6625000000000003,65.8171875,0.000726,0.000686,0.000823,17.428124999999998,1
2533,14586,2025-04-07 10:52:09+00:00,2025-04-07 10:52:09+00:00,37.32625,0.1790624999999999,43.25687499999999,49.501875,25.855937500000007,26.474375,0.6384375000000002,65.5190625,0.000747,0.000696,0.000805,17.40093749999998,1
2534,14601,2025-04-07 10:52:29+00:00,2025-04-07 10:52:29+00:00,128.36466666666666,0.2023333333333333,43.28999999999999,144.45366666666666,25.880333333333333,27.594999999999995,1.5986666666666665,63.763000000000005,0.000883,0.000848,0.001226,17.40966666666666,1
2535,14604,2025-04-07 10:52:33+00:00,2025-04-07 10:52:33+00:00,147.8346875,0.2228125000000001,43.42187500000001,166.76531250000002,25.905,27.8759375,1.79875,63.611250000000005,0.000872,0.000826,0.0013,17.516875000000006,1
2536,14618,2025-04-07 10:52:51+00:00,2025-04-07 10:52:51+00:00,213.10366666666667,0.2356666666666667,43.95766666666668,235.52566666666664,25.899999999999995,28.951333333333345,2.455000000000001,62.51833333333332,0.00094,0.001106,0.001939,18.057666666666687,1
2537,14630,2025-04-07 10:53:07+00:00,2025-04-07 10:53:07+00:00,207.31310344827585,0.2386206896551726,44.511379310344815,229.06068965517235,25.96517241379312,29.082413793103445,2.399655172413793,62.477931034482765,0.000996,0.00114,0.002115,18.5462068965517,1
2538,14658,2025-04-07 10:53:46+00:00,2025-04-07 10:53:46+00:00,37.075,0.1884375,43.8840625,50.0271875,26.020937499999988,26.866875000000007,0.6271875000000003,65.4965625,0.000818,0.000702,0.000976,17.86312500000001,1
2539,14690,2025-04-07 10:54:30+00:00,2025-04-07 10:54:30+00:00,132.53185185185188,0.1977777777777777,43.46999999999999,149.51074074074072,26.097037037037044,27.906296296296293,1.6933333333333336,63.61296296296296,0.000883,0.000793,0.001251,17.372962962962948,1
2540,14699,2025-04-07 10:54:41+00:00,2025-04-07 10:54:41+00:00,183.86000000000004,0.223030303030303,43.69909090909091,204.8275757575757,26.11727272727273,28.62666666666666,2.1633333333333336,62.889393939393926,0.000872,0.000934,0.001619,17.58181818181818,1
2541,14708,2025-04-07 10:54:53+00:00,2025-04-07 10:54:53+00:00,215.96121212121213,0.223939393939394,44.10757575757573,238.6327272727273,26.112727272727284,29.19272727272726,2.556060606060605,62.163030303030304,0.000907,0.0011,0.001965,17.994848484848447,1
2542,14736,2025-04-07 10:55:30+00:00,2025-04-07 10:55:30+00:00,107.37035714285716,0.2139285714285714,44.584642857142846,122.8189285714286,26.177499999999988,28.007142857142863,1.505714285714286,64.29678571428569,0.000875,0.00086,0.001469,18.40714285714286,1
2543,14738,2025-04-07 10:55:33+00:00,2025-04-07 10:55:33+00:00,91.00242424242428,0.1987878787878788,44.40999999999999,106.68060606060608,26.17454545454544,27.779696969696964,1.3781818181818184,64.71121212121211,0.000864,0.000837,0.001364,18.235454545454548,1
2544,14769,2025-04-07 10:56:13+00:00,2025-04-07 10:56:13+00:00,50.21500000000001,0.1613333333333333,43.48533333333334,61.86733333333334,26.222,26.96233333333333,0.7643333333333336,65.24600000000002,0.000757,0.000678,0.000858,17.26333333333334,1
2545,14795,2025-04-07 10:56:49+00:00,2025-04-07 10:56:49+00:00,209.60724137931032,0.2365517241379311,44.0741379310345,230.57379310344825,26.2803448275862,29.191724137931036,2.451724137931034,62.34068965517241,0.000927,0.001053,0.001883,17.793793103448298,1
2546,14837,2025-04-07 10:57:44+00:00,2025-04-07 10:57:44+00:00,44.46966666666666,0.184,44.178666666666686,56.83933333333333,26.36200000000001,27.274000000000008,0.72,65.49966666666666,0.000818,0.000753,0.001085,17.816666666666677,1
2547,14841,2025-04-07 10:57:49+00:00,2025-04-07 10:57:49+00:00,29.78400000000001,0.1746666666666666,43.93166666666668,41.47966666666667,26.34733333333333,27.024666666666665,0.7186666666666669,65.66633333333334,0.000807,0.0007,0.000992,17.584333333333344,1
2548,14896,2025-04-07 10:59:01+00:00,2025-04-07 10:59:01+00:00,218.8432258064516,0.2358064516129032,44.67612903225808,239.85387096774195,26.42999999999999,29.6441935483871,2.552258064516128,62.25548387096774,0.000991,0.001127,0.00212,18.24612903225809,1
2549,14898,2025-04-07 10:59:04+00:00,2025-04-07 10:59:04+00:00,213.70933333333332,0.2226666666666666,44.733666666666686,235.51166666666663,26.41633333333333,29.61633333333334,2.514,62.46566666666665,0.000987,0.001118,0.002124,18.317333333333355,1
2550,14906,2025-04-07 10:59:14+00:00,2025-04-07 10:59:14+00:00,186.23354838709665,0.2106451612903225,44.95612903225808,206.0912903225806,26.46741935483871,29.35354838709676,2.1432258064516128,63.004838709677415,0.000952,0.001101,0.002015,18.48870967741937,1
2551,14932,2025-04-07 10:59:48+00:00,2025-04-07 10:59:48+00:00,32.430000000000014,0.1751724137931034,44.09344827586207,44.74379310344828,26.502413793103447,27.24586206896552,0.5803448275862069,65.78068965517244,0.000799,0.000721,0.000927,17.591034482758626,1
2552,14973,2025-04-07 11:00:42+00:00,2025-04-07 11:00:42+00:00,186.21612903225807,0.2167741935483871,43.9890322580645,206.59129032258068,26.5741935483871,29.116129032258065,2.081290322580645,62.91709677419356,0.000929,0.000905,0.001641,17.414838709677397,1
2553,14984,2025-04-07 11:00:56+00:00,2025-04-07 11:00:56+00:00,219.62281249999995,0.2250000000000001,44.5096875,241.1750000000001,26.603437500000013,29.7278125,2.510937500000001,62.120625,0.000989,0.00111,0.00202,17.906249999999986,1
2554,15006,2025-04-07 11:01:26+00:00,2025-04-07 11:01:26+00:00,130.4179310344827,0.1989655172413793,44.95137931034482,147.9541379310344,26.62620689655173,28.78862068965517,1.612413793103449,63.87999999999999,0.000914,0.000891,0.001666,18.32517241379309,1
2555,15021,2025-04-07 11:01:46+00:00,2025-04-07 11:01:46+00:00,38.88379310344828,0.1786206896551724,44.23793103448277,51.13103448275864,26.655172413793096,27.519655172413803,0.5786206896551723,65.66448275862071,0.000848,0.00072,0.001005,17.582758620689674,1
2556,15039,2025-04-07 11:02:10+00:00,2025-04-07 11:02:10+00:00,38.21548387096774,0.1770967741935483,43.730322580645165,49.572903225806456,26.71419354838711,27.293548387096777,0.5680645161290324,65.33580645161291,0.00073,0.000733,0.000854,17.016129032258053,1
2557,15058,2025-04-07 11:02:35+00:00,2025-04-07 11:02:35+00:00,154.72448275862067,0.1893103448275862,43.937931034482766,172.38655172413797,26.71862068965519,28.804827586206905,1.8058620689655176,63.43206896551725,0.000878,0.000788,0.0013,17.219310344827576,1
2558,15085,2025-04-07 11:03:10+00:00,2025-04-07 11:03:10+00:00,200.5475862068966,0.2075862068965518,45.08896551724137,222.69517241379296,26.77689655172413,29.85689655172413,2.298620689655172,62.554482758620686,0.00099,0.001123,0.002081,18.31206896551724,1
2559,15089,2025-04-07 11:03:15+00:00,2025-04-07 11:03:15+00:00,183.06548387096768,0.2219354838709678,45.16483870967745,204.44032258064516,26.769999999999985,29.622903225806468,2.103225806451614,62.92258064516129,0.000972,0.00108,0.00197,18.39483870967746,1
2560,15096,2025-04-07 11:03:24+00:00,2025-04-07 11:03:24+00:00,141.56967741935486,0.2083870967741935,45.10483870967742,159.10225806451615,26.79645161290321,29.08806451612904,1.748064516129032,63.897419354838725,0.000926,0.000921,0.001722,18.30838709677421,1
2561,15098,2025-04-07 11:03:27+00:00,2025-04-07 11:03:27+00:00,125.69366666666666,0.1906666666666666,45.10299999999999,142.717,26.81299999999998,28.894666666666662,1.6226666666666665,63.94933333333335,0.000921,0.000875,0.001612,18.290000000000006,1
2562,15105,2025-04-07 11:03:36+00:00,2025-04-07 11:03:36+00:00,80.51225806451617,0.2051612903225806,44.7958064516129,94.93548387096776,26.819677419354853,28.220645161290328,0.6187096774193545,64.78451612903227,0.000902,0.000768,0.001316,17.97612903225805,1
2563,15124,2025-04-07 11:04:02+00:00,2025-04-07 11:04:02+00:00,21.16806451612904,0.1658064516129032,43.95903225806452,32.56548387096774,26.853225806451626,27.298064516129017,0.5774193548387097,65.79032258064517,0.000723,0.000685,0.00081,17.105806451612896,1
2564,15148,2025-04-07 11:04:34+00:00,2025-04-07 11:04:34+00:00,149.31774193548387,0.2203225806451613,44.02258064516128,167.4909677419355,26.88483870967741,28.87129032258065,1.7635483870967743,63.5516129032258,0.000944,0.000815,0.001263,17.137741935483866,1
2565,15156,2025-04-07 11:04:44+00:00,2025-04-07 11:04:44+00:00,193.5478571428572,0.215,44.243214285714274,212.88464285714284,26.881071428571428,29.54392857142857,2.1707142857142867,63.01964285714286,0.000941,0.00094,0.001701,17.362142857142846,1
2566,15189,2025-04-07 11:05:28+00:00,2025-04-07 11:05:28+00:00,120.3625,0.2112500000000001,45.17687500000001,138.32000000000002,26.965937500000003,28.97531250000001,1.5356250000000011,64.103125,0.000901,0.000876,0.001633,18.210937500000007,1
2567,15191,2025-04-07 11:05:30+00:00,2025-04-07 11:05:30+00:00,110.86366666666666,0.1993333333333334,45.09633333333333,127.60499999999998,26.969666666666683,28.866,1.4309999999999996,64.33800000000001,0.000881,0.000857,0.001472,18.12666666666665,1
2568,15215,2025-04-07 11:06:03+00:00,2025-04-07 11:06:03+00:00,22.612727272727263,0.1712121212121212,43.94999999999997,32.99636363636364,26.99212121212121,27.466363636363617,0.5799999999999997,65.82393939393938,0.000731,0.000698,0.000819,16.957878787878755,1
2569,15219,2025-04-07 11:06:08+00:00,2025-04-07 11:06:08+00:00,32.31935483870968,0.19,43.93806451612904,43.30903225806452,27.031612903225795,27.513870967741937,0.5690322580645162,65.58903225806453,0.000728,0.0007,0.000842,16.906451612903243,1
2570,15220,2025-04-07 11:06:10+00:00,2025-04-07 11:06:10+00:00,37.49406249999999,0.1834375,43.93125,49.21750000000001,27.023749999999996,27.597500000000004,0.5756249999999998,65.4628125,0.000718,0.000701,0.000838,16.907500000000006,1
2571,15253,2025-04-07 11:06:53+00:00,2025-04-07 11:06:53+00:00,214.66794117647052,0.2355882352941178,44.74558823529412,237.1935294117648,27.101176470588246,30.162941176470607,2.4770588235294118,62.24029411764706,0.000952,0.001081,0.001929,17.64441176470587,1
2572,15270,2025-04-07 11:07:15+00:00,2025-04-07 11:07:15+00:00,184.72064516129043,0.22,45.438709677419375,205.21290322580649,27.12193548387097,29.960967741935487,2.0958064516129022,63.12096774193547,0.000964,0.001083,0.001982,18.316774193548405,1
2573,15289,2025-04-07 11:07:40+00:00,2025-04-07 11:07:40+00:00,63.304193548387104,0.1790322580645161,44.845483870967726,76.32258064516132,27.153870967741927,28.37096774193548,0.5870967741935482,65.04903225806454,0.000879,0.000763,0.001177,17.6916129032258,1
2574,15307,2025-04-07 11:08:04+00:00,2025-04-07 11:08:04+00:00,23.888620689655173,0.1813793103448276,44.08103448275862,34.48034482758621,27.172758620689645,27.641034482758627,0.5696551724137933,65.83655172413795,0.000761,0.000678,0.000842,16.908275862068972,1
2575,15324,2025-04-07 11:08:26+00:00,2025-04-07 11:08:26+00:00,105.4972413793103,0.1920689655172413,44.1096551724138,121.10896551724136,27.194137931034497,28.659310344827578,1.3493103448275867,64.24068965517242,0.000885,0.000788,0.001059,16.9155172413793,1
2576,15346,2025-04-07 11:08:55+00:00,2025-04-07 11:08:55+00:00,216.49612903225807,0.2425806451612903,44.89096774193551,238.71580645161288,27.256129032258062,30.380000000000003,2.520645161290324,62.11774193548387,0.001004,0.001084,0.001973,17.634838709677442,1
2577,15366,2025-04-07 11:09:21+00:00,2025-04-07 11:09:21+00:00,158.0292857142857,0.2053571428571428,45.52142857142856,177.33928571428572,27.26964285714285,29.81892857142858,1.8842857142857137,63.47964285714284,0.000958,0.001018,0.001845,18.251785714285703,1
2578,15375,2025-04-07 11:09:33+00:00,2025-04-07 11:09:33+00:00,97.62419354838708,0.2083870967741935,45.24548387096775,112.71258064516128,27.306774193548385,28.98354838709677,1.3806451612903223,64.58709677419357,0.000916,0.000808,0.001374,17.93870967741936,1
2579,15385,2025-04-07 11:09:46+00:00,2025-04-07 11:09:46+00:00,41.15322580645161,0.1770967741935484,44.74645161290323,53.243225806451605,27.320645161290336,28.197419354838715,0.6290322580645166,65.39161290322579,0.000805,0.000724,0.001049,17.425806451612893,1
2580,15393,2025-04-07 11:09:56+00:00,2025-04-07 11:09:56+00:00,20.40566666666667,0.1873333333333333,44.34499999999999,31.654666666666667,27.32366666666668,27.86800000000001,0.581,65.77400000000003,0.000746,0.00066,0.0009,17.021333333333303,1
2581,15400,2025-04-07 11:10:07+00:00,2025-04-07 11:10:07+00:00,28.2990625,0.1699999999999999,44.1959375,39.09875,27.34625000000001,27.860312499999985,0.5990624999999998,65.65187500000002,0.000736,0.000678,0.000798,16.84968749999999,1
2582,15424,2025-04-07 11:10:38+00:00,2025-04-07 11:10:38+00:00,164.95866666666672,0.2253333333333333,44.35633333333335,184.234,27.38466666666666,29.626333333333324,1.920666666666666,63.10266666666664,0.000878,0.000828,0.001405,16.971666666666692,1
2583,15427,2025-04-07 11:10:42+00:00,2025-04-07 11:10:42+00:00,183.01142857142852,0.2396428571428573,44.50821428571429,204.4792857142857,27.39178571428571,29.92249999999999,2.1125000000000007,62.60678571428574,0.000926,0.000901,0.001613,17.116428571428578,1
2584,15444,2025-04-07 11:11:04+00:00,2025-04-07 11:11:04+00:00,215.66125,0.2403124999999999,45.352812500000034,237.90750000000003,27.455625000000005,30.604374999999997,2.60375,62.21687500000001,0.000986,0.001139,0.002134,17.89718750000003,1
2585,15478,2025-04-07 11:11:49+00:00,2025-04-07 11:11:49+00:00,32.53433333333333,0.1673333333333334,44.674333333333344,43.84833333333333,27.47800000000001,28.173999999999992,0.574,65.61,0.000808,0.00072,0.000963,17.19633333333333,1
2586,15481,2025-04-07 11:11:53+00:00,2025-04-07 11:11:53+00:00,24.32633333333333,0.1726666666666666,44.55566666666666,35.88500000000001,27.472,28.09233333333333,0.5799999999999998,65.819,0.000767,0.000724,0.000936,17.08366666666666,1
2587,15491,2025-04-07 11:12:06+00:00,2025-04-07 11:12:06+00:00,27.31344827586208,0.17,44.27896551724137,37.30482758620689,27.53482758620689,28.02758620689655,0.5696551724137933,65.90999999999998,0.000717,0.000689,0.000816,16.744137931034476,1
2588,15502,2025-04-07 11:12:20+00:00,2025-04-07 11:12:20+00:00,73.93903225806453,0.1938709677419355,44.26129032258063,87.90967741935484,27.53258064516128,28.54161290322581,0.597741935483871,64.75193548387095,0.000802,0.000732,0.000947,16.72870967741935,1
2589,15503,2025-04-07 11:12:22+00:00,2025-04-07 11:12:22+00:00,83.28966666666665,0.1926666666666667,44.27299999999999,98.4293333333333,27.53633333333332,28.649666666666675,0.7756666666666665,64.76733333333333,0.000828,0.000734,0.000987,16.736666666666668,1
2590,15514,2025-04-07 11:12:36+00:00,2025-04-07 11:12:36+00:00,155.69575757575754,0.2069696969696969,44.44151515151516,173.85545454545462,27.55787878787878,29.63030303030304,1.8427272727272723,63.37030303030304,0.000908,0.000805,0.001326,16.883636363636374,1
2591,15531,2025-04-07 11:12:58+00:00,2025-04-07 11:12:58+00:00,219.90633333333332,0.2306666666666666,45.25533333333333,241.1633333333333,27.589333333333336,30.745333333333345,2.618333333333333,62.29300000000002,0.001042,0.001115,0.00205,17.665999999999997,1
2592,15579,2025-04-07 11:14:04+00:00,2025-04-07 11:14:04+00:00,23.16096774193548,0.1632258064516129,44.370967741935495,33.26193548387097,27.63516129032258,28.09354838709677,0.6322580645161292,65.69612903225807,0.000717,0.000677,0.000871,16.735806451612916,1
2593,15607,2025-04-07 11:14:41+00:00,2025-04-07 11:14:41+00:00,177.78066666666672,0.2116666666666667,44.639,195.99199999999996,27.70933333333335,30.12633333333334,2.122666666666666,63.05233333333332,0.0009,0.00087,0.001503,16.92966666666665,1
2594,15648,2025-04-07 11:15:34+00:00,2025-04-07 11:15:34+00:00,95.21787878787876,0.195151515151515,45.54757575757575,110.21,27.778787878787877,29.38484848484848,1.3706060606060606,64.76727272727273,0.000869,0.000829,0.001373,17.768787878787876,1
2595,15688,2025-04-07 11:16:27+00:00,2025-04-07 11:16:27+00:00,108.14933333333332,0.1913333333333334,44.49333333333336,123.12399999999997,27.801999999999985,29.227333333333338,1.456666666666666,64.18366666666665,0.000836,0.000769,0.001099,16.691333333333368,1
2596,15707,2025-04-07 11:16:52+00:00,2025-04-07 11:16:52+00:00,212.3467741935484,0.206774193548387,45.06967741935486,232.75838709677416,27.83870967741936,30.83806451612903,2.5596774193548377,62.3667741935484,0.000935,0.001068,0.00191,17.2309677419355,1
2597,15710,2025-04-07 11:16:56+00:00,2025-04-07 11:16:56+00:00,218.55419354838708,0.2441935483870967,45.32258064516128,239.4225806451613,27.84000000000001,30.971290322580657,2.6603225806451625,62.272580645161305,0.000949,0.001096,0.002011,17.48258064516127,1
2598,15738,2025-04-07 11:17:32+00:00,2025-04-07 11:17:32+00:00,104.933,0.2013333333333334,45.69766666666668,121.64399999999998,27.897333333333325,29.712,1.4853333333333327,64.40966666666667,0.000905,0.000833,0.001427,17.800333333333352,1
2599,15742,2025-04-07 11:17:38+00:00,2025-04-07 11:17:38+00:00,76.0241935483871,0.1903225806451613,45.43193548387099,90.0409677419355,27.87741935483871,29.24483870967742,0.6658064516129036,64.84903225806451,0.000925,0.000771,0.001333,17.554516129032276,1
2600,15749,2025-04-07 11:17:47+00:00,2025-04-07 11:17:47+00:00,39.89451612903228,0.1758064516129032,45.101290322580624,51.44032258064516,27.913870967741925,28.77838709677419,0.6680645161290323,65.48774193548385,0.000796,0.000743,0.001055,17.1874193548387,1
2601,15755,2025-04-07 11:17:55+00:00,2025-04-07 11:17:55+00:00,22.234062500000004,0.1853125,44.7821875,32.68531250000001,27.909375,28.401875,0.6821875000000002,65.9040625,0.00075,0.000705,0.000901,16.872812500000002,1
2602,15761,2025-04-07 11:18:03+00:00,2025-04-07 11:18:03+00:00,21.078124999999982,0.1853125,44.55656249999998,32.025625000000005,27.911562499999988,28.349375,0.658125,65.73250000000002,0.000704,0.000689,0.000886,16.64499999999999,1
2603,15769,2025-04-07 11:18:13+00:00,2025-04-07 11:18:13+00:00,44.13266666666669,0.1826666666666667,44.51833333333334,55.51366666666669,27.94066666666666,28.617000000000004,0.6966666666666667,65.41666666666667,0.000752,0.000688,0.000823,16.577666666666676,1
2604,15776,2025-04-07 11:18:22+00:00,2025-04-07 11:18:22+00:00,81.70624999999997,0.1665625,44.52843749999999,94.6140625,27.9371875,29.0475,0.7003125000000001,64.75750000000001,0.000839,0.000733,0.000976,16.591249999999988,1
2605,15777,2025-04-07 11:18:24+00:00,2025-04-07 11:18:24+00:00,91.9370588235294,0.1935294117647059,44.60029411764705,105.82,27.97235294117648,29.145882352941165,1.3750000000000002,64.56029411764703,0.000819,0.000773,0.001025,16.627941176470575,1
2606,15790,2025-04-07 11:18:41+00:00,2025-04-07 11:18:41+00:00,176.2318750000001,0.2050000000000001,44.808125,194.33687499999996,27.96500000000001,30.378125000000008,2.1721875,62.93906249999998,0.000918,0.000867,0.001491,16.843124999999983,1
2607,15802,2025-04-07 11:18:56+00:00,2025-04-07 11:18:56+00:00,217.1769696969697,0.2312121212121212,45.433333333333344,238.7896969696971,27.99727272727273,31.118181818181828,2.7039393939393945,62.12030303030303,0.000969,0.001109,0.002007,17.436060606060614,1
2608,15805,2025-04-07 11:19:00+00:00,2025-04-07 11:19:00+00:00,220.3629032258065,0.2245161290322581,45.50419354838709,241.4822580645161,27.995806451612907,31.196774193548396,2.74483870967742,62.170967741935485,0.000983,0.001134,0.002109,17.508387096774186,1
2609,15813,2025-04-07 11:19:11+00:00,2025-04-07 11:19:11+00:00,200.4309677419356,0.2216129032258065,45.92548387096775,222.00903225806448,28.025483870967733,31.09838709677419,2.499032258064516,62.55096774193547,0.000995,0.001173,0.002119,17.90000000000002,1
2610,15815,2025-04-07 11:19:13+00:00,2025-04-07 11:19:13+00:00,194.8948387096773,0.22,45.97870967741936,216.79290322580653,28.026451612903216,30.996129032258068,2.4180645161290326,62.88645161290321,0.000973,0.001141,0.002078,17.952258064516144,1
2611,15821,2025-04-07 11:19:21+00:00,2025-04-07 11:19:21+00:00,162.77034482758617,0.2093103448275862,46.012758620689645,182.30586206896552,28.018275862068965,30.593103448275865,2.07206896551724,63.45827586206896,0.000946,0.001034,0.001866,17.99448275862068,1
2612,15825,2025-04-07 11:19:26+00:00,2025-04-07 11:19:26+00:00,138.78687499999998,0.20375,45.96406250000001,156.76062500000006,28.030624999999983,30.3140625,1.8803125,63.87343750000001,0.000945,0.000914,0.001686,17.93343750000003,1
2613,15826,2025-04-07 11:19:28+00:00,2025-04-07 11:19:28+00:00,126.53419354838708,0.212258064516129,45.88064516129031,144.56129032258067,28.01709677419354,30.114838709677425,1.801290322580645,63.9793548387097,0.000913,0.000881,0.001617,17.86354838709677,1
2614,15830,2025-04-07 11:19:33+00:00,2025-04-07 11:19:33+00:00,100.63741935483873,0.2006451612903225,45.724516129032274,117.30129032258064,28.0548387096774,29.76290322580645,1.5319354838709676,64.49741935483873,0.000879,0.000808,0.001396,17.669677419354873,1
2615,15857,2025-04-07 11:20:10+00:00,2025-04-07 11:20:10+00:00,33.537931034482774,0.1782758620689654,44.56241379310343,45.67241379310344,28.084482758620688,28.57689655172413,0.5962068965517241,65.59931034482759,0.000726,0.000666,0.000827,16.477931034482744,1
2616,15885,2025-04-07 11:20:46+00:00,2025-04-07 11:20:46+00:00,195.0125806451613,0.2261290322580646,45.06290322580644,214.89161290322585,28.115806451612908,30.77612903225805,2.276451612903226,62.58935483870967,0.000914,0.000961,0.001761,16.94709677419353,1
2617,15891,2025-04-07 11:20:54+00:00,2025-04-07 11:20:54+00:00,215.86031250000005,0.2212500000000001,45.383437500000014,236.1871875,28.1215625,31.1675,2.5387499999999994,62.30093750000001,0.000952,0.001098,0.00198,17.261875000000014,1
2618,15907,2025-04-07 11:21:15+00:00,2025-04-07 11:21:15+00:00,189.27451612903224,0.2080645161290323,46.098709677419386,209.26548387096773,28.149032258064505,31.052580645161285,2.251612903225806,62.8458064516129,0.000975,0.00112,0.002029,17.94967741935488,1
2619,15908,2025-04-07 11:21:17+00:00,2025-04-07 11:21:17+00:00,180.70352941176475,0.2226470588235294,46.1129411764706,200.88323529411767,28.154999999999983,30.947352941176465,2.1514705882352945,62.9764705882353,0.000959,0.001105,0.002007,17.957941176470616,1
2620,15917,2025-04-07 11:21:28+00:00,2025-04-07 11:21:28+00:00,129.17484848484847,0.1957575757575758,46.036969696969685,145.4369696969697,28.18818181818184,30.324848484848488,1.7212121212121214,63.9978787878788,0.000941,0.000893,0.001611,17.848787878787846,1
2621,15921,2025-04-07 11:21:34+00:00,2025-04-07 11:21:34+00:00,96.33843749999998,0.1934375000000001,45.81,112.34281250000004,28.178124999999987,29.8734375,1.4987499999999998,64.476875,0.000902,0.000844,0.00137,17.631875000000008,1
2622,15926,2025-04-07 11:21:40+00:00,2025-04-07 11:21:40+00:00,67.59625,0.1759374999999999,45.54031250000001,80.90875000000004,28.175,29.4046875,0.7637499999999998,65.15968750000002,0.000887,0.000827,0.001269,17.365312500000016,1
2623,15932,2025-04-07 11:21:48+00:00,2025-04-07 11:21:48+00:00,37.39181818181817,0.1830303030303031,45.231515151515154,49.371212121212125,28.171212121212115,28.98545454545455,0.825454545454545,65.52393939393939,0.000842,0.00072,0.001013,17.06030303030304,1
2624,15939,2025-04-07 11:21:57+00:00,2025-04-07 11:21:57+00:00,20.52275862068965,0.1662068965517241,44.87827586206897,30.00344827586207,28.203793103448287,28.669310344827583,0.8955172413793104,65.93965517241381,0.000749,0.000639,0.000936,16.67448275862068,1
2625,15944,2025-04-07 11:22:04+00:00,2025-04-07 11:22:04+00:00,22.08400000000001,0.1679999999999999,44.72300000000004,32.37666666666666,28.205666666666687,28.626,0.8393333333333337,65.74766666666669,0.0007,0.000627,0.000844,16.517333333333347,1
2626,15955,2025-04-07 11:22:18+00:00,2025-04-07 11:22:18+00:00,62.32500000000002,0.1826666666666667,44.68066666666667,74.38833333333332,28.221666666666685,29.064333333333327,0.8643333333333328,65.02399999999997,0.000779,0.000693,0.000988,16.458999999999982,1
2627,15977,2025-04-07 11:22:47+00:00,2025-04-07 11:22:47+00:00,196.78281250000003,0.2278125,45.14500000000002,217.8328125,28.262187499999992,30.957187499999996,2.4046875000000005,62.726875,0.000949,0.000954,0.001741,16.882812500000025,1
2628,15986,2025-04-07 11:22:59+00:00,2025-04-07 11:22:59+00:00,218.95468750000003,0.2359375,45.66406250000001,240.52,28.264375,31.429062499999997,2.7321875,62.096875,0.000984,0.001161,0.002109,17.39968750000001,1
2629,16016,2025-04-07 11:23:38+00:00,2025-04-07 11:23:38+00:00,78.2134375,0.1840625,45.77156250000001,92.16531249999996,28.296249999999983,29.690312500000008,0.6575,65.01843749999996,0.000908,0.00082,0.001315,17.475312500000026,1
2630,16022,2025-04-07 11:23:46+00:00,2025-04-07 11:23:46+00:00,44.67642857142856,0.1725,45.41250000000001,56.12785714285714,28.29714285714285,29.222142857142867,0.6578571428571429,65.63285714285713,0.000827,0.000768,0.001105,17.115357142857157,1
2631,16070,2025-04-07 11:24:49+00:00,2025-04-07 11:24:49+00:00,204.0323333333334,0.2296666666666666,45.294333333333306,224.0646666666667,28.37133333333333,31.17566666666669,2.4716666666666667,62.43933333333332,0.000945,0.001012,0.001822,16.922999999999973,1
2632,16083,2025-04-07 11:25:06+00:00,2025-04-07 11:25:06+00:00,214.06354838709677,0.232258064516129,46.02612903225805,236.03516129032252,28.36741935483872,31.598387096774182,2.638709677419355,62.25096774193548,0.00102,0.001152,0.002233,17.65870967741933,1
2633,16085,2025-04-07 11:25:09+00:00,2025-04-07 11:25:09+00:00,208.1893548387096,0.2161290322580645,46.1577419354839,229.99064516129036,28.372903225806454,31.53225806451612,2.535483870967742,62.33290322580648,0.001027,0.001151,0.002217,17.784838709677445,1
2634,16094,2025-04-07 11:25:20+00:00,2025-04-07 11:25:20+00:00,168.85437499999998,0.205,46.287812499999966,188.3815625000001,28.397187499999983,31.12562499999999,2.0793749999999998,63.16437499999999,0.000977,0.001105,0.001951,17.890624999999982,1
2635,16112,2025-04-07 11:25:44+00:00,2025-04-07 11:25:44+00:00,52.27000000000001,0.1715625,45.55625000000001,65.40781249999999,28.4246875,29.4609375,0.664375,65.6034375,0.000831,0.000774,0.001163,17.131562500000015,1
2636,16114,2025-04-07 11:25:47+00:00,2025-04-07 11:25:47+00:00,42.50344827586208,0.1834482758620688,45.44379310344827,54.10172413793102,28.435517241379323,29.33034482758619,0.679310344827586,65.44965517241378,0.000838,0.000768,0.001095,17.00827586206895,1
2637,16125,2025-04-07 11:26:01+00:00,2025-04-07 11:26:01+00:00,20.039032258064523,0.1796774193548387,44.9258064516129,29.92096774193548,28.4483870967742,28.861935483870965,0.656774193548387,65.8290322580645,0.000794,0.000681,0.000865,16.477419354838702,1
2638,16127,2025-04-07 11:26:04+00:00,2025-04-07 11:26:04+00:00,22.46258064516129,0.1735483870967741,44.847741935483846,31.99193548387097,28.463225806451625,28.84677419354839,0.652258064516129,65.82129032258062,0.000725,0.00067,0.000844,16.38451612903222,1
2639,16129,2025-04-07 11:26:06+00:00,2025-04-07 11:26:06+00:00,24.571290322580648,0.1880645161290323,44.84612903225804,35.27645161290322,28.446129032258074,28.887741935483863,0.6525806451612901,65.6890322580645,0.000681,0.000686,0.000814,16.399999999999967,1
2640,16133,2025-04-07 11:26:11+00:00,2025-04-07 11:26:11+00:00,35.19999999999999,0.1660606060606061,44.82484848484848,46.10939393939393,28.454848484848483,28.997878787878783,0.6400000000000002,65.4990909090909,0.000726,0.000676,0.000837,16.36999999999999,1
2641,16143,2025-04-07 11:26:25+00:00,2025-04-07 11:26:25+00:00,93.44250000000002,0.1940625,44.93999999999999,106.955,28.481562500000013,29.713750000000005,1.3543750000000003,64.56156249999998,0.000846,0.000765,0.001008,16.458437499999977,1
2642,16154,2025-04-07 11:26:39+00:00,2025-04-07 11:26:39+00:00,164.4793548387097,0.2141935483870968,45.09870967741934,181.86999999999995,28.51516129032257,30.730322580645165,2.03225806451613,62.96483870967743,0.000893,0.000869,0.001389,16.583548387096773,1
2643,16160,2025-04-07 11:26:47+00:00,2025-04-07 11:26:47+00:00,196.57151515151517,0.2224242424242424,45.320606060606046,217.33999999999995,28.51424242424241,31.240909090909085,2.381212121212122,62.42484848484848,0.000918,0.000989,0.00175,16.80636363636363,1
2644,16165,2025-04-07 11:26:53+00:00,2025-04-07 11:26:53+00:00,213.49838709677428,0.2029032258064516,45.566451612903215,232.98774193548385,28.53741935483869,31.54516129032257,2.576451612903225,62.291935483870965,0.000946,0.001079,0.001947,17.029032258064525,1
2645,16166,2025-04-07 11:26:55+00:00,2025-04-07 11:26:55+00:00,215.3316129032259,0.2170967741935483,45.66161290322582,236.8416129032258,28.53419354838709,31.585161290322592,2.6383870967741934,62.112580645161295,0.000941,0.001099,0.00198,17.127419354838732,1
2646,16174,2025-04-07 11:27:05+00:00,2025-04-07 11:27:05+00:00,215.6390625,0.2325000000000001,46.07125000000001,237.32156250000008,28.5534375,31.736562499999994,2.6625,62.22937500000001,0.000992,0.001182,0.002197,17.517812500000016,1
2647,16175,2025-04-07 11:27:07+00:00,2025-04-07 11:27:07+00:00,213.766,0.2350000000000001,46.0866666666667,234.3520000000001,28.54499999999998,31.687000000000005,2.622666666666667,62.348000000000006,0.001005,0.001153,0.002187,17.54166666666672,1
2648,16180,2025-04-07 11:27:14+00:00,2025-04-07 11:27:14+00:00,194.1553125,0.2259374999999999,46.35468749999998,214.988125,28.540624999999988,31.54437500000001,2.3575000000000004,62.89031249999999,0.000973,0.001111,0.002103,17.814062499999995,1
2649,16183,2025-04-07 11:27:18+00:00,2025-04-07 11:27:18+00:00,178.9424999999999,0.2225,46.4203125,199.204375,28.538749999999983,31.352812499999988,2.1821874999999995,62.98968749999999,0.00096,0.001078,0.001988,17.881562500000015,1
2650,16227,2025-04-07 11:28:16+00:00,2025-04-07 11:28:16+00:00,51.17533333333331,0.1796666666666667,44.911000000000016,63.11933333333332,28.584000000000007,29.31166666666666,0.6476666666666666,65.28966666666666,0.000741,0.000677,0.000892,16.32700000000001,1
2651,16261,2025-04-07 11:29:01+00:00,2025-04-07 11:29:01+00:00,219.81354838709672,0.2264516129032258,45.98548387096773,240.49677419354836,28.656451612903226,31.820967741935487,2.693548387096772,62.066774193548405,0.001048,0.00114,0.002129,17.32903225806451,1
2652,16280,2025-04-07 11:29:25+00:00,2025-04-07 11:29:25+00:00,146.635,0.2185294117647059,46.42647058823531,164.60264705882355,28.683235294117654,31.075000000000014,1.890000000000001,63.57029411764705,0.000951,0.000965,0.001768,17.743235294117653,1
2653,16325,2025-04-07 11:30:26+00:00,2025-04-07 11:30:26+00:00,97.70030303030305,0.1751515151515151,45.053939393939366,110.56909090909092,28.75696969696969,30.04363636363637,1.389696969696969,64.39727272727274,0.000806,0.000759,0.001026,16.296969696969676,1
2654,16327,2025-04-07 11:30:28+00:00,2025-04-07 11:30:28+00:00,107.42206896551728,0.2058620689655173,45.06137931034485,122.27482758620688,28.74896551724138,30.153103448275868,1.494137931034483,64.14482758620689,0.00083,0.000787,0.001131,16.312413793103467,1
2655,16345,2025-04-07 11:30:52+00:00,2025-04-07 11:30:52+00:00,209.7010344827587,0.2368965517241379,45.614482758620674,230.77724137931037,28.78413793103448,31.705517241379315,2.5820689655172413,62.28206896551723,0.000926,0.001054,0.001899,16.8303448275862,1
2656,16355,2025-04-07 11:31:06+00:00,2025-04-07 11:31:06+00:00,214.56161290322572,0.2303225806451612,46.25774193548386,235.97580645161293,28.79064516129032,31.994516129032263,2.6329032258064524,62.06935483870968,0.00099,0.001164,0.002214,17.467096774193546,1
2657,16366,2025-04-07 11:31:21+00:00,2025-04-07 11:31:21+00:00,167.33548387096772,0.214516129032258,46.54806451612904,185.9329032258065,28.819354838709696,31.44806451612903,2.0596774193548386,63.49741935483871,0.000962,0.001057,0.001938,17.728709677419342,1
2658,16394,2025-04-07 11:31:57+00:00,2025-04-07 11:31:57+00:00,21.14333333333333,0.1706666666666667,45.30833333333333,31.591333333333345,28.84266666666668,29.344999999999995,0.6499999999999999,65.91533333333335,0.000747,0.000714,0.000921,16.465666666666653,1
2659,16398,2025-04-07 11:32:03+00:00,2025-04-07 11:32:03+00:00,21.252571428571425,0.1768571428571429,45.16485714285714,30.985999999999997,28.866571428571437,29.279428571428586,0.6405714285714288,65.91371428571429,0.000705,0.000661,0.000871,16.29828571428571,1
2660,16400,2025-04-07 11:32:05+00:00,2025-04-07 11:32:05+00:00,22.55517241379309,0.1786206896551724,45.126206896551736,33.62482758620689,28.86275862068966,29.29206896551724,0.6631034482758619,65.96896551724139,0.000687,0.000724,0.000804,16.263448275862075,1
2661,16422,2025-04-07 11:32:34+00:00,2025-04-07 11:32:34+00:00,137.2841379310345,0.2020689655172413,45.25310344827585,154.04724137931032,28.89689655172413,30.73310344827586,1.7613793103448272,63.5944827586207,0.000894,0.000825,0.00131,16.356206896551726,1
2662,16425,2025-04-07 11:32:38+00:00,2025-04-07 11:32:38+00:00,157.86433333333332,0.2123333333333333,45.35933333333332,175.8536666666667,28.887666666666654,31.058666666666664,1.971666666666667,63.37199999999997,0.000872,0.000826,0.001345,16.471666666666664,1
2663,16451,2025-04-07 11:33:15+00:00,2025-04-07 11:33:15+00:00,193.3093333333333,0.2236666666666666,46.55833333333332,212.6756666666666,28.952333333333343,31.919666666666657,2.337333333333333,62.64400000000002,0.000998,0.001118,0.002139,17.605999999999977,1
2664,16458,2025-04-07 11:33:24+00:00,2025-04-07 11:33:24+00:00,154.0703125,0.2075000000000001,46.639375,171.33093749999998,28.95281250000001,31.448750000000004,1.925312499999999,63.41156249999999,0.000951,0.001007,0.001858,17.686562499999983,1
2665,16461,2025-04-07 11:33:28+00:00,2025-04-07 11:33:28+00:00,132.3125806451613,0.2022580645161291,46.53516129032258,150.33096774193552,28.942903225806457,31.167741935483885,1.7435483870967727,63.73451612903224,0.000934,0.00091,0.001696,17.59225806451612,1
2666,16474,2025-04-07 11:33:45+00:00,2025-04-07 11:33:45+00:00,50.91393939393941,0.1790909090909091,45.89484848484849,63.67030303030303,28.967575757575776,29.973333333333333,0.6378787878787882,65.48969696969695,0.000808,0.000779,0.001154,16.92727272727271,1
2667,16488,2025-04-07 11:34:03+00:00,2025-04-07 11:34:03+00:00,20.58235294117647,0.1817647058823529,45.25323529411765,31.219117647058823,28.96764705882355,29.39176470588237,0.6400000000000002,65.98735294117647,0.00072,0.000658,0.000856,16.285588235294092,1
2668,16490,2025-04-07 11:34:06+00:00,2025-04-07 11:34:06+00:00,23.606,0.1749999999999999,45.16333333333333,33.47933333333334,28.99266666666667,29.445666666666668,0.6300000000000002,65.96933333333331,0.000716,0.000674,0.000825,16.170666666666666,1
2669,16507,2025-04-07 11:34:28+00:00,2025-04-07 11:34:28+00:00,105.42806451612906,0.2032258064516129,45.28129032258063,120.0535483870968,29.02258064516128,30.456774193548394,1.4241935483870976,64.15774193548388,0.000827,0.000818,0.001129,16.258709677419354,1
2670,16511,2025-04-07 11:34:33+00:00,2025-04-07 11:34:33+00:00,131.32875,0.2018750000000002,45.27312499999999,147.36656250000004,29.032812499999977,30.744375,1.6834375,63.77250000000001,0.000868,0.000814,0.00128,16.24031250000001,1
2671,16552,2025-04-07 11:35:29+00:00,2025-04-07 11:35:29+00:00,129.115625,0.216875,46.58375000000001,145.73250000000002,29.047187499999986,31.23125,1.7187500000000004,63.75875000000001,0.000908,0.0009,0.001689,17.536562500000024,1
2672,16603,2025-04-07 11:36:38+00:00,2025-04-07 11:36:38+00:00,156.87793103448274,0.1975862068965518,45.42413793103447,173.07965517241374,29.12655172413793,31.225172413793107,1.9024137931034488,63.30896551724139,0.000906,0.000871,0.00133,16.297586206896543,1
2673,16611,2025-04-07 11:36:48+00:00,2025-04-07 11:36:48+00:00,197.10121212121217,0.2084848484848485,45.77818181818179,217.4330303030304,29.15939393939393,31.892121212121207,2.3793939393939407,62.86818181818181,0.000926,0.00101,0.001786,16.618787878787863,1
2674,16613,2025-04-07 11:36:51+00:00,2025-04-07 11:36:51+00:00,206.200606060606,0.2281818181818182,45.8339393939394,226.89454545454532,29.15484848484847,32.049090909090914,2.48878787878788,62.34545454545455,0.000948,0.001038,0.001873,16.679090909090927,1
2675,16626,2025-04-07 11:37:08+00:00,2025-04-07 11:37:08+00:00,212.81833333333344,0.2346666666666667,46.57066666666664,233.8183333333333,29.18900000000001,32.33033333333335,2.592333333333332,62.276,0.001021,0.001163,0.002238,17.38166666666663,1
2676,16629,2025-04-07 11:37:12+00:00,2025-04-07 11:37:12+00:00,202.77548387096775,0.2222580645161291,46.70161290322581,223.46290322580643,29.17967741935482,32.220000000000006,2.4687096774193558,62.378387096774205,0.001058,0.001137,0.002214,17.521935483870987,1
2677,16634,2025-04-07 11:37:19+00:00,2025-04-07 11:37:19+00:00,177.81400000000005,0.2106666666666666,46.75833333333332,196.42466666666667,29.18866666666668,31.951000000000008,2.136000000000001,63.29066666666665,0.000972,0.001094,0.00208,17.56966666666664,1
2678,16656,2025-04-07 11:37:47+00:00,2025-04-07 11:37:47+00:00,44.97233333333332,0.1920000000000001,46.00066666666666,57.29966666666667,29.246,30.15266666666666,0.594,65.26066666666667,0.000808,0.00076,0.001196,16.754666666666658,1
2679,16683,2025-04-07 11:38:23+00:00,2025-04-07 11:38:23+00:00,79.15058823529412,0.1870588235294117,45.3979411764706,92.41000000000004,29.26470588235293,30.328235294117643,0.6032352941176471,64.80352941176471,0.000791,0.000738,0.001035,16.133235294117668,1
2680,16721,2025-04-07 11:39:14+00:00,2025-04-07 11:39:14+00:00,197.87242424242424,0.2145454545454544,46.815454545454536,217.7242424242425,29.307575757575755,32.31151515151515,2.377272727272727,62.5839393939394,0.001013,0.001156,0.002215,17.50787878787878,1
2681,16765,2025-04-07 11:40:12+00:00,2025-04-07 11:40:12+00:00,35.37999999999999,0.18875,45.415000000000006,46.78499999999999,29.378125,29.911250000000003,0.5600000000000002,65.50656250000002,0.000758,0.000686,0.000859,16.03687500000001,1
2682,16766,2025-04-07 11:40:13+00:00,2025-04-07 11:40:13+00:00,38.65555555555556,0.1762962962962963,45.40851851851853,48.69259259259258,29.38629629629629,29.96740740740741,0.5600000000000004,65.50629629629631,0.000774,0.000705,0.000891,16.022222222222236,1
2683,16781,2025-04-07 11:40:33+00:00,2025-04-07 11:40:33+00:00,128.624375,0.2109375,45.505625,145.75000000000006,29.396249999999988,31.09812499999999,1.6253124999999995,63.915312500000006,0.000875,0.000815,0.001297,16.109375000000014,1
2684,16788,2025-04-07 11:40:42+00:00,2025-04-07 11:40:42+00:00,172.95233333333334,0.1986666666666667,45.73999999999999,190.95866666666677,29.40199999999999,31.75966666666666,2.041,63.06100000000001,0.000937,0.00086,0.001504,16.337999999999997,1
2685,16826,2025-04-07 11:41:32+00:00,2025-04-07 11:41:32+00:00,114.87656249999996,0.193125,46.80499999999997,131.870625,29.472812500000018,31.4415625,1.5193749999999997,64.140625,0.000904,0.000894,0.001593,17.332187499999954,1
2686,16835,2025-04-07 11:41:45+00:00,2025-04-07 11:41:45+00:00,53.1330303030303,0.1763636363636362,46.26484848484849,66.02545454545456,29.45818181818183,30.50696969696969,0.5354545454545453,65.24151515151515,0.000848,0.000781,0.001236,16.80666666666666,1
2687,16900,2025-04-07 11:43:10+00:00,2025-04-07 11:43:10+00:00,209.2232258064515,0.2193548387096774,46.89225806451616,229.9793548387097,29.54193548387095,32.663870967741936,2.5074193548387096,62.29516129032257,0.001031,0.001157,0.002316,17.350322580645205,1
2688,16908,2025-04-07 11:43:20+00:00,2025-04-07 11:43:20+00:00,175.72740740740744,0.1988888888888889,47.02999999999999,194.62333333333336,29.56555555555553,32.2988888888889,2.0877777777777777,63.06962962962963,0.000976,0.001071,0.002064,17.464444444444453,1
2689,16918,2025-04-07 11:43:33+00:00,2025-04-07 11:43:33+00:00,111.39515151515154,0.1884848484848485,46.82757575757575,126.76545454545456,29.555454545454552,31.453030303030303,1.4778787878787876,64.33969696969699,0.000904,0.000915,0.001545,17.2721212121212,1
2690,16931,2025-04-07 11:43:51+00:00,2025-04-07 11:43:51+00:00,34.44600000000001,0.1830000000000001,46.05066666666666,44.98133333333335,29.575,30.278666666666663,0.5299999999999998,65.72200000000001,0.000799,0.000786,0.001042,16.47566666666666,1
2691,16933,2025-04-07 11:43:53+00:00,2025-04-07 11:43:53+00:00,28.962,0.1780000000000001,46.019000000000005,40.10066666666668,29.587666666666664,30.22433333333334,0.5366666666666664,65.66533333333332,0.00082,0.000742,0.000988,16.431333333333342,1
2692,16934,2025-04-07 11:43:54+00:00,2025-04-07 11:43:54+00:00,26.971935483870965,0.1867741935483871,45.93322580645163,37.39032258064516,29.58741935483873,30.170645161290327,0.5274193548387095,65.71967741935484,0.000763,0.000713,0.00097,16.3458064516129,1
2693,16943,2025-04-07 11:44:09+00:00,2025-04-07 11:44:09+00:00,26.658064516129024,0.1738709677419355,45.58741935483869,38.30903225806451,29.61354838709678,30.08354838709677,0.5270967741935482,65.69806451612904,0.000696,0.000682,0.000851,15.973870967741906,1
2694,16949,2025-04-07 11:44:17+00:00,2025-04-07 11:44:17+00:00,51.52333333333334,0.1563636363636364,45.580303030303,62.15333333333331,29.61121212121213,30.35484848484849,0.5318181818181817,65.25757575757575,0.00076,0.000694,0.000931,15.96909090909087,1
2695,16962,2025-04-07 11:44:34+00:00,2025-04-07 11:44:34+00:00,132.77794117647065,0.1752941176470588,45.69294117647059,147.73352941176464,29.63999999999999,31.4079411764706,1.6261764705882351,63.79029411764708,0.000897,0.000861,0.001318,16.0529411764706,1
2696,16967,2025-04-07 11:44:40+00:00,2025-04-07 11:44:40+00:00,161.92322580645157,0.1935483870967743,45.82645161290323,179.88612903225808,29.63709677419354,31.80838709677419,1.9129032258064504,63.15903225806454,0.000912,0.000876,0.001463,16.189354838709686,1
2697,16974,2025-04-07 11:44:50+00:00,2025-04-07 11:44:50+00:00,201.7253333333333,0.2169999999999999,46.11800000000002,221.2293333333333,29.67433333333333,32.452000000000005,2.3643333333333336,62.40666666666667,0.000953,0.000996,0.001848,16.443666666666694,1
2698,16982,2025-04-07 11:45:00+00:00,2025-04-07 11:45:00+00:00,218.8537931034483,0.2410344827586207,46.60344827586205,239.2986206896552,29.667241379310333,32.81034482758621,2.633793103448275,61.99310344827586,0.00103,0.001186,0.002184,16.936206896551717,1
2699,16991,2025-04-07 11:45:13+00:00,2025-04-07 11:45:13+00:00,202.89333333333332,0.2303333333333334,47.00800000000002,222.60133333333337,29.669999999999984,32.68966666666666,2.397666666666667,62.53200000000001,0.001021,0.001164,0.002278,17.338000000000033,1
2700,17057,2025-04-07 11:46:40+00:00,2025-04-07 11:46:40+00:00,161.30781249999995,0.1928125,45.9015625,178.92437499999994,29.776249999999983,31.95218749999999,1.9021875,63.31031249999997,0.00089,0.000852,0.001417,16.12531250000002,1
2701,17062,2025-04-07 11:46:46+00:00,2025-04-07 11:46:46+00:00,187.18266666666668,0.2036666666666668,46.078,205.6260000000001,29.762,32.348333333333336,2.1813333333333342,62.821333333333335,0.000939,0.000935,0.001729,16.316,1
2702,17084,2025-04-07 11:47:15+00:00,2025-04-07 11:47:15+00:00,196.61733333333328,0.2313333333333333,47.18733333333336,216.7010000000001,29.79466666666665,32.79133333333333,2.326000000000001,62.57633333333335,0.001003,0.00113,0.002249,17.392666666666713,1
2703,17117,2025-04-07 11:47:58+00:00,2025-04-07 11:47:58+00:00,21.034666666666663,0.1566666666666667,45.99466666666665,30.971333333333337,29.819333333333347,30.35466666666668,0.5813333333333333,65.91066666666669,0.000746,0.000702,0.000922,16.175333333333306,1
2704,17134,2025-04-07 11:48:21+00:00,2025-04-07 11:48:21+00:00,65.86125000000003,0.1871875,45.73250000000001,78.22281249999999,29.860312500000006,30.767812499999987,0.5706250000000002,64.91156249999999,0.000792,0.00071,0.000982,15.872187500000004,1
2705,17191,2025-04-07 11:49:35+00:00,2025-04-07 11:49:35+00:00,102.62033333333332,0.1866666666666666,47.02833333333333,117.93533333333336,29.951999999999995,31.733666666666668,1.4010000000000002,64.39066666666668,0.000922,0.000885,0.00152,17.076333333333334,1
2706,17204,2025-04-07 11:49:52+00:00,2025-04-07 11:49:52+00:00,32.83206896551725,0.1848275862068965,46.31034482758621,43.32000000000001,29.94275862068965,30.6455172413793,0.5486206896551725,65.7413793103448,0.00079,0.000791,0.001031,16.36758620689656,1
2707,17224,2025-04-07 11:50:19+00:00,2025-04-07 11:50:19+00:00,57.469666666666654,0.1813333333333334,45.74966666666666,69.04566666666666,29.97633333333334,30.80666666666668,0.5520000000000003,64.93066666666665,0.000745,0.000705,0.000955,15.773333333333325,1
2708,17225,2025-04-07 11:50:20+00:00,2025-04-07 11:50:20+00:00,61.50966666666668,0.1679999999999999,45.87566666666667,72.30299999999998,29.973000000000003,30.831999999999983,0.5546666666666668,64.93466666666664,0.000756,0.000743,0.000943,15.902666666666663,1
2709,17249,2025-04-07 11:50:51+00:00,2025-04-07 11:50:51+00:00,203.4322580645161,0.2170967741935484,46.445806451612896,222.9093548387098,30.00903225806451,32.87193548387096,2.411935483870969,62.36225806451613,0.000951,0.001028,0.001902,16.436774193548384,1
2710,17256,2025-04-07 11:51:00+00:00,2025-04-07 11:51:00+00:00,218.36303030303037,0.2336363636363637,46.75515151515152,240.48424242424244,30.03545454545453,33.14878787878787,2.657272727272728,62.00272727272728,0.000982,0.001146,0.002239,16.719696969696987,1
2711,17258,2025-04-07 11:51:03+00:00,2025-04-07 11:51:03+00:00,218.65645161290325,0.2351612903225806,46.91709677419357,240.45870967741945,30.038064516129023,33.211290322580645,2.676129032258065,61.89354838709679,0.000985,0.001164,0.0023,16.879032258064548,1
2712,17280,2025-04-07 11:51:32+00:00,2025-04-07 11:51:32+00:00,119.47515151515158,0.2006060606060606,47.20454545454545,135.3790909090909,30.02393939393938,32.07787878787878,1.5818181818181811,63.98454545454549,0.000891,0.000939,0.00167,17.180606060606074,1
2713,17305,2025-04-07 11:52:06+00:00,2025-04-07 11:52:06+00:00,21.45212121212121,0.163030303030303,45.870909090909095,31.01212121212121,30.043636363636352,30.51212121212121,0.5399999999999996,66.04181818181819,0.00069,0.000724,0.000889,15.827272727272742,1
2714,17340,2025-04-07 11:52:52+00:00,2025-04-07 11:52:52+00:00,206.4558064516129,0.2274193548387096,46.438064516129046,226.21580645161288,30.102903225806457,32.94774193548388,2.4493548387096764,62.33967741935484,0.000923,0.001033,0.001894,16.33516129032259,1
2715,17347,2025-04-07 11:53:02+00:00,2025-04-07 11:53:02+00:00,219.9019354838709,0.2274193548387097,46.91645161290325,239.7203225806451,30.10387096774194,33.27741935483871,2.667741935483872,62.06129032258063,0.000988,0.001172,0.00226,16.81258064516131,1
2716,17414,2025-04-07 11:54:30+00:00,2025-04-07 11:54:30+00:00,107.58375,0.2021875,45.98968750000001,122.67687500000002,30.182187499999984,31.63062500000001,1.4159375000000003,64.34718750000002,0.000851,0.000873,0.001193,15.807500000000026,1
2717,17415,2025-04-07 11:54:31+00:00,2025-04-07 11:54:31+00:00,113.12531249999996,0.19,46.010000000000005,127.56718749999996,30.192500000000013,31.708750000000013,1.4678124999999993,64.0496875,0.000831,0.000817,0.001253,15.817499999999992,1
2718,17416,2025-04-07 11:54:33+00:00,2025-04-07 11:54:33+00:00,123.79156249999996,0.17625,46.03562500000001,138.4815625,30.17437499999999,31.832812499999992,1.5796875000000006,63.9415625,0.000868,0.000842,0.0013,15.86125000000002,1
2719,17424,2025-04-07 11:54:43+00:00,2025-04-07 11:54:43+00:00,172.68666666666672,0.2242424242424242,46.25878787878788,189.89606060606067,30.18121212121213,32.52000000000001,2.061818181818182,63.1227272727273,0.000902,0.000891,0.001531,16.077575757575744,1
2720,17432,2025-04-07 11:54:54+00:00,2025-04-07 11:54:54+00:00,209.7805882352942,0.2255882352941177,46.58735294117648,229.92205882352943,30.21617647058825,33.16794117647058,2.516764705882355,62.39058823529411,0.000928,0.001056,0.001995,16.371176470588225,1
2721,17433,2025-04-07 11:54:55+00:00,2025-04-07 11:54:55+00:00,212.37437499999996,0.2184375,46.6534375,232.606875,30.21093750000001,33.2084375,2.555,62.31937499999999,0.000941,0.001158,0.002038,16.44249999999998,1
2722,17475,2025-04-07 11:55:51+00:00,2025-04-07 11:55:51+00:00,36.86000000000001,0.1715625,46.54531249999999,47.57406250000003,30.24875,31.0409375,0.5396874999999997,65.66187500000001,0.000767,0.000743,0.001109,16.296562499999986,1
2723,17477,2025-04-07 11:55:54+00:00,2025-04-07 11:55:54+00:00,29.404193548387084,0.184516129032258,46.42612903225808,39.47741935483871,30.262903225806443,30.95096774193548,0.5309677419354837,65.71645161290323,0.000771,0.000747,0.001043,16.16322580645164,1
2724,17490,2025-04-07 11:56:12+00:00,2025-04-07 11:56:12+00:00,31.84787878787878,0.1751515151515152,45.98666666666665,41.41060606060607,30.260303030303028,30.827575757575755,0.5399999999999996,65.59484848484848,0.000728,0.00069,0.000884,15.726363636363622,1
2725,17503,2025-04-07 11:56:29+00:00,2025-04-07 11:56:29+00:00,102.47580645161288,0.1909677419354839,46.07064516129032,115.7429032258064,30.28806451612901,31.68967741935484,1.3403225806451615,64.36516129032258,0.000822,0.000795,0.001181,15.782580645161303,1
2726,17508,2025-04-07 11:56:36+00:00,2025-04-07 11:56:36+00:00,138.69272727272724,0.2078787878787879,46.134242424242416,153.14363636363638,30.31181818181819,32.17393939393939,1.6960606060606056,63.67424242424242,0.000877,0.000845,0.001412,15.822424242424226,1
2727,17510,2025-04-07 11:56:39+00:00,2025-04-07 11:56:39+00:00,153.611,0.1993333333333334,46.21233333333336,170.448,30.314666666666657,32.400333333333336,1.8493333333333328,63.32133333333336,0.000863,0.000851,0.001357,15.897666666666698,1
2728,17535,2025-04-07 11:57:13+00:00,2025-04-07 11:57:13+00:00,204.99400000000003,0.2116666666666667,47.475000000000016,224.4143333333333,30.327333333333325,33.467000000000006,2.4669999999999987,62.30233333333332,0.001009,0.001164,0.00238,17.14766666666669,1
2729,17536,2025-04-07 11:57:14+00:00,2025-04-07 11:57:14+00:00,201.5015625,0.228125,47.48218749999997,221.85437500000003,30.3278125,33.456875,2.4359375,62.47281250000001,0.000993,0.001153,0.002353,17.154374999999973,1
2730,17554,2025-04-07 11:57:38+00:00,2025-04-07 11:57:38+00:00,91.63,0.1806451612903225,47.17967741935484,105.60903225806447,30.356129032258075,31.99,1.2938709677419358,64.53838709677419,0.000893,0.000885,0.001472,16.823548387096764,1
2731,17556,2025-04-07 11:57:40+00:00,2025-04-07 11:57:40+00:00,82.27866666666667,0.1856666666666667,47.143666666666654,95.27133333333336,30.35533333333335,31.88466666666666,1.199333333333333,64.80366666666667,0.000875,0.000881,0.001438,16.788333333333306,1
2732,17561,2025-04-07 11:57:47+00:00,2025-04-07 11:57:47+00:00,49.920000000000016,0.1735714285714285,46.88071428571427,63.102500000000006,30.351428571428578,31.422142857142862,0.5299999999999998,65.33285714285715,0.000842,0.000797,0.001213,16.52928571428569,1
2733,17562,2025-04-07 11:57:48+00:00,2025-04-07 11:57:48+00:00,47.44125,0.173125,46.79218749999999,59.8090625,30.361562500000005,31.371249999999996,0.5359374999999998,65.64718750000002,0.000827,0.00078,0.001188,16.430624999999985,1
2734,17565,2025-04-07 11:57:52+00:00,2025-04-07 11:57:52+00:00,34.12166666666667,0.168,46.58466666666665,44.82766666666669,30.35533333333335,31.171333333333333,0.5413333333333331,65.74766666666666,0.00079,0.000759,0.00104,16.2293333333333,1
2735,17569,2025-04-07 11:57:57+00:00,2025-04-07 11:57:57+00:00,23.68392857142857,0.1664285714285714,46.383571428571415,33.58321428571429,30.37642857142857,30.972857142857144,0.5382142857142854,65.73892857142856,0.000765,0.000719,0.000982,16.00714285714285,1
2736,17570,2025-04-07 11:57:59+00:00,2025-04-07 11:57:59+00:00,21.797096774193538,0.1583870967741935,46.38129032258063,31.21032258064516,30.37580645161289,30.95354838709677,0.5329032258064513,65.83806451612904,0.000757,0.000689,0.000942,16.005483870967733,1
2737,17575,2025-04-07 11:58:05+00:00,2025-04-07 11:58:05+00:00,20.356774193548382,0.166774193548387,46.15225806451614,29.755161290322587,30.389032258064507,30.906129032258068,0.5348387096774191,65.7958064516129,0.000706,0.000666,0.000871,15.763225806451633,1
2738,17589,2025-04-07 11:58:23+00:00,2025-04-07 11:58:23+00:00,71.41785714285716,0.1810714285714286,46.085,83.65250000000002,30.383571428571425,31.36499999999999,0.5367857142857141,64.7817857142857,0.000763,0.000751,0.001027,15.701428571428576,1
2739,17635,2025-04-07 11:59:25+00:00,2025-04-07 11:59:25+00:00,157.40933333333336,0.2043333333333334,47.65566666666669,176.4133333333333,30.47400000000001,33.06700000000001,1.934,63.30233333333332,0.000962,0.001075,0.001978,17.18166666666668,1
2740,17658,2025-04-07 11:59:55+00:00,2025-04-07 11:59:55+00:00,27.86966666666666,0.1766666666666667,46.55733333333333,38.106333333333325,30.471333333333344,31.19633333333333,0.5309999999999998,65.60366666666667,0.000732,0.000737,0.001007,16.085999999999988,1
2741,17682,2025-04-07 12:00:28+00:00,2025-04-07 12:00:28+00:00,95.30000000000004,0.1929032258064516,46.23,108.82612903225804,30.5174193548387,31.794838709677418,1.282903225806451,64.65806451612903,0.000874,0.000785,0.001124,15.712580645161296,1
2742,17685,2025-04-07 12:00:32+00:00,2025-04-07 12:00:32+00:00,115.33218750000005,0.1746875,46.2209375,129.09406249999998,30.51156249999999,32.092499999999994,1.4731249999999998,63.96625,0.000832,0.000823,0.001271,15.709375000000009,1
2743,17695,2025-04-07 12:00:45+00:00,2025-04-07 12:00:45+00:00,178.63100000000003,0.2016666666666667,46.49066666666666,196.83566666666664,30.52733333333332,33.02466666666666,2.1103333333333336,62.81333333333335,0.000915,0.000917,0.001624,15.963333333333342,1
2744,17713,2025-04-07 12:01:09+00:00,2025-04-07 12:01:09+00:00,214.2415625,0.2312500000000001,47.45093750000001,235.1503125,30.566250000000007,33.77218749999998,2.5925000000000016,62.20656250000002,0.001022,0.001176,0.0024,16.884687500000002,1
2745,17736,2025-04-07 12:01:39+00:00,2025-04-07 12:01:39+00:00,87.6841935483871,0.1925806451612904,47.261290322580656,101.62096774193547,30.589677419354853,32.16870967741935,1.237419354838709,64.66419354838712,0.00088,0.000866,0.001439,16.671612903225803,1
2746,17776,2025-04-07 12:02:33+00:00,2025-04-07 12:02:33+00:00,120.09515151515149,0.1927272727272728,46.316060606060624,134.3733333333333,30.641515151515144,32.277878787878784,1.5409090909090912,63.9930303030303,0.000865,0.000811,0.001312,15.67454545454548,1
2747,17784,2025-04-07 12:02:43+00:00,2025-04-07 12:02:43+00:00,169.9126666666667,0.2143333333333333,46.51066666666667,187.30333333333328,30.683,33.03033333333333,2.026333333333334,62.92633333333335,0.000898,0.000883,0.001521,15.827666666666676,1
2748,17803,2025-04-07 12:03:09+00:00,2025-04-07 12:03:09+00:00,213.63620689655176,0.2313793103448276,47.53931034482759,234.4803448275863,30.708620689655188,33.92482758620689,2.6,62.2286206896552,0.001019,0.001195,0.002371,16.830689655172403,1
2749,17804,2025-04-07 12:03:11+00:00,2025-04-07 12:03:11+00:00,211.12499999999997,0.2121875000000001,47.63812499999999,231.24218750000003,30.70468750000001,33.92156250000001,2.552187500000001,62.2615625,0.001007,0.001178,0.002432,16.933437499999982,1
2750,17833,2025-04-07 12:03:49+00:00,2025-04-07 12:03:49+00:00,45.91781250000001,0.1778125,46.93343750000001,56.93437500000001,30.73031250000001,31.673437499999988,0.5331249999999997,65.5284375,0.00082,0.000773,0.001175,16.203125,1
2751,17839,2025-04-07 12:03:56+00:00,2025-04-07 12:03:56+00:00,26.879696969696987,0.1606060606060605,46.65454545454544,35.55,30.730303030303045,31.365454545454543,0.5381818181818178,65.97636363636366,0.000739,0.000718,0.00096,15.92424242424239,1
2752,17841,2025-04-07 12:03:59+00:00,2025-04-07 12:03:59+00:00,22.30233333333334,0.1663333333333334,46.57899999999998,31.46033333333333,30.73566666666667,31.287000000000003,0.5346666666666664,65.94166666666666,0.000747,0.00071,0.000962,15.843333333333309,1
2753,17842,2025-04-07 12:04:00+00:00,2025-04-07 12:04:00+00:00,20.707,0.1513333333333334,46.52033333333334,30.46066666666667,30.734333333333343,31.27766666666667,0.5399999999999996,65.95633333333335,0.000756,0.000691,0.000964,15.785999999999994,1
2754,17862,2025-04-07 12:04:27+00:00,2025-04-07 12:04:27+00:00,88.21033333333335,0.1979999999999999,46.34066666666664,101.439,30.74833333333333,31.981,1.2309999999999997,64.65933333333334,0.000791,0.000761,0.001055,15.5923333333333,1
2755,17868,2025-04-07 12:04:34+00:00,2025-04-07 12:04:34+00:00,123.9,0.1958620689655172,46.38310344827583,139.0144827586207,30.734137931034493,32.42655172413792,1.5906896551724143,63.8948275862069,0.000846,0.00082,0.001334,15.64896551724134,1
2756,17869,2025-04-07 12:04:36+00:00,2025-04-07 12:04:36+00:00,134.85935483870972,0.2054838709677419,46.418709677419365,150.08451612903232,30.745161290322585,32.580000000000005,1.6841935483870978,63.731612903225816,0.000886,0.000829,0.001374,15.67354838709678,1
2757,17871,2025-04-07 12:04:38+00:00,2025-04-07 12:04:38+00:00,144.25531249999997,0.1909374999999999,46.460625000000014,160.37187500000002,30.74375,32.70875,1.7753125,63.470312499999984,0.000862,0.000847,0.001391,15.716875000000012,1
2758,17901,2025-04-07 12:05:19+00:00,2025-04-07 12:05:19+00:00,187.0448275862069,0.2196551724137932,47.85827586206898,206.66896551724136,30.811034482758625,33.708620689655184,2.250344827586208,62.83448275862067,0.001001,0.001121,0.00225,17.047241379310353,1
2759,17917,2025-04-07 12:05:40+00:00,2025-04-07 12:05:40+00:00,84.30799999999999,0.1696666666666667,47.43766666666668,97.79666666666664,30.813333333333343,32.34900000000002,1.2326666666666664,64.83133333333333,0.000832,0.000862,0.001455,16.624333333333336,1
2760,17932,2025-04-07 12:06:00+00:00,2025-04-07 12:06:00+00:00,21.684516129032268,0.1774193548387097,46.62193548387095,30.63870967741937,30.813225806451616,31.373870967741933,0.5419354838709677,65.9374193548387,0.000742,0.000689,0.000995,15.808709677419332,1
2761,17982,2025-04-07 12:07:06+00:00,2025-04-07 12:07:06+00:00,218.40300000000016,0.2196666666666667,47.55966666666665,238.2663333333333,30.89233333333333,34.151999999999994,2.685000000000001,62.06699999999999,0.001017,0.001194,0.002387,16.667333333333325,1
2762,17987,2025-04-07 12:07:13+00:00,2025-04-07 12:07:13+00:00,206.033870967742,0.2180645161290322,47.77645161290321,226.4809677419356,30.898709677419344,34.04870967741935,2.507419354838709,62.3425806451613,0.000986,0.001197,0.002386,16.877741935483865,1
2763,17990,2025-04-07 12:07:17+00:00,2025-04-07 12:07:17+00:00,195.18281249999995,0.2203125000000001,47.87125,214.3553125,30.92906250000001,33.93125,2.3503125,62.681875000000005,0.000984,0.001141,0.002305,16.942187499999992,1
2764,17991,2025-04-07 12:07:18+00:00,2025-04-07 12:07:18+00:00,191.18342857142855,0.2191428571428572,47.90085714285715,210.92428571428573,30.930857142857157,33.925714285714285,2.300285714285714,62.65885714285713,0.000956,0.001136,0.002262,16.969999999999995,1
2765,18001,2025-04-07 12:07:31+00:00,2025-04-07 12:07:31+00:00,131.03433333333334,0.2126666666666667,47.85466666666667,147.62699999999998,30.924999999999983,33.15599999999999,1.7019999999999995,63.86900000000002,0.000898,0.000957,0.001774,16.92966666666668,1
2766,18005,2025-04-07 12:07:37+00:00,2025-04-07 12:07:37+00:00,99.54419354838709,0.1890322580645161,47.694838709677406,114.71741935483864,30.926774193548383,32.747419354838705,1.3816129032258064,64.56225806451614,0.00087,0.000907,0.001555,16.768064516129023,1
2767,18018,2025-04-07 12:07:54+00:00,2025-04-07 12:07:54+00:00,31.32275862068965,0.1517241379310345,46.89241379310343,40.65620689655173,30.96068965517243,31.681034482758616,0.5306896551724136,65.66275862068964,0.000778,0.000758,0.001074,15.931724137931,1
2768,18021,2025-04-07 12:07:58+00:00,2025-04-07 12:07:58+00:00,22.198965517241376,0.1534482758620689,46.75517241379311,32.86344827586208,30.954827586206907,31.545517241379297,0.5386206896551721,65.97827586206898,0.000755,0.000703,0.000992,15.800344827586198,1
2769,18034,2025-04-07 12:08:15+00:00,2025-04-07 12:08:15+00:00,37.65624999999999,0.1621875,46.45812499999999,48.23812499999999,30.957812500000024,31.595625000000005,0.5299999999999998,65.61562499999998,0.000739,0.00071,0.000883,15.500312499999964,1
2770,18038,2025-04-07 12:08:20+00:00,2025-04-07 12:08:20+00:00,55.447187500000005,0.1803125000000001,46.40125000000002,66.98281250000001,30.94843750000002,31.765937500000007,0.5299999999999998,65.18750000000001,0.000738,0.000667,0.000982,15.4528125,1
2771,18055,2025-04-07 12:08:42+00:00,2025-04-07 12:08:42+00:00,162.3396551724138,0.2103448275862068,46.622413793103455,179.8513793103448,31.01448275862068,33.22103448275862,1.9506896551724136,63.214827586206894,0.000883,0.000886,0.001495,15.607931034482776,1
2772,18077,2025-04-07 12:09:11+00:00,2025-04-07 12:09:11+00:00,211.3741935483871,0.2167741935483872,47.81612903225805,232.34483870967745,31.029677419354822,34.2025806451613,2.585806451612902,62.107741935483865,0.000989,0.001187,0.002385,16.78645161290322,1
2773,18091,2025-04-07 12:09:29+00:00,2025-04-07 12:09:29+00:00,142.35406249999997,0.2037500000000001,48.00812499999999,159.02437500000002,31.026249999999983,33.40375,1.7815624999999995,63.611875000000005,0.00092,0.001009,0.001834,16.981875000000002,1
2774,18117,2025-04-07 12:10:03+00:00,2025-04-07 12:10:03+00:00,19.193666666666665,0.1703333333333333,46.64533333333333,29.39333333333334,31.05466666666667,31.579,0.5476666666666666,65.92400000000002,0.000735,0.000678,0.000939,15.590666666666664,1
2775,18132,2025-04-07 12:10:23+00:00,2025-04-07 12:10:23+00:00,67.30545454545454,0.1678787878787879,46.53363636363635,78.58939393939389,31.07515151515153,32.04060606060606,0.5399999999999996,64.88818181818183,0.000766,0.000746,0.000956,15.45848484848482,1
2776,18133,2025-04-07 12:10:24+00:00,2025-04-07 12:10:24+00:00,72.13612903225807,0.1732258064516129,46.50645161290322,84.13709677419355,31.07129032258062,32.08322580645161,0.5399999999999996,64.90354838709676,0.000836,0.000767,0.001009,15.4351612903226,1
2777,18162,2025-04-07 12:11:02+00:00,2025-04-07 12:11:02+00:00,218.4427586206897,0.2420689655172414,47.549310344827575,239.5958620689654,31.11275862068966,34.34965517241379,2.72448275862069,61.91931034482759,0.00097,0.001149,0.002271,16.436551724137914,1
2778,18163,2025-04-07 12:11:04+00:00,2025-04-07 12:11:04+00:00,219.35516129032263,0.2345161290322581,47.62580645161292,239.8593548387097,31.111935483870973,34.32516129032258,2.7432258064516124,61.90806451612904,0.000995,0.001153,0.002297,16.513870967741944,1
2779,18165,2025-04-07 12:11:06+00:00,2025-04-07 12:11:06+00:00,218.9667741935484,0.2154838709677419,47.68645161290324,238.79096774193545,31.111935483870976,34.35677419354838,2.7209677419354827,62.15387096774193,0.000988,0.001184,0.002361,16.574516129032265,1
2780,18189,2025-04-07 12:11:38+00:00,2025-04-07 12:11:38+00:00,96.93166666666666,0.1773333333333332,47.78666666666665,110.4976666666667,31.162666666666656,32.85233333333334,1.37,64.47700000000002,0.000855,0.000906,0.001564,16.62399999999999,1
2781,18195,2025-04-07 12:11:46+00:00,2025-04-07 12:11:46+00:00,59.45551724137932,0.1882758620689654,47.46758620689655,72.23999999999998,31.16689655172412,32.36551724137932,0.5399999999999996,65.14827586206897,0.00086,0.000839,0.001346,16.300689655172427,1
2782,18219,2025-04-07 12:12:17+00:00,2025-04-07 12:12:17+00:00,42.98709677419353,0.1670967741935484,46.58935483870965,53.56516129032258,31.177096774193544,31.830967741935485,0.5500000000000003,65.42,0.000739,0.000711,0.000916,15.41225806451611,1
2783,18247,2025-04-07 12:12:54+00:00,2025-04-07 12:12:54+00:00,206.2044827586208,0.2058620689655172,47.235517241379306,226.40965517241384,31.19241379310347,34.15310344827587,2.51896551724138,62.27931034482758,0.000924,0.001063,0.001983,16.043103448275836,1
2784,18261,2025-04-07 12:13:13+00:00,2025-04-07 12:13:13+00:00,208.6722580645161,0.2158064516129032,48.00838709677419,227.57161290322583,31.2367741935484,34.39419354838711,2.537419354838709,62.38354838709677,0.000982,0.001178,0.002362,16.771612903225797,1
2785,18262,2025-04-07 12:13:15+00:00,2025-04-07 12:13:15+00:00,202.914375,0.20875,48.07937499999999,222.28343750000008,31.235000000000007,34.36906250000001,2.4637499999999988,62.4634375,0.000984,0.001169,0.002335,16.844374999999978,1
2786,18269,2025-04-07 12:13:24+00:00,2025-04-07 12:13:24+00:00,168.3346875,0.199375,48.17343750000001,185.92593749999995,31.2446875,33.9384375,2.0587499999999994,63.010625000000005,0.000933,0.001082,0.002025,16.92875000000001,1
2787,18281,2025-04-07 12:13:40+00:00,2025-04-07 12:13:40+00:00,87.30848484848487,0.176060606060606,47.81121212121211,102.23818181818184,31.226363636363644,32.8630303030303,1.260303030303031,64.64151515151516,0.000847,0.000887,0.001463,16.584848484848465,1
2788,18289,2025-04-07 12:13:50+00:00,2025-04-07 12:13:50+00:00,44.55933333333332,0.1663333333333334,47.29933333333336,55.29533333333333,31.23566666666667,32.19966666666667,0.5299999999999998,65.50033333333334,0.000798,0.000782,0.001188,16.063666666666688,1
2789,18324,2025-04-07 12:14:36+00:00,2025-04-07 12:14:36+00:00,131.11636363636367,0.1915151515151516,46.76575757575756,145.64939393939392,31.2630303030303,33.07454545454546,1.6618181818181814,63.99757575757575,0.000883,0.000885,0.00138,15.502727272727263,1
2790,18340,2025-04-07 12:14:57+00:00,2025-04-07 12:14:57+00:00,213.68968749999996,0.2181249999999999,47.361875,232.9040625,31.29937499999998,34.3625,2.59875,62.3478125,0.000956,0.001115,0.0021,16.062500000000018,1
2791,18375,2025-04-07 12:15:43+00:00,2025-04-07 12:15:43+00:00,73.47535714285716,0.1710714285714285,47.69107142857143,86.6257142857143,31.33000000000001,32.73678571428571,0.6214285714285713,64.97571428571429,0.000879,0.000846,0.001464,16.361071428571424,1
2792,18402,2025-04-07 12:16:18+00:00,2025-04-07 12:16:18+00:00,46.20433333333333,0.1799999999999999,46.70066666666667,56.65999999999998,31.36500000000001,32.05933333333333,0.5503333333333337,65.28566666666663,0.000728,0.0007,0.000928,15.335666666666665,1
2793,18442,2025-04-07 12:17:11+00:00,2025-04-07 12:17:11+00:00,213.114,0.2300000000000001,48.01366666666666,233.3456666666666,31.385666666666665,34.64,2.640000000000001,62.33566666666665,0.000974,0.001192,0.002394,16.627999999999997,1
2794,18445,2025-04-07 12:17:15+00:00,2025-04-07 12:17:15+00:00,203.70312500000009,0.1896875,48.2134375,222.35218750000004,31.414374999999986,34.53625,2.4999999999999987,62.35625,0.001065,0.001208,0.002386,16.799062500000016,1
2795,18473,2025-04-07 12:17:51+00:00,2025-04-07 12:17:51+00:00,42.02233333333334,0.1683333333333334,47.40333333333332,54.008,31.45200000000002,32.358,0.5399999999999996,65.41266666666665,0.000789,0.000772,0.001178,15.951333333333302,1
2796,18493,2025-04-07 12:18:18+00:00,2025-04-07 12:18:18+00:00,44.62774193548385,0.1822580645161291,46.6925806451613,55.88354838709678,31.446774193548396,32.12967741935484,0.5441935483870965,65.45129032258066,0.000726,0.000721,0.000869,15.245806451612909,1
2797,18520,2025-04-07 12:18:53+00:00,2025-04-07 12:18:53+00:00,201.35735294117637,0.2138235294117646,47.338823529411776,221.44470588235288,31.47088235294118,34.323823529411776,2.4794117647058824,62.36794117647058,0.000973,0.001042,0.001931,15.867941176470596,1
2798,18537,2025-04-07 12:19:15+00:00,2025-04-07 12:19:15+00:00,204.201,0.2103333333333333,48.287333333333336,223.75900000000004,31.5,34.64166666666666,2.526666666666666,62.444333333333326,0.001021,0.0012,0.002412,16.787333333333336,1
2799,18559,2025-04-07 12:19:44+00:00,2025-04-07 12:19:44+00:00,70.84281250000002,0.166875,47.836562500000014,83.21906249999999,31.514687499999997,32.906562499999986,0.5600000000000002,65.028125,0.000902,0.00085,0.001445,16.32187500000002,1
2800,18565,2025-04-07 12:19:52+00:00,2025-04-07 12:19:52+00:00,39.33870967741935,0.1680645161290322,47.43161290322581,50.40193548387096,31.50838709677419,32.3867741935484,0.5580645161290326,65.54322580645162,0.00086,0.000779,0.001204,15.923225806451622,1
2801,18593,2025-04-07 12:20:30+00:00,2025-04-07 12:20:30+00:00,97.23166666666664,0.1636666666666666,46.864,110.46766666666667,31.54066666666665,32.871666666666655,1.346,64.27033333333333,0.000828,0.000821,0.001162,15.323333333333355,1
2802,18599,2025-04-07 12:20:38+00:00,2025-04-07 12:20:38+00:00,137.27612903225804,0.1870967741935484,46.97580645161291,154.25032258064513,31.54354838709675,33.48032258064515,1.7564516129032264,63.50741935483872,0.000906,0.000867,0.001442,15.432258064516162,1
2803,18630,2025-04-07 12:21:20+00:00,2025-04-07 12:21:20+00:00,188.3213333333333,0.2096666666666667,48.41466666666667,207.74600000000004,31.59466666666668,34.57266666666667,2.280333333333333,62.79833333333334,0.00096,0.001162,0.002246,16.819999999999993,1
2804,18635,2025-04-07 12:21:26+00:00,2025-04-07 12:21:26+00:00,161.52424242424243,0.1933333333333333,48.42484848484851,179.14272727272729,31.59484848484849,34.220909090909096,2.0109090909090908,63.370000000000026,0.000935,0.001079,0.002017,16.830000000000016,1
2805,18642,2025-04-07 12:21:35+00:00,2025-04-07 12:21:35+00:00,116.57093750000004,0.2087500000000001,48.2175,133.1359375,31.599375000000013,33.60375,1.5975000000000008,64.2321875,0.000911,0.000945,0.001692,16.61812499999998,1
2806,18648,2025-04-07 12:21:43+00:00,2025-04-07 12:21:43+00:00,75.998125,0.1865625,47.941250000000025,89.46687500000002,31.583437500000013,33.068437499999995,0.8153125000000001,64.848125,0.000916,0.000875,0.001481,16.357812500000012,1
2807,18659,2025-04-07 12:21:58+00:00,2025-04-07 12:21:58+00:00,25.16870967741936,0.16,47.26161290322583,35.34322580645162,31.59064516129033,32.2641935483871,0.5512903225806456,65.83612903225804,0.000782,0.000723,0.001003,15.670967741935502,1
2808,18672,2025-04-07 12:22:15+00:00,2025-04-07 12:22:15+00:00,34.19620689655173,0.1672413793103448,46.84310344827585,44.73620689655173,31.59413793103449,32.167241379310354,0.5496551724137935,65.72241379310343,0.000846,0.000684,0.000927,15.248965517241356,1
2809,18695,2025-04-07 12:22:45+00:00,2025-04-07 12:22:45+00:00,171.6993548387096,0.2180645161290323,47.19096774193549,189.43258064516127,31.650322580645145,34.0316129032258,2.115806451612904,63.000322580645175,0.000893,0.00096,0.001628,15.540645161290342,1
2810,18707,2025-04-07 12:23:01+00:00,2025-04-07 12:23:01+00:00,217.71774193548384,0.2090322580645162,47.84709677419355,237.55774193548385,31.64225806451612,34.86129032258064,2.7561290322580647,61.86935483870969,0.000946,0.001203,0.002286,16.204838709677432,1
2811,18718,2025-04-07 12:23:15+00:00,2025-04-07 12:23:15+00:00,204.93689655172415,0.2258620689655172,48.37586206896552,224.17137931034483,31.6848275862069,34.8303448275862,2.571379310344827,62.35448275862069,0.000969,0.001204,0.002403,16.691034482758617,1
2812,18763,2025-04-07 12:24:14+00:00,2025-04-07 12:24:14+00:00,31.3841935483871,0.1619354838709678,46.96967741935484,41.25806451612903,31.709032258064536,32.277741935483874,0.5500000000000003,65.64096774193548,0.000715,0.000712,0.001015,15.260645161290302,1
2813,18765,2025-04-07 12:24:17+00:00,2025-04-07 12:24:17+00:00,40.14147058823529,0.1573529411764706,46.88852941176471,49.35529411764705,31.70176470588237,32.32676470588234,0.5558823529411768,65.53558823529411,0.000718,0.000692,0.000918,15.18676470588234,1
2814,18835,2025-04-07 12:25:50+00:00,2025-04-07 12:25:50+00:00,47.54454545454546,0.1666666666666666,47.74515151515151,59.21969696969697,31.77939393939393,32.81575757575758,0.5551515151515152,65.36242424242423,0.000859,0.000808,0.001292,15.965757575757571,1
2815,18845,2025-04-07 12:26:03+00:00,2025-04-07 12:26:03+00:00,20.65225806451613,0.1509677419354839,47.17354838709678,29.173870967741937,31.76548387096773,32.34645161290323,0.5619354838709679,66.02161290322583,0.000746,0.000683,0.000976,15.408064516129048,1
2816,18852,2025-04-07 12:26:13+00:00,2025-04-07 12:26:13+00:00,28.67827586206897,0.1424137931034483,46.96655172413794,37.54655172413793,31.775862068965505,32.309999999999995,0.5568965517241382,65.85655172413796,0.000713,0.000735,0.000953,15.190689655172442,1
2817,18860,2025-04-07 12:26:24+00:00,2025-04-07 12:26:24+00:00,66.37941176470589,0.185,46.9908823529412,77.69558823529412,31.79294117647057,32.73176470588236,0.5500000000000003,65.24411764705881,0.000752,0.000748,0.000994,15.197941176470628,1
2818,18870,2025-04-07 12:26:37+00:00,2025-04-07 12:26:37+00:00,130.15031249999998,0.1878125,47.07,146.27124999999998,31.791562499999984,33.58874999999999,1.712499999999999,63.9125,0.000895,0.000909,0.00142,15.278437500000017,1
2819,18888,2025-04-07 12:27:01+00:00,2025-04-07 12:27:01+00:00,217.57903225806453,0.2358064516129034,47.898387096774194,238.2935483870968,31.821612903225823,34.975161290322575,2.792903225806452,62.016129032258064,0.000933,0.001131,0.002277,16.07677419354837,1
2820,18899,2025-04-07 12:27:15+00:00,2025-04-07 12:27:15+00:00,205.80258064516127,0.2096774193548387,48.50548387096773,225.5545161290323,31.82258064516129,35.03387096774194,2.5912903225806456,62.2851612903226,0.000968,0.001212,0.002435,16.682903225806438,1
2821,18921,2025-04-07 12:27:44+00:00,2025-04-07 12:27:44+00:00,74.03774193548391,0.154516129032258,48.07064516129031,86.4658064516129,31.87870967741935,33.28161290322581,0.6132258064516131,65.0667741935484,0.000872,0.000861,0.001549,16.191935483870957,1
2822,18926,2025-04-07 12:27:52+00:00,2025-04-07 12:27:52+00:00,41.930625000000006,0.18125,47.724687500000016,52.89062499999999,31.87375,32.82625,0.5600000000000002,65.52718750000001,0.000784,0.000781,0.001234,15.850937500000017,1
2823,18927,2025-04-07 12:27:53+00:00,2025-04-07 12:27:53+00:00,38.29312500000002,0.173125,47.6665625,49.92781250000002,31.8778125,32.72656249999999,0.5671875000000001,65.64000000000001,0.000792,0.000802,0.001188,15.78875,1
2824,18945,2025-04-07 12:28:18+00:00,2025-04-07 12:28:18+00:00,41.60451612903225,0.1435483870967741,47.027096774193566,52.35580645161293,31.8683870967742,32.57258064516128,0.5600000000000002,65.47451612903224,0.000738,0.000752,0.000917,15.158709677419369,1
2825,18953,2025-04-07 12:28:28+00:00,2025-04-07 12:28:28+00:00,84.50375,0.195,47.10125,97.94031250000003,31.91249999999999,33.08062500000001,1.2662500000000003,64.71625,0.000789,0.000779,0.001109,15.18875000000001,1
2826,19026,2025-04-07 12:30:04+00:00,2025-04-07 12:30:04+00:00,19.4658064516129,0.1606451612903225,47.31354838709677,28.70967741935484,31.97064516129033,32.47870967741937,0.5500000000000003,66.01935483870969,0.000846,0.000665,0.00096,15.342903225806438,1
2827,19033,2025-04-07 12:30:13+00:00,2025-04-07 12:30:13+00:00,28.116451612903223,0.1670967741935484,47.0941935483871,37.286774193548375,31.991612903225818,32.544838709677435,0.5519354838709679,65.7083870967742,0.000688,0.000715,0.000914,15.102580645161286,1
2828,19035,2025-04-07 12:30:16+00:00,2025-04-07 12:30:16+00:00,35.217741935483865,0.1719354838709677,47.128387096774176,45.54580645161289,31.985161290322587,32.5925806451613,0.5525806451612904,65.77741935483873,0.000727,0.000669,0.000922,15.14322580645159,1
2829,19039,2025-04-07 12:30:21+00:00,2025-04-07 12:30:21+00:00,51.87451612903227,0.1699999999999999,47.08354838709676,62.952903225806445,31.98774193548388,32.78032258064515,0.5538709677419359,65.31612903225806,0.000734,0.00072,0.000945,15.095806451612871,1
2830,19061,2025-04-07 12:30:50+00:00,2025-04-07 12:30:50+00:00,189.2453333333333,0.2173333333333333,47.58266666666669,207.31766666666667,31.99900000000001,34.71866666666667,2.341333333333334,62.59866666666667,0.000913,0.000978,0.001824,15.583666666666684,1
2831,19065,2025-04-07 12:30:55+00:00,2025-04-07 12:30:55+00:00,205.189,0.2186666666666666,47.74566666666668,224.50333333333327,32.03233333333332,34.974999999999994,2.5716666666666668,62.19099999999999,0.000939,0.001079,0.002055,15.71333333333336,1
2832,19086,2025-04-07 12:31:24+00:00,2025-04-07 12:31:24+00:00,173.85599999999994,0.2216666666666667,48.75733333333334,193.35466666666667,32.05866666666666,34.87533333333333,2.201,63.12133333333336,0.000934,0.001146,0.002214,16.698666666666682,1
2833,19109,2025-04-07 12:31:58+00:00,2025-04-07 12:31:58+00:00,26.42096774193548,0.1674193548387097,47.64838709677421,36.107741935483865,32.07580645161292,32.76483870967743,0.5696774193548388,65.84612903225806,0.000756,0.000725,0.001063,15.572580645161288,1
2834,19112,2025-04-07 12:32:02+00:00,2025-04-07 12:32:02+00:00,21.186333333333334,0.1353333333333333,47.429,28.963,32.09300000000001,32.65,0.5600000000000003,65.901,0.000766,0.000683,0.001033,15.335999999999991,1
2835,19126,2025-04-07 12:32:20+00:00,2025-04-07 12:32:20+00:00,47.8803125,0.1690625,47.1875,58.95250000000001,32.12312500000001,32.841875,0.5500000000000003,65.236875,0.000731,0.000679,0.001048,15.064374999999991,1
2836,19138,2025-04-07 12:32:36+00:00,2025-04-07 12:32:36+00:00,123.47000000000004,0.1869999999999999,47.292000000000016,137.9426666666667,32.11433333333334,33.83966666666666,1.6446666666666658,63.941666666666656,0.000854,0.000873,0.001421,15.177666666666674,1
2837,19172,2025-04-07 12:33:21+00:00,2025-04-07 12:33:21+00:00,187.4184375,0.2109375,48.814374999999984,207.04031250000008,32.16093749999998,35.0975,2.3528125,62.74968749999998,0.000939,0.00117,0.002334,16.653437500000003,1
2838,19218,2025-04-07 12:34:21+00:00,2025-04-07 12:34:21+00:00,51.55400000000001,0.1763333333333333,47.252333333333326,62.05866666666666,32.21633333333336,32.99866666666666,0.5633333333333336,65.1696666666667,0.000738,0.000732,0.001014,15.035999999999966,1
2839,19248,2025-04-07 12:35:00+00:00,2025-04-07 12:35:00+00:00,214.73392857142863,0.2225,48.15785714285714,235.92821428571432,32.24357142857142,35.382499999999986,2.7575000000000003,62.05535714285717,0.000944,0.001149,0.002232,15.914285714285718,1
2840,19257,2025-04-07 12:35:12+00:00,2025-04-07 12:35:12+00:00,214.036,0.2093333333333333,48.688,233.92866666666663,32.264999999999986,35.51633333333334,2.750999999999999,62.056333333333335,0.00102,0.001238,0.002477,16.42300000000001,1
2841,19279,2025-04-07 12:35:41+00:00,2025-04-07 12:35:41+00:00,90.68233333333336,0.1789999999999999,48.526,105.282,32.28466666666665,33.93366666666666,1.3396666666666663,64.61600000000003,0.000872,0.000937,0.001582,16.24133333333335,1
2842,19280,2025-04-07 12:35:42+00:00,2025-04-07 12:35:42+00:00,85.89818181818181,0.1645454545454545,48.453939393939415,99.60939393939395,32.28606060606059,33.875757575757575,1.2918181818181824,64.8672727272727,0.000876,0.000883,0.001523,16.167878787878827,1
2843,19285,2025-04-07 12:35:49+00:00,2025-04-07 12:35:49+00:00,54.53387096774193,0.172258064516129,48.25322580645162,66.84774193548385,32.28580645161289,33.47193548387097,0.5516129032258066,65.19516129032257,0.000844,0.000829,0.00137,15.967419354838723,1
2844,19317,2025-04-07 12:36:31+00:00,2025-04-07 12:36:31+00:00,96.39612903225806,0.1941935483870967,47.361612903225776,109.57419354838709,32.30870967741934,33.69645161290323,1.363870967741936,64.44612903225806,0.000804,0.000791,0.001222,15.05290322580644,1
2845,19322,2025-04-07 12:36:37+00:00,2025-04-07 12:36:37+00:00,126.97875,0.201875,47.46656250000001,142.19968749999998,32.30656249999999,34.1078125,1.6868749999999997,63.6771875,0.000868,0.00087,0.001479,15.160000000000018,1
2846,19325,2025-04-07 12:36:41+00:00,2025-04-07 12:36:41+00:00,147.84749999999994,0.2093750000000001,47.55468749999999,164.17437499999997,32.344375000000014,34.4240625,1.8965624999999997,63.52125,0.000878,0.000901,0.001529,15.21031249999998,1
2847,19329,2025-04-07 12:36:46+00:00,2025-04-07 12:36:46+00:00,170.6202941176471,0.1876470588235294,47.605294117647055,187.5326470588236,32.33617647058824,34.74029411764706,2.138823529411765,62.982941176470575,0.000869,0.000933,0.001651,15.269117647058811,1
2848,19439,2025-04-07 12:39:12+00:00,2025-04-07 12:39:12+00:00,213.480606060606,0.2172727272727273,48.78272727272726,234.25272727272724,32.49939393939394,35.74000000000001,2.7433333333333345,62.14636363636361,0.000982,0.001211,0.002508,16.283333333333317,1
2849,19445,2025-04-07 12:39:20+00:00,2025-04-07 12:39:20+00:00,193.70375000000004,0.21375,49.03843749999999,212.47687500000004,32.4909375,35.5353125,2.434375,62.48781249999999,0.000951,0.001183,0.002379,16.547499999999985,1
2850,19452,2025-04-07 12:39:29+00:00,2025-04-07 12:39:29+00:00,153.65933333333336,0.2026666666666666,49.02899999999999,171.47633333333334,32.51966666666666,35.05566666666667,2.0013333333333323,63.45133333333335,0.000926,0.001058,0.002031,16.50933333333333,1
2851,19459,2025-04-07 12:39:38+00:00,2025-04-07 12:39:38+00:00,107.45781250000002,0.1771874999999999,48.7853125,122.575625,32.51687499999999,34.468750000000014,1.5328124999999997,64.346875,0.000877,0.000919,0.001686,16.26843750000001,1
2852,19462,2025-04-07 12:39:42+00:00,2025-04-07 12:39:42+00:00,87.65333333333332,0.1623333333333332,48.635000000000026,100.97366666666666,32.521333333333324,34.138000000000005,1.3269999999999995,64.81233333333331,0.000867,0.000906,0.001548,16.113666666666703,1
2853,19475,2025-04-07 12:39:59+00:00,2025-04-07 12:39:59+00:00,25.7665625,0.1775,47.88749999999998,35.7515625,32.54593749999999,33.18749999999999,0.5500000000000003,65.8475,0.000752,0.000734,0.001071,15.341562499999997,1
2854,19481,2025-04-07 12:40:07+00:00,2025-04-07 12:40:07+00:00,19.355806451612903,0.1551612903225806,47.59516129032259,28.710967741935477,32.56,33.05419354838709,0.5500000000000003,66.0125806451613,0.000704,0.000667,0.001029,15.035161290322584,1
2855,19483,2025-04-07 12:40:10+00:00,2025-04-07 12:40:10+00:00,22.28451612903225,0.1654838709677419,47.52903225806452,31.39064516129033,32.58354838709678,33.03225806451612,0.5500000000000003,65.9058064516129,0.000742,0.000692,0.001025,14.945483870967736,1
2856,19486,2025-04-07 12:40:14+00:00,2025-04-07 12:40:14+00:00,28.8358064516129,0.1625806451612903,47.48193548387099,37.75483870967744,32.5751612903226,33.10387096774193,0.5500000000000003,65.69193548387095,0.000688,0.000679,0.000995,14.906774193548394,1
2857,19493,2025-04-07 12:40:23+00:00,2025-04-07 12:40:23+00:00,57.90516129032257,0.1751612903225807,47.44129032258067,68.18774193548386,32.57322580645161,33.40258064516128,0.5503225806451616,65.16290322580646,0.000745,0.000713,0.001043,14.86806451612906,1
2858,19494,2025-04-07 12:40:24+00:00,2025-04-07 12:40:24+00:00,60.94875,0.1690624999999999,47.51906250000002,71.96312500000002,32.57375,33.531249999999986,0.5593750000000002,65.03093749999998,0.000757,0.000718,0.001098,14.94531250000002,1
2859,19497,2025-04-07 12:40:28+00:00,2025-04-07 12:40:28+00:00,78.82857142857145,0.1778571428571429,47.50892857142856,91.9107142857143,32.58178571428573,33.711071428571415,1.204642857142857,64.61964285714286,0.000803,0.000755,0.001126,14.927142857142826,1
2860,19503,2025-04-07 12:40:36+00:00,2025-04-07 12:40:36+00:00,120.211724137931,0.1737931034482759,47.59068965517242,134.07,32.60689655172415,34.24103448275862,1.6241379310344823,64.00379310344832,0.000873,0.000848,0.001428,14.98379310344827,1
2861,19519,2025-04-07 12:40:57+00:00,2025-04-07 12:40:57+00:00,208.39,0.24,48.212903225806464,228.24645161290331,32.61967741935484,35.623870967741944,2.642258064516129,62.184193548387086,0.000945,0.001113,0.002116,15.593225806451628,1
2862,19526,2025-04-07 12:41:06+00:00,2025-04-07 12:41:06+00:00,219.56620689655173,0.2286206896551724,48.64034482758621,239.8479310344827,32.63758620689654,35.86517241379312,2.848275862068965,62.04068965517242,0.000959,0.001169,0.002441,16.00275862068967,1
2863,19530,2025-04-07 12:41:11+00:00,2025-04-07 12:41:11+00:00,216.0343333333333,0.2333333333333334,48.845333333333336,236.61999999999995,32.65966666666665,35.88066666666666,2.7900000000000014,62.03799999999999,0.00096,0.001227,0.002513,16.185666666666684,1
2864,19534,2025-04-07 12:41:16+00:00,2025-04-07 12:41:16+00:00,206.2228125000001,0.2175,49.03781249999997,225.4818750000001,32.66124999999999,35.81718750000002,2.620624999999998,62.30218750000004,0.000968,0.001206,0.002482,16.376562499999984,1
2865,19535,2025-04-07 12:41:18+00:00,2025-04-07 12:41:18+00:00,200.3596774193548,0.2235483870967743,49.07193548387095,219.3961290322581,32.66483870967741,35.73967741935483,2.5325806451612918,62.34935483870967,0.000963,0.001199,0.002454,16.40709677419354,1
2866,19543,2025-04-07 12:41:28+00:00,2025-04-07 12:41:28+00:00,160.12806451612906,0.2106451612903226,49.15354838709678,177.54903225806456,32.654838709677406,35.25483870967741,2.047096774193549,63.217741935483886,0.000924,0.001074,0.002085,16.49870967741937,1
2867,19554,2025-04-07 12:41:43+00:00,2025-04-07 12:41:43+00:00,83.69096774193548,0.1690322580645162,48.75967741935485,97.58645161290325,32.66999999999998,34.239677419354834,1.290967741935484,64.6006451612903,0.000851,0.000878,0.001558,16.089677419354864,1
2868,19565,2025-04-07 12:41:57+00:00,2025-04-07 12:41:57+00:00,30.523125000000007,0.1728125000000001,48.0596875,39.72468750000001,32.68937499999999,33.4559375,0.5537500000000003,65.705,0.000808,0.000762,0.001159,15.370312500000011,1
2869,19581,2025-04-07 12:42:19+00:00,2025-04-07 12:42:19+00:00,41.62199999999999,0.155,47.549666666666674,51.67566666666666,32.685,33.36600000000001,0.5500000000000003,65.33433333333335,0.000711,0.000711,0.000982,14.864666666666672,1
2870,19600,2025-04-07 12:42:44+00:00,2025-04-07 12:42:44+00:00,160.3532352941177,0.21,47.79058823529411,176.5588235294117,32.699411764705886,34.89911764705883,2.01,63.26470588235296,0.000872,0.000916,0.001583,15.091176470588223,1
2871,19615,2025-04-07 12:43:04+00:00,2025-04-07 12:43:04+00:00,217.6584374999999,0.2209375,48.564999999999976,239.406875,32.72937500000001,35.91843750000001,2.822812500000001,61.90625000000002,0.000964,0.001168,0.002372,15.835624999999965,1
2872,19636,2025-04-07 12:43:31+00:00,2025-04-07 12:43:31+00:00,145.66096774193545,0.184516129032258,49.15451612903227,162.81677419354838,32.75645161290322,35.1458064516129,1.9103225806451605,63.56129032258063,0.000923,0.001019,0.001958,16.398064516129047,1
2873,19671,2025-04-07 12:44:19+00:00,2025-04-07 12:44:19+00:00,41.74969696969698,0.1669696969696969,47.604848484848496,51.11757575757576,32.80242424242424,33.487575757575755,0.5412121212121209,65.64545454545456,0.000717,0.000705,0.000927,14.80242424242426,1
2874,19704,2025-04-07 12:45:02+00:00,2025-04-07 12:45:02+00:00,217.03968750000004,0.2159375000000001,48.56218749999999,236.8253125,32.822187500000005,35.976250000000014,2.803749999999998,61.873437500000016,0.000945,0.001143,0.002349,15.73999999999998,1
2875,19712,2025-04-07 12:45:14+00:00,2025-04-07 12:45:14+00:00,211.03606060606057,0.226969696969697,49.104242424242415,231.42363636363632,32.81848484848487,36.03393939393938,2.7187878787878788,62.11363636363635,0.000988,0.001236,0.00256,16.285757575757543,1
2876,19733,2025-04-07 12:45:41+00:00,2025-04-07 12:45:41+00:00,95.25124999999998,0.185,48.937500000000014,109.47781250000004,32.860625000000006,34.59968749999998,1.4109375,64.47125000000001,0.000896,0.000922,0.001656,16.07687500000001,1
2877,19759,2025-04-07 12:46:17+00:00,2025-04-07 12:46:17+00:00,34.977999999999994,0.1666666666666667,47.69066666666668,44.44233333333333,32.89499999999999,33.46666666666666,0.5600000000000003,65.59333333333333,0.000706,0.000695,0.000975,14.79566666666669,1
2878,19791,2025-04-07 12:46:59+00:00,2025-04-07 12:46:59+00:00,211.53484848484848,0.2133333333333333,48.48545454545456,231.740606060606,32.94000000000001,35.9930303030303,2.7169696969696977,62.12909090909091,0.000923,0.001111,0.002205,15.545454545454549,1
2879,19805,2025-04-07 12:47:17+00:00,2025-04-07 12:47:17+00:00,203.91687500000003,0.2165625000000001,49.30343750000001,224.1315625,32.94468750000001,36.11968749999999,2.62375,62.34906250000002,0.000959,0.00123,0.002505,16.35875,1
2880,19844,2025-04-07 12:48:08+00:00,2025-04-07 12:48:08+00:00,20.34551724137931,0.1531034482758621,47.91137931034481,28.59,32.98758620689656,33.47724137931035,0.5613793103448279,66.10586206896551,0.000763,0.000686,0.000957,14.923793103448254,1
2881,19847,2025-04-07 12:48:12+00:00,2025-04-07 12:48:12+00:00,24.1071875,0.1609374999999999,47.80499999999999,33.1415625,32.97406250000001,33.503125,0.5615625000000003,65.81843750000002,0.000714,0.000707,0.000967,14.830937499999983,1
2882,19859,2025-04-07 12:48:28+00:00,2025-04-07 12:48:28+00:00,76.89758620689655,0.1689655172413793,47.7748275862069,88.0234482758621,33.01931034482759,34.043103448275865,0.9696551724137936,64.85448275862069,0.000831,0.000782,0.001117,14.755517241379309,1
2883,19880,2025-04-07 12:48:55+00:00,2025-04-07 12:48:55+00:00,202.11806451612904,0.2193548387096775,48.37387096774192,220.51032258064524,33.01387096774192,35.84677419354839,2.558387096774194,62.21903225806453,0.000926,0.001071,0.002059,15.36,1
2884,19907,2025-04-07 12:49:31+00:00,2025-04-07 12:49:31+00:00,147.49733333333333,0.1996666666666667,49.41366666666669,164.44399999999996,33.04266666666664,35.459999999999994,1.9426666666666668,63.54866666666667,0.000908,0.001071,0.002039,16.371000000000052,1
2885,19914,2025-04-07 12:49:40+00:00,2025-04-07 12:49:40+00:00,102.26969696969698,0.1878787878787879,49.132121212121234,116.6054545454546,33.036666666666655,34.83757575757575,1.5027272727272725,64.5442424242424,0.000866,0.000931,0.001767,16.09545454545458,1
2886,19915,2025-04-07 12:49:41+00:00,2025-04-07 12:49:41+00:00,96.39874999999998,0.1884374999999999,49.10812500000003,110.36937499999996,33.029687499999994,34.8146875,1.435,64.56031250000001,0.000871,0.00095,0.001662,16.078437500000035,1
2887,19929,2025-04-07 12:49:59+00:00,2025-04-07 12:49:59+00:00,28.038787878787875,0.17,48.27848484848487,38.2348484848485,33.03909090909089,33.72787878787879,0.5633333333333335,65.86,0.000799,0.00076,0.001102,15.239393939393976,1
2888,19993,2025-04-07 12:51:25+00:00,2025-04-07 12:51:25+00:00,176.38172413793114,0.1813793103448276,49.4996551724138,195.77482758620687,33.148965517241365,35.96034482758621,2.2579310344827586,62.852758620689656,0.000941,0.001158,0.002325,16.35068965517243,1
2889,20002,2025-04-07 12:51:36+00:00,2025-04-07 12:51:36+00:00,123.3631034482759,0.183448275862069,49.36655172413796,139.41724137931033,33.152413793103435,35.25896551724139,1.7124137931034489,64.02413793103449,0.000896,0.000968,0.001892,16.21413793103452,1
2890,20021,2025-04-07 12:52:01+00:00,2025-04-07 12:52:01+00:00,23.83645161290323,0.1716129032258064,48.26258064516128,34.08612903225807,33.18870967741934,33.76580645161291,0.566774193548387,65.71870967741935,0.000762,0.000734,0.001117,15.07387096774194,1
2891,20029,2025-04-07 12:52:13+00:00,2025-04-07 12:52:13+00:00,23.871428571428574,0.1521428571428571,47.93785714285715,32.630357142857136,33.15678571428571,33.652857142857144,0.5521428571428575,66.20107142857145,0.000715,0.000759,0.000995,14.781071428571437,1
2892,20037,2025-04-07 12:52:24+00:00,2025-04-07 12:52:24+00:00,57.57062499999999,0.178125,47.87125000000001,68.91156250000003,33.18812500000001,33.98468750000001,0.5537500000000003,65.0584375,0.00075,0.000715,0.00103,14.683125000000004,1
2893,20039,2025-04-07 12:52:26+00:00,2025-04-07 12:52:26+00:00,66.31741935483873,0.1745161290322581,47.91645161290323,77.72709677419356,33.196129032258085,34.16258064516129,0.5612903225806454,65.00258064516129,0.000753,0.000749,0.0011,14.720322580645146,1
2894,20075,2025-04-07 12:53:15+00:00,2025-04-07 12:53:15+00:00,211.33749999999992,0.210625,49.436250000000015,229.9581250000001,33.217500000000015,36.47281250000001,2.7259374999999992,61.9590625,0.000991,0.001239,0.002607,16.21875,1
2895,20092,2025-04-07 12:53:37+00:00,2025-04-07 12:53:37+00:00,119.2473333333333,0.178,49.38266666666666,135.1746666666667,33.25066666666667,35.266666666666666,1.6683333333333326,64.084,0.000922,0.000984,0.001875,16.13199999999999,1
2896,20099,2025-04-07 12:53:46+00:00,2025-04-07 12:53:46+00:00,73.63655172413792,0.17,49.04310344827584,86.48241379310342,33.25482758620689,34.65862068965519,1.046206896551724,64.96551724137933,0.000886,0.000886,0.001624,15.78827586206895,1
2897,20110,2025-04-07 12:54:01+00:00,2025-04-07 12:54:01+00:00,24.250625000000003,0.1459374999999999,48.3215625,34.35624999999999,33.2528125,33.88062500000001,0.5481250000000003,65.9471875,0.000772,0.000776,0.00111,15.06875,1
2898,20117,2025-04-07 12:54:11+00:00,2025-04-07 12:54:11+00:00,21.883636363636363,0.156060606060606,48.039393939393925,30.843636363636367,33.25151515151515,33.71818181818181,0.5478787878787883,65.97909090909093,0.000698,0.000733,0.001011,14.787878787878777,1
2899,20136,2025-04-07 12:54:36+00:00,2025-04-07 12:54:36+00:00,114.26812499999998,0.174375,48.03093749999999,128.54031250000006,33.2590625,34.85656250000001,1.5740625,64.00843750000001,0.000853,0.00086,0.001461,14.771874999999994,1
2900,20158,2025-04-07 12:55:05+00:00,2025-04-07 12:55:05+00:00,219.31310344827585,0.2327586206896551,48.97413793103448,239.0724137931034,33.28586206896551,36.46724137931036,2.866551724137932,62.05896551724135,0.000974,0.001176,0.002476,15.688275862068975,1
2901,20182,2025-04-07 12:55:36+00:00,2025-04-07 12:55:36+00:00,125.38000000000004,0.1916129032258064,49.44419354838711,141.67000000000002,33.287096774193536,35.42967741935483,1.730967741935484,63.80129032258064,0.000904,0.000997,0.001928,16.157096774193576,1
2902,20204,2025-04-07 12:56:08+00:00,2025-04-07 12:56:08+00:00,20.190588235294115,0.1585294117647059,48.18588235294119,28.615,33.32176470588234,33.82264705882352,0.5399999999999996,65.86352941176472,0.000733,0.000698,0.001043,14.864117647058857,1
2903,20218,2025-04-07 12:56:26+00:00,2025-04-07 12:56:26+00:00,63.70741935483873,0.1619354838709677,48.01645161290322,75.23774193548387,33.341935483870984,34.285161290322584,0.5419354838709677,65.03,0.00075,0.000751,0.001128,14.674516129032234,1
2904,20253,2025-04-07 12:57:12+00:00,2025-04-07 12:57:12+00:00,216.4893333333334,0.2159999999999999,49.382333333333335,236.381,33.38466666666666,36.65300000000001,2.844,61.91899999999999,0.000985,0.001233,0.002612,15.997666666666674,1
2905,20255,2025-04-07 12:57:15+00:00,2025-04-07 12:57:15+00:00,210.240625,0.215,49.476250000000014,231.79031250000008,33.3725,36.581875,2.764375,62.181875000000026,0.00098,0.001232,0.002613,16.103750000000012,1
2906,20283,2025-04-07 12:57:51+00:00,2025-04-07 12:57:51+00:00,53.4825,0.164375,48.9771875,64.76562500000001,33.40906249999999,34.50468750000001,0.5262499999999999,65.31781250000002,0.00082,0.000821,0.001541,15.568125000000007,1
2907,20295,2025-04-07 12:58:08+00:00,2025-04-07 12:58:08+00:00,20.785333333333337,0.1643333333333333,48.23966666666667,28.88266666666665,33.39199999999999,33.92866666666667,0.521333333333333,65.85233333333333,0.000695,0.000686,0.001067,14.847666666666685,1
2908,20304,2025-04-07 12:58:20+00:00,2025-04-07 12:58:20+00:00,41.17766666666668,0.17,48.04933333333332,51.23500000000001,33.42566666666665,34.02166666666667,0.5199999999999997,65.54666666666667,0.000704,0.000723,0.001032,14.623666666666663,1
2909,20315,2025-04-07 12:58:35+00:00,2025-04-07 12:58:35+00:00,107.53964285714284,0.1689285714285714,48.14892857142856,119.69071428571426,33.43607142857144,34.90035714285715,1.475357142857143,64.19642857142857,0.000814,0.000838,0.001412,14.712857142857125,1
2910,20376,2025-04-07 12:59:54+00:00,2025-04-07 12:59:54+00:00,43.47441176470588,0.1635294117647059,48.82705882352939,54.07647058823528,33.498823529411766,34.4135294117647,0.511470588235294,65.40029411764706,0.000827,0.000818,0.001294,15.328235294117626,1
2911,20392,2025-04-07 13:00:15+00:00,2025-04-07 13:00:15+00:00,27.362333333333325,0.1586666666666666,48.107333333333344,35.63099999999999,33.48966666666667,33.989,0.5099999999999999,65.82600000000001,0.000688,0.0007,0.001027,14.617666666666672,1
2912,20409,2025-04-07 13:00:38+00:00,2025-04-07 13:00:38+00:00,122.17633333333332,0.1829999999999999,48.212666666666685,136.0703333333333,33.52333333333332,35.14133333333334,1.6339999999999997,63.87100000000001,0.000838,0.00092,0.001527,14.689333333333366,1
2913,20413,2025-04-07 13:00:43+00:00,2025-04-07 13:00:43+00:00,148.16392857142858,0.1864285714285714,48.38607142857141,163.73000000000005,33.52214285714285,35.53892857142857,1.8921428571428565,63.347142857142856,0.000882,0.000911,0.001613,14.86392857142856,1
2914,20414,2025-04-07 13:00:44+00:00,2025-04-07 13:00:44+00:00,153.36354838709676,0.1887096774193548,48.33258064516128,168.8096774193548,33.522903225806445,35.60483870967741,1.9383870967741936,63.241612903225786,0.000855,0.000958,0.001631,14.809677419354834,1
2915,20415,2025-04-07 13:00:46+00:00,2025-04-07 13:00:46+00:00,162.6993333333333,0.2236666666666667,48.40233333333335,180.1996666666667,33.52899999999999,35.773,2.0510000000000006,63.06566666666669,0.000877,0.000934,0.001685,14.873333333333356,1
2916,20422,2025-04-07 13:00:55+00:00,2025-04-07 13:00:55+00:00,198.3403333333333,0.2036666666666666,48.71500000000001,217.5083333333333,33.52333333333332,36.35,2.508333333333334,62.47866666666664,0.000935,0.001048,0.002073,15.191666666666691,1
2917,20457,2025-04-07 13:01:41+00:00,2025-04-07 13:01:41+00:00,101.704375,0.17875,49.49906250000001,116.14531250000005,33.56999999999998,35.34843749999999,1.4615624999999997,64.4684375,0.00086,0.000934,0.001752,15.929062500000027,1
2918,20466,2025-04-07 13:01:54+00:00,2025-04-07 13:01:54+00:00,43.30599999999999,0.1606666666666667,48.91766666666667,54.571333333333335,33.57700000000002,34.48766666666667,0.5099999999999999,65.48433333333335,0.000875,0.00079,0.001362,15.34066666666665,1
2919,20469,2025-04-07 13:01:58+00:00,2025-04-07 13:01:58+00:00,32.154333333333334,0.1583333333333333,48.70500000000003,41.90733333333333,33.58600000000002,34.307,0.5063333333333333,65.71566666666666,0.000776,0.00075,0.001214,15.119000000000009,1
2920,20472,2025-04-07 13:02:02+00:00,2025-04-07 13:02:02+00:00,24.12187499999999,0.1425,48.55625,32.959375000000016,33.56218749999998,34.180625,0.5090624999999999,66.18875,0.000735,0.000706,0.001147,14.99406250000002,1
2921,20501,2025-04-07 13:02:40+00:00,2025-04-07 13:02:40+00:00,131.68766666666664,0.1893333333333333,48.30599999999999,146.62300000000002,33.61433333333334,35.37533333333333,1.7203333333333335,63.89399999999999,0.000872,0.000875,0.001638,14.691666666666649,1
2922,20524,2025-04-07 13:03:11+00:00,2025-04-07 13:03:11+00:00,217.784375,0.22,49.47781249999999,238.005,33.656562499999986,36.876875000000005,2.8581250000000007,61.969375000000014,0.000989,0.001245,0.002638,15.821250000000006,1
2923,20532,2025-04-07 13:03:22+00:00,2025-04-07 13:03:22+00:00,192.19321428571436,0.1882142857142858,49.853571428571406,210.75749999999996,33.669999999999995,36.65928571428572,2.446071428571429,62.40964285714284,0.000994,0.001214,0.002544,16.183571428571412,1
2924,20543,2025-04-07 13:03:36+00:00,2025-04-07 13:03:36+00:00,128.80677419354836,0.1709677419354839,49.70064516129033,143.44,33.66870967741936,35.81129032258065,1.730967741935484,63.85870967741938,0.000905,0.000985,0.001956,16.031935483870974,1
2925,20550,2025-04-07 13:03:45+00:00,2025-04-07 13:03:45+00:00,83.08575757575758,0.1715151515151514,49.38575757575757,95.88151515151512,33.6681818181818,35.15272727272728,1.2533333333333327,64.72878787878784,0.000872,0.000897,0.00166,15.717575757575773,1
2926,20557,2025-04-07 13:03:54+00:00,2025-04-07 13:03:54+00:00,44.26375000000001,0.1709375,48.98218750000001,55.488125,33.68562500000001,34.6403125,0.5399999999999996,65.44749999999999,0.000798,0.0008,0.001316,15.2965625,1
2927,20561,2025-04-07 13:04:00+00:00,2025-04-07 13:04:00+00:00,27.340000000000007,0.1493333333333333,48.72333333333336,36.94099999999999,33.67566666666666,34.355666666666664,0.5299999999999998,65.86866666666668,0.000758,0.000738,0.001192,15.0476666666667,1
2928,20577,2025-04-07 13:04:22+00:00,2025-04-07 13:04:22+00:00,45.84393939393942,0.1645454545454545,48.25909090909092,56.870606060606086,33.667575757575754,34.429090909090895,0.5600000000000002,65.27727272727273,0.000725,0.000716,0.000982,14.591515151515168,1
2929,20602,2025-04-07 13:04:55+00:00,2025-04-07 13:04:55+00:00,198.33030303030296,0.2254545454545455,48.83696969696971,217.1357575757576,33.72212121212123,36.52909090909091,2.536969696969698,62.24787878787881,0.000935,0.00104,0.002068,15.11484848484848,1
2930,20606,2025-04-07 13:05:00+00:00,2025-04-07 13:05:00+00:00,212.01161290322577,0.2248387096774194,49.01258064516129,230.41548387096768,33.734838709677426,36.75483870967743,2.72225806451613,62.00999999999999,0.000951,0.00114,0.002306,15.277741935483869,1
2931,20619,2025-04-07 13:05:17+00:00,2025-04-07 13:05:17+00:00,208.3616129032258,0.207741935483871,49.7616129032258,227.1299999999999,33.716451612903235,36.879032258064505,2.7103225806451605,62.20129032258066,0.001001,0.001235,0.002642,16.04516129032256,1
2932,20651,2025-04-07 13:05:59+00:00,2025-04-07 13:05:59+00:00,30.27258064516129,0.1487096774193548,48.81838709677419,39.923870967741934,33.78064516129031,34.50903225806452,0.5361290322580642,65.66935483870971,0.000798,0.000735,0.001165,15.03774193548388,1
2933,20655,2025-04-07 13:06:04+00:00,2025-04-07 13:06:04+00:00,21.96344827586208,0.1410344827586207,48.5406896551724,30.51862068965517,33.77689655172413,34.30655172413794,0.5299999999999998,66.0089655172414,0.000734,0.000698,0.001115,14.763793103448272,1
2934,20659,2025-04-07 13:06:09+00:00,2025-04-07 13:06:09+00:00,19.180967741935497,0.1438709677419355,48.42645161290326,27.56967741935484,33.775483870967726,34.23967741935485,0.5299999999999998,66.08838709677418,0.000755,0.000672,0.001023,14.650967741935531,1
2935,20683,2025-04-07 13:06:41+00:00,2025-04-07 13:06:41+00:00,135.36437500000002,0.2,48.44031250000001,150.84500000000003,33.81125000000001,35.6015625,1.7903125000000002,63.561875,0.000871,0.000891,0.001634,14.629062500000003,1
2936,20684,2025-04-07 13:06:42+00:00,2025-04-07 13:06:42+00:00,140.4625806451613,0.1783870967741936,48.4732258064516,155.24967741935487,33.790967741935475,35.70129032258064,1.8354838709677423,63.537419354838704,0.000877,0.000959,0.001665,14.682258064516128,1
2937,20716,2025-04-07 13:07:24+00:00,2025-04-07 13:07:24+00:00,186.6173333333334,0.1979999999999999,49.99966666666668,205.011,33.847000000000016,36.812,2.393333333333333,62.64133333333332,0.000955,0.001162,0.002449,16.15266666666666,1
2938,20722,2025-04-07 13:07:32+00:00,2025-04-07 13:07:32+00:00,150.71034482758623,0.2024137931034484,49.9803448275862,167.77379310344827,33.86000000000001,36.32931034482758,1.98103448275862,63.34034482758624,0.000912,0.001034,0.002116,16.120344827586194,1
2939,20744,2025-04-07 13:08:01+00:00,2025-04-07 13:08:01+00:00,26.494333333333337,0.1446666666666666,48.80199999999999,35.495999999999995,33.88099999999999,34.510666666666665,0.549666666666667,65.92333333333335,0.000745,0.000721,0.001159,14.921,1
2940,20759,2025-04-07 13:08:20+00:00,2025-04-07 13:08:20+00:00,38.157,0.1523333333333333,48.36699999999998,47.841,33.876,34.52766666666666,0.5353333333333331,65.43499999999999,0.000695,0.000678,0.001043,14.490999999999984,1
2941,20789,2025-04-07 13:09:00+00:00,2025-04-07 13:09:00+00:00,210.415625,0.2128125,49.13781250000003,229.72625,33.90531249999999,36.91875000000002,2.7356250000000006,62.027500000000025,0.00097,0.001128,0.002321,15.232500000000044,1
2942,20798,2025-04-07 13:09:13+00:00,2025-04-07 13:09:13+00:00,216.2353125,0.218125,49.73125000000001,236.090625,33.90343749999999,37.1753125,2.843437499999999,61.84906250000002,0.00099,0.00124,0.002667,15.827812500000022,1
2943,20806,2025-04-07 13:09:23+00:00,2025-04-07 13:09:23+00:00,190.754193548387,0.1999999999999999,50.05935483870965,210.69516129032252,33.93903225806454,36.914516129032265,2.459032258064516,62.60870967741939,0.000966,0.001191,0.002517,16.12032258064511,1
2944,20807,2025-04-07 13:09:25+00:00,2025-04-07 13:09:25+00:00,183.057,0.204,50.06733333333335,201.56800000000013,33.94533333333335,36.842666666666666,2.3606666666666665,62.63999999999997,0.000975,0.001169,0.002449,16.121999999999993,1
2945,20843,2025-04-07 13:10:12+00:00,2025-04-07 13:10:12+00:00,22.013823529411777,0.1488235294117648,48.49205882352938,30.28264705882353,33.9479411764706,34.40617647058825,0.5199999999999997,65.86852941176471,0.00068,0.000685,0.001007,14.544117647058783,1
2946,20909,2025-04-07 13:11:38+00:00,2025-04-07 13:11:38+00:00,121.31969696969698,0.1915151515151515,49.924545454545466,137.03454545454542,34.04787878787878,36.09969696969696,1.6996969696969693,64.14787878787878,0.000889,0.00096,0.001899,15.876666666666686,1
2947,20910,2025-04-07 13:11:40+00:00,2025-04-07 13:11:40+00:00,110.29966666666668,0.1823333333333333,49.846,125.26466666666671,34.04600000000001,35.93666666666668,1.590666666666667,64.395,0.000887,0.000948,0.00184,15.799999999999995,1
2948,20912,2025-04-07 13:11:42+00:00,2025-04-07 13:11:42+00:00,100.04375,0.1759375,49.775312500000005,114.50343750000002,34.04843749999998,35.81281249999998,1.4743750000000002,64.31781250000002,0.000896,0.000933,0.001792,15.726875000000028,1
2949,20920,2025-04-07 13:11:53+00:00,2025-04-07 13:11:53+00:00,50.96214285714285,0.1525,49.32107142857143,61.07607142857142,34.06178571428569,35.0825,0.5299999999999998,65.59535714285717,0.000807,0.000819,0.00139,15.259285714285738,1
2950,20937,2025-04-07 13:12:15+00:00,2025-04-07 13:12:15+00:00,25.432413793103446,0.1489655172413793,48.49586206896551,34.88448275862069,34.06310344827587,34.53275862068964,0.5299999999999998,65.85137931034485,0.000646,0.000689,0.001058,14.43275862068964,1
2951,20964,2025-04-07 13:12:50+00:00,2025-04-07 13:12:50+00:00,176.24071428571432,0.2003571428571429,48.8575,192.43285714285707,34.08392857142859,36.541428571428575,2.243571428571429,62.81428571428573,0.000899,0.000973,0.001865,14.773571428571408,1
2952,20985,2025-04-07 13:13:18+00:00,2025-04-07 13:13:18+00:00,207.701935483871,0.2100000000000001,50.09096774193547,227.2741935483872,34.12548387096775,37.31290322580646,2.709354838709677,62.130645161290325,0.000983,0.001262,0.002705,15.965483870967724,1
2953,20986,2025-04-07 13:13:19+00:00,2025-04-07 13:13:19+00:00,204.51482758620693,0.2293103448275862,50.07103448275861,224.7468965517241,34.124482758620694,37.2403448275862,2.6658620689655184,62.20793103448273,0.000986,0.001246,0.002702,15.94655172413792,1
2954,21001,2025-04-07 13:13:39+00:00,2025-04-07 13:13:39+00:00,117.08833333333338,0.1776666666666666,49.989,131.83066666666664,34.14399999999999,36.12000000000002,1.6546666666666667,63.958333333333336,0.000905,0.000993,0.001958,15.845000000000011,1
2955,21005,2025-04-07 13:13:44+00:00,2025-04-07 13:13:44+00:00,90.23586206896547,0.1748275862068966,49.79103448275859,104.90724137931036,34.154482758620674,35.76862068965518,1.3713793103448275,64.52448275862068,0.000851,0.00091,0.001734,15.636551724137917,1
2956,21064,2025-04-07 13:15:03+00:00,2025-04-07 13:15:03+00:00,215.79642857142855,0.2107142857142857,49.42464285714287,234.03357142857135,34.18857142857143,37.294285714285714,2.832857142857144,61.935,0.000948,0.001166,0.002431,15.236071428571442,1
2957,21069,2025-04-07 13:15:09+00:00,2025-04-07 13:15:09+00:00,218.64193548387095,0.2183870967741936,49.71870967741936,239.0167741935484,34.18451612903226,37.44290322580645,2.921290322580646,61.65290322580646,0.000976,0.001233,0.00265,15.534193548387094,1
2958,21092,2025-04-07 13:15:40+00:00,2025-04-07 13:15:40+00:00,112.10633333333334,0.1793333333333333,49.99966666666666,126.81233333333336,34.22766666666668,36.14099999999999,1.5973333333333335,63.99466666666669,0.000904,0.000964,0.001923,15.771999999999984,1
2959,21100,2025-04-07 13:15:50+00:00,2025-04-07 13:15:50+00:00,63.6896875,0.1540625,49.59218749999997,75.02624999999999,34.225937500000015,35.444062499999994,0.5324999999999998,65.3665625,0.000835,0.000855,0.001544,15.366249999999958,1
2960,21106,2025-04-07 13:15:58+00:00,2025-04-07 13:15:58+00:00,34.85593749999999,0.14375,49.20406250000001,44.911875,34.21500000000001,35.016875,0.5240624999999999,65.58406249999999,0.000782,0.000755,0.001251,14.989062500000005,1
2961,21112,2025-04-07 13:16:06+00:00,2025-04-07 13:16:06+00:00,21.06823529411765,0.1564705882352941,48.85411764705882,29.672647058823525,34.237058823529416,34.79058823529412,0.5167647058823528,65.66999999999999,0.000728,0.00068,0.001075,14.617058823529405,1
2962,21133,2025-04-07 13:16:33+00:00,2025-04-07 13:16:33+00:00,90.5709375,0.1878125,48.640937500000014,102.91406249999994,34.245000000000005,35.44937499999999,1.3415625000000002,64.486875,0.00081,0.0008,0.001265,14.39593750000001,1
2963,21138,2025-04-07 13:16:40+00:00,2025-04-07 13:16:40+00:00,125.6425,0.1714285714285714,48.737857142857145,139.80142857142857,34.247499999999995,35.97249999999999,1.721785714285714,63.75321428571429,0.000853,0.000898,0.001596,14.49035714285715,1
2964,21142,2025-04-07 13:16:45+00:00,2025-04-07 13:16:45+00:00,151.80124999999998,0.180625,48.80093749999998,167.1225,34.2484375,36.31249999999999,1.9740624999999987,63.2584375,0.000854,0.000937,0.001657,14.55249999999998,1
2965,21152,2025-04-07 13:16:58+00:00,2025-04-07 13:16:58+00:00,204.069,0.2286666666666666,49.22966666666665,222.72166666666675,34.28233333333332,37.17033333333335,2.6343333333333336,62.157,0.000936,0.001102,0.002187,14.947333333333331,1
2966,21208,2025-04-07 13:18:13+00:00,2025-04-07 13:18:13+00:00,21.433636363636356,0.1566666666666666,48.70454545454548,30.859090909090902,34.31727272727274,34.78060606060606,0.5242424242424242,65.84121212121214,0.000699,0.000696,0.001015,14.387272727272736,1
2967,21210,2025-04-07 13:18:16+00:00,2025-04-07 13:18:16+00:00,26.556562500000005,0.1546875,48.66437500000001,35.2540625,34.3271875,34.83437500000001,0.5228124999999997,65.82875000000001,0.000696,0.000696,0.001007,14.337187500000006,1
2968,21239,2025-04-07 13:18:54+00:00,2025-04-07 13:18:54+00:00,189.5774193548387,0.2080645161290323,49.14451612903225,208.3887096774194,34.3441935483871,37.00967741935482,2.434516129032259,62.43903225806451,0.000941,0.001043,0.002023,14.800322580645144,1
2969,21251,2025-04-07 13:19:11+00:00,2025-04-07 13:19:11+00:00,217.92617647058825,0.2064705882352941,49.91294117647061,238.1308823529412,34.341176470588245,37.62323529411767,2.9197058823529414,61.796470588235294,0.00098,0.001232,0.00263,15.571764705882366,1
2970,21253,2025-04-07 13:19:13+00:00,2025-04-07 13:19:13+00:00,217.4335483870969,0.2235483870967742,50.01290322580645,236.93193548387103,34.36806451612903,37.60193548387095,2.902258064516129,61.95516129032257,0.00099,0.001246,0.00268,15.644838709677416,1
2971,21255,2025-04-07 13:19:16+00:00,2025-04-07 13:19:16+00:00,212.89515151515155,0.2160606060606061,50.10454545454542,231.96424242424231,34.36696969696969,37.560909090909085,2.8203030303030303,62.08787878787879,0.000984,0.00127,0.002684,15.737575757575732,1
2972,21270,2025-04-07 13:19:35+00:00,2025-04-07 13:19:35+00:00,140.87878787878785,0.2051515151515152,50.22424242424245,156.23030303030305,34.37939393939394,36.64454545454544,1.881212121212121,63.68181818181821,0.000932,0.001042,0.002058,15.844848484848503,1
2973,21278,2025-04-07 13:19:46+00:00,2025-04-07 13:19:46+00:00,84.23241379310346,0.1720689655172414,49.85586206896552,96.51620689655172,34.37,35.92586206896552,1.290689655172414,64.69655172413792,0.000861,0.000903,0.001711,15.485862068965524,1
2974,21283,2025-04-07 13:19:53+00:00,2025-04-07 13:19:53+00:00,52.52343750000001,0.1490625,49.54968749999998,63.29156249999997,34.3696875,35.439375,0.5249999999999997,65.2803125,0.000823,0.000826,0.00147,15.179999999999986,1
2975,21284,2025-04-07 13:19:54+00:00,2025-04-07 13:19:54+00:00,48.59033333333333,0.1533333333333333,49.55333333333335,59.22600000000001,34.370333333333335,35.39199999999999,0.522333333333333,65.42233333333331,0.000807,0.000859,0.001396,15.183000000000014,1
2976,21285,2025-04-07 13:19:55+00:00,2025-04-07 13:19:55+00:00,45.415,0.1634374999999999,49.46843749999999,55.822812500000005,34.36874999999999,35.366875,0.5253124999999998,65.41593749999998,0.000811,0.000799,0.001359,15.099687500000002,1
2977,21351,2025-04-07 13:21:22+00:00,2025-04-07 13:21:22+00:00,197.1240625,0.209375,50.38937499999999,216.92437499999988,34.44875,37.560625,2.5650000000000004,62.44718750000005,0.000966,0.001257,0.00258,15.94062499999999,1
2978,21405,2025-04-07 13:22:34+00:00,2025-04-07 13:22:34+00:00,93.65517241379308,0.1682758620689654,48.80206896551724,104.65241379310342,34.532068965517226,35.74551724137932,1.3617241379310343,64.49827586206897,0.000786,0.000801,0.001295,14.27000000000001,1
2979,21424,2025-04-07 13:22:59+00:00,2025-04-07 13:22:59+00:00,204.85709677419348,0.2083870967741935,49.45903225806453,223.70612903225805,34.52096774193548,37.43129032258066,2.68516129032258,62.16645161290324,0.00093,0.001102,0.002268,14.938064516129051,1
2980,21425,2025-04-07 13:23:00+00:00,2025-04-07 13:23:00+00:00,207.623448275862,0.2113793103448275,49.43517241379312,226.98172413793117,34.521724137931024,37.46310344827586,2.7334482758620675,62.15827586206895,0.000939,0.001129,0.002311,14.913448275862097,1
2981,21430,2025-04-07 13:23:08+00:00,2025-04-07 13:23:08+00:00,219.39586206896556,0.2017241379310344,49.814827586206896,239.1524137931034,34.5355172413793,37.74103448275862,2.95103448275862,61.769310344827566,0.000984,0.001212,0.002584,15.279310344827593,1
2982,21431,2025-04-07 13:23:09+00:00,2025-04-07 13:23:09+00:00,219.72,0.2044827586206896,49.91724137931033,239.2737931034484,34.521724137931024,37.748965517241366,2.9582758620689664,61.878275862068975,0.000984,0.001227,0.002615,15.39551724137931,1
2983,21435,2025-04-07 13:23:14+00:00,2025-04-07 13:23:14+00:00,215.8951724137931,0.2362068965517241,50.19310344827586,236.65448275862076,34.52793103448274,37.820689655172416,2.902413793103449,62.0244827586207,0.000988,0.001255,0.002697,15.665172413793124,1
2984,21454,2025-04-07 13:23:39+00:00,2025-04-07 13:23:39+00:00,120.05129032258066,0.1819354838709677,50.273870967741935,135.4322580645161,34.55516129032257,36.58354838709678,1.712580645161291,63.92612903225808,0.000913,0.000979,0.001964,15.718709677419362,1
2985,21459,2025-04-07 13:23:46+00:00,2025-04-07 13:23:46+00:00,85.65687499999997,0.18875,50.06468749999998,99.395625,34.55812499999998,36.10218749999999,1.3178124999999994,64.83125,0.000846,0.000895,0.001678,15.506562499999994,1
2986,21480,2025-04-07 13:24:13+00:00,2025-04-07 13:24:13+00:00,21.83379310344827,0.1427586206896551,48.87655172413795,29.80862068965518,34.59034482758624,35.05344827586205,0.5203448275862066,65.87000000000002,0.000707,0.000698,0.001037,14.286206896551713,1
2987,21496,2025-04-07 13:24:34+00:00,2025-04-07 13:24:34+00:00,91.9337931034483,0.1844827586206896,48.8741379310345,104.87206896551724,34.61068965517242,35.8196551724138,1.350689655172414,64.40103448275866,0.000815,0.000802,0.001307,14.263448275862077,1
2988,21520,2025-04-07 13:25:06+00:00,2025-04-07 13:25:06+00:00,217.0418181818182,0.226060606060606,49.83484848484848,237.53969696969693,34.64515151515151,37.76393939393938,2.919090909090909,61.905454545454525,0.000989,0.001208,0.002522,15.189696969696968,1
2989,21536,2025-04-07 13:25:27+00:00,2025-04-07 13:25:27+00:00,180.77299999999988,0.1946666666666666,50.554666666666655,197.82266666666663,34.65766666666665,37.526666666666685,2.375333333333334,62.67933333333333,0.000956,0.001181,0.002452,15.897000000000006,1
2990,21553,2025-04-07 13:25:49+00:00,2025-04-07 13:25:49+00:00,71.00200000000001,0.1666666666666666,49.947,83.92966666666666,34.649666666666654,36.010000000000005,1.0476666666666663,65.05066666666667,0.000901,0.000877,0.001641,15.297333333333349,1
2991,21561,2025-04-07 13:26:01+00:00,2025-04-07 13:26:01+00:00,30.1325,0.1628571428571428,49.40535714285714,38.955,34.68321428571431,35.358928571428564,0.5371428571428568,65.8528571428571,0.000775,0.000752,0.001271,14.722142857142837,1
2992,21575,2025-04-07 13:26:19+00:00,2025-04-07 13:26:19+00:00,31.867058823529423,0.1547058823529411,48.90911764705882,40.82323529411765,34.677352941176466,35.204705882352926,0.5249999999999998,65.59176470588238,0.000697,0.000701,0.001064,14.231764705882355,1
2993,21606,2025-04-07 13:27:00+00:00,2025-04-07 13:27:00+00:00,207.6978125,0.2146875,49.576875,225.715,34.725625000000015,37.61093749999999,2.7253125,62.0625,0.000939,0.001122,0.002272,14.85124999999998,1
2994,21609,2025-04-07 13:27:04+00:00,2025-04-07 13:27:04+00:00,214.99793103448272,0.2117241379310345,49.745172413793085,233.8948275862069,34.707586206896565,37.78655172413793,2.880689655172414,61.9755172413793,0.000933,0.00117,0.002436,15.03758620689652,1
2995,21625,2025-04-07 13:27:26+00:00,2025-04-07 13:27:26+00:00,185.53580645161293,0.1793548387096774,50.59548387096772,202.9396774193548,34.7325806451613,37.63677419354838,2.4248387096774198,62.61870967741935,0.000987,0.001179,0.002504,15.86290322580642,1
2996,21631,2025-04-07 13:27:34+00:00,2025-04-07 13:27:34+00:00,147.52000000000007,0.1886666666666666,50.52199999999998,164.49733333333336,34.73900000000001,37.130333333333326,1.990666666666666,63.49533333333332,0.000945,0.001065,0.002189,15.782999999999966,1
2997,21632,2025-04-07 13:27:35+00:00,2025-04-07 13:27:35+00:00,144.02107142857145,0.19,50.502142857142864,159.93964285714287,34.74178571428572,37.10357142857142,1.943571428571428,63.62535714285715,0.000923,0.001042,0.002154,15.760357142857146,1
2998,21648,2025-04-07 13:27:56+00:00,2025-04-07 13:27:56+00:00,43.605312499999975,0.1625,49.6821875,54.36656249999998,34.72843750000001,35.669999999999995,0.5340624999999998,65.28218749999999,0.000782,0.00078,0.001327,14.953749999999983,1
2999,21655,2025-04-07 13:28:05+00:00,2025-04-07 13:28:05+00:00,22.085483870967742,0.1609677419354838,49.229677419354864,31.715483870967734,34.742258064516136,35.303548387096775,0.5332258064516125,65.9790322580645,0.000715,0.000688,0.001125,14.487419354838728,1
3000,21694,2025-04-07 13:28:56+00:00,2025-04-07 13:28:56+00:00,194.54031250000008,0.196875,49.46875,212.02875000000003,34.80187499999998,37.52937499999999,2.5259375000000013,62.48812500000002,0.001014,0.001072,0.002162,14.66687500000002,1
3001,21697,2025-04-07 13:29:00+00:00,2025-04-07 13:29:00+00:00,206.8734375,0.21,49.63562500000001,225.48062499999995,34.788437499999986,37.74499999999998,2.7175,62.25875,0.000945,0.001124,0.002323,14.847187500000024,1
3002,21699,2025-04-07 13:29:03+00:00,2025-04-07 13:29:03+00:00,212.723870967742,0.2103225806451613,49.74870967741934,232.1825806451612,34.82096774193548,37.83032258064515,2.813225806451612,61.95870967741934,0.000956,0.001165,0.002439,14.92774193548386,1
3003,21719,2025-04-07 13:29:29+00:00,2025-04-07 13:29:29+00:00,172.05,0.1951612903225806,50.65677419354838,190.80161290322584,34.821612903225805,37.57129032258064,2.337419354838709,62.929354838709706,0.000936,0.001156,0.002382,15.835161290322574,1
3004,21735,2025-04-07 13:29:50+00:00,2025-04-07 13:29:50+00:00,68.62870967741938,0.1645161290322579,50.06322580645159,80.06161290322578,34.84741935483872,36.12774193548388,0.6974193548387092,64.99548387096776,0.000845,0.00085,0.001583,15.21580645161287,1
3005,21744,2025-04-07 13:30:02+00:00,2025-04-07 13:30:02+00:00,28.393000000000008,0.164,49.47100000000002,36.895,34.84533333333335,35.48266666666665,0.5600000000000003,65.72466666666668,0.000778,0.00071,0.00121,14.625666666666667,1
3006,21792,2025-04-07 13:31:08+00:00,2025-04-07 13:31:08+00:00,218.3687096774194,0.23,50.02709677419352,238.53709677419357,34.89419354838709,38.03161290322579,2.990645161290323,62.03903225806454,0.000964,0.001191,0.002561,15.13290322580643,1
3007,21799,2025-04-07 13:31:17+00:00,2025-04-07 13:31:17+00:00,212.36866666666663,0.2133333333333334,50.47333333333334,231.65166666666664,34.890333333333324,38.103,2.884333333333333,61.942,0.000997,0.001256,0.002702,15.58300000000002,1
3008,21832,2025-04-07 13:32:00+00:00,2025-04-07 13:32:00+00:00,33.287352941176486,0.1602941176470588,49.64794117647055,42.94352941176471,34.93676470588237,35.68088235294118,0.5520588235294118,65.60735294117646,0.000777,0.000753,0.001285,14.711176470588184,1
3009,21843,2025-04-07 13:32:14+00:00,2025-04-07 13:32:14+00:00,21.993448275862075,0.1706896551724138,49.10724137931034,30.34862068965518,34.9393103448276,35.4155172413793,0.5427586206896549,65.84965517241379,0.000656,0.000696,0.00109,14.16793103448274,1
3010,21873,2025-04-07 13:32:54+00:00,2025-04-07 13:32:54+00:00,186.3157575757576,0.1915151515151515,49.48393939393941,203.66090909090917,34.964848484848496,37.508484848484834,2.4545454545454533,62.72969696969697,0.000904,0.001006,0.002066,14.519090909090911,1
3011,21892,2025-04-07 13:33:19+00:00,2025-04-07 13:33:19+00:00,208.9416666666667,0.2076666666666667,50.57166666666669,228.40800000000004,34.97700000000001,38.157,2.811666666666668,62.12033333333336,0.000977,0.001266,0.00272,15.594666666666685,1
3012,21898,2025-04-07 13:33:26+00:00,2025-04-07 13:33:26+00:00,186.4858620689655,0.2075862068965517,50.695517241379335,205.01586206896548,34.99241379310345,37.89068965517243,2.457931034482759,62.62620689655172,0.000942,0.00117,0.002625,15.703103448275884,1
3013,21900,2025-04-07 13:33:29+00:00,2025-04-07 13:33:29+00:00,174.33312499999994,0.1978124999999999,50.75687500000001,192.43937500000007,34.987500000000004,37.75375000000001,2.305,62.83312500000001,0.000954,0.001136,0.002421,15.769375000000004,1
3014,21902,2025-04-07 13:33:32+00:00,2025-04-07 13:33:32+00:00,161.21296296296293,0.1937037037037037,50.71333333333333,177.43555555555557,34.994814814814816,37.53777777777778,2.137407407407408,63.40037037037037,0.000924,0.001101,0.002266,15.718518518518508,1
3015,21914,2025-04-07 13:33:47+00:00,2025-04-07 13:33:47+00:00,84.28517241379309,0.1713793103448276,50.27275862068965,96.5896551724138,34.988275862068974,36.44344827586208,1.3120689655172413,64.79724137931035,0.0009,0.000911,0.001742,15.284482758620676,1
3016,21941,2025-04-07 13:34:23+00:00,2025-04-07 13:34:23+00:00,41.66375000000001,0.17,49.08906249999999,51.11718749999998,35.01749999999999,35.6028125,0.5299999999999998,65.43812500000003,0.000686,0.000689,0.000992,14.0715625,1
3017,21957,2025-04-07 13:34:44+00:00,2025-04-07 13:34:44+00:00,140.39166666666668,0.1866666666666666,49.26933333333333,154.80800000000005,35.05866666666669,36.88766666666667,1.877333333333333,63.69000000000001,0.000895,0.00095,0.001765,14.21066666666664,1
3018,21980,2025-04-07 13:35:15+00:00,2025-04-07 13:35:15+00:00,216.73206896551727,0.2320689655172415,50.477241379310335,236.78758620689655,35.08310344827588,38.29172413793104,2.9427586206896548,62.055862068965496,0.000996,0.001267,0.00273,15.394137931034455,1
3019,22023,2025-04-07 13:36:12+00:00,2025-04-07 13:36:12+00:00,20.02571428571429,0.1285714285714286,49.22785714285715,28.59428571428572,35.10428571428572,35.503571428571426,0.5500000000000003,66.02785714285712,0.000695,0.000673,0.001077,14.123571428571424,1
3020,22035,2025-04-07 13:36:27+00:00,2025-04-07 13:36:27+00:00,56.16437499999999,0.1712499999999999,49.1990625,66.51562499999999,35.13187500000001,35.85937500000002,0.5343749999999998,65.35343750000001,0.000731,0.00071,0.001189,14.067187499999996,1
3021,22076,2025-04-07 13:37:21+00:00,2025-04-07 13:37:21+00:00,204.48,0.2154838709677419,50.78645161290324,223.11322580645157,35.16870967741934,38.31677419354838,2.753225806451613,62.392580645161296,0.000978,0.001249,0.002676,15.617741935483892,1
3022,22079,2025-04-07 13:37:25+00:00,2025-04-07 13:37:25+00:00,191.3163636363637,0.1987878787878788,50.888181818181806,209.44333333333336,35.16363636363636,38.1809090909091,2.544848484848486,62.46333333333335,0.000978,0.001213,0.002563,15.72454545454545,1
3023,22092,2025-04-07 13:37:42+00:00,2025-04-07 13:37:42+00:00,112.6951612903226,0.1748387096774193,50.62290322580646,125.3832258064516,35.160645161290326,37.14677419354841,1.653870967741936,64.22225806451614,0.000904,0.000953,0.001895,15.462258064516137,1
3024,22112,2025-04-07 13:38:10+00:00,2025-04-07 13:38:10+00:00,19.28499999999999,0.1815625000000001,49.42812500000002,28.549375,35.19,35.64874999999999,0.5234374999999997,65.939375,0.00074,0.000657,0.001097,14.238125000000023,1
3025,22117,2025-04-07 13:38:16+00:00,2025-04-07 13:38:16+00:00,22.964827586206894,0.1382758620689654,49.29758620689656,31.12275862068965,35.213793103448275,35.68241379310346,0.5282758620689653,65.69275862068967,0.000718,0.000683,0.001087,14.08379310344828,1
3026,22125,2025-04-07 13:38:27+00:00,2025-04-07 13:38:27+00:00,54.67193548387097,0.1651612903225806,49.21612903225808,64.6325806451613,35.20225806451615,35.93129032258065,0.5306451612903224,65.20903225806452,0.000762,0.000687,0.001106,14.013870967741925,1
3027,22166,2025-04-07 13:39:20+00:00,2025-04-07 13:39:20+00:00,207.83466666666664,0.2296666666666666,50.83266666666666,226.92033333333336,35.239333333333335,38.42066666666667,2.788333333333333,62.00500000000001,0.001014,0.001272,0.002737,15.593333333333328,1
3028,22209,2025-04-07 13:40:18+00:00,2025-04-07 13:40:18+00:00,27.03999999999999,0.1454838709677419,49.27935483870967,35.38096774193549,35.28548387096773,35.72741935483872,0.5299999999999998,65.75354838709676,0.000689,0.000676,0.001006,13.99387096774194,1
3029,22213,2025-04-07 13:40:23+00:00,2025-04-07 13:40:23+00:00,39.871875,0.1615625,49.25875,49.55656250000001,35.29187499999998,35.8846875,0.5299999999999998,65.4596875,0.000717,0.000684,0.001014,13.966875000000016,1
3030,22218,2025-04-07 13:40:30+00:00,2025-04-07 13:40:30+00:00,66.82199999999999,0.1736666666666667,49.34800000000002,77.628,35.31133333333332,36.19933333333335,0.5273333333333332,64.90699999999998,0.00074,0.000771,0.001221,14.036666666666695,1
3031,22239,2025-04-07 13:40:57+00:00,2025-04-07 13:40:57+00:00,194.8058064516129,0.1996774193548388,49.79354838709676,212.4783870967742,35.33612903225806,38.02741935483871,2.5703225806451626,62.641612903225806,0.000939,0.001071,0.002158,14.457419354838706,1
3032,22246,2025-04-07 13:41:07+00:00,2025-04-07 13:41:07+00:00,217.58656250000007,0.2290625,50.308749999999975,237.1549999999999,35.35125,38.503125,2.9540625,61.97437499999998,0.00096,0.001181,0.002539,14.957499999999976,1
3033,22265,2025-04-07 13:41:31+00:00,2025-04-07 13:41:31+00:00,168.63090909090903,0.1842424242424243,50.98939393939394,185.74090909090916,35.36727272727272,38.00939393939393,2.249696969696969,63.10545454545455,0.00094,0.001145,0.00235,15.622121212121222,1
3034,22266,2025-04-07 13:41:33+00:00,2025-04-07 13:41:33+00:00,158.71033333333327,0.1806666666666666,50.99866666666669,175.58933333333331,35.37866666666665,37.95133333333334,2.1256666666666666,63.616333333333344,0.000936,0.001104,0.002271,15.62000000000004,1
3035,22271,2025-04-07 13:41:39+00:00,2025-04-07 13:41:39+00:00,128.18515151515152,0.1827272727272726,50.80878787878788,143.60939393939395,35.39363636363636,37.51030303030302,1.7936363636363637,63.709090909090925,0.000904,0.000986,0.002034,15.41515151515152,1
3036,22301,2025-04-07 13:42:19+00:00,2025-04-07 13:42:19+00:00,28.85241379310346,0.1758620689655173,49.329999999999984,37.51724137931034,35.440000000000005,35.93482758620689,0.5199999999999997,65.68103448275863,0.000666,0.00069,0.00105,13.88999999999998,1
3037,22306,2025-04-07 13:42:26+00:00,2025-04-07 13:42:26+00:00,49.75925925925928,0.1485185185185185,49.31333333333332,59.04666666666664,35.46333333333334,36.137407407407416,0.5199999999999997,65.21444444444444,0.000776,0.00068,0.001097,13.84999999999998,1
3038,22309,2025-04-07 13:42:30+00:00,2025-04-07 13:42:30+00:00,65.6071875,0.1584375,49.37250000000001,76.54874999999998,35.45656250000002,36.3321875,0.5199999999999997,65.0525,0.000769,0.000734,0.001201,13.915937499999991,1
3039,22319,2025-04-07 13:42:44+00:00,2025-04-07 13:42:44+00:00,135.5067857142857,0.1907142857142857,49.506071428571424,150.6414285714286,35.466785714285734,37.307142857142864,1.836428571428572,63.575357142857136,0.000885,0.000946,0.00172,14.03928571428569,1
3040,22323,2025-04-07 13:42:49+00:00,2025-04-07 13:42:49+00:00,161.3951515151516,0.1915151515151515,49.58151515151514,176.62787878787876,35.50515151515151,37.64878787878789,2.1296969696969694,63.09363636363637,0.000877,0.000949,0.001819,14.07636363636363,1
3041,22334,2025-04-07 13:43:03+00:00,2025-04-07 13:43:03+00:00,210.9412121212121,0.2157575757575758,50.19636363636365,229.94090909090903,35.52333333333332,38.54515151515151,2.8439393939393924,62.17969696969696,0.000988,0.001146,0.002406,14.67303030303033,1
3042,22393,2025-04-07 13:44:21+00:00,2025-04-07 13:44:21+00:00,32.794999999999995,0.157,49.458000000000006,42.69633333333333,35.616333333333344,36.16199999999999,0.5339999999999997,65.71366666666668,0.000691,0.000694,0.00102,13.84166666666666,1
3043,22394,2025-04-07 13:44:22+00:00,2025-04-07 13:44:22+00:00,36.8346875,0.1703125,49.44218750000002,45.66781249999999,35.62312500000001,36.18968750000001,0.5337499999999997,65.55125000000001,0.000694,0.000701,0.001027,13.819062500000008,1
3044,22407,2025-04-07 13:44:39+00:00,2025-04-07 13:44:39+00:00,109.31724137931036,0.1710344827586206,49.54758620689653,121.51793103448271,35.63379310344827,37.09172413793103,1.5610344827586202,64.0796551724138,0.000831,0.000857,0.001494,13.913793103448263,1
3045,22418,2025-04-07 13:44:53+00:00,2025-04-07 13:44:53+00:00,179.34068965517244,0.1948275862068965,49.82137931034482,195.1251724137931,35.66793103448275,38.11344827586207,2.350689655172414,62.65689655172415,0.000914,0.001007,0.002002,14.153448275862075,1
3046,22439,2025-04-07 13:45:21+00:00,2025-04-07 13:45:21+00:00,205.5615625000001,0.2178125,51.0709375,225.03687500000007,35.65624999999999,38.83312499999999,2.7784375000000003,62.24749999999997,0.001061,0.001258,0.002724,15.414687500000008,1
3047,22448,2025-04-07 13:45:33+00:00,2025-04-07 13:45:33+00:00,160.65099999999998,0.1809999999999999,51.25033333333333,177.14233333333328,35.682333333333325,38.29933333333333,2.151666666666668,63.25800000000002,0.000966,0.001112,0.002306,15.568000000000003,1
3048,22469,2025-04-07 13:46:00+00:00,2025-04-07 13:46:00+00:00,35.94724137931034,0.1541379310344827,50.15724137931036,45.74137931034482,35.7144827586207,36.49862068965517,0.5337931034482756,65.6444827586207,0.000763,0.000762,0.001254,14.44275862068966,1
3049,22508,2025-04-07 13:46:53+00:00,2025-04-07 13:46:53+00:00,177.5120588235295,0.2073529411764706,49.89382352941176,194.51735294117648,35.76999999999999,38.18970588235294,2.334705882352942,62.7,0.000893,0.000974,0.001944,14.123823529411773,1
3050,22524,2025-04-07 13:47:14+00:00,2025-04-07 13:47:14+00:00,217.9648387096775,0.2312903225806453,50.89838709677421,238.13806451612905,35.80387096774191,39.05096774193549,3.0158064516129053,61.71645161290322,0.000971,0.001249,0.002666,15.0945161290323,1
3051,22526,2025-04-07 13:47:16+00:00,2025-04-07 13:47:16+00:00,217.2662068965517,0.2248275862068965,50.99793103448276,235.40965517241375,35.789655172413774,39.05862068965516,2.982068965517241,61.82517241379311,0.000956,0.001264,0.00269,15.208275862068987,1
3052,22531,2025-04-07 13:47:23+00:00,2025-04-07 13:47:23+00:00,200.77193548387095,0.2106451612903226,51.22612903225806,219.3703225806452,35.79580645161289,38.92483870967743,2.704838709677421,62.29129032258065,0.000971,0.001244,0.002653,15.430322580645168,1
3053,22547,2025-04-07 13:47:44+00:00,2025-04-07 13:47:44+00:00,104.46500000000005,0.1783333333333333,51.02166666666668,119.01166666666664,35.83366666666667,37.61833333333332,1.5939999999999996,64.258,0.000863,0.000943,0.001869,15.188000000000002,1
3054,22557,2025-04-07 13:47:57+00:00,2025-04-07 13:47:57+00:00,45.87225806451613,0.1503225806451612,50.41774193548388,55.44354838709676,35.83903225806453,36.79451612903225,0.539354838709677,65.3448387096774,0.000774,0.000792,0.001411,14.578709677419354,1
3055,22561,2025-04-07 13:48:02+00:00,2025-04-07 13:48:02+00:00,30.899677419354827,0.1451612903225806,50.14548387096775,40.36741935483874,35.82032258064517,36.50129032258064,0.5299999999999998,65.75967741935486,0.000747,0.000775,0.001243,14.325161290322576,1
3056,22579,2025-04-07 13:48:26+00:00,2025-04-07 13:48:26+00:00,47.65468749999997,0.17125,49.616562499999965,57.82187499999998,35.84406250000001,36.5059375,0.5628125,65.2378125,0.00068,0.000722,0.001025,13.772499999999958,1
3057,22588,2025-04-07 13:48:37+00:00,2025-04-07 13:48:37+00:00,97.82593749999997,0.1784375,49.67999999999997,109.52656250000004,35.86531250000001,37.16875,1.4524999999999997,64.4040625,0.000479,8.8e-05,6.8e-05,13.814687499999955,1
