percent,training_samples_after,training_samples_before,f1_macro_mean,f1_macro_std,f1_macro_UT2,f1_macro_UT3,balanced_accuracy_mean,balanced_accuracy_std,balanced_accuracy_UT2,balanced_accuracy_UT3,Sampler,Seed
0.005,4370,4370,0.9091792459457295,0.0873600796824206,0.780852417302799,0.5036111653328128,0.865,0.12409673645990858,0.7613439556633184,0.559577416002771,no Sampler(),19
0.01,4392,4392,0.960320636507381,0.02570177230239641,0.7585996025072619,0.4940652818991098,0.9291666666666666,0.04444444444444445,0.7265327329407689,0.5275372358850017,no Sampler(),19
0.03,4479,4479,0.9897521563072539,0.00920132984787891,0.7431111111111111,0.4933404368673415,0.9807692307692308,0.017200522903844526,0.6996882577069623,0.5058884655351576,no Sampler(),19
0.05,4566,4566,0.996297307456296,0.004971682469455526,0.7717952500368785,0.5281951564433446,0.993076109936575,0.009276463183695075,0.7320748181503292,0.5377554554901282,no Sampler(),19
0.1,4783,4783,0.9980867938376319,0.0025537780700980186,0.795593635250918,0.5280478683620045,0.9965517241379309,0.004597701149425287,0.7686179425008659,0.5628680290959474,no Sampler(),19
0.25,5436,5436,0.9997126766886517,0.0005746466226967062,0.8626628725475513,0.7018803418803419,0.9995412844036696,0.0009174311926605226,0.8411846207135434,0.6979563560789748,no Sampler(),19
0.5,6523,6523,0.999482659361297,0.0006897048288945051,0.8797313797313797,0.7305430646835005,0.999425287356322,0.0007269603816478813,0.8635261517145827,0.7301697263595428,no Sampler(),19
1.0,8698,8698,0.999770114866599,0.00028155063814216556,0.8949843260188087,0.7156130442703589,0.9997701149425288,0.00028155054514748324,0.8839625909248354,0.7296501558711466,no Sampler(),19
0.005,8698,4370,0.9856568474604085,0.02868630507918275,0.7327108257951561,0.4737304515902302,0.975,0.049999999999999996,0.6827156217526844,0.4812954624177347,RandomOverSampler(random_state=19),19
0.01,8698,4392,0.9873360378254563,0.015559611754269722,0.7443365695792881,0.4924055104203462,0.9873850574712645,0.02494352188287087,0.6989954970557672,0.5022514721163838,RandomOverSampler(random_state=19),19
0.03,8698,4479,0.9960374806667438,0.004854482645980771,0.7448950244463618,0.5095628415300546,0.9960389036251105,0.007638080352733785,0.6927606511950122,0.5025978524419813,RandomOverSampler(random_state=19),19
0.05,8698,4566,0.9950892283959221,0.0046493144293272394,0.7710021321961621,0.571145265245414,0.9929083132852178,0.009218582272983174,0.7209906477312089,0.5505715275372358,RandomOverSampler(random_state=19),19
0.1,8698,4783,0.9987355279687217,0.0015486894631782408,0.8302941176470588,0.6426621160409556,0.9987354999140245,0.002252363877135573,0.800138552130239,0.6373397990994112,RandomOverSampler(random_state=19),19
0.25,8698,5436,0.9994252212594106,0.0007039573147218645,0.8504797047970479,0.7118756202447899,0.9997701149425288,0.00028155054514748324,0.8245583650848631,0.6983027364045722,RandomOverSampler(random_state=19),19
0.5,8698,6523,0.9996549078360613,0.0004226498708474275,0.8878274268104777,0.7251854468385729,0.9995402298850575,0.0005631010902949665,0.8739175614825078,0.7305161066851402,RandomOverSampler(random_state=19),19
1.0,8698,8698,0.9998850574332995,0.0002298851334010976,0.8949843260188087,0.7156130442703589,0.9998850574712644,0.00022988505747125742,0.8839625909248354,0.7296501558711466,RandomOverSampler(random_state=19),19
0.005,42,4370,0.5684631472521675,0.025172784327959125,0.7439831104855735,0.6548085619535725,0.9123490469954895,0.08754204096024464,0.6849670938690682,0.6033945271908556,RandomUnderSampler(random_state=19),19
0.01,86,4392,0.8237245111823144,0.05958574306971663,0.7804808649879073,0.6681168427594779,0.9820954525614063,0.024734548807225837,0.7327675788015241,0.6300658122618635,RandomUnderSampler(random_state=19),19
0.03,260,4479,0.9689025884541683,0.03145899229047352,0.7779043280182233,0.6639688715953307,0.9868512849001719,0.016661226582096754,0.7298233460339453,0.6260824385174922,RandomUnderSampler(random_state=19),19
0.05,434,4566,0.9872223791437456,0.013373974955325914,0.7801699716713881,0.6266943071280497,0.9965243319678775,0.005332164850612508,0.7312088673363353,0.5945618288881191,RandomUnderSampler(random_state=19),19
0.1,868,4783,0.9943902906629865,0.006896414986360532,0.7983917288914417,0.650975334515557,0.9968965517241379,0.0036456900062422277,0.7568410114305508,0.6250432975406996,RandomUnderSampler(random_state=19),19
0.25,2174,5436,0.9991388202347558,0.0011478282752254102,0.8388225007286505,0.7094266277939747,0.999655172413793,0.00045977011494251484,0.8084516799445791,0.6892968479390371,RandomUnderSampler(random_state=19),19
0.5,4348,6523,0.9991378311295547,0.0005454295491411935,0.8715235792019347,0.7401282483968951,0.9993102125577028,0.0004300402909978286,0.8527883616210599,0.7332871492899203,RandomUnderSampler(random_state=19),19
1.0,8698,8698,0.9998849912222312,0.00023001755553773152,0.8934901960784314,0.7151183970856102,0.9998849252013808,0.00023014959723819395,0.8824038794596467,0.7291305853827503,RandomUnderSampler(random_state=19),19
0.005,8698,4370,0.9744882320364742,0.03164600561972855,0.7269780462649182,0.4446444644464446,0.9550000000000001,0.055677643628300216,0.6790786283339106,0.4657083477658469,"SMOTE(k_neighbors=3, random_state=19)",19
0.01,8698,4392,0.9932758950794562,0.013448209841087522,0.7419165196942975,0.49269237541820743,0.9875,0.024999999999999998,0.6958780741253896,0.5010391409767925,"SMOTE(k_neighbors=3, random_state=19)",19
0.03,8698,4479,0.9874747895352453,0.0157792604740327,0.7471297359357061,0.5240912933220625,0.9806542882404952,0.029718781017175937,0.6948389331485971,0.5124696917215102,"SMOTE(k_neighbors=3, random_state=19)",19
0.05,8698,4566,0.9963522980164743,0.0029787444884282976,0.7745959739155089,0.5801576872536137,0.9931289640591967,0.005611007199615313,0.7246276411499827,0.5573259438863873,"SMOTE(k_neighbors=3, random_state=19)",19
0.1,8698,4783,0.99872226677359,0.002555466452820099,0.8298816568047337,0.6448518074353263,0.99872226677359,0.002555466452820099,0.800831312781434,0.640976792518185,"SMOTE(k_neighbors=3, random_state=19)",19
0.25,8698,5436,0.9991399190607206,0.0011446707685561135,0.8603468899521531,0.7033004423273223,0.9993092854494412,0.0009213947125883593,0.8382403879459647,0.6979563560789748,"SMOTE(k_neighbors=3, random_state=19)",19
0.5,8698,6523,0.9994825929606661,0.0004224613023689677,0.8901591225088831,0.7253371185237757,0.999425287356322,0.0005140386155171775,0.8768617942500866,0.7319016279875303,"SMOTE(k_neighbors=3, random_state=19)",19
1.0,8698,8698,0.9997700488076525,0.00028163156286627525,0.8949843260188087,0.7156130442703589,0.9997701149425288,0.00028155054514748324,0.8839625909248354,0.7296501558711466,"SMOTE(k_neighbors=3, random_state=19)",19
0.005,8698,4370,0.9522087035645035,0.06586739526723598,0.7242798353909465,0.44667143879742305,0.925,0.1,0.6750952545895393,0.4644960166262556,SMOTE(random_state=19),19
0.01,8698,4392,0.9688303896546927,0.028217299916461956,0.74376751733294,0.49194262440233755,0.9554406130268198,0.05433966043726465,0.6991686872185661,0.5031174229303775,SMOTE(random_state=19),19
0.03,8698,4479,0.9940191920401947,0.004885175767029596,0.7506833549129621,0.5286343612334802,0.9921927497789568,0.009329624697350871,0.699861447869761,0.5181849670938691,SMOTE(random_state=19),19
0.05,8698,4566,0.9975861407996405,0.002956361675901785,0.779430514237144,0.5978844589096827,0.9976123301985371,0.004493499540974107,0.7303429165223415,0.5720471077242812,SMOTE(random_state=19),19
0.1,8698,4783,0.9980868597448496,0.0025535795141831785,0.8314803978935049,0.6524966261808367,0.9965517241379309,0.004597701149425287,0.8004849324558365,0.6432282646345688,SMOTE(random_state=19),19
0.25,8698,5436,0.9994252775991372,0.0007038957604095373,0.8557849398485073,0.7119210834308644,0.9994242279781769,0.0008923926332859185,0.8318323519224108,0.7015933494977485,SMOTE(random_state=19),19
0.5,8698,6523,0.9998274869475038,0.00034502610499238524,0.8842137592137592,0.7084962673302524,0.9997701149425288,0.00045977011494251484,0.8694146172497402,0.715968133010045,SMOTE(random_state=19),19
1.0,8698,8698,0.9998849912222312,0.00023001755553773152,0.8949843260188087,0.7156130442703589,0.9998849252013808,0.00023014959723819395,0.8839625909248354,0.7296501558711466,SMOTE(random_state=19),19
0.005,8698,4370,0.9461987523920816,0.048129904370150065,0.7216192431798182,0.44689950106913756,0.9099999999999999,0.0784219357067906,0.6712850710079667,0.46241773467267056,"SMOTE(k_neighbors=7, random_state=19)",19
0.01,8698,4392,0.9761590038314176,0.029281601362113663,0.7382570162481537,0.476275419193721,0.9665517241379311,0.04450247235769777,0.6931070315206096,0.49151368202286116,"SMOTE(k_neighbors=7, random_state=19)",19
0.03,8698,4479,0.9919226701041721,0.007660459046935907,0.748522841908056,0.525886946189102,0.9883465959328028,0.015299892737476735,0.697783165916176,0.5162798753030828,"SMOTE(k_neighbors=7, random_state=19)",19
0.05,8698,4566,0.9963256991999672,0.004887712483924387,0.7731402612152186,0.5811853554424561,0.9931289640591967,0.009117910635453622,0.7232421198475927,0.558191894700381,"SMOTE(k_neighbors=7, random_state=19)",19
0.1,8698,4783,0.9980867938376319,0.0025537780700980186,0.8321146534074291,0.6441426146010186,0.9965517241379309,0.004597701149425287,0.8011776931070316,0.6369934187738137,"SMOTE(k_neighbors=7, random_state=19)",19
0.25,8698,5436,0.9994222264744653,0.0011555470510694389,0.8548483045806068,0.7110813525276197,0.9990783410138249,0.0018433179723502226,0.830966401108417,0.7010737790093523,"SMOTE(k_neighbors=7, random_state=19)",19
0.5,8698,6523,0.9996551058610403,0.00042240737939898724,0.884692154153232,0.7195487396439274,0.9996550401439096,0.0004598363212220923,0.8699341877381365,0.724454450987184,"SMOTE(k_neighbors=7, random_state=19)",19
1.0,8698,8698,0.9995402292776184,0.0005631018342529692,0.8949843260188087,0.7156130442703589,0.9995402298850575,0.0005631010902949665,0.8839625909248354,0.7296501558711466,"SMOTE(k_neighbors=7, random_state=19)",19
0.005,8698,4370,0.9744882320364742,0.03164600561972855,0.7209167391935016,0.45135230066736914,0.9550000000000001,0.055677643628300216,0.6667821267751992,0.45895393141669555,"SMOTE(k_neighbors=9, random_state=19)",19
0.01,8698,4392,0.9820643952637041,0.024810183179385756,0.7415929203539823,0.48427784686445197,0.9776628352490422,0.044387531270417196,0.6965708347765847,0.49722895739522,"SMOTE(k_neighbors=9, random_state=19)",19
0.03,8698,4479,0.9960389036251105,0.007922192749778923,0.7447421492365313,0.5222994743089706,0.9960389036251105,0.007922192749778923,0.6931070315206096,0.5121233113959127,"SMOTE(k_neighbors=9, random_state=19)",19
0.05,8698,4566,0.9975861407996405,0.002956361675901785,0.7718798918457379,0.5754374380983823,0.9976123301985371,0.004493499540974107,0.7223761690335988,0.5545549012816071,"SMOTE(k_neighbors=9, random_state=19)",19
0.1,8698,4783,0.9993645270640419,0.0012709458719160514,0.8329418672930123,0.6545946860720934,0.9988505747126437,0.002298850574712663,0.8029095947350191,0.6465188777277451,"SMOTE(k_neighbors=9, random_state=19)",19
0.25,8698,5436,0.9985570635786358,0.0012919443497229142,0.856760374832664,0.7179316096747289,0.9980417394989143,0.0021738968702358064,0.8332178732248008,0.7071354347073087,"SMOTE(k_neighbors=9, random_state=19)",19
0.5,8698,6523,0.9993105412982233,0.000644533397115872,0.8903685351502013,0.7048617386589554,0.9993103448275862,0.0005631010902949665,0.8773813647384828,0.7171804641496363,"SMOTE(k_neighbors=9, random_state=19)",19
1.0,8698,8698,0.9998850574332995,0.0002298851334010976,0.8949843260188087,0.7156130442703589,0.9998850574712644,0.00022988505747125742,0.8839625909248354,0.7296501558711466,"SMOTE(k_neighbors=9, random_state=19)",19
0.005,8698,4370,0.9410400881405689,0.06139984055551501,0.7035048942216608,0.3450221684804514,0.905,0.09273618495495704,0.6747488742639418,0.43713197090405265,"BorderlineSMOTE(k_neighbors=3, random_state=19)",19
0.01,8698,4392,0.9672127427096331,0.04189619372453095,0.7355783308931186,0.48171589310829815,0.9540517241379309,0.06511524687717374,0.687218565985452,0.4894354000692761,"BorderlineSMOTE(k_neighbors=3, random_state=19)",19
0.03,8698,4479,0.9939407607056108,0.008176235613775513,0.7537546047038821,0.5303258145363409,0.9921927497789567,0.015328760258946575,0.6989954970557672,0.5131624523727052,"BorderlineSMOTE(k_neighbors=3, random_state=19)",19
0.05,8698,4566,0.9963780617392665,0.0029584789323590216,0.7758306462918828,0.5511863281898125,0.9952867488031882,0.005542509584409251,0.7230689296847939,0.5315206096293731,"BorderlineSMOTE(k_neighbors=3, random_state=19)",19
0.1,8698,4783,1.0,0.0,0.8048178783921056,0.6031207598371777,1.0,0.0,0.7670592310356772,0.594735019050918,"BorderlineSMOTE(k_neighbors=3, random_state=19)",19
0.25,8698,5436,1.0,0.0,0.849521002210759,0.6871846619576185,1.0,0.0,0.8231728437824731,0.6778662971943193,"BorderlineSMOTE(k_neighbors=3, random_state=19)",19
0.5,8698,6523,0.9996549078360613,0.0004226498708474275,0.8947204968944099,0.7700017280110593,0.999655172413793,0.00045977011494251484,0.8825770696224454,0.7694838933148598,"BorderlineSMOTE(k_neighbors=3, random_state=19)",19
1.0,8698,8698,0.9997700486555307,0.00028163174926613114,0.8949843260188087,0.7156130442703589,0.9997699826726454,0.00028171261963820814,0.8839625909248354,0.7296501558711466,"BorderlineSMOTE(k_neighbors=3, random_state=19)",19
0.005,8698,4370,0.8519793457663385,0.18692786982597762,0.7101123595505618,0.4052602333765512,0.825,0.18708286933869706,0.6648770349844129,0.443886387253204,BorderlineSMOTE(random_state=19),19
0.01,8698,4392,0.988739546597386,0.01382588217823889,0.7330011723329426,0.4727080021197668,0.9887739463601533,0.0221658685644648,0.6844475233806719,0.4830273640457222,BorderlineSMOTE(random_state=19),19
0.03,8698,4479,0.9916870136911744,0.012222136600458329,0.7542938254080909,0.5292441763029998,0.9846153846153847,0.022426738057097315,0.7002078281953585,0.5135088326983027,BorderlineSMOTE(random_state=19),19
0.05,8698,4566,0.9938850433097187,0.005457245648629525,0.778295888088173,0.565455450472872,0.9906884401351121,0.008568726116447128,0.7282646345687565,0.5464149636300658,BorderlineSMOTE(random_state=19),19
0.1,8698,4783,0.9981000551848854,0.0015513448668441148,0.8027721628645683,0.5943380233937956,0.9975862068965518,0.002729733813112191,0.7634222376169033,0.585555940422584,BorderlineSMOTE(random_state=19),19
0.25,8698,5436,0.9994232297278117,0.0007063964328338036,0.8529150636282924,0.690319310694374,0.9990783410138249,0.0011287971164899119,0.8278489781780395,0.6825424315898857,BorderlineSMOTE(random_state=19),19
0.5,8698,6523,0.9993096828686301,0.0008454625997931118,0.8918124129391735,0.7625302454199793,0.9993103448275862,0.0009195402298850297,0.8789400762036716,0.7620367163145133,BorderlineSMOTE(random_state=19),19
1.0,8698,8698,0.999884991374353,0.00023001725129385698,0.8949843260188087,0.7156130442703589,0.9998850574712644,0.00022988505747125742,0.8839625909248354,0.7296501558711466,BorderlineSMOTE(random_state=19),19
0.005,8698,4370,0.9601450794968827,0.033053523441061626,0.7089251009119449,0.4188941779567924,0.93,0.057879184513951125,0.6627987530308279,0.4502944232767579,"BorderlineSMOTE(k_neighbors=7, random_state=19)",19
0.01,8698,4392,0.9812311279513523,0.015537456145749765,0.7275669314504266,0.4627687933179314,0.9748850574712644,0.030525492964125364,0.6792518184967093,0.47644613785936957,"BorderlineSMOTE(k_neighbors=7, random_state=19)",19
0.03,8698,4479,0.9899043155704057,0.0065095767036336604,0.7516740276392648,0.5338018741633199,0.984500442086649,0.014269433964378509,0.6981295462417735,0.517492206442674,"BorderlineSMOTE(k_neighbors=7, random_state=19)",19
0.05,8698,4566,0.9951453023573483,0.0070423805380143084,0.7745125741734953,0.5608096897295504,0.9930138892605775,0.009318721462912523,0.7235885001731901,0.5415656390717007,"BorderlineSMOTE(k_neighbors=7, random_state=19)",19
0.1,8698,4783,0.999371067115748,0.0012578657685040626,0.8178524851470801,0.6214937478878,0.9998850574712644,0.00022988505747125742,0.7822999653619674,0.6120540353307933,"BorderlineSMOTE(k_neighbors=7, random_state=19)",19
0.25,8698,5436,1.0,0.0,0.8657254430759987,0.6990525409130061,1.0,0.0,0.8451679944579148,0.6974367855905785,"BorderlineSMOTE(k_neighbors=7, random_state=19)",19
0.5,8698,6523,0.9996547746908846,0.0006904506182310755,0.8913985148514851,0.7612791702679343,0.9995402298850575,0.0009195402298850297,0.8784205057152754,0.7608243851749221,"BorderlineSMOTE(k_neighbors=7, random_state=19)",19
1.0,8698,8698,0.9998850574332995,0.0002298851334010976,0.8949843260188087,0.7156130442703589,0.9998850574712644,0.00022988505747125742,0.8839625909248354,0.7296501558711466,"BorderlineSMOTE(k_neighbors=7, random_state=19)",19
0.005,8698,4370,0.8663224983059298,0.19481744792086964,0.7204333433644298,0.4495897903372835,0.85,0.2,0.6782126775199169,0.4771388985105646,"BorderlineSMOTE(k_neighbors=9, random_state=19)",19
0.01,8698,4392,0.987955232871896,0.01491773278273044,0.7366071428571429,0.46112017400761285,0.9873850574712645,0.02494352188287087,0.6934534118462071,0.4851056459993072,"BorderlineSMOTE(k_neighbors=9, random_state=19)",19
0.03,8698,4479,0.9960374806667438,0.004854482645980771,0.7474689861685442,0.5345345345345346,0.9960389036251105,0.007638080352733785,0.6932802216834084,0.5167994457914791,"BorderlineSMOTE(k_neighbors=9, random_state=19)",19
0.05,8698,4566,0.9950643646315506,0.00719486310098154,0.7785825877006107,0.5499915697184286,0.9929083132852178,0.009504126643253348,0.729996536196744,0.5377554554901282,"BorderlineSMOTE(k_neighbors=9, random_state=19)",19
0.1,8698,4783,0.9987289880691375,0.001556665347305369,0.8213248111563045,0.6238127544097694,0.998735632183908,0.0022524043611799544,0.7869760997575337,0.6158642189123658,"BorderlineSMOTE(k_neighbors=9, random_state=19)",19
0.25,8698,5436,0.9994262071538685,0.0007027515744396155,0.855192878338279,0.6910941475826972,0.9997699826726454,0.00028171261963820814,0.830966401108417,0.6846207135434708,"BorderlineSMOTE(k_neighbors=9, random_state=19)",19
0.5,8698,6523,0.9996547746908846,0.0006904506182310755,0.897196261682243,0.7424511545293073,0.9995402298850575,0.0009195402298850297,0.885694492552823,0.748874263941808,"BorderlineSMOTE(k_neighbors=9, random_state=19)",19
1.0,8698,8698,0.9997700488076525,0.00028163156286627525,0.8949843260188087,0.7156130442703589,0.9997701149425288,0.00028155054514748324,0.8839625909248354,0.7296501558711466,"BorderlineSMOTE(k_neighbors=9, random_state=19)",19
0.005,4370,4370,0.8900742545894158,0.11566238571446061,0.7747917648907748,0.4946900946128596,0.845,0.1317193987231949,0.7518184967093868,0.5467613439556633,EditedNearestNeighbours(),19
0.01,4392,4392,0.9621063507930954,0.023619821857181898,0.755298063729227,0.4889875994817694,0.9319444444444445,0.041294635409218086,0.7220297887080014,0.5218219605126428,EditedNearestNeighbours(),19
0.03,4479,4479,0.98975202434109,0.009201477949739231,0.7471641791044776,0.49326871297792135,0.9807692307692308,0.017200522903844526,0.7066158642189124,0.5110841704191202,EditedNearestNeighbours(),19
0.05,4566,4566,0.9975591615577079,0.002989708706679445,0.7711663706335109,0.5248756218905473,0.995401691331924,0.00563237497029904,0.7322480083131278,0.5368895046761344,EditedNearestNeighbours(),19
0.1,4783,4783,0.9980732459132348,0.0025775536857566305,0.8008571865911526,0.5381601044971077,0.9965249933172948,0.004644552200502072,0.7746795981988224,0.5713543470730862,EditedNearestNeighbours(),19
0.25,5435,5436,0.9997116148639058,0.0005767702721883428,0.8590624066885637,0.6956818569721795,0.9995391705069124,0.0009216589861750892,0.8365084863179771,0.6912019397298234,EditedNearestNeighbours(),19
0.5,6522,6523,0.9996549738950076,0.0004225689525856398,0.8796338672768879,0.739010989010989,0.9995402298850575,0.0005631010902949665,0.8633529615517839,0.7367509525458954,EditedNearestNeighbours(),19
1.0,8695,8698,0.9997699820641565,0.0004600358716873032,0.8962057071182189,0.716031369688127,0.9997698504027618,0.0004602991944763879,0.8853481122272255,0.7303429165223415,EditedNearestNeighbours(),19
0.005,4370,4370,0.9266969356009775,0.05386559662991999,0.7747917648907748,0.4946900946128596,0.8800000000000001,0.07968688725254613,0.7518184967093868,0.5467613439556633,EditedNearestNeighbours(n_neighbors=5),19
0.01,4392,4392,0.9528124155833915,0.04050262782544404,0.755298063729227,0.4889875994817694,0.9194444444444445,0.06826780959691396,0.7220297887080014,0.5218219605126428,EditedNearestNeighbours(n_neighbors=5),19
0.03,4479,4479,0.98975202434109,0.009201477949739231,0.7471641791044776,0.49326871297792135,0.9807692307692308,0.017200522903844526,0.7066158642189124,0.5110841704191202,EditedNearestNeighbours(n_neighbors=5),19
0.05,4566,4566,0.9975591615577079,0.002989708706679445,0.7711663706335109,0.5248756218905473,0.995401691331924,0.00563237497029904,0.7322480083131278,0.5368895046761344,EditedNearestNeighbours(n_neighbors=5),19
0.1,4783,4783,0.9993645270640419,0.0012709458719160514,0.8008571865911526,0.5381601044971077,0.9988505747126437,0.002298850574712663,0.7746795981988224,0.5713543470730862,EditedNearestNeighbours(n_neighbors=5),19
0.25,5434,5436,0.9985570485353689,0.0015850668648838028,0.8600029881966234,0.7014976174268209,0.9980438533956715,0.0026168724376606153,0.8377208174575684,0.6962244544509872,EditedNearestNeighbours(n_neighbors=5),19
0.5,6521,6523,0.9993098147968291,0.0006459632118675518,0.8904680982542871,0.7344493392070485,0.9991954022988505,0.0008601511233962823,0.8772081745756841,0.7390024246622793,EditedNearestNeighbours(n_neighbors=5),19
1.0,8690,8698,0.9998850574332995,0.0002298851334010976,0.8920481174816435,0.7056032122650119,0.9998850574712644,0.00022988505747125742,0.8803255975060617,0.7206442674056114,EditedNearestNeighbours(n_neighbors=5),19
0.005,4370,4370,0.9270937610357679,0.06679074625630822,0.7747917648907748,0.4946900946128596,0.885,0.10198039027185568,0.7518184967093868,0.5467613439556633,EditedNearestNeighbours(n_neighbors=7),19
0.01,4392,4392,0.9545491102232976,0.03416039858300481,0.755298063729227,0.4889875994817694,0.9208333333333332,0.05617707893376859,0.7220297887080014,0.5218219605126428,EditedNearestNeighbours(n_neighbors=7),19
0.03,4479,4479,0.9897521563072539,0.009201329847878912,0.7471641791044776,0.49326871297792135,0.9807692307692308,0.017200522903844526,0.7066158642189124,0.5110841704191202,EditedNearestNeighbours(n_neighbors=7),19
0.05,4566,4566,0.996297307456296,0.004971682469455526,0.7711663706335109,0.5248756218905473,0.993076109936575,0.009276463183695075,0.7322480083131278,0.5368895046761344,EditedNearestNeighbours(n_neighbors=7),19
0.1,4783,4783,0.9980868597448496,0.0025535795141831785,0.8008571865911526,0.5381601044971077,0.9965517241379309,0.004597701149425287,0.7746795981988224,0.5713543470730862,EditedNearestNeighbours(n_neighbors=7),19
0.25,5434,5436,1.0,0.0,0.8600029881966234,0.7014976174268209,1.0,0.0,0.8377208174575684,0.6962244544509872,EditedNearestNeighbours(n_neighbors=7),19
0.5,6520,6523,0.9996547746908846,0.0006904506182310755,0.8859514294497387,0.7344159245678366,0.9995402298850575,0.0009195402298850297,0.8714928992033253,0.7365777623830967,EditedNearestNeighbours(n_neighbors=7),19
1.0,8687,8698,0.9997700488076525,0.00028163156286627525,0.8866365195696242,0.7153652392947103,0.9997701149425288,0.00028155054514748324,0.8740907516453065,0.7260131624523727,EditedNearestNeighbours(n_neighbors=7),19
0.005,4370,4370,0.9091792459457295,0.0873600796824206,0.7747917648907748,0.4946900946128596,0.865,0.12409673645990858,0.7518184967093868,0.5467613439556633,EditedNearestNeighbours(n_neighbors=9),19
0.01,4392,4392,0.9662604277024347,0.030335930027556312,0.755298063729227,0.4889875994817694,0.9402777777777779,0.05299662230094143,0.7220297887080014,0.5218219605126428,EditedNearestNeighbours(n_neighbors=9),19
0.03,4479,4479,0.9898304556756742,0.0065067938563412335,0.7471641791044776,0.49326871297792135,0.9807692307692308,0.01216260638526299,0.7066158642189124,0.5110841704191202,EditedNearestNeighbours(n_neighbors=9),19
0.05,4566,4566,0.9962703282143636,0.004984613011657349,0.7711663706335109,0.5248756218905473,0.9930232558139535,0.009302325581395366,0.7322480083131278,0.5368895046761344,EditedNearestNeighbours(n_neighbors=9),19
0.1,4783,4783,0.9980731798542886,0.0025775857402710947,0.8008571865911526,0.5381601044971077,0.9965249933172948,0.004644552200502072,0.7746795981988224,0.5713543470730862,EditedNearestNeighbours(n_neighbors=9),19
0.25,5434,5436,0.9997126766886517,0.0005746466226967062,0.8600029881966234,0.7014976174268209,0.9995412844036696,0.0009174311926605226,0.8377208174575684,0.6962244544509872,EditedNearestNeighbours(n_neighbors=9),19
0.5,6518,6523,0.9996547084398781,0.000422894275680254,0.8832720588235294,0.7476378629101529,0.9995397001959849,0.0005637504463773807,0.8680290959473502,0.7455836508486318,EditedNearestNeighbours(n_neighbors=9),19
1.0,8683,8698,0.999770114866599,0.00028155063814216556,0.886842515998127,0.7144917087238645,0.9997701149425288,0.00028155054514748324,0.8744371319709041,0.7256667821267753,EditedNearestNeighbours(n_neighbors=9),19
0.005,4370,4370,0.9075919442446638,0.06558090048664394,0.780852417302799,0.5036111653328128,0.8550000000000001,0.09539392014169457,0.7613439556633184,0.559577416002771,TomekLinks(),19
0.01,4392,4392,0.9581962261597008,0.043899012478930154,0.7585996025072619,0.4940652818991098,0.9291666666666666,0.07141644517879134,0.7265327329407689,0.5275372358850017,TomekLinks(),19
0.03,4479,4479,0.9918486123360593,0.00767794650606159,0.7431111111111111,0.4933404368673415,0.9846153846153847,0.014390989949130528,0.6996882577069623,0.5058884655351576,TomekLinks(),19
0.05,4566,4566,0.9950914099324295,0.0024548537724244503,0.7717952500368785,0.5281951564433446,0.9907505285412264,0.004625868179078454,0.7320748181503292,0.5377554554901282,TomekLinks(),19
0.1,4783,4783,0.9993645270640419,0.0012709458719160514,0.795593635250918,0.5280478683620045,0.9988505747126437,0.002298850574712663,0.7686179425008659,0.5628680290959474,TomekLinks(),19
0.25,5436,5436,0.9997116148639058,0.0005767702721883428,0.8626628725475513,0.7018803418803419,0.9995391705069124,0.0009216589861750891,0.8411846207135434,0.6979563560789748,TomekLinks(),19
0.5,6523,6523,0.9994821296722243,0.0006906318324255186,0.8797313797313797,0.7305430646835005,0.9994247576672493,0.0007277981827378089,0.8635261517145827,0.7301697263595428,TomekLinks(),19
1.0,8698,8698,0.9996549732863874,0.00046003577661097054,0.8949843260188087,0.7156130442703589,0.9996547756041426,0.0004602991944763879,0.8839625909248354,0.7296501558711466,TomekLinks(),19
0.005,8698,4370,0.9744882320364742,0.03164600561972855,0.7303814116615519,0.44912531238843273,0.9550000000000001,0.055677643628300216,0.6804641496363006,0.46553515760304814,"ADASYN(n_neighbors=3, random_state=19)",19
0.01,8693,4392,0.9796596178977139,0.028276385137655083,0.7332155477031802,0.4435600578871201,0.9748850574712644,0.04994302474523211,0.6861794250086595,0.46726705923103573,"ADASYN(n_neighbors=3, random_state=19)",19
0.03,8702,4479,0.9940206810575081,0.007941365065382006,0.7487811872669917,0.5287472601584893,0.9921927497789568,0.009563616652880393,0.6965708347765847,0.5159334949774852,"ADASYN(n_neighbors=3, random_state=19)",19
0.05,8701,4566,0.9950643646315506,0.00719486310098154,0.7791141927267582,0.5591182364729459,0.9929083132852178,0.009504126643253348,0.7296501558711466,0.542777970211292,"ADASYN(n_neighbors=3, random_state=19)",19
0.1,8693,4783,0.9987354999140245,0.0025290001719508125,0.8215330602691633,0.6181818181818182,0.9987354999140245,0.0025290001719508125,0.7887080013855213,0.6144786976099758,"ADASYN(n_neighbors=3, random_state=19)",19
0.25,8696,5436,1.0,0.0,0.8416276346604216,0.6831946755407654,1.0,0.0,0.8126082438517492,0.6702459300311743,"ADASYN(n_neighbors=3, random_state=19)",19
0.5,8699,6523,0.9994825929606661,0.0004224613023689677,0.879865669363456,0.7260416666666667,0.999425287356322,0.0005140386155171775,0.8636993418773813,0.7267059231035677,"ADASYN(n_neighbors=3, random_state=19)",19
1.0,8698,8698,,,0.8949843260188087,0.7156130442703589,,,0.8839625909248354,0.7296501558711466,"ADASYN(n_neighbors=3, random_state=19)",19
0.005,8697,4370,0.9410400881405689,0.06139984055551502,0.7345922998096911,0.45835562689495274,0.905,0.09273618495495704,0.6860062348458608,0.47402147558018703,ADASYN(random_state=19),19
0.01,8704,4392,0.987955232871896,0.01491773278273044,0.7350301603648669,0.4635453895639743,0.9873850574712645,0.02494352188287087,0.6880845167994458,0.4800831312781434,ADASYN(random_state=19),19
0.03,8698,4479,0.9920009694725923,0.0040020780115263485,0.7405297636001139,0.49745158002038736,0.9883465959328028,0.009282118491780471,0.6844475233806719,0.4877034984412885,ADASYN(random_state=19),19
0.05,8698,4566,0.996298273473663,0.007403453052674269,0.7796800449059781,0.5992268041237113,0.9952338946805668,0.009532210638866622,0.7280914444059577,0.5691028749567024,ADASYN(random_state=19),19
0.1,8704,4783,1.0,0.0,0.8051459959525874,0.597080787508486,1.0,0.0,0.766539660547281,0.5888465535157603,ADASYN(random_state=19),19
0.25,8698,5436,1.0,0.0,0.8480211858172724,0.6802629361200068,1.0,0.0,0.8210945618288881,0.6714582611707656,ADASYN(random_state=19),19
0.5,8700,6523,0.9993102125577028,0.0008448136581902571,0.8777219430485762,0.7330238954787691,0.9993102125577028,0.0008448136581902571,0.8609282992726013,0.7310356771735366,ADASYN(random_state=19),19
1.0,8698,8698,,,0.8949843260188087,0.7156130442703589,,,0.8839625909248354,0.7296501558711466,ADASYN(random_state=19),19
0.005,8700,4370,0.9601450794968827,0.033053523441061626,0.7285443683520326,0.4544810485299327,0.93,0.057879184513951125,0.6773467267059231,0.4665742985798407,"ADASYN(n_neighbors=7, random_state=19)",19
0.01,8698,4392,0.982015375465774,0.01485185399212881,0.7342481924155231,0.4580262448319252,0.9762738140902698,0.0289079273529008,0.6880845167994458,0.4778316591617596,"ADASYN(n_neighbors=7, random_state=19)",19
0.03,8700,4479,0.9920023262200219,0.00743142646560557,0.7445089981578574,0.5119247564662411,0.9883464636629193,0.009517391806794005,0.6877381364738483,0.49670938690682365,"ADASYN(n_neighbors=7, random_state=19)",19
0.05,8694,4566,0.995006495528908,0.0073511260811697805,0.7834243315133698,0.5952150016165535,0.9929083132852178,0.013897799669430154,0.732074818150329,0.5663318323519224,"ADASYN(n_neighbors=7, random_state=19)",19
0.1,8703,4783,1.0,0.0,0.8124910059001296,0.6063165005911164,1.0,0.0,0.7743332178732247,0.5962937305161067,"ADASYN(n_neighbors=7, random_state=19)",19
0.25,8687,5436,0.9997126106297053,0.0005747787405894655,0.8407234539089848,0.6841059602649007,0.9998850574712644,0.00022988505747125742,0.8108763422237617,0.6695531693799792,"ADASYN(n_neighbors=7, random_state=19)",19
0.5,8694,6523,0.9994823287246186,0.00042267684360025874,0.8658554904611687,0.7166411694713581,0.999425287356322,0.0005140386155171775,0.8453411846207135,0.7112919986144788,"ADASYN(n_neighbors=7, random_state=19)",19
1.0,8698,8698,,,0.8949843260188087,0.7156130442703589,,,0.8839625909248354,0.7296501558711466,"ADASYN(n_neighbors=7, random_state=19)",19
0.005,8693,4370,0.9458019269572912,0.027787571007660182,0.7278508454979044,0.46414238352818005,0.905,0.04847679857416329,0.673882923449948,0.46813301004502944,"ADASYN(n_neighbors=9, random_state=19)",19
0.01,8696,4392,0.9802787467330853,0.028098016008905994,0.7396093405786459,0.4675,0.9748849252013809,0.04994295975316395,0.6929338413578109,0.48354693453411846,"ADASYN(n_neighbors=9, random_state=19)",19
0.03,8706,4479,0.9898260821092029,0.009203776614765001,0.7433376086646715,0.5061832966288328,0.984500442086649,0.018749553054582372,0.6880845167994458,0.49515067544163494,"ADASYN(n_neighbors=9, random_state=19)",19
0.05,8704,4566,0.9963780615871445,0.0029584761734427283,0.7812412243751755,0.6024794719046852,0.9952866165333049,0.005542410825193797,0.7301697263595428,0.5723934880498788,"ADASYN(n_neighbors=9, random_state=19)",19
0.1,8688,4783,0.999371067115748,0.0012578657685040626,0.8243923486264921,0.6255254750294266,0.9998850574712644,0.00022988505747125742,0.7885348112227225,0.614305507447177,"ADASYN(n_neighbors=9, random_state=19)",19
0.25,8693,5436,0.9997126106297053,0.0005747787405894655,0.84640234948605,0.6911029656781073,0.9995412844036696,0.0009174311926605226,0.8188430897125043,0.6789054381711119,"ADASYN(n_neighbors=9, random_state=19)",19
0.5,8702,6523,0.9991369705740458,0.0013375631735055267,0.8599134715798896,0.6801381692573403,0.9991943429207055,0.0013425380988678973,0.8373744371319709,0.6792518184967093,"ADASYN(n_neighbors=9, random_state=19)",19
1.0,8698,8698,,,0.8949843260188087,0.7156130442703589,,,0.8839625909248354,0.7296501558711466,"ADASYN(n_neighbors=9, random_state=19)",19
0.005,8698,4370,0.9856568474604085,0.02868630507918275,0.7291236352906462,0.44484564000722154,0.975,0.049999999999999996,0.6820228611014895,0.46744024939383444,"SMOTEENN(enn=EditedNearestNeighbours(), random_state=19,
         smote=SMOTE(k_neighbors=3, random_state=19))",19
0.01,8698,4392,0.988739546597386,0.01382588217823889,0.7389498665084545,0.47497757847533634,0.9887739463601533,0.0221658685644648,0.6951853134741948,0.4930723934880499,"SMOTEENN(enn=EditedNearestNeighbours(), random_state=19,
         smote=SMOTE(k_neighbors=3, random_state=19))",19
0.03,8698,4479,0.9959634888058485,0.0049436963844552055,0.7472401433691757,0.5242357709846309,0.9923076923076923,0.009421114395319882,0.6946657429857984,0.5121233113959127,"SMOTEENN(enn=EditedNearestNeighbours(), random_state=19,
         smote=SMOTE(k_neighbors=3, random_state=19))",19
0.05,8698,4566,0.9987660911578876,0.0024678176842247265,0.7742484401588202,0.5822535673281942,0.9976744186046511,0.004651162790697683,0.7242812608243852,0.558884655351576,"SMOTEENN(enn=EditedNearestNeighbours(), random_state=19,
         smote=SMOTE(k_neighbors=3, random_state=19))",19
0.1,8698,4783,0.9981130886290593,0.002507824858846862,0.8283274440518257,0.6475186947654656,0.9986206896551725,0.002228818325248907,0.7980602701766539,0.6408036023553862,"SMOTEENN(enn=EditedNearestNeighbours(), random_state=19,
         smote=SMOTE(k_neighbors=3, random_state=19))",19
0.25,8698,5436,0.9991338413383712,0.0011552966461171835,0.8597041685342895,0.7033639143730887,0.9986175115207374,0.001843317972350217,0.8373744371319709,0.6976099757533771,"SMOTEENN(enn=EditedNearestNeighbours(), random_state=19,
         smote=SMOTE(k_neighbors=3, random_state=19))",19
0.5,8698,6523,0.9993100802498545,0.0006451841398737275,0.891156462585034,0.7258838159531,0.9993103448275862,0.0006702243557293247,0.8780741253896779,0.7327675788015241,"SMOTEENN(enn=EditedNearestNeighbours(), random_state=19,
         smote=SMOTE(k_neighbors=3, random_state=19))",19
1.0,8695,8698,0.9996551720721086,0.00045977066543429775,0.8962057071182189,0.716031369688127,0.999655172413793,0.0004597701149425148,0.8853481122272255,0.7303429165223415,"SMOTEENN(enn=EditedNearestNeighbours(), random_state=19,
         smote=SMOTE(k_neighbors=3, random_state=19))",19
0.005,8698,4370,0.9713136949208172,0.035133405024903565,0.7263901147396293,0.4489430311716231,0.95,0.06123724356957946,0.6778662971943193,0.4672670592310357,"SMOTEENN(enn=EditedNearestNeighbours(n_neighbors=5), random_state=19,
         smote=SMOTE(random_state=19))",19
0.01,8698,4392,0.9887394805384397,0.013825970276262842,0.7458026509572901,0.49140832595217004,0.9887739463601533,0.0221658685644648,0.7010737790093522,0.50277104260478,"SMOTEENN(enn=EditedNearestNeighbours(n_neighbors=5), random_state=19,
         smote=SMOTE(random_state=19))",19
0.03,8698,4479,0.9940205487876245,0.007941595352419518,0.7490303117368194,0.5253175275190517,0.9921926175090732,0.009563782596997814,0.6974367855905784,0.5145479736750953,"SMOTEENN(enn=EditedNearestNeighbours(n_neighbors=5), random_state=19,
         smote=SMOTE(random_state=19))",19
0.05,8698,4566,0.996298273473663,0.007403453052674269,0.7804255319148936,0.6030869212022746,0.9931818181818182,0.013636363636363669,0.7319016279875303,0.5768964322826463,"SMOTEENN(enn=EditedNearestNeighbours(n_neighbors=5), random_state=19,
         smote=SMOTE(random_state=19))",19
0.1,8698,4783,0.9974772625305979,0.002346923158804704,0.8334312573443008,0.6454033771106942,0.9984921171763517,0.002194903991805256,0.803602355386214,0.6399376515413924,"SMOTEENN(enn=EditedNearestNeighbours(n_neighbors=5), random_state=19,
         smote=SMOTE(random_state=19))",19
0.25,8698,5436,0.9997126106297053,0.0005747787405894655,0.8509381001625056,0.704961704961705,0.9998850574712644,0.00022988505747125742,0.8252511257360582,0.6931070315206096,"SMOTEENN(enn=EditedNearestNeighbours(n_neighbors=5), random_state=19,
         smote=SMOTE(random_state=19))",19
0.5,8694,6523,0.9994823287246186,0.00042267684360025874,0.8795971310849993,0.7301971636112072,0.999425287356322,0.0005140386155171775,0.8633529615517839,0.7298233460339453,"SMOTEENN(enn=EditedNearestNeighbours(n_neighbors=5), random_state=19,
         smote=SMOTE(random_state=19))",19
1.0,8690,8698,0.9996549722975889,0.0006900554048222318,0.8920481174816435,0.7056032122650119,0.9996547756041426,0.0006904487917146262,0.8803255975060617,0.7206442674056114,"SMOTEENN(enn=EditedNearestNeighbours(n_neighbors=5), random_state=19,
         smote=SMOTE(random_state=19))",19
0.005,8698,4370,0.9378655510249121,0.061566729235098525,0.7223767013025025,0.44634276561665776,0.9,0.09354143466934853,0.6714582611707655,0.4612054035330793,"SMOTEENN(enn=EditedNearestNeighbours(n_neighbors=7), random_state=19,
         smote=SMOTE(k_neighbors=7, random_state=19))",19
0.01,8698,4392,0.947949910186918,0.06434966822189234,0.7422680412371134,0.48150782361308675,0.9248850574712645,0.0919968201412699,0.6969172151021822,0.4949774852788361,"SMOTEENN(enn=EditedNearestNeighbours(n_neighbors=7), random_state=19,
         smote=SMOTE(k_neighbors=7, random_state=19))",19
0.03,8697,4479,0.9920009694725923,0.0040020780115263485,0.7465437788018433,0.524245506951509,0.9883465959328028,0.009282118491780471,0.6951853134741947,0.5140284031866991,"SMOTEENN(enn=EditedNearestNeighbours(n_neighbors=7), random_state=19,
         smote=SMOTE(k_neighbors=7, random_state=19))",19
0.05,8697,4566,0.9951453023573483,0.0070423805380143084,0.7722884724588303,0.5783330593457175,0.9930138892605775,0.009318721462912523,0.7222029788708002,0.5557672324211984,"SMOTEENN(enn=EditedNearestNeighbours(n_neighbors=7), random_state=19,
         smote=SMOTE(k_neighbors=7, random_state=19))",19
0.1,8697,4783,0.9968158479657159,0.004024468929809864,0.8297186400937866,0.6459816887080366,0.995287356321839,0.005774646752680665,0.798753030827849,0.6383789400762037,"SMOTEENN(enn=EditedNearestNeighbours(n_neighbors=7), random_state=19,
         smote=SMOTE(k_neighbors=7, random_state=19))",19
0.25,8696,5436,0.9997116148639058,0.0005767702721883428,0.8507484808062843,0.6913080168776371,0.9995391705069124,0.0009216589861750891,0.8255975060616556,0.6832351922410806,"SMOTEENN(enn=EditedNearestNeighbours(n_neighbors=7), random_state=19,
         smote=SMOTE(k_neighbors=7, random_state=19))",19
0.5,8692,6523,0.9998274869475038,0.00034502610499238524,0.8811017597551645,0.7122226135963368,0.9997701149425288,0.00045977011494251484,0.8654312435053689,0.7170072739868376,"SMOTEENN(enn=EditedNearestNeighbours(n_neighbors=7), random_state=19,
         smote=SMOTE(k_neighbors=7, random_state=19))",19
1.0,8687,8698,0.9994252200442684,0.0006295680433696414,0.8866365195696242,0.7153652392947103,0.9994251550864384,0.0006295662136308725,0.8740907516453065,0.7260131624523727,"SMOTEENN(enn=EditedNearestNeighbours(n_neighbors=7), random_state=19,
         smote=SMOTE(k_neighbors=7, random_state=19))",19
0.005,8696,4370,0.9665518561040949,0.06689628779181019,0.7226988512432747,0.4461347956837078,0.95,0.09999999999999999,0.669726359542778,0.45774160027710425,"SMOTEENN(enn=EditedNearestNeighbours(n_neighbors=9), random_state=19,
         smote=SMOTE(k_neighbors=9, random_state=19))",19
0.01,8695,4392,0.9658785514228458,0.05589902017179113,0.7425961396787977,0.4804131054131054,0.9554406130268198,0.08883169649047289,0.6974367855905785,0.4946311049532387,"SMOTEENN(enn=EditedNearestNeighbours(n_neighbors=9), random_state=19,
         smote=SMOTE(k_neighbors=9, random_state=19))",19
0.03,8695,4479,0.9939451341203531,0.012109731759293708,0.7461483081353492,0.5295508274231678,0.9921926175090732,0.015614764981853569,0.6946657429857984,0.517492206442674,"SMOTEENN(enn=EditedNearestNeighbours(n_neighbors=9), random_state=19,
         smote=SMOTE(k_neighbors=9, random_state=19))",19
0.05,8693,4566,0.9976119704292568,0.002925009188256949,0.7744861800141744,0.5678317044889846,0.9976121979286535,0.0044934461825476245,0.724454450987184,0.5481468652580533,"SMOTEENN(enn=EditedNearestNeighbours(n_neighbors=9), random_state=19,
         smote=SMOTE(k_neighbors=9, random_state=19))",19
0.1,8693,4783,0.997417262095461,0.0037825650645357976,0.8305978898007034,0.6533918326020924,0.9953622026196204,0.006777936796070953,0.7997921718046415,0.6442674056113613,"SMOTEENN(enn=EditedNearestNeighbours(n_neighbors=9), random_state=19,
         smote=SMOTE(k_neighbors=9, random_state=19))",19
0.25,8695,5436,0.9997116148639058,0.0005767702721883428,0.8577393379063525,0.7119556078695141,0.9995391705069124,0.0009216589861750891,0.8347765846899896,0.7033252511257361,"SMOTEENN(enn=EditedNearestNeighbours(n_neighbors=9), random_state=19,
         smote=SMOTE(k_neighbors=9, random_state=19))",19
0.5,8687,6523,0.9993103420941003,0.0008446559132198276,0.8786905308245373,0.7160623576808548,0.9993103448275862,0.0009195402298850297,0.8626602009005888,0.7192587461032214,"SMOTEENN(enn=EditedNearestNeighbours(n_neighbors=9), random_state=19,
         smote=SMOTE(k_neighbors=9, random_state=19))",19
1.0,8683,8698,0.999770114866599,0.00028155063814216556,0.886842515998127,0.7144917087238645,0.9997701149425288,0.00028155054514748324,0.8744371319709041,0.7256667821267753,"SMOTEENN(enn=EditedNearestNeighbours(n_neighbors=9), random_state=19,
         smote=SMOTE(k_neighbors=9, random_state=19))",19
0.005,8698,4370,0.9522087035645035,0.06586739526723598,0.7269780462649182,0.4446444644464446,0.925,0.1,0.6790786283339106,0.4657083477658469,"SMOTETomek(random_state=19, smote=SMOTE(k_neighbors=3, random_state=19),
           tomek=TomekLinks())",19
0.01,8698,4392,0.987955232871896,0.01491773278273044,0.7419165196942975,0.49269237541820743,0.9873850574712645,0.02494352188287087,0.6958780741253896,0.5010391409767925,"SMOTETomek(random_state=19, smote=SMOTE(k_neighbors=3, random_state=19),
           tomek=TomekLinks())",19
0.03,8698,4479,0.9960389036251105,0.007922192749778923,0.7471297359357061,0.5240912933220625,0.9960389036251105,0.007922192749778923,0.6948389331485971,0.5124696917215102,"SMOTETomek(random_state=19, smote=SMOTE(k_neighbors=3, random_state=19),
           tomek=TomekLinks())",19
0.05,8698,4566,0.9963510824973338,0.0029808883358454106,0.7745959739155089,0.5801576872536137,0.9952338946805668,0.005606566442356394,0.7246276411499827,0.5573259438863873,"SMOTETomek(random_state=19, smote=SMOTE(k_neighbors=3, random_state=19),
           tomek=TomekLinks())",19
0.1,8698,4783,0.9980734969955009,0.003853006008998427,0.8298816568047337,0.6448518074353263,0.9965517241379309,0.006896551724137901,0.800831312781434,0.640976792518185,"SMOTETomek(random_state=19, smote=SMOTE(k_neighbors=3, random_state=19),
           tomek=TomekLinks())",19
0.25,8698,5436,0.9994242254936111,0.00070517863140122,0.8603468899521531,0.7033004423273223,0.9994242279781769,0.0008923926332859183,0.8382403879459647,0.6979563560789748,"SMOTETomek(random_state=19, smote=SMOTE(k_neighbors=3, random_state=19),
           tomek=TomekLinks())",19
0.5,8698,6523,0.999310143268441,0.0006448172660952369,0.8901591225088831,0.7253371185237757,0.9993095505987467,0.0005637501975348214,0.8768617942500866,0.7319016279875303,"SMOTETomek(random_state=19, smote=SMOTE(k_neighbors=3, random_state=19),
           tomek=TomekLinks())",19
1.0,8698,8698,0.9998850574332995,0.0002298851334010976,0.8949843260188087,0.7156130442703589,0.9998850574712644,0.00022988505747125742,0.8839625909248354,0.7296501558711466,"SMOTETomek(random_state=19, smote=SMOTE(k_neighbors=3, random_state=19),
           tomek=TomekLinks())",19
0.005,8698,4370,0.9744882320364742,0.03164600561972855,0.7242798353909465,0.44667143879742305,0.9550000000000001,0.055677643628300216,0.6750952545895393,0.4644960166262556,"SMOTETomek(random_state=19, smote=SMOTE(random_state=19), tomek=TomekLinks())",19
0.01,8698,4392,0.9887394803863178,0.01382595565442291,0.74376751733294,0.49194262440233755,0.9887738140902698,0.02216580500644733,0.6991686872185661,0.5031174229303775,"SMOTETomek(random_state=19, smote=SMOTE(random_state=19), tomek=TomekLinks())",19
0.03,8698,4479,0.9940192580991412,0.004885120183145077,0.7506833549129621,0.5286343612334802,0.9921927497789568,0.00932962469735087,0.699861447869761,0.5181849670938691,"SMOTETomek(random_state=19, smote=SMOTE(random_state=19), tomek=TomekLinks())",19
0.05,8698,4566,0.9963230710269662,0.004959851068827011,0.779430514237144,0.5978844589096827,0.9952337624106832,0.009247473536940951,0.7303429165223415,0.5720471077242812,"SMOTETomek(random_state=19, smote=SMOTE(random_state=19), tomek=TomekLinks())",19
0.1,8698,4783,0.9993644610050957,0.0012710779898087664,0.8314803978935049,0.6524966261808367,0.9988505747126437,0.002298850574712663,0.8004849324558365,0.6432282646345688,"SMOTETomek(random_state=19, smote=SMOTE(random_state=19), tomek=TomekLinks())",19
0.25,8698,5436,0.9991378882288426,0.000703918762642187,0.8557849398485073,0.7119210834308644,0.9989655123818466,0.001053476811575694,0.8318323519224108,0.7015933494977485,"SMOTETomek(random_state=19, smote=SMOTE(random_state=19), tomek=TomekLinks())",19
0.5,8698,6523,0.9991378290394997,0.0007707651254201501,0.8842137592137592,0.7084962673302524,0.9991947403398946,0.0006900969980686505,0.8694146172497402,0.715968133010045,"SMOTETomek(random_state=19, smote=SMOTE(random_state=19), tomek=TomekLinks())",19
1.0,8698,8698,0.9998850574332995,0.0002298851334010976,0.8949843260188087,0.7156130442703589,0.9998850574712644,0.00022988505747125742,0.8839625909248354,0.7296501558711466,"SMOTETomek(random_state=19, smote=SMOTE(random_state=19), tomek=TomekLinks())",19
0.005,8698,4370,0.9665518561040949,0.06689628779181019,0.7216192431798182,0.44689950106913756,0.95,0.09999999999999999,0.6712850710079667,0.46241773467267056,"SMOTETomek(random_state=19, smote=SMOTE(k_neighbors=7, random_state=19),
           tomek=TomekLinks())",19
0.01,8698,4392,0.9755054090222111,0.02342037587317896,0.7382570162481537,0.476275419193721,0.9651628352490421,0.028576629058825367,0.6931070315206096,0.49151368202286116,"SMOTETomek(random_state=19, smote=SMOTE(k_neighbors=7, random_state=19),
           tomek=TomekLinks())",19
0.03,8698,4479,0.9919226701041721,0.007660459046935907,0.748522841908056,0.525886946189102,0.9883465959328028,0.015299892737476735,0.697783165916176,0.5162798753030828,"SMOTETomek(random_state=19, smote=SMOTE(k_neighbors=7, random_state=19),
           tomek=TomekLinks())",19
0.05,8698,4566,0.9987930703998202,0.0024138592003595696,0.7731402612152186,0.5811853554424561,0.9977272727272727,0.004545454545454541,0.7232421198475927,0.558191894700381,"SMOTETomek(random_state=19, smote=SMOTE(k_neighbors=7, random_state=19),
           tomek=TomekLinks())",19
0.1,8698,4783,0.9974645329712498,0.0023850152150393907,0.8321146534074291,0.6441426146010186,0.997471264367816,0.004490120686120597,0.8011776931070316,0.6369934187738137,"SMOTETomek(random_state=19, smote=SMOTE(k_neighbors=7, random_state=19),
           tomek=TomekLinks())",19
0.25,8698,5436,0.9994242254936111,0.00070517863140122,0.8548483045806068,0.7110813525276197,0.9994242279781769,0.0008923926332859183,0.830966401108417,0.7010737790093523,"SMOTETomek(random_state=19, smote=SMOTE(k_neighbors=7, random_state=19),
           tomek=TomekLinks())",19
0.5,8698,6523,0.9994825917415838,0.0004224629219638825,0.884692154153232,0.7195487396439274,0.9995397001959849,0.00043092541891757513,0.8699341877381365,0.724454450987184,"SMOTETomek(random_state=19, smote=SMOTE(k_neighbors=7, random_state=19),
           tomek=TomekLinks())",19
1.0,8698,8698,0.9998850574332995,0.0002298851334010976,0.8949843260188087,0.7156130442703589,0.9998850574712644,0.00022988505747125742,0.8839625909248354,0.7296501558711466,"SMOTETomek(random_state=19, smote=SMOTE(k_neighbors=7, random_state=19),
           tomek=TomekLinks())",19
0.005,8698,4370,0.9744882320364742,0.03164600561972855,0.7209167391935016,0.45135230066736914,0.9550000000000001,0.055677643628300216,0.6667821267751992,0.45895393141669555,"SMOTETomek(random_state=19, smote=SMOTE(k_neighbors=9, random_state=19),
           tomek=TomekLinks())",19
0.01,8698,4392,0.9821805603558929,0.014549511543961266,0.7415929203539823,0.48427784686445197,0.9776628352490422,0.027123514356507995,0.6965708347765847,0.49722895739522,"SMOTETomek(random_state=19, smote=SMOTE(k_neighbors=9, random_state=19),
           tomek=TomekLinks())",19
0.03,8698,4479,0.991922538138008,0.007660674328583019,0.7447421492365313,0.5222994743089706,0.9883465959328028,0.015299892737476735,0.6931070315206096,0.5121233113959127,"SMOTETomek(random_state=19, smote=SMOTE(k_neighbors=9, random_state=19),
           tomek=TomekLinks())",19
0.05,8698,4566,0.9950903778561162,0.004648286173798839,0.7718798918457379,0.5754374380983823,0.9929611674078395,0.00919314513498746,0.7223761690335988,0.5545549012816071,"SMOTETomek(random_state=19, smote=SMOTE(k_neighbors=9, random_state=19),
           tomek=TomekLinks())",19
0.1,8698,4783,0.9968224147323594,0.0034806921601904816,0.8329418672930123,0.6545946860720934,0.9963084736701416,0.004725578170423852,0.8029095947350191,0.6465188777277451,"SMOTETomek(random_state=19, smote=SMOTE(k_neighbors=9, random_state=19),
           tomek=TomekLinks())",19
0.25,8698,5436,0.9994252212594106,0.0007039573147218645,0.856760374832664,0.7179316096747289,0.9994263418749341,0.0008882990890965319,0.8332178732248008,0.7071354347073087,"SMOTETomek(random_state=19, smote=SMOTE(k_neighbors=9, random_state=19),
           tomek=TomekLinks())",19
0.5,8698,6523,0.9994823936044209,0.0006903349798300547,0.8903685351502013,0.7048617386589554,0.9994251550864384,0.0008903410384283869,0.8773813647384828,0.7171804641496363,"SMOTETomek(random_state=19, smote=SMOTE(k_neighbors=9, random_state=19),
           tomek=TomekLinks())",19
1.0,8698,8698,0.9996551720721086,0.00045977066543429775,0.8949843260188087,0.7156130442703589,0.999655172413793,0.00045977011494251484,0.8839625909248354,0.7296501558711466,"SMOTETomek(random_state=19, smote=SMOTE(k_neighbors=9, random_state=19),
           tomek=TomekLinks())",19
0.005,4370,4370,0.8999729624572957,0.10382177134752506,0.7795823665893271,0.4053702901689043,0.8550000000000001,0.12389511693363867,0.7696570834776585,0.5244198129546241,no Sampler(),21
0.01,4392,4392,0.9460883106628476,0.03444892845311409,0.8392638036809816,0.5774436090225564,0.9069444444444444,0.05719794522770558,0.8184967093869069,0.6106685140284032,no Sampler(),21
0.03,4479,4479,0.9810278003205871,0.017012513139295003,0.8454041085620033,0.6517247417264928,0.9653846153846153,0.030769230769230757,0.8214409421544857,0.6555247661932802,no Sampler(),21
0.05,4566,4566,0.9938575010903172,0.006758613519982618,0.8449911084765857,0.6749404964297858,0.988583509513742,0.012448688763041012,0.8188430897125043,0.6688604087287842,no Sampler(),21
0.1,4783,4783,0.9936436008894646,0.0044539896313679755,0.8668972777861332,0.7112555593568252,0.9915820677720122,0.005780041009831092,0.8467267059231036,0.7076550051957049,no Sampler(),21
0.25,5436,5436,0.9985621847170169,0.0012851079617924694,0.8665063138905592,0.7040220006875215,0.9980480811891861,0.0017622855197414712,0.8462071354347074,0.7017665396605473,no Sampler(),21
0.5,6523,6523,0.9994827909856451,0.0004222995123627695,0.8792919273615138,0.7113528689243727,0.9995400976151739,0.0004301109922113393,0.8630065812261863,0.7151021821960513,no Sampler(),21
1.0,8698,8698,0.9998850574332995,0.0002298851334010976,0.8849992323046215,0.7297533671506035,0.9998850574712644,0.00022988505747125742,0.870280568063734,0.7324211984759266,no Sampler(),21
0.005,8698,4370,0.9856568474604085,0.02868630507918275,0.8590893984712529,0.5872427983539095,0.975,0.049999999999999996,0.8531347419466575,0.6525805334257014,RandomOverSampler(random_state=21),21
0.01,8698,4392,0.9806610845168844,0.025450766402943147,0.8582935560859188,0.6907287033869313,0.9652777777777779,0.04521894610027698,0.8354693453411846,0.6868721856598545,RandomOverSampler(random_state=21),21
0.03,8698,4479,0.987872345961816,0.014871224105671618,0.856333830104322,0.7008633824276282,0.9843854995579134,0.02247083253989901,0.8330446830620021,0.6939729823346034,RandomOverSampler(random_state=21),21
0.05,8698,4566,0.9975849251283779,0.0029590259316224217,0.8725728155339806,0.7217062263501892,0.9975593438060321,0.0045990273451236826,0.8545202632490474,0.7197783165916176,RandomOverSampler(random_state=21),21
0.1,8698,4783,0.997464361661077,0.0012680586898605917,0.8820198928844682,0.7390403866068347,0.9974578989574979,0.002652573020275476,0.8664703844821614,0.7381364738482854,RandomOverSampler(random_state=21),21
0.25,8698,5436,0.9979853432981434,0.0011555644255241573,0.8746585735963581,0.7118290776446066,0.9978138360683166,0.0016851082571781347,0.85694492552823,0.7126775199168687,RandomOverSampler(random_state=21),21
0.5,8698,6523,0.9989668932445737,0.0012639512934508454,0.8588883921919237,0.7046684709066305,0.999080459770115,0.0008601511233962823,0.8359889158295809,0.6976099757533772,RandomOverSampler(random_state=21),21
1.0,8698,8698,0.9996551060888301,0.0002816047251990426,0.8849992323046215,0.7297533671506035,0.9996550401439096,0.00028165864658067735,0.870280568063734,0.7324211984759266,RandomOverSampler(random_state=21),21
0.005,42,4370,0.5553006742975147,0.02092523152464263,0.8344308560677328,0.7387173396674585,0.9689563906194198,0.00928970001448388,0.8171111880845168,0.7332871492899203,RandomUnderSampler(random_state=21),21
0.01,86,4392,0.6436263291437179,0.05227085104983101,0.8703396226415094,0.7813059762253705,0.9535126802728288,0.03554181798368394,0.8512296501558712,0.7674056113612746,RandomUnderSampler(random_state=21),21
0.03,260,4479,0.9544124426628287,0.02764021464717123,0.8534201954397395,0.7485455720749838,0.9895490716180373,0.007452988282908241,0.8285417388292344,0.7305161066851402,RandomUnderSampler(random_state=21),21
0.05,434,4566,0.9917052791745634,0.005988604081864373,0.8568449277521227,0.7374136229022705,0.9970373530150919,0.004239646512972385,0.8335642535503983,0.7235885001731901,RandomUnderSampler(random_state=21),21
0.1,868,4783,0.9937554126581933,0.005204725773107706,0.8648567571621419,0.7424393486208043,0.9978159596841396,0.0029617899242631376,0.8439556633183236,0.7315552476619328,RandomUnderSampler(random_state=21),21
0.25,2174,5436,0.9971351779803787,0.0018104391588488675,0.858121185052851,0.7141659681475272,0.9985068016450491,0.0011816651562539739,0.8349497748527883,0.7047107724281261,RandomUnderSampler(random_state=21),21
0.5,4348,6523,0.9994824610324671,0.0006899693306125422,0.8630034436292858,0.7290376569037657,0.9995402298850575,0.0005631010902949665,0.841531001039141,0.7196051264288188,RandomUnderSampler(random_state=21),21
1.0,8698,8698,0.9996551058610403,0.00045980378878375956,0.8617132605770669,0.7183975761656287,0.9996550401439096,0.0004598363212220923,0.8397990994111535,0.7102528576376862,RandomUnderSampler(random_state=21),21
0.005,8698,4370,0.9522087035645036,0.06586739526723598,0.8399538486896324,0.5509573810994441,0.925,0.09999999999999999,0.8318323519224108,0.6222722549359196,"SMOTE(k_neighbors=3, random_state=21)",21
0.01,8698,4392,0.9680461419881489,0.028220028273111902,0.8608617594254937,0.6888238333046324,0.9430555555555555,0.049767980186580345,0.8389331485971596,0.6870453758226533,"SMOTE(k_neighbors=3, random_state=21)",21
0.03,8698,4479,0.9920010355315385,0.0040020434758575064,0.8634520054078414,0.709094011260877,0.9883465959328028,0.009282118491780471,0.8425701420159335,0.7047107724281261,"SMOTE(k_neighbors=3, random_state=21)",21
0.05,8698,4566,0.9915199665846008,0.006075388327598036,0.8711693855770697,0.7092050209205021,0.9904057009550193,0.008341380167414588,0.8536543124350537,0.71111880845168,"SMOTE(k_neighbors=3, random_state=21)",21
0.1,8698,4783,0.9968289927881834,0.001999268638324415,0.8821548821548821,0.727304408433525,0.9963084736701416,0.002792512424579492,0.8666435746449601,0.7289573952199515,"SMOTE(k_neighbors=3, random_state=21)",21
0.25,8698,5436,0.9988464544526421,0.0014128025374363533,0.8637794095609171,0.7168725672702657,0.9981609098211643,0.002252426184013508,0.8425701420159335,0.7102528576376862,"SMOTE(k_neighbors=3, random_state=21)",21
0.5,8698,6523,0.9996551720721086,0.0004223263524411363,0.8665063138905592,0.7187765505522515,0.999655172413793,0.0004597701149425148,0.8462071354347074,0.7133702805680637,"SMOTE(k_neighbors=3, random_state=21)",21
1.0,8698,8698,0.999770114866599,0.00028155063814216556,0.8849992323046215,0.7297533671506035,0.9997701149425288,0.00028155054514748324,0.870280568063734,0.7324211984759266,"SMOTE(k_neighbors=3, random_state=21)",21
0.005,8698,4370,0.9888313845760655,0.02233723084786918,0.8370491803278689,0.5507660878447396,0.9800000000000001,0.03999999999999999,0.8278489781780395,0.6191548320055421,SMOTE(random_state=21),21
0.01,8698,4392,0.974721161355667,0.023646093206423687,0.8559094968740697,0.6872758326216909,0.9541666666666666,0.04203540541783767,0.832351922410807,0.6828888119154832,SMOTE(random_state=21),21
0.03,8698,4479,0.9898303235577813,0.012827432127764422,0.8545967622159513,0.7032117033798554,0.9845003098167655,0.01898403801059131,0.8304468306200208,0.6943193626602009,SMOTE(random_state=21),21
0.05,8698,4566,0.9975592276166543,0.0029896293017202245,0.8606459330143541,0.7095681625740897,0.995401691331924,0.00563237497029904,0.8385867682715622,0.7029788708001385,SMOTE(random_state=21),21
0.1,8698,4783,0.9968090251163444,0.003517396815585313,0.8878619839802834,0.7357730695149711,0.9963218390804599,0.006786477893850782,0.8739175614825079,0.7386560443366816,SMOTE(random_state=21),21
0.25,8698,5436,0.9994242915525575,0.0007050979672105855,0.8678109003312255,0.7114461960246744,0.9990804549105821,0.001126213092006727,0.8479390370626949,0.7083477658469,SMOTE(random_state=21),21
0.5,8698,6523,0.9996549066169791,0.00042265198673884505,0.8619709884851204,0.7121340328312743,0.9996546427247207,0.00046069735629417964,0.8401454797367509,0.7054035330793211,SMOTE(random_state=21),21
1.0,8698,8698,0.9997700486555307,0.00028163174926613114,0.8849992323046215,0.7297533671506035,0.9997699826726454,0.00028171261963820814,0.870280568063734,0.7324211984759266,SMOTE(random_state=21),21
0.005,8698,4370,0.9856568474604085,0.02868630507918275,0.8267936299458217,0.5380523731587561,0.975,0.049999999999999996,0.8172843782473156,0.6089366124004156,"SMOTE(k_neighbors=7, random_state=21)",21
0.01,8698,4392,0.9813962466304028,0.015257241351871577,0.8472775564409031,0.6781725888324873,0.9652777777777779,0.02846375212766556,0.8207481815032907,0.6705923103567717,"SMOTE(k_neighbors=7, random_state=21)",21
0.03,8698,4479,0.9899043813255013,0.0065093604646239405,0.8511772545535318,0.6998491704374057,0.9845003098167655,0.014269295620970611,0.8259438863872532,0.6898164184274334,"SMOTE(k_neighbors=7, random_state=21)",21
0.05,8698,4566,0.9913852310998209,0.007467399899742407,0.8609649782053209,0.7037290455011974,0.9882479162110277,0.014451067248713964,0.8397990994111535,0.7000346380325597,"SMOTE(k_neighbors=7, random_state=21)",21
0.1,8698,4783,0.9955902185850043,0.004235759633040507,0.8890945549899738,0.7426675977653632,0.99607819180302,0.0030367204773202,0.8754762729476966,0.7447177000346381,"SMOTE(k_neighbors=7, random_state=21)",21
0.25,8698,5436,0.9991348371041706,0.001154801995372413,0.8742605794023964,0.7234262125902993,0.9989633984850892,0.0017996645959267334,0.8564253550398337,0.7215102182196051,"SMOTE(k_neighbors=7, random_state=21)",21
0.5,8698,6523,0.9996551060131622,0.0004224073481688005,0.8706948640483384,0.7216142270861833,0.999655172413793,0.00045977011494251484,0.8517492206442674,0.7180464149636301,"SMOTE(k_neighbors=7, random_state=21)",21
1.0,8698,8698,0.9996551058610403,0.00045980378878375956,0.8849992323046215,0.7297533671506035,0.9996550401439096,0.0004598363212220923,0.870280568063734,0.7324211984759266,"SMOTE(k_neighbors=7, random_state=21)",21
0.005,8698,4370,0.9856568474604087,0.02868630507918275,0.8351863963374755,0.551738158162228,0.975,0.049999999999999996,0.825424315898857,0.6181156910287495,"SMOTE(k_neighbors=9, random_state=21)",21
0.01,8698,4392,0.9731037780398694,0.039207559328243706,0.8485207100591716,0.6768655447900731,0.9541666666666666,0.06508541396588882,0.8226532732940769,0.6707655005195705,"SMOTE(k_neighbors=9, random_state=21)",21
0.03,8698,4479,0.9878077275754364,0.007741972891649148,0.8580838323353294,0.696068376068376,0.9806542882404952,0.017073077309480468,0.8358157256667822,0.6920678905438171,"SMOTE(k_neighbors=9, random_state=21)",21
0.05,8698,4566,0.9914716305937308,0.009135152740439046,0.8671792552389568,0.710928118030537,0.9883007703336493,0.010553833289355585,0.8474194665742986,0.7081745756841011,"SMOTE(k_neighbors=9, random_state=21)",21
0.1,8698,4783,0.9955447864533248,0.0015781633935730223,0.8801343716597954,0.736823975198071,0.9940228562358637,0.004884573113223942,0.8640457222029789,0.7353654312435054,"SMOTE(k_neighbors=9, random_state=21)",21
0.25,8698,5436,0.9988504350986617,0.0010739975831836,0.8725401150469271,0.7151975159565293,0.9991943429207055,0.0008619921124249946,0.85417388292345,0.7140630412192588,"SMOTE(k_neighbors=9, random_state=21)",21
0.5,8698,6523,0.999482394783565,0.0004226229066986142,0.862228870605834,0.7082201086956522,0.999425287356322,0.0005140386155171775,0.8404918600623484,0.7024593003117423,"SMOTE(k_neighbors=9, random_state=21)",21
1.0,8698,8698,0.9997701146388092,0.0004597707223816805,0.8849992323046215,0.7297533671506035,0.9997701149425288,0.00045977011494251484,0.870280568063734,0.7324211984759266,"SMOTE(k_neighbors=9, random_state=21)",21
0.005,8698,4370,0.9426273898416344,0.08363423247878547,0.7801571406562934,0.5436821776715101,0.915,0.11789826122551599,0.7528576376861794,0.5703152060962937,"BorderlineSMOTE(k_neighbors=3, random_state=21)",21
0.01,8698,4392,0.9754564554353491,0.012365398113819051,0.8091625328275459,0.6245365689248399,0.9541666666666666,0.023073955174772436,0.7734672670592311,0.6141323172843782,"BorderlineSMOTE(k_neighbors=3, random_state=21)",21
0.03,8698,4479,0.9775502864798344,0.015618903098246225,0.8324813787060026,0.6742951907131012,0.9688858093746789,0.023193225254312742,0.8013508832698302,0.6598545202632491,"BorderlineSMOTE(k_neighbors=3, random_state=21)",21
0.05,8698,4566,0.9975594760759154,0.004881047848168941,0.8384819064430715,0.6776084407971864,0.9954545454545455,0.009090909090909084,0.8098372012469692,0.6666089366124004,"BorderlineSMOTE(k_neighbors=3, random_state=21)",21
0.1,8698,4783,0.9980933606042754,0.001556906602338527,0.9045825486503453,0.7520114428750223,0.9975728414862335,0.0027461361879327533,0.8947003810183581,0.7597852441981295,"BorderlineSMOTE(k_neighbors=3, random_state=21)",21
0.25,8698,5436,0.9979932333353041,0.0014568065491637726,0.8785103785103785,0.7124583844401612,0.9985053454572537,0.001066598911043143,0.8621406304121926,0.7157949428472463,"BorderlineSMOTE(k_neighbors=3, random_state=21)",21
0.5,8698,6523,0.9998274869475038,0.00034502610499238524,0.8625954198473282,0.7041224560793181,0.9997701149425288,0.00045977011494251484,0.8441288534811222,0.7054035330793211,"BorderlineSMOTE(k_neighbors=3, random_state=21)",21
1.0,8698,8698,0.9997700488076525,0.00028163156286627525,0.8849992323046215,0.7297533671506035,0.9997701149425288,0.00028155054514748324,0.870280568063734,0.7324211984759266,"BorderlineSMOTE(k_neighbors=3, random_state=21)",21
0.005,8698,4370,0.9378655510249121,0.061566729235098525,0.8036558462023322,0.5522501906941266,0.9,0.09354143466934853,0.7842050571527537,0.5933494977485279,BorderlineSMOTE(random_state=21),21
0.01,8698,4392,0.9746721417098592,0.012784779327505045,0.8121546961325967,0.626890756302521,0.9527777777777778,0.023814483610392012,0.7762383096640111,0.6155178385867683,BorderlineSMOTE(random_state=21),21
0.03,8698,4479,0.991923961096375,0.009894077933639504,0.8439289384818676,0.6920265780730896,0.9883465959328028,0.015443690759275297,0.8158988569449255,0.6789054381711119,BorderlineSMOTE(random_state=21),21
0.05,8698,4566,0.9925389923628909,0.007308731187933973,0.8505747126436781,0.6889153754469607,0.9861522198731502,0.013489299907779525,0.8266366470384483,0.6835815725666783,BorderlineSMOTE(random_state=21),21
0.1,8698,4783,0.9949288705358288,0.003235561798982629,0.9117693648027879,0.7362030905077263,0.9949425287356322,0.005505255179231282,0.9035330793210945,0.7516453065465881,BorderlineSMOTE(random_state=21),21
0.25,8698,5436,0.9985599988981203,0.0018248163438931396,0.877454711523824,0.7144351464435147,0.9983873619234991,0.0026871201305922747,0.8605819189470039,0.7163145133356426,BorderlineSMOTE(random_state=21),21
0.5,8698,6523,0.9993093496017279,0.0010073840777773616,0.8660645951324047,0.6998946998946999,0.9993092854494412,0.00111648530656645,0.8484586075510911,0.7038448216141323,BorderlineSMOTE(random_state=21),21
1.0,8698,8698,0.9997700488076525,0.00028163156286627525,0.8849992323046215,0.7297533671506035,0.9997701149425288,0.00028155054514748324,0.870280568063734,0.7324211984759266,BorderlineSMOTE(random_state=21),21
0.005,8698,4370,0.9282842373020431,0.07856068191671703,0.8185721100333916,0.5703290359822974,0.89,0.11022703842524303,0.8023900242466229,0.6132663664703846,"BorderlineSMOTE(k_neighbors=7, random_state=21)",21
0.01,8698,4392,0.9865517901589126,0.016470626032269838,0.8035843329960977,0.6147925033467202,0.975,0.03061862178478973,0.7646345687564946,0.6013162452372705,"BorderlineSMOTE(k_neighbors=7, random_state=21)",21
0.03,8698,4479,0.9919240930625388,0.009893911229768475,0.8332607749238137,0.6826151073242668,0.9883465959328028,0.015443690759275297,0.8010045029442328,0.6645306546588154,"BorderlineSMOTE(k_neighbors=7, random_state=21)",21
0.05,8698,4566,0.996297307456296,0.004971682469455526,0.8472408151123011,0.6871082500423513,0.9952338946805668,0.00924753348393416,0.8221337028056807,0.6801177693107032,"BorderlineSMOTE(k_neighbors=7, random_state=21)",21
0.1,8698,4783,0.9974578986537784,0.003113494497122266,0.9072002520876005,0.7425670775924583,0.997471264367816,0.0045048087223598645,0.8979909941115345,0.7540699688257707,"BorderlineSMOTE(k_neighbors=7, random_state=21)",21
0.25,8698,5436,0.9985612597937668,0.0015737367385163555,0.877054169202678,0.7142857142857143,0.9980459672924287,0.0019064028687247284,0.8600623484586076,0.715968133010045,"BorderlineSMOTE(k_neighbors=7, random_state=21)",21
0.5,8698,6523,0.999310475239277,0.0006445511522966034,0.8674625038261402,0.7024373136945468,0.999425287356322,0.0005140386155171775,0.8500173190162799,0.7060962937305162,"BorderlineSMOTE(k_neighbors=7, random_state=21)",21
1.0,8698,8698,0.9994252206519713,0.0008903421851978028,0.8849992323046215,0.7297533671506035,0.999425287356322,0.000890340999128115,0.870280568063734,0.7324211984759266,"BorderlineSMOTE(k_neighbors=7, random_state=21)",21
0.005,8698,4370,0.9522087035645036,0.06586739526723596,0.8297526041666666,0.5680143397729536,0.925,0.09999999999999999,0.8188430897125043,0.6243505368895046,"BorderlineSMOTE(k_neighbors=9, random_state=21)",21
0.01,8698,4392,0.9873851894374284,0.025229621125143528,0.831260061466413,0.6580406654343808,0.9777777777777779,0.04444444444444447,0.8003117422930377,0.6475580187045376,"BorderlineSMOTE(k_neighbors=9, random_state=21)",21
0.03,8698,4479,0.9818930924714848,0.011797606800849653,0.836051252184042,0.6845482968570018,0.9765781170669865,0.018777313383085203,0.804987876688604,0.6679944579147904,"BorderlineSMOTE(k_neighbors=9, random_state=21)",21
0.05,8698,4566,0.9939645621560652,0.0037759463962304058,0.8497687602566015,0.686765457332652,0.9928990790017252,0.005569192555287292,0.8255975060616557,0.6815032906130931,"BorderlineSMOTE(k_neighbors=9, random_state=21)",21
0.1,8698,4783,0.9961933590445249,0.005097575406260534,0.9121750158528852,0.7318425429680281,0.9962068965517241,0.007025612317211977,0.9040526498094907,0.7487010737790094,"BorderlineSMOTE(k_neighbors=9, random_state=21)",21
0.25,8698,5436,0.9971323678118669,0.003261861799473351,0.877454711523824,0.7106137436614792,0.9971274815811558,0.002767104739051094,0.8605819189470039,0.7133702805680637,"BorderlineSMOTE(k_neighbors=9, random_state=21)",21
0.5,8698,6523,0.9993093484162514,0.000646623077425824,0.8716372021521906,0.7020335985853228,0.999194210650822,0.0008619567146191388,0.8553862140630413,0.7081745756841011,"BorderlineSMOTE(k_neighbors=9, random_state=21)",21
1.0,8698,8698,0.9997700486555307,0.00028163174926613114,0.8849992323046215,0.7297533671506035,0.9997699826726454,0.0002817126196382082,0.870280568063734,0.7324211984759266,"BorderlineSMOTE(k_neighbors=9, random_state=21)",21
0.005,4370,4370,0.8252553726226566,0.19704310313968135,0.7742682321812469,0.38764411572764845,0.8,0.203100960115899,0.7635954277797021,0.5124696917215102,EditedNearestNeighbours(),21
0.01,4392,4392,0.9603698540265704,0.032521709133299014,0.8347194919098745,0.5808471454880295,0.9305555555555556,0.05692750425533112,0.8107031520609629,0.6058191894700381,EditedNearestNeighbours(),21
0.03,4479,4479,0.9807623805895889,0.02109852034043465,0.8420425785320828,0.6550233442849732,0.9653846153846153,0.037289845057048694,0.8162452372705231,0.6544856252164877,EditedNearestNeighbours(),21
0.05,4566,4566,0.9926235922482046,0.006050653964689895,0.8512850987966127,0.6843627701208099,0.9862579281183933,0.01111319987558026,0.8266366470384482,0.6787322480083131,EditedNearestNeighbours(),21
0.1,4780,4783,0.995510843287587,0.004358665956168857,0.8704318936877077,0.7143348229632176,0.9929484095161722,0.006845191679759513,0.85140284031867,0.7121579494284724,EditedNearestNeighbours(),21
0.25,5433,5436,0.9991378882288424,0.000703918762642187,0.8658554904611687,0.7096222867885832,0.9989655123818466,0.001053476811575694,0.8453411846207135,0.7057499134049185,EditedNearestNeighbours(),21
0.5,6520,6523,0.9996550401439096,0.0006899197121807532,0.8783907345321549,0.713961209156037,0.9996550401439096,0.0006899197121807532,0.8617942500865952,0.7164877034984414,EditedNearestNeighbours(),21
1.0,8695,8698,0.9997701146388092,0.0004597707223816805,0.8663760709454381,0.7229935658652218,0.9997701149425288,0.00045977011494251484,0.8460339452719086,0.71666089366124,EditedNearestNeighbours(),21
0.005,4370,4370,0.8999729624572957,0.10382177134752506,0.7742682321812469,0.38764411572764845,0.8550000000000001,0.12389511693363868,0.7635954277797021,0.5124696917215102,EditedNearestNeighbours(n_neighbors=5),21
0.01,4392,4392,0.9669957217821168,0.022945070319202215,0.8347194919098745,0.5808471454880295,0.9402777777777779,0.03967460238079361,0.8107031520609629,0.6058191894700381,EditedNearestNeighbours(n_neighbors=5),21
0.03,4479,4479,0.9769914210925995,0.012676883961351972,0.8420425785320828,0.6550233442849732,0.9576923076923076,0.02242673805709733,0.8162452372705231,0.6544856252164877,EditedNearestNeighbours(n_neighbors=5),21
0.05,4566,4566,0.9938294897720713,0.003946856025211799,0.8512850987966127,0.6843627701208099,0.9884249471458773,0.007354893778773357,0.8266366470384482,0.6787322480083131,EditedNearestNeighbours(n_neighbors=5),21
0.1,4779,4783,0.9923261614559152,0.0025715335268567657,0.8699064292182312,0.7125171939477304,0.9882357658380112,0.004943831853992074,0.8507100796674749,0.7104260478004849,EditedNearestNeighbours(n_neighbors=5),21
0.25,5433,5436,0.9988484534717881,0.0010771726339481144,0.8658554904611687,0.7096222867885832,0.9985067967855162,0.0017625612498990103,0.8453411846207135,0.7057499134049185,EditedNearestNeighbours(n_neighbors=5),21
0.5,6518,6523,0.999138029268822,0.0009438075673139475,0.8802322028719829,0.7203212290502793,0.999080459770115,0.000860151123396318,0.8642189123657776,0.7225493591963976,EditedNearestNeighbours(n_neighbors=5),21
1.0,8690,8698,0.9998849912222312,0.00023001755553773152,0.858121185052851,0.7278155581356776,0.9998849252013808,0.00023014959723819395,0.8349497748527883,0.7157949428472463,EditedNearestNeighbours(n_neighbors=5),21
0.005,4370,4370,0.9127506084961764,0.0565021882006948,0.7742682321812469,0.38764411572764845,0.86,0.0845576726264388,0.7635954277797021,0.5124696917215102,EditedNearestNeighbours(n_neighbors=7),21
0.01,4392,4392,0.9577507404623404,0.053053164434050136,0.8347194919098745,0.5808471454880295,0.9305555555555556,0.08134194702414621,0.8107031520609629,0.6058191894700381,EditedNearestNeighbours(n_neighbors=7),21
0.03,4479,4479,0.9811062977141176,0.01576281831312087,0.8420425785320828,0.6550233442849732,0.9653846153846153,0.02826334318595975,0.8162452372705231,0.6544856252164877,EditedNearestNeighbours(n_neighbors=7),21
0.05,4566,4566,0.9899559920355309,0.008694028272988465,0.8512850987966127,0.6843627701208099,0.9814482029598309,0.01579657556664077,0.8266366470384482,0.6787322480083131,EditedNearestNeighbours(n_neighbors=7),21
0.1,4778,4783,0.9968091532333769,0.0020201039508725245,0.8689883913764511,0.7118818681318682,0.9942395081529003,0.003634900197930265,0.8494977485278836,0.7093869068236924,EditedNearestNeighbours(n_neighbors=7),21
0.25,5430,5436,0.9985590650823474,0.001289708553703997,0.8635205992509364,0.7107409925220938,0.9980438533956715,0.0017693032508632966,0.842223761690336,0.7052303429165223,EditedNearestNeighbours(n_neighbors=7),21
0.5,6516,6523,0.9994830543507195,0.000689013810264715,0.8778556198598843,0.7250389340716387,0.9995402298850575,0.0005631010902949665,0.8611014894354001,0.7248008313127814,EditedNearestNeighbours(n_neighbors=7),21
1.0,8687,8698,0.9994252871664973,0.0006295663659942869,0.8704318936877077,0.7211489143443324,0.999425287356322,0.000629566158051896,0.85140284031867,0.7175268444752338,EditedNearestNeighbours(n_neighbors=7),21
0.005,4370,4370,0.9235223984853208,0.05320675228368669,0.7742682321812469,0.38764411572764845,0.875,0.07905694150420949,0.7635954277797021,0.5124696917215102,EditedNearestNeighbours(n_neighbors=9),21
0.01,4392,4392,0.9585841397408561,0.05681457616461647,0.8347194919098745,0.5808471454880295,0.9333333333333332,0.0888888888888889,0.8107031520609629,0.6058191894700381,EditedNearestNeighbours(n_neighbors=9),21
0.03,4479,4479,0.9832860531707247,0.014581938540826202,0.8420425785320828,0.6550233442849732,0.9692307692307693,0.026085884550481792,0.8162452372705231,0.6544856252164877,EditedNearestNeighbours(n_neighbors=9),21
0.05,4566,4566,0.991361738146793,0.006319315237802027,0.8512850987966127,0.6843627701208099,0.9839323467230443,0.011631990441935207,0.8266366470384482,0.6787322480083131,EditedNearestNeighbours(n_neighbors=9),21
0.1,4778,4783,0.9974380240595428,0.0037433244147303474,0.8689883913764511,0.7118818681318682,0.9954022988505746,0.0067022435572934224,0.8494977485278836,0.7093869068236924,EditedNearestNeighbours(n_neighbors=9),21
0.25,5430,5436,0.9982697477548343,0.0016824331281708863,0.8635205992509364,0.7107409925220938,0.9975830239025839,0.0021977980966561028,0.842223761690336,0.7052303429165223,EditedNearestNeighbours(n_neighbors=9),21
0.5,6513,6523,0.9998274208885574,0.0003451582228851002,0.8812366085093358,0.7132547086780496,0.9997701149425288,0.00045977011494251484,0.8656044336681676,0.7178732248008313,EditedNearestNeighbours(n_neighbors=9),21
1.0,8683,8698,0.9993102108861937,0.0006703171312496213,0.8632619439868204,0.7271507630387389,0.9993100802878192,0.0006704060127236658,0.8418773813647384,0.7182196051264289,EditedNearestNeighbours(n_neighbors=9),21
0.005,4370,4370,0.9266969356009775,0.05386559662991999,0.7795823665893271,0.4053702901689043,0.8800000000000001,0.07968688725254613,0.7696570834776585,0.5244198129546241,TomekLinks(),21
0.01,4392,4392,0.9589315202393831,0.03930890506291263,0.8392638036809816,0.5774436090225564,0.9291666666666666,0.0621750813488872,0.8184967093869069,0.6106685140284032,TomekLinks(),21
0.03,4479,4479,0.9790094463921701,0.015137696418766004,0.8454041085620033,0.6517247417264928,0.9615384615384617,0.027196414661021056,0.8214409421544857,0.6555247661932802,TomekLinks(),21
0.05,4566,4566,0.9913321288216576,0.0064214323799235504,0.8449911084765857,0.6749404964297858,0.9838794926004228,0.011818541107292774,0.8188430897125043,0.6688604087287842,TomekLinks(),21
0.1,4783,4783,0.9968224527364775,0.0019992252526586864,0.8668972777861332,0.7112555593568252,0.9952739909115209,0.002372796643750139,0.8467267059231036,0.7076550051957049,TomekLinks(),21
0.25,5436,5436,0.9988505673685453,0.0010737858410361692,0.8665063138905592,0.7040220006875215,0.9985067967855162,0.0012368029279581578,0.8462071354347074,0.7017665396605473,TomekLinks(),21
0.5,6523,6523,0.9994829882917731,0.0006890469582877608,0.8792919273615138,0.7113528689243727,0.9995402298850575,0.0005631010902949665,0.8630065812261863,0.7151021821960513,TomekLinks(),21
1.0,8698,8698,0.9998850574332995,0.0002298851334010976,0.8849992323046215,0.7297533671506035,0.9998850574712644,0.00022988505747125742,0.870280568063734,0.7324211984759266,TomekLinks(),21
0.005,8702,4370,0.9286592675364785,0.11678016993109629,0.8251903553299492,0.5501174628034455,0.905,0.1452583904633395,0.8091444405957742,0.6020090058884655,"ADASYN(n_neighbors=3, random_state=21)",21
0.01,8695,4392,0.9737198267026604,0.0264394249027088,0.8757649938800489,0.6864497676081516,0.9527777777777778,0.04614791034954486,0.8593695878074126,0.6962244544509872,"ADASYN(n_neighbors=3, random_state=21)",21
0.03,8693,4479,0.9897428485886186,0.01149641449487348,0.8639878695981804,0.6918107211454514,0.984500442086649,0.022348931380033365,0.8446484239695186,0.6943193626602009,"ADASYN(n_neighbors=3, random_state=21)",21
0.05,8699,4566,0.9927309675284409,0.004510296617810518,0.8816051462704855,0.718272775144813,0.990626351728998,0.008280871290311635,0.8661240041565639,0.7220297887080014,"ADASYN(n_neighbors=3, random_state=21)",21
0.1,8697,4783,0.9955379994026817,0.0025604062985460814,0.920939147101102,0.7608217168011738,0.994009623095429,0.005019122842058273,0.9142708694146173,0.7741600277104261,"ADASYN(n_neighbors=3, random_state=21)",21
0.25,8696,5436,0.996818639440681,0.003607387878484887,0.8648729896287389,0.6843205574912892,0.9959705180959665,0.00529216514957085,0.844302043643921,0.6861794250086595,"ADASYN(n_neighbors=3, random_state=21)",21
0.5,8699,6523,0.9994819961832588,0.0006905336194551918,0.8703535811423391,0.7266223811957078,0.9993098151385137,0.0009198056463571939,0.8514028403186699,0.7220297887080014,"ADASYN(n_neighbors=3, random_state=21)",21
1.0,8698,8698,,,0.8849992323046215,0.7297533671506035,,,0.870280568063734,0.7324211984759266,"ADASYN(n_neighbors=3, random_state=21)",21
0.005,8703,4370,0.9522087035645036,0.06586739526723596,0.8416005291005291,0.5548679867986799,0.925,0.09999999999999999,0.8340838240387947,0.6262556286802909,ADASYN(random_state=21),21
0.01,8694,4392,0.9737198927616069,0.026439416360378158,0.8552729436263573,0.6839945280437757,0.9527777777777778,0.04614791034954486,0.8314859715968133,0.6799445791479044,ADASYN(random_state=21),21
0.03,8688,4479,0.9959634888058485,0.0049436963844552055,0.8434017595307918,0.6966292134831461,0.9923076923076923,0.009421114395319882,0.8150329061309318,0.6820228611014895,ADASYN(random_state=21),21
0.05,8697,4566,0.9975592276166543,0.0029896293017202245,0.8606224627875507,0.700171526586621,0.995401691331924,0.00563237497029904,0.839452719085556,0.6972635954277797,ADASYN(random_state=21),21
0.1,8698,4783,0.9968289265771151,0.0019992677702985588,0.9139285141849656,0.7198186283771019,0.9963083414002583,0.002792364802500918,0.9069968825770696,0.7431589885694493,ADASYN(random_state=21),21
0.25,8700,5436,0.998276715731636,0.0014081306826451844,0.8671181339352897,0.7125021378484693,0.9986205525257562,0.0012910954961197609,0.847073086248701,0.7088673363352962,ADASYN(random_state=21),21
0.5,8699,6523,0.9996551720721086,0.0004223263524411363,0.8621365074581889,0.7037418468932373,0.999655172413793,0.00045977011494251484,0.841531001039141,0.7010737790093522,ADASYN(random_state=21),21
1.0,8698,8698,,,0.8849992323046215,0.7297533671506035,,,0.870280568063734,0.7324211984759266,ADASYN(random_state=21),21
0.005,8703,4370,0.9856568474604087,0.02868630507918275,0.8394124442977389,0.5551674542839532,0.975,0.049999999999999996,0.8314859715968133,0.6250432975406996,"ADASYN(n_neighbors=7, random_state=21)",21
0.01,8697,4392,0.981396312689349,0.01525719331228027,0.8470622970180101,0.6778398510242085,0.9652777777777779,0.02846375212766556,0.8205749913404918,0.670419120193973,"ADASYN(n_neighbors=7, random_state=21)",21
0.03,8698,4479,0.9959634888058485,0.0049436963844552055,0.8306533391279154,0.6842705786471067,0.9923076923076923,0.009421114395319882,0.7975406996882577,0.6645306546588154,"ADASYN(n_neighbors=7, random_state=21)",21
0.05,8716,4566,0.995171491756245,0.004481784688742309,0.8518902891030393,0.6940978077571669,0.9930140215304609,0.005706928301650704,0.8269830273640457,0.685833044683062,"ADASYN(n_neighbors=7, random_state=21)",21
0.1,8691,4783,0.9968354019097656,0.0020204194997946474,0.9255904238110644,0.7456090651558074,0.9983773069174996,0.002393367302541348,0.9203325251125736,0.7667128507100797,"ADASYN(n_neighbors=7, random_state=21)",21
0.25,8698,5436,0.9997116148639058,0.0005767702721883428,0.871616512929079,0.713891761461565,0.9995391705069124,0.0009216589861750891,0.8529615517838587,0.71250432975407,"ADASYN(n_neighbors=7, random_state=21)",21
0.5,8697,6523,0.9998274869475038,0.00034502610499238524,0.8654313487241798,0.6897035607788108,0.9997701149425288,0.00045977011494251484,0.8465535157603048,0.6936266020090058,"ADASYN(n_neighbors=7, random_state=21)",21
1.0,8698,8698,,,0.8849992323046215,0.7297533671506035,,,0.870280568063734,0.7324211984759266,"ADASYN(n_neighbors=7, random_state=21)",21
0.005,8695,4370,0.9286592675364785,0.11678016993109629,0.8415857871360422,0.5513268874717137,0.905,0.1452583904633395,0.8332178732248008,0.6222722549359196,"ADASYN(n_neighbors=9, random_state=21)",21
0.01,8696,4392,0.9813962466304028,0.015257241351871577,0.8451784134473607,0.6700628290032263,0.9652777777777779,0.02846375212766556,0.8181503290613092,0.6634915136820229,"ADASYN(n_neighbors=9, random_state=21)",21
0.03,8705,4479,0.9901306645678339,0.01065089139617431,0.8413348946135831,0.6913539428004629,0.9882316534040673,0.009617976824684266,0.8122618635261518,0.6766539660547282,"ADASYN(n_neighbors=9, random_state=21)",21
0.05,8698,4566,0.9963252527155955,0.0030008228873332522,0.8601377657981432,0.7030158459703527,0.993076109936575,0.005654156076243697,0.8382403879459647,0.6981295462417735,"ADASYN(n_neighbors=9, random_state=21)",21
0.1,8683,4783,0.9961595719298819,0.004749191318085223,0.9013291634089132,0.7401828940290479,0.9961668003207699,0.007096342676701738,0.8907170072739868,0.7490474541046068,"ADASYN(n_neighbors=9, random_state=21)",21
0.25,8684,5436,0.9994262071538685,0.0007027515744396155,0.876565841735411,0.689126559714795,0.9997699826726454,0.00028171261963820814,0.8600623484586076,0.6979563560789748,"ADASYN(n_neighbors=9, random_state=21)",21
0.5,8694,6523,0.9994825929606661,0.00042246130236896776,0.8766243693624828,0.707703130495955,0.9995402298850575,0.00043007556169814116,0.8602355386214062,0.7121579494284724,"ADASYN(n_neighbors=9, random_state=21)",21
1.0,8698,8698,,,0.8849992323046215,0.7297533671506035,,,0.870280568063734,0.7324211984759266,"ADASYN(n_neighbors=9, random_state=21)",21
0.005,8698,4370,0.9713136949208172,0.035133405024903565,0.8197507190795782,0.5514806824867621,0.95,0.06123724356957945,0.8046414963630066,0.6039140976792519,"SMOTEENN(enn=EditedNearestNeighbours(), random_state=21,
         smote=SMOTE(k_neighbors=3, random_state=21))",21
0.01,8698,4392,0.981396312689349,0.01525719331228027,0.860990573095915,0.6905212454842594,0.9652777777777779,0.02846375212766556,0.8391063387599584,0.6884308971250432,"SMOTEENN(enn=EditedNearestNeighbours(), random_state=21,
         smote=SMOTE(k_neighbors=3, random_state=21))",21
0.03,8698,4479,0.9916872114132186,0.012221761919722494,0.8663441185364379,0.7074642303051198,0.9846153846153847,0.022426738057097315,0.8468998960859022,0.7060962937305161,"SMOTEENN(enn=EditedNearestNeighbours(), random_state=21,
         smote=SMOTE(k_neighbors=3, random_state=21))",21
0.05,8698,4566,0.9938833963240852,0.00675885774494367,0.8663955414972134,0.7106390268973788,0.9907411619878502,0.013184073360386258,0.846380325597506,0.7074818150329061,"SMOTEENN(enn=EditedNearestNeighbours(), random_state=21,
         smote=SMOTE(k_neighbors=3, random_state=21))",21
0.1,8698,4783,0.9967956446529886,0.0028722109993552093,0.8921219625444977,0.7364518976169462,0.9942261427425821,0.005170462144071948,0.8792864565292691,0.7414270869414616,"SMOTEENN(enn=EditedNearestNeighbours(), random_state=21,
         smote=SMOTE(k_neighbors=3, random_state=21))",21
0.25,8696,5436,0.9991358229986285,0.001154315424483997,0.8595287801968386,0.7048264182895851,0.9989632662152058,0.0017996306676201852,0.8368548666435747,0.6981295462417735,"SMOTEENN(enn=EditedNearestNeighbours(), random_state=21,
         smote=SMOTE(k_neighbors=3, random_state=21))",21
0.5,8695,6523,0.9996546423809317,0.00042297509024737714,0.8632619439868204,0.7192035099561256,0.9995397001959849,0.0005637504463773807,0.8418773813647384,0.711811569102875,"SMOTEENN(enn=EditedNearestNeighbours(), random_state=21,
         smote=SMOTE(k_neighbors=3, random_state=21))",21
1.0,8695,8698,0.9997700486555307,0.00028163174926613114,0.8663760709454381,0.7229935658652218,0.9997699826726454,0.00028171261963820814,0.8460339452719086,0.71666089366124,"SMOTEENN(enn=EditedNearestNeighbours(), random_state=21,
         smote=SMOTE(k_neighbors=3, random_state=21))",21
0.005,8698,4370,0.9856568474604085,0.02868630507918275,0.8338794233289646,0.5494191970654168,0.975,0.049999999999999996,0.8243851749220644,0.617076550051957,"SMOTEENN(enn=EditedNearestNeighbours(n_neighbors=5), random_state=21,
         smote=SMOTE(random_state=21))",21
0.01,8698,4392,0.9806610845168844,0.025450766402943147,0.8543833580980683,0.6840757808499744,0.9652777777777779,0.04521894610027698,0.830273640457222,0.6794250086595082,"SMOTEENN(enn=EditedNearestNeighbours(n_neighbors=5), random_state=21,
         smote=SMOTE(random_state=21))",21
0.03,8697,4479,0.996038771355227,0.007922457289545904,0.8614692653673164,0.7025457030582607,0.996038771355227,0.007922457289545904,0.8399722895739522,0.698475926567371,"SMOTEENN(enn=EditedNearestNeighbours(n_neighbors=5), random_state=21,
         smote=SMOTE(random_state=21))",21
0.05,8698,4566,0.9950916583916907,0.004573213102700848,0.8606151537884471,0.7104771608082866,0.9908033826638478,0.008532953941061546,0.8391063387599584,0.7047107724281261,"SMOTEENN(enn=EditedNearestNeighbours(n_neighbors=5), random_state=21,
         smote=SMOTE(random_state=21))",21
0.1,8697,4783,0.9968024190056919,0.003517334652404234,0.888135593220339,0.7402234636871509,0.995287356321839,0.006626912784091733,0.8742639418081053,0.7422930377554555,"SMOTEENN(enn=EditedNearestNeighbours(n_neighbors=5), random_state=21,
         smote=SMOTE(random_state=21))",21
0.25,8694,5436,0.9994242254936111,0.0007051786314012199,0.8739954510993176,0.702882096069869,0.9990804549105821,0.001126213092006727,0.8560789747142362,0.7054035330793211,"SMOTEENN(enn=EditedNearestNeighbours(n_neighbors=5), random_state=21,
         smote=SMOTE(random_state=21))",21
0.5,8693,6523,0.999482592808544,0.00042246127147582013,0.8623578695391981,0.7100932994062765,0.9994251550864384,0.0005140386835872422,0.8406650502251471,0.704018011776931,"SMOTEENN(enn=EditedNearestNeighbours(n_neighbors=5), random_state=21,
         smote=SMOTE(random_state=21))",21
1.0,8690,8698,0.9997700486555307,0.00028163174926613114,0.858121185052851,0.7278155581356776,0.9997699826726454,0.00028171261963820814,0.8349497748527883,0.7157949428472463,"SMOTEENN(enn=EditedNearestNeighbours(n_neighbors=5), random_state=21,
         smote=SMOTE(random_state=21))",21
0.005,8693,4370,0.9888313845760655,0.02233723084786918,0.829985301322881,0.5453807106598985,0.9800000000000001,0.03999999999999999,0.8197090405264982,0.612227225493592,"SMOTEENN(enn=EditedNearestNeighbours(n_neighbors=7), random_state=21,
         smote=SMOTE(k_neighbors=7, random_state=21))",21
0.01,8692,4392,0.9813962466304028,0.015257241351871577,0.8443008225616921,0.6814144461203284,0.9652777777777779,0.02846375212766556,0.8164184274333218,0.6707655005195705,"SMOTEENN(enn=EditedNearestNeighbours(n_neighbors=7), random_state=21,
         smote=SMOTE(k_neighbors=7, random_state=21))",21
0.03,8696,4479,0.9918486782432767,0.007677749670952836,0.8585949177877429,0.696483441447593,0.9846153846153847,0.01439098994913053,0.8361621059923796,0.6920678905438171,"SMOTEENN(enn=EditedNearestNeighbours(n_neighbors=7), random_state=21,
         smote=SMOTE(k_neighbors=7, random_state=21))",21
0.05,8695,4566,0.9925687994100707,0.007213920830022845,0.8658296778097111,0.7014201593349497,0.9862050739957716,0.013317141349651866,0.846380325597506,0.7014201593349497,"SMOTEENN(enn=EditedNearestNeighbours(n_neighbors=7), random_state=21,
         smote=SMOTE(k_neighbors=7, random_state=21))",21
0.1,8695,4783,0.9968156273778653,0.0020203994522110967,0.8882724610879951,0.7337195014920134,0.9952739909115209,0.004185781926178112,0.8744371319709041,0.7372705230342916,"SMOTEENN(enn=EditedNearestNeighbours(n_neighbors=7), random_state=21,
         smote=SMOTE(k_neighbors=7, random_state=21))",21
0.25,8693,5436,0.9985612494676304,0.001579194068557606,0.8680722891566265,0.7099210435976656,0.9983938358836545,0.00264979371396333,0.8482854173882923,0.7073086248701074,"SMOTEENN(enn=EditedNearestNeighbours(n_neighbors=7), random_state=21,
         smote=SMOTE(k_neighbors=7, random_state=21))",21
0.5,8685,6523,0.9996547084398781,0.000422894275680254,0.8595287801968386,0.7122411180333389,0.9995397001959849,0.0005637504463773807,0.8368548666435747,0.704018011776931,"SMOTEENN(enn=EditedNearestNeighbours(n_neighbors=7), random_state=21,
         smote=SMOTE(k_neighbors=7, random_state=21))",21
1.0,8687,8698,0.9996550398777618,0.0002816587863049629,0.8704318936877077,0.7211489143443324,0.9996549078740262,0.00028176664444860876,0.85140284031867,0.7175268444752338,"SMOTEENN(enn=EditedNearestNeighbours(n_neighbors=7), random_state=21,
         smote=SMOTE(k_neighbors=7, random_state=21))",21
0.005,8688,4370,0.9888313845760655,0.02233723084786918,0.8374208218288127,0.5698301698301699,0.9800000000000001,0.03999999999999999,0.8266366470384482,0.6271215794942847,"SMOTEENN(enn=EditedNearestNeighbours(n_neighbors=9), random_state=21,
         smote=SMOTE(k_neighbors=9, random_state=21))",21
0.01,8693,4392,0.965427358112127,0.043314888222381144,0.8487891317188423,0.6813261163734776,0.9416666666666667,0.07264831572567791,0.8226532732940769,0.6737097332871493,"SMOTEENN(enn=EditedNearestNeighbours(n_neighbors=9), random_state=21,
         smote=SMOTE(k_neighbors=9, random_state=21))",21
0.03,8694,4479,0.9881082651683204,0.0036010788422393657,0.8615937687237867,0.7079224753485209,0.9843854995579134,0.00723253757736515,0.8399722895739522,0.7024593003117423,"SMOTEENN(enn=EditedNearestNeighbours(n_neighbors=9), random_state=21,
         smote=SMOTE(k_neighbors=9, random_state=21))",21
0.05,8697,4566,0.9950904439150626,0.004648270187385739,0.8679245283018868,0.7093443469282396,0.9908033826638478,0.00867419729209689,0.8484586075510911,0.7074818150329061,"SMOTEENN(enn=EditedNearestNeighbours(n_neighbors=9), random_state=21,
         smote=SMOTE(k_neighbors=9, random_state=21))",21
0.1,8689,4783,0.9974578876683176,0.0012712301556040456,0.88608762490392,0.7352068423808693,0.9964234161988774,0.0026918958343962714,0.871666089366124,0.7372705230342916,"SMOTEENN(enn=EditedNearestNeighbours(n_neighbors=9), random_state=21,
         smote=SMOTE(k_neighbors=9, random_state=21))",21
0.25,8691,5436,0.9997126766886517,0.0005746466226967062,0.8713529856386999,0.7078573901003807,0.9995412844036696,0.0009174311926605226,0.8526151714582612,0.7076550051957049,"SMOTEENN(enn=EditedNearestNeighbours(n_neighbors=9), random_state=21,
         smote=SMOTE(k_neighbors=9, random_state=21))",21
0.5,8686,6523,0.9996549738950076,0.0004225689525856398,0.8602985074626865,0.7086081515305259,0.9995402298850575,0.0005631010902949665,0.8378940076203671,0.7015933494977484,"SMOTEENN(enn=EditedNearestNeighbours(n_neighbors=9), random_state=21,
         smote=SMOTE(k_neighbors=9, random_state=21))",21
1.0,8683,8698,0.9996550401820056,0.00028165853777183884,0.8632619439868204,0.7271507630387389,0.999655172413793,0.00028155054514748324,0.8418773813647384,0.7182196051264289,"SMOTEENN(enn=EditedNearestNeighbours(n_neighbors=9), random_state=21,
         smote=SMOTE(k_neighbors=9, random_state=21))",21
0.005,8698,4370,0.9713136949208172,0.035133405024903565,0.8399538486896324,0.5509573810994441,0.95,0.06123724356957946,0.8318323519224108,0.6222722549359196,"SMOTETomek(random_state=21, smote=SMOTE(k_neighbors=3, random_state=21),
           tomek=TomekLinks())",21
0.01,8698,4392,0.974721161355667,0.023646093206423687,0.8608617594254937,0.6888238333046324,0.9541666666666666,0.04203540541783767,0.8389331485971596,0.6870453758226533,"SMOTETomek(random_state=21, smote=SMOTE(k_neighbors=3, random_state=21),
           tomek=TomekLinks())",21
0.03,8698,4479,0.9960374806667438,0.004854482645980771,0.8634520054078414,0.709094011260877,0.9960389036251105,0.007638080352733785,0.8425701420159335,0.7047107724281261,"SMOTETomek(random_state=21, smote=SMOTE(k_neighbors=3, random_state=21),
           tomek=TomekLinks())",21
0.05,8698,4566,0.9963526125346821,0.0048744176917635525,0.8711693855770697,0.7092050209205021,0.9952867488031882,0.005778623932813735,0.8536543124350537,0.71111880845168,"SMOTETomek(random_state=21, smote=SMOTE(k_neighbors=3, random_state=21),
           tomek=TomekLinks())",21
0.1,8698,4783,0.9974578986537784,0.003113494497122266,0.8821548821548821,0.727304408433525,0.997471264367816,0.0045048087223598645,0.8666435746449601,0.7289573952199515,"SMOTETomek(random_state=21, smote=SMOTE(k_neighbors=3, random_state=21),
           tomek=TomekLinks())",21
0.25,8698,5436,0.9985652136993055,0.0015683391755332598,0.8637794095609171,0.7168725672702657,0.9983918542567807,0.0013779117064328889,0.8425701420159335,0.7102528576376862,"SMOTETomek(random_state=21, smote=SMOTE(k_neighbors=3, random_state=21),
           tomek=TomekLinks())",21
0.5,8698,6523,0.9996551720721086,0.0004223263524411363,0.8665063138905592,0.7187765505522515,0.999655172413793,0.00045977011494251484,0.8462071354347074,0.7133702805680637,"SMOTETomek(random_state=21, smote=SMOTE(k_neighbors=3, random_state=21),
           tomek=TomekLinks())",21
1.0,8698,8698,0.9995401635221295,0.0002299182746863228,0.8849992323046215,0.7297533671506035,0.999540097615174,0.00022995133506812794,0.870280568063734,0.7324211984759266,"SMOTETomek(random_state=21, smote=SMOTE(k_neighbors=3, random_state=21),
           tomek=TomekLinks())",21
0.005,8698,4370,0.9665518561040949,0.06689628779181019,0.8370491803278689,0.5507660878447396,0.95,0.09999999999999999,0.8278489781780395,0.6191548320055421,"SMOTETomek(random_state=21, smote=SMOTE(random_state=21), tomek=TomekLinks())",21
0.01,8698,4392,0.9746721417098592,0.012784779327505045,0.8559094968740697,0.6872758326216909,0.9527777777777778,0.023814483610392012,0.832351922410807,0.6828888119154832,"SMOTETomek(random_state=21, smote=SMOTE(random_state=21), tomek=TomekLinks())",21
0.03,8698,4479,0.9856372137785183,0.008249660802143548,0.8545967622159513,0.7032117033798554,0.9730769230769232,0.015384615384615379,0.8304468306200208,0.6943193626602009,"SMOTETomek(random_state=21, smote=SMOTE(random_state=21), tomek=TomekLinks())",21
0.05,8698,4566,0.9962973735152424,0.004971651486327809,0.8606459330143541,0.7095681625740897,0.993076109936575,0.009276463183695075,0.8385867682715622,0.7029788708001385,"SMOTETomek(random_state=21, smote=SMOTE(random_state=21), tomek=TomekLinks())",21
0.1,8698,4783,0.9968287267292565,0.002827925273682541,0.8878619839802834,0.7357730695149711,0.9963084736701416,0.0044520613103909085,0.8739175614825079,0.7386560443366816,"SMOTETomek(random_state=21, smote=SMOTE(random_state=21), tomek=TomekLinks())",21
0.25,8698,5436,0.9991368361233164,0.0007047726989411368,0.8678109003312255,0.7114461960246744,0.9989655123818466,0.001053476811575694,0.8479390370626949,0.7083477658469,"SMOTETomek(random_state=21, smote=SMOTE(random_state=21), tomek=TomekLinks())",21
0.5,8698,6523,0.999482394783565,0.0004226229066986142,0.8619709884851204,0.7121340328312743,0.9993103448275862,0.0005631010902949665,0.8401454797367509,0.7054035330793211,"SMOTETomek(random_state=21, smote=SMOTE(random_state=21), tomek=TomekLinks())",21
1.0,8698,8698,0.9997700486555307,0.00028163174926613114,0.8849992323046215,0.7297533671506035,0.9997699826726454,0.00028171261963820814,0.870280568063734,0.7324211984759266,"SMOTETomek(random_state=21, smote=SMOTE(random_state=21), tomek=TomekLinks())",21
0.005,8698,4370,0.9856568474604085,0.02868630507918275,0.8267936299458217,0.5380523731587561,0.975,0.049999999999999996,0.8172843782473156,0.6089366124004156,"SMOTETomek(random_state=21, smote=SMOTE(k_neighbors=7, random_state=21),
           tomek=TomekLinks())",21
0.01,8698,4392,0.9796596178977139,0.028276385137655086,0.8472775564409031,0.6781725888324873,0.9638888888888889,0.049378857873975494,0.8207481815032907,0.6705923103567717,"SMOTETomek(random_state=21, smote=SMOTE(k_neighbors=7, random_state=21),
           tomek=TomekLinks())",21
0.03,8698,4479,0.9938669668698257,0.008210380387981216,0.8511772545535318,0.6998491704374057,0.9884615384615385,0.01538461538461537,0.8259438863872532,0.6898164184274334,"SMOTETomek(random_state=21, smote=SMOTE(k_neighbors=7, random_state=21),
           tomek=TomekLinks())",21
0.05,8698,4566,0.9901251992214778,0.005112581486657955,0.8609649782053209,0.7037290455011974,0.9837116959490656,0.009302756051089088,0.8397990994111535,0.7000346380325597,"SMOTETomek(random_state=21, smote=SMOTE(k_neighbors=7, random_state=21),
           tomek=TomekLinks())",21
0.1,8698,4783,0.9948555396071839,0.0072519804561027666,0.8890945549899738,0.7426675977653632,0.9928735632183908,0.011300668695292374,0.8754762729476966,0.7447177000346381,"SMOTETomek(random_state=21, smote=SMOTE(k_neighbors=7, random_state=21),
           tomek=TomekLinks())",21
0.25,8698,5436,0.9991368386078822,0.0011512961250350914,0.8742605794023964,0.7234262125902993,0.9989676262786038,0.0017912742364763889,0.8564253550398337,0.7215102182196051,"SMOTETomek(random_state=21, smote=SMOTE(k_neighbors=7, random_state=21),
           tomek=TomekLinks())",21
0.5,8698,6523,0.9994830543507195,0.000689013810264715,0.8706948640483384,0.7216142270861833,0.9995402298850575,0.0005631010902949665,0.8517492206442674,0.7180464149636301,"SMOTETomek(random_state=21, smote=SMOTE(k_neighbors=7, random_state=21),
           tomek=TomekLinks())",21
1.0,8698,8698,0.9996550401820056,0.00028165853777183884,0.8849992323046215,0.7297533671506035,0.999655172413793,0.00028155054514748324,0.870280568063734,0.7324211984759266,"SMOTETomek(random_state=21, smote=SMOTE(k_neighbors=7, random_state=21),
           tomek=TomekLinks())",21
0.005,8698,4370,0.9426273898416344,0.08363423247878547,0.8351863963374755,0.551738158162228,0.915,0.11789826122551599,0.825424315898857,0.6181156910287495,"SMOTETomek(random_state=21, smote=SMOTE(k_neighbors=9, random_state=21),
           tomek=TomekLinks())",21
0.01,8698,4392,0.9806610845168844,0.025450766402943147,0.8485207100591716,0.6768655447900731,0.9652777777777779,0.04521894610027698,0.8226532732940769,0.6707655005195705,"SMOTETomek(random_state=21, smote=SMOTE(k_neighbors=9, random_state=21),
           tomek=TomekLinks())",21
0.03,8698,4479,0.9816418992382843,0.015458303296234438,0.8580838323353294,0.696068376068376,0.97657824933687,0.028141687408934798,0.8358157256667822,0.6920678905438171,"SMOTETomek(random_state=21, smote=SMOTE(k_neighbors=9, random_state=21),
           tomek=TomekLinks())",21
0.05,8698,4566,0.9963252527155955,0.0030008228873332522,0.8671792552389568,0.710928118030537,0.993076109936575,0.005654156076243697,0.8474194665742986,0.7081745756841011,"SMOTETomek(random_state=21, smote=SMOTE(k_neighbors=9, random_state=21),
           tomek=TomekLinks())",21
0.1,8698,4783,0.9962001862260166,0.00236381175549193,0.8801343716597954,0.736823975198071,0.9962068965517241,0.0026611119316759407,0.8640457222029789,0.7353654312435054,"SMOTETomek(random_state=21, smote=SMOTE(k_neighbors=9, random_state=21),
           tomek=TomekLinks())",21
0.25,8698,5436,0.9985630432771849,0.0015740995274573864,0.8725401150469271,0.7151975159565293,0.9987333811577346,0.0013817162570764043,0.85417388292345,0.7140630412192588,"SMOTETomek(random_state=21, smote=SMOTE(k_neighbors=9, random_state=21),
           tomek=TomekLinks())",21
0.5,8698,6523,0.9993097485837877,0.0006454497067014566,0.862228870605834,0.7082201086956522,0.9991947403398946,0.0006900969980686505,0.8404918600623484,0.7024593003117423,"SMOTETomek(random_state=21, smote=SMOTE(k_neighbors=9, random_state=21),
           tomek=TomekLinks())",21
1.0,8698,8698,0.9996551723758282,0.0004597701339249808,0.8849992323046215,0.7297533671506035,0.999655172413793,0.0004597701149425148,0.870280568063734,0.7324211984759266,"SMOTETomek(random_state=21, smote=SMOTE(k_neighbors=9, random_state=21),
           tomek=TomekLinks())",21
0.005,4370,4370,0.9314587744176999,0.006349074231313568,0.8993656780387451,0.6833470057424118,0.8800000000000001,0.010000000000000009,0.8983373744371319,0.7325943886387254,no Sampler(),42
0.01,4392,4392,0.9553822458725516,0.015137654584377219,0.8839946200403497,0.6968983117393012,0.9194444444444445,0.025077041785094168,0.8804987876688604,0.7325943886387254,no Sampler(),42
0.03,4479,4479,0.9876507002190671,0.010329679084741132,0.9022222222222223,0.7638963360142985,0.976923076923077,0.018842228790639844,0.8933148597159681,0.7712157949428473,no Sampler(),42
0.05,4566,4566,0.991361738146793,0.006319315237802027,0.9111747851002865,0.7792254149562734,0.9839323467230443,0.011631990441935209,0.9033598891582958,0.7857637686179425,no Sampler(),42
0.1,4783,4783,0.9948276478214788,0.005281286519335369,0.9333549537862819,0.7958996888156691,0.990751136059877,0.009417219170522375,0.9288188430897125,0.8068929684793904,no Sampler(),42
0.25,5436,5436,0.9985540537504235,0.001829472621065903,0.9286519568368498,0.8243195475433015,0.9976958525345623,0.002914541622275009,0.9232767578801524,0.8278489781780395,no Sampler(),42
0.5,6523,6523,0.9991367696466245,0.0007722465203049763,0.9155131264916467,0.7942685299840793,0.9989643255933508,0.0009210970859365323,0.9080360235538621,0.7985798406650502,no Sampler(),42
1.0,8698,8698,0.9995401637501813,0.0004300932569338725,0.9111111111111111,0.7858407079646018,0.9995402298850575,0.0004300755616981412,0.9030135088326983,0.7904399030135087,no Sampler(),42
0.005,8698,4370,0.9522087035645035,0.06586739526723598,0.8910829023664002,0.7795791652293894,0.925,0.1,0.8796328368548667,0.7786629719431937,RandomOverSampler(random_state=42),42
0.01,8698,4392,0.9754564554353491,0.012365398113819051,0.8626832728992591,0.7256668433139022,0.9541666666666666,0.023073955174772436,0.8491513682022861,0.7310356771735366,RandomOverSampler(random_state=42),42
0.03,8698,4479,0.9919225381380082,0.007660674328583019,0.8709726213885948,0.7584830339321357,0.9883465959328028,0.015299892737476735,0.8522687911326636,0.7485278836162106,RandomOverSampler(random_state=42),42
0.05,8698,4566,0.9927053568837992,0.008970241388660387,0.8842428900845504,0.7610105838170024,0.9906792058516196,0.013392399624345491,0.8695878074125389,0.7575337720817457,RandomOverSampler(random_state=42),42
0.1,8698,4783,0.9974579267084754,0.0023867377008534737,0.925349173222026,0.7873188405797101,0.9964366493393119,0.004516437245851441,0.9194665742985799,0.796674748874264,RandomOverSampler(random_state=42),42
0.25,8698,5436,0.9994242254936111,0.00070517863140122,0.921061041866411,0.796863863150392,0.9990804549105821,0.0011262130920067267,0.9144440595774159,0.8025632144094215,RandomOverSampler(random_state=42),42
0.5,8698,6523,0.9991369040193201,0.0005458493169637085,0.9010473659527903,0.7714085983921706,0.9988500450235712,0.0007269611535478959,0.8903706269483893,0.7734672670592311,RandomOverSampler(random_state=42),42
1.0,8698,8698,0.9996550401059447,0.00046000162402863267,0.9111111111111111,0.7858407079646018,0.9996550401439096,0.000460001605066636,0.9030135088326983,0.7904399030135087,RandomOverSampler(random_state=42),42
0.005,42,4370,0.7165609353869196,0.10960298367830622,0.8453063023358308,0.7592738752959748,0.9398792375963918,0.05461256019343954,0.817630758572913,0.7358850017319016,RandomUnderSampler(random_state=42),42
0.01,86,4392,0.7815331369417928,0.09826117749073267,0.82527664531159,0.7446709195581142,0.9678797027454819,0.02529060161086074,0.7921718046414964,0.7157949428472463,RandomUnderSampler(random_state=42),42
0.03,260,4479,0.847918984875674,0.05699668323195957,0.8389173372348208,0.7514159848961611,0.9830480170200817,0.005734216562820344,0.809317630758573,0.7263595427779702,RandomUnderSampler(random_state=42),42
0.05,434,4566,0.9594407459474091,0.01460685906657811,0.8365804012794417,0.7332594586037676,0.9892826096786488,0.008742335358743428,0.8053342570142016,0.7081745756841011,RandomUnderSampler(random_state=42),42
0.1,868,4783,0.9877168225583987,0.012516314701148694,0.8611525828605554,0.7634948938239585,0.9945572081088205,0.007241004393237383,0.8389331485971597,0.7473155524766193,RandomUnderSampler(random_state=42),42
0.25,2174,5436,0.9971330885570191,0.0020266616062585485,0.9011092016872364,0.7949289018331335,0.9981586685140563,0.001835647406243671,0.8903706269483893,0.7926913751298926,RandomUnderSampler(random_state=42),42
0.5,4348,6523,0.9993100790307722,0.0006451848744083008,0.8987993138936535,0.7756588072122053,0.9993098151385137,0.0006705884577789498,0.8875995843436093,0.7758919293384137,RandomUnderSampler(random_state=42),42
1.0,8698,8698,0.9995402288220372,0.0006702262959914537,0.9238171611868484,0.8026409707351891,0.9995402298850575,0.0006702243557293247,0.9177346726705923,0.8084516799445791,RandomUnderSampler(random_state=42),42
0.005,8698,4370,0.960541904931673,0.05123954086989138,0.9030620339520863,0.7850992795642242,0.9349999999999999,0.08306623862918074,0.8941808105299619,0.788188430897125,"SMOTE(k_neighbors=3, random_state=42)",42
0.01,8698,4392,0.9747212272628845,0.02364589462158307,0.8465189873417721,0.7058405822829753,0.9541666666666666,0.04203540541783767,0.8320055420852096,0.7130239002424663,"SMOTE(k_neighbors=3, random_state=42)",42
0.03,8698,4479,0.9857909938734182,0.008138775823757216,0.8905765654060757,0.7639440511137973,0.9768081343943414,0.014362077341306111,0.8777277450640804,0.7632490474541046,"SMOTE(k_neighbors=3, random_state=42)",42
0.05,8698,4566,0.9900382763558493,0.008691308893992531,0.8813298445436355,0.7544130248500428,0.9837116959490657,0.01577311430687848,0.8664703844821614,0.7518184967093868,"SMOTE(k_neighbors=3, random_state=42)",42
0.1,8698,4783,0.9961862019676413,0.0023795772953776667,0.9246069939043953,0.7938107232817561,0.9951454184327003,0.004117196987767732,0.918600623484586,0.801524073432629,"SMOTE(k_neighbors=3, random_state=42)",42
0.25,8698,5436,0.9988464544526421,0.0014128025374363533,0.9134706814580031,0.7893342751191947,0.9985025689920016,0.0019137773945377332,0.9054381711118809,0.7933841357810876,"SMOTE(k_neighbors=3, random_state=42)",42
0.5,8698,6523,0.9991361681643267,0.0009474475417621817,0.9045825486503453,0.7745786516853933,0.9989639281741617,0.0012829430184639174,0.8947003810183581,0.7776238309664011,"SMOTE(k_neighbors=3, random_state=42)",42
1.0,8698,8698,0.9997700486555307,0.00028163174926613114,0.9111111111111111,0.7858407079646018,0.9997699826726454,0.00028171261963820814,0.9030135088326983,0.7904399030135087,"SMOTE(k_neighbors=3, random_state=42)",42
0.005,8698,4370,0.9601450794968827,0.033053523441061626,0.8900753768844221,0.7733425893786879,0.93,0.057879184513951125,0.8787668860408728,0.7738136473848285,SMOTE(random_state=42),42
0.01,8698,4392,0.9754564554353491,0.012365398113819051,0.8592338835253815,0.7149622873180144,0.9541666666666666,0.023073955174772436,0.8434360928299273,0.7185659854520263,SMOTE(random_state=42),42
0.03,8698,4479,0.9918487443022231,0.007677732979371165,0.8954991434356019,0.7668231611893583,0.9846153846153847,0.014390989949130528,0.8837894007620367,0.7677519916868722,SMOTE(random_state=42),42
0.05,8698,4566,0.9914144809593957,0.006340763874789175,0.8915774778966962,0.7643091820854228,0.9881949298185226,0.010405688417652994,0.8789400762036716,0.7639418081052995,SMOTE(random_state=42),42
0.1,8698,4783,0.9968223219584754,0.0020203550307156624,0.9340463458110517,0.8087649402390438,0.9963218390804597,0.00443088167066584,0.9295116037409075,0.8171111880845168,SMOTE(random_state=42),42
0.25,8698,5436,0.9976950278050227,0.0014696707021298666,0.9272844272844273,0.8024425287356322,0.9970072518807607,0.0018359427995228422,0.9217180464149637,0.8094908209213716,SMOTE(random_state=42),42
0.5,8698,6523,0.9993093511645987,0.0006460868780554745,0.9125752296484004,0.7715154768294865,0.9990799300810425,0.0008602933293753327,0.9043990301350884,0.7788361621059924,SMOTE(random_state=42),42
1.0,8698,8698,0.9995400297308883,0.0006706018915029699,0.9111111111111111,0.7858407079646018,0.9995398330754071,0.0006709729827247981,0.9030135088326983,0.7904399030135087,SMOTE(random_state=42),42
0.005,8698,4370,0.9744882320364742,0.03164600561972855,0.8797038864898211,0.7700643413477819,0.9550000000000001,0.055677643628300216,0.8649116730169726,0.7648077589192934,"SMOTE(k_neighbors=7, random_state=42)",42
0.01,8698,4392,0.9662605596685985,0.030335802415867905,0.8558081594518842,0.7104247104247104,0.9402777777777779,0.05299662230094143,0.8396259092483547,0.7142362313820575,"SMOTE(k_neighbors=7, random_state=42)",42
0.03,8698,4479,0.9831984460836691,0.01735844000702527,0.8900945589831034,0.7667929727867723,0.9729619805481875,0.0334383610406292,0.8772081745756841,0.7655005195704884,"SMOTE(k_neighbors=7, random_state=42)",42
0.05,8698,4566,0.9927304256625653,0.005907431550801955,0.8891983905911482,0.7647564963001204,0.990573365336493,0.008595612990164429,0.8759958434360928,0.7632490474541046,"SMOTE(k_neighbors=7, random_state=42)",42
0.1,8698,4783,0.9968156273778653,0.0020203994522110967,0.9232740669549896,0.7848879248011569,0.9952739909115209,0.004185781926178112,0.9170419120193973,0.7939037062694838,"SMOTE(k_neighbors=7, random_state=42)",42
0.25,8698,5436,0.9985582012827118,0.001289560000491536,0.9317814419657291,0.8089401586157173,0.9977000803280769,0.002056177281149831,0.9269137512989263,0.8164184274333217,"SMOTE(k_neighbors=7, random_state=42)",42
0.5,8698,6523,0.9989651198623857,0.0008455830927753701,0.9045825486503453,0.773286467486819,0.9989653849714959,0.00098901904096736,0.8947003810183581,0.7765846899896085,"SMOTE(k_neighbors=7, random_state=42)",42
1.0,8698,8698,0.999655106240952,0.00028160460087292593,0.9111111111111111,0.7858407079646018,0.999655172413793,0.00028155054514748324,0.9030135088326983,0.7904399030135087,"SMOTE(k_neighbors=7, random_state=42)",42
0.005,8698,4370,0.9282842373020431,0.07856068191671703,0.863975628332064,0.7549248747913189,0.8998850574712645,0.09372585345442493,0.8453411846207135,0.7457568410114306,"SMOTE(k_neighbors=9, random_state=42)",42
0.01,8698,4392,0.9628203716628448,0.02384557504820494,0.8531967721911856,0.7089447938504543,0.9511587392916507,0.04624208091362112,0.8361621059923796,0.7114651887772775,"SMOTE(k_neighbors=9, random_state=42)",42
0.03,8698,4479,0.9880398730977028,0.0039252904001490655,0.8972399812880087,0.7762588683163177,0.9843854995579134,0.007523187386255204,0.8858676827156218,0.7760651195012124,"SMOTE(k_neighbors=9, random_state=42)",42
0.05,8698,4566,0.9927014923833909,0.004579214607908596,0.8860368022266893,0.7587870434183321,0.9905205112138715,0.008597590328920992,0.8723588500173189,0.7575337720817458,"SMOTE(k_neighbors=9, random_state=42)",42
0.1,8698,4783,0.9948958189539763,0.0025853195483072997,0.9165474487362899,0.7932011331444759,0.9928735632183908,0.006467496504200071,0.9090751645306547,0.7977138898510565,"SMOTE(k_neighbors=9, random_state=42)",42
0.25,8698,5436,0.9979855058483984,0.002511260345449248,0.9097222222222222,0.7969348659003831,0.9978203100284719,0.0035604889852936927,0.9009352268791133,0.7980602701766539,"SMOTE(k_neighbors=9, random_state=42)",42
0.5,8698,6523,0.9987914792739522,0.000881169854146009,0.9174896463841988,0.7849097085642768,0.9986196302770274,0.0010674192940204564,0.9102874956702459,0.7916522341531,"SMOTE(k_neighbors=9, random_state=42)",42
1.0,8698,8698,0.9996550394974559,0.0004600026890485254,0.9111111111111111,0.7858407079646018,0.9996549078740262,0.0004602331308109901,0.9030135088326983,0.7904399030135087,"SMOTE(k_neighbors=9, random_state=42)",42
0.005,8698,4370,0.9601450794968827,0.033053523441061626,0.8779617007465109,0.7158246656760773,0.93,0.057879184513951125,0.8697609975753378,0.7350190509179079,"BorderlineSMOTE(k_neighbors=3, random_state=42)",42
0.01,8698,4392,0.9738880257064132,0.03910429450552074,0.8392016874898588,0.6742031134173462,0.9555555555555555,0.06478835438717004,0.8283685486664358,0.6955316937997922,"BorderlineSMOTE(k_neighbors=3, random_state=42)",42
0.03,8698,4479,0.9938669668698257,0.008210380387981216,0.8290140437237585,0.7149666348903718,0.9884615384615385,0.01538461538461537,0.7954624177346727,0.6892968479390371,"BorderlineSMOTE(k_neighbors=3, random_state=42)",42
0.05,8698,4566,0.9914418406267533,0.003090542417339555,0.8744654856444716,0.7548572393985471,0.9882477839411443,0.010026549429424972,0.857637686179425,0.7487010737790094,"BorderlineSMOTE(k_neighbors=3, random_state=42)",42
0.1,8698,4783,0.9974711221485115,0.0012645226410149162,0.9148395297108357,0.7644717800289436,0.9974711320979326,0.002636073219199719,0.9071700727398684,0.7745064080360236,"BorderlineSMOTE(k_neighbors=3, random_state=42)",42
0.25,8698,5436,0.9985602003018575,0.000910168839072683,0.8998744507219083,0.7546633505063066,0.9977021942248342,0.0014505953241767248,0.8895046761343955,0.7608243851749221,"BorderlineSMOTE(k_neighbors=3, random_state=42)",42
0.5,8698,6523,0.9991378317750901,0.0007710579488313739,0.8899460830954646,0.7880886426592798,0.999080459770115,0.0007795781589798924,0.8798060270176653,0.7880152407343263,"BorderlineSMOTE(k_neighbors=3, random_state=42)",42
1.0,8698,8698,0.9997700486555307,0.00028163174926613114,0.9111111111111111,0.7858407079646018,0.9997699826726454,0.00028171261963820814,0.9030135088326983,0.7904399030135087,"BorderlineSMOTE(k_neighbors=3, random_state=42)",42
0.005,8698,4370,0.9601450794968827,0.033053523441061626,0.8482539682539683,0.7155248716587006,0.93,0.057879184513951125,0.8344302043643921,0.7216834083824039,BorderlineSMOTE(random_state=42),42
0.01,8698,4392,0.9687813701606135,0.019999003857408562,0.8458510470792001,0.7144861452122062,0.9430555555555555,0.0352460487234709,0.8304468306200208,0.7180464149636301,BorderlineSMOTE(random_state=42),42
0.03,8698,4479,0.9919270436706433,0.004036478166705386,0.8399648917495611,0.7236439723161113,0.9846153846153847,0.007692307692307665,0.8105299618981642,0.7026324904745411,BorderlineSMOTE(random_state=42),42
0.05,8698,4566,0.9926499199909781,0.004633278069272944,0.8985779027973121,0.767185586846248,0.9884157128623847,0.010157221980967888,0.8875995843436093,0.7694838933148598,BorderlineSMOTE(random_state=42),42
0.1,8698,4783,0.9968223219584754,0.0020203550307156624,0.9095215537659876,0.7676659528907923,0.9963218390804597,0.00443088167066584,0.9007620367163145,0.7745064080360236,BorderlineSMOTE(random_state=42),42
0.25,8698,5436,0.9974147681287995,0.002625239638801682,0.9058451816745655,0.7737252124645893,0.9968986510422969,0.002608408934008053,0.8967786629719432,0.7786629719431937,BorderlineSMOTE(random_state=42),42
0.5,8698,6523,0.9993099477900153,0.0010059153103381376,0.8911769364802787,0.7899740708729472,0.9991954022988505,0.001126202180589933,0.8810183581572566,0.7895739521995151,BorderlineSMOTE(random_state=42),42
1.0,8698,8698,0.9996551720721086,0.00045977066543429775,0.9111111111111111,0.7858407079646018,0.999655172413793,0.00045977011494251484,0.9030135088326983,0.7904399030135087,BorderlineSMOTE(random_state=42),42
0.005,8698,4370,0.960541904931673,0.05123954086989138,0.8576796618130578,0.7377162629757785,0.9349999999999999,0.08306623862918074,0.8425701420159335,0.7374437131970903,"BorderlineSMOTE(k_neighbors=7, random_state=42)",42
0.01,8698,4392,0.9813962466304028,0.015257241351871577,0.8468725257323833,0.7129727819017321,0.9652777777777779,0.02846375212766556,0.8325251125736058,0.7187391756148251,"BorderlineSMOTE(k_neighbors=7, random_state=42)",42
0.03,8698,4479,0.9857895050078337,0.005197845214059942,0.8312327973344923,0.7224069675376089,0.9768081343943413,0.014207336100333043,0.7982334603394527,0.696397644613786,"BorderlineSMOTE(k_neighbors=7, random_state=42)",42
0.05,8698,4566,0.9938565350729505,0.003947233275271415,0.8873804381363777,0.7673901897111605,0.9906355860124906,0.008567874680217193,0.8735711811569102,0.7642881884308972,"BorderlineSMOTE(k_neighbors=7, random_state=42)",42
0.1,8698,4783,0.9968355550989102,0.001999387906707788,0.9091195960870937,0.7723721590909091,0.9973563218390804,0.002559891661071305,0.9002424662279183,0.7779702112919986,"BorderlineSMOTE(k_neighbors=7, random_state=42)",42
0.25,8698,5436,0.9982667304390752,0.0016870923754455282,0.9224110291760179,0.7968498299624127,0.9972371369382319,0.002687440437285567,0.9161759612054035,0.8034291652234153,"BorderlineSMOTE(k_neighbors=7, random_state=42)",42
0.5,8698,6523,0.9994821953873819,0.00042278597357736506,0.8660886319845857,0.7505307855626328,0.9993098151385137,0.0005635344094063308,0.85555940422584,0.7558018704537582,"BorderlineSMOTE(k_neighbors=7, random_state=42)",42
1.0,8698,8698,0.9995402288220372,0.0006702262959914537,0.9111111111111111,0.7858407079646018,0.9995402298850575,0.0006702243557293247,0.9030135088326983,0.7904399030135087,"BorderlineSMOTE(k_neighbors=7, random_state=42)",42
0.005,8698,4370,0.8952111236405734,0.11550017852497955,0.842089234049033,0.7218019835266432,0.8550000000000001,0.14696938456699069,0.8204018011776931,0.7133702805680637,"BorderlineSMOTE(k_neighbors=9, random_state=42)",42
0.01,8698,4392,0.9671639868448159,0.03686246466913346,0.8461904007603358,0.7027604630454141,0.9430555555555555,0.060921422776281445,0.8318323519224108,0.7109456182888811,"BorderlineSMOTE(k_neighbors=9, random_state=42)",42
0.03,8698,4479,0.983915089178382,0.004923535958061248,0.8548891204048221,0.7495530635462376,0.9766931918656058,0.014025045479390574,0.8311395912712158,0.7331139591271216,"BorderlineSMOTE(k_neighbors=9, random_state=42)",42
0.05,8698,4566,0.9926509519155624,0.007180971276361826,0.8910246473414974,0.7701564380264742,0.9884157128623847,0.010417068805469982,0.8782473155524766,0.7684447523380672,"BorderlineSMOTE(k_neighbors=9, random_state=42)",42
0.1,8698,4783,0.9974171960365146,0.0037825754514270223,0.9100094726870855,0.773058468100231,0.9953622026196204,0.006777936796070953,0.9012816072047107,0.7788361621059924,"BorderlineSMOTE(k_neighbors=9, random_state=42)",42
0.25,8698,5436,0.9974035890932054,0.0021227736811725035,0.9300597641738007,0.8088473296169754,0.9962089910103504,0.0031541216383301715,0.9250086595081399,0.8158988569449255,"BorderlineSMOTE(k_neighbors=9, random_state=42)",42
0.5,8698,6523,0.9991369015748235,0.0005466916643048191,0.8734680884927583,0.7532147260877224,0.9989644578632344,0.0007642001783078218,0.8623138205749914,0.7573605819189471,"BorderlineSMOTE(k_neighbors=9, random_state=42)",42
1.0,8698,8698,0.999770114866599,0.00028155063814216556,0.9111111111111111,0.7858407079646018,0.9997701149425288,0.00028155054514748324,0.9030135088326983,0.7904399030135087,"BorderlineSMOTE(k_neighbors=9, random_state=42)",42
0.005,4370,4370,0.9127506084961766,0.0565021882006948,0.9017086787345627,0.7059996013553916,0.86,0.0845576726264388,0.8993765154139245,0.7445445098718393,EditedNearestNeighbours(),42
0.01,4392,4392,0.9671637891227715,0.03686282953809145,0.8840409464675281,0.7019324614483701,0.9430555555555555,0.06092142277628144,0.8803255975060617,0.7355386214063041,EditedNearestNeighbours(),42
0.03,4479,4479,0.9811060343871393,0.015763217910140678,0.9004424778761062,0.7700194449354781,0.9653846153846155,0.02826334318595975,0.8908901974367855,0.7746795981988224,EditedNearestNeighbours(),42
0.05,4566,4566,0.9913894123323583,0.004916599249885701,0.9125596184419714,0.7800963081861958,0.9839323467230443,0.009146054290200111,0.9047454104606858,0.7864565292691374,EditedNearestNeighbours(),42
0.1,4783,4783,0.9941925714695588,0.005171309627418891,0.9358245329000813,0.798826334128003,0.9896150761828387,0.009225773990841735,0.9315898856944925,0.8100103914097679,EditedNearestNeighbours(),42
0.25,5436,5436,0.998266664380129,0.0016870807649818605,0.9286519568368498,0.824942589648472,0.9972371369382319,0.002687440437285567,0.9232767578801524,0.8283685486664357,EditedNearestNeighbours(),42
0.5,6523,6523,0.999482394783565,0.0004226229066986142,0.9165601023017903,0.7879113018597997,0.9993103448275862,0.0005631010902949665,0.909594735019051,0.7945964669206789,EditedNearestNeighbours(),42
1.0,8695,8698,0.9996550394974559,0.0004600026890485254,0.920863309352518,0.793350017876296,0.9996549078740262,0.0004602331308109901,0.9142708694146172,0.7997921718046415,EditedNearestNeighbours(),42
0.005,4370,4370,0.9075919442446638,0.06558090048664394,0.9017086787345627,0.7059996013553916,0.8550000000000001,0.09539392014169457,0.8993765154139245,0.7445445098718393,EditedNearestNeighbours(n_neighbors=5),42
0.01,4392,4392,0.954429930865353,0.026981495111697684,0.8840409464675281,0.7019324614483701,0.9194444444444445,0.046811943184313115,0.8803255975060617,0.7355386214063041,EditedNearestNeighbours(n_neighbors=5),42
0.03,4479,4479,0.9836190571181331,0.005135489884225756,0.9004424778761062,0.7700194449354781,0.9692307692307693,0.009421114395319936,0.8908901974367855,0.7746795981988224,EditedNearestNeighbours(n_neighbors=5),42
0.05,4566,4566,0.992650886008345,0.0024273178929103616,0.9125596184419714,0.7800963081861958,0.9862050739957716,0.004467346006155471,0.9047454104606858,0.7864565292691374,EditedNearestNeighbours(n_neighbors=5),42
0.1,4783,4783,0.9948759820601392,0.0038596964579258324,0.9358245329000813,0.798826334128003,0.9908045977011495,0.006896551724137885,0.9315898856944925,0.8100103914097679,EditedNearestNeighbours(n_neighbors=5),42
0.25,5435,5436,0.9985611985522228,0.0012873181885746793,0.9174224343675418,0.8138075313807531,0.9980480811891861,0.0017629747642771718,0.9101143055074472,0.8150329061309318,EditedNearestNeighbours(n_neighbors=5),42
0.5,6520,6523,0.9989627852520341,0.0012720477891930554,0.9180903720261855,0.7919415225530397,0.998733513427618,0.001724407961813645,0.9111534464842397,0.7978870800138552,EditedNearestNeighbours(n_neighbors=5),42
1.0,8690,8698,0.999884991374353,0.00023001725129385698,0.9206907579149345,0.7937812723373838,0.9998850574712644,0.00022988505747125742,0.9140976792518185,0.800138552130239,EditedNearestNeighbours(n_neighbors=5),42
0.005,4370,4370,0.9266969356009774,0.05386559662992,0.9017086787345627,0.7059996013553916,0.8800000000000001,0.07968688725254613,0.8993765154139245,0.7445445098718393,EditedNearestNeighbours(n_neighbors=7),42
0.01,4392,4392,0.9687813701606135,0.019999003857408562,0.8840409464675281,0.7019324614483701,0.9430555555555555,0.0352460487234709,0.8803255975060617,0.7355386214063041,EditedNearestNeighbours(n_neighbors=7),42
0.03,4479,4479,0.98975202434109,0.009201477949739231,0.9004424778761062,0.7700194449354781,0.9807692307692308,0.017200522903844526,0.8908901974367855,0.7746795981988224,EditedNearestNeighbours(n_neighbors=7),42
0.05,4566,4566,0.9888100846846701,0.00830261244305576,0.9125596184419714,0.7800963081861958,0.9793340380549683,0.015109624638589345,0.9047454104606858,0.7864565292691374,EditedNearestNeighbours(n_neighbors=7),42
0.1,4783,4783,0.9955382465537408,0.0015727788747110006,0.9358245329000813,0.798826334128003,0.9929885057471264,0.004118729394751468,0.9315898856944925,0.8100103914097679,EditedNearestNeighbours(n_neighbors=7),42
0.25,5435,5436,0.9988485854379517,0.0010769610295144716,0.9174224343675418,0.8138075313807531,0.9981630237179218,0.0017169266744663564,0.9101143055074472,0.8150329061309318,EditedNearestNeighbours(n_neighbors=7),42
0.5,6519,6523,0.9993098147968291,0.0006459632118675518,0.9218424008987322,0.796919770773639,0.9991954022988505,0.0008601511233962823,0.9156563907170072,0.803602355386214,EditedNearestNeighbours(n_neighbors=7),42
1.0,8687,8698,0.9996550398777618,0.0002816587863049629,0.9199808337326306,0.7920685959271169,0.9996549078740262,0.00028176664444860876,0.9132317284378246,0.7984066505022515,EditedNearestNeighbours(n_neighbors=7),42
0.005,4370,4370,0.8932487917050725,0.04972839157426409,0.9017086787345627,0.7059996013553916,0.8300000000000001,0.0659545297913646,0.8993765154139245,0.7445445098718393,EditedNearestNeighbours(n_neighbors=9),42
0.01,4392,4392,0.9746721417098592,0.012784779327505045,0.8840409464675281,0.7019324614483701,0.9527777777777778,0.023814483610392012,0.8803255975060617,0.7355386214063041,EditedNearestNeighbours(n_neighbors=9),42
0.03,4479,4479,0.9834575242291287,0.010683557777161278,0.9004424778761062,0.7700194449354781,0.9692307692307693,0.01961161351381841,0.8908901974367855,0.7746795981988224,EditedNearestNeighbours(n_neighbors=9),42
0.05,4566,4566,0.9913318143034499,0.005132699741502212,0.9125596184419714,0.7800963081861958,0.9838266384778013,0.009355926201389198,0.9047454104606858,0.7864565292691374,EditedNearestNeighbours(n_neighbors=9),42
0.1,4783,4783,0.9961400997651181,0.005157890562012294,0.9358245329000813,0.798826334128003,0.993103448275862,0.009195402298850564,0.9315898856944925,0.8100103914097679,EditedNearestNeighbours(n_neighbors=9),42
0.25,5435,5436,0.998559136144275,0.001579551870464777,0.9174224343675418,0.8138075313807531,0.9980438533956715,0.001913144810522679,0.9101143055074472,0.8150329061309318,EditedNearestNeighbours(n_neighbors=9),42
0.5,6515,6523,0.9989642561053348,0.001006658269948217,0.9141494435612083,0.7885775097552323,0.9987351024948357,0.0012798987005949874,0.9064773120886733,0.7935573259438864,EditedNearestNeighbours(n_neighbors=9),42
1.0,8683,8698,0.9994252867109179,0.0005140392946548613,0.9251525859299711,0.7937995674116799,0.999425287356322,0.0005140386155171775,0.9192933841357811,0.8018704537582265,EditedNearestNeighbours(n_neighbors=9),42
0.005,4370,4370,0.9127506084961766,0.0565021882006948,0.8993656780387451,0.6833470057424118,0.86,0.0845576726264388,0.8983373744371319,0.7325943886387254,TomekLinks(),42
0.01,4392,4392,0.9604398158653258,0.03313772399153127,0.8839946200403497,0.6968983117393012,0.9305555555555556,0.053970442299237385,0.8804987876688604,0.7325943886387254,TomekLinks(),42
0.03,4479,4479,0.9877339337396513,0.007719617961988845,0.9022222222222223,0.7638963360142985,0.976923076923077,0.01439098994913054,0.8933148597159681,0.7712157949428473,TomekLinks(),42
0.05,4566,4566,0.9926235922482046,0.006050653964689895,0.9111747851002865,0.7792254149562734,0.9862579281183933,0.01111319987558026,0.9033598891582958,0.7857637686179425,TomekLinks(),42
0.1,4783,4783,0.9948484023002333,0.005672092667269424,0.9333549537862819,0.7958996888156691,0.9908045977011494,0.01002045734147281,0.9288188430897125,0.8068929684793904,TomekLinks(),42
0.25,5436,5436,0.998556055254135,0.0018278977187771513,0.9286519568368498,0.8243195475433015,0.9977000803280769,0.0029112096189562653,0.9232767578801524,0.8278489781780395,TomekLinks(),42
0.5,6523,6523,0.9993094831307626,0.0006458752615348442,0.9155131264916467,0.7942685299840793,0.9990799300810425,0.0008602933293753328,0.9080360235538621,0.7985798406650502,TomekLinks(),42
1.0,8698,8698,0.9996551722998983,0.00028155063814216556,0.9111111111111111,0.7858407079646018,0.999655172413793,0.00028155054514748324,0.9030135088326983,0.7904399030135087,TomekLinks(),42
0.005,8700,4370,0.9553832406801603,0.06501481593175598,0.8771121351766513,0.7620660457239627,0.93,0.09797958971132713,0.8614478697609975,0.756667821267752,"ADASYN(n_neighbors=3, random_state=42)",42
0.01,8700,4392,0.9747212933218309,0.02364588227247048,0.8439412484700123,0.7164939697638866,0.9541666666666666,0.04203540541783767,0.8233460339452718,0.7109456182888811,"ADASYN(n_neighbors=3, random_state=42)",42
0.03,8697,4479,0.9874759491666337,0.016977058592960403,0.8967128836267332,0.7659871057675554,0.9806542882404952,0.02979306650274001,0.8851749220644267,0.7674056113612747,"ADASYN(n_neighbors=3, random_state=42)",42
0.05,8700,4566,0.9925934654523978,0.004692463293056958,0.8859432799013564,0.7625406608457456,0.9882571504945201,0.010273574918395376,0.8718392795289227,0.7597852441981295,"ADASYN(n_neighbors=3, random_state=42)",42
0.1,8702,4783,0.9967548871670537,0.006490225665892434,0.8828304487670393,0.7395887333678935,0.9942528735632183,0.011494252873563225,0.867509525458954,0.7390024246622792,"ADASYN(n_neighbors=3, random_state=42)",42
0.25,8696,5436,0.9988475896721523,0.0010772268432729804,0.9049489395129615,0.77568944317583,0.9981609098211643,0.0017174939584861128,0.8952199515067544,0.7788361621059924,"ADASYN(n_neighbors=3, random_state=42)",42
0.5,8697,6523,0.9984475705630477,0.0010055543298321701,0.90173775671406,0.7822736030828517,0.9982754652593151,0.0011494255613330316,0.8922757187391757,0.78472462764115,"ADASYN(n_neighbors=3, random_state=42)",42
1.0,8698,8698,0.9994252826106702,0.001149434778659497,0.9111111111111111,0.7858407079646018,0.999425287356322,0.0011494252873563316,0.9030135088326983,0.7904399030135087,"ADASYN(n_neighbors=3, random_state=42)",42
0.005,8698,4370,0.9601450794968827,0.033053523441061626,0.8805924097500771,0.7659863945578231,0.93,0.057879184513951125,0.8659508139937652,0.7616903359889158,ADASYN(random_state=42),42
0.01,8697,4392,0.9688303237474752,0.028217452570173628,0.8490220048899756,0.7183937383018547,0.9540517241379309,0.04208158235387717,0.8288881191548321,0.7133702805680637,ADASYN(random_state=42),42
0.03,8703,4479,0.9855541782830443,0.010715250576817848,0.8865979381443299,0.7628654470849718,0.9730769230769232,0.01961161351381842,0.8723588500173189,0.7597852441981295,ADASYN(random_state=42),42
0.05,8703,4566,0.9888049119974418,0.00631842792971469,0.889644513137558,0.7654236123045197,0.9813332604310953,0.013828831388788414,0.8763422237616904,0.7635954277797021,ADASYN(random_state=42),42
0.1,8696,4783,0.9974711223006334,0.0012645242751638524,0.9062893081761006,0.7513911326512296,0.9974712643678162,0.0026361712508459405,0.8967786629719432,0.7601316245237271,ADASYN(random_state=42),42
0.25,8702,5436,0.9994232297278117,0.0007063964328338036,0.8987993138936535,0.7767192101160575,0.9990783410138249,0.0011287971164899119,0.8875995843436093,0.7767578801524073,ADASYN(random_state=42),42
0.5,8697,6523,0.9989644572178301,0.000645893026572086,0.9017632241813602,0.7748507200561995,0.998735632183908,0.0009195402298850297,0.8919293384135781,0.7779702112919986,ADASYN(random_state=42),42
1.0,8698,8698,,,0.9111111111111111,0.7858407079646018,,,0.9030135088326983,0.7904399030135087,ADASYN(random_state=42),42
0.005,8696,4370,0.9139410847624518,0.10540021507471065,0.8743703251411998,0.7689482470784641,0.8898850574712643,0.13576537391833615,0.8574644960166262,0.7603048146865259,"ADASYN(n_neighbors=7, random_state=42)",42
0.01,8698,4392,0.9569017215598311,0.030469080133200946,0.8412867815215734,0.7090198742993036,0.9318293696458253,0.0414150830155794,0.8197090405264982,0.7033252511257361,"ADASYN(n_neighbors=7, random_state=42)",42
0.03,8693,4479,0.9879659472957538,0.003885714587206261,0.879255075560983,0.765427946863965,0.9806542882404952,0.00022988505747125742,0.8630065812261863,0.7583997228957395,"ADASYN(n_neighbors=7, random_state=42)",42
0.05,8705,4566,0.993964495945128,0.003776153194881378,0.8973478939157566,0.7656304575619979,0.9928990790017254,0.00534188107022721,0.8860408728784205,0.7675788015240734,"ADASYN(n_neighbors=7, random_state=42)",42
0.1,8678,4783,0.9974312634199862,0.003744460086823286,0.9177972865123704,0.7650273224043715,0.9953889334402566,0.0067045886017893805,0.9108070661586422,0.7765846899896085,"ADASYN(n_neighbors=7, random_state=42)",42
0.25,8701,5436,0.9988485073269489,0.0005757599939959281,0.902316844082655,0.7847487001733102,0.9985025689920018,0.0010045977435450774,0.8919293384135781,0.7848978178039487,"ADASYN(n_neighbors=7, random_state=42)",42
0.5,8700,6523,0.9989650532674643,0.0006449897152676424,0.9127860457673228,0.7923924635620334,0.9988500450235712,0.0006295670493651007,0.9056113612746797,0.7977138898510565,"ADASYN(n_neighbors=7, random_state=42)",42
1.0,8698,8698,,,0.9111111111111111,0.7858407079646018,,,0.9030135088326983,0.7904399030135087,"ADASYN(n_neighbors=7, random_state=42)",42
0.005,8699,4370,0.9713136949208172,0.035133405024903565,0.859214501510574,0.7509096923585842,0.95,0.06123724356957946,0.8385867682715622,0.7391756148250779,"ADASYN(n_neighbors=9, random_state=42)",42
0.01,8693,4392,0.9695656837343748,0.01996607773887746,0.8242677824267782,0.6969195097714475,0.9554406130268198,0.041451547561009786,0.7963283685486664,0.683062002078282,"ADASYN(n_neighbors=9, random_state=42)",42
0.03,8690,4479,0.9798899741473555,0.006388614168261277,0.8910891089108911,0.7671138630890952,0.9727319632208328,0.009378193846559548,0.8780741253896778,0.7655005195704884,"ADASYN(n_neighbors=9, random_state=42)",42
0.05,8701,4566,0.9926487702269331,0.004633526714705453,0.8986729117876658,0.7734307077030081,0.9883627264698799,0.010156479784617017,0.8875995843436093,0.7743332178732247,"ADASYN(n_neighbors=9, random_state=42)",42
0.1,8687,4783,0.9968291093129696,0.0034806533209544273,0.9037013801756587,0.7601986520042568,0.9963218390804597,0.004719647164976503,0.8936612400415656,0.7658468998960859,"ADASYN(n_neighbors=9, random_state=42)",42
0.25,8703,5436,0.9991359748082467,0.0011515631854192353,0.9207825529185375,0.7962797352888571,0.9986217393142519,0.0018359238973744453,0.9144440595774159,0.8027364045722203,"ADASYN(n_neighbors=9, random_state=42)",42
0.5,8700,6523,0.999136836094175,0.0009459859976525351,0.9007824726134586,0.7756667247690431,0.9988505747126437,0.0012591323161038326,0.8901974367855906,0.7771042604780048,"ADASYN(n_neighbors=9, random_state=42)",42
1.0,8698,8698,,,0.9111111111111111,0.7858407079646018,,,0.9030135088326983,0.7904399030135087,"ADASYN(n_neighbors=9, random_state=42)",42
0.005,8698,4370,0.9522087035645036,0.06586739526723598,0.8990999526290857,0.7817578193255286,0.925,0.1,0.8893314859715968,0.7836854866643574,"SMOTEENN(enn=EditedNearestNeighbours(), random_state=42,
         smote=SMOTE(k_neighbors=3, random_state=42))",42
0.01,8698,4392,0.9731037780398694,0.039207559328243706,0.8481774960380348,0.7044563279857398,0.9541666666666666,0.06508541396588882,0.8340838240387946,0.7128507100796675,"SMOTEENN(enn=EditedNearestNeighbours(), random_state=42,
         smote=SMOTE(k_neighbors=3, random_state=42))",42
0.03,8698,4479,0.9900480557928499,0.008882773050020592,0.8959925152034929,0.7628865979381443,0.9882313888643003,0.015217986769915688,0.8844821614132317,0.7649809490820921,"SMOTEENN(enn=EditedNearestNeighbours(), random_state=42,
         smote=SMOTE(k_neighbors=3, random_state=42))",42
0.05,8698,4566,0.9940158621023836,0.006470007668077686,0.8864764267990074,0.7523892267593397,0.9928990790017252,0.005810366061232809,0.8732248008313128,0.7532040180117769,"SMOTEENN(enn=EditedNearestNeighbours(), random_state=42,
         smote=SMOTE(k_neighbors=3, random_state=42))",42
0.1,8698,4783,0.9955111256109548,0.004357854159753894,0.9263902282224366,0.8035106573526778,0.9929617749264903,0.006804637940072174,0.9206789054381711,0.8100103914097679,"SMOTEENN(enn=EditedNearestNeighbours(), random_state=42,
         smote=SMOTE(k_neighbors=3, random_state=42))",42
0.25,8697,5436,0.998272661573127,0.001077210965486847,0.9065743944636678,0.7741139128901429,0.9979289108669359,0.0015284047354064054,0.8971250432975407,0.7781434014547974,"SMOTEENN(enn=EditedNearestNeighbours(), random_state=42,
         smote=SMOTE(k_neighbors=3, random_state=42))",42
0.5,8696,6523,0.9991363729170011,0.0009463470097094471,0.9173961483367818,0.7779374775422206,0.9988500450235712,0.0012591327617606717,0.9101143055074472,0.7859369587807412,"SMOTEENN(enn=EditedNearestNeighbours(), random_state=42,
         smote=SMOTE(k_neighbors=3, random_state=42))",42
1.0,8695,8698,0.9996551060131622,0.0004598037126408845,0.920863309352518,0.793350017876296,0.999655172413793,0.0004597701149425148,0.9142708694146172,0.7997921718046415,"SMOTEENN(enn=EditedNearestNeighbours(), random_state=42,
         smote=SMOTE(k_neighbors=3, random_state=42))",42
0.005,8698,4370,0.9270937610357679,0.06679074625630822,0.8847235238987816,0.7683284457478006,0.885,0.10198039027185568,0.8721856598545202,0.7674056113612746,"SMOTEENN(enn=EditedNearestNeighbours(n_neighbors=5), random_state=42,
         smote=SMOTE(random_state=42))",42
0.01,8698,4392,0.9669957217821168,0.02294507031920221,0.861288812607271,0.71875,0.9402777777777779,0.03967460238079361,0.8460339452719086,0.7225493591963976,"SMOTEENN(enn=EditedNearestNeighbours(n_neighbors=5), random_state=42,
         smote=SMOTE(random_state=42))",42
0.03,8696,4479,0.9900580956653053,0.006264580335699614,0.894761386600342,0.7669094693028096,0.9882316534040673,0.009378299092117397,0.8827502597852441,0.7672324211984759,"SMOTEENN(enn=EditedNearestNeighbours(n_neighbors=5), random_state=42,
         smote=SMOTE(random_state=42))",42
0.05,8698,4566,0.9938847287915109,0.003859138345816384,0.8943672959900141,0.763134927561529,0.9906884401351121,0.008411301040568208,0.8827502597852441,0.7649809490820921,"SMOTEENN(enn=EditedNearestNeighbours(n_neighbors=5), random_state=42,
         smote=SMOTE(random_state=42))",42
0.1,8698,4783,0.9961798249850036,0.0037223839937424877,0.928928283642224,0.8059647862019403,0.9951590483827853,0.006560706232994854,0.9236231382057499,0.8129546241773468,"SMOTEENN(enn=EditedNearestNeighbours(n_neighbors=5), random_state=42,
         smote=SMOTE(random_state=42))",42
0.25,8698,5436,0.9976950932571835,0.0014694496099414427,0.9113043478260869,0.7932001402032948,0.9966675743367972,0.0023063199588608477,0.9028403186698996,0.7956356078974715,"SMOTEENN(enn=EditedNearestNeighbours(n_neighbors=5), random_state=42,
         smote=SMOTE(random_state=42))",42
0.5,8696,6523,0.9993096162759393,0.0003451922049902238,0.9155019059720457,0.7815845824411135,0.9990799300810425,0.0004600361030202536,0.9078628333910634,0.7880152407343263,"SMOTEENN(enn=EditedNearestNeighbours(n_neighbors=5), random_state=42,
         smote=SMOTE(random_state=42))",42
1.0,8690,8698,0.999540031099993,0.0006705993085290425,0.9206907579149345,0.7937812723373838,0.9995402298850575,0.0006702243557293247,0.9140976792518185,0.800138552130239,"SMOTEENN(enn=EditedNearestNeighbours(n_neighbors=5), random_state=42,
         smote=SMOTE(random_state=42))",42
0.005,8693,4370,0.9270937610357679,0.06679074625630822,0.8796424718754816,0.7713368260943045,0.885,0.10198039027185568,0.864738482854174,0.7656737097332872,"SMOTEENN(enn=EditedNearestNeighbours(n_neighbors=7), random_state=42,
         smote=SMOTE(k_neighbors=7, random_state=42))",42
0.01,8692,4392,0.974721161355667,0.023646093206423687,0.8681631362630414,0.7092121867676221,0.9541666666666666,0.04203540541783767,0.8555594042258399,0.7206442674056113,"SMOTEENN(enn=EditedNearestNeighbours(n_neighbors=7), random_state=42,
         smote=SMOTE(k_neighbors=7, random_state=42))",42
0.03,8690,4479,0.9857155792058849,0.012189028568225317,0.8839711080374981,0.7571453020708541,0.9768081343943413,0.018937241777258116,0.8692414270869415,0.7542431589885694,"SMOTEENN(enn=EditedNearestNeighbours(n_neighbors=7), random_state=42,
         smote=SMOTE(k_neighbors=7, random_state=42))",42
0.05,8695,4566,0.9963252527155955,0.003000822887333252,0.8942277691107644,0.761488729687227,0.993076109936575,0.005654156076243697,0.8825770696224454,0.7635954277797021,"SMOTEENN(enn=EditedNearestNeighbours(n_neighbors=7), random_state=42,
         smote=SMOTE(k_neighbors=7, random_state=42))",42
0.1,8698,4783,0.9955579652642144,0.0025455568145489747,0.9243104554201411,0.779031670913724,0.9950441058540498,0.0022406647008782776,0.9182542431589886,0.7897471423623138,"SMOTEENN(enn=EditedNearestNeighbours(n_neighbors=7), random_state=42,
         smote=SMOTE(k_neighbors=7, random_state=42))",42
0.25,8696,5436,0.9982727425397797,0.001413418195836097,0.9275828773736724,0.8044492285611768,0.9979310247636931,0.0018061876654578352,0.9220644267405611,0.8112227225493592,"SMOTEENN(enn=EditedNearestNeighbours(n_neighbors=7), random_state=42,
         smote=SMOTE(k_neighbors=7, random_state=42))",42
0.5,8693,6523,0.9989647226708553,0.0006456093621823,0.9150119142176331,0.7759856630824373,0.9988505747126437,0.0007269603816478814,0.9073432629026671,0.7835122965015586,"SMOTEENN(enn=EditedNearestNeighbours(n_neighbors=7), random_state=42,
         smote=SMOTE(k_neighbors=7, random_state=42))",42
1.0,8687,8698,0.999770114866599,0.00028155063814216556,0.9199808337326306,0.7920685959271169,0.9997701149425288,0.00028155054514748324,0.9132317284378246,0.7984066505022515,"SMOTEENN(enn=EditedNearestNeighbours(n_neighbors=7), random_state=42,
         smote=SMOTE(k_neighbors=7, random_state=42))",42
0.005,8691,4370,0.9713136949208172,0.035133405024903565,0.8633597078514912,0.7552074654224296,0.95,0.06123724356957946,0.8444752338067198,0.7455836508486318,"SMOTEENN(enn=EditedNearestNeighbours(n_neighbors=9), random_state=42,
         smote=SMOTE(k_neighbors=9, random_state=42))",42
0.01,8693,4392,0.961223997927718,0.03331534491526033,0.8548362055581431,0.7149825783972126,0.9319444444444445,0.05422005915539762,0.838067197783166,0.71666089366124,"SMOTEENN(enn=EditedNearestNeighbours(n_neighbors=9), random_state=42,
         smote=SMOTE(k_neighbors=9, random_state=42))",42
0.03,8689,4479,0.9878875818683873,0.00755861335512259,0.8890948409020698,0.769757098871023,0.9806542882404952,0.012164778716544276,0.8756494631104954,0.7668860408728784,"SMOTEENN(enn=EditedNearestNeighbours(n_neighbors=9), random_state=42,
         smote=SMOTE(k_neighbors=9, random_state=42))",42
0.05,8695,4566,0.9901779421862024,0.005151745936203756,0.8837995696280356,0.7550145722612721,0.9880801195596705,0.012531184968955488,0.8690682369241427,0.7525112573605819,"SMOTEENN(enn=EditedNearestNeighbours(n_neighbors=9), random_state=42,
         smote=SMOTE(k_neighbors=9, random_state=42))",42
0.1,8697,4783,0.9968291473170876,0.0019991575047215594,0.9272844272844273,0.8030874169807934,0.9963218390804599,0.0027824640084851285,0.9217180464149637,0.8100103914097679,"SMOTEENN(enn=EditedNearestNeighbours(n_neighbors=9), random_state=42,
         smote=SMOTE(k_neighbors=9, random_state=42))",42
0.25,8693,5436,0.999135840357517,0.0007055857356098377,0.9127474267616785,0.786067892503536,0.9989633984850894,0.00105600873142164,0.9045722202978871,0.7904399030135089,"SMOTEENN(enn=EditedNearestNeighbours(n_neighbors=9), random_state=42,
         smote=SMOTE(k_neighbors=9, random_state=42))",42
0.5,8692,6523,0.9989632577306065,0.0010082004961433691,0.9225104066602625,0.7964949928469242,0.9986191005879549,0.0013429029373506819,0.9161759612054035,0.8029095947350191,"SMOTEENN(enn=EditedNearestNeighbours(n_neighbors=9), random_state=42,
         smote=SMOTE(k_neighbors=9, random_state=42))",42
1.0,8683,8698,0.9996551060131622,0.0004598037126408845,0.9251525859299711,0.7937995674116799,0.999655172413793,0.0004597701149425148,0.9192933841357811,0.8018704537582265,"SMOTEENN(enn=EditedNearestNeighbours(n_neighbors=9), random_state=42,
         smote=SMOTE(k_neighbors=9, random_state=42))",42
0.005,8698,4370,0.9601450794968827,0.033053523441061626,0.9030620339520863,0.7850992795642242,0.93,0.057879184513951125,0.8941808105299619,0.788188430897125,"SMOTETomek(random_state=42, smote=SMOTE(k_neighbors=3, random_state=42),
           tomek=TomekLinks())",42
0.01,8698,4392,0.981396312689349,0.01525719331228027,0.8465189873417721,0.7058405822829753,0.9652777777777779,0.02846375212766556,0.8320055420852096,0.7130239002424663,"SMOTETomek(random_state=42, smote=SMOTE(k_neighbors=3, random_state=42),
           tomek=TomekLinks())",42
0.03,8698,4479,0.9918487443022231,0.007677732979371165,0.8905765654060757,0.7639440511137973,0.9846153846153847,0.014390989949130528,0.8777277450640804,0.7632490474541046,"SMOTETomek(random_state=42, smote=SMOTE(k_neighbors=3, random_state=42),
           tomek=TomekLinks())",42
0.05,8698,4566,0.9927819532602712,0.0057605001535438825,0.8813298445436355,0.7544130248500428,0.9927312823503682,0.005712305427296995,0.8664703844821614,0.7518184967093868,"SMOTETomek(random_state=42, smote=SMOTE(k_neighbors=3, random_state=42),
           tomek=TomekLinks())",42
0.1,8698,4783,0.9968023534015404,0.00351769714487018,0.9246069939043953,0.7938107232817561,0.9952606255012029,0.004531103551281584,0.918600623484586,0.801524073432629,"SMOTETomek(random_state=42, smote=SMOTE(k_neighbors=3, random_state=42),
           tomek=TomekLinks())",42
0.25,8698,5436,0.9985591361442749,0.001579551870464777,0.9134706814580031,0.7893342751191947,0.9977043081215914,0.002512492352970896,0.9054381711118809,0.7933841357810876,"SMOTETomek(random_state=42, smote=SMOTE(k_neighbors=3, random_state=42),
           tomek=TomekLinks())",42
0.5,8698,6523,0.9991371694744495,0.0005458491877752765,0.9045825486503453,0.7745786516853933,0.9988505747126437,0.0007269603816478814,0.8947003810183581,0.7776238309664011,"SMOTETomek(random_state=42, smote=SMOTE(k_neighbors=3, random_state=42),
           tomek=TomekLinks())",42
1.0,8698,8698,0.9996550401059447,0.00046000162402863267,0.9111111111111111,0.7858407079646018,0.999655172413793,0.00045977011494251484,0.9030135088326983,0.7904399030135087,"SMOTETomek(random_state=42, smote=SMOTE(k_neighbors=3, random_state=42),
           tomek=TomekLinks())",42
0.005,8698,4370,0.9331037122081899,0.0819308853881553,0.8900753768844221,0.7733425893786879,0.9,0.1224744871391589,0.8787668860408728,0.7738136473848285,"SMOTETomek(random_state=42, smote=SMOTE(random_state=42), tomek=TomekLinks())",42
0.01,8698,4392,0.9739369795963407,0.02384370073858311,0.8592338835253815,0.7149622873180144,0.9527777777777778,0.04244640774982259,0.8434360928299273,0.7185659854520263,"SMOTETomek(random_state=42, smote=SMOTE(random_state=42), tomek=TomekLinks())",42
0.03,8698,4479,0.9937054339808213,0.012589132038357499,0.8954991434356019,0.7668231611893583,0.9884615384615385,0.023076923076923085,0.8837894007620367,0.7677519916868722,"SMOTETomek(random_state=42, smote=SMOTE(random_state=42), tomek=TomekLinks())",42
0.05,8698,4566,0.9939377651624568,0.0053991427752437,0.8915774778966962,0.7643091820854228,0.9928990790017254,0.00895480797842339,0.8789400762036716,0.7639418081052995,"SMOTETomek(random_state=42, smote=SMOTE(random_state=42), tomek=TomekLinks())",42
0.1,8698,4783,0.9955382633350094,0.004783023447706717,0.9340463458110517,0.8087649402390438,0.9940229885057471,0.00736529624993137,0.9295116037409075,0.8171111880845168,"SMOTETomek(random_state=42, smote=SMOTE(random_state=42), tomek=TomekLinks())",42
0.25,8698,5436,0.9979813626187403,0.0014714914608139737,0.9272844272844273,0.8024425287356322,0.9967826491354164,0.002340672739294728,0.9217180464149637,0.8094908209213716,"SMOTETomek(random_state=42, smote=SMOTE(random_state=42), tomek=TomekLinks())",42
0.5,8698,6523,0.9993097485858922,0.0006458042183256057,0.9125752296484004,0.7715154768294865,0.999080459770115,0.0008601511233962823,0.9043990301350884,0.7788361621059924,"SMOTETomek(random_state=42, smote=SMOTE(random_state=42), tomek=TomekLinks())",42
1.0,8698,8698,0.9996551722998983,0.00028155063814216556,0.9111111111111111,0.7858407079646018,0.999655172413793,0.00028155054514748324,0.9030135088326983,0.7904399030135087,"SMOTETomek(random_state=42, smote=SMOTE(random_state=42), tomek=TomekLinks())",42
0.005,8698,4370,0.9665518561040949,0.06689628779181019,0.8797038864898211,0.7700643413477819,0.95,0.09999999999999999,0.8649116730169726,0.7648077589192934,"SMOTETomek(random_state=42, smote=SMOTE(k_neighbors=7, random_state=42),
           tomek=TomekLinks())",42
0.01,8698,4392,0.9687813041016671,0.019998998838191603,0.8558081594518842,0.7104247104247104,0.9526628352490422,0.023889215340645992,0.8396259092483547,0.7142362313820575,"SMOTETomek(random_state=42, smote=SMOTE(k_neighbors=7, random_state=42),
           tomek=TomekLinks())",42
0.03,8698,4479,0.9878875159611699,0.007558778754711902,0.8900945589831034,0.7667929727867723,0.9806542882404952,0.012164778716544276,0.8772081745756841,0.7655005195704884,"SMOTETomek(random_state=42, smote=SMOTE(k_neighbors=7, random_state=42),
           tomek=TomekLinks())",42
0.05,8698,4566,0.9926487044718376,0.004633685529676283,0.8891983905911482,0.7647564963001204,0.9883628587397633,0.010156623848387848,0.8759958434360928,0.7632490474541046,"SMOTETomek(random_state=42, smote=SMOTE(k_neighbors=7, random_state=42),
           tomek=TomekLinks())",42
0.1,8698,4783,0.997464686311992,0.002367186705478913,0.9232740669549896,0.7848879248011569,0.9964367816091955,0.002916914377114853,0.9170419120193973,0.7939037062694838,"SMOTETomek(random_state=42, smote=SMOTE(k_neighbors=7, random_state=42),
           tomek=TomekLinks())",42
0.25,8698,5436,0.9985600708202593,0.0022299556751692053,0.9317814419657291,0.8089401586157173,0.9980479489193026,0.0028930995149862694,0.9269137512989263,0.8164184274333217,"SMOTETomek(random_state=42, smote=SMOTE(k_neighbors=7, random_state=42),
           tomek=TomekLinks())",42
0.5,8698,6523,0.9986190893698694,0.0008815338942333657,0.9045825486503453,0.773286467486819,0.9985041580592192,0.001240478656847282,0.8947003810183581,0.7765846899896085,"SMOTETomek(random_state=42, smote=SMOTE(k_neighbors=7, random_state=42),
           tomek=TomekLinks())",42
1.0,8698,8698,0.9995400973114545,0.0005632634977830809,0.9111111111111111,0.7858407079646018,0.9995402298850575,0.0005631010902949665,0.9030135088326983,0.7904399030135087,"SMOTETomek(random_state=42, smote=SMOTE(k_neighbors=7, random_state=42),
           tomek=TomekLinks())",42
0.005,8698,4370,0.9511986201221981,0.041216098075054934,0.863975628332064,0.7549248747913189,0.9497701149425287,0.06105098592825072,0.8453411846207135,0.7457568410114306,"SMOTETomek(random_state=42, smote=SMOTE(k_neighbors=9, random_state=42),
           tomek=TomekLinks())",42
0.01,8698,4392,0.976110050244556,0.02149105010050749,0.8531967721911856,0.7089447938504543,0.9651628352490421,0.028548683058163743,0.8361621059923796,0.7114651887772775,"SMOTETomek(random_state=42, smote=SMOTE(k_neighbors=9, random_state=42),
           tomek=TomekLinks())",42
0.03,8698,4479,0.9860116771733513,0.004795849121878417,0.8972399812880087,0.7762588683163177,0.9805393457117596,0.011802484893520116,0.8858676827156218,0.7760651195012124,"SMOTETomek(random_state=42, smote=SMOTE(k_neighbors=9, random_state=42),
           tomek=TomekLinks())",42
0.05,8698,4566,0.9926230066562631,0.0046257699414677805,0.8860368022266893,0.7587870434183321,0.9862050739957716,0.008604677135293332,0.8723588500173189,0.7575337720817458,"SMOTETomek(random_state=42, smote=SMOTE(k_neighbors=9, random_state=42),
           tomek=TomekLinks())",42
0.1,8698,4783,0.9968158086217069,0.003480654754395409,0.9165474487362899,0.7932011331444759,0.9952739909115209,0.004490337104934059,0.9090751645306547,0.7977138898510565,"SMOTETomek(random_state=42, smote=SMOTE(k_neighbors=9, random_state=42),
           tomek=TomekLinks())",42
0.25,8698,5436,0.9982686658838403,0.0016857140707828698,0.9097222222222222,0.7969348659003831,0.9975851377993411,0.0028282983257062366,0.9009352268791133,0.7980602701766539,"SMOTETomek(random_state=42, smote=SMOTE(k_neighbors=9, random_state=42),
           tomek=TomekLinks())",42
0.5,8698,6523,0.9994821293284355,0.0004228398585273731,0.9174896463841988,0.7849097085642768,0.9993098151385137,0.0005635344094063308,0.9102874956702459,0.7916522341531,"SMOTETomek(random_state=42, smote=SMOTE(k_neighbors=9, random_state=42),
           tomek=TomekLinks())",42
1.0,8698,8698,0.9996550394974559,0.0004600026890485254,0.9111111111111111,0.7858407079646018,0.9996549078740262,0.0004602331308109901,0.9030135088326983,0.7904399030135087,"SMOTETomek(random_state=42, smote=SMOTE(k_neighbors=9, random_state=42),
           tomek=TomekLinks())",42
0.005,4370,4370,0.9569705423812259,0.035133405024903565,0.7876310645103963,0.39708646616541354,0.925,0.06123724356957946,0.7930377554554902,0.5555940422583997,no Sampler(),1999
0.01,4392,4392,0.9603207024145984,0.025701626528478946,0.7648255359098732,0.414541072504519,0.9291666666666666,0.04444444444444445,0.7396951853134741,0.49515067544163494,no Sampler(),1999
0.03,4479,4479,0.9853042096793807,0.015989306384241744,0.8173810921902525,0.645367412140575,0.973076923076923,0.028781979898261072,0.7845514374783513,0.6347419466574299,no Sampler(),1999
0.05,4566,4566,0.9874317177504018,0.009030351989403626,0.8364431486880467,0.6525995948683322,0.9768498942917547,0.016445702729043922,0.8056806373397991,0.6435746449601663,no Sampler(),1999
0.1,4783,4783,0.9968022339823726,0.002041846013348286,0.8501845018450185,0.6733651226158038,0.9942261427425821,0.0036772127856760594,0.8242119847592657,0.6678212677519917,no Sampler(),1999
0.25,5436,5436,0.9988495030927483,0.000575260923731716,0.8773211567732115,0.7167710508002784,0.998504682888759,0.0010029077076017545,0.860408728784205,0.7180464149636301,no Sampler(),1999
0.5,6523,6523,0.999481864217095,0.0006907645126250786,0.887178697860551,0.7344652546823035,0.9993098151385137,0.0009198056463571939,0.873051610668514,0.7372705230342917,no Sampler(),1999
1.0,8698,8698,0.9997699820641565,0.0004600358716873032,0.904432568374725,0.7731033268790706,0.9997698504027618,0.0004602991944763879,0.8947003810183581,0.7767578801524073,no Sampler(),1999
0.005,8698,4370,0.9744882320364742,0.03164600561972855,0.7755228505034857,0.4767777991905955,0.9550000000000001,0.055677643628300216,0.7490474541046068,0.5297887080013854,RandomOverSampler(random_state=1999),1999
0.01,8698,4392,0.9747212933218309,0.02364588227247048,0.7930071984721611,0.5193728599747702,0.9541666666666666,0.04203540541783767,0.755975060616557,0.5381018358157257,RandomOverSampler(random_state=1999),1999
0.03,8698,4479,0.9920023262200219,0.00743142646560557,0.8309737070210922,0.6682027649769585,0.9883464636629193,0.009517391806794005,0.7973675095254589,0.6508486317977138,RandomOverSampler(random_state=1999),1999
0.05,8698,4566,0.9925914868683542,0.0062189801254811375,0.8374727668845315,0.6610906657745065,0.9904677893611333,0.013404682745407763,0.8062002078281953,0.6491167301697263,RandomOverSampler(random_state=1999),1999
0.1,8698,4783,0.9987290541280839,0.0015565844384454954,0.8626159832385514,0.6903325865931415,0.9977011494252874,0.002815505451474941,0.8410114305507448,0.6887772774506409,RandomOverSampler(random_state=1999),1999
0.25,8698,5436,0.9985580368810091,0.0018263457624448085,0.8813455657492355,0.7329407689643228,0.9983876264632661,0.0026871656541331943,0.8656044336681676,0.7329407689643228,RandomOverSampler(random_state=1999),1999
0.5,8698,6523,0.9993096813078635,0.0006458225905430657,0.9004842993282299,0.7416413373860182,0.9991948726097781,0.0008603640974439668,0.8896778662971943,0.7497402147558019,RandomOverSampler(random_state=1999),1999
1.0,8698,8698,0.9995401637501813,0.0004300932569338725,0.904432568374725,0.7731033268790706,0.9995402298850575,0.00043007556169814116,0.8947003810183581,0.7767578801524073,RandomOverSampler(random_state=1999),1999
0.005,42,4370,0.5474198574080393,0.02488821197138432,0.7374043597516963,0.5841023150396633,0.9224649154134095,0.05053670498111073,0.6849670938690682,0.5550744717700035,RandomUnderSampler(random_state=1999),1999
0.01,86,4392,0.6138442847633232,0.04729255542870216,0.7887723277573008,0.646602249326786,0.935619298616898,0.029261667074033708,0.741946657429858,0.613612746795982,RandomUnderSampler(random_state=1999),1999
0.03,260,4479,0.863453843480656,0.033324654549349596,0.7962858750703433,0.6808510638297872,0.9854623392030637,0.010784329252129693,0.7492206442674056,0.6414963630065813,RandomUnderSampler(random_state=1999),1999
0.05,434,4566,0.9655002913864703,0.028437342796257516,0.8118980169971671,0.6887603564170705,0.996321045461159,0.003096997494849499,0.770003463803256,0.6551783858676827,RandomUnderSampler(random_state=1999),1999
0.1,868,4783,0.9869748006397401,0.004857788393233765,0.8333574215927158,0.6993232355784724,0.9955167122997765,0.0017948163460814563,0.8003117422930377,0.6768271562175268,RandomUnderSampler(random_state=1999),1999
0.25,2174,5436,0.9979902436790578,0.00114683944999951,0.859442539871814,0.7324830213682293,0.9985056099970204,0.0010016317240673788,0.8366816764807758,0.7202978870800139,RandomUnderSampler(random_state=1999),1999
0.5,4348,6523,0.9991379609676987,0.0005445968111672895,0.8678506923540036,0.7300354550059092,0.9991948726097781,0.0004601684296917145,0.8479390370626949,0.7230689296847939,RandomUnderSampler(random_state=1999),1999
1.0,8698,8698,0.9995401635980594,0.0004300932976821026,0.9008445417578981,0.7659350307287094,0.9995400976151739,0.0004301109922113393,0.8901974367855905,0.7691375129892621,RandomUnderSampler(random_state=1999),1999
0.005,8698,4370,0.9665518561040949,0.06689628779181019,0.7733374960974086,0.46553407537590313,0.95,0.09999999999999999,0.7485278836162106,0.525978524419813,"SMOTE(k_neighbors=3, random_state=1999)",1999
0.01,8698,4392,0.969516730299242,0.03257137048552058,0.8291471962616822,0.5868875572788157,0.954051724137931,0.042214150962416215,0.797367509525459,0.5940422583997229,"SMOTE(k_neighbors=3, random_state=1999)",1999
0.03,8698,4479,0.9899044475365695,0.00650936426817869,0.8323214801965886,0.6750861079219288,0.9845004420866491,0.014269433964378509,0.7990994111534465,0.6569102874956703,"SMOTE(k_neighbors=3, random_state=1999)",1999
0.05,8698,4566,0.9927835574150151,0.008766469158578202,0.8400933761307265,0.6557321609739601,0.9927838719332229,0.009437540644623172,0.8101835815725666,0.6473848285417388,"SMOTE(k_neighbors=3, random_state=1999)",1999
0.1,8698,4783,0.9949023945005597,0.007174846981118899,0.8629152948219097,0.6918044077134986,0.9949024325046778,0.007358930351315853,0.8413578108763422,0.6899896085902322,"SMOTE(k_neighbors=3, random_state=1999)",1999
0.25,8698,5436,0.9991388741233005,0.0007031159640567563,0.8852710797112578,0.7244288224956064,0.9993091531795578,0.0008466520832834787,0.8706269483893314,0.7284378247315553,"SMOTE(k_neighbors=3, random_state=1999)",1999
0.5,8698,6523,0.9998276851246046,0.00034462975079043725,0.896756082345602,0.7412811387900355,0.9998850574712644,0.00022988505747125742,0.8853481122272255,0.7481815032906132,"SMOTE(k_neighbors=3, random_state=1999)",1999
1.0,8698,8698,0.9997701146388092,0.0004597707223816805,0.904432568374725,0.7731033268790706,0.9997701149425288,0.00045977011494251484,0.8947003810183581,0.7767578801524073,"SMOTE(k_neighbors=3, random_state=1999)",1999
0.005,8698,4370,0.9713136949208172,0.035133405024903565,0.7784019975031211,0.4779311685786506,0.95,0.06123724356957946,0.7540699688257707,0.5349844128853481,SMOTE(random_state=1999),1999
0.01,8698,4392,0.9737198267026604,0.0264394249027088,0.8273139347857874,0.5790219702338767,0.9527777777777778,0.04614791034954486,0.7954624177346727,0.5885001731901628,SMOTE(random_state=1999),1999
0.03,8698,4479,0.9940206810575081,0.007941365065382006,0.8330200954170883,0.6851278709887604,0.9921927497789568,0.009563616652880394,0.7999653619674403,0.6652234153100104,SMOTE(random_state=1999),1999
0.05,8698,4566,0.9951171074441533,0.00244358173467571,0.8435991221653255,0.6605660057617353,0.9929081810153344,0.005558529205735305,0.814859715968133,0.6531001039140977,SMOTE(random_state=1999),1999
0.1,8698,4783,0.9974643615089551,0.0012680570594554292,0.8624869070776597,0.6888582269748189,0.9974577666876143,0.002652474928327533,0.840838240387946,0.6875649463110496,SMOTE(random_state=1999),1999
0.25,8698,5436,0.9994232297278117,0.0007063964328338036,0.8816151728357295,0.7276840090481991,0.9990783410138249,0.0011287971164899119,0.8659508139937652,0.7289573952199515,SMOTE(random_state=1999),1999
0.5,8698,6523,0.9998274869475038,0.00034502610499238524,0.9020222605424048,0.7418717442069337,0.9997701149425288,0.00045977011494251484,0.8917561482507794,0.7511257360581919,SMOTE(random_state=1999),1999
1.0,8698,8698,0.9997699824444624,0.0002817128214748667,0.904432568374725,0.7731033268790706,0.9997698504027618,0.0002818745388703179,0.8947003810183581,0.7767578801524073,SMOTE(random_state=1999),1999
0.005,8698,4370,0.9744882320364742,0.03164600561972855,0.7764923646459972,0.49230184375593994,0.9550000000000001,0.055677643628300216,0.7490474541046068,0.5374090751645306,"SMOTE(k_neighbors=7, random_state=1999)",1999
0.01,8698,4392,0.9694005650553242,0.020083986064800517,0.8237564959168523,0.5464220183486238,0.954051724137931,0.04191052084279308,0.7944232767578802,0.5718739175614824,"SMOTE(k_neighbors=7, random_state=1999)",1999
0.03,8698,4479,0.9918486782432767,0.007677749670952836,0.834830483917705,0.6749052562201351,0.9846153846153847,0.01439098994913053,0.8025632144094215,0.6582958087980603,"SMOTE(k_neighbors=7, random_state=1999)",1999
0.05,8698,4566,0.9937176621855637,0.007960348057827877,0.8465717222140655,0.662125340599455,0.9883720930232558,0.014708268186829698,0.8190162798753031,0.656390717007274,"SMOTE(k_neighbors=7, random_state=1999)",1999
0.1,8698,4783,0.996794869262915,0.0035555459463269675,0.856718192627824,0.6828767123287671,0.9962817428495054,0.0068666134963921805,0.8330446830620021,0.6792518184967093,"SMOTE(k_neighbors=7, random_state=1999)",1999
0.25,8698,5436,0.9985611103169854,0.00091355303405339,0.8886833179155104,0.7411805798113866,0.9983896080901399,0.0016847208353830566,0.8749567024593004,0.743332178732248,"SMOTE(k_neighbors=7, random_state=1999)",1999
0.5,8698,6523,0.9996548417771148,0.0004227307632971615,0.9096661920582186,0.7423357664233576,0.999655172413793,0.00045977011494251484,0.9011084170419119,0.7554554901281607,"SMOTE(k_neighbors=7, random_state=1999)",1999
1.0,8698,8698,0.9994250885336855,0.0005141868839108038,0.904432568374725,0.7731033268790706,0.9994251550864384,0.0005140386835872422,0.8947003810183581,0.7767578801524073,"SMOTE(k_neighbors=7, random_state=1999)",1999
0.005,8698,4370,0.9461987523920816,0.048129904370150065,0.769325912183055,0.475971663794754,0.9248850574712645,0.06133145277924869,0.7416002771042605,0.525978524419813,"SMOTE(k_neighbors=9, random_state=1999)",1999
0.01,8698,4392,0.9628905984596392,0.02381299095397916,0.8190984578884934,0.535490989334314,0.9443295019157087,0.049562256380506424,0.7887080013855212,0.5625216487703498,"SMOTE(k_neighbors=9, random_state=1999)",1999
0.03,8698,4479,0.9918486782432767,0.007677749670952837,0.8321273516642547,0.6718235681369322,0.9846153846153847,0.01439098994913053,0.7990994111534464,0.6546588153792865,"SMOTE(k_neighbors=9, random_state=1999)",1999
0.05,8698,4566,0.9950633986141838,0.004655124118760327,0.8618834080717489,0.6849740932642487,0.9907505285412264,0.008688034569114999,0.8399722895739522,0.6841011430550745,"SMOTE(k_neighbors=9, random_state=1999)",1999
0.1,8698,4783,0.998093581192126,0.0015565844384454956,0.8640383750562135,0.6896074701711914,0.9965517241379309,0.002815505451474941,0.842916522341531,0.6891236577762383,"SMOTE(k_neighbors=9, random_state=1999)",1999
0.25,8698,5436,0.9982726689932864,0.0016778174320258264,0.8918458920006189,0.743067743067743,0.9979308924938095,0.002315701318502836,0.8789400762036716,0.7464496016626256,"SMOTE(k_neighbors=9, random_state=1999)",1999
0.5,8698,6523,0.9994824598154892,0.0006903019695021258,0.891156462585034,0.7359887204793796,0.999425287356322,0.000890340999128115,0.8780741253896779,0.740561136127468,"SMOTE(k_neighbors=9, random_state=1999)",1999
1.0,8698,8698,0.9996551060888301,0.0002816047251990426,0.904432568374725,0.7731033268790706,0.9996550401439096,0.00028165864658067735,0.8947003810183581,0.7767578801524073,"SMOTE(k_neighbors=9, random_state=1999)",1999
0.005,8698,4370,0.9713136949208172,0.035133405024903565,0.7833985904463586,0.48636009353078724,0.95,0.06123724356957946,0.7604780048493246,0.5434707308624871,"BorderlineSMOTE(k_neighbors=3, random_state=1999)",1999
0.01,8698,4392,0.9737198267026604,0.0264394249027088,0.7991909852643745,0.5101272629503495,0.9527777777777778,0.04614791034954486,0.7592656737097332,0.5266712850710079,"BorderlineSMOTE(k_neighbors=3, random_state=1999)",1999
0.03,8698,4479,0.9880340105139183,0.011487119588061841,0.8202199057546765,0.6550545336154973,0.9843854995579134,0.014459610190821297,0.7819535850363699,0.6330100450294422,"BorderlineSMOTE(k_neighbors=3, random_state=1999)",1999
0.05,8698,4566,0.9951453023573483,0.0070423805380143084,0.8390101892285299,0.6626425217974514,0.9930138892605775,0.009318721462912523,0.8084516799445791,0.6515413924489089,"BorderlineSMOTE(k_neighbors=3, random_state=1999)",1999
0.1,8698,4783,0.997464648307874,0.003704313433928161,0.8618834080717489,0.7121109607577808,0.997471264367816,0.004775305305250791,0.8399722895739522,0.7052303429165223,"BorderlineSMOTE(k_neighbors=3, random_state=1999)",1999
0.25,8698,5436,0.9985640976817713,0.0009072484410923204,0.8423841059602649,0.6920518789491187,0.9987354950544919,0.0009194526020921918,0.8145133356425356,0.6792518184967093,"BorderlineSMOTE(k_neighbors=3, random_state=1999)",1999
0.5,8698,6523,0.9996549738950076,0.0004225689525856398,0.8755508281416198,0.7223756906077348,0.9995402298850575,0.0005631010902949665,0.8581572566678213,0.7215102182196051,"BorderlineSMOTE(k_neighbors=3, random_state=1999)",1999
1.0,8698,8698,0.9995402295054081,0.00043007606902616813,0.904432568374725,0.7731033268790706,0.9995402298850575,0.00043007556169814116,0.8947003810183581,0.7767578801524073,"BorderlineSMOTE(k_neighbors=3, random_state=1999)",1999
0.005,8698,4370,0.9713136949208172,0.035133405024903565,0.7930494677520351,0.4976617303195635,0.95,0.06123724356957946,0.7710426047800485,0.5535157603048146,BorderlineSMOTE(random_state=1999),1999
0.01,8698,4392,0.9739369795963407,0.02384370073858311,0.7881575165277378,0.49696969696969695,0.9527777777777778,0.04244640774982259,0.744717700034638,0.511257360581919,BorderlineSMOTE(random_state=1999),1999
0.03,8698,4479,0.987964524337387,0.009903400257417105,0.8237482117310444,0.6689331390642707,0.9843854995579134,0.01445504095536853,0.7866297194319363,0.64582611707655,BorderlineSMOTE(random_state=1999),1999
0.05,8698,4566,0.9927027080546533,0.004578790191492906,0.83633197910621,0.6568414001004856,0.9905734976063766,0.008585159856432836,0.8046414963630066,0.645133356425355,BorderlineSMOTE(random_state=1999),1999
0.1,8698,4783,0.9980933986083935,0.002533835202407768,0.8596569724086502,0.6976664963379322,0.9975728414862335,0.002976985464171427,0.8370280568063734,0.6925874610322134,BorderlineSMOTE(random_state=1999),1999
0.25,8698,5436,0.9991369021822628,0.0007047189281056536,0.8356780275562001,0.6806902218570254,0.9989655123818466,0.001053476811575694,0.8037755455490128,0.6634915136820229,BorderlineSMOTE(random_state=1999),1999
0.5,8698,6523,0.9989643240325842,0.0006460342433865773,0.8767123287671232,0.7231833910034602,0.9987351024948357,0.0009194746266516496,0.85971596813301,0.7228957395219952,BorderlineSMOTE(random_state=1999),1999
1.0,8698,8698,0.9997699826726454,0.0004600346547094514,0.904432568374725,0.7731033268790706,0.9997699826726454,0.0004600346547094514,0.8947003810183581,0.7767578801524073,BorderlineSMOTE(random_state=1999),1999
0.005,8698,4370,0.9665518561040949,0.06689628779181017,0.7925304636809621,0.499213217938631,0.95,0.09999999999999999,0.7729476965708348,0.5590578455143748,"BorderlineSMOTE(k_neighbors=7, random_state=1999)",1999
0.01,8698,4392,0.9739369795963407,0.02384370073858311,0.8030477285796435,0.5336386051426558,0.9527777777777778,0.04244640774982259,0.7627294769657084,0.5413924489089019,"BorderlineSMOTE(k_neighbors=7, random_state=1999)",1999
0.03,8698,4479,0.9940192580991412,0.004885120183145077,0.8286864041391204,0.6737184703010578,0.9921927497789568,0.009329624697350871,0.7935573259438864,0.6527537235885001,"BorderlineSMOTE(k_neighbors=7, random_state=1999)",1999
0.05,8698,4566,0.9927027080546533,0.004578790191492906,0.8369391607376216,0.6618777146675576,0.9905734976063766,0.008585159856432836,0.8055074471770003,0.6494631104953239,"BorderlineSMOTE(k_neighbors=7, random_state=1999)",1999
0.1,8698,4783,0.9981000931890037,0.0025304215165849026,0.8633912522468544,0.6930761281433,0.9975862068965518,0.0029618617762586686,0.8420505715275373,0.6913751298926221,"BorderlineSMOTE(k_neighbors=7, random_state=1999)",1999
0.25,8698,5436,0.9988495030927483,0.000575260923731716,0.8371822803195352,0.6853858784893267,0.998504682888759,0.0010029077076017545,0.8058538275025979,0.6681676480775892,"BorderlineSMOTE(k_neighbors=7, random_state=1999)",1999
0.5,8698,6523,0.9993099477900153,0.0010059153103381376,0.8725015142337977,0.7217167381974249,0.9991954022988505,0.001126202180589933,0.85417388292345,0.7192587461032214,"BorderlineSMOTE(k_neighbors=7, random_state=1999)",1999
1.0,8698,8698,0.999425220955429,0.0006295663799210331,0.904432568374725,0.7731033268790706,0.9994251550864384,0.0006295662136308725,0.8947003810183581,0.7767578801524073,"BorderlineSMOTE(k_neighbors=7, random_state=1999)",1999
0.005,8698,4370,0.9744882320364742,0.03164600561972855,0.7877358490566038,0.49266862170087977,0.9550000000000001,0.055677643628300216,0.7661932802216834,0.5505715275372359,"BorderlineSMOTE(k_neighbors=9, random_state=1999)",1999
0.01,8698,4392,0.9695656178271573,0.019966295905142397,0.7995974698102357,0.5278561354019746,0.9540517241379309,0.02315797210835995,0.7585729130585382,0.5361967440249393,"BorderlineSMOTE(k_neighbors=9, random_state=1999)",1999
0.03,8698,4479,0.9940191920401948,0.004885175767029596,0.8321062509022665,0.676590871912318,0.9921927497789568,0.009329624697350871,0.7985798406650502,0.6576030481468653,"BorderlineSMOTE(k_neighbors=9, random_state=1999)",1999
0.05,8698,4566,0.9964310981102121,0.00476926795916428,0.8529977794226499,0.6825369835062064,0.997497255399918,0.004723380362722351,0.8280221683408382,0.6766539660547282,"BorderlineSMOTE(k_neighbors=9, random_state=1999)",1999
0.1,8698,4783,0.9981000551848854,0.001551344866844115,0.8594006262114209,0.6893952372794243,0.9975862068965518,0.002729733813112191,0.8366816764807758,0.6860062348458608,"BorderlineSMOTE(k_neighbors=9, random_state=1999)",1999
0.25,8698,5436,0.9985570635786358,0.0012919443497229142,0.8388694638694638,0.6906522096270741,0.9980417394989143,0.0021738968702358064,0.8084516799445791,0.673882923449948,"BorderlineSMOTE(k_neighbors=9, random_state=1999)",1999
0.5,8698,6523,0.9994823278493253,0.0006905330287323861,0.8731626003939991,0.7269303201506592,0.999425287356322,0.000890340999128115,0.8550398337374436,0.7237616903359889,"BorderlineSMOTE(k_neighbors=9, random_state=1999)",1999
1.0,8698,8698,0.9995400975392442,0.0004302877146804156,0.904432568374725,0.7731033268790706,0.9995402298850575,0.00043007556169814116,0.8947003810183581,0.7767578801524073,"BorderlineSMOTE(k_neighbors=9, random_state=1999)",1999
0.005,4370,4370,0.9601450794968827,0.033053523441061626,0.7923368877643232,0.3956782713085234,0.93,0.057879184513951125,0.8010045029442328,0.5640803602355386,EditedNearestNeighbours(),1999
0.01,4392,4392,0.9603207684735449,0.025701652179673823,0.7653474602679963,0.41994017946161516,0.9291666666666666,0.04444444444444445,0.7391756148250779,0.4961898164184274,EditedNearestNeighbours(),1999
0.03,4479,4479,0.9855541782830443,0.010715250576817848,0.8184345281638624,0.6314184036603966,0.973076923076923,0.01961161351381842,0.7850710079667476,0.6233113959127121,EditedNearestNeighbours(),1999
0.05,4566,4566,0.990038342263067,0.00869124502415255,0.836225754703223,0.654073199527745,0.9837645500716871,0.01727063293762507,0.8055074471770003,0.6447869760997575,EditedNearestNeighbours(),1999
0.1,4783,4783,0.9942535547323175,0.002385566367537421,0.8497562416900576,0.6751744087119279,0.9906627920818941,0.0029374692683538017,0.8238656044336681,0.6693799792171804,EditedNearestNeighbours(),1999
0.25,5435,5436,0.9991358428420828,0.0011517940117886573,0.8749241044323012,0.7196406978752807,0.9986217393142519,0.0018359238973744453,0.8572913058538275,0.7189123657776239,EditedNearestNeighbours(),1999
0.5,6522,6523,0.9993099477900153,0.0010059153103381376,0.8797313797313797,0.7465846994535519,0.9991954022988505,0.001126202180589933,0.8635261517145827,0.7429857984066506,EditedNearestNeighbours(),1999
1.0,8695,8698,0.9996550394974559,0.0004600026890485254,0.9092916863858653,0.7660182045332857,0.9996549078740262,0.0004602331308109901,0.9004156563907171,0.7729476965708348,EditedNearestNeighbours(),1999
0.005,4370,4370,0.960541904931673,0.05123954086989138,0.7923368877643232,0.3956782713085234,0.9349999999999999,0.08306623862918074,0.8010045029442328,0.5640803602355386,EditedNearestNeighbours(n_neighbors=5),1999
0.01,4392,4392,0.9612241295908159,0.033314958448273334,0.7653474602679963,0.41994017946161516,0.9319444444444445,0.05422005915539762,0.7391756148250779,0.4961898164184274,EditedNearestNeighbours(n_neighbors=5),1999
0.03,4479,4479,0.9834574583219112,0.010683647469045628,0.8184345281638624,0.6314184036603966,0.9692307692307693,0.01961161351381841,0.7850710079667476,0.6233113959127121,EditedNearestNeighbours(n_neighbors=5),1999
0.05,4566,4566,0.9899559920355309,0.008694028272988465,0.836225754703223,0.654073199527745,0.9814482029598309,0.01579657556664077,0.8055074471770003,0.6447869760997575,EditedNearestNeighbours(n_neighbors=5),1999
0.1,4783,4783,0.995524830677583,0.004779486369506957,0.8497562416900576,0.6751744087119279,0.9929751403368083,0.006878804697952758,0.8238656044336681,0.6693799792171804,EditedNearestNeighbours(n_neighbors=5),1999
0.25,5434,5436,0.9976949104089957,0.0033576445853654726,0.8753227031131359,0.717797783933518,0.9973510249483553,0.003485442806860706,0.8578108763422237,0.7177000346380326,EditedNearestNeighbours(n_neighbors=5),1999
0.5,6521,6523,0.9996549078360613,0.0004226498708474275,0.8839135101978224,0.7479786685016343,0.9995402298850575,0.0005631010902949665,0.8688950467613439,0.7462764114998268,EditedNearestNeighbours(n_neighbors=5),1999
1.0,8690,8698,0.9994251543640548,0.00036369032634807417,0.9021143304620204,0.7641043723554302,0.999425022816555,0.0003638986091539643,0.8917561482507793,0.7682715621752685,EditedNearestNeighbours(n_neighbors=5),1999
0.005,4370,4370,0.9601450794968827,0.033053523441061626,0.7923368877643232,0.3956782713085234,0.93,0.057879184513951125,0.8010045029442328,0.5640803602355386,EditedNearestNeighbours(n_neighbors=7),1999
0.01,4392,4392,0.9669957217821168,0.022945070319202215,0.7653474602679963,0.41994017946161516,0.9402777777777779,0.03967460238079361,0.7391756148250779,0.4961898164184274,EditedNearestNeighbours(n_neighbors=7),1999
0.03,4479,4479,0.9790878774244707,0.013729534377685237,0.8184345281638624,0.6314184036603966,0.9615384615384617,0.024325212770526013,0.7850710079667476,0.6233113959127121,EditedNearestNeighbours(n_neighbors=7),1999
0.05,4566,4566,0.9913875018695849,0.006330132284771427,0.836225754703223,0.654073199527745,0.9860901314670361,0.013199539897623793,0.8055074471770003,0.6447869760997575,EditedNearestNeighbours(n_neighbors=7),1999
0.1,4783,4783,0.9961802973935322,0.0031188658414764716,0.8497562416900576,0.6751744087119279,0.9941377987645993,0.005145535799252794,0.8238656044336681,0.6693799792171804,EditedNearestNeighbours(n_neighbors=7),1999
0.25,5434,5436,0.999135840357517,0.0007055857356098377,0.8753227031131359,0.717797783933518,0.9989633984850894,0.00105600873142164,0.8578108763422237,0.7177000346380326,EditedNearestNeighbours(n_neighbors=7),1999
0.5,6521,6523,0.9996547084398781,0.000422894275680254,0.8839135101978224,0.7479786685016343,0.9995397001959849,0.0005637504463773807,0.8688950467613439,0.7462764114998268,EditedNearestNeighbours(n_neighbors=7),1999
1.0,8687,8698,0.9996551060131622,0.0004598037126408845,0.9062303335431089,0.764967134482146,0.999655172413793,0.0004597701149425148,0.8967786629719432,0.7708694146172498,EditedNearestNeighbours(n_neighbors=7),1999
0.005,4370,4370,0.9601450794968827,0.033053523441061626,0.7923368877643232,0.3956782713085234,0.93,0.057879184513951125,0.8010045029442328,0.5640803602355386,EditedNearestNeighbours(n_neighbors=9),1999
0.01,4392,4392,0.9581472065138928,0.03911286312980391,0.7653474602679963,0.41994017946161516,0.9277777777777778,0.06189522209765887,0.7391756148250779,0.4961898164184274,EditedNearestNeighbours(n_neighbors=9),1999
0.03,4479,4479,0.9836190571181331,0.005135489884225756,0.8184345281638624,0.6314184036603966,0.9692307692307693,0.009421114395319938,0.7850710079667476,0.6233113959127121,EditedNearestNeighbours(n_neighbors=9),1999
0.05,4566,4566,0.9913618698098908,0.006318979195034569,0.836225754703223,0.654073199527745,0.9839323467230443,0.011631990441935207,0.8055074471770003,0.6447869760997575,EditedNearestNeighbours(n_neighbors=9),1999
0.1,4782,4783,0.9968090911752908,0.0035173970674716904,0.8489675516224189,0.6707545562936468,0.9952873563218392,0.006626912784091733,0.8226532732940769,0.6652234153100104,EditedNearestNeighbours(n_neighbors=9),1999
0.25,5434,5436,0.9985590625977817,0.0009135464258134937,0.8753227031131359,0.717797783933518,0.9980438533956715,0.001612682523313571,0.8578108763422237,0.7177000346380326,EditedNearestNeighbours(n_neighbors=9),1999
0.5,6519,6523,0.9996547084398781,0.000422894275680254,0.8919839059114825,0.7478139209513815,0.9995397001959849,0.0005637504463773807,0.8791132663664704,0.7502597852441981,EditedNearestNeighbours(n_neighbors=9),1999
1.0,8683,8698,0.9996550401059447,0.00046000162402863267,0.9025078369905956,0.7633345107735783,0.999655172413793,0.00045977011494251484,0.8922757187391757,0.767925181849671,EditedNearestNeighbours(n_neighbors=9),1999
0.005,4370,4370,0.9139410847624518,0.07026681004980709,0.7876310645103963,0.39708646616541354,0.865,0.09565563234854497,0.7930377554554902,0.5555940422583997,TomekLinks(),1999
0.01,4392,4392,0.9610559305870632,0.01659890621098616,0.7648255359098732,0.414541072504519,0.9291666666666666,0.027216552697590858,0.7396951853134741,0.49515067544163494,TomekLinks(),1999
0.03,4479,4479,0.983374225104393,0.012670591623223088,0.8173810921902525,0.645367412140575,0.9692307692307693,0.0230769230769231,0.7845514374783513,0.6347419466574299,TomekLinks(),1999
0.05,4566,4566,0.9925116986027508,0.009172239902445476,0.8364431486880467,0.6525995948683322,0.9862050739957716,0.016897124910897145,0.8056806373397991,0.6435746449601663,TomekLinks(),1999
0.1,4783,4783,0.9967819647624279,0.005001151735351716,0.8501845018450185,0.6733651226158038,0.9942528735632183,0.008903409991281407,0.8242119847592657,0.6678212677519917,TomekLinks(),1999
0.25,5436,5436,0.9988474477338759,0.0010801208309629674,0.8773211567732115,0.7167710508002784,0.998504682888759,0.0017690285715500403,0.860408728784205,0.7180464149636301,TomekLinks(),1999
0.5,6523,6523,0.9994823287246186,0.00042267684360025874,0.887178697860551,0.7344652546823035,0.999425287356322,0.0005140386155171775,0.873051610668514,0.7372705230342917,TomekLinks(),1999
1.0,8698,8698,0.9996550401059447,0.00046000162402863267,0.904432568374725,0.7731033268790706,0.9996550401439096,0.000460001605066636,0.8947003810183581,0.7767578801524073,TomekLinks(),1999
0.005,8699,4370,0.9665518561040949,0.06689628779181019,0.7605158120970218,0.4559189137502391,0.95,0.09999999999999999,0.7298233460339453,0.5072739868375475,"ADASYN(n_neighbors=3, random_state=1999)",1999
0.01,8692,4392,0.9695166642402956,0.03257136889509894,0.8230524181870837,0.5832316541746557,0.954051724137931,0.04221415096241621,0.7883616210599238,0.5859023207481815,"ADASYN(n_neighbors=3, random_state=1999)",1999
0.03,8698,4479,0.9878077275754364,0.007741972891649148,0.8205639418968955,0.671905067350866,0.9806542882404952,0.017073077309480468,0.7817803948735711,0.6456529269137512,"ADASYN(n_neighbors=3, random_state=1999)",1999
0.05,8711,4566,0.9963522319575281,0.00297879741832794,0.8291840552597496,0.6556510244547257,0.9952867488031882,0.005542509584409251,0.7944232767578802,0.6390717007273987,"ADASYN(n_neighbors=3, random_state=1999)",1999
0.1,8698,4783,0.9981000551848854,0.0015513448668441148,0.8558705655336203,0.6821678919473414,0.9975862068965518,0.002729733813112191,0.8318323519224109,0.6780394873571182,"ADASYN(n_neighbors=3, random_state=1999)",1999
0.25,8699,5436,0.9988476529434671,0.001681017104911368,0.842443729903537,0.681757656458056,0.9985089106822734,0.0027039991670434354,0.8133010045029443,0.6688604087287842,"ADASYN(n_neighbors=3, random_state=1999)",1999
0.5,8699,6523,0.9998276851246046,0.00034462975079043725,0.8746966019417476,0.7520188425302826,0.9998850574712644,0.00022988505747125742,0.85694492552823,0.744717700034638,"ADASYN(n_neighbors=3, random_state=1999)",1999
1.0,8698,8698,,,0.904432568374725,0.7731033268790706,,,0.8947003810183581,0.7767578801524073,"ADASYN(n_neighbors=3, random_state=1999)",1999
0.005,8695,4370,0.9744882320364742,0.03164600561972855,0.7692069392812887,0.4642442984151527,0.9550000000000001,0.055677643628300216,0.741946657429858,0.5199168687218566,ADASYN(random_state=1999),1999
0.01,8698,4392,0.9688303896546927,0.028217299916461956,0.8183667538506249,0.5695690413368514,0.9554406130268198,0.05433966043726465,0.7835122965015586,0.5762036716314514,ADASYN(random_state=1999),1999
0.03,8704,4479,0.9883135036793899,0.011194691669839085,0.8315060588574726,0.6736531848698215,0.9918479221927499,0.015167801582161664,0.7977138898510565,0.6548320055420852,ADASYN(random_state=1999),1999
0.05,8691,4566,0.9951984047872404,0.004474222883046548,0.8330922765403529,0.6584635849684071,0.9952245281271906,0.00562097564993747,0.800138552130239,0.6442674056113613,ADASYN(random_state=1999),1999
0.1,8695,4783,0.99873559417979,0.0015486090687976723,0.8493150684931506,0.6812964213369345,0.998735632183908,0.0022524043611799544,0.8228264634568756,0.6730169726359543,ADASYN(random_state=1999),1999
0.25,8695,5436,0.9988464594556234,0.0016815598557535284,0.8601701238621101,0.7052042719104933,0.9985025689920018,0.0020474943194934785,0.8377208174575684,0.6988223068929684,ADASYN(random_state=1999),1999
0.5,8697,6523,0.9993102101279362,0.0008448178732591896,0.8715235792019347,0.7454209376575366,0.9993103448275862,0.0009195402298850297,0.8527883616210599,0.7376169033598892,ADASYN(random_state=1999),1999
1.0,8698,8698,,,0.904432568374725,0.7731033268790706,,,0.8947003810183581,0.7767578801524073,ADASYN(random_state=1999),1999
0.005,8697,4370,0.9744882320364742,0.03164600561972855,0.7752272377137575,0.49631170796292795,0.9550000000000001,0.055677643628300216,0.7473155524766193,0.5387945964669207,"ADASYN(n_neighbors=7, random_state=1999)",1999
0.01,8695,4392,0.9687813041016671,0.019998998838191603,0.813392986000866,0.566846784033467,0.9540517241379309,0.04191052084279307,0.7760651195012123,0.5696224454450987,"ADASYN(n_neighbors=7, random_state=1999)",1999
0.03,8691,4479,0.9879614417631186,0.0075799643359037655,0.8301180535560034,0.6834089436163319,0.9843854995579134,0.014301305623318088,0.7956356078974715,0.6615864218912366,"ADASYN(n_neighbors=7, random_state=1999)",1999
0.05,8702,4566,0.9914975051707001,0.009107057079882784,0.8366487585305649,0.6644440740123354,0.9905114092002624,0.013327174888716676,0.8051610668514029,0.6513682022861101,"ADASYN(n_neighbors=7, random_state=1999)",1999
0.1,8696,4783,0.9993645270640419,0.0012709458719160514,0.8451612903225807,0.6704929101958136,0.9988505747126437,0.002298850574712663,0.8171111880845168,0.661932802216834,"ADASYN(n_neighbors=7, random_state=1999)",1999
0.25,8693,5436,0.9979892256520054,0.0017214202380261097,0.862874251497006,0.7096993375233566,0.9981597230326686,0.0017610691426583637,0.8413578108763422,0.704018011776931,"ADASYN(n_neighbors=7, random_state=1999)",1999
0.5,8701,6523,0.9989641900484928,0.0010071007729970174,0.870076957899502,0.755939524838013,0.9988500450235712,0.0013107791571713556,0.8508832698302736,0.7455836508486318,"ADASYN(n_neighbors=7, random_state=1999)",1999
1.0,8698,8698,,,0.904432568374725,0.7731033268790706,,,0.8947003810183581,0.7767578801524073,"ADASYN(n_neighbors=7, random_state=1999)",1999
0.005,8696,4370,0.9553832406801603,0.06501481593175598,0.7708752904725019,0.4783275795934024,0.9498850574712645,0.09994277659874218,0.7438517492206442,0.5289227571873918,"ADASYN(n_neighbors=9, random_state=1999)",1999
0.01,8700,4392,0.9687813700088845,0.01999878361343639,0.8129517201503325,0.5700853212606651,0.9540517241379309,0.04191052084279307,0.7758919293384136,0.5723934880498788,"ADASYN(n_neighbors=9, random_state=1999)",1999
0.03,8703,4479,0.9879514684063698,0.009852427243555551,0.8254331949019046,0.6751736391536101,0.9843854995579134,0.018659249394701795,0.78888119154832,0.6517145826117077,"ADASYN(n_neighbors=9, random_state=1999)",1999
0.05,8716,4566,0.9951171074441533,0.00244358173467571,0.8488509133765468,0.6710884353741496,0.9929081810153344,0.005558529205735305,0.8223068929684794,0.6650502251472117,"ADASYN(n_neighbors=9, random_state=1999)",1999
0.1,8723,4783,0.9968617629122611,0.003972657113836004,0.842197545295149,0.6684590825071417,0.9983908045977012,0.0026808974229173862,0.8129546241773467,0.6582958087980603,"ADASYN(n_neighbors=9, random_state=1999)",1999
0.25,8685,5436,0.9988484534717881,0.0010771726339481144,0.8674807779285392,0.7267796610169491,0.9988484559563536,0.0012080527530582696,0.8477658468998961,0.7208174575684101,"ADASYN(n_neighbors=9, random_state=1999)",1999
0.5,8696,6523,0.9993095473237723,0.0010070109664548602,0.878736777556339,0.7324090121317157,0.9991954022988505,0.001340448711458693,0.8630065812261863,0.7325943886387254,"ADASYN(n_neighbors=9, random_state=1999)",1999
1.0,8698,8698,,,0.904432568374725,0.7731033268790706,,,0.8947003810183581,0.7767578801524073,"ADASYN(n_neighbors=9, random_state=1999)",1999
0.005,8698,4370,0.9665518561040949,0.06689628779181017,0.7736907730673317,0.46985608712563204,0.95,0.09999999999999999,0.7485278836162106,0.5278836162105993,"SMOTEENN(enn=EditedNearestNeighbours(), random_state=1999,
         smote=SMOTE(k_neighbors=3, random_state=1999))",1999
0.01,8698,4392,0.9754564554353491,0.012365398113819051,0.8311878291398479,0.5870910698496905,0.9541666666666666,0.023073955174772436,0.800138552130239,0.5956009698649116,"SMOTEENN(enn=EditedNearestNeighbours(), random_state=1999,
         smote=SMOTE(k_neighbors=3, random_state=1999))",1999
0.03,8698,4479,0.9894927487758697,0.016586743699937193,0.8400292184075968,0.6675616714213795,0.984500442086649,0.030712566093994153,0.8103567717353655,0.6569102874956703,"SMOTEENN(enn=EditedNearestNeighbours(), random_state=1999,
         smote=SMOTE(k_neighbors=3, random_state=1999))",1999
0.05,8698,4566,0.9926757288127209,0.004571662802831017,0.8453971516664219,0.6531940400753554,0.9883628587397633,0.007356388083441114,0.817630758572913,0.6492899203325251,"SMOTEENN(enn=EditedNearestNeighbours(), random_state=1999,
         smote=SMOTE(k_neighbors=3, random_state=1999))",1999
0.1,8698,4783,0.9961863529947135,0.0023965599590479543,0.8620999102602452,0.6961439588688946,0.9961800334612045,0.004536123891686212,0.8403186698995497,0.6929338413578109,"SMOTEENN(enn=EditedNearestNeighbours(), random_state=1999,
         smote=SMOTE(k_neighbors=3, random_state=1999))",1999
0.25,8696,5436,0.9988495128119681,0.0005752469831119992,0.879865669363456,0.7229376957883745,0.998850569853111,0.000961689807902604,0.8636993418773813,0.7242812608243852,"SMOTEENN(enn=EditedNearestNeighbours(), random_state=1999,
         smote=SMOTE(k_neighbors=3, random_state=1999))",1999
0.5,8695,6523,0.9991365704045364,0.0007726905630113231,0.901770327432242,0.7396619920891766,0.9989644578632344,0.0010547385026684764,0.8914097679251818,0.7492206442674056,"SMOTEENN(enn=EditedNearestNeighbours(), random_state=1999,
         smote=SMOTE(k_neighbors=3, random_state=1999))",1999
1.0,8695,8698,0.9997699825965842,0.00028171263516440684,0.9092916863858653,0.7660182045332857,0.9997699826726454,0.00028171261963820814,0.9004156563907171,0.7729476965708348,"SMOTEENN(enn=EditedNearestNeighbours(), random_state=1999,
         smote=SMOTE(k_neighbors=3, random_state=1999))",1999
0.005,8698,4370,0.9713136949208172,0.035133405024903565,0.7784188367378762,0.4808997479154547,0.95,0.06123724356957946,0.753896778662972,0.5363699341877382,"SMOTEENN(enn=EditedNearestNeighbours(n_neighbors=5), random_state=1999,
         smote=SMOTE(random_state=1999))",1999
0.01,8698,4392,0.9684334980469302,0.02910280710826128,0.8226183518410286,0.5700088731144631,0.9526627029791588,0.046169259380859216,0.7897471423623138,0.5803602355386215,"SMOTEENN(enn=EditedNearestNeighbours(n_neighbors=5), random_state=1999,
         smote=SMOTE(random_state=1999))",1999
0.03,8696,4479,0.9877260489793829,0.012094494637998991,0.8351457155284906,0.6810047611229683,0.9806542882404952,0.021067506482452297,0.8030827848978177,0.6634915136820229,"SMOTEENN(enn=EditedNearestNeighbours(n_neighbors=5), random_state=1999,
         smote=SMOTE(random_state=1999))",1999
0.05,8698,4566,0.99506346467313,0.004655108538682456,0.8505169867060561,0.6642636457260556,0.9907505285412264,0.008688034569114999,0.824731555247662,0.6612400415656391,"SMOTEENN(enn=EditedNearestNeighbours(n_neighbors=5), random_state=1999,
         smote=SMOTE(random_state=1999))",1999
0.1,8698,4783,0.9968088400930248,0.0020419536939121365,0.8617132605770669,0.6910778751933987,0.9952606255012029,0.004225851077453783,0.8397990994111535,0.6887772774506408,"SMOTEENN(enn=EditedNearestNeighbours(n_neighbors=5), random_state=1999,
         smote=SMOTE(random_state=1999))",1999
0.25,8696,5436,0.9985630482129327,0.0012852536732834887,0.8758169934640523,0.713515393981562,0.9987354950544919,0.0013307255012205209,0.8585036369934187,0.7147558018704537,"SMOTEENN(enn=EditedNearestNeighbours(n_neighbors=5), random_state=1999,
         smote=SMOTE(random_state=1999))",1999
0.5,8692,6523,0.9996549738950076,0.0004225689525856398,0.8960049743510027,0.7376466405972272,0.9995402298850575,0.0005631010902949665,0.8841357810876342,0.7443713197090405,"SMOTEENN(enn=EditedNearestNeighbours(n_neighbors=5), random_state=1999,
         smote=SMOTE(random_state=1999))",1999
1.0,8690,8698,0.9996550400298837,0.00028165866203846935,0.9021143304620204,0.7641043723554302,0.9996550401439096,0.00028165864658067735,0.8917561482507793,0.7682715621752685,"SMOTEENN(enn=EditedNearestNeighbours(n_neighbors=5), random_state=1999,
         smote=SMOTE(random_state=1999))",1999
0.005,8698,4370,0.9744882320364742,0.03164600561972855,0.7764923646459972,0.4957329793286554,0.9550000000000001,0.055677643628300216,0.7490474541046068,0.5394873571181157,"SMOTEENN(enn=EditedNearestNeighbours(n_neighbors=7), random_state=1999,
         smote=SMOTE(k_neighbors=7, random_state=1999))",1999
0.01,8698,4392,0.9687813700088845,0.01999878361343639,0.8276770040959626,0.5750355618776671,0.9540517241379309,0.04191052084279307,0.795981988223069,0.5860755109109803,"SMOTEENN(enn=EditedNearestNeighbours(n_neighbors=7), random_state=1999,
         smote=SMOTE(k_neighbors=7, random_state=1999))",1999
0.03,8695,4479,0.990059452412735,0.008857748566305257,0.8334057027066145,0.66996699669967,0.9882315211341837,0.009611216705647465,0.8006581226186353,0.6536196744024939,"SMOTEENN(enn=EditedNearestNeighbours(n_neighbors=7), random_state=1999,
         smote=SMOTE(k_neighbors=7, random_state=1999))",1999
0.05,8698,4566,0.9939113935152359,0.006610955987652244,0.8440931049626702,0.6596503140383636,0.9906883078652287,0.008716555895881231,0.8155524766193281,0.6527537235885001,"SMOTEENN(enn=EditedNearestNeighbours(n_neighbors=7), random_state=1999,
         smote=SMOTE(k_neighbors=7, random_state=1999))",1999
0.1,8698,4783,0.9980934658555018,0.0025503402363691715,0.8618421052631579,0.683044982698962,0.9975862068965518,0.004545682743283947,0.8399722895739522,0.6827156217526844,"SMOTEENN(enn=EditedNearestNeighbours(n_neighbors=7), random_state=1999,
         smote=SMOTE(k_neighbors=7, random_state=1999))",1999
0.25,8693,5436,0.9982806593094674,0.0027766904558355573,0.8690278824415976,0.7238095238095238,0.9986206847956396,0.0018404096691033822,0.8494977485278836,0.7187391756148251,"SMOTEENN(enn=EditedNearestNeighbours(n_neighbors=7), random_state=1999,
         smote=SMOTE(k_neighbors=7, random_state=1999))",1999
0.5,8692,6523,0.9996546427247207,0.0006907145505588019,0.8923315259488769,0.7387546304462869,0.9995402298850575,0.0009195402298850297,0.8796328368548666,0.7435053688950468,"SMOTEENN(enn=EditedNearestNeighbours(n_neighbors=7), random_state=1999,
         smote=SMOTE(k_neighbors=7, random_state=1999))",1999
1.0,8687,8698,0.999655106240952,0.00028160460087292593,0.9062303335431089,0.764967134482146,0.999655172413793,0.00028155054514748324,0.8967786629719432,0.7708694146172498,"SMOTEENN(enn=EditedNearestNeighbours(n_neighbors=7), random_state=1999,
         smote=SMOTE(k_neighbors=7, random_state=1999))",1999
0.005,8698,4370,0.9744882320364742,0.03164600561972855,0.7707558859975217,0.47823585810162994,0.9550000000000001,0.055677643628300216,0.7436785590578455,0.528749567024593,"SMOTEENN(enn=EditedNearestNeighbours(n_neighbors=9), random_state=1999,
         smote=SMOTE(k_neighbors=9, random_state=1999))",1999
0.01,8695,4392,0.974721161355667,0.023646093206423687,0.8273634762184381,0.5653735632183908,0.9541666666666666,0.04203540541783767,0.7963283685486664,0.5808798060270177,"SMOTEENN(enn=EditedNearestNeighbours(n_neighbors=9), random_state=1999,
         smote=SMOTE(k_neighbors=9, random_state=1999))",1999
0.03,8694,4479,0.9920009693204704,0.0040020719758499185,0.8300361010830325,0.6696223316912973,0.9883464636629193,0.00928196062321895,0.7961551783858677,0.6515413924489089,"SMOTEENN(enn=EditedNearestNeighbours(n_neighbors=9), random_state=1999,
         smote=SMOTE(k_neighbors=9, random_state=1999))",1999
0.05,8691,4566,0.9927027080546533,0.004578790191492906,0.8443403133694538,0.6682416469794128,0.9905734976063766,0.008585159856432835,0.8158988569449255,0.6595081399376516,"SMOTEENN(enn=EditedNearestNeighbours(n_neighbors=9), random_state=1999,
         smote=SMOTE(k_neighbors=9, random_state=1999))",1999
0.1,8698,4783,0.9968090249642225,0.003517396199465076,0.8589304334872635,0.6876820284392667,0.9952872240519556,0.0066268301978116406,0.8359889158295809,0.6842743332178732,"SMOTEENN(enn=EditedNearestNeighbours(n_neighbors=9), random_state=1999,
         smote=SMOTE(k_neighbors=9, random_state=1999))",1999
0.25,8688,5436,0.9982698869054794,0.0021189471625038397,0.8819837746823818,0.7215123402765622,0.9975872516960983,0.0030033746103084024,0.8664703844821614,0.724454450987184,"SMOTEENN(enn=EditedNearestNeighbours(n_neighbors=9), random_state=1999,
         smote=SMOTE(k_neighbors=9, random_state=1999))",1999
0.5,8692,6523,0.9994823936044209,0.0006903349798300547,0.8864265927977839,0.7334150183791353,0.9994251550864384,0.0008903410384283869,0.8721856598545202,0.736231382057499,"SMOTEENN(enn=EditedNearestNeighbours(n_neighbors=9), random_state=1999,
         smote=SMOTE(k_neighbors=9, random_state=1999))",1999
1.0,8683,8698,0.9995400975392442,0.0004302877146804156,0.9025078369905956,0.7633345107735783,0.9995402298850575,0.0004300755616981412,0.8922757187391757,0.767925181849671,"SMOTEENN(enn=EditedNearestNeighbours(n_neighbors=9), random_state=1999,
         smote=SMOTE(k_neighbors=9, random_state=1999))",1999
0.005,8698,4370,0.9744882320364742,0.03164600561972855,0.7733374960974086,0.46553407537590313,0.9550000000000001,0.055677643628300216,0.7485278836162106,0.525978524419813,"SMOTETomek(random_state=1999, smote=SMOTE(k_neighbors=3, random_state=1999),
           tomek=TomekLinks())",1999
0.01,8698,4392,0.9738880257064132,0.03910429450552074,0.8291471962616822,0.5868875572788157,0.9555555555555555,0.06478835438717004,0.797367509525459,0.5940422583997229,"SMOTETomek(random_state=1999, smote=SMOTE(k_neighbors=3, random_state=1999),
           tomek=TomekLinks())",1999
0.03,8698,4479,0.9919226038931036,0.007660473258859043,0.8323214801965886,0.6750861079219288,0.9883464636629193,0.015299796962503375,0.7990994111534465,0.6569102874956703,"SMOTETomek(random_state=1999, smote=SMOTE(k_neighbors=3, random_state=1999),
           tomek=TomekLinks())",1999
0.05,8698,4566,0.9963522980164743,0.0029787444884282976,0.8400933761307265,0.6557321609739601,0.9931289640591967,0.0056110071996153124,0.8101835815725666,0.6473848285417388,"SMOTETomek(random_state=1999, smote=SMOTE(k_neighbors=3, random_state=1999),
           tomek=TomekLinks())",1999
0.1,8698,4783,0.9968219201964368,0.0040046085444825985,0.8629152948219097,0.6918044077134986,0.9962951082598236,0.004777855843605769,0.8413578108763422,0.6899896085902322,"SMOTETomek(random_state=1999, smote=SMOTE(k_neighbors=3, random_state=1999),
           tomek=TomekLinks())",1999
0.25,8698,5436,0.9985640414941666,0.0018168295223638996,0.8852710797112578,0.7244288224956064,0.9987354950544918,0.0015596914057705502,0.8706269483893314,0.7284378247315553,"SMOTETomek(random_state=1999, smote=SMOTE(k_neighbors=3, random_state=1999),
           tomek=TomekLinks())",1999
0.5,8698,6523,0.9994824598154892,0.0006903019695021258,0.896756082345602,0.7412811387900355,0.999425287356322,0.000890340999128115,0.8853481122272255,0.7481815032906132,"SMOTETomek(random_state=1999, smote=SMOTE(k_neighbors=3, random_state=1999),
           tomek=TomekLinks())",1999
1.0,8698,8698,0.9995400314802978,0.0004303053606040094,0.904432568374725,0.7731033268790706,0.999540097615174,0.0004302876944206479,0.8947003810183581,0.7767578801524073,"SMOTETomek(random_state=1999, smote=SMOTE(k_neighbors=3, random_state=1999),
           tomek=TomekLinks())",1999
0.005,8698,4370,0.9744882320364742,0.03164600561972855,0.7784019975031211,0.4779311685786506,0.9550000000000001,0.055677643628300216,0.7540699688257707,0.5349844128853481,"SMOTETomek(random_state=1999, smote=SMOTE(random_state=1999),
           tomek=TomekLinks())",1999
0.01,8698,4392,0.9695656178271573,0.019966295905142394,0.8273139347857874,0.5790219702338767,0.9540517241379309,0.02315797210835995,0.7954624177346727,0.5885001731901628,"SMOTETomek(random_state=1999, smote=SMOTE(random_state=1999),
           tomek=TomekLinks())",1999
0.03,8698,4479,0.9940206810575081,0.007941365065382006,0.8330200954170883,0.6851278709887604,0.9921927497789568,0.009563616652880393,0.7999653619674403,0.6652234153100104,"SMOTETomek(random_state=1999, smote=SMOTE(random_state=1999),
           tomek=TomekLinks())",1999
0.05,8698,4566,0.9951183891743621,0.0024415526593109314,0.8435991221653255,0.6605660057617353,0.9929611674078395,0.005516396397016531,0.814859715968133,0.6531001039140977,"SMOTETomek(random_state=1999, smote=SMOTE(random_state=1999),
           tomek=TomekLinks())",1999
0.1,8698,4783,0.9980999889738171,0.0015513979959536196,0.8624869070776597,0.6888582269748189,0.9986205573852889,0.0021989316723665794,0.840838240387946,0.6875649463110496,"SMOTETomek(random_state=1999, smote=SMOTE(random_state=1999),
           tomek=TomekLinks())",1999
0.25,8698,5436,0.9979853457493256,0.0014691555734992552,0.8816151728357295,0.7276840090481991,0.997470063000722,0.0016529453923289146,0.8659508139937652,0.7289573952199515,"SMOTETomek(random_state=1999, smote=SMOTE(random_state=1999),
           tomek=TomekLinks())",1999
0.5,8698,6523,0.9994825929606661,0.0004224613023689677,0.9020222605424048,0.7418717442069337,0.999425287356322,0.0005140386155171775,0.8917561482507794,0.7511257360581919,"SMOTETomek(random_state=1999, smote=SMOTE(random_state=1999),
           tomek=TomekLinks())",1999
1.0,8698,8698,0.9996551060131622,0.0004598037126408845,0.904432568374725,0.7731033268790706,0.999655172413793,0.00045977011494251484,0.8947003810183581,0.7767578801524073,"SMOTETomek(random_state=1999, smote=SMOTE(random_state=1999),
           tomek=TomekLinks())",1999
0.005,8698,4370,0.9744882320364742,0.03164600561972855,0.7764923646459972,0.49230184375593994,0.9550000000000001,0.055677643628300216,0.7490474541046068,0.5374090751645306,"SMOTETomek(random_state=1999, smote=SMOTE(k_neighbors=7, random_state=1999),
           tomek=TomekLinks())",1999
0.01,8698,4392,0.9683991644951002,0.023078672508427343,0.8237564959168523,0.5464220183486238,0.9526628352490422,0.046030715761324004,0.7944232767578802,0.5718739175614824,"SMOTETomek(random_state=1999, smote=SMOTE(k_neighbors=7, random_state=1999),
           tomek=TomekLinks())",1999
0.03,8698,4479,0.9878817853435493,0.007763274587956722,0.834830483917705,0.6749052562201351,0.9843854995579134,0.01865570878108248,0.8025632144094215,0.6582958087980603,"SMOTETomek(random_state=1999, smote=SMOTE(k_neighbors=7, random_state=1999),
           tomek=TomekLinks())",1999
0.05,8698,4566,0.9928349232678955,0.0068964526749199905,0.8465717222140655,0.662125340599455,0.9927838719332229,0.005898808217849081,0.8190162798753031,0.656390717007274,"SMOTETomek(random_state=1999, smote=SMOTE(k_neighbors=7, random_state=1999),
           tomek=TomekLinks())",1999
0.1,8698,4783,0.9981000551848854,0.0015513448668441148,0.856718192627824,0.6828767123287671,0.9975862068965518,0.002729733813112191,0.8330446830620021,0.6792518184967093,"SMOTETomek(random_state=1999, smote=SMOTE(k_neighbors=7, random_state=1999),
           tomek=TomekLinks())",1999
0.25,8698,5436,0.9982736772157642,0.0021156570063456874,0.8886833179155104,0.7411805798113866,0.9986185708988824,0.0022031885779465405,0.8749567024593004,0.743332178732248,"SMOTETomek(random_state=1999, smote=SMOTE(k_neighbors=7, random_state=1999),
           tomek=TomekLinks())",1999
0.5,8698,6523,0.9993096813078635,0.0006458225905430657,0.9096661920582186,0.7423357664233576,0.9991948726097781,0.0008603640974439668,0.9011084170419119,0.7554554901281607,"SMOTETomek(random_state=1999, smote=SMOTE(k_neighbors=7, random_state=1999),
           tomek=TomekLinks())",1999
1.0,8698,8698,0.9993101446751252,0.0006703057774892221,0.904432568374725,0.7731033268790706,0.9993099480179358,0.0006703833343888266,0.8947003810183581,0.7767578801524073,"SMOTETomek(random_state=1999, smote=SMOTE(k_neighbors=7, random_state=1999),
           tomek=TomekLinks())",1999
0.005,8698,4370,0.9621652153060165,0.03231505394103348,0.769325912183055,0.475971663794754,0.9498849252013809,0.061143646350010884,0.7416002771042605,0.525978524419813,"SMOTETomek(random_state=1999, smote=SMOTE(k_neighbors=9, random_state=1999),
           tomek=TomekLinks())",1999
0.01,8698,4392,0.9694496504562279,0.028276515919983387,0.8190984578884934,0.535490989334314,0.9554404807569364,0.05433955337331832,0.7887080013855212,0.5625216487703498,"SMOTETomek(random_state=1999, smote=SMOTE(k_neighbors=9, random_state=1999),
           tomek=TomekLinks())",1999
0.03,8698,4479,0.9920009693204703,0.0040020719758499185,0.8321273516642547,0.6718235681369322,0.9883464636629193,0.00928196062321895,0.7990994111534464,0.6546588153792865,"SMOTETomek(random_state=1999, smote=SMOTE(k_neighbors=9, random_state=1999),
           tomek=TomekLinks())",1999
0.05,8698,4566,0.9963522980164743,0.0029787444884282976,0.8618834080717489,0.6849740932642487,0.9931289640591967,0.0056110071996153124,0.8399722895739522,0.6841011430550745,"SMOTETomek(random_state=1999, smote=SMOTE(k_neighbors=9, random_state=1999),
           tomek=TomekLinks())",1999
0.1,8698,4783,0.9981001592479501,0.0025303881619963913,0.8640383750562135,0.6896074701711914,0.9975862068965518,0.0029618617762586686,0.842916522341531,0.6891236577762383,"SMOTETomek(random_state=1999, smote=SMOTE(k_neighbors=9, random_state=1999),
           tomek=TomekLinks())",1999
0.25,8698,5436,0.9985650640852051,0.0009041583943715111,0.8918458920006189,0.743067743067743,0.9987332488878511,0.0009218909626240764,0.8789400762036716,0.7464496016626256,"SMOTETomek(random_state=1999, smote=SMOTE(k_neighbors=9, random_state=1999),
           tomek=TomekLinks())",1999
0.5,8698,6523,0.9994822616383882,0.0006904008441427086,0.891156462585034,0.7359887204793796,0.9993103448275862,0.0009195402298850297,0.8780741253896779,0.740561136127468,"SMOTETomek(random_state=1999, smote=SMOTE(k_neighbors=9, random_state=1999),
           tomek=TomekLinks())",1999
1.0,8698,8698,0.999770114866599,0.00028155063814216556,0.904432568374725,0.7731033268790706,0.9997701149425288,0.00028155054514748324,0.8947003810183581,0.7767578801524073,"SMOTETomek(random_state=1999, smote=SMOTE(k_neighbors=9, random_state=1999),
           tomek=TomekLinks())",1999
0.005,4370,4370,0.8796557659208262,0.14739098349001703,0.8672297297297298,0.5603263203091455,0.85,0.18371173070873836,0.8638725320401801,0.6453065465881538,no Sampler(),2001
0.01,4392,4392,0.9621063507930954,0.023619821857181898,0.9219060225016545,0.6731826511912035,0.9319444444444445,0.041294635409218086,0.9182542431589886,0.7220297887080014,no Sampler(),2001
0.03,4479,4479,0.9875723347917006,0.012193716375616054,0.8739237392373924,0.672947997825693,0.976923076923077,0.022426738057097315,0.8579840665050225,0.6873917561482508,no Sampler(),2001
0.05,4566,4566,0.9963522980164743,0.0029787444884282976,0.8426364887597492,0.6415365284509065,0.9931289640591967,0.005611007199615313,0.8217873224800831,0.6541392448908903,no Sampler(),2001
0.1,4783,4783,0.9968091925773856,0.002856958722792419,0.8679017924386203,0.6871615720524017,0.9952739909115209,0.004342500588984299,0.8481122272254935,0.6898164184274334,no Sampler(),2001
0.25,5436,5436,0.99884450396461,0.0016870749041665368,0.8932069019120161,0.7290253480899679,0.998158795924407,0.002686715377570398,0.8810183581572566,0.7370973328714929,no Sampler(),2001
0.5,6523,6523,0.9991373679932349,0.0007715028585508058,0.8757594167679222,0.7396560531244679,0.9989655172413794,0.0009195402298850297,0.8583304468306201,0.7351922410807066,no Sampler(),2001
1.0,8698,8698,0.9998850574332995,0.0002298851334010976,0.8633847074667066,0.7430084395167963,0.9998850574712644,0.00022988505747125742,0.8418773813647384,0.7310356771735365,no Sampler(),2001
0.005,8698,4370,0.9713136949208172,0.035133405024903565,0.892244769545383,0.7258910801519812,0.95,0.06123724356957945,0.8813647384828542,0.7376169033598892,RandomOverSampler(random_state=2001),2001
0.01,8698,4392,0.9778400254986241,0.01970121310140684,0.9077194671802279,0.7414940828402367,0.9871549078740263,0.024831119817385415,0.9004156563907171,0.7578801524073433,RandomOverSampler(random_state=2001),2001
0.03,8698,4479,0.9920748951224194,0.003965995775847546,0.8656761218670269,0.7306012764528048,0.9920776749803377,0.009235693278612999,0.8449948042951161,0.7222029788708002,RandomOverSampler(random_state=2001),2001
0.05,8698,4566,0.9964052683284738,0.004782184978470353,0.8441254028713742,0.6858760826115923,0.9974973876698016,0.004452820847953889,0.8157256667821268,0.6733633529615518,RandomOverSampler(random_state=2001),2001
0.1,8698,4783,0.9974443663892044,0.003742645876937431,0.875588637399362,0.7396560531244679,0.9964367816091955,0.006842701639603289,0.8581572566678213,0.7351922410807066,RandomOverSampler(random_state=2001),2001
0.25,8698,5436,0.9991369021822628,0.0007047189281056536,0.8977431906614786,0.7781228433402346,0.9989655123818466,0.001053476811575694,0.8862140630412193,0.7772774506408036,RandomOverSampler(random_state=2001),2001
0.5,8698,6523,0.9993098144530403,0.0003450935679006714,0.8952676493405741,0.7913766762858598,0.9991948726097781,0.00046016842969171445,0.8830966401108417,0.7871492899203325,RandomOverSampler(random_state=2001),2001
1.0,8698,8698,0.9998850574332995,0.0002298851334010976,0.8633847074667066,0.7430084395167963,0.9998850574712644,0.00022988505747125742,0.8418773813647384,0.7310356771735365,RandomOverSampler(random_state=2001),2001
0.005,42,4370,0.78797272955255,0.1275466259355975,0.8049971280873062,0.708766485647789,0.9705156541407088,0.05156086283959717,0.7648077589192934,0.6749220644267405,RandomUnderSampler(random_state=2001),2001
0.01,86,4392,0.782825497093982,0.09164313886242828,0.8517807004581055,0.7303921568627451,0.9802651570263967,0.02514189641330041,0.8262902667128507,0.7142362313820575,RandomUnderSampler(random_state=2001),2001
0.03,260,4479,0.9171199447011634,0.04739103845311582,0.843108504398827,0.7018756169792695,0.964401860325038,0.019983028572255066,0.8146865258053342,0.6861794250086595,RandomUnderSampler(random_state=2001),2001
0.05,434,4566,0.9749507781735023,0.022095727069547835,0.8266129032258065,0.6849580374435119,0.9930495898249394,0.0076022377110411855,0.7914790439903013,0.661932802216834,RandomUnderSampler(random_state=2001),2001
0.1,868,4783,0.9900002598370395,0.002294230133549425,0.8431515860254348,0.7286746987951808,0.9960915572133381,0.0022224929685819407,0.814166955316938,0.7074818150329061,RandomUnderSampler(random_state=2001),2001
0.25,2174,5436,0.9971331423122478,0.0018144886669130727,0.8972166070595553,0.7924399795675123,0.9981606501409303,0.0014271323866706137,0.8855213023900242,0.78888119154832,RandomUnderSampler(random_state=2001),2001
0.5,4348,6523,0.9993103420941003,0.0008446559132198276,0.8801098230628432,0.7836315440689198,0.9993103448275862,0.0009195402298850297,0.8638725320401801,0.7738136473848285,RandomUnderSampler(random_state=2001),2001
1.0,8698,8698,0.9998849912222312,0.00023001755553773152,0.8709044239770497,0.7436155913978495,0.9998849252013808,0.00023014959723819395,0.8519224108070662,0.7357118115691028,RandomUnderSampler(random_state=2001),2001
0.005,8698,4370,0.9522087035645035,0.06586739526723598,0.8625038449707783,0.6930553101254638,0.925,0.1,0.8451679944579148,0.699168687218566,"SMOTE(k_neighbors=3, random_state=2001)",2001
0.01,8698,4392,0.9827996893433862,0.0140894167070336,0.9191116874696061,0.7550410754294249,0.9776628352490422,0.027123514356507995,0.9135781087634223,0.772774506408036,"SMOTE(k_neighbors=3, random_state=2001)",2001
0.03,8698,4479,0.9920763182329079,0.007411854300686533,0.8559133402581985,0.706809795370681,0.9920778072502211,0.009472108553914631,0.8318323519224109,0.6972635954277797,"SMOTE(k_neighbors=3, random_state=2001)",2001
0.05,8698,4566,0.9987660911578876,0.0024678176842247265,0.8538289962825278,0.6846416382252559,0.9976744186046511,0.004651162790697683,0.8297540699688257,0.6799445791479044,"SMOTE(k_neighbors=3, random_state=2001)",2001
0.1,8698,4783,0.9968157819067696,0.0020202905032881513,0.8842848373235114,0.7395977808599168,0.995287356321839,0.004182392045669028,0.8694146172497402,0.7398683754762729,"SMOTE(k_neighbors=3, random_state=2001)",2001
0.25,8698,5436,0.999425211388069,0.0007039763774813783,0.9155823548079974,0.8102367688022284,0.9994240957082934,0.0008923925154754584,0.9078628333910634,0.8112227225493592,"SMOTE(k_neighbors=3, random_state=2001)",2001
0.5,8698,6523,0.9991382274459231,0.0009438075257014774,0.8974957225073884,0.7854694996572995,0.9991954022988505,0.000860151123396321,0.8858676827156218,0.7831659161759612,"SMOTE(k_neighbors=3, random_state=2001)",2001
1.0,8698,8698,0.999884991374353,0.00023001725129385696,0.8633847074667066,0.7430084395167963,0.9998850574712644,0.00022988505747125742,0.8418773813647384,0.7310356771735365,"SMOTE(k_neighbors=3, random_state=2001)",2001
0.005,8698,4370,0.9713136949208172,0.035133405024903565,0.8609453877925654,0.7039164490861619,0.95,0.06123724356957945,0.8425701420159335,0.7054035330793211,SMOTE(random_state=2001),2001
0.01,8698,4392,0.9722270982428627,0.025109177836916765,0.9172907847606643,0.7492947150648862,0.9774328179216873,0.027405218553982664,0.9120193972982334,0.7691375129892621,SMOTE(random_state=2001),2001
0.03,8698,4479,0.9960374146077975,0.004854566043885182,0.8642493257416841,0.7226154364678126,0.9960389036251105,0.007638080352733785,0.8430897125043297,0.7149289920332526,SMOTE(random_state=2001),2001
0.05,8698,4566,0.9940137192654241,0.0036986897731203726,0.8475125110391521,0.6846967915336805,0.9950038773532119,0.005427015156308971,0.8205749913404918,0.6749220644267406,SMOTE(random_state=2001),2001
0.1,8698,4783,0.9968290151991948,0.004014215601695063,0.8839779005524862,0.7414330218068536,0.9963217068105763,0.004857825400789828,0.8690682369241427,0.741253896778663,SMOTE(random_state=2001),2001
0.25,8698,5436,0.9994252775991374,0.0007038957604095373,0.9039636534544885,0.7937931034482759,0.9994242279781769,0.0008923926332859183,0.8938344302043644,0.7928645652926913,SMOTE(random_state=2001),2001
0.5,8698,6523,0.9996551058610403,0.00042240737939898724,0.8877943666307526,0.7596979059388946,0.9996550401439096,0.0004598363212220923,0.8737443713197091,0.7575337720817458,SMOTE(random_state=2001),2001
1.0,8698,8698,0.999884991374353,0.00023001725129385696,0.8633847074667066,0.7430084395167963,0.9998850574712644,0.00022988505747125742,0.8418773813647384,0.7310356771735365,SMOTE(random_state=2001),2001
0.005,8698,4370,0.9744882320364742,0.03164600561972855,0.8517179023508138,0.6855269967224427,0.9550000000000001,0.055677643628300216,0.829580879806027,0.6842743332178732,"SMOTE(k_neighbors=7, random_state=2001)",2001
0.01,8698,4392,0.9694347666409904,0.02678907557265332,0.9211563731931669,0.7633214083976653,0.9650478927203064,0.04504442512538236,0.9168687218565985,0.7822999653619674,"SMOTE(k_neighbors=7, random_state=2001)",2001
0.03,8698,4479,0.989979796296885,0.009033643760842699,0.8567607726597325,0.7120857047204553,0.9882316534040673,0.015358433772492895,0.8330446830620021,0.7021129199861448,"SMOTE(k_neighbors=7, random_state=2001)",2001
0.05,8698,4566,0.9975849913394462,0.0029589478245277425,0.8368443992445155,0.6709827357237715,0.9975594760759154,0.0045990809986882555,0.8055074471770003,0.6567370973328714,"SMOTE(k_neighbors=7, random_state=2001)",2001
0.1,8698,4783,0.9961798943579261,0.0031532178433188334,0.8823889739663093,0.7460481099656358,0.9961800334612043,0.004682606452569293,0.8669899549705576,0.744024939383443,"SMOTE(k_neighbors=7, random_state=2001)",2001
0.25,8698,5436,0.9988494467530217,0.001675925540289841,0.9039636534544885,0.7946243969676086,0.9988484559563536,0.0014564334436587133,0.8938344302043644,0.7935573259438864,"SMOTE(k_neighbors=7, random_state=2001)",2001
0.5,8698,6523,0.9993104762623718,0.0010048052032557687,0.8841201716738197,0.7542778918548939,0.999425287356322,0.0008903409991281579,0.8690682369241427,0.7512989262209906,"SMOTE(k_neighbors=7, random_state=2001)",2001
1.0,8698,8698,0.999540162610969,0.0006702376639623148,0.8633847074667066,0.7430084395167963,0.9995400976151739,0.0006702470916489227,0.8418773813647384,0.7310356771735365,"SMOTE(k_neighbors=7, random_state=2001)",2001
0.005,8698,4370,0.9744882320364742,0.03164600561972855,0.83875761628771,0.66768968456948,0.9550000000000001,0.055677643628300216,0.812088673363353,0.6624523727052303,"SMOTE(k_neighbors=9, random_state=2001)",2001
0.01,8698,4392,0.9500469637819503,0.03378614711787607,0.9219904746263754,0.7626767200754005,0.9331034482758621,0.06465083283293864,0.9177346726705923,0.7819535850363699,"SMOTE(k_neighbors=9, random_state=2001)",2001
0.03,8698,4479,0.9920763182329079,0.007411854300686533,0.8608955223880597,0.7114637852439643,0.9920778072502211,0.009472108553914631,0.8385867682715622,0.704018011776931,"SMOTE(k_neighbors=9, random_state=2001)",2001
0.05,8698,4566,0.9964052683284738,0.0047821849784703534,0.8524056254626203,0.6829765545361876,0.997497255399918,0.004723380362722351,0.8273294076896432,0.6768271562175268,"SMOTE(k_neighbors=9, random_state=2001)",2001
0.1,8698,4783,0.9980933986083935,0.002533835202407768,0.8868708634754502,0.7387513079874434,0.9975728414862335,0.002976985464171427,0.8727052303429166,0.740561136127468,"SMOTE(k_neighbors=9, random_state=2001)",2001
0.25,8698,5436,0.9988505673685453,0.0010737858410361692,0.8961018791737847,0.7751163191452697,0.9985067967855162,0.0012368029279581578,0.8841357810876342,0.7739868375476273,"SMOTE(k_neighbors=9, random_state=2001)",2001
0.5,8698,6523,0.9994823278493253,0.0006905330287323861,0.8969056134349246,0.7728766649368621,0.999425287356322,0.000890340999128115,0.8851749220644267,0.7726013162452372,"SMOTE(k_neighbors=9, random_state=2001)",2001
1.0,8698,8698,0.999770114866599,0.00028155063814216556,0.8633847074667066,0.7430084395167963,0.9997701149425288,0.00028155054514748324,0.8418773813647384,0.7310356771735365,"SMOTE(k_neighbors=9, random_state=2001)",2001
0.005,8698,4370,0.9713136949208172,0.035133405024903565,0.8453768453768454,0.7028631284916201,0.95,0.06123724356957946,0.8276757880152408,0.7052303429165223,"BorderlineSMOTE(k_neighbors=3, random_state=2001)",2001
0.01,8698,4392,0.9626618404034684,0.038039456502207386,0.9521249790021837,0.7922555663117135,0.9443295019157087,0.060858496127026956,0.9506408036023555,0.814166955316938,"BorderlineSMOTE(k_neighbors=3, random_state=2001)",2001
0.03,8698,4479,0.9879629966876493,0.009832178090298394,0.8732010301469474,0.7133713890330393,0.9843854995579134,0.014455040955368526,0.8550398337374436,0.7130239002424662,"BorderlineSMOTE(k_neighbors=3, random_state=2001)",2001
0.05,8698,4566,0.9878353541341921,0.00772616506082606,0.857994337654597,0.680895008605852,0.9877973803795775,0.014446807966198379,0.8349497748527883,0.6789054381711119,"BorderlineSMOTE(k_neighbors=3, random_state=2001)",2001
0.1,8698,4783,0.9974442468179145,0.002408835672197834,0.9138778747026169,0.7623350804265318,0.9964099185186758,0.004563448541604574,0.9059577416002771,0.7722549359196398,"BorderlineSMOTE(k_neighbors=3, random_state=2001)",2001
0.25,8698,5436,0.9997116148639058,0.0005767702721883428,0.8885467980295566,0.8020574083291854,0.9995391705069124,0.0009216589861750891,0.8746103221337028,0.7933841357810877,"BorderlineSMOTE(k_neighbors=3, random_state=2001)",2001
0.5,8698,6523,0.999482394783565,0.0004226229066986142,0.8645973909131804,0.746772591857001,0.999425287356322,0.0005140386155171775,0.843609282992726,0.7350190509179079,"BorderlineSMOTE(k_neighbors=3, random_state=2001)",2001
1.0,8698,8698,0.9995402288220372,0.0006702262959914537,0.8633847074667066,0.7430084395167963,0.9995402298850575,0.0006702243557293247,0.8418773813647384,0.7310356771735365,"BorderlineSMOTE(k_neighbors=3, random_state=2001)",2001
0.005,8698,4370,0.9713136949208172,0.035133405024903565,0.8062320375132355,0.6197971318642882,0.95,0.06123724356957945,0.7781434014547974,0.6234845860755109,BorderlineSMOTE(random_state=2001),2001
0.01,8698,4392,0.9729846645891422,0.03320714471039676,0.9427519250083696,0.778572809901373,0.9527777777777778,0.05800170282728085,0.9407689643228265,0.8016972635954278,BorderlineSMOTE(random_state=2001),2001
0.03,8698,4479,0.9903441543688054,0.01479166910943053,0.8682427345279325,0.7145544723789978,0.9919628647214853,0.00985852830742188,0.8484586075510911,0.7109456182888811,BorderlineSMOTE(random_state=2001),2001
0.05,8698,4566,0.9963522980164745,0.0029787444884282976,0.8472283487722394,0.6736592793097614,0.9952867488031882,0.005542509584409251,0.8200554208520956,0.6659161759612053,BorderlineSMOTE(random_state=2001),2001
0.1,8698,4783,0.9968357253729117,0.0028272203483770196,0.9072294849582612,0.7597425813371469,0.9963218390804597,0.0030105289318870967,0.8979909941115345,0.7672324211984759,BorderlineSMOTE(random_state=2001),2001
0.25,8698,5436,0.9988484534717881,0.0010771726339481144,0.8931888544891641,0.7995298858294158,0.998504682888759,0.0012391581587841843,0.8804987876688604,0.7932109456182889,BorderlineSMOTE(random_state=2001),2001
0.5,8698,6523,0.9989651179639976,0.000645188339230166,0.864767616191904,0.748015873015873,0.9989655172413794,0.0007624424805414482,0.8437824731555248,0.7360581918947005,BorderlineSMOTE(random_state=2001),2001
1.0,8698,8698,0.9998850574332995,0.0002298851334010976,0.8633847074667066,0.7430084395167963,0.9998850574712644,0.00022988505747125742,0.8418773813647384,0.7310356771735365,BorderlineSMOTE(random_state=2001),2001
0.005,8698,4370,0.9744882320364742,0.03164600561972855,0.834391054699305,0.6702292708153766,0.9550000000000001,0.055677643628300216,0.8101835815725666,0.6686872185659855,"BorderlineSMOTE(k_neighbors=7, random_state=2001)",2001
0.01,8698,4392,0.9635097274471324,0.024036802289532835,0.9375838926174497,0.7731059872117807,0.9553256704980843,0.054245810956622814,0.9355732594388639,0.7971943193626603,"BorderlineSMOTE(k_neighbors=7, random_state=2001)",2001
0.03,8698,4479,0.9920008373546996,0.01175677892287014,0.8669373026612539,0.6939341421143848,0.9920776749803377,0.015558885950013973,0.8467267059231036,0.6941461724974021,"BorderlineSMOTE(k_neighbors=7, random_state=2001)",2001
0.05,8698,4566,0.9975849913394462,0.0029589478245277425,0.8674698795180723,0.6901236718341752,0.9975594760759154,0.0045990809986882555,0.8475926567370973,0.6918947003810183,"BorderlineSMOTE(k_neighbors=7, random_state=2001)",2001
0.1,8698,4783,0.996841968676409,0.0034449097341714605,0.9041267848736858,0.7539696699375558,0.9973428241588789,0.003046066933847861,0.8941808105299619,0.7611707655005195,"BorderlineSMOTE(k_neighbors=7, random_state=2001)",2001
0.25,8698,5436,0.9988485170461686,0.0005757460822698787,0.8993455905266439,0.8107744107744108,0.998504682888759,0.0010029077076017545,0.8881191548320055,0.8053342570142016,"BorderlineSMOTE(k_neighbors=7, random_state=2001)",2001
0.5,8698,6523,0.9989653185708649,0.0006452371678404323,0.8660660660660661,0.7498758483694753,0.999080459770115,0.0005860941969646703,0.8455143747835123,0.7383096640110842,"BorderlineSMOTE(k_neighbors=7, random_state=2001)",2001
1.0,8698,8698,0.999884991374353,0.00023001725129385696,0.8633847074667066,0.7430084395167963,0.9998850574712644,0.00022988505747125742,0.8418773813647384,0.7310356771735365,"BorderlineSMOTE(k_neighbors=7, random_state=2001)",2001
0.005,8698,4370,0.9713136949208172,0.035133405024903565,0.8220840734162226,0.651871929527359,0.95,0.06123724356957946,0.7918254243158989,0.6440942154485625,"BorderlineSMOTE(k_neighbors=9, random_state=2001)",2001
0.01,8698,4392,0.9628417109317239,0.03505206257720505,0.9366197183098591,0.7777991905954904,0.9429406130268199,0.04989345454336867,0.9345341184620714,0.8003117422930377,"BorderlineSMOTE(k_neighbors=9, random_state=2001)",2001
0.03,8698,4479,0.9902579324112075,0.012168835487441415,0.8839135101978224,0.6805656272661349,0.9919628647214853,0.015226850462311071,0.8688950467613439,0.6948389331485971,"BorderlineSMOTE(k_neighbors=9, random_state=2001)",2001
0.05,8698,4566,0.9963780617392665,0.0029584789323590216,0.8661251504211793,0.6674916033233163,0.9974445335471799,0.0045434957015051515,0.8458607551091097,0.6742293037755456,"BorderlineSMOTE(k_neighbors=9, random_state=2001)",2001
0.1,8698,4783,0.9974442469700365,0.0024088365317448948,0.8984874473725245,0.7563380281690141,0.9964100507885592,0.0045635359286271115,0.8872532040180118,0.7603048146865259,"BorderlineSMOTE(k_neighbors=9, random_state=2001)",2001
0.25,8698,5436,0.9979826293498807,0.0026739495231811014,0.8997349134570404,0.8064952638700947,0.9974744230641199,0.0037091825498898673,0.8886387253204018,0.8018704537582265,"BorderlineSMOTE(k_neighbors=9, random_state=2001)",2001
0.5,8698,6523,0.999655039802094,0.00042248834924032703,0.8633438108067655,0.7458298926507019,0.9997699826726454,0.00028171261963820814,0.8418773813647384,0.733460339452719,"BorderlineSMOTE(k_neighbors=9, random_state=2001)",2001
1.0,8698,8698,0.9998850574332995,0.0002298851334010976,0.8633847074667066,0.7430084395167963,0.9998850574712644,0.00022988505747125742,0.8418773813647384,0.7310356771735365,"BorderlineSMOTE(k_neighbors=9, random_state=2001)",2001
0.005,4370,4370,0.8808679711009819,0.10562759896090994,0.865666610483735,0.5622730185857723,0.8300000000000001,0.1298075498574717,0.8619674402493938,0.645133356425355,EditedNearestNeighbours(),2001
0.01,4392,4392,0.9663796731193257,0.03682907845107409,0.9215005784167906,0.6684350132625995,0.9416666666666667,0.0609530784930325,0.9177346726705924,0.7185659854520263,EditedNearestNeighbours(),2001
0.03,4479,4479,0.9919271097295898,0.0040364451352051575,0.8751735843234069,0.6706783369803063,0.9846153846153847,0.007692307692307665,0.8598891582958088,0.6872185659854521,EditedNearestNeighbours(),2001
0.05,4566,4566,0.9886642089065625,0.013691996591966508,0.843844754396604,0.6408839779005525,0.9794397463002114,0.02422679855987888,0.8216141323172843,0.6510218219605126,EditedNearestNeighbours(),2001
0.1,4783,4783,0.9968023534015404,0.00351769714487018,0.8649054338036626,0.6944060773480663,0.9942528735632183,0.006295661580519123,0.8441288534811222,0.6934534118462071,EditedNearestNeighbours(),2001
0.25,5436,5436,0.9991338413383712,0.0011552966461171835,0.8807957153787299,0.7152643597400317,0.9986175115207374,0.001843317972350217,0.8650848631797714,0.7192587461032214,EditedNearestNeighbours(),2001
0.5,6522,6523,0.9993098144530403,0.0003450935679006714,0.8747346072186837,0.7608550434201736,0.9991948726097781,0.00046016842969171445,0.85694492552823,0.7519916868721856,EditedNearestNeighbours(),2001
1.0,8695,8698,0.9998850574332995,0.0002298851334010976,0.8640311470500149,0.7392388233338874,0.9998850574712644,0.00022988505747125742,0.8427433321787322,0.7282646345687565,EditedNearestNeighbours(),2001
0.005,4370,4370,0.8952111236405734,0.11550017852497955,0.865666610483735,0.5622730185857723,0.8550000000000001,0.14696938456699069,0.8619674402493938,0.645133356425355,EditedNearestNeighbours(n_neighbors=5),2001
0.01,4392,4392,0.9670448733940885,0.030379401488029867,0.9215005784167906,0.6684350132625995,0.9416666666666667,0.05299662230094143,0.9177346726705924,0.7185659854520263,EditedNearestNeighbours(n_neighbors=5),2001
0.03,4479,4479,0.9918486782432767,0.007677749670952836,0.8751735843234069,0.6706783369803063,0.9846153846153847,0.01439098994913053,0.8598891582958088,0.6872185659854521,EditedNearestNeighbours(n_neighbors=5),2001
0.05,4566,4566,0.9950904439150626,0.004648270187385739,0.843844754396604,0.6408839779005525,0.9908033826638478,0.00867419729209689,0.8216141323172843,0.6510218219605126,EditedNearestNeighbours(n_neighbors=5),2001
0.1,4783,4783,0.9974580421972217,0.0012709789078268632,0.8649054338036626,0.6944060773480663,0.9954022988505746,0.002298850574712663,0.8441288534811222,0.6934534118462071,EditedNearestNeighbours(n_neighbors=5),2001
0.25,5435,5436,0.9988464544526421,0.0014128025374363533,0.8862515413070283,0.7331697054698457,0.9981609098211643,0.002252426184013508,0.8721856598545202,0.7364045722202979,EditedNearestNeighbours(n_neighbors=5),2001
0.5,6519,6523,0.9994824598154892,0.0006903019695021258,0.881651376146789,0.756968048946295,0.999425287356322,0.000890340999128115,0.8659508139937652,0.7523380671977832,EditedNearestNeighbours(n_neighbors=5),2001
1.0,8690,8698,0.9997700488076525,0.00028163156286627525,0.8672779197354576,0.7419031719532554,0.9997701149425288,0.00028155054514748324,0.847073086248701,0.7322480083131278,EditedNearestNeighbours(n_neighbors=5),2001
0.005,4370,4370,0.9075919442446638,0.06558090048664394,0.865666610483735,0.5622730185857723,0.8550000000000001,0.09539392014169457,0.8619674402493938,0.645133356425355,EditedNearestNeighbours(n_neighbors=7),2001
0.01,4392,4392,0.9325912788979964,0.03105737293160235,0.9215005784167906,0.6684350132625995,0.8847222222222222,0.048432210483785286,0.9177346726705924,0.7185659854520263,EditedNearestNeighbours(n_neighbors=7),2001
0.03,4479,4479,0.9875723347917006,0.012193716375616056,0.8751735843234069,0.6706783369803063,0.976923076923077,0.022426738057097315,0.8598891582958088,0.6872185659854521,EditedNearestNeighbours(n_neighbors=7),2001
0.05,4566,4566,0.996297307456296,0.0049716824694555255,0.843844754396604,0.6408839779005525,0.993076109936575,0.009276463183695075,0.8216141323172843,0.6510218219605126,EditedNearestNeighbours(n_neighbors=7),2001
0.1,4782,4783,0.9974513868088912,0.0023884250113655257,0.8690404345202173,0.6858345021037868,0.9954022988505746,0.004300755616981543,0.8496709386906823,0.6896432282646345,EditedNearestNeighbours(n_neighbors=7),2001
0.25,5433,5436,0.9991348445917175,0.0007063964328338036,0.876616461280998,0.7176102813476901,0.9986175115207374,0.0011287971164899116,0.8595427779702113,0.7183927952892275,EditedNearestNeighbours(n_neighbors=7),2001
0.5,6518,6523,0.9991367703381634,0.0009463472320271036,0.8846625766871166,0.7586206896551724,0.9990792681220864,0.001067832692510628,0.8697609975753378,0.7551091098025633,EditedNearestNeighbours(n_neighbors=7),2001
1.0,8687,8698,0.999884991374353,0.00023001725129385696,0.8620535047078165,0.7425268373245252,0.9998850574712644,0.00022988505747125742,0.8401454797367509,0.729996536196744,EditedNearestNeighbours(n_neighbors=7),2001
0.005,4370,4370,0.9127506084961764,0.0565021882006948,0.865666610483735,0.5622730185857723,0.86,0.0845576726264388,0.8619674402493938,0.645133356425355,EditedNearestNeighbours(n_neighbors=9),2001
0.01,4392,4392,0.9545491102232976,0.03416039858300481,0.9215005784167906,0.6684350132625995,0.9208333333333332,0.056177078933768596,0.9177346726705924,0.7185659854520263,EditedNearestNeighbours(n_neighbors=9),2001
0.03,4479,4479,0.9857157111720488,0.012188960468198395,0.8751735843234069,0.6706783369803063,0.9768081343943413,0.018937241777258116,0.8598891582958088,0.6872185659854521,EditedNearestNeighbours(n_neighbors=9),2001
0.05,4566,4566,0.9975042370564757,0.004991525887048276,0.843844754396604,0.6408839779005525,0.9953488372093023,0.009302325581395366,0.8216141323172843,0.6510218219605126,EditedNearestNeighbours(n_neighbors=9),2001
0.1,4782,4783,0.9955181892237821,0.003273104839151779,0.8690404345202173,0.6858345021037868,0.9919406575781877,0.00585575828957768,0.8496709386906823,0.6896432282646345,EditedNearestNeighbours(n_neighbors=9),2001
0.25,5431,5436,0.9985581156841621,0.0012919509409433003,0.8890945549899738,0.7198720227515109,0.9980417394989141,0.002173896870235806,0.8754762729476966,0.7270523034291652,EditedNearestNeighbours(n_neighbors=9),2001
0.5,6513,6523,0.9989649881238805,0.0012674454534648155,0.8827311696264544,0.76326046432808,0.9989649875523068,0.0010543905047694603,0.8673363352961552,0.758053342570142,EditedNearestNeighbours(n_neighbors=9),2001
1.0,8683,8698,0.9998850574332995,0.0002298851334010976,0.8673684210526316,0.7396251673360107,0.9998850574712644,0.00022988505747125742,0.8472462764114999,0.7305161066851402,EditedNearestNeighbours(n_neighbors=9),2001
0.005,4370,4370,0.9091792459457295,0.0873600796824206,0.8672297297297298,0.5603263203091455,0.865,0.12409673645990857,0.8638725320401801,0.6453065465881538,TomekLinks(),2001
0.01,4392,4392,0.9522074153188391,0.03425998878429133,0.9219060225016545,0.6731826511912035,0.9166666666666666,0.05215273154310718,0.9182542431589886,0.7220297887080014,TomekLinks(),2001
0.03,4479,4479,0.9873224983059299,0.01704516581595264,0.8739237392373924,0.672947997825693,0.976923076923077,0.03076923076923075,0.8579840665050225,0.6873917561482508,TomekLinks(),2001
0.05,4566,4566,0.9926765186557567,0.007095402549635102,0.8426364887597492,0.6415365284509065,0.9905206434837549,0.008762811581005957,0.8217873224800831,0.6541392448908903,TomekLinks(),2001
0.1,4783,4783,0.9967542168849244,0.005054959682093306,0.8679017924386203,0.6871615720524017,0.994199411921946,0.009006977680257782,0.8481122272254935,0.6898164184274334,TomekLinks(),2001
0.25,5436,5436,0.9988494393328622,0.001074265844713014,0.8932069019120161,0.7290253480899679,0.9985045506188754,0.0012383240497416271,0.8810183581572566,0.7370973328714929,TomekLinks(),2001
0.5,6523,6523,0.9994824598154892,0.0006903019695021258,0.8757594167679222,0.7396560531244679,0.999425287356322,0.000890340999128115,0.8583304468306201,0.7351922410807066,TomekLinks(),2001
1.0,8698,8698,0.999770114866599,0.00028155063814216556,0.8633847074667066,0.7430084395167963,0.9997701149425288,0.00028155054514748324,0.8418773813647384,0.7310356771735365,TomekLinks(),2001
0.005,8700,4370,0.9254847304208218,0.11653121070572059,0.8736874613959235,0.7062788222774034,0.9,0.1457737973711325,0.8583304468306201,0.7131970904052649,"ADASYN(n_neighbors=3, random_state=2001)",2001
0.01,8699,4392,0.9502264382599852,0.050190454028596884,0.951967978652435,0.8062310030395137,0.9413217068105763,0.06117465005266879,0.9501212331139591,0.8233460339452718,"ADASYN(n_neighbors=3, random_state=2001)",2001
0.03,8707,4479,0.9920662789689416,0.009728061313763438,0.8835070508890251,0.7267960146827478,0.9920778072502211,0.015276160705467615,0.8683754762729476,0.729303775545549,"ADASYN(n_neighbors=3, random_state=2001)",2001
0.05,8689,4566,0.9951984047872404,0.004474222883046548,0.8753234891155427,0.6868112335584785,0.9973824451410659,0.004393762335887706,0.8581572566678213,0.6948389331485971,"ADASYN(n_neighbors=3, random_state=2001)",2001
0.1,8698,4783,0.9974446922282812,0.0023902251320688287,0.8765957446808511,0.7511403953370501,0.9953889334402565,0.004304409192323748,0.8593695878074126,0.7448908901974368,"ADASYN(n_neighbors=3, random_state=2001)",2001
0.25,8697,5436,0.9991348445917175,0.0017303108165650284,0.8986139230649431,0.7825787571010501,0.9986238532110091,0.002752293577981657,0.8872532040180118,0.781260824385175,"ADASYN(n_neighbors=3, random_state=2001)",2001
0.5,8696,6523,0.999482393564483,0.00042262452510257175,0.853542840201601,0.7368936795688388,0.9994247576672493,0.0005146315755365731,0.8288881191548321,0.7209906477312089,"ADASYN(n_neighbors=3, random_state=2001)",2001
1.0,8698,8698,,,0.8633847074667066,0.7430084395167963,,,0.8418773813647384,0.7310356771735365,"ADASYN(n_neighbors=3, random_state=2001)",2001
0.005,8699,4370,0.9744882320364742,0.03164600561972855,0.8695517774343122,0.6983449012279765,0.9550000000000001,0.055677643628300216,0.8538275025978525,0.7064426740561136,ADASYN(random_state=2001),2001
0.01,8701,4392,0.9754563893764029,0.012365425655948385,0.9317016702497106,0.7593623967735741,0.9651628352490421,0.028324122444901078,0.928472462764115,0.7829927260131624,ADASYN(random_state=2001),2001
0.03,8699,4479,0.9979817774323975,0.0040364451352051575,0.871655328798186,0.6991983269431857,0.9961538461538462,0.007692307692307665,0.8529615517838587,0.7010737790093522,ADASYN(random_state=2001),2001
0.05,8690,4566,0.995198338728294,0.00447424108529376,0.873538788522848,0.685795253276656,0.9973823128711825,0.004667743095369963,0.8557325943886387,0.6927606511950122,ADASYN(random_state=2001),2001
0.1,8704,4783,0.9968290318283415,0.002842114518568322,0.9009854528390427,0.7533711852377573,0.9963217068105763,0.004577452343296906,0.8903706269483893,0.7592656737097333,ADASYN(random_state=2001),2001
0.25,8695,5436,0.9997116148639058,0.0005767702721883428,0.8986139230649431,0.7741376321719535,0.9995391705069124,0.0009216589861750892,0.8872532040180118,0.7743332178732248,ADASYN(random_state=2001),2001
0.5,8698,6523,0.9994830553738143,0.0010338892523713116,0.8569306195216164,0.742193885891777,0.9995402298850575,0.0009195402298850741,0.8332178732248008,0.7268791132663665,ADASYN(random_state=2001),2001
1.0,8698,8698,,,0.8633847074667066,0.7430084395167963,,,0.8418773813647384,0.7310356771735365,ADASYN(random_state=2001),2001
0.005,8697,4370,0.9744882320364742,0.03164600561972855,0.8539054237800272,0.6864069264069264,0.9550000000000001,0.055677643628300216,0.8325251125736057,0.6863526151714583,"ADASYN(n_neighbors=7, random_state=2001)",2001
0.01,8699,4392,0.9754563893764029,0.012365425655948385,0.9293496203367448,0.7669201520912547,0.9651628352490421,0.028324122444901078,0.9258746103221337,0.7876688604087287,"ADASYN(n_neighbors=7, random_state=2001)",2001
0.03,8701,4479,0.9940206810575081,0.007941365065382006,0.8817862058418718,0.7094952347334981,0.9921927497789568,0.009563616652880393,0.8661240041565639,0.7149289920332524,"ADASYN(n_neighbors=7, random_state=2001)",2001
0.05,8695,4566,0.9963525464757357,0.004874450041535583,0.8611609814482346,0.663623595505618,0.9974445335471799,0.004828709481136245,0.8392795289227573,0.6681676480775892,"ADASYN(n_neighbors=7, random_state=2001)",2001
0.1,8698,4783,0.9968157593440292,0.0020201901641950398,0.9046946145391741,0.7507163323782235,0.9952739909115209,0.004185781926178112,0.8948735711811568,0.7589192933841358,"ADASYN(n_neighbors=7, random_state=2001)",2001
0.25,8702,5436,0.9988444529489305,0.00141525032444897,0.8945736434108527,0.7890625,0.9981566820276498,0.002257594232979878,0.8822306892968479,0.7848978178039487,"ADASYN(n_neighbors=7, random_state=2001)",2001
0.5,8699,6523,0.999482394783565,0.0004226229066986142,0.8596125186289121,0.7397891963109354,0.999425287356322,0.0005140386155171775,0.8368548666435747,0.7263595427779702,"ADASYN(n_neighbors=7, random_state=2001)",2001
1.0,8698,8698,,,0.8633847074667066,0.7430084395167963,,,0.8418773813647384,0.7310356771735365,"ADASYN(n_neighbors=7, random_state=2001)",2001
0.005,8697,4370,0.960541904931673,0.05123954086989138,0.846245886927909,0.6747981446486858,0.9349999999999999,0.08306623862918074,0.821960512642882,0.6721510218219605,"ADASYN(n_neighbors=9, random_state=2001)",2001
0.01,8694,4392,0.9772208965111308,0.019878960671560274,0.9230517889233786,0.774948894257573,0.9761587392916506,0.02881654182304581,0.9184274333217872,0.79026671285071,"ADASYN(n_neighbors=9, random_state=2001)",2001
0.03,8699,4479,0.992144776362472,0.007207151391308443,0.8830015313935682,0.6979650124955373,0.9920778072502211,0.009242948221018675,0.8676827156217527,0.7069622445445098,"ADASYN(n_neighbors=9, random_state=2001)",2001
0.05,8706,4566,0.9975594760759154,0.004881047848168941,0.8714610143830431,0.6818744473916888,0.9975594760759154,0.004881047848168941,0.8529615517838587,0.6884308971250432,"ADASYN(n_neighbors=9, random_state=2001)",2001
0.1,8701,4783,0.998093333889338,0.0025505721311662216,0.9054054054054054,0.7484728710025152,0.9975862068965518,0.004545682743283947,0.8957395219951507,0.7575337720817458,"ADASYN(n_neighbors=9, random_state=2001)",2001
0.25,8693,5436,0.9991338413383712,0.0011552966461171835,0.8987538940809969,0.7831325301204819,0.9986175115207374,0.001843317972350217,0.8874263941808105,0.7817803948735711,"ADASYN(n_neighbors=9, random_state=2001)",2001
0.5,8695,6523,0.9994821296722243,0.0006906318324255186,0.8613225854605165,0.7429136453526698,0.9994247576672493,0.0007277981827378089,0.8391063387599584,0.7298233460339453,"ADASYN(n_neighbors=9, random_state=2001)",2001
1.0,8698,8698,,,0.8633847074667066,0.7430084395167963,,,0.8418773813647384,0.7310356771735365,"ADASYN(n_neighbors=9, random_state=2001)",2001
0.005,8698,4370,0.9744882320364742,0.03164600561972855,0.8630897317298798,0.6895326106273325,0.9550000000000001,0.055677643628300216,0.8462071354347074,0.6974367855905785,"SMOTEENN(enn=EditedNearestNeighbours(), random_state=2001,
         smote=SMOTE(k_neighbors=3, random_state=2001))",2001
0.01,8698,4392,0.9709543744461626,0.01776819073465944,0.911250200609854,0.7588730332967435,0.9664367816091953,0.026937454571678666,0.9042258399722896,0.7717353654312435,"SMOTEENN(enn=EditedNearestNeighbours(), random_state=2001,
         smote=SMOTE(k_neighbors=3, random_state=2001))",2001
0.03,8698,4479,0.9921446437878192,0.00720735812713587,0.8630506442912796,0.7106202209005947,0.9920775427104541,0.009242754392696225,0.8417041912019397,0.7050571527537236,"SMOTEENN(enn=EditedNearestNeighbours(), random_state=2001,
         smote=SMOTE(k_neighbors=3, random_state=2001))",2001
0.05,8698,4566,0.9964054005983574,0.004781954186810047,0.8547186662697231,0.6791416309012875,0.9974973876698016,0.00472311611686484,0.830966401108417,0.6763075857291305,"SMOTEENN(enn=EditedNearestNeighbours(), random_state=2001,
         smote=SMOTE(k_neighbors=3, random_state=2001))",2001
0.1,8698,4783,0.9987222934885274,0.0015649010063921087,0.878085949405669,0.7426131511528608,0.9976877840149694,0.0028319535179148025,0.8614478697609975,0.7390024246622792,"SMOTEENN(enn=EditedNearestNeighbours(), random_state=2001,
         smote=SMOTE(k_neighbors=3, random_state=2001))",2001
0.25,8698,5436,0.9985640780386251,0.000904157001171705,0.9155823548079974,0.8108578388724552,0.9983894758202565,0.0009202142471089365,0.9078628333910634,0.8117422930377555,"SMOTEENN(enn=EditedNearestNeighbours(), random_state=2001,
         smote=SMOTE(k_neighbors=3, random_state=2001))",2001
0.5,8694,6523,0.9996549066169791,0.00042265198673884505,0.889745566692367,0.774885145482389,0.9996546427247207,0.00046069735629417964,0.8761690335988915,0.7708694146172497,"SMOTEENN(enn=EditedNearestNeighbours(), random_state=2001,
         smote=SMOTE(k_neighbors=3, random_state=2001))",2001
1.0,8695,8698,0.9997700486555307,0.00028163174926613114,0.8640311470500149,0.7392388233338874,0.9997699826726454,0.0002817126196382082,0.8427433321787322,0.7282646345687565,"SMOTEENN(enn=EditedNearestNeighbours(), random_state=2001,
         smote=SMOTE(k_neighbors=3, random_state=2001))",2001
0.005,8698,4370,0.9713136949208172,0.035133405024903565,0.8609453877925654,0.7023353084698502,0.95,0.06123724356957945,0.8425701420159335,0.7041912019397298,"SMOTEENN(enn=EditedNearestNeighbours(n_neighbors=5), random_state=2001,
         smote=SMOTE(random_state=2001))",2001
0.01,8698,4392,0.9617583467132482,0.03162707161344562,0.9117599612840781,0.7569559609360604,0.9525478927203064,0.057816066563575914,0.905264980949082,0.7715621752684447,"SMOTEENN(enn=EditedNearestNeighbours(n_neighbors=5), random_state=2001,
         smote=SMOTE(random_state=2001))",2001
0.03,8698,4479,0.992076318080786,0.007411851043232751,0.8735980600181873,0.7221458046767538,0.9920776749803377,0.009472005955786197,0.85555940422584,0.720124696917215,"SMOTEENN(enn=EditedNearestNeighbours(n_neighbors=5), random_state=2001,
         smote=SMOTE(random_state=2001))",2001
0.05,8698,4566,0.991413874711309,0.009308240254489947,0.8575685339690108,0.6847341337907376,0.9882479162110277,0.012949127793220029,0.8344302043643921,0.6816764807758919,"SMOTEENN(enn=EditedNearestNeighbours(n_neighbors=5), random_state=2001,
         smote=SMOTE(random_state=2001))",2001
0.1,8698,4783,0.9974378263374983,0.003743697882198261,0.8779521560262076,0.7461263408820024,0.9954022988505749,0.006702243557293422,0.8612746795981988,0.7417734672670593,"SMOTEENN(enn=EditedNearestNeighbours(n_neighbors=5), random_state=2001,
         smote=SMOTE(random_state=2001))",2001
0.25,8696,5436,0.9994232297278117,0.0007063964328338036,0.91254151510359,0.7995810055865922,0.9990783410138249,0.0011287971164899119,0.9042258399722896,0.8011776931070316,"SMOTEENN(enn=EditedNearestNeighbours(n_neighbors=5), random_state=2001,
         smote=SMOTE(random_state=2001))",2001
0.5,8690,6523,0.9994823275055366,0.0004226784616071698,0.8822269807280514,0.7573541914640367,0.9994247576672493,0.0005146315755365731,0.8666435746449601,0.7528576376861794,"SMOTEENN(enn=EditedNearestNeighbours(n_neighbors=5), random_state=2001,
         smote=SMOTE(random_state=2001))",2001
1.0,8690,8698,0.9998850574332995,0.0002298851334010976,0.8672779197354576,0.7419031719532554,0.9998850574712644,0.00022988505747125742,0.847073086248701,0.7322480083131278,"SMOTEENN(enn=EditedNearestNeighbours(n_neighbors=5), random_state=2001,
         smote=SMOTE(random_state=2001))",2001
0.005,8698,4370,0.960541904931673,0.051239540869891374,0.8536880290205562,0.68264721208963,0.9349999999999999,0.08306623862918074,0.8323519224108071,0.6835815725666783,"SMOTEENN(enn=EditedNearestNeighbours(n_neighbors=7), random_state=2001,
         smote=SMOTE(k_neighbors=7, random_state=2001))",2001
0.01,8698,4392,0.971573503281534,0.01778854922826871,0.9117408906882591,0.7599188042074183,0.9774328179216873,0.026937346584685825,0.9056113612746796,0.7746795981988224,"SMOTEENN(enn=EditedNearestNeighbours(n_neighbors=7), random_state=2001,
         smote=SMOTE(k_neighbors=7, random_state=2001))",2001
0.03,8693,4479,0.9960374806667438,0.004854482645980771,0.8589724497393895,0.7081436519979767,0.9960389036251105,0.007638080352733785,0.8359889158295809,0.7002078281953585,"SMOTEENN(enn=EditedNearestNeighbours(n_neighbors=7), random_state=2001,
         smote=SMOTE(k_neighbors=7, random_state=2001))",2001
0.05,8697,4566,0.9964287941370463,0.0047089203280358625,0.8480117820324006,0.682055602358888,0.9974445335471799,0.004558011741836258,0.8212677519916869,0.6731901627987531,"SMOTEENN(enn=EditedNearestNeighbours(n_neighbors=7), random_state=2001,
         smote=SMOTE(k_neighbors=7, random_state=2001))",2001
0.1,8697,4783,0.9980869258037958,0.0025535468044283797,0.8842848373235114,0.7428670240359675,0.9965517241379309,0.004597701149425287,0.8694146172497402,0.7424662279182543,"SMOTEENN(enn=EditedNearestNeighbours(n_neighbors=7), random_state=2001,
         smote=SMOTE(k_neighbors=7, random_state=2001))",2001
0.25,8696,5436,0.9985631117873133,0.0009072463620958904,0.893676379417235,0.7762729298817075,0.9983917219868971,0.0011133718803218217,0.8811915483200554,0.7739868375476273,"SMOTEENN(enn=EditedNearestNeighbours(n_neighbors=7), random_state=2001,
         smote=SMOTE(k_neighbors=7, random_state=2001))",2001
0.5,8687,6523,0.9994823278493253,0.0006905330287323861,0.8757971454600668,0.7539548973409627,0.999425287356322,0.000890340999128115,0.8583304468306201,0.7467959819882231,"SMOTEENN(enn=EditedNearestNeighbours(n_neighbors=7), random_state=2001,
         smote=SMOTE(k_neighbors=7, random_state=2001))",2001
1.0,8687,8698,1.0,0.0,0.8620535047078165,0.7425268373245252,1.0,0.0,0.8401454797367509,0.729996536196744,"SMOTEENN(enn=EditedNearestNeighbours(n_neighbors=7), random_state=2001,
         smote=SMOTE(k_neighbors=7, random_state=2001))",2001
0.005,8698,4370,0.9744882320364742,0.03164600561972855,0.8406445837063563,0.6670097786927431,0.9550000000000001,0.055677643628300216,0.8150329061309318,0.6638378940076204,"SMOTEENN(enn=EditedNearestNeighbours(n_neighbors=9), random_state=2001,
         smote=SMOTE(k_neighbors=9, random_state=2001))",2001
0.01,8696,4392,0.9684335642578672,0.029102691227468717,0.913961038961039,0.7668202764976959,0.9636590038314174,0.049340849790241996,0.9082092137166609,0.7809144440595774,"SMOTEENN(enn=EditedNearestNeighbours(n_neighbors=9), random_state=2001,
         smote=SMOTE(k_neighbors=9, random_state=2001))",2001
0.03,8696,4479,0.9920762520219709,0.00741204702414152,0.855532482942747,0.7137856309384898,0.9920776749803377,0.009472274496110215,0.8313127814340145,0.702632490474541,"SMOTEENN(enn=EditedNearestNeighbours(n_neighbors=9), random_state=2001,
         smote=SMOTE(k_neighbors=9, random_state=2001))",2001
0.05,8695,4566,0.9952966762895091,0.006758372501733036,0.855825026037792,0.6923992518279204,0.9973295910184443,0.0045282546664511,0.8321787322480083,0.6866989954970557,"SMOTEENN(enn=EditedNearestNeighbours(n_neighbors=9), random_state=2001,
         smote=SMOTE(k_neighbors=9, random_state=2001))",2001
0.1,8697,4783,0.9968223710844244,0.003480990439340124,0.8845563401903592,0.7426890465478456,0.9963217068105763,0.004719882321980572,0.8697609975753378,0.7424662279182542,"SMOTEENN(enn=EditedNearestNeighbours(n_neighbors=9), random_state=2001,
         smote=SMOTE(k_neighbors=9, random_state=2001))",2001
0.25,8694,5436,0.9994242915525575,0.0007050979672105856,0.8979909671390749,0.7781039544120186,0.9990804549105821,0.0011262130920067267,0.8865604433668168,0.7774506408036024,"SMOTEENN(enn=EditedNearestNeighbours(n_neighbors=9), random_state=2001,
         smote=SMOTE(k_neighbors=9, random_state=2001))",2001
0.5,8686,6523,0.9994824610324671,0.0006899693306125422,0.8984423676012461,0.7846709056538924,0.9995402298850575,0.0005631010902949665,0.8870800138552131,0.7829927260131625,"SMOTEENN(enn=EditedNearestNeighbours(n_neighbors=9), random_state=2001,
         smote=SMOTE(k_neighbors=9, random_state=2001))",2001
1.0,8683,8698,0.999884991374353,0.00023001725129385696,0.8673684210526316,0.7396251673360107,0.9998850574712644,0.00022988505747125742,0.8472462764114999,0.7305161066851402,"SMOTEENN(enn=EditedNearestNeighbours(n_neighbors=9), random_state=2001,
         smote=SMOTE(k_neighbors=9, random_state=2001))",2001
0.005,8698,4370,0.9713136949208172,0.035133405024903565,0.8625038449707783,0.6930553101254638,0.95,0.06123724356957946,0.8451679944579148,0.699168687218566,"SMOTETomek(random_state=2001, smote=SMOTE(k_neighbors=3, random_state=2001),
           tomek=TomekLinks())",2001
0.01,8698,4392,0.9743389556901537,0.026388314403972553,0.9191116874696061,0.7550410754294249,0.9747701149425287,0.04988571957821105,0.9135781087634223,0.772774506408036,"SMOTETomek(random_state=2001, smote=SMOTE(k_neighbors=3, random_state=2001),
           tomek=TomekLinks())",2001
0.03,8698,4479,0.9921486885022315,0.011351107953104355,0.8559133402581985,0.706809795370681,0.9920775427104541,0.009709810314820278,0.8318323519224109,0.6972635954277797,"SMOTETomek(random_state=2001, smote=SMOTE(k_neighbors=3, random_state=2001),
           tomek=TomekLinks())",2001
0.05,8698,4566,0.9975849913394462,0.0029589478245277425,0.8538289962825278,0.6846416382252559,0.9975594760759154,0.0045990809986882555,0.8297540699688257,0.6799445791479044,"SMOTETomek(random_state=2001, smote=SMOTE(k_neighbors=3, random_state=2001),
           tomek=TomekLinks())",2001
0.1,8698,4783,0.9961997938450045,0.002364392428355896,0.8842848373235114,0.7395977808599168,0.996193531141406,0.00436177375715798,0.8694146172497402,0.7398683754762729,"SMOTETomek(random_state=2001, smote=SMOTE(k_neighbors=3, random_state=2001),
           tomek=TomekLinks())",2001
0.25,8698,5436,0.9991389525046394,0.001147596916951146,0.9155823548079974,0.8102367688022284,0.9993113993461986,0.001112342701875365,0.9078628333910634,0.8112227225493592,"SMOTETomek(random_state=2001, smote=SMOTE(k_neighbors=3, random_state=2001),
           tomek=TomekLinks())",2001
0.5,8698,6523,0.9994823936044209,0.0006903349798300547,0.8974957225073884,0.7854694996572995,0.9994251550864384,0.0008903410384283869,0.8858676827156218,0.7831659161759612,"SMOTETomek(random_state=2001, smote=SMOTE(k_neighbors=3, random_state=2001),
           tomek=TomekLinks())",2001
1.0,8698,8698,0.999884991374353,0.00023001725129385696,0.8633847074667066,0.7430084395167963,0.9998850574712644,0.00022988505747125742,0.8418773813647384,0.7310356771735365,"SMOTETomek(random_state=2001, smote=SMOTE(k_neighbors=3, random_state=2001),
           tomek=TomekLinks())",2001
0.005,8698,4370,0.9522087035645035,0.06586739526723598,0.8609453877925654,0.7039164490861619,0.925,0.1,0.8425701420159335,0.7054035330793211,"SMOTETomek(random_state=2001, smote=SMOTE(random_state=2001),
           tomek=TomekLinks())",2001
0.01,8698,4392,0.9828341551650996,0.022624340209868827,0.9172907847606643,0.7492947150648862,0.9776628352490422,0.027357931631054128,0.9120193972982334,0.7691375129892621,"SMOTETomek(random_state=2001, smote=SMOTE(random_state=2001),
           tomek=TomekLinks())",2001
0.03,8698,4479,0.9940206810575081,0.007941365065382006,0.8642493257416841,0.7226154364678126,0.9921927497789568,0.009563616652880393,0.8430897125043297,0.7149289920332526,"SMOTETomek(random_state=2001, smote=SMOTE(random_state=2001),
           tomek=TomekLinks())",2001
0.05,8698,4566,0.9964052683284738,0.0047821849784703534,0.8475125110391521,0.6846967915336805,0.997497255399918,0.004723380362722351,0.8205749913404918,0.6749220644267406,"SMOTETomek(random_state=2001, smote=SMOTE(random_state=2001),
           tomek=TomekLinks())",2001
0.1,8698,4783,0.9968224147323594,0.0034806921601904816,0.8839779005524862,0.7414330218068536,0.9963084736701416,0.004725578170423852,0.8690682369241427,0.741253896778663,"SMOTETomek(random_state=2001, smote=SMOTE(random_state=2001),
           tomek=TomekLinks())",2001
0.25,8698,5436,0.9988495713324097,0.001076701415268416,0.9039636534544885,0.7937931034482759,0.9985066645156329,0.0017624923410742286,0.8938344302043644,0.7928645652926913,"SMOTETomek(random_state=2001, smote=SMOTE(random_state=2001),
           tomek=TomekLinks())",2001
0.5,8698,6523,0.99948278889559,0.000689147158159658,0.8877943666307526,0.7596979059388946,0.9995397001959849,0.0005637504463773807,0.8737443713197091,0.7575337720817458,"SMOTETomek(random_state=2001, smote=SMOTE(random_state=2001),
           tomek=TomekLinks())",2001
1.0,8698,8698,0.9998849912222312,0.00023001755553773152,0.8633847074667066,0.7430084395167963,0.9998849252013808,0.00023014959723819395,0.8418773813647384,0.7310356771735365,"SMOTETomek(random_state=2001, smote=SMOTE(random_state=2001),
           tomek=TomekLinks())",2001
0.005,8698,4370,0.9398278829604131,0.12034423407917383,0.8517179023508138,0.6855269967224427,0.925,0.15,0.829580879806027,0.6842743332178732,"SMOTETomek(random_state=2001, smote=SMOTE(k_neighbors=7, random_state=2001),
           tomek=TomekLinks())",2001
0.01,8698,4392,0.9821804942969466,0.014549565480865105,0.9211563731931669,0.7633214083976653,0.9776628352490422,0.027123514356507995,0.9168687218565985,0.7822999653619674,"SMOTETomek(random_state=2001, smote=SMOTE(k_neighbors=7, random_state=2001),
           tomek=TomekLinks())",2001
0.03,8698,4479,0.994167109703039,0.011665780593921891,0.8567607726597325,0.7120857047204553,0.9959239610963749,0.008152077807250224,0.8330446830620021,0.7021129199861448,"SMOTETomek(random_state=2001, smote=SMOTE(k_neighbors=7, random_state=2001),
           tomek=TomekLinks())",2001
0.05,8698,4566,0.9987660911578876,0.0024678176842247265,0.8368443992445155,0.6709827357237715,0.9976744186046511,0.004651162790697683,0.8055074471770003,0.6567370973328714,"SMOTETomek(random_state=2001, smote=SMOTE(k_neighbors=7, random_state=2001),
           tomek=TomekLinks())",2001
0.1,8698,4783,0.9961532931275231,0.006227390384200098,0.8823889739663093,0.7460481099656358,0.9951323175621493,0.007213788278451721,0.8669899549705576,0.744024939383443,"SMOTETomek(random_state=2001, smote=SMOTE(k_neighbors=7, random_state=2001),
           tomek=TomekLinks())",2001
0.25,8698,5436,0.9991358428420828,0.0011517940117886573,0.9039636534544885,0.7946243969676086,0.9989633984850894,0.0012825145275407778,0.8938344302043644,0.7935573259438864,"SMOTETomek(random_state=2001, smote=SMOTE(k_neighbors=7, random_state=2001),
           tomek=TomekLinks())",2001
0.5,8698,6523,0.9994830543507195,0.000689013810264715,0.8841201716738197,0.7542778918548939,0.9995402298850575,0.0005631010902949665,0.8690682369241427,0.7512989262209906,"SMOTETomek(random_state=2001, smote=SMOTE(k_neighbors=7, random_state=2001),
           tomek=TomekLinks())",2001
1.0,8698,8698,0.9997700488076525,0.00028163156286627525,0.8633847074667066,0.7430084395167963,0.9997701149425288,0.00028155054514748324,0.8418773813647384,0.7310356771735365,"SMOTETomek(random_state=2001, smote=SMOTE(k_neighbors=7, random_state=2001),
           tomek=TomekLinks())",2001
0.005,8698,4370,0.9553832406801603,0.065014815931756,0.83875761628771,0.66768968456948,0.93,0.09797958971132713,0.812088673363353,0.6624523727052303,"SMOTETomek(random_state=2001, smote=SMOTE(k_neighbors=9, random_state=2001),
           tomek=TomekLinks())",2001
0.01,8698,4392,0.9821804942969466,0.014549565480865107,0.9219904746263754,0.7626767200754005,0.9776628352490422,0.027123514356507995,0.9177346726705923,0.7819535850363699,"SMOTETomek(random_state=2001, smote=SMOTE(k_neighbors=9, random_state=2001),
           tomek=TomekLinks())",2001
0.03,8698,4479,0.9923545204061768,0.010965530613613142,0.8608955223880597,0.7114637852439643,0.9958090185676394,0.007549483558235864,0.8385867682715622,0.704018011776931,"SMOTETomek(random_state=2001, smote=SMOTE(k_neighbors=9, random_state=2001),
           tomek=TomekLinks())",2001
0.05,8698,4566,0.9951445125143124,0.004489363761921169,0.8524056254626203,0.6829765545361876,0.9929611674078395,0.005748300566911405,0.8273294076896432,0.6768271562175268,"SMOTETomek(random_state=2001, smote=SMOTE(k_neighbors=9, random_state=2001),
           tomek=TomekLinks())",2001
0.1,8698,4783,0.9962064957404511,0.003077177214888712,0.8868708634754502,0.7387513079874434,0.9961933988715226,0.002907711732765852,0.8727052303429166,0.740561136127468,"SMOTETomek(random_state=2001, smote=SMOTE(k_neighbors=9, random_state=2001),
           tomek=TomekLinks())",2001
0.25,8698,5436,0.9994252775991374,0.0007038957604095373,0.8961018791737847,0.7751163191452697,0.9994242279781769,0.0008923926332859183,0.8841357810876342,0.7739868375476273,"SMOTETomek(random_state=2001, smote=SMOTE(k_neighbors=9, random_state=2001),
           tomek=TomekLinks())",2001
0.5,8698,6523,0.9991376970754402,0.0007712099190772117,0.8969056134349246,0.7728766649368621,0.999080459770115,0.0008601511233962823,0.8851749220644267,0.7726013162452372,"SMOTETomek(random_state=2001, smote=SMOTE(k_neighbors=9, random_state=2001),
           tomek=TomekLinks())",2001
1.0,8698,8698,0.9998850574332995,0.0002298851334010976,0.8633847074667066,0.7430084395167963,0.9998850574712644,0.00022988505747125742,0.8418773813647384,0.7310356771735365,"SMOTETomek(random_state=2001, smote=SMOTE(k_neighbors=9, random_state=2001),
           tomek=TomekLinks())",2001
