percent,training_samples_after,training_samples_before,f1_macro_mean,f1_macro_std,f1_macro_UT2,f1_macro_UT3,balanced_accuracy_mean,balanced_accuracy_std,balanced_accuracy_UT2,balanced_accuracy_UT3,Sampler,Seed
0.005,4370,4370,0.8752548453633505,0.127223824923286,0.9319442110569652,0.683785462828743,0.8398849252013809,0.15389046075845783,0.9298579840665051,0.7355386214063042,no Sampler(),31
0.01,4392,4392,0.9687813701606135,0.019999003857408562,0.9187684245004913,0.7503312511830399,0.9430555555555555,0.0352460487234709,0.9140976792518185,0.7715621752684447,no Sampler(),31
0.03,4479,4479,0.9959634888058485,0.0049436963844552055,0.8429530201342282,0.6626443716600586,0.9923076923076923,0.009421114395319882,0.817630758572913,0.6610668514028404,no Sampler(),31
0.05,4566,4566,0.9963522980164743,0.0029787444884282976,0.8150196477950807,0.6497512437810945,0.9931289640591967,0.005611007199615313,0.779875303082785,0.6342223761690335,no Sampler(),31
0.1,4783,4783,0.9961602250772522,0.003741318103762786,0.8584269662921349,0.7134897855816309,0.993103448275862,0.006702243557293422,0.8363352961551784,0.7060962937305162,no Sampler(),31
0.25,5436,5436,0.9991318272759584,0.0017363454480833428,0.8582512682781259,0.7117845117845117,0.9986175115207374,0.002764976958525356,0.8354693453411846,0.7034984412885348,no Sampler(),31
0.5,6523,6523,0.999482393564483,0.00042262452510257175,0.8472283487722394,0.6952903977367283,0.9994247576672493,0.0005146315755365731,0.8200554208520956,0.6828888119154832,no Sampler(),31
1.0,8698,8698,0.9997701149425288,0.00045977011494251484,0.8558277654046028,0.7239609206822322,0.9997701149425288,0.00045977011494251484,0.8318323519224108,0.7112919986144787,no Sampler(),31
0.005,8698,4370,0.9856568474604085,0.02868630507918275,0.9188156638013372,0.8050668543279381,0.975,0.049999999999999996,0.9116730169726359,0.8081052996189817,RandomOverSampler(random_state=31),31
0.01,8698,4392,0.9643166276882678,0.03433768399795945,0.8704710144927537,0.7401919515069877,0.9635437967629151,0.049387572087871034,0.85140284031867,0.7327675788015241,RandomOverSampler(random_state=31),31
0.03,8698,4479,0.997981711373451,0.004036577253097917,0.8345157087013175,0.6809765689005407,0.9961538461538462,0.007692307692307665,0.8020436439210252,0.6627987530308279,RandomOverSampler(random_state=31),31
0.05,8698,4566,0.9950643646315506,0.00719486310098154,0.8241177311044435,0.7010732323232324,0.9908562367864693,0.013261646012308321,0.7868029095947351,0.6719778316591618,RandomOverSampler(random_state=31),31
0.1,8698,4783,0.9974580421972217,0.0012709789078268632,0.8384,0.7001953125,0.9964367816091955,0.002680897422917407,0.8075857291305855,0.6809837201246969,RandomOverSampler(random_state=31),31
0.25,8698,5436,0.9994242254936111,0.00070517863140122,0.8333574215927158,0.7045418070935644,0.9990804549105821,0.0011262130920067267,0.8003117422930377,0.6811569102874957,RandomOverSampler(random_state=31),31
0.5,8698,6523,0.9994819961832588,0.0006905336194551918,0.8411678832116788,0.70272920411832,0.9993098151385137,0.0009198056463571939,0.8115691028749568,0.6849670938690682,RandomOverSampler(random_state=31),31
1.0,8698,8698,0.9998850574332995,0.0002298851334010976,0.8558277654046028,0.7239609206822322,0.9998850574712644,0.00022988505747125742,0.8318323519224108,0.7112919986144787,RandomOverSampler(random_state=31),31
0.005,42,4370,0.7041082838227122,0.1303267589057651,0.8540988458123705,0.7557840616966581,0.9401122971310663,0.0652871664562022,0.8292344994804295,0.7367509525458954,RandomUnderSampler(random_state=31),31
0.01,86,4392,0.775953783327353,0.11669515209521776,0.8339835283918509,0.7416185872446592,0.9653542738603849,0.022735714885923058,0.8010045029442328,0.7130239002424662,RandomUnderSampler(random_state=31),31
0.03,260,4479,0.902873833938491,0.07431894250942872,0.81475201356507,0.7071516646115906,0.9808712311985992,0.014921559611883989,0.7729476965708348,0.6709386906823692,RandomUnderSampler(random_state=31),31
0.05,434,4566,0.9626134624980004,0.02351682843396179,0.8059826670394185,0.706149651620721,0.9939321852307448,0.006986892595416563,0.7596120540353308,0.6640110841704192,RandomUnderSampler(random_state=31),31
0.1,868,4783,0.9912510736301273,0.005679617102670848,0.8238823025282103,0.704938659955961,0.9952739909115209,0.0024404609755570234,0.7864565292691376,0.6750952545895393,RandomUnderSampler(random_state=31),31
0.25,2174,5436,0.9982787463113294,0.0016702534804103504,0.8368650217706821,0.7080444945993873,0.9986206847956396,0.001182902032644277,0.8053342570142016,0.6863526151714583,RandomUnderSampler(random_state=31),31
0.5,4348,6523,0.999482195579442,0.0006904338497289921,0.8458602466236054,0.713467517591229,0.999425287356322,0.000890340999128115,0.8181503290613092,0.6967440249393835,RandomUnderSampler(random_state=31),31
1.0,8698,8698,0.999655106240952,0.00028160460087292593,0.8613728129205922,0.7173180592991913,0.999655172413793,0.00028155054514748324,0.8394527190855559,0.7093869068236924,RandomUnderSampler(random_state=31),31
0.005,8698,4370,0.9856568474604085,0.02868630507918275,0.9309677419354838,0.8258635961027458,0.975,0.049999999999999996,0.9258746103221337,0.8297540699688257,"SMOTE(k_neighbors=3, random_state=31)",31
0.01,8698,4392,0.9761099179746726,0.021491248529083445,0.886021505376344,0.7687606112054329,0.9761590038314176,0.02881675012913788,0.8714928992033253,0.7641149982680984,"SMOTE(k_neighbors=3, random_state=31)",31
0.03,8698,4479,0.9960374144556756,0.004854561194592907,0.846730345334313,0.6878448419996656,0.996038771355227,0.007638021714530285,0.8193626602009005,0.6766539660547282,"SMOTE(k_neighbors=3, random_state=31)",31
0.05,8698,4566,0.9937725866867957,0.006914196999204662,0.8153280542986425,0.6795902285263987,0.9884249471458773,0.012738172515117399,0.7738136473848285,0.6479043990301351,"SMOTE(k_neighbors=3, random_state=31)",31
0.1,8698,4783,0.998093581192126,0.0015565844384454956,0.828637147786084,0.6841085271317829,0.9965517241379309,0.002815505451474941,0.7935573259438864,0.6612400415656391,"SMOTE(k_neighbors=3, random_state=31)",31
0.25,8698,5436,0.9994242915525575,0.0007050979672105855,0.8401107710246319,0.6939110454620055,0.9990804549105821,0.0011262130920067267,0.8100103914097679,0.6770003463803256,"SMOTE(k_neighbors=3, random_state=31)",31
0.5,8698,6523,0.9998274869475038,0.00034502610499238524,0.8466059359388775,0.7029081295439524,0.9997701149425288,0.00045977011494251484,0.8191894700381018,0.6886040872878421,"SMOTE(k_neighbors=3, random_state=31)",31
1.0,8698,8698,0.9996551060888301,0.0002816047251990426,0.8558277654046028,0.7239609206822322,0.9996550401439096,0.00028165864658067735,0.8318323519224108,0.7112919986144787,"SMOTE(k_neighbors=3, random_state=31)",31
0.005,8698,4370,0.9776627691521309,0.027357408922017778,0.9152918781725888,0.7997191504300509,0.9798850574712643,0.03994314892431771,0.9075164530654658,0.8023900242466229,SMOTE(random_state=31),31
0.01,8698,4392,0.9780980235490606,0.031155510194229994,0.8884437596302003,0.7630315500685871,0.9775476281805396,0.027500834943174422,0.8746103221337028,0.7606511950121233,SMOTE(random_state=31),31
0.03,8698,4479,0.9940191920401948,0.004885175767029596,0.841506129597198,0.6813953488372093,0.9921927497789568,0.009329624697350871,0.8119154832005542,0.6678212677519917,SMOTE(random_state=31),31
0.05,8698,4566,0.9951189521518311,0.005978038319061861,0.8270223752151463,0.6934015018373542,0.9930140215304611,0.00918055962712772,0.7911326636647038,0.6676480775891929,SMOTE(random_state=31),31
0.1,8698,4783,0.9974378263374983,0.003743697882198261,0.8341534008683068,0.6789111183994753,0.9954022988505749,0.006702243557293422,0.801524073432629,0.6608936612400416,SMOTE(random_state=31),31
0.25,8698,5436,0.9991358428420828,0.0011517940117886573,0.8349992756772417,0.689374185136897,0.9986217393142519,0.0018359238973744453,0.8027364045722203,0.6698995497055766,SMOTE(random_state=31),31
0.5,8698,6523,0.999482195579442,0.0006904338497289921,0.8428905792861322,0.7110966270164576,0.9993103448275862,0.0009195402298850297,0.8139937651541392,0.6929338413578109,SMOTE(random_state=31),31
1.0,8698,8698,0.9998850574332995,0.0002298851334010976,0.8558277654046028,0.7239609206822322,0.9998850574712644,0.00022988505747125742,0.8318323519224108,0.7112919986144787,SMOTE(random_state=31),31
0.005,8698,4370,0.9856568474604085,0.02868630507918275,0.9134082634161785,0.7932489451476793,0.975,0.049999999999999996,0.905264980949082,0.7963283685486664,"SMOTE(k_neighbors=7, random_state=31)",31
0.01,8698,4392,0.9813962466304028,0.015257241351871577,0.8775292864749734,0.755608028335301,0.9762739463601534,0.028908033281787957,0.8605819189470039,0.7490474541046068,"SMOTE(k_neighbors=7, random_state=31)",31
0.03,8698,4479,0.9959634888058485,0.0049436963844552055,0.8348052700159259,0.6836768073274452,0.9923076923076923,0.009421114395319882,0.8023900242466229,0.6650502251472117,"SMOTE(k_neighbors=7, random_state=31)",31
0.05,8698,4566,0.9975591615577079,0.002989708706679445,0.8275466284074605,0.6970663265306123,0.995401691331924,0.00563237497029904,0.7918254243158989,0.6709386906823692,"SMOTE(k_neighbors=7, random_state=31)",31
0.1,8698,4783,0.9974379580005964,0.0037433352768934383,0.8398659478362233,0.6923961241583183,0.9954022988505746,0.006702243557293422,0.8096640110841704,0.6756148250779356,"SMOTE(k_neighbors=7, random_state=31)",31
0.25,8698,5436,0.9991348371041706,0.0011548019953724132,0.8345636126791142,0.7010808194870141,0.9986196254174946,0.0018422655719366099,0.8020436439210252,0.6790786283339106,"SMOTE(k_neighbors=7, random_state=31)",31
0.5,8698,6523,0.9994821296722243,0.0006906318324255185,0.8474775702309163,0.7037220843672457,0.9993103448275862,0.0009195402298850297,0.820401801177693,0.6898164184274334,"SMOTE(k_neighbors=7, random_state=31)",31
1.0,8698,8698,0.999884991374353,0.00023001725129385698,0.8558277654046028,0.7239609206822322,0.9998850574712644,0.00022988505747125742,0.8318323519224108,0.7112919986144787,"SMOTE(k_neighbors=7, random_state=31)",31
0.005,8698,4370,0.9856568474604087,0.02868630507918275,0.9100946372239748,0.787719298245614,0.975,0.049999999999999996,0.9012816072047107,0.7904399030135087,"SMOTE(k_neighbors=9, random_state=31)",31
0.01,8698,4392,0.9768942979110997,0.021191107823712994,0.8767289861681107,0.7581919005209209,0.9665517241379311,0.027311209140444232,0.8595427779702114,0.7507793557325944,"SMOTE(k_neighbors=9, random_state=31)",31
0.03,8698,4479,0.994162866355422,0.007695088793930194,0.8333815446919294,0.6768372703412073,0.995923696556608,0.007590328811346345,0.8004849324558365,0.6588153792864566,"SMOTE(k_neighbors=9, random_state=31)",31
0.05,8698,4566,0.9951186376336235,0.004566085524870445,0.8261928643072073,0.688230584467574,0.9930140215304609,0.009033802798579797,0.7899203325251125,0.6627987530308279,"SMOTE(k_neighbors=9, random_state=31)",31
0.1,8698,4783,0.9974446261693348,0.002390242327521716,0.8329479768786127,0.6764995083579154,0.9953889334402565,0.004304409192323748,0.7997921718046415,0.6581226186352616,"SMOTE(k_neighbors=9, random_state=31)",31
0.25,8698,5436,0.9988485195307344,0.0010771551393799104,0.8377906976744186,0.6970832654391397,0.998504682888759,0.0012391581587841841,0.8067197783165916,0.6780394873571182,"SMOTE(k_neighbors=9, random_state=31)",31
0.5,8698,6523,0.999482394783565,0.00042262290669861413,0.8430598215591634,0.7060363160477671,0.999425287356322,0.0005140386155171775,0.814166955316938,0.6887772774506409,"SMOTE(k_neighbors=9, random_state=31)",31
1.0,8698,8698,0.9997700486555307,0.00028163174926613114,0.8558277654046028,0.7239609206822322,0.9997699826726454,0.00028171261963820814,0.8318323519224108,0.7112919986144787,"SMOTE(k_neighbors=9, random_state=31)",31
0.005,8698,4370,0.9270937610357679,0.06679074625630822,0.9140096618357488,0.7060629316960859,0.885,0.10198039027185568,0.9075164530654659,0.7346726705923103,"BorderlineSMOTE(k_neighbors=3, random_state=31)",31
0.01,8698,4392,0.9737198927616069,0.026439416360378158,0.910126582278481,0.794961511546536,0.9527777777777778,0.04614791034954486,0.9016279875303083,0.7970211291998615,"BorderlineSMOTE(k_neighbors=3, random_state=31)",31
0.03,8698,4479,0.9938669668698257,0.008210380387981215,0.8358944621629458,0.6885513637105993,0.9884615384615385,0.01538461538461537,0.8039487357118116,0.669726359542778,"BorderlineSMOTE(k_neighbors=3, random_state=31)",31
0.05,8698,4566,0.9937995659287282,0.006914633337410814,0.848270787343635,0.7107084019769357,0.9906355860124906,0.01347497877785936,0.8214409421544856,0.6958780741253896,"BorderlineSMOTE(k_neighbors=3, random_state=31)",31
0.1,8698,4783,0.9954485092007467,0.006093608547408956,0.8495653455134816,0.6977985323549033,0.9918871959369152,0.010789090368094426,0.8231728437824732,0.6861794250086595,"BorderlineSMOTE(k_neighbors=3, random_state=31)",31
0.25,8698,5436,0.9982737995809228,0.0010746521801121563,0.8357733004783302,0.7053513862024501,0.9975872516960985,0.001468367129711389,0.8037755455490128,0.6834083824038795,"BorderlineSMOTE(k_neighbors=3, random_state=31)",31
0.5,8698,6523,0.9993100790307722,0.0006451848744083008,0.8523569522680107,0.7218094766386,0.9993098151385137,0.0006705884577789498,0.827502597852442,0.7081745756841011,"BorderlineSMOTE(k_neighbors=3, random_state=31)",31
1.0,8698,8698,0.9996549741230591,0.0006900517538815266,0.8558277654046028,0.7239609206822322,0.9996550401439096,0.0006899197121807532,0.8318323519224108,0.7112919986144787,"BorderlineSMOTE(k_neighbors=3, random_state=31)",31
0.005,8698,4370,0.9171156218781086,0.07119551304931597,0.9019922879177378,0.6735248447204969,0.8898850574712643,0.11011251287123464,0.8943540006927606,0.7086941461724974,BorderlineSMOTE(random_state=31),31
0.01,8698,4392,0.9755054749294285,0.02342017316746302,0.903387703889586,0.7835768963117606,0.9665517241379309,0.044358749462376834,0.8933148597159681,0.7845514374783513,BorderlineSMOTE(random_state=31),31
0.03,8698,4479,0.9959635548647949,0.0049436154779960466,0.8461425422483468,0.6794483686511941,0.9923076923076923,0.009421114395319882,0.8186698995497056,0.6698995497055766,BorderlineSMOTE(random_state=31),31
0.05,8698,4566,0.9963784420125696,0.004861856459361629,0.8404022737210319,0.6978723404255319,0.9953394706559264,0.0090361198754433,0.8103567717353655,0.6802909594735019,BorderlineSMOTE(random_state=31),31
0.1,8698,4783,0.9980935151331796,0.0015566383800215671,0.8486542138549786,0.7000996346728662,0.9965517241379309,0.002815505451474941,0.8217873224800831,0.6872185659854521,BorderlineSMOTE(random_state=31),31
0.25,8698,5436,0.998559136144275,0.001579551870464777,0.8357733004783302,0.6996924073174681,0.9977043081215914,0.002512492352970896,0.8037755455490128,0.6787322480083131,BorderlineSMOTE(random_state=31),31
0.5,8698,6523,0.9986180914240759,0.0016035203015759179,0.8540460282108389,0.7196416721964167,0.9985056148565533,0.0021686752278166736,0.8297540699688257,0.7073086248701074,BorderlineSMOTE(random_state=31),31
1.0,8698,8698,0.9997700486555307,0.00028163174926613114,0.8558277654046028,0.7239609206822322,0.9997699826726454,0.00028171261963820814,0.8318323519224108,0.7112919986144787,BorderlineSMOTE(random_state=31),31
0.005,8698,4370,0.9270937610357679,0.06679074625630822,0.9042022218644341,0.677933177933178,0.885,0.10198039027185568,0.896951853134742,0.7128507100796675,"BorderlineSMOTE(k_neighbors=7, random_state=31)",31
0.01,8698,4392,0.9814452662762108,0.025056163486455257,0.8956197576887233,0.7768794082229485,0.9666666666666666,0.04444444444444447,0.883616210599238,0.7753723588500173,"BorderlineSMOTE(k_neighbors=7, random_state=31)",31
0.03,8698,4479,0.9979817774323975,0.0040364451352051575,0.8436171771947824,0.6732806457037162,0.9961538461538462,0.007692307692307665,0.8152060962937305,0.6634915136820229,"BorderlineSMOTE(k_neighbors=7, random_state=31)",31
0.05,8698,4566,0.9963792772584071,0.0029563077414580807,0.8472283487722394,0.7009113504556752,0.9953396029258098,0.005477193679013349,0.8200554208520956,0.6873917561482508,"BorderlineSMOTE(k_neighbors=7, random_state=31)",31
0.1,8698,4783,0.9968088120381966,0.0028576272301780664,0.8436448734825216,0.6891062841983088,0.9952606255012029,0.004379383041026605,0.814859715968133,0.675268444752338,"BorderlineSMOTE(k_neighbors=7, random_state=31)",31
0.25,8698,5436,0.9994242915525575,0.0007050979672105855,0.8301180535560034,0.694198939418287,0.9990804549105821,0.0011262130920067267,0.7956356078974715,0.670419120193973,"BorderlineSMOTE(k_neighbors=7, random_state=31)",31
0.5,8698,6523,0.9991380944946291,0.0007707647153486065,0.8515995260663507,0.7065888240200167,0.9991952700289671,0.0006898315604381273,0.8264634568756495,0.6953585036369934,"BorderlineSMOTE(k_neighbors=7, random_state=31)",31
1.0,8698,8698,0.9998850574332995,0.0002298851334010976,0.8558277654046028,0.7239609206822322,0.9998850574712644,0.00022988505747125742,0.8318323519224108,0.7112919986144787,"BorderlineSMOTE(k_neighbors=7, random_state=31)",31
0.005,8698,4370,0.9270937610357679,0.06679074625630822,0.8984674329501916,0.6746062235881675,0.885,0.10198039027185568,0.8898510564599931,0.7066158642189124,"BorderlineSMOTE(k_neighbors=9, random_state=31)",31
0.01,8698,4392,0.9772210290857837,0.019878775292108936,0.8830015313935682,0.7641477465266011,0.9761590038314176,0.02881675012913788,0.8676827156217527,0.7589192933841358,"BorderlineSMOTE(k_neighbors=9, random_state=31)",31
0.03,8698,4479,0.9938669668698257,0.008210380387981215,0.8226059654631083,0.6672051696284329,0.9884615384615385,0.01538461538461537,0.7847246276411499,0.6432282646345687,"BorderlineSMOTE(k_neighbors=9, random_state=31)",31
0.05,8698,4566,0.9975591615577079,0.002989708706679445,0.8503170623801799,0.7118307997356246,0.995401691331924,0.00563237497029904,0.8242119847592657,0.6979563560789748,"BorderlineSMOTE(k_neighbors=9, random_state=31)",31
0.1,8698,4783,0.9967821620304598,0.005000640743347806,0.8397613156745743,0.7024739583333334,0.9942528735632183,0.008903409991281407,0.8093176307585729,0.6834083824038795,"BorderlineSMOTE(k_neighbors=9, random_state=31)",31
0.25,8698,5436,0.999134903163117,0.0011547692943094353,0.8298791018998273,0.6962796664528544,0.9986196254174946,0.0018422655719366099,0.7952892275718739,0.6719778316591618,"BorderlineSMOTE(k_neighbors=9, random_state=31)",31
0.5,8698,6523,0.999482791137767,0.0004222995431963626,0.8498374224061483,0.7075236671649228,0.9995402298850575,0.00043007556169814116,0.8240387945964669,0.695012123311396,"BorderlineSMOTE(k_neighbors=9, random_state=31)",31
1.0,8698,8698,0.9997699826726454,0.0004600346547094514,0.8558277654046028,0.7239609206822322,0.9997701149425288,0.00045977011494251484,0.8318323519224108,0.7112919986144787,"BorderlineSMOTE(k_neighbors=9, random_state=31)",31
0.005,4370,4370,0.8936456171398628,0.06370997066574029,0.911869918699187,0.6798185046360229,0.835,0.09433981132056604,0.9061309317630759,0.7189123657776237,EditedNearestNeighbours(),31
0.01,4392,4392,0.9604889674772975,0.038667622125548105,0.9036105738233398,0.7535275792560014,0.9319444444444445,0.06460946305340563,0.8964322826463457,0.7670592310356772,EditedNearestNeighbours(),31
0.03,4479,4479,0.9959635548647949,0.0049436154779960466,0.8464879436872847,0.6549074397485155,0.9923076923076923,0.009421114395319882,0.8224800831312782,0.657776238309664,EditedNearestNeighbours(),31
0.05,4566,4566,0.9963253187745419,0.003000770939856695,0.8322944493915109,0.6561912894961571,0.993076109936575,0.005654156076243697,0.8042951160374091,0.6513682022861101,EditedNearestNeighbours(),31
0.1,4783,4783,0.9967958957352547,0.004056120054100476,0.8571001494768311,0.7084459459459459,0.9942528735632183,0.007269603816479006,0.8344302043643921,0.7010737790093522,EditedNearestNeighbours(),31
0.25,5434,5436,0.9991359748082467,0.0011515631854192353,0.8545157941569035,0.7085771610098646,0.9986217393142519,0.0018359238973744453,0.8301004502944233,0.6981295462417735,EditedNearestNeighbours(),31
0.5,6521,6523,0.9993100799081699,0.00034496033054318327,0.8511518015357353,0.7106397083195227,0.9991954022988505,0.00045977011494251484,0.825424315898857,0.6976099757533772,EditedNearestNeighbours(),31
1.0,8695,8698,0.9998850574332995,0.0002298851334010976,0.8544754001185536,0.7146657798470236,0.9998850574712644,0.00022988505747125742,0.8299272601316245,0.7028056806373398,EditedNearestNeighbours(),31
0.005,4370,4370,0.8599157216987174,0.18244715918903887,0.911869918699187,0.6798185046360229,0.8300000000000001,0.17131841699011816,0.9061309317630759,0.7189123657776237,EditedNearestNeighbours(n_neighbors=5),31
0.01,4392,4392,0.9687813701606135,0.019999003857408562,0.9036105738233398,0.7535275792560014,0.9430555555555555,0.0352460487234709,0.8964322826463457,0.7670592310356772,EditedNearestNeighbours(n_neighbors=5),31
0.03,4479,4479,0.9875722031286026,0.012194037854768665,0.8464879436872847,0.6549074397485155,0.976923076923077,0.022426738057097315,0.8224800831312782,0.657776238309664,EditedNearestNeighbours(n_neighbors=5),31
0.05,4566,4566,0.9962703282143636,0.004984613011657349,0.8322944493915109,0.6561912894961571,0.9930232558139535,0.009302325581395366,0.8042951160374091,0.6513682022861101,EditedNearestNeighbours(n_neighbors=5),31
0.1,4783,4783,0.9961670642530975,0.0031295789415359343,0.8571001494768311,0.7084459459459459,0.9931034482758619,0.005631010902949828,0.8344302043643921,0.7010737790093522,EditedNearestNeighbours(n_neighbors=5),31
0.25,5433,5436,0.9988505011576081,0.0010739799150085083,0.8505611340815121,0.7127501240284438,0.9985066645156329,0.00123695000622111,0.824731555247662,0.699168687218566,EditedNearestNeighbours(n_neighbors=5),31
0.5,6518,6523,0.9991368353637553,0.0005466914957618019,0.849145550972304,0.7163982911600394,0.9989643255933508,0.0007641204582919475,0.8226532732940769,0.7010737790093522,EditedNearestNeighbours(n_neighbors=5),31
1.0,8690,8698,0.999770114866599,0.00028155063814216556,0.8512335647806175,0.715347761440608,0.9997701149425288,0.00028155054514748324,0.8255975060616556,0.7015933494977484,EditedNearestNeighbours(n_neighbors=5),31
0.005,4370,4370,0.9075919442446638,0.06558090048664394,0.911869918699187,0.6798185046360229,0.8550000000000001,0.09539392014169457,0.9061309317630759,0.7189123657776237,EditedNearestNeighbours(n_neighbors=7),31
0.01,4392,4392,0.9669957878410631,0.02294507983466523,0.9036105738233398,0.7535275792560014,0.9402777777777779,0.03967460238079361,0.8964322826463457,0.7670592310356772,EditedNearestNeighbours(n_neighbors=7),31
0.03,4479,4479,0.9917702469086926,0.010079347893557562,0.8464879436872847,0.6549074397485155,0.9846153846153847,0.01884222879063982,0.8224800831312782,0.657776238309664,EditedNearestNeighbours(n_neighbors=7),31
0.05,4566,4566,0.9951183891743621,0.0024415526593109314,0.8322944493915109,0.6561912894961571,0.9908033826638478,0.004599827213960801,0.8042951160374091,0.6513682022861101,EditedNearestNeighbours(n_neighbors=7),31
0.1,4783,4783,0.9967956446529886,0.002872210999355209,0.8571001494768311,0.7084459459459459,0.9942261427425823,0.005170462144071949,0.8344302043643921,0.7010737790093522,EditedNearestNeighbours(n_neighbors=7),31
0.25,5432,5436,0.9982766959889527,0.001402094637549181,0.8456119753448782,0.7155453951665578,0.9979307602239261,0.00112546045343272,0.8178039487357118,0.6983027364045722,EditedNearestNeighbours(n_neighbors=7),31
0.5,6517,6523,0.9991371682953055,0.0007719473976669148,0.8471037930020582,0.7018705512332395,0.9989653849714959,0.0010534079813263554,0.8198822306892968,0.6880845167994458,EditedNearestNeighbours(n_neighbors=7),31
1.0,8687,8698,0.9995400975392442,0.0004302877146804156,0.8526191180822729,0.7149486244613855,0.9995402298850575,0.0004300755616981412,0.827502597852442,0.7021129199861448,EditedNearestNeighbours(n_neighbors=7),31
0.005,4370,4370,0.878905639165481,0.08003311840831395,0.911869918699187,0.6798185046360229,0.8298850574712644,0.10304583277230259,0.9061309317630759,0.7189123657776237,EditedNearestNeighbours(n_neighbors=9),31
0.01,4392,4392,0.968781436067831,0.01999878863248966,0.9036105738233398,0.7535275792560014,0.9430555555555555,0.0352460487234709,0.8964322826463457,0.7670592310356772,EditedNearestNeighbours(n_neighbors=9),31
0.03,4479,4479,0.9959635548647949,0.0049436154779960466,0.8464879436872847,0.6549074397485155,0.9923076923076923,0.009421114395319882,0.8224800831312782,0.657776238309664,EditedNearestNeighbours(n_neighbors=9),31
0.05,4566,4566,0.9963256991999672,0.004887712483924387,0.8322944493915109,0.6561912894961571,0.9931289640591967,0.009117910635453622,0.8042951160374091,0.6513682022861101,EditedNearestNeighbours(n_neighbors=9),31
0.1,4783,4783,0.9968159138729333,0.0020200811938896417,0.8571001494768311,0.7084459459459459,0.9942528735632183,0.0036348019082395122,0.8344302043643921,0.7010737790093522,EditedNearestNeighbours(n_neighbors=9),31
0.25,5431,5436,0.9988465180270227,0.0010803674985308482,0.8485562757807896,0.7144736842105263,0.998158795924407,0.0017237062064303342,0.8219605126428818,0.6993418773813647,EditedNearestNeighbours(n_neighbors=9),31
0.5,6515,6523,0.9993100802498545,0.0006451841398737275,0.843306510607169,0.7062673866797579,0.9991954022988505,0.0006896551724137722,0.8145133356425356,0.6891236577762383,EditedNearestNeighbours(n_neighbors=9),31
1.0,8683,8698,0.9996549734385095,0.000460035700550332,0.8540091892693049,0.7166804979253112,0.9996549078740262,0.0004602331308109901,0.8294076896432283,0.7043643921025287,EditedNearestNeighbours(n_neighbors=9),31
0.005,4370,4370,0.8952111236405734,0.11550017852497955,0.9319442110569652,0.683785462828743,0.8550000000000001,0.14696938456699069,0.9298579840665051,0.7355386214063042,TomekLinks(),31
0.01,4392,4392,0.9679971884012872,0.02000071859844387,0.9187684245004913,0.7503312511830399,0.9416666666666667,0.03530073618649678,0.9140976792518185,0.7715621752684447,TomekLinks(),31
0.03,4479,4479,0.9959634888058485,0.0049436963844552055,0.8429530201342282,0.6626443716600586,0.9923076923076923,0.009421114395319882,0.817630758572913,0.6610668514028404,TomekLinks(),31
0.05,4566,4566,0.9962703282143636,0.004984613011657348,0.8150196477950807,0.6497512437810945,0.9930232558139535,0.009302325581395366,0.779875303082785,0.6342223761690335,TomekLinks(),31
0.1,4783,4783,0.9974513476166115,0.001274393440529705,0.8584269662921349,0.7134897855816309,0.9953889334402565,0.0023056785514940356,0.8363352961551784,0.7060962937305162,TomekLinks(),31
0.25,5436,5436,0.9985591311412938,0.0012897087647400448,0.8582512682781259,0.7117845117845117,0.9977021942248342,0.002056177281149831,0.8354693453411846,0.7034984412885348,TomekLinks(),31
0.5,6523,6523,0.9994822616383882,0.0006904008441427086,0.8472283487722394,0.6952903977367283,0.9993103448275862,0.0009195402298850297,0.8200554208520956,0.6828888119154832,TomekLinks(),31
1.0,8698,8698,0.999655106240952,0.00028160460087292593,0.8558277654046028,0.7239609206822322,0.999655172413793,0.00028155054514748324,0.8318323519224108,0.7112919986144787,TomekLinks(),31
0.005,8695,4370,0.9888313845760655,0.02233723084786918,0.9359494081401005,0.8330072914814156,0.9800000000000001,0.03999999999999999,0.9315898856944925,0.8373744371319709,"ADASYN(n_neighbors=3, random_state=31)",31
0.01,8699,4392,0.9737198267026604,0.0264394249027088,0.9044186775305547,0.7890543817111189,0.9637739463601533,0.04929526394314966,0.8943540006927606,0.7890543817111189,"ADASYN(n_neighbors=3, random_state=31)",31
0.03,8695,4479,0.9941629989300746,0.0076948603899359615,0.8393480791618161,0.7083400809716599,0.9959239610963749,0.007590430791186834,0.8087980602701768,0.6880845167994458,"ADASYN(n_neighbors=3, random_state=31)",31
0.05,8707,4566,0.9963784213564247,0.004796004450133917,0.8424127355046006,0.7114290359291172,0.9952867488031882,0.005773364936655695,0.8131278143401455,0.6925874610322134,"ADASYN(n_neighbors=3, random_state=31)",31
0.1,8702,4783,0.9955448526643931,0.004337444295671339,0.82178500142572,0.6747915330339962,0.9940229885057471,0.0064059194451000934,0.7835122965015587,0.6487703498441288,"ADASYN(n_neighbors=3, random_state=31)",31
0.25,8695,5436,0.9979854265303996,0.0011516937813129751,0.8179367106570171,0.6603409456416854,0.9974744230641199,0.0019395584816523227,0.7777970211291998,0.6342223761690335,"ADASYN(n_neighbors=3, random_state=31)",31
0.5,8699,6523,0.9989647224787953,0.0010058245010012674,0.8488954344624448,0.7191084890199935,0.9988499127536876,0.0010905107650000677,0.8223068929684794,0.7031520609629373,"ADASYN(n_neighbors=3, random_state=31)",31
1.0,8698,8698,,,0.8558277654046028,0.7239609206822322,,,0.8318323519224108,0.7112919986144787,"ADASYN(n_neighbors=3, random_state=31)",31
0.005,8696,4370,0.9888313845760655,0.02233723084786918,0.9090909090909091,0.7979166666666667,0.9800000000000001,0.03999999999999999,0.9000692760651194,0.7984066505022516,ADASYN(random_state=31),31
0.01,8697,4392,0.9702191465774177,0.02674538403261845,0.8990339669679027,0.7846577227382181,0.9664367816091953,0.04441659188038222,0.887772774506408,0.7831659161759612,ADASYN(random_state=31),31
0.03,8699,4479,0.997981711373451,0.004036577253097917,0.8283785724544018,0.6934657270980141,0.9961538461538462,0.007692307692307665,0.7930377554554902,0.6685140284031867,ADASYN(random_state=31),31
0.05,8708,4566,0.9926237239113027,0.006050275540315505,0.8489843979982338,0.713392563343205,0.9884157128623847,0.012344701504317483,0.8223068929684794,0.6983027364045722,ADASYN(random_state=31),31
0.1,8698,4783,0.9974646202530456,0.0023672046262364597,0.8395924308588064,0.6939711664482306,0.9964367816091955,0.002916914377114853,0.8091444405957742,0.6764807758919293,ADASYN(random_state=31),31
0.25,8694,5436,0.9988464519680763,0.0010803848187018893,0.8229583095374072,0.6893481717011128,0.998158795924407,0.0017237062064303342,0.7852441981295463,0.6615864218912366,ADASYN(random_state=31),31
0.5,8700,6523,0.9993104078091266,0.0006445695751915025,0.8611982668459585,0.726482873851295,0.9994246253973659,0.0005146315073882672,0.8391063387599584,0.7164877034984413,ADASYN(random_state=31),31
1.0,8698,8698,,,0.8558277654046028,0.7239609206822322,,,0.8318323519224108,0.7112919986144787,ADASYN(random_state=31),31
0.005,8699,4370,0.9856568474604085,0.02868630507918275,0.9109848484848485,0.7966515521450994,0.975,0.049999999999999996,0.9023207481815032,0.7980602701766539,"ADASYN(n_neighbors=7, random_state=31)",31
0.01,8698,4392,0.9814452002172643,0.025056192867803927,0.8864648947611,0.7748478701825557,0.9776628352490422,0.044387531270417196,0.8720124696917215,0.769310703152061,"ADASYN(n_neighbors=7, random_state=31)",31
0.03,8697,4479,0.9919270436706433,0.011768170034533775,0.8310041780723239,0.6946589446589446,0.9883465959328028,0.015586162156154961,0.7968479390370626,0.6712850710079667,"ADASYN(n_neighbors=7, random_state=31)",31
0.05,8705,4566,0.9963510162862654,0.0029809384612350556,0.8407402010782457,0.7161529772470551,0.9952337624106832,0.005606467564562962,0.8107031520609629,0.6953585036369934,"ADASYN(n_neighbors=7, random_state=31)",31
0.1,8711,4783,0.9974442469700365,0.0024088365317448948,0.8424127355046006,0.693588264381078,0.9964100507885592,0.0045635359286271115,0.8131278143401455,0.6780394873571182,"ADASYN(n_neighbors=7, random_state=31)",31
0.25,8700,5436,0.9991359748082467,0.0011515631854192353,0.8222539229671897,0.6967640094711918,0.9986217393142519,0.0018359238973744453,0.7842050571527537,0.6673016972635955,"ADASYN(n_neighbors=7, random_state=31)",31
0.5,8696,6523,0.9991378952525413,0.0007712099535152509,0.8521584861028977,0.7236560907446984,0.9991954022988505,0.0008601511233962823,0.8268098372012469,0.7088673363352962,"ADASYN(n_neighbors=7, random_state=31)",31
1.0,8698,8698,,,0.8558277654046028,0.7239609206822322,,,0.8318323519224108,0.7112919986144787,"ADASYN(n_neighbors=7, random_state=31)",31
0.005,8697,4370,0.9856568474604087,0.02868630507918275,0.9118204804045512,0.7910814606741573,0.975,0.049999999999999996,0.9033598891582958,0.7939037062694839,"ADASYN(n_neighbors=9, random_state=31)",31
0.01,8699,4392,0.9700196938906955,0.020149798865285996,0.8765957446808511,0.7547169811320755,0.9650477604504231,0.04504285762370182,0.8593695878074126,0.7478351229650155,"ADASYN(n_neighbors=9, random_state=31)",31
0.03,8693,4479,0.9979817774323975,0.0040364451352051575,0.8279029711497058,0.690506735086594,0.9961538461538462,0.007692307692307665,0.7923449948042951,0.6657429857984067,"ADASYN(n_neighbors=9, random_state=31)",31
0.05,8706,4566,0.9963525464757357,0.004874450041535583,0.8441387384750476,0.7073649754500818,0.9953396029258098,0.009036179677242323,0.8155524766193281,0.6903359889158296,"ADASYN(n_neighbors=9, random_state=31)",31
0.1,8701,4783,0.9955577996134795,0.0015623322769916324,0.8306939245608984,0.7008957133717211,0.9950441058540497,0.004092473798618258,0.7963283685486664,0.6761343955663318,"ADASYN(n_neighbors=9, random_state=31)",31
0.25,8708,5436,0.9985630432771849,0.0015740995274573864,0.840034965034965,0.7168412570507655,0.9987333811577346,0.0013817162570764043,0.8098372012469692,0.6957048839625909,"ADASYN(n_neighbors=9, random_state=31)",31
0.5,8704,6523,0.999481664477123,0.0010366710457538452,0.8514032496307238,0.7195784620451178,0.9993103448275862,0.0013793103448275891,0.8257706962244544,0.7050571527537235,"ADASYN(n_neighbors=9, random_state=31)",31
1.0,8698,8698,,,0.8558277654046028,0.7239609206822322,,,0.8318323519224108,0.7112919986144787,"ADASYN(n_neighbors=9, random_state=31)",31
0.005,8698,4370,0.9888313845760655,0.02233723084786918,0.9275269162783224,0.8208480565371025,0.9800000000000001,0.03999999999999999,0.9218912365777624,0.8243851749220645,"SMOTEENN(enn=EditedNearestNeighbours(), random_state=31,
         smote=SMOTE(k_neighbors=3, random_state=31))",31
0.01,8698,4392,0.9820153756178961,0.014851867672832093,0.8880332665947944,0.7679180887372014,0.9762739463601532,0.028908033281787957,0.8740907516453066,0.7644613785936959,"SMOTEENN(enn=EditedNearestNeighbours(), random_state=31,
         smote=SMOTE(k_neighbors=3, random_state=31))",31
0.03,8698,4479,0.9917702469086926,0.010079347893557562,0.841536439316489,0.6837039495519416,0.9846153846153847,0.01884222879063982,0.812088673363353,0.6698995497055766,"SMOTEENN(enn=EditedNearestNeighbours(), random_state=31,
         smote=SMOTE(k_neighbors=3, random_state=31))",31
0.05,8698,4566,0.9950065615878543,0.007351116726390657,0.8199004975124378,0.6917743460447526,0.9907505285412264,0.013551698092932506,0.7805680637339799,0.661240041565639,"SMOTEENN(enn=EditedNearestNeighbours(), random_state=31,
         smote=SMOTE(k_neighbors=3, random_state=31))",31
0.1,8698,4783,0.9968223486734129,2.103169679757649e-05,0.8365747460087083,0.6850393700787402,0.9952739909115209,0.0020758095821577153,0.804987876688604,0.6674748874263943,"SMOTEENN(enn=EditedNearestNeighbours(), random_state=31,
         smote=SMOTE(k_neighbors=3, random_state=31))",31
0.25,8698,5436,0.9994232297278117,0.0007063964328338036,0.8406008458509552,0.6907114624505929,0.9990783410138249,0.0011287971164899119,0.8107031520609629,0.6747488742639418,"SMOTEENN(enn=EditedNearestNeighbours(), random_state=31,
         smote=SMOTE(k_neighbors=3, random_state=31))",31
0.5,8695,6523,0.9989633929464835,0.0012704847673535634,0.8503541912632822,0.7079117598275004,0.998735632183908,0.001720302246792651,0.8243851749220644,0.695012123311396,"SMOTEENN(enn=EditedNearestNeighbours(), random_state=31,
         smote=SMOTE(k_neighbors=3, random_state=31))",31
1.0,8695,8698,0.9996551061647599,0.0004598032573564667,0.8544754001185536,0.7146657798470236,0.9996550401439096,0.0004598363212220923,0.8299272601316245,0.7028056806373398,"SMOTEENN(enn=EditedNearestNeighbours(), random_state=31,
         smote=SMOTE(k_neighbors=3, random_state=31))",31
0.005,8698,4370,0.9888313845760655,0.02233723084786918,0.9141318124207858,0.7979656260961067,0.9800000000000001,0.03999999999999999,0.9061309317630759,0.8004849324558365,"SMOTEENN(enn=EditedNearestNeighbours(n_neighbors=5), random_state=31,
         smote=SMOTE(random_state=31))",31
0.01,8698,4392,0.9760755182117741,0.012167702280830209,0.8870769230769231,0.761089227607467,0.9761588715615342,0.02881435085801529,0.8728784205057153,0.7583997228957395,"SMOTEENN(enn=EditedNearestNeighbours(n_neighbors=5), random_state=31,
         smote=SMOTE(random_state=31))",31
0.03,8698,4479,0.9959635548647949,0.0049436154779960466,0.8384469972371674,0.6827176781002638,0.9923076923076923,0.009421114395319882,0.8075857291305855,0.6667821267751992,"SMOTEENN(enn=EditedNearestNeighbours(n_neighbors=5), random_state=31,
         smote=SMOTE(random_state=31))",31
0.05,8698,4566,0.9975592276166543,0.0029896293017202245,0.8244209322276237,0.6913894636320229,0.995401691331924,0.00563237497029904,0.7873224800831313,0.6641842743332178,"SMOTEENN(enn=EditedNearestNeighbours(n_neighbors=5), random_state=31,
         smote=SMOTE(random_state=31))",31
0.1,8698,4783,0.9968157593440292,0.0020201901641950398,0.8328276260655975,0.6750861079219288,0.9952739909115209,0.004185781926178112,0.7996189816418428,0.6569102874956703,"SMOTEENN(enn=EditedNearestNeighbours(n_neighbors=5), random_state=31,
         smote=SMOTE(random_state=31))",31
0.25,8695,5436,0.9994242254936111,0.00070517863140122,0.8370607028753994,0.6919307415877164,0.9990804549105821,0.0011262130920067267,0.8056806373397991,0.6733633529615518,"SMOTEENN(enn=EditedNearestNeighbours(n_neighbors=5), random_state=31,
         smote=SMOTE(random_state=31))",31
0.5,8692,6523,0.9996549078360613,0.0004226498708474275,0.853124074622446,0.7092151308115314,0.9995402298850575,0.0005631010902949665,0.828195358503637,0.697783165916176,"SMOTEENN(enn=EditedNearestNeighbours(n_neighbors=5), random_state=31,
         smote=SMOTE(random_state=31))",31
1.0,8690,8698,0.9997700488076525,0.00028163156286627525,0.8512335647806175,0.715347761440608,0.9997701149425288,0.00028155054514748324,0.8255975060616556,0.7015933494977484,"SMOTEENN(enn=EditedNearestNeighbours(n_neighbors=5), random_state=31,
         smote=SMOTE(random_state=31))",31
0.005,8698,4370,0.9744882320364742,0.03164600561972855,0.9128302483784211,0.7918424753867792,0.9550000000000001,0.055677643628300216,0.904572220297887,0.7949428472462764,"SMOTEENN(enn=EditedNearestNeighbours(n_neighbors=7), random_state=31,
         smote=SMOTE(k_neighbors=7, random_state=31))",31
0.01,8697,4392,0.9695165321224029,0.032571727113823584,0.8820920630065759,0.7595452231461055,0.9540515918680477,0.04221435693864402,0.8664703844821615,0.7545895393141671,"SMOTEENN(enn=EditedNearestNeighbours(n_neighbors=7), random_state=31,
         smote=SMOTE(k_neighbors=7, random_state=31))",31
0.03,8695,4479,0.9916872114132186,0.012221761919722492,0.8326353790613719,0.6762731291960046,0.9846153846153847,0.022426738057097315,0.7992726013162452,0.6576030481468652,"SMOTEENN(enn=EditedNearestNeighbours(n_neighbors=7), random_state=31,
         smote=SMOTE(k_neighbors=7, random_state=31))",31
0.05,8695,4566,0.9975591615577079,0.002989708706679445,0.82856732289122,0.6942175236264616,0.995401691331924,0.00563237497029904,0.7933841357810876,0.6693799792171804,"SMOTEENN(enn=EditedNearestNeighbours(n_neighbors=7), random_state=31,
         smote=SMOTE(k_neighbors=7, random_state=31))",31
0.1,8697,4783,0.9974312634199862,0.003744460086823286,0.8370607028753994,0.6852733541290429,0.9953889334402566,0.0067045886017893805,0.8056806373397991,0.6679944579147905,"SMOTEENN(enn=EditedNearestNeighbours(n_neighbors=7), random_state=31,
         smote=SMOTE(k_neighbors=7, random_state=31))",31
0.25,8694,5436,0.9988475137928223,0.001080103445657841,0.8356521739130435,0.6968369829683698,0.998504682888759,0.0017690285715500403,0.803602355386214,0.6763075857291305,"SMOTEENN(enn=EditedNearestNeighbours(n_neighbors=7), random_state=31,
         smote=SMOTE(k_neighbors=7, random_state=31))",31
0.5,8690,6523,0.9989635231282851,0.001382303106648399,0.8483510011778563,0.701527224435591,0.9986206896551725,0.001839080459770137,0.8216141323172843,0.6886040872878421,"SMOTEENN(enn=EditedNearestNeighbours(n_neighbors=7), random_state=31,
         smote=SMOTE(k_neighbors=7, random_state=31))",31
1.0,8687,8698,0.9996551058610403,0.00045980378878375956,0.8526191180822729,0.7149486244613855,0.9996550401439096,0.0004598363212220923,0.827502597852442,0.7021129199861448,"SMOTEENN(enn=EditedNearestNeighbours(n_neighbors=7), random_state=31,
         smote=SMOTE(k_neighbors=7, random_state=31))",31
0.005,8696,4370,0.9569705423812259,0.08605891523754822,0.9096641967523253,0.7875175315568023,0.9400000000000001,0.12000000000000002,0.9007620367163145,0.7900935226879113,"SMOTEENN(enn=EditedNearestNeighbours(n_neighbors=9), random_state=31,
         smote=SMOTE(k_neighbors=9, random_state=31))",31
0.01,8688,4392,0.982015375465774,0.01485185399212881,0.8763293831662109,0.7561385805583586,0.9762738140902698,0.0289079273529008,0.859023207481815,0.7488742639418081,"SMOTEENN(enn=EditedNearestNeighbours(n_neighbors=9), random_state=31,
         smote=SMOTE(k_neighbors=9, random_state=31))",31
0.03,8690,4479,0.9979817774323975,0.0040364451352051575,0.8258378688054998,0.6726036269430051,0.9961538461538462,0.007692307692307665,0.7894007620367163,0.6498094908209213,"SMOTEENN(enn=EditedNearestNeighbours(n_neighbors=9), random_state=31,
         smote=SMOTE(k_neighbors=9, random_state=31))",31
0.05,8695,4566,0.9938826790690456,0.005520496215631742,0.8311950410840421,0.7014734144778988,0.9906883078652287,0.011172777733645474,0.7971943193626603,0.6771735365431244,"SMOTEENN(enn=EditedNearestNeighbours(n_neighbors=9), random_state=31,
         smote=SMOTE(k_neighbors=9, random_state=31))",31
0.1,8698,4783,0.9968088780971429,0.002857627545145685,0.8318660701399914,0.68731754784301,0.9952606255012029,0.004379383041026605,0.7982334603394527,0.6660893661240042,"SMOTEENN(enn=EditedNearestNeighbours(n_neighbors=9), random_state=31,
         smote=SMOTE(k_neighbors=9, random_state=31))",31
0.25,8688,5436,0.9991348445917175,0.0007063964328338036,0.8406008458509552,0.6990672557682867,0.9986175115207374,0.0011287971164899116,0.8107031520609629,0.6815032906130931,"SMOTEENN(enn=EditedNearestNeighbours(n_neighbors=9), random_state=31,
         smote=SMOTE(k_neighbors=9, random_state=31))",31
0.5,8687,6523,0.9994816634437687,0.0006913653275513788,0.8484312859036677,0.7004654255319149,0.9993092854494412,0.0009213947125883593,0.8217873224800831,0.687911326636647,"SMOTEENN(enn=EditedNearestNeighbours(n_neighbors=9), random_state=31,
         smote=SMOTE(k_neighbors=9, random_state=31))",31
1.0,8683,8698,0.9997700488076525,0.00028163156286627525,0.8540091892693049,0.7166804979253112,0.9997701149425288,0.00028155054514748324,0.8294076896432283,0.7043643921025287,"SMOTEENN(enn=EditedNearestNeighbours(n_neighbors=9), random_state=31,
         smote=SMOTE(k_neighbors=9, random_state=31))",31
0.005,8698,4370,0.9856568474604085,0.02868630507918275,0.9309677419354838,0.8258635961027458,0.975,0.049999999999999996,0.9258746103221337,0.8297540699688257,"SMOTETomek(random_state=31, smote=SMOTE(k_neighbors=3, random_state=31),
           tomek=TomekLinks())",31
0.01,8698,4392,0.9727774939157587,0.029168767540486796,0.886021505376344,0.7687606112054329,0.9774329501915708,0.02740746691988745,0.8714928992033253,0.7641149982680984,"SMOTETomek(random_state=31, smote=SMOTE(k_neighbors=3, random_state=31),
           tomek=TomekLinks())",31
0.03,8698,4479,0.9959635548647949,0.0049436154779960466,0.846730345334313,0.6878448419996656,0.9923076923076923,0.009421114395319882,0.8193626602009005,0.6766539660547282,"SMOTETomek(random_state=31, smote=SMOTE(k_neighbors=3, random_state=31),
           tomek=TomekLinks())",31
0.05,8698,4566,0.9975591615577079,0.002989708706679445,0.8153280542986425,0.6795902285263987,0.995401691331924,0.00563237497029904,0.7738136473848285,0.6479043990301351,"SMOTETomek(random_state=31, smote=SMOTE(k_neighbors=3, random_state=31),
           tomek=TomekLinks())",31
0.1,8698,4783,0.9980869258037958,0.0025535468044283797,0.828637147786084,0.6841085271317829,0.9965517241379309,0.004597701149425287,0.7935573259438864,0.6612400415656391,"SMOTETomek(random_state=31, smote=SMOTE(k_neighbors=3, random_state=31),
           tomek=TomekLinks())",31
0.25,8698,5436,0.9991369021822628,0.0007047189281056536,0.8401107710246319,0.6939110454620055,0.9986217393142519,0.0011253517555787418,0.8100103914097679,0.6770003463803256,"SMOTETomek(random_state=31, smote=SMOTE(k_neighbors=3, random_state=31),
           tomek=TomekLinks())",31
0.5,8698,6523,0.9994820636132781,0.0006906648143513392,0.8466059359388775,0.7029081295439524,0.999425287356322,0.000890340999128115,0.8191894700381018,0.6886040872878421,"SMOTETomek(random_state=31, smote=SMOTE(k_neighbors=3, random_state=31),
           tomek=TomekLinks())",31
1.0,8698,8698,0.9997699826726454,0.0004600346547094514,0.8558277654046028,0.7239609206822322,0.9997701149425288,0.00045977011494251484,0.8318323519224108,0.7112919986144787,"SMOTETomek(random_state=31, smote=SMOTE(k_neighbors=3, random_state=31),
           tomek=TomekLinks())",31
0.005,8698,4370,0.9856568474604085,0.02868630507918275,0.9152918781725888,0.7997191504300509,0.975,0.049999999999999996,0.9075164530654658,0.8023900242466229,"SMOTETomek(random_state=31, smote=SMOTE(random_state=31), tomek=TomekLinks())",31
0.01,8698,4392,0.9881203515509466,0.014549538512288218,0.8884437596302003,0.7630315500685871,0.9777777777777779,0.027216552697590882,0.8746103221337028,0.7606511950121233,"SMOTETomek(random_state=31, smote=SMOTE(random_state=31), tomek=TomekLinks())",31
0.03,8698,4479,0.9960374806667438,0.004854482645980771,0.841506129597198,0.6813953488372093,0.9960389036251105,0.007638080352733785,0.8119154832005542,0.6678212677519917,"SMOTETomek(random_state=31, smote=SMOTE(random_state=31), tomek=TomekLinks())",31
0.05,8698,4566,0.9975321823157752,0.0030224470522837023,0.8270223752151463,0.6934015018373542,0.9953488372093023,0.005696487773914378,0.7911326636647038,0.6676480775891929,"SMOTETomek(random_state=31, smote=SMOTE(random_state=31), tomek=TomekLinks())",31
0.1,8698,4783,0.9974446922282812,0.0023902251320688287,0.8341534008683068,0.6789111183994753,0.9953889334402565,0.004304409192323748,0.801524073432629,0.6608936612400416,"SMOTETomek(random_state=31, smote=SMOTE(random_state=31), tomek=TomekLinks())",31
0.25,8698,5436,0.9991338413383712,0.0011552966461171835,0.8349992756772417,0.689374185136897,0.9986175115207374,0.001843317972350217,0.8027364045722203,0.6698995497055766,"SMOTETomek(random_state=31, smote=SMOTE(random_state=31), tomek=TomekLinks())",31
0.5,8698,6523,0.9994819276798159,0.0006912338284589351,0.8428905792861322,0.7110966270164576,0.9994242279781769,0.0008923926332859185,0.8139937651541392,0.6929338413578109,"SMOTETomek(random_state=31, smote=SMOTE(random_state=31), tomek=TomekLinks())",31
1.0,8698,8698,0.9997699826726454,0.0004600346547094514,0.8558277654046028,0.7239609206822322,0.9997701149425288,0.00045977011494251484,0.8318323519224108,0.7112919986144787,"SMOTETomek(random_state=31, smote=SMOTE(random_state=31), tomek=TomekLinks())",31
0.005,8698,4370,0.9856568474604085,0.02868630507918275,0.9134082634161785,0.7932489451476793,0.975,0.049999999999999996,0.905264980949082,0.7963283685486664,"SMOTETomek(random_state=31, smote=SMOTE(k_neighbors=7, random_state=31),
           tomek=TomekLinks())",31
0.01,8698,4392,0.9715735694924712,0.017788347954261593,0.8775292864749734,0.755608028335301,0.9774328179216873,0.027170938799682656,0.8605819189470039,0.7490474541046068,"SMOTETomek(random_state=31, smote=SMOTE(k_neighbors=7, random_state=31),
           tomek=TomekLinks())",31
0.03,8698,4479,0.9979817774323975,0.0040364451352051575,0.8348052700159259,0.6836768073274452,0.9961538461538462,0.007692307692307665,0.8023900242466229,0.6650502251472117,"SMOTETomek(random_state=31, smote=SMOTE(k_neighbors=7, random_state=31),
           tomek=TomekLinks())",31
0.05,8698,4566,0.9962703282143636,0.004984613011657348,0.8275466284074605,0.6970663265306123,0.9930232558139535,0.009302325581395366,0.7918254243158989,0.6709386906823692,"SMOTETomek(random_state=31, smote=SMOTE(k_neighbors=7, random_state=31),
           tomek=TomekLinks())",31
0.1,8698,4783,0.9987290541280839,0.0015565844384454954,0.8398659478362233,0.6923961241583183,0.9977011494252874,0.002815505451474941,0.8096640110841704,0.6756148250779356,"SMOTETomek(random_state=31, smote=SMOTE(k_neighbors=7, random_state=31),
           tomek=TomekLinks())",31
0.25,8698,5436,0.9994243599443408,0.0011512801113186199,0.8345636126791142,0.7010808194870141,0.9990825688073395,0.00183486238532109,0.8020436439210252,0.6790786283339106,"SMOTETomek(random_state=31, smote=SMOTE(k_neighbors=7, random_state=31),
           tomek=TomekLinks())",31
0.5,8698,6523,0.9994822616383882,0.0006904008441427086,0.8474775702309163,0.7037220843672457,0.9993103448275862,0.0009195402298850297,0.820401801177693,0.6898164184274334,"SMOTETomek(random_state=31, smote=SMOTE(k_neighbors=7, random_state=31),
           tomek=TomekLinks())",31
1.0,8698,8698,0.9994250885336855,0.0005141868839108038,0.8558277654046028,0.7239609206822322,0.9994251550864384,0.0005140386835872422,0.8318323519224108,0.7112919986144787,"SMOTETomek(random_state=31, smote=SMOTE(k_neighbors=7, random_state=31),
           tomek=TomekLinks())",31
0.005,8698,4370,0.9856568474604085,0.02868630507918275,0.9100946372239748,0.787719298245614,0.975,0.049999999999999996,0.9012816072047107,0.7904399030135087,"SMOTETomek(random_state=31, smote=SMOTE(k_neighbors=9, random_state=31),
           tomek=TomekLinks())",31
0.01,8698,4392,0.9873361038844027,0.015559539430521149,0.8767289861681107,0.7581919005209209,0.976388888888889,0.029000851413640425,0.8595427779702114,0.7507793557325944,"SMOTETomek(random_state=31, smote=SMOTE(k_neighbors=9, random_state=31),
           tomek=TomekLinks())",31
0.03,8698,4479,0.9897428484364967,0.011496412363883709,0.8333815446919294,0.6768372703412073,0.9845003098167655,0.0223488430502416,0.8004849324558365,0.6588153792864566,"SMOTETomek(random_state=31, smote=SMOTE(k_neighbors=9, random_state=31),
           tomek=TomekLinks())",31
0.05,8698,4566,0.9975591615577079,0.002989708706679445,0.8261928643072073,0.688230584467574,0.995401691331924,0.00563237497029904,0.7899203325251125,0.6627987530308279,"SMOTETomek(random_state=31, smote=SMOTE(k_neighbors=9, random_state=31),
           tomek=TomekLinks())",31
0.1,8698,4783,0.9980868205525695,0.0015621532424417268,0.8329479768786127,0.6764995083579154,0.9965383587276129,0.002826523597361079,0.7997921718046415,0.6581226186352616,"SMOTETomek(random_state=31, smote=SMOTE(k_neighbors=9, random_state=31),
           tomek=TomekLinks())",31
0.25,8698,5436,0.9991378880767208,0.0007039184231271776,0.8377906976744186,0.6970832654391397,0.998965380111963,0.0010534191159004035,0.8067197783165916,0.6780394873571182,"SMOTETomek(random_state=31, smote=SMOTE(k_neighbors=9, random_state=31),
           tomek=TomekLinks())",31
0.5,8698,6523,0.9993096825269457,0.0006458218574845674,0.8430598215591634,0.7060363160477671,0.999080459770115,0.0008601511233962823,0.814166955316938,0.6887772774506409,"SMOTETomek(random_state=31, smote=SMOTE(k_neighbors=9, random_state=31),
           tomek=TomekLinks())",31
1.0,8698,8698,0.9997700488076525,0.00028163156286627525,0.8558277654046028,0.7239609206822322,0.9997701149425288,0.00028155054514748324,0.8318323519224108,0.7112919986144787,"SMOTETomek(random_state=31, smote=SMOTE(k_neighbors=9, random_state=31),
           tomek=TomekLinks())",31
0.005,4370,4370,0.9461987523920816,0.048129904370150065,0.8828221946463393,0.5545871559633028,0.9099999999999999,0.0784219357067906,0.8855213023900242,0.6636647038448216,no Sampler(),33
0.01,4392,4392,0.9747212933218309,0.02364588227247048,0.8216270843860536,0.4754848550882545,0.9541666666666666,0.04203540541783767,0.8165916175961205,0.5831312781434015,no Sampler(),33
0.03,4479,4479,0.9855541782830443,0.010715250576817848,0.8414249684741488,0.6274509803921569,0.973076923076923,0.01961161351381842,0.8257706962244544,0.6544856252164877,no Sampler(),33
0.05,4566,4566,0.9926230066562631,0.00462576994146778,0.8370549185274593,0.681491618200479,0.9862050739957716,0.008604677135293332,0.8129546241773468,0.6775199168687218,no Sampler(),33
0.1,4783,4783,0.9954910002988206,0.005618820171095167,0.8669554455445545,0.6993429231042444,0.9919540229885058,0.010020457341472791,0.8510564599930723,0.7067890543817111,no Sampler(),33
0.25,5436,5436,0.9991359064164633,0.000705532119971984,0.8689889025893958,0.7148861646234675,0.9986196254174946,0.0011270777349187359,0.8527883616210599,0.7180464149636301,no Sampler(),33
0.5,6523,6523,0.9993098808536713,0.0006452377196129718,0.8740787204014426,0.7081684059014034,0.9991948726097781,0.0006899207794578701,0.8609282992726013,0.7190855559404226,no Sampler(),33
1.0,8698,8698,0.9997700488076525,0.00028163156286627525,0.8771283939254487,0.7411865864144453,0.9997701149425288,0.00028155054514748324,0.8612746795981989,0.7393488049878767,no Sampler(),33
0.005,8698,4370,0.9522087035645036,0.06586739526723596,0.918097106424718,0.791894852135816,0.925,0.09999999999999999,0.9132317284378247,0.8025632144094215,RandomOverSampler(random_state=33),33
0.01,8698,4392,0.9865517901589126,0.016470626032269838,0.8776330599774883,0.7109879963065558,0.975,0.03061862178478973,0.8682022861101489,0.7289573952199515,RandomOverSampler(random_state=33),33
0.03,8698,4479,0.9938669008108793,0.00821041223483645,0.8518742442563483,0.6997603560424512,0.9884615384615385,0.015384615384615368,0.830273640457222,0.6962244544509872,RandomOverSampler(random_state=33),33
0.05,8698,4566,1.0,0.0,0.8660258335836588,0.7439693894526701,1.0,0.0,0.8455143747835123,0.733460339452719,RandomOverSampler(random_state=33),33
0.1,8698,4783,0.9993644610050957,0.0012710779898087664,0.87422934648582,0.7321645547647978,0.9988505747126437,0.002298850574712663,0.8586768271562175,0.7327675788015241,RandomOverSampler(random_state=33),33
0.25,8698,5436,0.9997126106297053,0.0005747787405894655,0.8709429318566374,0.7265787647467037,0.9995412844036696,0.0009174311926605226,0.8546934534118462,0.7270523034291653,RandomOverSampler(random_state=33),33
0.5,8698,6523,0.9994824598154892,0.0006903019695021258,0.8729230769230769,0.733402489626556,0.999425287356322,0.000890340999128115,0.85694492552823,0.7329407689643228,RandomOverSampler(random_state=33),33
1.0,8698,8698,0.9996551722998983,0.0006896554002032485,0.8771283939254487,0.7411865864144453,0.999655172413793,0.0006896551724137722,0.8612746795981989,0.7393488049878767,RandomOverSampler(random_state=33),33
0.005,42,4370,0.53199105134288,0.020470121818677512,0.8738451736221726,0.7544045102184637,0.9340664391624671,0.05191833879273474,0.8628333910633876,0.7585729130585382,RandomUnderSampler(random_state=33),33
0.01,86,4392,0.7781547138450662,0.15486905462132847,0.8439377599753505,0.7113171904516572,0.9752101988898149,0.02831725544424878,0.8245583650848631,0.7088673363352962,RandomUnderSampler(random_state=33),33
0.03,260,4479,0.903071185817576,0.07977998834860388,0.8367802410355601,0.695478057734023,0.9878777195451137,0.00913471220983509,0.8100103914097679,0.6839279528922757,RandomUnderSampler(random_state=33),33
0.05,434,4566,0.9779988109464153,0.012258226535316207,0.8354651162790697,0.7170536429143315,0.9956049240078759,0.005402102303762748,0.8039487357118116,0.6939729823346034,RandomUnderSampler(random_state=33),33
0.1,868,4783,0.9955839828748839,0.0025180643930082266,0.8455979943961067,0.7217504898758981,0.9971264367816092,0.004331366363544088,0.8186698995497056,0.7048839625909249,RandomUnderSampler(random_state=33),33
0.25,2174,5436,0.9985661286657711,0.0012807031170635535,0.8706922842329978,0.7361774744027304,0.99907940039197,0.0008618508378351503,0.8531347419466574,0.7322480083131278,RandomUnderSampler(random_state=33),33
0.5,4348,6523,0.9987923374384444,0.0008802133969965119,0.871296155599453,0.728952772073922,0.998735632183908,0.0011721883939293817,0.8533079321094561,0.7256667821267752,RandomUnderSampler(random_state=33),33
1.0,8698,8698,1.0,0.0,0.8799385088393543,0.7453073876356122,1.0,0.0,0.8647384828541739,0.7438517492206442,RandomUnderSampler(random_state=33),33
0.005,8698,4370,0.9665518561040949,0.06689628779181019,0.9032992036405005,0.7681635633442863,0.95,0.09999999999999999,0.896951853134742,0.7800484932455837,"SMOTE(k_neighbors=3, random_state=33)",33
0.01,8698,4392,0.9873851894374284,0.025229621125143528,0.8491008600469117,0.672678088367899,0.9777777777777779,0.04444444444444447,0.8328714928992034,0.6856598545202632,"SMOTE(k_neighbors=3, random_state=33)",33
0.03,8698,4479,0.9898304556756742,0.0065067938563412335,0.8422788605697151,0.6876274643099932,0.9807692307692308,0.01216260638526299,0.8178039487357118,0.6816764807758919,"SMOTE(k_neighbors=3, random_state=33)",33
0.05,8698,4566,0.9975596080420793,0.004880783915841213,0.8574839576182659,0.7248500999333778,0.9954545454545455,0.009090909090909084,0.8346033945271909,0.71388985105646,"SMOTE(k_neighbors=3, random_state=33)",33
0.1,8698,4783,0.9987290541280839,0.0015565844384454954,0.8704472106961734,0.7394957983193278,0.9977011494252874,0.002815505451474941,0.8540006927606512,0.7369241427086941,"SMOTE(k_neighbors=3, random_state=33)",33
0.25,8698,5436,0.999135840357517,0.0007055857356098377,0.8627450980392157,0.7240791268758526,0.9989633984850894,0.00105600873142164,0.843609282992726,0.7197783165916176,"SMOTE(k_neighbors=3, random_state=33)",33
0.5,8698,6523,0.9991368365492317,0.0009463473339415531,0.8746167995095033,0.7330457290767903,0.9989655172413794,0.0012799458305356405,0.8583304468306201,0.7320748181503292,"SMOTE(k_neighbors=3, random_state=33)",33
1.0,8698,8698,0.9998850574332995,0.0002298851334010976,0.8771283939254487,0.7411865864144453,0.9998850574712644,0.00022988505747125742,0.8612746795981989,0.7393488049878767,"SMOTE(k_neighbors=3, random_state=33)",33
0.005,8698,4370,0.9713136949208172,0.035133405024903565,0.9152431011826544,0.7799741363384445,0.95,0.06123724356957946,0.9106338759958434,0.7937305161066852,SMOTE(random_state=33),33
0.01,8698,4392,0.9873361038844027,0.015559539430521149,0.8489298547102015,0.6642494561276288,0.976388888888889,0.029000851413640425,0.8325251125736057,0.6792518184967093,SMOTE(random_state=33),33
0.03,8698,4479,0.993945266238246,0.004943669416371074,0.8352905751279736,0.6687317157115815,0.9884615384615385,0.009421114395319882,0.8105299618981642,0.6666089366124004,SMOTE(random_state=33),33
0.05,8698,4566,0.9975849251283779,0.0029590259316224217,0.8579088471849866,0.7289905519641969,0.9975593438060321,0.0045990273451236826,0.8347765846899896,0.7168340838240388,SMOTE(random_state=33),33
0.1,8698,4783,0.9980732992734564,0.0038534014530870572,0.8781843446039833,0.7448609431680774,0.9965517241379309,0.006896551724137901,0.8633529615517839,0.7441981295462418,SMOTE(random_state=33),33
0.25,8698,5436,0.9997116148639058,0.0005767702721883428,0.87085326338528,0.7310560083232183,0.9995391705069124,0.0009216589861750892,0.8550398337374436,0.7313820574991341,SMOTE(random_state=33),33
0.5,8698,6523,0.9998274208885574,0.0003451582228851002,0.8739856071045782,0.7199303742384683,0.9997701149425288,0.00045977011494251484,0.8574644960166262,0.7213370280568063,SMOTE(random_state=33),33
1.0,8698,8698,0.9997700486555307,0.00028163174926613114,0.8771283939254487,0.7411865864144453,0.9997699826726454,0.00028171261963820814,0.8612746795981989,0.7393488049878767,SMOTE(random_state=33),33
0.005,8698,4370,0.9713136949208172,0.035133405024903565,0.9094468918257465,0.7733529087906038,0.95,0.06123724356957945,0.9038794596466921,0.78611014894354,"SMOTE(k_neighbors=7, random_state=33)",33
0.01,8698,4392,0.9873361038844027,0.015559539430521149,0.8436964313542153,0.6574995476750497,0.976388888888889,0.029000851413640425,0.8262902667128507,0.6721510218219605,"SMOTE(k_neighbors=7, random_state=33)",33
0.03,8698,4479,0.993945266238246,0.004943669416371074,0.8423749246534057,0.6861638447066872,0.9884615384615385,0.009421114395319882,0.8188430897125043,0.6821960512642882,"SMOTE(k_neighbors=7, random_state=33)",33
0.05,8698,4566,0.9962134251290877,0.007573149741824459,0.8655550548295028,0.734372381431205,0.9930232558139535,0.013953488372093049,0.8449948042951161,0.7254935919639764,"SMOTE(k_neighbors=7, random_state=33)",33
0.1,8698,4783,0.9993577664244855,0.001284467151029034,0.8769755190579486,0.742103436306838,0.9988372093023254,0.0023255813953488415,0.86248701073779,0.7426394180810529,"SMOTE(k_neighbors=7, random_state=33)",33
0.25,8698,5436,0.9991369021822628,0.0007047189281056536,0.8745970836531082,0.7404226077993472,0.9986217393142519,0.0011253517555787418,0.8585036369934188,0.7383096640110842,"SMOTE(k_neighbors=7, random_state=33)",33
0.5,8698,6523,0.9994818621991675,0.001036275601665171,0.8805924097500771,0.7216349541930938,0.9993103448275862,0.0013793103448275894,0.8659508139937652,0.7263595427779702,"SMOTE(k_neighbors=7, random_state=33)",33
1.0,8698,8698,0.9997699820641565,0.0004600358716873032,0.8771283939254487,0.7411865864144453,0.9997698504027618,0.0004602991944763879,0.8612746795981989,0.7393488049878767,"SMOTE(k_neighbors=7, random_state=33)",33
0.005,8698,4370,0.9713136949208172,0.035133405024903565,0.9186540346292061,0.7890982257179441,0.95,0.06123724356957946,0.913751298926221,0.8003117422930377,"SMOTE(k_neighbors=9, random_state=33)",33
0.01,8698,4392,0.9940601427460001,0.011879714507999852,0.8465989053948397,0.6659432085368059,0.9888888888888889,0.022222222222222233,0.8301004502944233,0.6801177693107032,"SMOTE(k_neighbors=9, random_state=33)",33
0.03,8698,4479,0.993945266238246,0.004943669416371074,0.8412055780476833,0.6828021135162775,0.9884615384615385,0.009421114395319882,0.8165916175961205,0.6776931070315206,"SMOTE(k_neighbors=9, random_state=33)",33
0.05,8698,4566,0.9963231372380346,0.004959821315997603,0.8543429844097995,0.7250495703899538,0.9952338946805668,0.00924753348393416,0.8301004502944233,0.7118115691028749,"SMOTE(k_neighbors=9, random_state=33)",33
0.1,8698,4783,0.9987222934885274,0.0015649010063921087,0.8711467324290999,0.7328719723183391,0.9976877840149694,0.0028319535179148025,0.8552130239002425,0.7325943886387254,"SMOTE(k_neighbors=9, random_state=33)",33
0.25,8698,5436,0.9991368361233164,0.0007047726989411368,0.8729792147806005,0.7335640138408305,0.9989655123818466,0.001053476811575694,0.8571181156910288,0.7332871492899203,"SMOTE(k_neighbors=9, random_state=33)",33
0.5,8698,6523,0.9994824608425115,0.00042256895258563983,0.8642684401451027,0.723194562446899,0.9993103448275862,0.0005631010902949665,0.8444752338067198,0.7178732248008313,"SMOTE(k_neighbors=9, random_state=33)",33
1.0,8698,8698,0.9997700488076525,0.00028163156286627525,0.8771283939254487,0.7411865864144453,0.9997701149425288,0.00028155054514748324,0.8612746795981989,0.7393488049878767,"SMOTE(k_neighbors=9, random_state=33)",33
0.005,8698,4370,0.9665518561040949,0.06689628779181017,0.9135073034629904,0.7774699907663897,0.95,0.09999999999999999,0.9087287842050571,0.7913058538275026,"BorderlineSMOTE(k_neighbors=3, random_state=33)",33
0.01,8698,4392,0.9865517901589126,0.016470626032269838,0.8734641774373704,0.7081427264409881,0.975,0.03061862178478973,0.8626602009005888,0.7237616903359889,"BorderlineSMOTE(k_neighbors=3, random_state=33)",33
0.03,8698,4479,0.9938669668698257,0.008210380387981216,0.8228996282527881,0.6479931682322801,0.9884615384615385,0.01538461538461537,0.7937305161066852,0.64305507447177,"BorderlineSMOTE(k_neighbors=3, random_state=33)",33
0.05,8698,4566,0.9938848607576748,0.003858930187730098,0.8451944240645635,0.6948590381426202,0.9906884401351121,0.008411301040568208,0.8172843782473156,0.6813301004502944,"BorderlineSMOTE(k_neighbors=3, random_state=33)",33
0.1,8698,4783,0.9981130886290593,0.002507824858846862,0.8496751329001772,0.6960160696350853,0.9986206896551725,0.002228818325248907,0.8236924142708695,0.6854866643574645,"BorderlineSMOTE(k_neighbors=3, random_state=33)",33
0.25,8698,5436,0.9988475212803692,0.0016813790855786594,0.8493717664449372,0.6880161806843081,0.998165137614679,0.0026747485756171132,0.8235192241080707,0.6794250086595082,"BorderlineSMOTE(k_neighbors=3, random_state=33)",33
0.5,8698,6523,0.9993104087235706,0.000644745834515519,0.8623853211009175,0.7049035227473889,0.9993100802878192,0.0005633172931613547,0.8467267059231036,0.7112919986144787,"BorderlineSMOTE(k_neighbors=3, random_state=33)",33
1.0,8698,8698,0.9994252207276393,0.00036348069512718743,0.8771283939254487,0.7411865864144453,0.9994251550864384,0.000363480287089543,0.8612746795981989,0.7393488049878767,"BorderlineSMOTE(k_neighbors=3, random_state=33)",33
0.005,8698,4370,0.9748850574712644,0.05022988505747126,0.9159525379037574,0.7777777777777778,0.96,0.07999999999999999,0.9116730169726359,0.7928645652926913,BorderlineSMOTE(random_state=33),33
0.01,8698,4392,0.9806119989638591,0.01589486970225235,0.866347687400319,0.6919396393080604,0.9638888888888889,0.02959343854536461,0.8548666435746449,0.7100796674748875,BorderlineSMOTE(random_state=33),33
0.03,8698,4479,0.9959634888058485,0.0049436963844552055,0.8212905144216474,0.6526172671651937,0.9923076923076923,0.009421114395319882,0.7918254243158989,0.6459993072393488,BorderlineSMOTE(random_state=33),33
0.05,8698,4566,0.9975596080420793,0.004880783915841213,0.8527453011691579,0.7045454545454546,0.9954545454545455,0.009090909090909084,0.8276757880152408,0.6937997921718047,BorderlineSMOTE(random_state=33),33
0.1,8698,4783,0.9980935151331796,0.0015566383800215671,0.8522794552989935,0.6970257099647118,0.9975862068965518,0.002729733813112191,0.8271562175268445,0.6877381364738483,BorderlineSMOTE(random_state=33),33
0.25,8698,5436,0.999135840357517,0.0007055857356098377,0.8471111111111111,0.6735980910175559,0.9989633984850894,0.00105600873142164,0.8212677519916869,0.6683408382403879,BorderlineSMOTE(random_state=33),33
0.5,8698,6523,0.9993098147968291,0.0006459632118675518,0.8618215845290081,0.698644793152639,0.9991954022988505,0.0008601511233962823,0.8465535157603048,0.7073086248701074,BorderlineSMOTE(random_state=33),33
1.0,8698,8698,0.9996550401059447,0.00046000162402863267,0.8771283939254487,0.7411865864144453,0.999655172413793,0.00045977011494251484,0.8612746795981989,0.7393488049878767,BorderlineSMOTE(random_state=33),33
0.005,8698,4370,0.9398278829604131,0.12034423407917383,0.9087340529931305,0.7703649096940656,0.925,0.15,0.9033598891582958,0.7842050571527537,"BorderlineSMOTE(k_neighbors=7, random_state=33)",33
0.01,8698,4392,0.9865517901589126,0.016470626032269838,0.8552114447413929,0.6819909502262443,0.975,0.03061862178478973,0.8404918600623486,0.695704883962591,"BorderlineSMOTE(k_neighbors=7, random_state=33)",33
0.03,8698,4479,0.993945266238246,0.004943669416371074,0.825698988697204,0.654855195911414,0.9884615384615385,0.009421114395319882,0.7970211291998615,0.6491167301697264,"BorderlineSMOTE(k_neighbors=7, random_state=33)",33
0.05,8698,4566,0.9987930703998202,0.0024138592003595696,0.8500221206311753,0.7046511627906977,0.9977272727272727,0.004545454545454541,0.8238656044336682,0.6920678905438171,"BorderlineSMOTE(k_neighbors=7, random_state=33)",33
0.1,8698,4783,0.9974776156931012,0.002346556352279252,0.8671686746987952,0.7084478021978022,0.997471264367816,0.0026611119316759407,0.8472462764114999,0.7059231035677174,"BorderlineSMOTE(k_neighbors=7, random_state=33)",33
0.25,8698,5436,0.9985600583635812,0.0018199858721647578,0.8604511278195489,0.6823161189358372,0.9980458350225453,0.00239976223510116,0.8392795289227573,0.6835815725666783,"BorderlineSMOTE(k_neighbors=7, random_state=33)",33
0.5,8698,6523,0.9998274869475038,0.0003450261049923853,0.8676493405740885,0.7039602202095543,0.9997701149425288,0.00045977011494251484,0.8522687911326636,0.7112919986144787,"BorderlineSMOTE(k_neighbors=7, random_state=33)",33
1.0,8698,8698,0.9998850574332995,0.0002298851334010976,0.8771283939254487,0.7411865864144453,0.9998850574712644,0.00022988505747125742,0.8612746795981989,0.7393488049878767,"BorderlineSMOTE(k_neighbors=7, random_state=33)",33
0.005,8698,4370,0.9744882320364742,0.03164600561972855,0.9186274509803921,0.7863561342380341,0.9550000000000001,0.055677643628300216,0.913751298926221,0.7982334603394527,"BorderlineSMOTE(k_neighbors=9, random_state=33)",33
0.01,8698,4392,0.9798278829604131,0.0403442340791738,0.8536891679748823,0.6783710407239819,0.9666666666666666,0.0666666666666667,0.8385867682715622,0.6922410807066159,"BorderlineSMOTE(k_neighbors=9, random_state=33)",33
0.03,8698,4479,0.9937054339808213,0.012589132038357499,0.8227306273062731,0.6590450571620713,0.9884615384615385,0.023076923076923085,0.7919986144786977,0.6487703498441288,"BorderlineSMOTE(k_neighbors=9, random_state=33)",33
0.05,8698,4566,0.996297307456296,0.004971682469455526,0.8521584861028977,0.705568522840947,0.9952338946805668,0.00924753348393416,0.8268098372012469,0.6941461724974021,"BorderlineSMOTE(k_neighbors=9, random_state=33)",33
0.1,8698,4783,0.99872226677359,0.002555466452820099,0.8656447249774571,0.7158897584212317,0.99872226677359,0.002555466452820099,0.8451679944579148,0.7107724281260825,"BorderlineSMOTE(k_neighbors=9, random_state=33)",33
0.25,8698,5436,0.9985600708202595,0.0012874657673412194,0.8542564254939831,0.6937669376693767,0.9980459672924287,0.001763389451636481,0.8301004502944233,0.6868721856598545,"BorderlineSMOTE(k_neighbors=9, random_state=33)",33
0.5,8698,6523,0.9991368365492317,0.0009463473339415531,0.8665835411471322,0.7076594988448551,0.9989655172413794,0.0012799458305356405,0.8517492206442674,0.7151021821960513,"BorderlineSMOTE(k_neighbors=9, random_state=33)",33
1.0,8698,8698,0.9996551060888301,0.0002816047251990426,0.8771283939254487,0.7411865864144453,0.9996550401439096,0.0002816586465806774,0.8612746795981989,0.7393488049878767,"BorderlineSMOTE(k_neighbors=9, random_state=33)",33
0.005,4370,4370,0.9266969356009775,0.05386559662992,0.8868940754039497,0.5411764705882353,0.8800000000000001,0.07968688725254613,0.8908901974367855,0.6622791825424316,EditedNearestNeighbours(),33
0.01,4392,4392,0.981396312689349,0.015257193312280268,0.8201871657754011,0.4813938481393848,0.9652777777777779,0.02846375212766556,0.8136473848285417,0.5824385174922064,EditedNearestNeighbours(),33
0.03,4479,4479,0.985475680889514,0.012508958834731722,0.8379993708713432,0.6193234909362736,0.973076923076923,0.023076923076923075,0.8216141323172843,0.6472116383789401,EditedNearestNeighbours(),33
0.05,4566,4566,0.9913340413467548,0.004958117343940901,0.8371462974111981,0.6775077028414926,0.9838266384778013,0.00922512652400484,0.8126082438517492,0.6737097332871493,EditedNearestNeighbours(),33
0.1,4783,4783,0.9968291473170876,0.0019991575047215594,0.8657728463553707,0.6943409615043463,0.9952873563218392,0.002366811526663695,0.8491513682022862,0.7015933494977485,EditedNearestNeighbours(),33
0.25,5436,5436,0.9994252873183569,0.0007038764171156337,0.8772534880075247,0.7034757422157857,0.9990825688073395,0.0011236191480656441,0.8643921025285763,0.7163145133356426,EditedNearestNeighbours(),33
0.5,6521,6523,0.9996547084398781,0.000422894275680254,0.8641082101289713,0.7045739910313902,0.9995397001959849,0.0005637504463773807,0.8503636993418774,0.7147558018704538,EditedNearestNeighbours(),33
1.0,8695,8698,0.9998850574332995,0.0002298851334010976,0.877316587532547,0.7429257417252615,0.9998850574712644,0.00022988505747125742,0.8612746795981989,0.7403879459646692,EditedNearestNeighbours(),33
0.005,4370,4370,0.9314587744176999,0.006349074231313568,0.8868940754039497,0.5411764705882353,0.8800000000000001,0.010000000000000009,0.8908901974367855,0.6622791825424316,EditedNearestNeighbours(n_neighbors=5),33
0.01,4392,4392,0.9798278829604131,0.0403442340791738,0.8201871657754011,0.4813938481393848,0.9666666666666666,0.0666666666666667,0.8136473848285417,0.5824385174922064,EditedNearestNeighbours(n_neighbors=5),33
0.03,4479,4479,0.9857155792058849,0.0051357324176404704,0.8379993708713432,0.6193234909362736,0.9730769230769232,0.009421114395319938,0.8216141323172843,0.6472116383789401,EditedNearestNeighbours(n_neighbors=5),33
0.05,4566,4566,0.9937725866867957,0.006914196999204663,0.8371462974111981,0.6775077028414926,0.9884249471458773,0.012738172515117397,0.8126082438517492,0.6737097332871493,EditedNearestNeighbours(n_neighbors=5),33
0.1,4781,4783,0.9974378263374983,0.003743697882198261,0.865823565700185,0.6944789632522634,0.9954022988505749,0.006702243557293422,0.8493245583650848,0.7019397298233461,EditedNearestNeighbours(n_neighbors=5),33
0.25,5434,5436,0.9994232297278117,0.0007063964328338036,0.8705157813702848,0.7141104294478527,0.9990783410138249,0.0011287971164899119,0.8543470730862487,0.7175268444752338,EditedNearestNeighbours(n_neighbors=5),33
0.5,6519,6523,0.9994821293284355,0.0004228398585273731,0.8647114474929044,0.6994219653179191,0.9993098151385137,0.0005635344094063308,0.8514028403186699,0.7118115691028749,EditedNearestNeighbours(n_neighbors=5),33
1.0,8690,8698,0.9996551060131622,0.0004598037126408845,0.8740422923689856,0.7341946597760551,0.999655172413793,0.0004597701149425148,0.857637686179425,0.732767578801524,EditedNearestNeighbours(n_neighbors=5),33
0.005,4370,4370,0.9378655510249121,0.06156672923509853,0.8868940754039497,0.5411764705882353,0.9,0.09354143466934853,0.8908901974367855,0.6622791825424316,EditedNearestNeighbours(n_neighbors=7),33
0.01,4392,4392,0.9640870637678928,0.0426066177371618,0.8201871657754011,0.4813938481393848,0.9388888888888889,0.0685216465752445,0.8136473848285417,0.5824385174922064,EditedNearestNeighbours(n_neighbors=7),33
0.03,4479,4479,0.9875722688844831,0.012193817199929574,0.8379993708713432,0.6193234909362736,0.976923076923077,0.022426738057097315,0.8216141323172843,0.6472116383789401,EditedNearestNeighbours(n_neighbors=7),33
0.05,4566,4566,0.9926240384295104,0.007176016208807303,0.8371462974111981,0.6775077028414926,0.9863107822410149,0.013243517770288246,0.8126082438517492,0.6737097332871493,EditedNearestNeighbours(n_neighbors=7),33
0.1,4780,4783,0.9955314860659132,0.0015675769397667204,0.8656486194662965,0.703912583715192,0.9919406575781876,0.0028046987933955884,0.8491513682022861,0.7090405264980949,EditedNearestNeighbours(n_neighbors=7),33
0.25,5432,5436,0.9994242915525575,0.0007050979672105855,0.8665026145801292,0.713562576365858,0.9990804549105821,0.001126213092006727,0.8496709386906824,0.7157949428472463,EditedNearestNeighbours(n_neighbors=7),33
0.5,6518,6523,0.9993085490986683,0.0010085543476805567,0.8687782805429864,0.7048946052161487,0.9990788707028975,0.0013434468766496252,0.8543470730862488,0.71388985105646,EditedNearestNeighbours(n_neighbors=7),33
1.0,8687,8698,1.0,0.0,0.8764561618638872,0.7394668959587274,1.0,0.0,0.860408728784205,0.7376169033598892,EditedNearestNeighbours(n_neighbors=7),33
0.005,4370,4370,0.9378655510249121,0.06156672923509853,0.8868940754039497,0.5411764705882353,0.9,0.09354143466934853,0.8908901974367855,0.6622791825424316,EditedNearestNeighbours(n_neighbors=9),33
0.01,4392,4392,0.9806119989638591,0.01589486970225235,0.8201871657754011,0.4813938481393848,0.9638888888888889,0.02959343854536461,0.8136473848285417,0.5824385174922064,EditedNearestNeighbours(n_neighbors=9),33
0.03,4479,4479,0.9876507002190671,0.010329679084741132,0.8379993708713432,0.6193234909362736,0.976923076923077,0.018842228790639844,0.8216141323172843,0.6472116383789401,EditedNearestNeighbours(n_neighbors=9),33
0.05,4566,4566,0.9900986004049702,0.006389369072094885,0.8371462974111981,0.6775077028414926,0.9816067653276956,0.011777815156348148,0.8126082438517492,0.6737097332871493,EditedNearestNeighbours(n_neighbors=9),33
0.1,4780,4783,0.9974312634199862,0.003744460086823286,0.8656486194662965,0.703912583715192,0.9953889334402566,0.0067045886017893805,0.8491513682022861,0.7090405264980949,EditedNearestNeighbours(n_neighbors=9),33
0.25,5430,5436,0.9988404096436954,0.00231918071260937,0.869982953664962,0.7086948822383566,0.9981566820276498,0.0036866359447004443,0.8546934534118462,0.7151021821960513,EditedNearestNeighbours(n_neighbors=9),33
0.5,6514,6523,0.9996549078360613,0.0004226498708474275,0.865170302935175,0.6977665706051873,0.9995402298850575,0.0005631010902949665,0.8512296501558712,0.7093869068236924,EditedNearestNeighbours(n_neighbors=9),33
1.0,8683,8698,0.999884991374353,0.00023001725129385698,0.8753056234718827,0.7397260273972602,0.9998850574712644,0.00022988505747125742,0.8586768271562175,0.7367509525458954,EditedNearestNeighbours(n_neighbors=9),33
0.005,4370,4370,0.9235223984853207,0.05320675228368668,0.8828221946463393,0.5545871559633028,0.875,0.07905694150420949,0.8855213023900242,0.6636647038448216,TomekLinks(),33
0.01,4392,4392,0.981396312689349,0.015257193312280268,0.8216270843860536,0.4754848550882545,0.9652777777777779,0.02846375212766556,0.8165916175961205,0.5831312781434015,TomekLinks(),33
0.03,4479,4479,0.9853925793350935,0.014255045426681259,0.8414249684741488,0.6274509803921569,0.973076923076923,0.026085884550481813,0.8257706962244544,0.6544856252164877,TomekLinks(),33
0.05,4566,4566,0.9938565350729502,0.003947233275271415,0.8370549185274593,0.681491618200479,0.9884778012684989,0.00735527359202873,0.8129546241773468,0.6775199168687218,TomekLinks(),33
0.1,4783,4783,0.9974378263374983,0.003743697882198261,0.8669554455445545,0.6993429231042444,0.9954022988505749,0.006702243557293422,0.8510564599930723,0.7067890543817111,TomekLinks(),33
0.25,5436,5436,0.9988485170461686,0.0005757460822698788,0.8689889025893958,0.7148861646234675,0.9981609098211643,0.0009195572381694915,0.8527883616210599,0.7180464149636301,TomekLinks(),33
0.5,6523,6523,0.9998274869475038,0.0003450261049923853,0.8740787204014426,0.7081684059014034,0.9997701149425288,0.00045977011494251484,0.8609282992726013,0.7190855559404226,TomekLinks(),33
1.0,8698,8698,0.9997700488076525,0.00028163156286627525,0.8771283939254487,0.7411865864144453,0.9997701149425288,0.00028155054514748324,0.8612746795981989,0.7393488049878767,TomekLinks(),33
0.005,8698,4370,0.9744882320364742,0.03164600561972855,0.9030786773090079,0.7641769131950816,0.9550000000000001,0.055677643628300216,0.896951853134742,0.7774506408036024,"ADASYN(n_neighbors=3, random_state=33)",33
0.01,8699,4392,0.9873361038844027,0.015559539430521149,0.8636653895274585,0.7133044107013738,0.976388888888889,0.029000851413640425,0.8520956009698649,0.7253204018011776,"ADASYN(n_neighbors=3, random_state=33)",33
0.03,8691,4479,0.9917611372151676,0.012211895693394982,0.8411187146682535,0.6729131175468483,0.9883465959328028,0.02302052792496242,0.8150329061309318,0.6674748874263943,"ADASYN(n_neighbors=3, random_state=33)",33
0.05,8706,4566,0.9963255672338033,0.004887942728802963,0.8333092381090068,0.6931174089068826,0.9952338946805668,0.005840091552037186,0.8003117422930377,0.671804641496363,"ADASYN(n_neighbors=3, random_state=33)",33
0.1,8697,4783,0.999371067115748,0.0012578657685040626,0.8869752421959096,0.7473174108688128,0.9998850574712644,0.00022988505747125742,0.8727052303429166,0.7471423623138206,"ADASYN(n_neighbors=3, random_state=33)",33
0.25,8700,5436,0.9988485854379519,0.0010769610295144716,0.8661417322834646,0.7078515962036238,0.9981630237179218,0.0017169266744663564,0.8468998960859022,0.706789054381711,"ADASYN(n_neighbors=3, random_state=33)",33
0.5,8698,6523,0.999482394783565,0.0004226229066986142,0.8469831053901851,0.6832047041528849,0.999425287356322,0.0005140386155171775,0.8352961551783858,0.7014201593349498,"ADASYN(n_neighbors=3, random_state=33)",33
1.0,8698,8698,,,0.8771283939254487,0.7411865864144453,,,0.8612746795981989,0.7393488049878767,"ADASYN(n_neighbors=3, random_state=33)",33
0.005,8700,4370,0.9713136949208172,0.035133405024903565,0.9152095018145826,0.779510022271715,0.95,0.06123724356957946,0.910980256321441,0.7942500865950815,ADASYN(random_state=33),33
0.01,8699,4392,0.9881203515509466,0.014549538512288218,0.8533965244865719,0.7004476275738586,0.9777777777777779,0.027216552697590882,0.8392795289227571,0.7102528576376861,ADASYN(random_state=33),33
0.03,8695,4479,0.9919226040452257,0.007660476413644005,0.8389202017205577,0.6834846955936764,0.9883465959328028,0.015299892737476735,0.8119154832005542,0.6740561136127468,ADASYN(random_state=33),33
0.05,8692,4566,0.9939386872753762,0.0076545300877984765,0.8440931049626702,0.7025961222477818,0.992898946731842,0.009378619111456741,0.8155524766193281,0.6865258053342571,ADASYN(random_state=33),33
0.1,8697,4783,0.9980868205525695,0.0015621532424417266,0.8670380966721879,0.713406292749658,0.9965383587276129,0.002826523597361079,0.847073086248701,0.7097332871492898,ADASYN(random_state=33),33
0.25,8697,5436,0.9988464594556234,0.0016815598557535284,0.8520392974099434,0.6801300701694335,0.9985025689920018,0.0020474943194934785,0.8278489781780395,0.6763075857291305,ADASYN(random_state=33),33
0.5,8701,6523,0.9993096825269457,0.0006458218574845674,0.8628793774319066,0.7027698863636364,0.9991954022988505,0.0008601511233962823,0.8474194665742986,0.7100796674748875,ADASYN(random_state=33),33
1.0,8698,8698,,,0.8771283939254487,0.7411865864144453,,,0.8612746795981989,0.7393488049878767,ADASYN(random_state=33),33
0.005,8699,4370,0.9744882320364742,0.03164600561972855,0.9166666666666666,0.7829787234042553,0.9550000000000001,0.055677643628300216,0.912365777623831,0.7968479390370626,"ADASYN(n_neighbors=7, random_state=33)",33
0.01,8700,4392,0.9873360378254563,0.015559611754269722,0.8519627936307741,0.6949820788530466,0.976388888888889,0.029000851413640425,0.8373744371319709,0.7052303429165223,"ADASYN(n_neighbors=7, random_state=33)",33
0.03,8692,4479,0.9939453322971922,0.004943615477996046,0.8331857100679066,0.679144385026738,0.9884615384615385,0.009421114395319882,0.804295116037409,0.6674748874263942,"ADASYN(n_neighbors=7, random_state=33)",33
0.05,8693,4566,1.0,0.0,0.8471141136730798,0.7107899490885203,1.0,0.0,0.8197090405264982,0.695012123311396,"ADASYN(n_neighbors=7, random_state=33)",33
0.1,8703,4783,0.996848654754021,0.002812862041670624,0.8713680387409201,0.7294718909710391,0.9973563218390804,0.00280610473924915,0.8527883616210599,0.7249740214755802,"ADASYN(n_neighbors=7, random_state=33)",33
0.25,8700,5436,0.9997116148639058,0.0005767702721883428,0.8648811315076738,0.7051150017164435,0.9995391705069124,0.0009216589861750891,0.8444752338067198,0.7024593003117423,"ADASYN(n_neighbors=7, random_state=33)",33
0.5,8700,6523,1.0,0.0,0.8692870201096892,0.716804979253112,1.0,0.0,0.85140284031867,0.7163145133356426,"ADASYN(n_neighbors=7, random_state=33)",33
1.0,8698,8698,,,0.8771283939254487,0.7411865864144453,,,0.8612746795981989,0.7393488049878767,"ADASYN(n_neighbors=7, random_state=33)",33
0.005,8698,4370,0.9713136949208172,0.035133405024903565,0.9265238879736408,0.7951183431952663,0.95,0.06123724356957946,0.9227571873917562,0.8081052996189817,"ADASYN(n_neighbors=9, random_state=33)",33
0.01,8698,4392,0.9796596839566604,0.028276363273797425,0.846815834767642,0.6883787150738565,0.9638888888888889,0.0493788578739755,0.8304468306200208,0.6967440249393835,"ADASYN(n_neighbors=9, random_state=33)",33
0.03,8690,4479,0.9920024584899053,0.0074312162916933796,0.8285965426311164,0.6770350761085374,0.9883465959328028,0.009517278507287933,0.797367509525459,0.661932802216834,"ADASYN(n_neighbors=9, random_state=33)",33
0.05,8685,4566,0.9975862068585869,0.0029562807723911293,0.8505238306035119,0.7157929442795912,0.9976123301985371,0.004493499540974107,0.8245583650848631,0.7014201593349498,"ADASYN(n_neighbors=9, random_state=33)",33
0.1,8691,4783,0.9980934658555018,0.0025503402363691715,0.8757990867579909,0.721038961038961,0.9975862068965518,0.004545682743283947,0.8586768271562175,0.7209906477312089,"ADASYN(n_neighbors=9, random_state=33)",33
0.25,8692,5436,0.9994242254936111,0.00070517863140122,0.8653846153846154,0.7290474587680915,0.9994242279781769,0.0008923926332859183,0.8448216141323173,0.7211638378940076,"ADASYN(n_neighbors=9, random_state=33)",33
0.5,8702,6523,0.9994825267495978,0.0004225152599718755,0.8652047232019628,0.7012987012987013,0.9995400976151739,0.0004301109922113393,0.8477658468998961,0.7052303429165223,"ADASYN(n_neighbors=9, random_state=33)",33
1.0,8698,8698,,,0.8771283939254487,0.7411865864144453,,,0.8612746795981989,0.7393488049878767,"ADASYN(n_neighbors=9, random_state=33)",33
0.005,8698,4370,0.9744882320364742,0.03164600561972855,0.9014267185473411,0.7664300018204988,0.9550000000000001,0.055677643628300216,0.8947003810183582,0.7777970211291998,"SMOTEENN(enn=EditedNearestNeighbours(), random_state=33,
         smote=SMOTE(k_neighbors=3, random_state=33))",33
0.01,8698,4392,0.9940602088049465,0.011879582390107135,0.8398565414002807,0.6630727762803235,0.9888888888888889,0.022222222222222233,0.8221337028056807,0.675268444752338,"SMOTEENN(enn=EditedNearestNeighbours(), random_state=33,
         smote=SMOTE(k_neighbors=3, random_state=33))",33
0.03,8698,4479,0.9899057385287723,0.009032562180366566,0.8414597666766378,0.6917750380003378,0.984500442086649,0.014423509009724049,0.8164184274333217,0.6839279528922757,"SMOTEENN(enn=EditedNearestNeighbours(), random_state=33,
         smote=SMOTE(k_neighbors=3, random_state=33))",33
0.05,8698,4566,0.9975594760759154,0.004881047848168941,0.8571428571428571,0.7254282388158989,0.9975594760759154,0.004881047848168941,0.8340838240387947,0.7140630412192588,"SMOTEENN(enn=EditedNearestNeighbours(), random_state=33,
         smote=SMOTE(k_neighbors=3, random_state=33))",33
0.1,8698,4783,0.9993645270640419,0.0012709458719160514,0.8737264587835751,0.7377162629757785,0.9988505747126437,0.002298850574712663,0.85833044683062,0.7374437131970903,"SMOTEENN(enn=EditedNearestNeighbours(), random_state=33,
         smote=SMOTE(k_neighbors=3, random_state=33))",33
0.25,8697,5436,0.9991368386078822,0.0011512961250350914,0.8670449317589327,0.7248878149810148,0.9989655123818466,0.0012804305779862074,0.849844128853481,0.7239348804987876,"SMOTEENN(enn=EditedNearestNeighbours(), random_state=33,
         smote=SMOTE(k_neighbors=3, random_state=33))",33
0.5,8696,6523,0.9994819961832588,0.0006905336194551918,0.8746328644303601,0.7221344567316131,0.9993098151385137,0.0009198056463571939,0.8595427779702114,0.725839972289574,"SMOTEENN(enn=EditedNearestNeighbours(), random_state=33,
         smote=SMOTE(k_neighbors=3, random_state=33))",33
1.0,8695,8698,0.9996551722998983,0.00028155063814216556,0.877316587532547,0.7429257417252615,0.999655172413793,0.00028155054514748324,0.8612746795981989,0.7403879459646692,"SMOTEENN(enn=EditedNearestNeighbours(), random_state=33,
         smote=SMOTE(k_neighbors=3, random_state=33))",33
0.005,8698,4370,0.9744882320364742,0.03164600561972855,0.911976439790576,0.7764489420423183,0.9550000000000001,0.055677643628300216,0.9068236924142709,0.7895739521995151,"SMOTEENN(enn=EditedNearestNeighbours(n_neighbors=5), random_state=33,
         smote=SMOTE(random_state=33))",33
0.01,8698,4392,0.9932758950794562,0.013448209841087522,0.8562431113210518,0.664460378746093,0.9875,0.024999999999999998,0.8418773813647384,0.6839279528922757,"SMOTEENN(enn=EditedNearestNeighbours(n_neighbors=5), random_state=33,
         smote=SMOTE(random_state=33))",33
0.03,8698,4479,0.9938668349036618,0.008210612500717985,0.8349631412667369,0.6701013223424351,0.9884615384615385,0.01538461538461537,0.8100103914097679,0.6673016972635955,"SMOTEENN(enn=EditedNearestNeighbours(n_neighbors=5), random_state=33,
         smote=SMOTE(random_state=33))",33
0.05,8698,4566,0.9975591615577079,0.002989708706679445,0.8634796942904241,0.7294354163176412,0.995401691331924,0.00563237497029904,0.842223761690336,0.7202978870800139,"SMOTEENN(enn=EditedNearestNeighbours(n_neighbors=5), random_state=33,
         smote=SMOTE(random_state=33))",33
0.1,8697,4783,0.9981000931890037,0.0025304215165849026,0.8789848344165893,0.7436697884148457,0.9975862068965518,0.0029618617762586686,0.8645652926913752,0.744024939383443,"SMOTEENN(enn=EditedNearestNeighbours(n_neighbors=5), random_state=33,
         smote=SMOTE(random_state=33))",33
0.25,8695,5436,1.0,0.0,0.8704503392967304,0.7258176757132916,1.0,0.0,0.8545202632490474,0.7270523034291652,"SMOTEENN(enn=EditedNearestNeighbours(n_neighbors=5), random_state=33,
         smote=SMOTE(random_state=33))",33
0.5,8693,6523,0.999482063613278,0.0006906648143513392,0.8737536431968094,0.7164335664335665,0.9994247576672493,0.0007277981827378089,0.8574644960166262,0.7190855559404226,"SMOTEENN(enn=EditedNearestNeighbours(n_neighbors=5), random_state=33,
         smote=SMOTE(random_state=33))",33
1.0,8690,8698,0.9997701146388092,0.0004597707223816805,0.8740422923689856,0.7341946597760551,0.9997701149425288,0.00045977011494251484,0.857637686179425,0.732767578801524,"SMOTEENN(enn=EditedNearestNeighbours(n_neighbors=5), random_state=33,
         smote=SMOTE(random_state=33))",33
0.005,8695,4370,0.9601450794968827,0.033053523441061626,0.914004914004914,0.7794550810014728,0.93,0.057879184513951125,0.9090751645306547,0.7925181849670939,"SMOTEENN(enn=EditedNearestNeighbours(n_neighbors=7), random_state=33,
         smote=SMOTE(k_neighbors=7, random_state=33))",33
0.01,8698,4392,0.9940602088049465,0.011879582390107135,0.8442023346303502,0.6583559168925023,0.9888888888888889,0.022222222222222233,0.8266366470384482,0.672497402147558,"SMOTEENN(enn=EditedNearestNeighbours(n_neighbors=7), random_state=33,
         smote=SMOTE(k_neighbors=7, random_state=33))",33
0.03,8698,4479,0.9918487443022231,0.007677732979371165,0.8381494235664022,0.6816173972137275,0.9846153846153847,0.014390989949130528,0.812781434014548,0.6754416349151369,"SMOTEENN(enn=EditedNearestNeighbours(n_neighbors=7), random_state=33,
         smote=SMOTE(k_neighbors=7, random_state=33))",33
0.05,8698,4566,0.9975594760759154,0.004881047848168941,0.8623578695391981,0.7333000166583376,0.9954545454545455,0.009090909090909084,0.8406650502251471,0.7227225493591964,"SMOTEENN(enn=EditedNearestNeighbours(n_neighbors=7), random_state=33,
         smote=SMOTE(k_neighbors=7, random_state=33))",33
0.1,8690,4783,0.9974643995130732,0.002367357003010334,0.8738375697458153,0.7317158317332868,0.9974577666876143,0.002890813334793564,0.859023207481815,0.7338067197783166,"SMOTEENN(enn=EditedNearestNeighbours(n_neighbors=7), random_state=33,
         smote=SMOTE(k_neighbors=7, random_state=33))",33
0.25,8690,5436,0.9997135965241633,0.0005728069516736767,0.8741151123422591,0.7335987536783798,0.9998849252013808,0.00023014959723819395,0.85833044683062,0.733460339452719,"SMOTEENN(enn=EditedNearestNeighbours(n_neighbors=7), random_state=33,
         smote=SMOTE(k_neighbors=7, random_state=33))",33
0.5,8688,6523,0.9994818621991675,0.001036275601665171,0.8661029976940815,0.7093613298337708,0.9993103448275862,0.0013793103448275894,0.8491513682022861,0.7123311395912713,"SMOTEENN(enn=EditedNearestNeighbours(n_neighbors=7), random_state=33,
         smote=SMOTE(k_neighbors=7, random_state=33))",33
1.0,8687,8698,0.9995399647368016,0.0005634258292623139,0.8764561618638872,0.7394668959587274,0.9995398330754071,0.0005635871196827194,0.860408728784205,0.7376169033598892,"SMOTEENN(enn=EditedNearestNeighbours(n_neighbors=7), random_state=33,
         smote=SMOTE(k_neighbors=7, random_state=33))",33
0.005,8697,4370,0.9633196166125394,0.030505070124429094,0.9190515126737531,0.7880454712137881,0.9548850574712644,0.05558514207549929,0.9142708694146172,0.7997921718046415,"SMOTEENN(enn=EditedNearestNeighbours(n_neighbors=9), random_state=33,
         smote=SMOTE(k_neighbors=9, random_state=33))",33
0.01,8698,4392,0.9881203515509466,0.014549538512288218,0.8534591194968554,0.6678845451223968,0.9777777777777779,0.027216552697590882,0.8385867682715622,0.685140284031867,"SMOTEENN(enn=EditedNearestNeighbours(n_neighbors=9), random_state=33,
         smote=SMOTE(k_neighbors=9, random_state=33))",33
0.03,8697,4479,0.9874006004063179,0.015767317415853306,0.8442709115482805,0.6866894197952218,0.976923076923077,0.02826334318595973,0.820401801177693,0.6820228611014894,"SMOTEENN(enn=EditedNearestNeighbours(n_neighbors=9), random_state=33,
         smote=SMOTE(k_neighbors=9, random_state=33))",33
0.05,8698,4566,0.9975862068585869,0.0029562807723911293,0.856378233719893,0.7243781094527363,0.9954545454545455,0.005567022142689036,0.8326983027364045,0.7121579494284724,"SMOTEENN(enn=EditedNearestNeighbours(n_neighbors=9), random_state=33,
         smote=SMOTE(k_neighbors=9, random_state=33))",33
0.1,8686,4783,0.9987290541280839,0.0015565844384454954,0.8668407310704961,0.7206519854343679,0.9977011494252874,0.002815505451474941,0.849844128853481,0.7209906477312089,"SMOTEENN(enn=EditedNearestNeighbours(n_neighbors=9), random_state=33,
         smote=SMOTE(k_neighbors=9, random_state=33))",33
0.25,8690,5436,0.9994242254936111,0.0007051786314012199,0.8761816209514954,0.7303921568627451,0.9994242279781769,0.0008923926332859183,0.8616210599237963,0.7332871492899203,"SMOTEENN(enn=EditedNearestNeighbours(n_neighbors=9), random_state=33,
         smote=SMOTE(k_neighbors=9, random_state=33))",33
0.5,8683,6523,0.9996548404059109,0.00042273290970380165,0.8684412986613325,0.7050537066384926,0.9996545104548371,0.00046076327728393935,0.8519224108070662,0.7099064773120887,"SMOTEENN(enn=EditedNearestNeighbours(n_neighbors=9), random_state=33,
         smote=SMOTE(k_neighbors=9, random_state=33))",33
1.0,8683,8698,0.9998850574332995,0.0002298851334010976,0.8753056234718827,0.7397260273972602,0.9998850574712644,0.00022988505747125742,0.8586768271562175,0.7367509525458954,"SMOTEENN(enn=EditedNearestNeighbours(n_neighbors=9), random_state=33,
         smote=SMOTE(k_neighbors=9, random_state=33))",33
0.005,8698,4370,0.9522087035645035,0.06586739526723598,0.9032992036405005,0.7681635633442863,0.925,0.1,0.896951853134742,0.7800484932455837,"SMOTETomek(random_state=33, smote=SMOTE(k_neighbors=3, random_state=33),
           tomek=TomekLinks())",33
0.01,8698,4392,0.9881203515509466,0.014549538512288218,0.8491008600469117,0.672678088367899,0.9777777777777779,0.027216552697590882,0.8328714928992034,0.6856598545202632,"SMOTETomek(random_state=33, smote=SMOTE(k_neighbors=3, random_state=33),
           tomek=TomekLinks())",33
0.03,8698,4479,0.9918486123360593,0.00767794650606159,0.8422788605697151,0.6876274643099932,0.9846153846153847,0.014390989949130528,0.8178039487357118,0.6816764807758919,"SMOTETomek(random_state=33, smote=SMOTE(k_neighbors=3, random_state=33),
           tomek=TomekLinks())",33
0.05,8698,4566,0.9963782890865414,0.004796233821675014,0.8574839576182659,0.7248500999333778,0.9974445335471799,0.004558011741836258,0.8346033945271909,0.71388985105646,"SMOTETomek(random_state=33, smote=SMOTE(k_neighbors=3, random_state=33),
           tomek=TomekLinks())",33
0.1,8698,4783,0.99872226677359,0.002555466452820099,0.8704472106961734,0.7394957983193278,0.9977011494252874,0.004597701149425282,0.8540006927606512,0.7369241427086941,"SMOTETomek(random_state=33, smote=SMOTE(k_neighbors=3, random_state=33),
           tomek=TomekLinks())",33
0.25,8698,5436,0.9991378244689564,0.0011483293839098904,0.8627450980392157,0.7240791268758526,0.998965380111963,0.0012796710055541258,0.843609282992726,0.7197783165916176,"SMOTETomek(random_state=33, smote=SMOTE(k_neighbors=3, random_state=33),
           tomek=TomekLinks())",33
0.5,8698,6523,0.9993094174156051,0.0008457875042479997,0.8746167995095033,0.7330457290767903,0.999080459770115,0.001126202180589933,0.8583304468306201,0.7320748181503292,"SMOTETomek(random_state=33, smote=SMOTE(k_neighbors=3, random_state=33),
           tomek=TomekLinks())",33
1.0,8698,8698,0.9996551061647599,0.0004598032573564667,0.8771283939254487,0.7411865864144453,0.9996550401439096,0.0004598363212220923,0.8612746795981989,0.7393488049878767,"SMOTETomek(random_state=33, smote=SMOTE(k_neighbors=3, random_state=33),
           tomek=TomekLinks())",33
0.005,8698,4370,0.9522087035645036,0.06586739526723596,0.9152431011826544,0.7799741363384445,0.925,0.09999999999999999,0.9106338759958434,0.7937305161066852,"SMOTETomek(random_state=33, smote=SMOTE(random_state=33), tomek=TomekLinks())",33
0.01,8698,4392,0.9932758950794562,0.013448209841087522,0.8489298547102015,0.6642494561276288,0.9875,0.025,0.8325251125736057,0.6792518184967093,"SMOTETomek(random_state=33, smote=SMOTE(random_state=33), tomek=TomekLinks())",33
0.03,8698,4479,0.9938669008108793,0.00821041223483645,0.8352905751279736,0.6687317157115815,0.9884615384615385,0.015384615384615368,0.8105299618981642,0.6666089366124004,"SMOTETomek(random_state=33, smote=SMOTE(random_state=33), tomek=TomekLinks())",33
0.05,8698,4566,0.993745607444863,0.006913655352836007,0.8579088471849866,0.7289905519641969,0.9883720930232558,0.012737733895469002,0.8347765846899896,0.7168340838240388,"SMOTETomek(random_state=33, smote=SMOTE(random_state=33), tomek=TomekLinks())",33
0.1,8698,4783,0.998722227429581,0.0015649811999178295,0.8781843446039833,0.7448609431680774,0.9976877840149694,0.0028319535179148025,0.8633529615517839,0.7441981295462418,"SMOTETomek(random_state=33, smote=SMOTE(random_state=33), tomek=TomekLinks())",33
0.25,8698,5436,0.9997126106297053,0.0005747787405894655,0.87085326338528,0.7310560083232183,0.9995412844036696,0.0009174311926605226,0.8550398337374436,0.7313820574991341,"SMOTETomek(random_state=33, smote=SMOTE(random_state=33), tomek=TomekLinks())",33
0.5,8698,6523,0.9994819276798159,0.0006912338284589351,0.8739856071045782,0.7199303742384683,0.9994242279781769,0.0008923926332859185,0.8574644960166262,0.7213370280568063,"SMOTETomek(random_state=33, smote=SMOTE(random_state=33), tomek=TomekLinks())",33
1.0,8698,8698,0.9996550394974559,0.0004600026890485254,0.8771283939254487,0.7411865864144453,0.9996549078740262,0.0004602331308109901,0.8612746795981989,0.7393488049878767,"SMOTETomek(random_state=33, smote=SMOTE(random_state=33), tomek=TomekLinks())",33
0.005,8698,4370,0.9744882320364742,0.03164600561972855,0.9094468918257465,0.7733529087906038,0.9550000000000001,0.055677643628300216,0.9038794596466921,0.78611014894354,"SMOTETomek(random_state=33, smote=SMOTE(k_neighbors=7, random_state=33),
           tomek=TomekLinks())",33
0.01,8698,4392,0.9932758950794562,0.013448209841087522,0.8436964313542153,0.6574995476750497,0.9875,0.025,0.8262902667128507,0.6721510218219605,"SMOTETomek(random_state=33, smote=SMOTE(k_neighbors=7, random_state=33),
           tomek=TomekLinks())",33
0.03,8698,4479,0.9938669668698257,0.008210380387981216,0.8423749246534057,0.6861638447066872,0.9884615384615385,0.01538461538461537,0.8188430897125043,0.6821960512642882,"SMOTETomek(random_state=33, smote=SMOTE(k_neighbors=7, random_state=33),
           tomek=TomekLinks())",33
0.05,8698,4566,0.9975321823157752,0.0030224470522837023,0.8655550548295028,0.734372381431205,0.9953488372093023,0.005696487773914377,0.8449948042951161,0.7254935919639764,"SMOTETomek(random_state=33, smote=SMOTE(k_neighbors=7, random_state=33),
           tomek=TomekLinks())",33
0.1,8698,4783,0.9980933606042754,0.001556906602338527,0.8769755190579486,0.742103436306838,0.9975728414862335,0.0027461361879327533,0.86248701073779,0.7426394180810529,"SMOTETomek(random_state=33, smote=SMOTE(k_neighbors=7, random_state=33),
           tomek=TomekLinks())",33
0.25,8698,5436,0.9994262096050506,0.0011475807898987612,0.8745970836531082,0.7404226077993472,0.9997701149425288,0.00045977011494251484,0.8585036369934188,0.7383096640110842,"SMOTETomek(random_state=33, smote=SMOTE(k_neighbors=7, random_state=33),
           tomek=TomekLinks())",33
0.5,8698,6523,0.9996549078360613,0.0004226498708474275,0.8805924097500771,0.7216349541930938,0.9995402298850575,0.0005631010902949665,0.8659508139937652,0.7263595427779702,"SMOTETomek(random_state=33, smote=SMOTE(k_neighbors=7, random_state=33),
           tomek=TomekLinks())",33
1.0,8698,8698,0.9995402288220372,0.0006702262959914537,0.8771283939254487,0.7411865864144453,0.9995402298850575,0.0006702243557293247,0.8612746795981989,0.7393488049878767,"SMOTETomek(random_state=33, smote=SMOTE(k_neighbors=7, random_state=33),
           tomek=TomekLinks())",33
0.005,8698,4370,0.9713136949208172,0.035133405024903565,0.9186540346292061,0.7890982257179441,0.95,0.06123724356957946,0.913751298926221,0.8003117422930377,"SMOTETomek(random_state=33, smote=SMOTE(k_neighbors=9, random_state=33),
           tomek=TomekLinks())",33
0.01,8698,4392,0.9796596839566604,0.028276363273797425,0.8465989053948397,0.6659432085368059,0.9638888888888889,0.0493788578739755,0.8301004502944233,0.6801177693107032,"SMOTETomek(random_state=33, smote=SMOTE(k_neighbors=9, random_state=33),
           tomek=TomekLinks())",33
0.03,8698,4479,0.9878122331080716,0.004193142962416494,0.8412055780476833,0.6828021135162775,0.976923076923077,0.007692307692307709,0.8165916175961205,0.6776931070315206,"SMOTETomek(random_state=33, smote=SMOTE(k_neighbors=9, random_state=33),
           tomek=TomekLinks())",33
0.05,8698,4566,0.9987930703998202,0.0024138592003595696,0.8543429844097995,0.7250495703899538,0.9977272727272727,0.004545454545454541,0.8301004502944233,0.7118115691028749,"SMOTETomek(random_state=33, smote=SMOTE(k_neighbors=9, random_state=33),
           tomek=TomekLinks())",33
0.1,8698,4783,0.9987290541280839,0.0015565844384454954,0.8711467324290999,0.7328719723183391,0.9977011494252874,0.002815505451474941,0.8552130239002425,0.7325943886387254,"SMOTETomek(random_state=33, smote=SMOTE(k_neighbors=9, random_state=33),
           tomek=TomekLinks())",33
0.25,8698,5436,0.9997126106297053,0.0005747787405894655,0.8729792147806005,0.7335640138408305,0.9995412844036696,0.0009174311926605226,0.8571181156910288,0.7332871492899203,"SMOTETomek(random_state=33, smote=SMOTE(k_neighbors=9, random_state=33),
           tomek=TomekLinks())",33
0.5,8698,6523,0.9993093491466712,0.0010070447201897944,0.8642684401451027,0.723194562446899,0.999080459770115,0.0013404487114586912,0.8444752338067198,0.7178732248008313,"SMOTETomek(random_state=33, smote=SMOTE(k_neighbors=9, random_state=33),
           tomek=TomekLinks())",33
1.0,8698,8698,0.9996551060888301,0.0002816047251990426,0.8771283939254487,0.7411865864144453,0.9996550401439096,0.00028165864658067735,0.8612746795981989,0.7393488049878767,"SMOTETomek(random_state=33, smote=SMOTE(k_neighbors=9, random_state=33),
           tomek=TomekLinks())",33
0.005,4370,4370,0.9091792459457295,0.0873600796824206,0.6950469407575267,0.33015741507870755,0.865,0.12409673645990858,0.6737097332871493,0.43990301350883265,no Sampler(),11
0.01,4392,4392,0.9545490443160801,0.034160497125267544,0.8267999375292832,0.6229147571035747,0.9208333333333332,0.05617707893376859,0.8079321094561829,0.6437478351229651,no Sampler(),11
0.03,4479,4479,0.9894190202419526,0.016583386545796015,0.8517350157728707,0.6608269096005606,0.9807692307692308,0.029792179586210877,0.8290613093176307,0.664703844821614,no Sampler(),11
0.05,4566,4566,0.9925958954481666,0.004618386575789891,0.874101269695579,0.7301587301587301,0.9861522198731502,0.00859038040334463,0.8574644960166262,0.7291305853827503,no Sampler(),11
0.1,4783,4783,0.9968024850646383,0.003517335028364199,0.8517751479289941,0.7146878622288458,0.9942528735632183,0.006295661580519123,0.8264634568756495,0.7015933494977485,no Sampler(),11
0.25,5436,5436,0.9997116148639058,0.0005767702721883428,0.8614970865082923,0.7304231922692436,0.9995391705069124,0.0009216589861750891,0.839452719085556,0.7197783165916176,no Sampler(),11
0.5,6523,6523,0.9996553040381413,0.0004221646244563115,0.8481105719747096,0.7146841673502872,0.9997699826726454,0.00028171261963820814,0.8210945618288881,0.6988223068929684,no Sampler(),11
1.0,8698,8698,0.9997701146388092,0.0004597707223816805,0.8777372262773723,0.7638190954773869,0.9997701149425288,0.00045977011494251484,0.8607551091098026,0.7558018704537582,no Sampler(),11
0.005,8698,4370,0.9601450794968827,0.033053523441061626,0.8033522897336127,0.6635467156944677,0.93,0.057879184513951125,0.7724281260824386,0.6513682022861103,RandomOverSampler(random_state=11),11
0.01,8698,4392,0.9881203515509466,0.014549538512288218,0.9034785333751175,0.773571678934455,0.9777777777777779,0.027216552697590882,0.8933148597159681,0.7762383096640111,RandomOverSampler(random_state=11),11
0.03,8698,4479,0.9958851894374282,0.008229621125143537,0.8587604290822408,0.7250332889480693,0.9923076923076923,0.015384615384615375,0.8358157256667822,0.71388985105646,RandomOverSampler(random_state=11),11
0.05,8698,4566,0.9963522980164743,0.0029787444884282976,0.8591423466349017,0.741871921182266,0.9931289640591967,0.0056110071996153124,0.8361621059923796,0.7277450640803602,RandomOverSampler(random_state=11),11
0.1,8698,4783,0.9943244469807511,0.004118079441510144,0.8499852637783673,0.7227495908346973,0.9948008553862604,0.005249486732929299,0.8236924142708695,0.7066158642189124,RandomOverSampler(random_state=11),11
0.25,8698,5436,0.9997135965241633,0.0005728069516736767,0.8635547576301615,0.7438399206217959,0.9998849252013808,0.00023014959723819395,0.8420505715275373,0.7317284378247315,RandomOverSampler(random_state=11),11
0.5,8698,6523,0.9996547746908846,0.0006904506182310755,0.881588999236058,0.757426582923103,0.9995402298850575,0.0009195402298850297,0.8657776238309665,0.7525112573605819,RandomOverSampler(random_state=11),11
1.0,8698,8698,0.9997700488076525,0.00028163156286627525,0.8777372262773723,0.7638190954773869,0.9997701149425288,0.00028155054514748324,0.8607551091098026,0.7558018704537582,RandomOverSampler(random_state=11),11
0.005,42,4370,0.5040290722575226,0.009481996276240837,0.7897289586305278,0.7278452541610436,0.8733161382484823,0.05573985647684345,0.7447177000346381,0.6856598545202632,RandomUnderSampler(random_state=11),11
0.01,86,4392,0.749197680649095,0.020268923728840094,0.8,0.7328918322295805,0.9795765600130506,0.02331423486526042,0.7514721163837894,0.6856598545202632,RandomUnderSampler(random_state=11),11
0.03,260,4479,0.9501261890045724,0.024379462142198723,0.8249386635878193,0.7016424812629565,0.9782399660575131,0.021616926741863923,0.7899203325251125,0.6759612054035331,RandomUnderSampler(random_state=11),11
0.05,434,4566,0.9902627903786556,0.005002318419509144,0.8236645605973578,0.7109362706530291,0.9902906261564002,0.00866293025003404,0.7873224800831313,0.6818496709386906,RandomUnderSampler(random_state=11),11
0.1,868,4783,0.9949548515087615,0.0015391687888014344,0.8266857962697274,0.7167738898477953,0.9969978643027885,0.00252016338940728,0.7907862833391064,0.6873917561482508,RandomUnderSampler(random_state=11),11
0.25,2174,5436,0.9985630482129327,0.0012852536732834887,0.8541389012290834,0.7442388834793898,0.99907940039197,0.0010678755030761522,0.8294076896432283,0.7270523034291653,RandomUnderSampler(random_state=11),11
0.5,4348,6523,0.9994831863167523,0.0006889476615079662,0.8668870192307693,0.7523573200992556,0.9996550401439096,0.0004598363212220923,0.8465535157603048,0.7407343262902667,RandomUnderSampler(random_state=11),11
1.0,8698,8698,1.0,0.0,0.8716399879190577,0.7610678162825402,1.0,0.0,0.8527883616210599,0.7504329754069969,RandomUnderSampler(random_state=11),11
0.005,8698,4370,0.9266969356009775,0.05386559662992,0.8220477107719663,0.665883537506293,0.8800000000000001,0.07968688725254615,0.7919986144786977,0.6551783858676827,"SMOTE(k_neighbors=3, random_state=11)",11
0.01,8698,4392,0.9814452662762108,0.025056163486455257,0.9036503211655961,0.7765734265734265,0.9666666666666666,0.04444444444444447,0.893488049878767,0.7786629719431937,"SMOTE(k_neighbors=3, random_state=11)",11
0.03,8698,4479,0.9938668349036618,0.008210612500717985,0.8492262343404569,0.7113385047037465,0.9884615384615385,0.01538461538461537,0.8228264634568756,0.6970904052649809,"SMOTE(k_neighbors=3, random_state=11)",11
0.05,8698,4566,0.9950916583916907,0.004573213102700848,0.8543919419345282,0.7290057518488086,0.9908033826638478,0.008532953941061546,0.8297540699688257,0.7144094215448562,"SMOTE(k_neighbors=3, random_state=11)",11
0.1,8698,4783,0.9974513209016738,0.002388619761801354,0.8553216721019864,0.7351351351351352,0.9964234161988774,0.0029296491624509645,0.830966401108417,0.7199515067544163,"SMOTE(k_neighbors=3, random_state=11)",11
0.25,8698,5436,1.0,0.0,0.8677996691231764,0.7467954053604129,1.0,0.0,0.8477658468998961,0.7365777623830967,"SMOTE(k_neighbors=3, random_state=11)",11
0.5,8698,6523,0.9996549078360613,0.0004226498708474275,0.8767664488679532,0.749450177634918,0.999655172413793,0.00045977011494251484,0.8595427779702113,0.7435053688950468,"SMOTE(k_neighbors=3, random_state=11)",11
1.0,8698,8698,0.999770114866599,0.00028155063814216556,0.8777372262773723,0.7638190954773869,0.9997701149425288,0.00028155054514748324,0.8607551091098026,0.7558018704537582,"SMOTE(k_neighbors=3, random_state=11)",11
0.005,8698,4370,0.9378655510249121,0.06156672923509853,0.8094033625948519,0.639347049821459,0.9,0.09354143466934853,0.7781434014547974,0.6326636647038448,SMOTE(random_state=11),11
0.01,8698,4392,0.9577510037893188,0.05305265937301847,0.9047544327632199,0.772639352910146,0.9305555555555556,0.08134194702414621,0.8948735711811568,0.7760651195012123,SMOTE(random_state=11),11
0.03,8698,4479,0.9940206810575081,0.007941365065382006,0.8448680351906158,0.7129553994445352,0.9921927497789568,0.009563616652880394,0.8167648077589194,0.695704883962591,SMOTE(random_state=11),11
0.05,8698,4566,0.9963253187745419,0.0030007709398566945,0.8535069547203314,0.7281680892974393,0.993076109936575,0.005654156076243697,0.8285417388292345,0.713197090405265,SMOTE(random_state=11),11
0.1,8698,4783,0.9948885697963185,0.004817608710811766,0.8517424689899586,0.7292041183199869,0.9939080459770114,0.00876582802985637,0.826117076550052,0.7130239002424662,SMOTE(random_state=11),11
0.25,8698,5436,0.9997116148639058,0.0005767702721883428,0.8698929594451983,0.74795390011692,0.9995391705069124,0.0009216589861750891,0.8505368895046761,0.7386560443366816,SMOTE(random_state=11),11
0.5,8698,6523,1.0,0.0,0.8782714546561169,0.7522004062288422,1.0,0.0,0.8614478697609975,0.7464496016626256,SMOTE(random_state=11),11
1.0,8698,8698,0.9998850574332995,0.0002298851334010976,0.8777372262773723,0.7638190954773869,0.9998850574712644,0.00022988505747125742,0.8607551091098026,0.7558018704537582,SMOTE(random_state=11),11
0.005,8698,4370,0.9410400881405689,0.06139984055551501,0.8022333235380547,0.6469709543568465,0.905,0.09273618495495704,0.7668860408728784,0.6316245237270524,"SMOTE(k_neighbors=7, random_state=11)",11
0.01,8698,4392,0.9873361038844027,0.015559539430521149,0.8925363889749148,0.7607000519840582,0.976388888888889,0.029000851413640425,0.8798060270176654,0.7608243851749221,"SMOTE(k_neighbors=7, random_state=11)",11
0.03,8698,4479,0.9938669668698257,0.008210380387981215,0.8486454652532391,0.715927750410509,0.9884615384615385,0.01538461538461537,0.821960512642882,0.7003810183581572,"SMOTE(k_neighbors=7, random_state=11)",11
0.05,8698,4566,0.993829804290279,0.005519627571534236,0.8519940915805022,0.7200263504611331,0.9884778012684989,0.010283624953078491,0.8264634568756495,0.7055767232421198,"SMOTE(k_neighbors=7, random_state=11)",11
0.1,8698,4783,0.9962324521605188,0.004596857105302134,0.8578227245687091,0.7318361955085865,0.9982758620689655,0.002180881144943726,0.8344302043643921,0.7187391756148251,"SMOTE(k_neighbors=7, random_state=11)",11
0.25,8698,5436,0.9991378244689564,0.0011483293839098904,0.8595262922687323,0.7353815659068385,0.9993092854494412,0.0009213947125883593,0.8366816764807758,0.7225493591963976,"SMOTE(k_neighbors=7, random_state=11)",11
0.5,8698,6523,1.0,0.0,0.8752084912812736,0.7539055938182428,1.0,0.0,0.8574644960166262,0.7462764114998268,"SMOTE(k_neighbors=7, random_state=11)",11
1.0,8698,8698,1.0,0.0,0.8777372262773723,0.7638190954773869,1.0,0.0,0.8607551091098026,0.7558018704537582,"SMOTE(k_neighbors=7, random_state=11)",11
0.005,8698,4370,0.9713136949208172,0.035133405024903565,0.7943158511573396,0.6466041769445815,0.95,0.06123724356957945,0.7568410114305507,0.6278143401454797,"SMOTE(k_neighbors=9, random_state=11)",11
0.01,8698,4392,0.9729355129771703,0.026586962549781462,0.8820198928844682,0.7549420586230402,0.951388888888889,0.046481112585226414,0.8664703844821614,0.7509525458953932,"SMOTE(k_neighbors=9, random_state=11)",11
0.03,8698,4479,0.993945266238246,0.004943669416371074,0.8489759834978635,0.7136505845545859,0.9884615384615385,0.009421114395319882,0.8224800831312782,0.6988223068929684,"SMOTE(k_neighbors=9, random_state=11)",11
0.05,8698,4566,0.9951453684162945,0.002427878904187664,0.8543487924136909,0.7247237341250207,0.9930140215304609,0.005473271456966553,0.8297540699688257,0.7109456182888811,"SMOTE(k_neighbors=9, random_state=11)",11
0.1,8698,4783,0.9980935151331796,0.0015566383800215671,0.8504865821291654,0.7259356103938552,0.9965517241379309,0.002815505451474941,0.8243851749220644,0.7095600969864911,"SMOTE(k_neighbors=9, random_state=11)",11
0.25,8698,5436,1.0,0.0,0.8629973078073586,0.7365796908758517,1.0,0.0,0.8413578108763422,0.7254935919639764,"SMOTE(k_neighbors=9, random_state=11)",11
0.5,8698,6523,0.9994819276798159,0.0006912338284589351,0.875701927454849,0.7461069735951252,0.9994242279781769,0.0008923926332859185,0.8581572566678213,0.7402147558018703,"SMOTE(k_neighbors=9, random_state=11)",11
1.0,8698,8698,0.9998850574332995,0.0002298851334010976,0.8777372262773723,0.7638190954773869,0.9998850574712644,0.00022988505747125742,0.8607551091098026,0.7558018704537582,"SMOTE(k_neighbors=9, random_state=11)",11
0.005,8698,4370,0.9266969356009775,0.05386559662992,0.7047674588132381,0.49039932030586236,0.8800000000000001,0.07968688725254615,0.6492899203325251,0.48060270176653963,"BorderlineSMOTE(k_neighbors=3, random_state=11)",11
0.01,8698,4392,0.9620573311472873,0.012687477921151455,0.8198920810850227,0.6848691695108078,0.9305555555555556,0.02106354290014321,0.78611014894354,0.6641842743332178,"BorderlineSMOTE(k_neighbors=3, random_state=11)",11
0.03,8698,4479,0.9959635548647949,0.0049436154779960466,0.8438781487990626,0.7065377683106668,0.9923076923076923,0.009421114395319882,0.8153792864565292,0.6898164184274334,"BorderlineSMOTE(k_neighbors=3, random_state=11)",11
0.05,8698,4566,0.9951443802444289,0.004489572446833713,0.8305035971223022,0.7092266158488169,0.9929610351379559,0.005748413311033388,0.795981988223069,0.6828888119154832,"BorderlineSMOTE(k_neighbors=3, random_state=11)",11
0.1,8698,4783,1.0,0.0,0.8514091781024052,0.732660371214588,1.0,0.0,0.8255975060616556,0.7156217526844475,"BorderlineSMOTE(k_neighbors=3, random_state=11)",11
0.25,8698,5436,0.9991368361233164,0.0007047726989411368,0.8376887340301974,0.7279949157928186,0.9989655123818466,0.001053476811575694,0.8063733979909942,0.7034984412885348,"BorderlineSMOTE(k_neighbors=3, random_state=11)",11
0.5,8698,6523,1.0,0.0,0.8473529411764706,0.7190717437489786,1.0,0.0,0.8202286110148944,0.7022861101489435,"BorderlineSMOTE(k_neighbors=3, random_state=11)",11
1.0,8698,8698,0.999540031099993,0.0006705993085290425,0.8777372262773723,0.7638190954773869,0.9995402298850575,0.0006702243557293247,0.8607551091098026,0.7558018704537582,"BorderlineSMOTE(k_neighbors=3, random_state=11)",11
0.005,8698,4370,0.9266969356009774,0.05386559662992,0.7078129538193436,0.4984812689841377,0.8800000000000001,0.07968688725254613,0.651541392448909,0.485278836162106,BorderlineSMOTE(random_state=11),11
0.01,8698,4392,0.9813962466304028,0.015257241351871577,0.7981518914236211,0.6400914883189022,0.9652777777777779,0.02846375212766556,0.7578801524073433,0.6184620713543472,BorderlineSMOTE(random_state=11),11
0.03,8698,4479,0.9959635548647949,0.0049436154779960466,0.842443729903537,0.7077826725403817,0.9923076923076923,0.009421114395319882,0.8133010045029443,0.6898164184274334,BorderlineSMOTE(random_state=11),11
0.05,8698,4566,0.9926765847147031,0.007095414550029398,0.8308622426946883,0.71283676703645,0.9905206434837549,0.008762811581005957,0.7965015587114652,0.6861794250086595,BorderlineSMOTE(random_state=11),11
0.1,8698,4783,0.999371067115748,0.0012578657685040626,0.8408627222384144,0.7253205128205128,0.9998850574712644,0.00022988505747125742,0.8108763422237617,0.7031520609629374,BorderlineSMOTE(random_state=11),11
0.25,8698,5436,0.9997126106297053,0.0005747787405894655,0.8397613156745743,0.7311793729110297,0.9998850574712644,0.00022988505747125742,0.8093176307585729,0.7074818150329061,BorderlineSMOTE(random_state=11),11
0.5,8698,6523,0.9991361693259581,0.0013386029766498768,0.8436448734825216,0.7184308639974064,0.9988505747126437,0.0017806819982563158,0.814859715968133,0.6991686872185661,BorderlineSMOTE(random_state=11),11
1.0,8698,8698,0.9997700486555307,0.00028163174926613114,0.8777372262773723,0.7638190954773869,0.9997699826726454,0.00028171261963820814,0.8607551091098026,0.7558018704537582,BorderlineSMOTE(random_state=11),11
0.005,8698,4370,0.9378655510249121,0.061566729235098525,0.7573073516386183,0.596766127687948,0.9,0.09354143466934853,0.7152753723588501,0.5810529961898164,"BorderlineSMOTE(k_neighbors=7, random_state=11)",11
0.01,8698,4392,0.9747212272628845,0.02364589462158307,0.8345555881490173,0.6952380952380952,0.9541666666666666,0.04203540541783767,0.8046414963630066,0.6785590578455144,"BorderlineSMOTE(k_neighbors=7, random_state=11)",11
0.03,8698,4479,0.993945266238246,0.004943669416371074,0.8388411704760518,0.7056150600454398,0.9884615384615385,0.009421114395319882,0.8082784897817804,0.685833044683062,"BorderlineSMOTE(k_neighbors=7, random_state=11)",11
0.05,8698,4566,0.9927295030948511,0.0071505392666032916,0.8398369248689574,0.7183529033295801,0.9928368583257278,0.013470629704206878,0.8094908209213717,0.6967440249393835,"BorderlineSMOTE(k_neighbors=7, random_state=11)",11
0.1,8698,4783,0.9980933996444336,0.0025503723835228077,0.8517862415116623,0.7350788746137583,0.9975860746266683,0.004545629237262379,0.826117076550052,0.7178732248008313,"BorderlineSMOTE(k_neighbors=7, random_state=11)",11
0.25,8698,5436,0.9994252873183569,0.0007038764171156336,0.8397613156745743,0.7295617529880478,0.9994263418749341,0.0008882990890965319,0.8093176307585729,0.7060962937305161,"BorderlineSMOTE(k_neighbors=7, random_state=11)",11
0.5,8698,6523,0.9994818621991675,0.001036275601665171,0.8471141136730798,0.7173202614379085,0.9993103448275862,0.0013793103448275894,0.8197090405264982,0.7003810183581572,"BorderlineSMOTE(k_neighbors=7, random_state=11)",11
1.0,8698,8698,0.9998850574332995,0.0002298851334010976,0.8777372262773723,0.7638190954773869,0.9998850574712644,0.00022988505747125742,0.8607551091098026,0.7558018704537582,"BorderlineSMOTE(k_neighbors=7, random_state=11)",11
0.005,8698,4370,0.9461987523920816,0.048129904370150065,0.7769847050254917,0.6323505456914807,0.9099999999999999,0.0784219357067906,0.7348458607551092,0.6091098025632145,"BorderlineSMOTE(k_neighbors=9, random_state=11)",11
0.01,8698,4392,0.973103580317825,0.03920793232758316,0.8317062509106805,0.6816836566918777,0.9541666666666666,0.06508541396588882,0.7999653619674403,0.6647038448216142,"BorderlineSMOTE(k_neighbors=9, random_state=11)",11
0.03,8698,4479,0.9918487443022231,0.007677732979371165,0.8436310395314788,0.7096879594837445,0.9846153846153847,0.014390989949130528,0.8150329061309318,0.6922410807066159,"BorderlineSMOTE(k_neighbors=9, random_state=11)",11
0.05,8698,4566,0.9951457488417198,0.0045585744297592405,0.8436448734825216,0.7202978310132729,0.9930668756530825,0.009007223607732838,0.814859715968133,0.7007273986837548,"BorderlineSMOTE(k_neighbors=9, random_state=11)",11
0.1,8698,4783,0.998735632183908,0.0025287356321839205,0.8526673562878676,0.7359166395310973,0.998735632183908,0.0025287356321839205,0.8273294076896431,0.7190855559404226,"BorderlineSMOTE(k_neighbors=9, random_state=11)",11
0.25,8698,5436,0.9991348371041706,0.001154801995372413,0.8440608543007607,0.7328415651058371,0.9989633984850892,0.0017996645959267334,0.8153792864565292,0.7114651887772774,"BorderlineSMOTE(k_neighbors=9, random_state=11)",11
0.5,8698,6523,0.9996542425552111,0.0006915148895776824,0.8498157700810611,0.7254613751429038,0.9995391705069124,0.0009216589861750891,0.8235192241080707,0.7088673363352962,"BorderlineSMOTE(k_neighbors=9, random_state=11)",11
1.0,8698,8698,0.9997701146388092,0.0004597707223816805,0.8777372262773723,0.7638190954773869,0.9997701149425288,0.00045977011494251484,0.8607551091098026,0.7558018704537582,"BorderlineSMOTE(k_neighbors=9, random_state=11)",11
0.005,4370,4370,0.8932487917050725,0.0497283915742641,0.7115877080665813,0.36082264304622275,0.8300000000000001,0.06595452979136461,0.687911326636647,0.4563560789747142,EditedNearestNeighbours(),11
0.01,4392,4392,0.9527634619965297,0.035250959113019495,0.8135331376486946,0.6157173756308579,0.9180555555555555,0.05800170282728086,0.7909594735019051,0.6307585729130585,EditedNearestNeighbours(),11
0.03,4479,4479,0.9918487443022231,0.007677732979371165,0.8487029539661118,0.6548703573931325,0.9846153846153847,0.014390989949130528,0.8252511257360582,0.6588153792864566,EditedNearestNeighbours(),11
0.05,4566,4566,0.9951187695997874,0.004565873933172349,0.874176245210728,0.7270836943337377,0.9908562367864693,0.008518536836323792,0.8578108763422237,0.727225493591964,EditedNearestNeighbours(),11
0.1,4783,4783,0.9968092192923234,0.002020104385266509,0.8645238810453589,0.7257711107365582,0.9942395081529003,0.003634900197930265,0.8437824731555248,0.7182196051264289,EditedNearestNeighbours(),11
0.25,5436,5436,0.9988447162759089,0.0023105674481821658,0.8456572769953051,0.7152188112344873,0.998165137614679,0.00366972477064218,0.8178039487357118,0.6979563560789748,EditedNearestNeighbours(),11
0.5,6522,6523,1.0,0.0,0.8497348261638185,0.7166337935568705,1.0,0.0,0.823346033945272,0.7014201593349498,EditedNearestNeighbours(),11
1.0,8695,8698,0.9997701146388092,0.0004597707223816805,0.8651079136690647,0.7498761763249133,0.9997701149425288,0.00045977011494251484,0.8441288534811222,0.7376169033598892,EditedNearestNeighbours(),11
0.005,4370,4370,0.9187605596685984,0.07494375730721212,0.7115877080665813,0.36082264304622275,0.875,0.11180339887498948,0.687911326636647,0.4563560789747142,EditedNearestNeighbours(n_neighbors=5),11
0.01,4392,4392,0.9468726902955554,0.03494299387616696,0.8135331376486946,0.6157173756308579,0.9083333333333332,0.05800170282728085,0.7909594735019051,0.6307585729130585,EditedNearestNeighbours(n_neighbors=5),11
0.03,4479,4479,0.9898304556756742,0.0065067938563412335,0.8487029539661118,0.6548703573931325,0.9807692307692308,0.01216260638526299,0.8252511257360582,0.6588153792864566,EditedNearestNeighbours(n_neighbors=5),11
0.05,4566,4566,0.992567701729606,0.0046844980853436085,0.874176245210728,0.7270836943337377,0.9860993657505286,0.008716284238772971,0.8578108763422237,0.727225493591964,EditedNearestNeighbours(n_neighbors=5),11
0.1,4783,4783,0.9961670249090886,0.0023901507592809547,0.8645238810453589,0.7257711107365582,0.9930900828655439,0.004297265215527087,0.8437824731555248,0.7182196051264289,EditedNearestNeighbours(n_neighbors=5),11
0.25,5436,5436,0.9994252873183569,0.0007038764171156337,0.8456572769953051,0.7152188112344873,0.9990825688073395,0.0011236191480656441,0.8178039487357118,0.6979563560789748,EditedNearestNeighbours(n_neighbors=5),11
0.5,6520,6523,0.9994823278493253,0.0006905330287323861,0.8498600265212907,0.7180160945968139,0.999425287356322,0.000890340999128115,0.8235192241080707,0.702632490474541,EditedNearestNeighbours(n_neighbors=5),11
1.0,8690,8698,0.9997700488076525,0.00028163156286627525,0.8644194756554308,0.7495875948531837,0.9997701149425288,0.00028155054514748324,0.8432629026671286,0.7370973328714929,EditedNearestNeighbours(n_neighbors=5),11
0.005,4370,4370,0.9123537830613861,0.040269250437571555,0.7115877080665813,0.36082264304622275,0.8550000000000001,0.05338539126015656,0.687911326636647,0.4563560789747142,EditedNearestNeighbours(n_neighbors=7),11
0.01,4392,4392,0.9382438236975166,0.04840067572876659,0.8135331376486946,0.6157173756308579,0.8972222222222221,0.07432826755699806,0.7909594735019051,0.6307585729130585,EditedNearestNeighbours(n_neighbors=7),11
0.03,4479,4479,0.9916872114132186,0.012221761919722492,0.8487029539661118,0.6548703573931325,0.9846153846153847,0.022426738057097315,0.8252511257360582,0.6588153792864566,EditedNearestNeighbours(n_neighbors=7),11
0.05,4566,4566,0.9950634646731302,0.004655108538682456,0.874176245210728,0.7270836943337377,0.9907505285412264,0.008688034569114999,0.8578108763422237,0.727225493591964,EditedNearestNeighbours(n_neighbors=7),11
0.1,4783,4783,0.9968024850646383,0.003517335028364199,0.8645238810453589,0.7257711107365582,0.995287356321839,0.006626912784091733,0.8437824731555248,0.7182196051264289,EditedNearestNeighbours(n_neighbors=7),11
0.25,5436,5436,0.9997116148639058,0.0005767702721883428,0.8456572769953051,0.7152188112344873,0.9995391705069124,0.0009216589861750891,0.8178039487357118,0.6979563560789748,EditedNearestNeighbours(n_neighbors=7),11
0.5,6520,6523,0.9998276851246046,0.00034462975079043725,0.8498600265212907,0.7180160945968139,0.9998850574712644,0.00022988505747125742,0.8235192241080707,0.702632490474541,EditedNearestNeighbours(n_neighbors=7),11
1.0,8687,8698,0.9997699820641565,0.0004600358716873032,0.8653269346130774,0.7461054027179317,0.9997698504027618,0.00046029919447638785,0.8444752338067197,0.7346726705923103,EditedNearestNeighbours(n_neighbors=7),11
0.005,4370,4370,0.8884869528883501,0.07049968175482285,0.7115877080665813,0.36082264304622275,0.8300000000000001,0.10295630140987,0.687911326636647,0.4563560789747142,EditedNearestNeighbours(n_neighbors=9),11
0.01,4392,4392,0.9528124155833915,0.04050262782544404,0.8135331376486946,0.6157173756308579,0.9194444444444445,0.06826780959691396,0.7909594735019051,0.6307585729130585,EditedNearestNeighbours(n_neighbors=9),11
0.03,4479,4479,0.9898304556756742,0.0065067938563412335,0.8487029539661118,0.6548703573931325,0.9807692307692308,0.01216260638526299,0.8252511257360582,0.6588153792864566,EditedNearestNeighbours(n_neighbors=9),11
0.05,4566,4566,0.9938851752758826,0.0054570984422217085,0.874176245210728,0.7270836943337377,0.988583509513742,0.010164495036994172,0.8578108763422237,0.727225493591964,EditedNearestNeighbours(n_neighbors=9),11
0.1,4783,4783,0.9968091532333769,0.0020201039508725245,0.8645238810453589,0.7257711107365582,0.9942395081529003,0.003634900197930265,0.8437824731555248,0.7182196051264289,EditedNearestNeighbours(n_neighbors=9),11
0.25,5433,5436,0.9991359748082467,0.0011515631854192353,0.8532938564026646,0.7194577616134898,0.9986217393142519,0.0018359238973744453,0.8283685486664357,0.7060962937305161,EditedNearestNeighbours(n_neighbors=9),11
0.5,6516,6523,0.9994823278493253,0.0006905330287323861,0.8486542138549786,0.7204968944099379,0.999425287356322,0.000890340999128115,0.8217873224800831,0.7038448216141323,EditedNearestNeighbours(n_neighbors=9),11
1.0,8683,8698,0.9998850574332995,0.0002298851334010976,0.8667567973561664,0.7466356537630836,0.9998850574712644,0.00022988505747125742,0.846380325597506,0.7358850017319016,EditedNearestNeighbours(n_neighbors=9),11
0.005,4370,4370,0.8884869528883501,0.07049968175482285,0.6950469407575267,0.33015741507870755,0.8300000000000001,0.10295630140987,0.6737097332871493,0.43990301350883265,TomekLinks(),11
0.01,4392,4392,0.9378559760235786,0.03203228903911593,0.8267999375292832,0.6229147571035747,0.8930555555555555,0.04922234762963707,0.8079321094561829,0.6437478351229651,TomekLinks(),11
0.03,4479,4479,0.9898304556756742,0.0065067938563412335,0.8517350157728707,0.6608269096005606,0.9807692307692308,0.01216260638526299,0.8290613093176307,0.664703844821614,TomekLinks(),11
0.05,4566,4566,0.9926230066562631,0.00462576994146778,0.874101269695579,0.7301587301587301,0.9862050739957716,0.008604677135293332,0.8574644960166262,0.7291305853827503,TomekLinks(),11
0.1,4783,4783,0.9967955927619838,0.0035176841516164283,0.8517751479289941,0.7146878622288458,0.9942395081529003,0.0062957183286100424,0.8264634568756495,0.7015933494977485,TomekLinks(),11
0.25,5436,5436,0.9991369021822628,0.0007047189281056536,0.8614970865082923,0.7304231922692436,0.9986217393142519,0.0011253517555787418,0.839452719085556,0.7197783165916176,TomekLinks(),11
0.5,6523,6523,1.0,0.0,0.8481105719747096,0.7146841673502872,1.0,0.0,0.8210945618288881,0.6988223068929684,TomekLinks(),11
1.0,8698,8698,0.9998850574332995,0.0002298851334010976,0.8777372262773723,0.7638190954773869,0.9998850574712644,0.00022988505747125742,0.8607551091098026,0.7558018704537582,TomekLinks(),11
0.005,8701,4370,0.9143161149968873,0.11141817702785636,0.8033460522453771,0.6493291369885705,0.8800000000000001,0.1372953021774598,0.7679251818496708,0.6333564253550399,"ADASYN(n_neighbors=3, random_state=11)",11
0.01,8700,4392,0.9873851894374284,0.025229621125143528,0.9051805337519623,0.7695836273817925,0.9777777777777779,0.04444444444444447,0.8953931416695532,0.7738136473848285,"ADASYN(n_neighbors=3, random_state=11)",11
0.03,8697,4479,0.9919226040452257,0.007660476413644005,0.8438324055083504,0.7017601579207107,0.9883465959328028,0.015299892737476735,0.8153792864565292,0.6860062348458608,"ADASYN(n_neighbors=3, random_state=11)",11
0.05,8702,4566,0.99391177409239,0.003859137067533055,0.8392727272727273,0.7244245524296675,0.9906884401351121,0.004665851979724572,0.8086248701073779,0.7014201593349498,"ADASYN(n_neighbors=3, random_state=11)",11
0.1,8703,4783,0.9974969002381293,0.003632323037415624,0.8597824467292505,0.7406188281764319,0.9985057471264367,0.0022288183252489042,0.8370280568063734,0.7270523034291652,"ADASYN(n_neighbors=3, random_state=11)",11
0.25,8696,5436,0.9982737233978728,0.0010774943576121743,0.8417213712618526,0.7342579308146022,0.9979308924938095,0.0016523941916618927,0.812088673363353,0.7112919986144788,"ADASYN(n_neighbors=3, random_state=11)",11
0.5,8698,6523,0.9998274208885574,0.0003451582228851002,0.8657164291072769,0.7423057727499585,0.9997701149425288,0.00045977011494251484,0.8449948042951161,0.7317284378247315,"ADASYN(n_neighbors=3, random_state=11)",11
1.0,8698,8698,,,0.8777372262773723,0.7638190954773869,,,0.8607551091098026,0.7558018704537582,"ADASYN(n_neighbors=3, random_state=11)",11
0.005,8692,4370,0.9493732895077385,0.04736093170694469,0.8038207200587804,0.64604125083167,0.9348850574712643,0.08297656487469227,0.7687911326636647,0.6314513335642535,ADASYN(random_state=11),11
0.01,8693,4392,0.9813962466304028,0.015257241351871577,0.8940263770364624,0.7566718995290423,0.9762739463601534,0.028908033281787957,0.8817111188084517,0.7583997228957395,ADASYN(random_state=11),11
0.03,8689,4479,0.9938668349036618,0.008210612500717984,0.8405247813411079,0.7102318793578726,0.9884615384615385,0.01538461538461537,0.8105299618981642,0.6905091790786283,ADASYN(random_state=11),11
0.05,8702,4566,0.9963253187745419,0.003000770939856695,0.832852193995381,0.7146717532983627,0.993076109936575,0.005654156076243697,0.799445791479044,0.6891236577762383,ADASYN(random_state=11),11
0.1,8691,4783,0.9981129560544064,0.0025080558944877204,0.847407842561316,0.7216158983547809,0.9986204251154055,0.0022287911026858133,0.8200554208520956,0.704018011776931,ADASYN(random_state=11),11
0.25,8696,5436,0.9994262071538685,0.0007027515744396155,0.8470346447445684,0.7342465753424657,0.9997699826726454,0.00028171261963820814,0.8195358503636994,0.7144094215448562,ADASYN(random_state=11),11
0.5,8698,6523,0.9994827252685144,0.0006898372599014354,0.8455451348182884,0.7334405144694534,0.999655172413793,0.00045977011494251484,0.8174575684101143,0.7128507100796675,ADASYN(random_state=11),11
1.0,8698,8698,,,0.8777372262773723,0.7638190954773869,,,0.8607551091098026,0.7558018704537582,ADASYN(random_state=11),11
0.005,8699,4370,0.9187605596685984,0.0749437573072121,0.8030615248748896,0.633736559139785,0.875,0.11180339887498948,0.7682715621752685,0.6224454450987184,"ADASYN(n_neighbors=7, random_state=11)",11
0.01,8692,4392,0.9806609525507206,0.02545099317675911,0.8825600979941816,0.7460481099656358,0.9748850574712644,0.030759933953030862,0.8671631451333564,0.744024939383443,"ADASYN(n_neighbors=7, random_state=11)",11
0.03,8701,4479,0.9938669668698257,0.008210380387981216,0.8391323336730238,0.708245585614774,0.9884615384615385,0.01538461538461537,0.8086248701073779,0.6880845167994458,"ADASYN(n_neighbors=7, random_state=11)",11
0.05,8693,4566,0.9963256991999672,0.004887712483924387,0.8381754793724578,0.7129063405214033,0.9931289640591967,0.009117910635453622,0.8070661586421891,0.6910287495670246,"ADASYN(n_neighbors=7, random_state=11)",11
0.1,8677,4783,0.9981000931890037,0.0025304215165849026,0.8388315651794798,0.7203715566944267,0.9986206896551725,0.0024812681775773586,0.8079321094561829,0.6976099757533771,"ADASYN(n_neighbors=7, random_state=11)",11
0.25,8693,5436,0.9997126106297053,0.0005747787405894655,0.8458382180539273,0.7335584499115614,0.9998850574712644,0.00022988505747125742,0.8178039487357118,0.7130239002424663,"ADASYN(n_neighbors=7, random_state=11)",11
0.5,8701,6523,1.0,0.0,0.8500294637595758,0.7356656948493683,1.0,0.0,0.8236924142708694,0.717353654312435,"ADASYN(n_neighbors=7, random_state=11)",11
1.0,8698,8698,,,0.8777372262773723,0.7638190954773869,,,0.8607551091098026,0.7558018704537582,"ADASYN(n_neighbors=7, random_state=11)",11
0.005,8696,4370,0.9458019269572914,0.02778757100766018,0.8068732559847261,0.6498254944324414,0.905,0.04847679857416329,0.7722549359196398,0.6350883269830274,"ADASYN(n_neighbors=9, random_state=11)",11
0.01,8702,4392,0.9873361038844027,0.015559539430521149,0.8801343716597954,0.7495311167945439,0.976388888888889,0.029000851413640425,0.8640457222029789,0.7455836508486318,"ADASYN(n_neighbors=9, random_state=11)",11
0.03,8690,4479,0.9959634888058485,0.0049436963844552055,0.8405543398978848,0.710786699107867,0.9923076923076923,0.009421114395319882,0.8107031520609629,0.6912019397298234,"ADASYN(n_neighbors=9, random_state=11)",11
0.05,8696,4566,0.99391177409239,0.003859137067533055,0.8375671360139353,0.7156375300721732,0.9907412942577338,0.008397398551909265,0.8062002078281953,0.6929338413578109,"ADASYN(n_neighbors=9, random_state=11)",11
0.1,8707,4783,0.99873559417979,0.0015486090687976723,0.840372851733178,0.7215799614643545,0.998735632183908,0.0022524043611799544,0.8101835815725666,0.6996882577069623,"ADASYN(n_neighbors=9, random_state=11)",11
0.25,8690,5436,1.0,0.0,0.8452189193146874,0.7294989527952311,1.0,0.0,0.8169379979217181,0.7092137166608936,"ADASYN(n_neighbors=9, random_state=11)",11
0.5,8700,6523,0.999309946762993,0.0006457514600726378,0.8520378027170703,0.7428848641655886,0.9991954022988505,0.0008601511233962824,0.8264634568756495,0.7246276411499827,"ADASYN(n_neighbors=9, random_state=11)",11
1.0,8698,8698,,,0.8777372262773723,0.7638190954773869,,,0.8607551091098026,0.7558018704537582,"ADASYN(n_neighbors=9, random_state=11)",11
0.005,8698,4370,0.9187028572926998,0.07501003288796362,0.8205204021289177,0.6736492103075644,0.8997701149425288,0.09360398304256158,0.7897471423623139,0.6600277104260478,"SMOTEENN(enn=EditedNearestNeighbours(), random_state=11,
         smote=SMOTE(k_neighbors=3, random_state=11))",11
0.01,8698,4392,0.981396312689349,0.015257193312280268,0.9023779724655819,0.7751396648044693,0.9652777777777779,0.02846375212766556,0.8919293384135781,0.7769310703152061,"SMOTEENN(enn=EditedNearestNeighbours(), random_state=11,
         smote=SMOTE(k_neighbors=3, random_state=11))",11
0.03,8698,4479,0.9958851894374282,0.008229621125143537,0.8485205358457235,0.7103050288540808,0.9923076923076923,0.015384615384615375,0.8217873224800831,0.695704883962591,"SMOTEENN(enn=EditedNearestNeighbours(), random_state=11,
         smote=SMOTE(k_neighbors=3, random_state=11))",11
0.05,8698,4566,0.9962703282143636,0.004984613011657349,0.8518682617043273,0.7280759162303665,0.9930232558139535,0.009302325581395366,0.8262902667128507,0.7121579494284724,"SMOTEENN(enn=EditedNearestNeighbours(), random_state=11,
         smote=SMOTE(k_neighbors=3, random_state=11))",11
0.1,8698,4783,0.9987223987397538,0.002555202520492372,0.8500294637595758,0.7257590597453477,0.9977011494252874,0.004597701149425282,0.8236924142708694,0.7090405264980949,"SMOTEENN(enn=EditedNearestNeighbours(), random_state=11,
         smote=SMOTE(k_neighbors=3, random_state=11))",11
0.25,8698,5436,0.9994281716221618,0.0011436567556762256,0.8663663663663663,0.7473037995686079,0.9997698504027618,0.00046029919447638785,0.8458607551091097,0.7362313820574992,"SMOTEENN(enn=EditedNearestNeighbours(), random_state=11,
         smote=SMOTE(k_neighbors=3, random_state=11))",11
0.5,8696,6523,0.9998274208885574,0.0003451582228851002,0.871206401932659,0.7477386934673367,0.9997701149425288,0.00045977011494251484,0.8522687911326636,0.7391756148250779,"SMOTEENN(enn=EditedNearestNeighbours(), random_state=11,
         smote=SMOTE(k_neighbors=3, random_state=11))",11
1.0,8695,8698,0.9997700486555307,0.00028163174926613114,0.8651079136690647,0.7498761763249133,0.9997699826726454,0.00028171261963820814,0.8441288534811222,0.7376169033598892,"SMOTEENN(enn=EditedNearestNeighbours(), random_state=11,
         smote=SMOTE(k_neighbors=3, random_state=11))",11
0.005,8698,4370,0.9378655510249121,0.06156672923509853,0.8087625814091178,0.6535051028944286,0.9,0.09354143466934853,0.7762383096640111,0.6413231728437825,"SMOTEENN(enn=EditedNearestNeighbours(n_neighbors=5), random_state=11,
         smote=SMOTE(random_state=11))",11
0.01,8698,4392,0.9820154416768423,0.014851815568216823,0.9081455805892548,0.7749690648753756,0.9762739463601532,0.028908033281787957,0.899030135088327,0.7795289227571873,"SMOTEENN(enn=EditedNearestNeighbours(n_neighbors=5), random_state=11,
         smote=SMOTE(random_state=11))",11
0.03,8698,4479,0.9918487443022231,0.007677732979371165,0.8434299092771437,0.7110241356816699,0.9846153846153847,0.014390989949130528,0.8146865258053342,0.6931070315206096,"SMOTEENN(enn=EditedNearestNeighbours(n_neighbors=5), random_state=11,
         smote=SMOTE(random_state=11))",11
0.05,8696,4566,0.9938847287915109,0.003859138345816384,0.8548984733955832,0.7307376375883029,0.9906884401351121,0.008411301040568208,0.8304468306200208,0.7161413231728437,"SMOTEENN(enn=EditedNearestNeighbours(n_neighbors=5), random_state=11,
         smote=SMOTE(random_state=11))",11
0.1,8698,4783,0.9974774170595019,0.0023467858021142575,0.8543919419345282,0.7287968441814595,0.9985054825866697,0.00216868929711683,0.8297540699688257,0.7142362313820575,"SMOTEENN(enn=EditedNearestNeighbours(n_neighbors=5), random_state=11,
         smote=SMOTE(random_state=11))",11
0.25,8697,5436,0.9994252873183569,0.0007038764171156336,0.8741099833358582,0.7523921436964915,0.9994263418749341,0.0008882990890965319,0.8560789747142362,0.7445445098718393,"SMOTEENN(enn=EditedNearestNeighbours(n_neighbors=5), random_state=11,
         smote=SMOTE(random_state=11))",11
0.5,8696,6523,0.9996554348285629,0.0006891303428740337,0.8707195655453311,0.7506675567423231,0.9997698504027618,0.00046029919447638785,0.8515760304814686,0.7412538967786629,"SMOTEENN(enn=EditedNearestNeighbours(n_neighbors=5), random_state=11,
         smote=SMOTE(random_state=11))",11
1.0,8690,8698,0.9997700488076525,0.00028163156286627525,0.8644194756554308,0.7495875948531837,0.9997701149425288,0.00028155054514748324,0.8432629026671286,0.7370973328714929,"SMOTEENN(enn=EditedNearestNeighbours(n_neighbors=5), random_state=11,
         smote=SMOTE(random_state=11))",11
0.005,8696,4370,0.9378655510249121,0.06156672923509853,0.8040053011338536,0.641124309854442,0.9,0.09354143466934853,0.7694838933148598,0.6285071007966747,"SMOTEENN(enn=EditedNearestNeighbours(n_neighbors=7), random_state=11,
         smote=SMOTE(k_neighbors=7, random_state=11))",11
0.01,8698,4392,0.9873360378254563,0.015559611754269722,0.8940592523654413,0.7587047353760445,0.976388888888889,0.029000851413640425,0.8817111188084517,0.7599584343609282,"SMOTEENN(enn=EditedNearestNeighbours(n_neighbors=7), random_state=11,
         smote=SMOTE(k_neighbors=7, random_state=11))",11
0.03,8697,4479,0.9940206810575081,0.007941365065382006,0.8480211858172724,0.7149187592319055,0.9921927497789568,0.009563616652880394,0.8210945618288881,0.6991686872185661,"SMOTEENN(enn=EditedNearestNeighbours(n_neighbors=7), random_state=11,
         smote=SMOTE(k_neighbors=7, random_state=11))",11
0.05,8697,4566,0.9950643646315506,0.00719486310098154,0.8435214975138929,0.7218361079683207,0.9929083132852178,0.009504126643253348,0.8146865258053343,0.7019397298233461,"SMOTEENN(enn=EditedNearestNeighbours(n_neighbors=7), random_state=11,
         smote=SMOTE(k_neighbors=7, random_state=11))",11
0.1,8696,4783,0.9974578609533798,0.002386933636101777,0.8479858865039694,0.7277155382367267,0.9974578989574979,0.002893559168170404,0.8209213716660894,0.7095600969864911,"SMOTEENN(enn=EditedNearestNeighbours(n_neighbors=7), random_state=11,
         smote=SMOTE(k_neighbors=7, random_state=11))",11
0.25,8698,5436,1.0,0.0,0.8606801909307876,0.7391878507758336,1.0,0.0,0.8382403879459647,0.7263595427779702,"SMOTEENN(enn=EditedNearestNeighbours(n_neighbors=7), random_state=11,
         smote=SMOTE(k_neighbors=7, random_state=11))",11
0.5,8692,6523,0.9996551720721086,0.0004223263524411363,0.8769371011850501,0.7561837455830389,0.999655172413793,0.00045977011494251484,0.85971596813301,0.7490474541046068,"SMOTEENN(enn=EditedNearestNeighbours(n_neighbors=7), random_state=11,
         smote=SMOTE(k_neighbors=7, random_state=11))",11
1.0,8687,8698,0.9997700486555307,0.00028163174926613114,0.8653269346130774,0.7461054027179317,0.9997699826726454,0.00028171261963820814,0.8444752338067197,0.7346726705923103,"SMOTEENN(enn=EditedNearestNeighbours(n_neighbors=7), random_state=11,
         smote=SMOTE(k_neighbors=7, random_state=11))",11
0.005,8696,4370,0.9318555998524902,0.03995037911277361,0.7972295903330386,0.636940547762191,0.885,0.06442049363362562,0.7616903359889158,0.6234845860755109,"SMOTEENN(enn=EditedNearestNeighbours(n_neighbors=9), random_state=11,
         smote=SMOTE(k_neighbors=9, random_state=11))",11
0.01,8692,4392,0.9865517901589126,0.016470626032269838,0.8824249846907533,0.7553282182438192,0.975,0.03061862178478973,0.8669899549705578,0.7514721163837894,"SMOTEENN(enn=EditedNearestNeighbours(n_neighbors=9), random_state=11,
         smote=SMOTE(k_neighbors=9, random_state=11))",11
0.03,8694,4479,0.993945266238246,0.004943669416371074,0.8444965557672578,0.7107113654946852,0.9884615384615385,0.009421114395319882,0.816245237270523,0.6936266020090058,"SMOTEENN(enn=EditedNearestNeighbours(n_neighbors=9), random_state=11,
         smote=SMOTE(k_neighbors=9, random_state=11))",11
0.05,8696,4566,0.9963253187745419,0.003000770939856695,0.8479411764705882,0.7236884978820463,0.993076109936575,0.005654156076243697,0.8209213716660894,0.7062694838933148,"SMOTEENN(enn=EditedNearestNeighbours(n_neighbors=9), random_state=11,
         smote=SMOTE(k_neighbors=9, random_state=11))",11
0.1,8697,4783,0.9968353554026492,0.002828012660200676,0.8517424689899586,0.7204212604903736,0.9973429564287624,0.002823695912137079,0.826117076550052,0.7057499134049185,"SMOTEENN(enn=EditedNearestNeighbours(n_neighbors=9), random_state=11,
         smote=SMOTE(k_neighbors=9, random_state=11))",11
0.25,8695,5436,0.9979922324540207,0.002141886956716072,0.8631264023934181,0.7360718443372692,0.9981594584929017,0.002038955584211786,0.841531001039141,0.725147211638379,"SMOTEENN(enn=EditedNearestNeighbours(n_neighbors=9), random_state=11,
         smote=SMOTE(k_neighbors=9, random_state=11))",11
0.5,8685,6523,0.9996555674032157,0.0006888651935684998,0.8686230248306998,0.7455364592024029,0.9997701149425288,0.00045977011494251484,0.8488049878766886,0.7358850017319016,"SMOTEENN(enn=EditedNearestNeighbours(n_neighbors=9), random_state=11,
         smote=SMOTE(k_neighbors=9, random_state=11))",11
1.0,8683,8698,0.9997701146388092,0.0004597707223816805,0.8667567973561664,0.7466356537630836,0.9997701149425288,0.00045977011494251484,0.846380325597506,0.7358850017319016,"SMOTEENN(enn=EditedNearestNeighbours(n_neighbors=9), random_state=11,
         smote=SMOTE(k_neighbors=9, random_state=11))",11
0.005,8698,4370,0.9713136949208172,0.035133405024903565,0.8220477107719663,0.665883537506293,0.95,0.06123724356957946,0.7919986144786977,0.6551783858676827,"SMOTETomek(random_state=11, smote=SMOTE(k_neighbors=3, random_state=11),
           tomek=TomekLinks())",11
0.01,8698,4392,0.9873361038844027,0.015559539430521149,0.9036503211655961,0.7765734265734265,0.976388888888889,0.029000851413640425,0.893488049878767,0.7786629719431937,"SMOTETomek(random_state=11, smote=SMOTE(k_neighbors=3, random_state=11),
           tomek=TomekLinks())",11
0.03,8698,4479,0.9958851894374282,0.008229621125143537,0.8492262343404569,0.7113385047037465,0.9923076923076923,0.015384615384615375,0.8228264634568756,0.6970904052649809,"SMOTETomek(random_state=11, smote=SMOTE(k_neighbors=3, random_state=11),
           tomek=TomekLinks())",11
0.05,8698,4566,0.9950633986141838,0.004655124118760327,0.8543919419345282,0.7290057518488086,0.9907505285412264,0.008688034569114999,0.8297540699688257,0.7144094215448562,"SMOTETomek(random_state=11, smote=SMOTE(k_neighbors=3, random_state=11),
           tomek=TomekLinks())",11
0.1,8698,4783,0.9980801651642393,0.002556927635249714,0.8553216721019864,0.7351351351351352,0.9965383587276129,0.0046044565975346665,0.830966401108417,0.7199515067544163,"SMOTETomek(random_state=11, smote=SMOTE(k_neighbors=3, random_state=11),
           tomek=TomekLinks())",11
0.25,8698,5436,0.9997126106297053,0.0005747787405894655,0.8677996691231764,0.7467954053604129,0.9998850574712644,0.00022988505747125742,0.8477658468998961,0.7365777623830967,"SMOTETomek(random_state=11, smote=SMOTE(k_neighbors=3, random_state=11),
           tomek=TomekLinks())",11
0.5,8698,6523,0.9996550401439096,0.0006899197121807532,0.8767664488679532,0.749450177634918,0.9997701149425288,0.00045977011494251484,0.8595427779702113,0.7435053688950468,"SMOTETomek(random_state=11, smote=SMOTE(k_neighbors=3, random_state=11),
           tomek=TomekLinks())",11
1.0,8698,8698,0.9995401632943398,0.00043009378465019913,0.8777372262773723,0.7638190954773869,0.999540097615174,0.00043011099221133934,0.8607551091098026,0.7558018704537582,"SMOTETomek(random_state=11, smote=SMOTE(k_neighbors=3, random_state=11),
           tomek=TomekLinks())",11
0.005,8698,4370,0.9139410847624518,0.07026681004980709,0.8094033625948519,0.639347049821459,0.865,0.09565563234854499,0.7781434014547974,0.6326636647038448,"SMOTETomek(random_state=11, smote=SMOTE(random_state=11), tomek=TomekLinks())",11
0.01,8698,4392,0.9814452662762108,0.025056163486455257,0.9047544327632199,0.772639352910146,0.9762739463601534,0.02915548326323736,0.8948735711811568,0.7760651195012123,"SMOTETomek(random_state=11, smote=SMOTE(random_state=11), tomek=TomekLinks())",11
0.03,8698,4479,0.9938669668698257,0.008210380387981216,0.8448680351906158,0.7129553994445352,0.9884615384615385,0.01538461538461537,0.8167648077589194,0.695704883962591,"SMOTETomek(random_state=11, smote=SMOTE(random_state=11), tomek=TomekLinks())",11
0.05,8698,4566,0.992623189208307,0.006023985070963281,0.8535069547203314,0.7281680892974393,0.9883628587397635,0.010287375275611368,0.8285417388292345,0.713197090405265,"SMOTETomek(random_state=11, smote=SMOTE(random_state=11), tomek=TomekLinks())",11
0.1,8698,4783,0.9968157983841873,0.0028568705223112885,0.8517424689899586,0.7292041183199869,0.9952872240519556,0.005541037227675603,0.826117076550052,0.7130239002424662,"SMOTETomek(random_state=11, smote=SMOTE(random_state=11), tomek=TomekLinks())",11
0.25,8698,5436,0.999138030065955,0.0017239398680900743,0.8698929594451983,0.74795390011692,0.9989676262786038,0.0020647474427923475,0.8505368895046761,0.7386560443366816,"SMOTETomek(random_state=11, smote=SMOTE(random_state=11), tomek=TomekLinks())",11
0.5,8698,6523,0.9998276851246046,0.00034462975079043725,0.8782714546561169,0.7522004062288422,0.9998850574712644,0.00022988505747125742,0.8614478697609975,0.7464496016626256,"SMOTETomek(random_state=11, smote=SMOTE(random_state=11), tomek=TomekLinks())",11
1.0,8698,8698,0.9997699820641565,0.0004600358716873032,0.8777372262773723,0.7638190954773869,0.9997698504027618,0.0004602991944763879,0.8607551091098026,0.7558018704537582,"SMOTETomek(random_state=11, smote=SMOTE(random_state=11), tomek=TomekLinks())",11
0.005,8698,4370,0.9266969356009775,0.05386559662992,0.8022333235380547,0.6469709543568465,0.8800000000000001,0.07968688725254615,0.7668860408728784,0.6316245237270524,"SMOTETomek(random_state=11, smote=SMOTE(k_neighbors=7, random_state=11),
           tomek=TomekLinks())",11
0.01,8698,4392,0.9796596839566604,0.028276363273797425,0.8925363889749148,0.7607000519840582,0.9638888888888889,0.049378857873975494,0.8798060270176654,0.7608243851749221,"SMOTETomek(random_state=11, smote=SMOTE(k_neighbors=7, random_state=11),
           tomek=TomekLinks())",11
0.03,8698,4479,0.9959635548647949,0.004943615477996046,0.8486454652532391,0.715927750410509,0.9923076923076923,0.009421114395319882,0.821960512642882,0.7003810183581572,"SMOTETomek(random_state=11, smote=SMOTE(k_neighbors=7, random_state=11),
           tomek=TomekLinks())",11
0.05,8698,4566,0.9925656570866159,0.006212949175910844,0.8519940915805022,0.7200263504611331,0.9883100046171418,0.012635385014867493,0.8264634568756495,0.7055767232421198,"SMOTETomek(random_state=11, smote=SMOTE(k_neighbors=7, random_state=11),
           tomek=TomekLinks())",11
0.1,8698,4783,0.9968285941546038,0.0028280699519444355,0.8578227245687091,0.7318361955085865,0.9963082091303747,0.0044519102886031005,0.8344302043643921,0.7187391756148251,"SMOTETomek(random_state=11, smote=SMOTE(k_neighbors=7, random_state=11),
           tomek=TomekLinks())",11
0.25,8698,5436,1.0,0.0,0.8595262922687323,0.7353815659068385,1.0,0.0,0.8366816764807758,0.7225493591963976,"SMOTETomek(random_state=11, smote=SMOTE(k_neighbors=7, random_state=11),
           tomek=TomekLinks())",11
0.5,8698,6523,0.9993093491466712,0.0010070447201897944,0.8752084912812736,0.7539055938182428,0.999080459770115,0.0013404487114586912,0.8574644960166262,0.7462764114998268,"SMOTETomek(random_state=11, smote=SMOTE(k_neighbors=7, random_state=11),
           tomek=TomekLinks())",11
1.0,8698,8698,0.999770114866599,0.00028155063814216556,0.8777372262773723,0.7638190954773869,0.9997701149425288,0.00028155054514748324,0.8607551091098026,0.7558018704537582,"SMOTETomek(random_state=11, smote=SMOTE(k_neighbors=7, random_state=11),
           tomek=TomekLinks())",11
0.005,8698,4370,0.960541904931673,0.05123954086989138,0.7943158511573396,0.6466041769445815,0.9349999999999999,0.08306623862918074,0.7568410114305507,0.6278143401454797,"SMOTETomek(random_state=11, smote=SMOTE(k_neighbors=9, random_state=11),
           tomek=TomekLinks())",11
0.01,8698,4392,0.9881203515509466,0.014549538512288218,0.8820198928844682,0.7549420586230402,0.9777777777777779,0.027216552697590882,0.8664703844821614,0.7509525458953932,"SMOTETomek(random_state=11, smote=SMOTE(k_neighbors=9, random_state=11),
           tomek=TomekLinks())",11
0.03,8698,4479,0.9895904914520856,0.013206577857790504,0.8489759834978635,0.7136505845545859,0.9807692307692308,0.024325212770525996,0.8224800831312782,0.6988223068929684,"SMOTETomek(random_state=11, smote=SMOTE(k_neighbors=9, random_state=11),
           tomek=TomekLinks())",11
0.05,8698,4566,0.9950637131323914,0.006046322885205474,0.8543487924136909,0.7247237341250207,0.9908033826638478,0.01126474994059808,0.8297540699688257,0.7109456182888811,"SMOTETomek(random_state=11, smote=SMOTE(k_neighbors=9, random_state=11),
           tomek=TomekLinks())",11
0.1,8698,4783,0.9987289880691375,0.001556665347305369,0.8504865821291654,0.7259356103938552,0.998735632183908,0.0022524043611799544,0.8243851749220644,0.7095600969864911,"SMOTETomek(random_state=11, smote=SMOTE(k_neighbors=9, random_state=11),
           tomek=TomekLinks())",11
0.25,8698,5436,0.9994262096050506,0.001147580789898761,0.8629973078073586,0.7365796908758517,0.9997701149425288,0.00045977011494251484,0.8413578108763422,0.7254935919639764,"SMOTETomek(random_state=11, smote=SMOTE(k_neighbors=9, random_state=11),
           tomek=TomekLinks())",11
0.5,8698,6523,1.0,0.0,0.875701927454849,0.7461069735951252,1.0,0.0,0.8581572566678213,0.7402147558018703,"SMOTETomek(random_state=11, smote=SMOTE(k_neighbors=9, random_state=11),
           tomek=TomekLinks())",11
1.0,8698,8698,0.9998850574332995,0.0002298851334010976,0.8777372262773723,0.7638190954773869,0.9998850574712644,0.00022988505747125742,0.8607551091098026,0.7558018704537582,"SMOTETomek(random_state=11, smote=SMOTE(k_neighbors=9, random_state=11),
           tomek=TomekLinks())",11
0.005,4370,4370,0.9079887696794542,0.07665193074423937,0.8399522754388955,0.46573489630297565,0.86,0.11575836902790225,0.8373744371319709,0.5895393141669554,no Sampler(),97
0.01,4392,4392,0.9663796731193257,0.03682907845107409,0.8168218085106383,0.47514995715509856,0.9416666666666667,0.0609530784930325,0.8091444405957742,0.5756841011430551,no Sampler(),97
0.03,4479,4479,0.9856324776514647,0.008552653874635822,0.8557487038731321,0.6103703703703703,0.9730769230769232,0.015384615384615418,0.8361621059923796,0.6356078974714237,no Sampler(),97
0.05,4566,4566,0.9913899318653538,0.006275883883745923,0.8833922261484098,0.6835718166998732,0.9860901314670361,0.011082312362889568,0.8685486664357465,0.6974367855905784,no Sampler(),97
0.1,4783,4783,0.996186847530636,0.0012547422823670903,0.9037223182032355,0.7128895445325466,0.9941244333542812,0.00022496073008224158,0.8938344302043644,0.7303429165223415,no Sampler(),97
0.25,5436,5436,0.9982656686143294,0.0016869069939306296,0.8832362856267238,0.7130496203425746,0.9972350230414747,0.0026870746059195006,0.8680290959473502,0.7185659854520263,no Sampler(),97
0.5,6523,6523,0.9994824598154892,0.0006903019695021258,0.899812734082397,0.7354260089686099,0.999425287356322,0.000890340999128115,0.8888119154832006,0.7445445098718393,no Sampler(),97
1.0,8698,8698,0.999770114866599,0.00028155063814216556,0.9085750315258512,0.7415485278080698,0.9997701149425288,0.00028155054514748324,0.8995497055767232,0.7537235885001732,no Sampler(),97
0.005,8698,4370,0.960541904931673,0.051239540869891374,0.9188034188034188,0.7229664142884876,0.9349999999999999,0.08306623862918074,0.914444059577416,0.7528576376861794,RandomOverSampler(random_state=97),97
0.01,8698,4392,0.9940602088049465,0.011879582390107135,0.8890308159029219,0.7117200518422514,0.9888888888888889,0.022222222222222233,0.8796328368548667,0.7303429165223415,RandomOverSampler(random_state=97),97
0.03,8698,4479,0.9881137988996518,0.00396309242251423,0.888135593220339,0.7351446099912358,0.9881167108753317,0.009235798501879028,0.8742639418081053,0.7383096640110842,RandomOverSampler(random_state=97),97
0.05,8698,4566,0.9963231372380346,0.004959821315997603,0.8940592523654413,0.75,0.9952338946805668,0.00924753348393416,0.8817111188084517,0.7530308278489781,RandomOverSampler(random_state=97),97
0.1,8698,4783,0.997464686311992,0.002367186705478913,0.8734656766176694,0.7259640102827764,0.9964367816091955,0.002916914377114853,0.8553862140630413,0.7230689296847939,RandomOverSampler(random_state=97),97
0.25,8698,5436,0.9991318272759584,0.0017363454480833428,0.8821548821548821,0.7290760396728728,0.9986175115207374,0.002764976958525356,0.8666435746449601,0.7303429165223415,RandomOverSampler(random_state=97),97
0.5,8698,6523,0.9993104762623718,0.0010048052032557687,0.8942307692307693,0.7391688770999116,0.9993103448275862,0.0009195402298850686,0.8818843089712505,0.7445445098718393,RandomOverSampler(random_state=97),97
1.0,8698,8698,0.9993101446734171,0.0006705332743287277,0.9085750315258512,0.7415485278080698,0.9993099480179358,0.0006708370162178181,0.8995497055767232,0.7537235885001732,RandomOverSampler(random_state=97),97
0.005,42,4370,0.7788872771608336,0.13515616595633612,0.883100965221388,0.8111545988258317,0.9501724137931035,0.05448190988232655,0.8678559057845514,0.799445791479044,RandomUnderSampler(random_state=97),97
0.01,86,4392,0.8971981707488299,0.10560480350804521,0.8991255465334166,0.8354806739345887,0.9746731390729645,0.027068671897899882,0.8881191548320055,0.827502597852442,RandomUnderSampler(random_state=97),97
0.03,260,4479,0.9501430664482736,0.023074456644536293,0.8729918157017278,0.8108108108108109,0.989318392941265,0.009227692897612735,0.8548666435746449,0.7951160374090751,RandomUnderSampler(random_state=97),97
0.05,434,4566,0.9783669359242075,0.02062333383895227,0.8766332421756305,0.806456820016142,0.9912368972069215,0.008893622948395729,0.8593695878074126,0.7923449948042951,RandomUnderSampler(random_state=97),97
0.1,868,4783,0.9905967880607541,0.003943501624728941,0.8766332421756305,0.7654032392719987,0.9951587838430186,0.004211381789344598,0.8593695878074126,0.756667821267752,RandomUnderSampler(random_state=97),97
0.25,2174,5436,0.9988514847530057,0.0005742698082319018,0.8703787535838238,0.7489973262032086,0.999194210650822,0.0007815699129032612,0.8512296501558712,0.7398683754762729,RandomUnderSampler(random_state=97),97
0.5,4348,6523,0.9994825255305155,0.00042251687916892164,0.8940592523654413,0.7391688770999116,0.9995395679261015,0.00043096061699013165,0.8817111188084517,0.7445445098718393,RandomUnderSampler(random_state=97),97
1.0,8698,8698,0.9997701149425288,0.00045977011494251484,0.9044406088184529,0.7369753979739508,0.9997701149425288,0.00045977011494251484,0.8945271908555594,0.7481815032906132,RandomUnderSampler(random_state=97),97
0.005,8698,4370,0.9856568474604087,0.02868630507918275,0.93005733005733,0.7436045393344874,0.975,0.049999999999999996,0.9260478004849324,0.7691375129892621,"SMOTE(k_neighbors=3, random_state=97)",97
0.01,8698,4392,0.9881203515509466,0.014549538512288218,0.9184871209651125,0.7487740475292343,0.9777777777777779,0.027216552697590882,0.9134049186006234,0.769310703152061,"SMOTE(k_neighbors=3, random_state=97)",97
0.03,8698,4479,0.9857064033012917,0.008590807422798549,0.8945488429880416,0.7246013259272531,0.9768080021244578,0.01870217661354623,0.8824038794596467,0.7338067197783166,"SMOTE(k_neighbors=3, random_state=97)",97
0.05,8698,4566,0.9963231372380346,0.004959821315997603,0.9165209095245667,0.7556610664718773,0.9952338946805668,0.00924753348393416,0.9090751645306547,0.7682715621752685,"SMOTE(k_neighbors=3, random_state=97)",97
0.1,8698,4783,0.9961803750297579,0.003710090119231467,0.8745639314424389,0.7274909963985594,0.9941379310344829,0.005272342501691812,0.8567717353654313,0.7248008313127814,"SMOTE(k_neighbors=3, random_state=97)",97
0.25,8698,5436,0.9994242915525575,0.0007050979672105855,0.879231473010064,0.726831803221895,0.9990804549105821,0.0011262130920067267,0.8628333910633876,0.7268791132663666,"SMOTE(k_neighbors=3, random_state=97)",97
0.5,8698,6523,0.9998274869475038,0.0003450261049923853,0.8943694741740345,0.7386303309148823,0.9997701149425288,0.00045977011494251484,0.8820574991340492,0.7441981295462418,"SMOTE(k_neighbors=3, random_state=97)",97
1.0,8698,8698,0.9993101457388022,0.0006705313686395516,0.9085750315258512,0.7415485278080698,0.9993103448275862,0.0006702243557293247,0.8995497055767232,0.7537235885001732,"SMOTE(k_neighbors=3, random_state=97)",97
0.005,8698,4370,0.9713136949208172,0.035133405024903565,0.9288291243030502,0.7520061138708445,0.95,0.06123724356957946,0.9248354693453411,0.7751991686872186,SMOTE(random_state=97),97
0.01,8698,4392,0.9932758950794562,0.013448209841087522,0.8993931651229639,0.7363403006967364,0.9875,0.024999999999999998,0.8908901974367855,0.7509525458953932,SMOTE(random_state=97),97
0.03,8698,4479,0.9918487443022231,0.007677732979371165,0.8723307587460245,0.7153209109730849,0.9846153846153847,0.014390989949130528,0.8540006927606512,0.7142362313820575,SMOTE(random_state=97),97
0.05,8698,4566,0.9975594760759154,0.004881047848168941,0.9062058130400629,0.7616506581287797,0.9975594760759154,0.004881047848168941,0.8966054728091445,0.767925181849671,SMOTE(random_state=97),97
0.1,8698,4783,0.9967957637690908,0.004056223649851184,0.8780264961169484,0.734020618556701,0.9942528735632183,0.007269603816479006,0.8612746795981988,0.7319016279875303,SMOTE(random_state=97),97
0.25,8698,5436,0.9997126106297053,0.0005747787405894655,0.8865662465416538,0.7397355601948504,0.9995412844036696,0.0009174311926605226,0.8721856598545203,0.7409075164530654,SMOTE(random_state=97),97
0.5,8698,6523,0.999655172413793,0.0006896551724137722,0.8931226765799256,0.731629392971246,0.999655172413793,0.0006896551724137722,0.8804987876688604,0.7381364738482854,SMOTE(random_state=97),97
1.0,8698,8698,0.999770114866599,0.00028155063814216556,0.9085750315258512,0.7415485278080698,0.9997701149425288,0.00028155054514748324,0.8995497055767232,0.7537235885001732,SMOTE(random_state=97),97
0.005,8698,4370,0.9856568474604087,0.02868630507918275,0.9144063667370472,0.718803910293272,0.975,0.049999999999999996,0.9087287842050571,0.7459300311742294,"SMOTE(k_neighbors=7, random_state=97)",97
0.01,8698,4392,0.9873851894374284,0.025229621125143528,0.9154309923415349,0.7417769376181474,0.9777777777777779,0.04444444444444447,0.9101143055074472,0.7634222376169033,"SMOTE(k_neighbors=7, random_state=97)",97
0.03,8698,4479,0.9878077275754364,0.007741972891649148,0.882118799755052,0.7187225829092824,0.9806542882404952,0.017073077309480468,0.8666435746449601,0.7223761690335989,"SMOTE(k_neighbors=7, random_state=97)",97
0.05,8698,4566,0.9975591615577079,0.002989708706679445,0.9084606900898062,0.7646219686162625,0.995401691331924,0.00563237497029904,0.8993765154139245,0.771388985105646,"SMOTE(k_neighbors=7, random_state=97)",97
0.1,8698,4783,0.9961399945138917,0.004745855740380671,0.8884093711467325,0.7329585382993675,0.9930900828655439,0.00844473966331381,0.8746103221337028,0.7367509525458954,"SMOTE(k_neighbors=7, random_state=97)",97
0.25,8698,5436,0.9994222264744653,0.0011555470510694389,0.887178697860551,0.7338003502626971,0.9990783410138249,0.0018433179723502224,0.873051610668514,0.7367509525458954,"SMOTE(k_neighbors=7, random_state=97)",97
0.5,8698,6523,0.9996547746908846,0.0006904506182310755,0.8945082221532733,0.7385377942998761,0.9995402298850575,0.0009195402298850297,0.8822306892968479,0.7441981295462418,"SMOTE(k_neighbors=7, random_state=97)",97
1.0,8698,8698,0.9997699825965842,0.00028171263516440684,0.9085750315258512,0.7415485278080698,0.9997699826726454,0.00028171261963820814,0.8995497055767232,0.7537235885001732,"SMOTE(k_neighbors=7, random_state=97)",97
0.005,8698,4370,0.960541904931673,0.05123954086989137,0.9172368849788205,0.7164928543839321,0.9349999999999999,0.08306623862918074,0.9120193972982334,0.7457568410114306,"SMOTE(k_neighbors=9, random_state=97)",97
0.01,8698,4392,0.9940602088049465,0.011879582390107135,0.9061290322580645,0.7304380381879446,0.9888888888888889,0.022222222222222233,0.8992033252511258,0.7506061655697955,"SMOTE(k_neighbors=9, random_state=97)",97
0.03,8698,4479,0.9878077275754364,0.007741972891649148,0.8998593969692236,0.7336809926272253,0.9806542882404952,0.017073077309480468,0.8889851056459993,0.7435053688950468,"SMOTE(k_neighbors=9, random_state=97)",97
0.05,8698,4566,0.9938569154983755,0.005519749631786789,0.9109286165508528,0.7738264580369844,0.9885306553911205,0.010283624953078491,0.9023207481815033,0.7797021129199861,"SMOTE(k_neighbors=9, random_state=97)",97
0.1,8698,4783,0.9968090249642225,0.003517396199465076,0.8880332665947944,0.7397451562227265,0.9952872240519556,0.0066268301978116406,0.8740907516453066,0.7417734672670593,"SMOTE(k_neighbors=9, random_state=97)",97
0.25,8698,5436,0.999135840357517,0.0007055857356098377,0.8855430941772929,0.726027397260274,0.9989633984850894,0.00105600873142164,0.870973328714929,0.7298233460339453,"SMOTE(k_neighbors=9, random_state=97)",97
0.5,8698,6523,0.9993101463088007,0.0006451664425561973,0.8957588938946714,0.7370291400142146,0.9991954022988505,0.0006896551724137722,0.8837894007620367,0.7436785590578455,"SMOTE(k_neighbors=9, random_state=97)",97
1.0,8698,8698,0.9996551713887378,0.0006896572225244313,0.9085750315258512,0.7415485278080698,0.999655172413793,0.0006896551724137722,0.8995497055767232,0.7537235885001732,"SMOTE(k_neighbors=9, random_state=97)",97
0.005,8698,4370,0.9331037122081899,0.0819308853881553,0.9404291845493562,0.6726881720430108,0.9,0.1224744871391589,0.9399030135088327,0.7364045722202979,"BorderlineSMOTE(k_neighbors=3, random_state=97)",97
0.01,8698,4392,0.9932758950794562,0.013448209841087522,0.9073546657731614,0.6389816360601002,0.9875,0.024999999999999998,0.9042258399722896,0.7003810183581572,"BorderlineSMOTE(k_neighbors=3, random_state=97)",97
0.03,8698,4479,0.993945266238246,0.004943669416371074,0.8859824588398215,0.7222026120720084,0.9884615384615385,0.009421114395319882,0.8716660893661241,0.7273986837547628,"BorderlineSMOTE(k_neighbors=3, random_state=97)",97
0.05,8698,4566,0.9915942982640129,0.007103050361762804,0.8997814548860443,0.7470222222222223,0.9904585550776408,0.011001259962679453,0.8888119154832006,0.7535503983373744,"BorderlineSMOTE(k_neighbors=3, random_state=97)",97
0.1,8698,4783,0.9974707224788919,0.0023486920341509497,0.8642974958764432,0.69278564031757,0.9974576344177312,0.002677223360256023,0.8432629026671286,0.6917215102182196,"BorderlineSMOTE(k_neighbors=3, random_state=97)",97
0.25,8698,5436,0.9985580668319821,0.0009135442468795989,0.8806244260789715,0.7150386507378778,0.9976979664313195,0.0014572769439030236,0.8649116730169726,0.7190855559404226,"BorderlineSMOTE(k_neighbors=3, random_state=97)",97
0.5,8698,6523,0.9996549738950076,0.0004225689525856398,0.9039246467817896,0.7263772345859175,0.9995402298850575,0.0005631010902949665,0.8940076203671632,0.7402147558018705,"BorderlineSMOTE(k_neighbors=3, random_state=97)",97
1.0,8698,8698,0.9996549736666935,0.0006900526666131057,0.9085750315258512,0.7415485278080698,0.999655172413793,0.0006896551724137722,0.8995497055767232,0.7537235885001732,"BorderlineSMOTE(k_neighbors=3, random_state=97)",97
0.005,8698,4370,0.9354269624029374,0.05627216293670614,0.9682236499392256,0.7408349226531045,0.9098850574712642,0.07847355493509353,0.9683062002078282,0.788188430897125,BorderlineSMOTE(random_state=97),97
0.01,8698,4392,0.9940602088049465,0.011879582390107135,0.8819815444390481,0.6519617411672848,0.9888888888888889,0.022222222222222233,0.8737443713197091,0.6912019397298234,BorderlineSMOTE(random_state=97),97
0.03,8698,4479,0.9877244943579182,0.010347264706614965,0.8990625,0.7158738837251686,0.9806542882404952,0.020962322459554372,0.8881191548320055,0.729996536196744,BorderlineSMOTE(random_state=97),97
0.05,8698,4566,0.9925365623671223,0.007355745524568976,0.9039636534544885,0.7591344448385953,0.9882571504945201,0.014618923289070773,0.8938344302043644,0.7648077589192934,BorderlineSMOTE(random_state=97),97
0.1,8698,4783,0.9980933986083935,0.0025338352024077675,0.8864964626268841,0.7131176679701386,0.9975728414862335,0.002976985464171427,0.8721856598545203,0.7204710772428127,BorderlineSMOTE(random_state=97),97
0.25,8698,5436,0.9988484534717879,0.0010771726339481144,0.871236193070056,0.6973982888074035,0.9985067967855162,0.0017625612498990103,0.8526151714582613,0.699861447869761,BorderlineSMOTE(random_state=97),97
0.5,8698,6523,0.9989635231282851,0.001382303106648399,0.9061468322590788,0.7415445831072527,0.9986206896551725,0.001839080459770137,0.8966054728091444,0.7525112573605819,BorderlineSMOTE(random_state=97),97
1.0,8698,8698,0.9998850574332995,0.0002298851334010976,0.9085750315258512,0.7415485278080698,0.9998850574712644,0.00022988505747125742,0.8995497055767232,0.7537235885001732,BorderlineSMOTE(random_state=97),97
0.005,8698,4370,0.9569705423812259,0.035133405024903565,0.9669794925269378,0.7233676975945017,0.925,0.06123724356957945,0.9670938690682369,0.7769310703152061,"BorderlineSMOTE(k_neighbors=7, random_state=97)",97
0.01,8698,4392,0.9641360173547543,0.047032413881635815,0.8853359173126615,0.6629213483146067,0.9402777777777779,0.07703013679923361,0.8770349844128853,0.6986491167301698,"BorderlineSMOTE(k_neighbors=7, random_state=97)",97
0.03,8698,4479,0.9920023924309589,0.007431234903407132,0.8937160589604345,0.7263308324401572,0.9883465959328028,0.009517278507287933,0.8813647384828541,0.7346726705923103,"BorderlineSMOTE(k_neighbors=7, random_state=97)",97
0.05,8698,4566,0.9950913438734832,0.007190437170958281,0.8983341117857699,0.7513675666137286,0.9930668756530825,0.013580716558549763,0.8869068236924142,0.755975060616557,"BorderlineSMOTE(k_neighbors=7, random_state=97)",97
0.1,8698,4783,0.9968216749035992,0.0028436884246017457,0.8722760290556901,0.70625,0.9962948437200566,0.004492682685743006,0.8538275025978525,0.7069622445445098,"BorderlineSMOTE(k_neighbors=7, random_state=97)",97
0.25,8698,5436,0.9988495152965339,0.0010768884481109479,0.8695258230141951,0.6921733053808525,0.9985067967855162,0.0012377848153025442,0.8503636993418774,0.6948389331485971,"BorderlineSMOTE(k_neighbors=7, random_state=97)",97
0.5,8698,6523,0.9989643234967355,0.0008466418169415665,0.9080314960629922,0.7385846825541205,0.9988495153344987,0.0009635779475809852,0.8988569449255283,0.7511257360581919,"BorderlineSMOTE(k_neighbors=7, random_state=97)",97
1.0,8698,8698,0.9996551060131622,0.0004598037126408845,0.9085750315258512,0.7415485278080698,0.999655172413793,0.0004597701149425148,0.8995497055767232,0.7537235885001732,"BorderlineSMOTE(k_neighbors=7, random_state=97)",97
0.005,8698,4370,0.9744882320364742,0.03164600561972855,0.9707927677329624,0.7393526405451448,0.9550000000000001,0.055677643628300216,0.9709040526498095,0.7880152407343264,"BorderlineSMOTE(k_neighbors=9, random_state=97)",97
0.01,8698,4392,0.9940602088049465,0.011879582390107135,0.9011350551077479,0.675654242664552,0.9888888888888889,0.022222222222222233,0.8959127121579494,0.71666089366124,"BorderlineSMOTE(k_neighbors=9, random_state=97)",97
0.03,8698,4479,0.9938669668698257,0.008210380387981215,0.9026493180749334,0.7261146496815286,0.9884615384615385,0.01538461538461537,0.8924489089019744,0.7393488049878767,"BorderlineSMOTE(k_neighbors=9, random_state=97)",97
0.05,8698,4566,0.9950637131323914,0.006046322885205474,0.8977750116695192,0.752157829839704,0.9929083132852178,0.009362443120648526,0.8862140630412192,0.7563214409421545,"BorderlineSMOTE(k_neighbors=9, random_state=97)",97
0.1,8698,4783,0.9968223218063536,0.0020203539590639133,0.8744313011828936,0.71235253296322,0.9963083414002583,0.00279511426078461,0.8565985452026326,0.7128507100796675,"BorderlineSMOTE(k_neighbors=9, random_state=97)",97
0.25,8698,5436,0.9985600683356937,0.0009103774083821019,0.8675207234363226,0.6845238095238095,0.9980438533956715,0.001003392134971208,0.8477658468998961,0.687911326636647,"BorderlineSMOTE(k_neighbors=9, random_state=97)",97
0.5,8698,6523,0.9993100802498545,0.0006451841398737275,0.9061763319189062,0.7398153177620859,0.9991954022988505,0.0006896551724137722,0.8966054728091444,0.7511257360581919,"BorderlineSMOTE(k_neighbors=9, random_state=97)",97
1.0,8698,8698,0.9996550401820056,0.00028165853777183884,0.9085750315258512,0.7415485278080698,0.999655172413793,0.00028155054514748324,0.8995497055767232,0.7537235885001732,"BorderlineSMOTE(k_neighbors=9, random_state=97)",97
0.005,4370,4370,0.9187605596685986,0.0749437573072121,0.8268586738111185,0.46595139040945915,0.875,0.11180339887498948,0.8209213716660894,0.5775891929338414,EditedNearestNeighbours(),97
0.01,4392,4392,0.9729355790361167,0.026586956003589672,0.8193686993885309,0.4890016920473773,0.951388888888889,0.046481112585226414,0.8107031520609629,0.5815725666782127,EditedNearestNeighbours(),97
0.03,4479,4479,0.985382641165694,0.014629748896069567,0.8602840128263857,0.6233862043526374,0.9730769230769232,0.02608588455048179,0.841531001039141,0.6463456875649463,EditedNearestNeighbours(),97
0.05,4566,4566,0.9911629216357106,0.00954415393245,0.8720206467284044,0.6698890082348729,0.9837209302325581,0.017403057612902083,0.8540006927606512,0.6806373397990995,EditedNearestNeighbours(),97
0.1,4783,4783,0.9948894236488425,0.007170481320317275,0.9021022905553813,0.6992565055762082,0.9928601978080728,0.00888355058939281,0.891929338413578,0.7197783165916176,EditedNearestNeighbours(),97
0.25,5436,5436,0.9985611301604397,0.0009103775595807827,0.9066876475216366,0.7197346600331676,0.9980459672924287,0.0010026676293649953,0.8972982334603394,0.7365777623830967,EditedNearestNeighbours(),97
0.5,6521,6523,0.9989635219666537,0.0010082461965426038,0.9034785333751175,0.7345388788426763,0.9987340431166905,0.0013818277321181725,0.8933148597159681,0.7457568410114306,EditedNearestNeighbours(),97
1.0,8695,8698,0.9993100799076455,0.0005634527272126292,0.9064318289039157,0.7463493780421849,0.9993103448275862,0.0005631010902949665,0.896951853134742,0.7563214409421545,EditedNearestNeighbours(),97
0.005,4370,4370,0.9235223984853208,0.05320675228368668,0.8268586738111185,0.46595139040945915,0.875,0.07905694150420949,0.8209213716660894,0.5775891929338414,EditedNearestNeighbours(n_neighbors=5),97
0.01,4392,4392,0.988120417609893,0.014549457606557549,0.8193686993885309,0.4890016920473773,0.9777777777777779,0.02721655269759088,0.8107031520609629,0.5815725666782127,EditedNearestNeighbours(n_neighbors=5),97
0.03,4479,4479,0.9858541224830528,0.013729264369315158,0.8602840128263857,0.6233862043526374,0.9805390811719926,0.021071280397663466,0.841531001039141,0.6463456875649463,EditedNearestNeighbours(n_neighbors=5),97
0.05,4566,4566,0.990236126697836,0.006198585243550089,0.8720206467284044,0.6698890082348729,0.9859751889383004,0.008558944244115926,0.8540006927606512,0.6806373397990995,EditedNearestNeighbours(n_neighbors=5),97
0.1,4783,4783,0.9955179114265785,0.002567368735515798,0.9021022905553813,0.6992565055762082,0.9919272921678693,0.004618015211501609,0.891929338413578,0.7197783165916176,EditedNearestNeighbours(n_neighbors=5),97
0.25,5436,5436,0.9971161394808734,0.003023814176568612,0.9066876475216366,0.7197346600331676,0.9960916700450906,0.003958169159238771,0.8972982334603394,0.7365777623830967,EditedNearestNeighbours(n_neighbors=5),97
0.5,6519,6523,0.9993096813078635,0.0006458225905430657,0.8996723357778125,0.7429590017825312,0.9991948726097781,0.0008603640974439668,0.8886387253204018,0.7502597852441981,EditedNearestNeighbours(n_neighbors=5),97
1.0,8690,8698,0.9997700488076525,0.00028163156286627525,0.9057196731615337,0.7319737800437,0.9997701149425288,0.00028155054514748324,0.8960859023207481,0.7450640803602355,EditedNearestNeighbours(n_neighbors=5),97
0.005,4370,4370,0.8952111236405734,0.11550017852497955,0.8268586738111185,0.46595139040945915,0.8550000000000001,0.14696938456699069,0.8209213716660894,0.5775891929338414,EditedNearestNeighbours(n_neighbors=7),97
0.01,4392,4392,0.9746721417098592,0.012784779327505045,0.8193686993885309,0.4890016920473773,0.9527777777777778,0.023814483610392012,0.8107031520609629,0.5815725666782127,EditedNearestNeighbours(n_neighbors=7),97
0.03,4479,4479,0.9876507002190671,0.010329679084741132,0.8602840128263857,0.6233862043526374,0.976923076923077,0.018842228790639844,0.841531001039141,0.6463456875649463,EditedNearestNeighbours(n_neighbors=7),97
0.05,4566,4566,0.9913890978141507,0.0030467682950754754,0.8720206467284044,0.6698890082348729,0.9838794926004228,0.0056134960031085646,0.8540006927606512,0.6806373397990995,EditedNearestNeighbours(n_neighbors=7),97
0.1,4783,4783,0.9974311175889469,0.00314629990802569,0.9021022905553813,0.6992565055762082,0.9953755680299384,0.005663907035829578,0.891929338413578,0.7197783165916176,EditedNearestNeighbours(n_neighbors=7),97
0.25,5436,5436,0.9979792900531012,0.0011562993831305897,0.9066876475216366,0.7197346600331676,0.9967763074451443,0.0018443794634813496,0.8972982334603394,0.7365777623830967,EditedNearestNeighbours(n_neighbors=7),97
0.5,6519,6523,0.9993097485858922,0.0006458042183256057,0.8996723357778125,0.7429590017825312,0.999080459770115,0.0008601511233962823,0.8886387253204018,0.7502597852441981,EditedNearestNeighbours(n_neighbors=7),97
1.0,8687,8698,0.9997700486555307,0.00028163174926613114,0.9017521902377973,0.7376371156266859,0.9997699826726454,0.00028171261963820814,0.8912365777623831,0.7473155524766193,EditedNearestNeighbours(n_neighbors=7),97
0.005,4370,4370,0.9139410847624518,0.07026681004980709,0.8268586738111185,0.46595139040945915,0.865,0.09565563234854496,0.8209213716660894,0.5775891929338414,EditedNearestNeighbours(n_neighbors=9),97
0.01,4392,4392,0.9747212272628845,0.02364589462158307,0.8193686993885309,0.4890016920473773,0.9541666666666666,0.04203540541783767,0.8107031520609629,0.5815725666782127,EditedNearestNeighbours(n_neighbors=9),97
0.03,4479,4479,0.9875723347917006,0.012193716375616056,0.8602840128263857,0.6233862043526374,0.976923076923077,0.022426738057097315,0.841531001039141,0.6463456875649463,EditedNearestNeighbours(n_neighbors=9),97
0.05,4566,4566,0.9926229407490457,0.004625926768594661,0.8720206467284044,0.6698890082348729,0.9862050739957716,0.008604677135293332,0.8540006927606512,0.6806373397990995,EditedNearestNeighbours(n_neighbors=9),97
0.1,4783,4783,0.9961802973935322,0.0031188658414764716,0.9021022905553813,0.6992565055762082,0.9941377987645993,0.005145535799252794,0.891929338413578,0.7197783165916176,EditedNearestNeighbours(n_neighbors=9),97
0.25,5436,5436,0.9985581328909285,0.0009135446169966662,0.9066876475216366,0.7197346600331676,0.9976979664313195,0.0014572769439030236,0.8972982334603394,0.7365777623830967,EditedNearestNeighbours(n_neighbors=9),97
0.5,6515,6523,0.9993085490986683,0.0010085543476805567,0.9015009380863039,0.7381465517241379,0.9990788707028975,0.0013434468766496252,0.8908901974367855,0.7474887426394181,EditedNearestNeighbours(n_neighbors=9),97
1.0,8683,8698,0.9996550394974559,0.0004600026890485254,0.9072878954824493,0.7385062693076504,0.9996549078740262,0.0004602331308109901,0.8979909941115345,0.7507793557325944,EditedNearestNeighbours(n_neighbors=9),97
0.005,4370,4370,0.9314587744176999,0.006349074231313568,0.8399522754388955,0.46573489630297565,0.8800000000000001,0.010000000000000009,0.8373744371319709,0.5895393141669554,TomekLinks(),97
0.01,4392,4392,0.956410577781204,0.04489807014613199,0.8168218085106383,0.47514995715509856,0.9263888888888889,0.07317744373510827,0.8091444405957742,0.5756841011430551,TomekLinks(),97
0.03,4479,4479,0.9834575242291287,0.010683557777161276,0.8557487038731321,0.6103703703703703,0.9692307692307693,0.01961161351381841,0.8361621059923796,0.6356078974714237,TomekLinks(),97
0.05,4566,4566,0.9902041766840497,0.009867349623752849,0.8833922261484098,0.6835718166998732,0.9859223348156789,0.013647531860894943,0.8685486664357465,0.6974367855905784,TomekLinks(),97
0.1,4783,4783,0.9968092192923234,0.002020104385266509,0.9037223182032355,0.7128895445325466,0.9942395081529003,0.003634900197930265,0.8938344302043644,0.7303429165223415,TomekLinks(),97
0.25,5436,5436,0.9982708143969827,0.0014118791939578682,0.8832362856267238,0.7130496203425746,0.9972434786285038,0.0022507035111575383,0.8680290959473502,0.7185659854520263,TomekLinks(),97
0.5,6523,6523,0.9994821296722243,0.0006906318324255185,0.899812734082397,0.7354260089686099,0.9993103448275862,0.0009195402298850297,0.8888119154832006,0.7445445098718393,TomekLinks(),97
1.0,8698,8698,0.9997700488076525,0.00028163156286627525,0.9085750315258512,0.7415485278080698,0.9997701149425288,0.00028155054514748324,0.8995497055767232,0.7537235885001732,TomekLinks(),97
0.005,8693,4370,0.960541904931673,0.05123954086989138,0.9170700225879316,0.7454205607476635,0.9498850574712645,0.06137828790745138,0.9109802563214409,0.7641149982680984,"ADASYN(n_neighbors=3, random_state=97)",97
0.01,8703,4392,0.9798278829604131,0.0403442340791738,0.8846454844263578,0.6996350364963504,0.9666666666666666,0.0666666666666667,0.8723588500173189,0.7149289920332524,"ADASYN(n_neighbors=3, random_state=97)",97
0.03,8697,4479,0.9898865229038456,0.01299021928005048,0.8933395435491384,0.7121951219512195,0.9882313888643003,0.02296617315738541,0.8810183581572566,0.7241080706615863,"ADASYN(n_neighbors=3, random_state=97)",97
0.05,8691,4566,0.993882232584674,0.003948278308556974,0.8859514294497387,0.729535495179667,0.9927932384865986,0.009132528626821925,0.8714928992033253,0.732767578801524,"ADASYN(n_neighbors=3, random_state=97)",97
0.1,8701,4783,0.9974446922282812,0.0023902251320688287,0.891122796164553,0.7528265785353975,0.9953889334402565,0.004304409192323748,0.8780741253896778,0.753896778662972,"ADASYN(n_neighbors=3, random_state=97)",97
0.25,8696,5436,0.9988476529434671,0.001681017104911368,0.8769955906948457,0.7406649616368286,0.998165137614679,0.0026747485756171132,0.8598891582958088,0.7365777623830967,"ADASYN(n_neighbors=3, random_state=97)",97
0.5,8699,6523,0.9991371705017336,0.0009452547321459411,0.8945082221532733,0.72316789105895,0.9990799300810425,0.0008610007483135689,0.8822306892968479,0.7324211984759266,"ADASYN(n_neighbors=3, random_state=97)",97
1.0,8698,8698,,,0.9085750315258512,0.7415485278080698,,,0.8995497055767232,0.7537235885001732,"ADASYN(n_neighbors=3, random_state=97)",97
0.005,8701,4370,0.9856568474604085,0.02868630507918275,0.9011933174224344,0.7372462973121229,0.975,0.049999999999999996,0.8924489089019744,0.7511257360581919,ADASYN(random_state=97),97
0.01,8692,4392,0.9940602088049465,0.011879582390107135,0.8820031298904538,0.6814322628276117,0.9888888888888889,0.022222222222222233,0.8694146172497402,0.7010737790093522,ADASYN(random_state=97),97
0.03,8693,4479,0.9940192580991413,0.004885120183145077,0.8932340161390441,0.7227793696275072,0.9921927497789568,0.009329624697350871,0.880845167994458,0.7319016279875303,ADASYN(random_state=97),97
0.05,8700,4566,0.9964050409811989,0.002935650550841264,0.8965302629531663,0.7407670454545454,0.999655172413793,0.00028155054514748324,0.8848285417388293,0.7471423623138206,ADASYN(random_state=97),97
0.1,8691,4783,0.9955440742518421,0.0025484096634663523,0.8951700574623389,0.7366364766471319,0.9939962576851109,0.004928531254539295,0.8830966401108418,0.7431589885694493,ADASYN(random_state=97),97
0.25,8701,5436,0.9991358428420828,0.0011517940117886573,0.8826952526799388,0.7170740284860208,0.9986217393142519,0.0018359238973744453,0.8673363352961552,0.7213370280568063,ADASYN(random_state=97),97
0.5,8699,6523,0.9998274869475038,0.0003450261049923853,0.8996723357778125,0.7346133141934327,0.9997701149425288,0.00045977011494251484,0.8886387253204018,0.7438517492206442,ADASYN(random_state=97),97
1.0,8698,8698,,,0.9085750315258512,0.7415485278080698,,,0.8995497055767232,0.7537235885001732,ADASYN(random_state=97),97
0.005,8694,4370,0.9569705423812259,0.035133405024903565,0.9013589128697043,0.7133495600074893,0.925,0.06123724356957945,0.8931416695531693,0.7348458607551092,"ADASYN(n_neighbors=7, random_state=97)",97
0.01,8691,4392,0.9940601427460001,0.011879714507999852,0.8779645044762054,0.677037037037037,0.9888888888888889,0.022222222222222233,0.8654312435053689,0.6979563560789748,"ADASYN(n_neighbors=7, random_state=97)",97
0.03,8700,4479,0.9920023262200219,0.00743142646560557,0.9074278504967671,0.7208271787296898,0.9883464636629193,0.009517391806794005,0.8983373744371319,0.7381364738482854,"ADASYN(n_neighbors=7, random_state=97)",97
0.05,8706,4566,0.9987930703998202,0.002413859200359569,0.8850345356868764,0.7342742638090259,0.9998850574712644,0.00022988505747125742,0.870280568063734,0.7358850017319016,"ADASYN(n_neighbors=7, random_state=97)",97
0.1,8689,4783,0.9980867938376319,0.0025537780700980186,0.88608762490392,0.7247448081661387,0.9965517241379309,0.004597701149425287,0.871666089366124,0.7291305853827503,"ADASYN(n_neighbors=7, random_state=97)",97
0.25,8702,5436,0.9988485195307344,0.0010771551393799102,0.875588637399362,0.6843227870600782,0.998504682888759,0.0012391581587841843,0.8581572566678213,0.6924142708694146,"ADASYN(n_neighbors=7, random_state=97)",97
0.5,8696,6523,0.9998274869475038,0.00034502610499238524,0.9027407987470635,0.7342366757000903,0.9997701149425288,0.00045977011494251484,0.8924489089019744,0.7452372705230343,"ADASYN(n_neighbors=7, random_state=97)",97
1.0,8698,8698,,,0.9085750315258512,0.7415485278080698,,,0.8995497055767232,0.7537235885001732,"ADASYN(n_neighbors=7, random_state=97)",97
0.005,8700,4370,0.9426273898416344,0.02868630507918275,0.9166531275385865,0.7149739834264791,0.9,0.049999999999999996,0.9111534464842397,0.7438517492206442,"ADASYN(n_neighbors=9, random_state=97)",97
0.01,8699,4392,0.9940602088049465,0.011879582390107135,0.8740021912662388,0.6608339538346985,0.9888888888888889,0.022222222222222233,0.8605819189470039,0.6844475233806719,"ADASYN(n_neighbors=9, random_state=97)",97
0.03,8692,4479,0.9920762520219709,0.007412047024141521,0.9013466958972753,0.7133687878232166,0.9920776749803377,0.009472274496110215,0.8908901974367855,0.729303775545549,"ADASYN(n_neighbors=9, random_state=97)",97
0.05,8692,4566,0.9964050409811991,0.002935650550841264,0.8958657133975754,0.7305218012866334,0.999655172413793,0.00028155054514748324,0.8839625909248354,0.7388292344994805,"ADASYN(n_neighbors=9, random_state=97)",97
0.1,8691,4783,0.9955314075296243,0.004334034194462963,0.8919504643962848,0.7213290460878885,0.9939962576851109,0.005428972418782102,0.8791132663664704,0.7298233460339453,"ADASYN(n_neighbors=9, random_state=97)",97
0.25,8680,5436,0.9988505011576081,0.0010739799150085085,0.863949655379083,0.6845940319222762,0.998850569853111,0.0010280880972684957,0.8427433321787323,0.685140284031867,"ADASYN(n_neighbors=9, random_state=97)",97
0.5,8694,6523,0.999138029268822,0.0009438075673139475,0.9006560449859419,0.721990194298166,0.999080459770115,0.000860151123396318,0.8898510564599931,0.7348458607551092,"ADASYN(n_neighbors=9, random_state=97)",97
1.0,8698,8698,,,0.9085750315258512,0.7415485278080698,,,0.8995497055767232,0.7537235885001732,"ADASYN(n_neighbors=9, random_state=97)",97
0.005,8698,4370,0.9713136949208172,0.035133405024903565,0.9296465968586387,0.7481821660926139,0.95,0.06123724356957946,0.9255282299965362,0.772081745756841,"SMOTEENN(enn=EditedNearestNeighbours(), random_state=97,
         smote=SMOTE(k_neighbors=3, random_state=97))",97
0.01,8698,4392,0.9940602088049465,0.011879582390107135,0.9107662463627546,0.7440820130475303,0.9888888888888889,0.022222222222222233,0.9043990301350884,0.762209906477312,"SMOTEENN(enn=EditedNearestNeighbours(), random_state=97,
         smote=SMOTE(k_neighbors=3, random_state=97))",97
0.03,8698,4479,0.9919226040452257,0.007660476413644005,0.8901251738525731,0.7243339253996448,0.9883465959328028,0.015299892737476735,0.8768617942500866,0.7312088673363353,"SMOTEENN(enn=EditedNearestNeighbours(), random_state=97,
         smote=SMOTE(k_neighbors=3, random_state=97))",97
0.05,8698,4566,0.9975596080420793,0.004880783915841213,0.8960695976386516,0.7511423550087873,0.9954545454545455,0.009090909090909084,0.8841357810876342,0.7547627294769657,"SMOTEENN(enn=EditedNearestNeighbours(), random_state=97,
         smote=SMOTE(k_neighbors=3, random_state=97))",97
0.1,8698,4783,0.9955246327221264,0.0015897343409419832,0.8818849449204407,0.7169943820224719,0.9919272921678696,0.002848557456243169,0.8662971943193627,0.7208174575684101,"SMOTEENN(enn=EditedNearestNeighbours(), random_state=97,
         smote=SMOTE(k_neighbors=3, random_state=97))",97
0.25,8698,5436,0.9988474378625343,0.001080127974724248,0.8811124694376528,0.7167893445495969,0.9985024367221182,0.0017699183081739886,0.8652580533425702,0.720124696917215,"SMOTEENN(enn=EditedNearestNeighbours(), random_state=97,
         smote=SMOTE(k_neighbors=3, random_state=97))",97
0.5,8695,6523,0.9998274869475038,0.00034502610499238524,0.8880332665947944,0.7171286425017769,0.9997701149425288,0.00045977011494251484,0.8740907516453066,0.7242812608243852,"SMOTEENN(enn=EditedNearestNeighbours(), random_state=97,
         smote=SMOTE(k_neighbors=3, random_state=97))",97
1.0,8695,8698,0.9997699825965842,0.00028171263516440684,0.9064318289039157,0.7463493780421849,0.9997699826726454,0.00028171261963820814,0.896951853134742,0.7563214409421545,"SMOTEENN(enn=EditedNearestNeighbours(), random_state=97,
         smote=SMOTE(k_neighbors=3, random_state=97))",97
0.005,8698,4370,0.9856568474604085,0.02868630507918275,0.9269249632172634,0.7582292849035187,0.975,0.049999999999999996,0.9225839972289573,0.7786629719431937,"SMOTEENN(enn=EditedNearestNeighbours(n_neighbors=5), random_state=97,
         smote=SMOTE(random_state=97))",97
0.01,8698,4392,0.9940602088049465,0.011879582390107135,0.8994404476418865,0.7340934166973152,0.9888888888888889,0.022222222222222233,0.8910633875995844,0.7495670245930031,"SMOTEENN(enn=EditedNearestNeighbours(n_neighbors=5), random_state=97,
         smote=SMOTE(random_state=97))",97
0.03,8693,4479,0.993945266238246,0.004943669416371074,0.8824521072796935,0.7155187599084023,0.9884615384615385,0.009421114395319882,0.8671631451333565,0.7202978870800139,"SMOTEENN(enn=EditedNearestNeighbours(n_neighbors=5), random_state=97,
         smote=SMOTE(random_state=97))",97
0.05,8695,4566,0.9963780615871445,0.0029584761734427283,0.904642409033877,0.7581792318634424,0.9952866165333049,0.005542410825193797,0.8947003810183582,0.7644613785936959,"SMOTEENN(enn=EditedNearestNeighbours(n_neighbors=5), random_state=97,
         smote=SMOTE(random_state=97))",97
0.1,8698,4783,0.9961802427601363,0.003710292472518252,0.8762541806020067,0.728367452262171,0.9951590483827853,0.004392309018613548,0.859023207481815,0.7265327329407689,"SMOTEENN(enn=EditedNearestNeighbours(n_neighbors=5), random_state=97,
         smote=SMOTE(random_state=97))",97
0.25,8697,5436,0.9994232297278117,0.0007063964328338036,0.8834431000153162,0.733935394234109,0.9990783410138249,0.0011287971164899119,0.868202286110149,0.7346726705923103,"SMOTEENN(enn=EditedNearestNeighbours(n_neighbors=5), random_state=97,
         smote=SMOTE(random_state=97))",97
0.5,8689,6523,0.9996549078360613,0.0004226498708474275,0.8878965198644903,0.7085121602288984,0.9995402298850575,0.0005631010902949665,0.8739175614825079,0.7177000346380326,"SMOTEENN(enn=EditedNearestNeighbours(n_neighbors=5), random_state=97,
         smote=SMOTE(random_state=97))",97
1.0,8690,8698,0.9994250209531195,0.000629931532646062,0.9057196731615337,0.7319737800437,0.999424758276788,0.0006302906855555706,0.8960859023207481,0.7450640803602355,"SMOTEENN(enn=EditedNearestNeighbours(n_neighbors=5), random_state=97,
         smote=SMOTE(random_state=97))",97
0.005,8697,4370,0.9856568474604085,0.02868630507918275,0.9210182767624021,0.7311456534254461,0.975,0.049999999999999996,0.9161759612054035,0.7573605819189471,"SMOTEENN(enn=EditedNearestNeighbours(n_neighbors=7), random_state=97,
         smote=SMOTE(k_neighbors=7, random_state=97))",97
0.01,8698,4392,0.9700268549629463,0.045058493574415,0.915226605803717,0.7397727272727272,0.95,0.07288689868556626,0.9099411153446484,0.7620367163145134,"SMOTEENN(enn=EditedNearestNeighbours(n_neighbors=7), random_state=97,
         smote=SMOTE(k_neighbors=7, random_state=97))",97
0.03,8695,4479,0.9938669008108793,0.00821041223483645,0.8834713278135541,0.7229042441248684,0.9884615384615385,0.015384615384615368,0.8683754762729476,0.7263595427779702,"SMOTEENN(enn=EditedNearestNeighbours(n_neighbors=7), random_state=97,
         smote=SMOTE(k_neighbors=7, random_state=97))",97
0.05,8695,4566,0.9949795162869755,0.007355144098220645,0.886021505376344,0.7496551724137931,0.9906976744186047,0.013560353243826305,0.8714928992033253,0.7485278836162106,"SMOTEENN(enn=EditedNearestNeighbours(n_neighbors=7), random_state=97,
         smote=SMOTE(k_neighbors=7, random_state=97))",97
0.1,8695,4783,0.9968091532333769,0.0020201039508725245,0.8878619839802834,0.7279774489076815,0.9942395081529003,0.003634900197930265,0.8739175614825079,0.7325943886387254,"SMOTEENN(enn=EditedNearestNeighbours(n_neighbors=7), random_state=97,
         smote=SMOTE(k_neighbors=7, random_state=97))",97
0.25,8694,5436,0.9991368361233164,0.0007047726989411368,0.8839846743295019,0.7322423398328691,0.9989655123818466,0.001053476811575694,0.868895046761344,0.7336335296155179,"SMOTEENN(enn=EditedNearestNeighbours(n_neighbors=7), random_state=97,
         smote=SMOTE(k_neighbors=7, random_state=97))",97
0.5,8690,6523,0.9989638583824261,0.0010069305265737415,0.885679164105716,0.7230146152491636,0.9986201599661,0.0013403582861039602,0.8711465188777278,0.7275718739175615,"SMOTEENN(enn=EditedNearestNeighbours(n_neighbors=7), random_state=97,
         smote=SMOTE(k_neighbors=7, random_state=97))",97
1.0,8687,8698,0.999540162610969,0.0006702376639623148,0.9017521902377973,0.7376371156266859,0.999540097615174,0.0006702470916489227,0.8912365777623831,0.7473155524766193,"SMOTEENN(enn=EditedNearestNeighbours(n_neighbors=7), random_state=97,
         smote=SMOTE(k_neighbors=7, random_state=97))",97
0.005,8688,4370,0.9601450794968827,0.033053523441061626,0.9158271043223919,0.7215941751293351,0.93,0.057879184513951125,0.9102874956702459,0.7483546934534118,"SMOTEENN(enn=EditedNearestNeighbours(n_neighbors=9), random_state=97,
         smote=SMOTE(k_neighbors=9, random_state=97))",97
0.01,8693,4392,0.9940601427460001,0.011879714507999852,0.9010249839846253,0.7154623736428304,0.9888888888888889,0.022222222222222233,0.8929684793903706,0.7367509525458953,"SMOTEENN(enn=EditedNearestNeighbours(n_neighbors=9), random_state=97,
         smote=SMOTE(k_neighbors=9, random_state=97))",97
0.03,8695,4479,0.993945266238246,0.004943669416371074,0.895800933125972,0.723939611790079,0.9884615384615385,0.009421114395319882,0.8839625909248354,0.7339799099411153,"SMOTEENN(enn=EditedNearestNeighbours(n_neighbors=9), random_state=97,
         smote=SMOTE(k_neighbors=9, random_state=97))",97
0.05,8695,4566,0.9927566653440154,0.004517800449335116,0.8820920630065759,0.7465706447187929,0.9927841364729897,0.008866173776680475,0.8664703844821615,0.744024939383443,"SMOTEENN(enn=EditedNearestNeighbours(n_neighbors=9), random_state=97,
         smote=SMOTE(k_neighbors=9, random_state=97))",97
0.1,8691,4783,0.9974580421972217,0.0012709789078268632,0.8817862058418718,0.7329752209322474,0.9954022988505746,0.002298850574712663,0.8661240041565639,0.7331139591271216,"SMOTEENN(enn=EditedNearestNeighbours(n_neighbors=9), random_state=97,
         smote=SMOTE(k_neighbors=9, random_state=97))",97
0.25,8682,5436,0.9985650298398066,0.0022222808636330367,0.8846271862534519,0.7243376030882611,0.9987356273243753,0.001642826337688521,0.8697609975753378,0.727918254243159,"SMOTEENN(enn=EditedNearestNeighbours(n_neighbors=9), random_state=97,
         smote=SMOTE(k_neighbors=9, random_state=97))",97
0.5,8686,6523,0.9993096162759393,0.00034519220499022377,0.890226956924502,0.7122895019706198,0.9990799300810425,0.0004600361030202536,0.8768617942500866,0.7218565985452026,"SMOTEENN(enn=EditedNearestNeighbours(n_neighbors=9), random_state=97,
         smote=SMOTE(k_neighbors=9, random_state=97))",97
1.0,8683,8698,0.9995400307196871,0.0004303063771722927,0.9072878954824493,0.7385062693076504,0.9995398330754071,0.0004305351994924938,0.8979909941115345,0.7507793557325944,"SMOTEENN(enn=EditedNearestNeighbours(n_neighbors=9), random_state=97,
         smote=SMOTE(k_neighbors=9, random_state=97))",97
0.005,8698,4370,0.960541904931673,0.05123954086989138,0.93005733005733,0.7436045393344874,0.9349999999999999,0.08306623862918074,0.9260478004849324,0.7691375129892621,"SMOTETomek(random_state=97, smote=SMOTE(k_neighbors=3, random_state=97),
           tomek=TomekLinks())",97
0.01,8698,4392,0.9932758950794562,0.013448209841087522,0.9184871209651125,0.7487740475292343,0.9875,0.024999999999999998,0.9134049186006234,0.769310703152061,"SMOTETomek(random_state=97, smote=SMOTE(k_neighbors=3, random_state=97),
           tomek=TomekLinks())",97
0.03,8698,4479,0.9940206149985616,0.007941399269692328,0.8945488429880416,0.7246013259272531,0.9921927497789568,0.009563616652880394,0.8824038794596467,0.7338067197783166,"SMOTETomek(random_state=97, smote=SMOTE(k_neighbors=3, random_state=97),
           tomek=TomekLinks())",97
0.05,8698,4566,0.9951711319869647,0.0024158741993286484,0.9165209095245667,0.7556610664718773,0.9951716740045692,0.00544863546823869,0.9090751645306547,0.7682715621752685,"SMOTETomek(random_state=97, smote=SMOTE(k_neighbors=3, random_state=97),
           tomek=TomekLinks())",97
0.1,8698,4783,0.9987222934885274,0.0015649010063921087,0.8745639314424389,0.7274909963985594,0.9976877840149694,0.0028319535179148025,0.8567717353654313,0.7248008313127814,"SMOTETomek(random_state=97, smote=SMOTE(k_neighbors=3, random_state=97),
           tomek=TomekLinks())",97
0.25,8698,5436,0.9994242254936111,0.0007051786314012199,0.879231473010064,0.726831803221895,0.9990804549105821,0.001126213092006727,0.8628333910633876,0.7268791132663666,"SMOTETomek(random_state=97, smote=SMOTE(k_neighbors=3, random_state=97),
           tomek=TomekLinks())",97
0.5,8698,6523,0.999137301782298,0.0007716505902417481,0.8943694741740345,0.7386303309148823,0.9989653849714959,0.0009196394649953367,0.8820574991340492,0.7441981295462418,"SMOTETomek(random_state=97, smote=SMOTE(k_neighbors=3, random_state=97),
           tomek=TomekLinks())",97
1.0,8698,8698,0.9997700488076525,0.00028163156286627525,0.9085750315258512,0.7415485278080698,0.9997701149425288,0.00028155054514748324,0.8995497055767232,0.7537235885001732,"SMOTETomek(random_state=97, smote=SMOTE(k_neighbors=3, random_state=97),
           tomek=TomekLinks())",97
0.005,8698,4370,0.9410400881405689,0.06139984055551501,0.9288291243030502,0.7520061138708445,0.905,0.09273618495495704,0.9248354693453411,0.7751991686872186,"SMOTETomek(random_state=97, smote=SMOTE(random_state=97), tomek=TomekLinks())",97
0.01,8698,4392,0.9814453321834282,0.025055958390251553,0.8993931651229639,0.7363403006967364,0.9666666666666666,0.04444444444444447,0.8908901974367855,0.7509525458953932,"SMOTETomek(random_state=97, smote=SMOTE(random_state=97), tomek=TomekLinks())",97
0.03,8698,4479,0.9899043155704057,0.0065095767036336604,0.8723307587460245,0.7153209109730849,0.984500442086649,0.014269433964378509,0.8540006927606512,0.7142362313820575,"SMOTETomek(random_state=97, smote=SMOTE(random_state=97), tomek=TomekLinks())",97
0.05,8698,4566,0.996378376257474,0.004862058256883385,0.9062058130400629,0.7616506581287797,0.9953396029258098,0.009036179677242323,0.8966054728091445,0.767925181849671,"SMOTETomek(random_state=97, smote=SMOTE(random_state=97), tomek=TomekLinks())",97
0.1,8698,4783,0.9980935151331796,0.0015566383800215671,0.8780264961169484,0.734020618556701,0.9965517241379309,0.002815505451474941,0.8612746795981988,0.7319016279875303,"SMOTETomek(random_state=97, smote=SMOTE(random_state=97), tomek=TomekLinks())",97
0.25,8698,5436,0.9994242254936111,0.0007051786314012199,0.8865662465416538,0.7397355601948504,0.9990804549105821,0.001126213092006727,0.8721856598545203,0.7409075164530654,"SMOTETomek(random_state=97, smote=SMOTE(random_state=97), tomek=TomekLinks())",97
0.5,8698,6523,0.9996547746908846,0.0006904506182310755,0.8931226765799256,0.731629392971246,0.9995402298850575,0.0009195402298850297,0.8804987876688604,0.7381364738482854,"SMOTETomek(random_state=97, smote=SMOTE(random_state=97), tomek=TomekLinks())",97
1.0,8698,8698,0.9996550401059447,0.00046000162402863267,0.9085750315258512,0.7415485278080698,0.9996550401439096,0.000460001605066636,0.8995497055767232,0.7537235885001732,"SMOTETomek(random_state=97, smote=SMOTE(random_state=97), tomek=TomekLinks())",97
0.005,8698,4370,0.9713136949208172,0.035133405024903565,0.9144063667370472,0.718803910293272,0.95,0.06123724356957945,0.9087287842050571,0.7459300311742294,"SMOTETomek(random_state=97, smote=SMOTE(k_neighbors=7, random_state=97),
           tomek=TomekLinks())",97
0.01,8698,4392,0.988120417609893,0.014549457606557549,0.9154309923415349,0.7417769376181474,0.9777777777777779,0.02721655269759088,0.9101143055074472,0.7634222376169033,"SMOTETomek(random_state=97, smote=SMOTE(k_neighbors=7, random_state=97),
           tomek=TomekLinks())",97
0.03,8698,4479,0.9920024584899053,0.0074312162916933796,0.882118799755052,0.7187225829092824,0.9883465959328028,0.009517278507287933,0.8666435746449601,0.7223761690335989,"SMOTETomek(random_state=97, smote=SMOTE(k_neighbors=7, random_state=97),
           tomek=TomekLinks())",97
0.05,8698,4566,0.9975849913394462,0.0029589478245277425,0.9084606900898062,0.7646219686162625,0.9975594760759154,0.0045990809986882555,0.8993765154139245,0.771388985105646,"SMOTETomek(random_state=97, smote=SMOTE(k_neighbors=7, random_state=97),
           tomek=TomekLinks())",97
0.1,8698,4783,0.997451281557665,0.0012744260366392395,0.8884093711467325,0.7329585382993675,0.9953889334402565,0.0023056785514940356,0.8746103221337028,0.7367509525458954,"SMOTETomek(random_state=97, smote=SMOTE(k_neighbors=7, random_state=97),
           tomek=TomekLinks())",97
0.25,8698,5436,0.9997126106297053,0.0005747787405894655,0.887178697860551,0.7338003502626971,0.9995412844036696,0.0009174311926605226,0.873051610668514,0.7367509525458954,"SMOTETomek(random_state=97, smote=SMOTE(k_neighbors=7, random_state=97),
           tomek=TomekLinks())",97
0.5,8698,6523,0.9994819961832588,0.0006905336194551918,0.8945082221532733,0.7385377942998761,0.9993098151385137,0.0009198056463571939,0.8822306892968479,0.7441981295462418,"SMOTETomek(random_state=97, smote=SMOTE(k_neighbors=7, random_state=97),
           tomek=TomekLinks())",97
1.0,8698,8698,0.9996551060888301,0.0002816047251990426,0.9085750315258512,0.7415485278080698,0.9996550401439096,0.0002816586465806774,0.8995497055767232,0.7537235885001732,"SMOTETomek(random_state=97, smote=SMOTE(k_neighbors=7, random_state=97),
           tomek=TomekLinks())",97
0.005,8698,4370,0.9744882320364742,0.03164600561972855,0.9172368849788205,0.7164928543839321,0.9550000000000001,0.055677643628300216,0.9120193972982334,0.7457568410114306,"SMOTETomek(random_state=97, smote=SMOTE(k_neighbors=9, random_state=97),
           tomek=TomekLinks())",97
0.01,8698,4392,0.988120417609893,0.014549457606557549,0.9061290322580645,0.7304380381879446,0.9777777777777779,0.02721655269759088,0.8992033252511258,0.7506061655697955,"SMOTETomek(random_state=97, smote=SMOTE(k_neighbors=9, random_state=97),
           tomek=TomekLinks())",97
0.03,8698,4479,0.9877246258688942,0.010346881512823793,0.8998593969692236,0.7336809926272253,0.9806541559706117,0.020962204018007927,0.8889851056459993,0.7435053688950468,"SMOTETomek(random_state=97, smote=SMOTE(k_neighbors=9, random_state=97),
           tomek=TomekLinks())",97
0.05,8698,4566,0.9962703282143636,0.004984613011657348,0.9109286165508528,0.7738264580369844,0.9930232558139535,0.009302325581395366,0.9023207481815033,0.7797021129199861,"SMOTETomek(random_state=97, smote=SMOTE(k_neighbors=9, random_state=97),
           tomek=TomekLinks())",97
0.1,8698,4783,0.9968219259858653,0.004035971339492433,0.8880332665947944,0.7397451562227265,0.9963215745406929,0.006796106416949513,0.8740907516453066,0.7417734672670593,"SMOTETomek(random_state=97, smote=SMOTE(k_neighbors=9, random_state=97),
           tomek=TomekLinks())",97
0.25,8698,5436,0.9991369046668286,0.0011512632095442678,0.8855430941772929,0.726027397260274,0.9989655123818466,0.0012804305779862074,0.870973328714929,0.7298233460339453,"SMOTETomek(random_state=97, smote=SMOTE(k_neighbors=9, random_state=97),
           tomek=TomekLinks())",97
0.5,8698,6523,0.9994823287246186,0.00042267684360025874,0.8957588938946714,0.7370291400142146,0.999425287356322,0.0005140386155171775,0.8837894007620367,0.7436785590578455,"SMOTETomek(random_state=97, smote=SMOTE(k_neighbors=9, random_state=97),
           tomek=TomekLinks())",97
1.0,8698,8698,0.9996549738948763,0.00046003471175525587,0.9085750315258512,0.7415485278080698,0.9996550401439096,0.00045983632122209236,0.8995497055767232,0.7537235885001732,"SMOTETomek(random_state=97, smote=SMOTE(k_neighbors=9, random_state=97),
           tomek=TomekLinks())",97
0.005,4370,4370,0.8812647965357723,0.11292946092562174,0.6562655601659751,0.2222222222222222,0.835,0.14628738838327793,0.6413231728437825,0.3865604433668168,no Sampler(),142
0.01,4392,4392,0.9506390516488497,0.04977010383823457,0.7329545454545454,0.3545808567329371,0.9180555555555555,0.08055555555555556,0.7069622445445098,0.4546241773467267,no Sampler(),142
0.03,4479,4479,0.9918486782432767,0.007677749670952836,0.7943868212324589,0.55897903372835,0.9846153846153847,0.01439098994913053,0.766539660547281,0.5810529961898163,no Sampler(),142
0.05,4566,4566,0.9900699602020382,0.0051388586004395735,0.8163265306122449,0.6204966771598461,0.9815010570824525,0.0093821650669121,0.7880152407343264,0.624177346726706,no Sampler(),142
0.1,4783,4783,0.99615366215974,0.0037398394455927094,0.8376711298330074,0.6649386556073958,0.9930900828655439,0.0067000043400629265,0.8131278143401455,0.6641842743332178,no Sampler(),142
0.25,5436,5436,0.9994242254936111,0.00070517863140122,0.8531468531468531,0.6920074664856609,0.9994242279781769,0.0008923926332859183,0.8290613093176308,0.6856598545202632,no Sampler(),142
0.5,6523,6523,0.9994826563209372,0.0006893789727412209,0.8768082838434598,0.7225493591963976,0.999539435656218,0.000564073973788328,0.8598891582958088,0.7225493591963976,no Sampler(),142
1.0,8698,8698,0.9997700488076525,0.00028163156286627525,0.8993602746138243,0.7607167955024596,0.9997701149425288,0.00028155054514748324,0.8882923449948044,0.7641149982680984,no Sampler(),142
0.005,8698,4370,0.960541904931673,0.05123954086989138,0.7108581974776992,0.3431508203202214,0.9349999999999999,0.08306623862918074,0.6744024939383443,0.4244890890197437,RandomOverSampler(random_state=142),142
0.01,8698,4392,0.9798278829604131,0.0403442340791738,0.7701386839775745,0.4622763327799299,0.9666666666666666,0.0666666666666667,0.7301697263595428,0.49515067544163494,RandomOverSampler(random_state=142),142
0.03,8698,4479,0.9916872114132186,0.012221761919722494,0.8253549992680428,0.6418415707515234,0.9846153846153847,0.022426738057097315,0.7933841357810876,0.6335296155178385,RandomOverSampler(random_state=142),142
0.05,8698,4566,0.9963256991999672,0.004887712483924387,0.8453729586582316,0.68388395103136,0.9931289640591967,0.009117910635453622,0.8179771388985106,0.6735365431243505,RandomOverSampler(random_state=142),142
0.1,8698,4783,0.9993577664244855,0.001284467151029034,0.8450455748309321,0.6847480328143312,0.9988372093023254,0.0023255813953488415,0.8174575684101143,0.6738829234499479,RandomOverSampler(random_state=142),142
0.25,8698,5436,0.9994252212594106,0.0007039573147218645,0.8510007412898444,0.6908783783783784,0.9997701149425288,0.00028155054514748324,0.8259438863872532,0.6830620020782819,RandomOverSampler(random_state=142),142
0.5,8698,6523,1.0,0.0,0.8696177670342952,0.7190549563430919,1.0,0.0,0.8505368895046761,0.7157949428472463,RandomOverSampler(random_state=142),142
1.0,8698,8698,0.9998850574332995,0.0002298851334010976,0.8993602746138243,0.7607167955024596,0.9998850574712644,0.00022988505747125742,0.8882923449948044,0.7641149982680984,RandomOverSampler(random_state=142),142
0.005,42,4370,0.6308185016122749,0.04957322740156776,0.6985737794843664,0.5913611399732819,0.912354205520945,0.09866461183466134,0.6193280221683408,0.523207481815033,RandomUnderSampler(random_state=142),142
0.01,86,4392,0.787327474677543,0.11352137802518958,0.7687448503158473,0.6930029154518951,0.9469347336304997,0.06058864052864929,0.7083477658469,0.6352615171458261,RandomUnderSampler(random_state=142),142
0.03,260,4479,0.925176716137365,0.058324778161870164,0.7845273006563329,0.6749885827370985,0.9794423094728639,0.011924219631662868,0.7327675788015241,0.6302390024246622,RandomUnderSampler(random_state=142),142
0.05,434,4566,0.9756585860150808,0.008927813784005926,0.8127762726365322,0.6663463078648086,0.9932703728688015,0.005031155659522126,0.7726013162452372,0.6392448908901974,RandomUnderSampler(random_state=142),142
0.1,868,4783,0.9950257683209873,0.005036667526483546,0.8240219431211202,0.6837938277589272,0.9990803275002313,0.0009337487100785172,0.78888119154832,0.6610668514028404,RandomUnderSampler(random_state=142),142
0.25,2174,5436,0.999138883994642,0.0007031008980764785,0.8468680913780398,0.6905439330543933,0.999655172413793,0.00028155054514748324,0.8200554208520956,0.6797713889851056,RandomUnderSampler(random_state=142),142
0.5,4348,6523,0.9993105423213182,0.001004793813886981,0.8635272945410918,0.7227372324287882,0.9993103448275862,0.0009195402298850686,0.8423969518531348,0.7151021821960513,RandomUnderSampler(random_state=142),142
1.0,8698,8698,0.9996551060888301,0.0002816047251990426,0.8968414501322546,0.7604895104895105,0.9996550401439096,0.00028165864658067735,0.8851749220644267,0.7627294769657083,RandomUnderSampler(random_state=142),142
0.005,8698,4370,0.9665518561040949,0.06689628779181017,0.7088569265707797,0.34375606913963874,0.95,0.09999999999999999,0.6669553169379979,0.4147904399030135,"SMOTE(k_neighbors=3, random_state=142)",142
0.01,8698,4392,0.9754564554353491,0.012365398113819051,0.7998273132824867,0.5600828729281768,0.9541666666666666,0.023073955174772436,0.7590924835469346,0.5587114651887772,"SMOTE(k_neighbors=3, random_state=142)",142
0.03,8698,4479,0.9898304556756742,0.0065067938563412335,0.8367466354593329,0.6485384092454113,0.9807692307692308,0.01216260638526299,0.8067197783165916,0.6418427433321787,"SMOTE(k_neighbors=3, random_state=142)",142
0.05,8698,4566,0.9963252527155955,0.0030008228873332522,0.8427230046948356,0.6716066015493433,0.993076109936575,0.005654156076243697,0.8143401454797368,0.6622791825424317,"SMOTE(k_neighbors=3, random_state=142)",142
0.1,8698,4783,0.9993645270640419,0.0012709458719160514,0.847332743884468,0.6829432564404782,0.9988505747126437,0.002298850574712663,0.8205749913404918,0.673882923449948,"SMOTE(k_neighbors=3, random_state=142)",142
0.25,8698,5436,0.9997126106297053,0.0005747787405894655,0.8556946929039952,0.6954452753229096,0.9998850574712644,0.00022988505747125742,0.832351922410807,0.6896432282646345,"SMOTE(k_neighbors=3, random_state=142)",142
0.5,8698,6523,0.9996549066169791,0.00042265198673884505,0.8767873440827503,0.7268965517241379,0.9996546427247207,0.00046069735629417964,0.85971596813301,0.7256667821267753,"SMOTE(k_neighbors=3, random_state=142)",142
1.0,8698,8698,0.9996550400298837,0.00028165866203846935,0.8993602746138243,0.7607167955024596,0.9996550401439096,0.00028165864658067735,0.8882923449948044,0.7641149982680984,"SMOTE(k_neighbors=3, random_state=142)",142
0.005,8698,4370,0.9219350967842551,0.07561312081356568,0.7045590881823636,0.3266175900813638,0.8800000000000001,0.11224972160321824,0.6588153792864565,0.3979909941115345,SMOTE(random_state=142),142
0.01,8698,4392,0.9729355790361167,0.026586956003589672,0.808455565142364,0.5619576535925026,0.951388888888889,0.046481112585226414,0.769310703152061,0.5628680290959474,SMOTE(random_state=142),142
0.03,8698,4479,0.9918486782432767,0.007677749670952836,0.8337723148961077,0.6401637945743047,0.9846153846153847,0.01439098994913053,0.8032559750606165,0.6347419466574298,SMOTE(random_state=142),142
0.05,8698,4566,0.9925387439036296,0.006207117855471963,0.8409656181419166,0.6745859126652166,0.9860993657505286,0.011404249172786813,0.8117422930377555,0.6631451333564253,SMOTE(random_state=142),142
0.1,8698,4783,0.9980734969955009,0.0038530060089984274,0.8439425051334702,0.6814988290398126,0.9965517241379309,0.006896551724137901,0.8157256667821268,0.6702459300311743,SMOTE(random_state=142),142
0.25,8698,5436,0.999136826251975,0.0007047877005012295,0.8562052505966588,0.6959183673469388,0.9989632662152058,0.0010559509092972473,0.8330446830620021,0.6903359889158296,SMOTE(random_state=142),142
0.5,8698,6523,0.9993098147968291,0.0006459632118675518,0.8771128369118318,0.7262048713076524,0.9991954022988505,0.0008601511233962823,0.8602355386214062,0.7254935919639764,SMOTE(random_state=142),142
1.0,8698,8698,0.999884991374353,0.00023001725129385698,0.8993602746138243,0.7607167955024596,0.9998850574712644,0.00022988505747125742,0.8882923449948044,0.7641149982680984,SMOTE(random_state=142),142
0.005,8698,4370,0.9522087035645036,0.06586739526723596,0.7091237579042458,0.3273507608271557,0.925,0.09999999999999999,0.6653966054728091,0.40284031866989956,"SMOTE(k_neighbors=7, random_state=142)",142
0.01,8698,4392,0.9814452662762108,0.025056163486455257,0.8227646973855265,0.5914275838230211,0.9666666666666666,0.04444444444444447,0.78749567024593,0.5905784551437478,"SMOTE(k_neighbors=7, random_state=142)",142
0.03,8698,4479,0.987809150533803,0.009957745811758142,0.8340163934426229,0.6589225589225589,0.9806542882404952,0.01720205904260675,0.8036023553862142,0.6491167301697264,"SMOTE(k_neighbors=7, random_state=142)",142
0.05,8698,4566,0.992623840707466,0.007176322926364406,0.8448757535656521,0.6767727808657571,0.9883628587397635,0.010416485593753745,0.8172843782473156,0.6676480775891929,"SMOTE(k_neighbors=7, random_state=142)",142
0.1,8698,4783,0.9967548871670537,0.006490225665892434,0.8403975445776088,0.6787676935886761,0.9942528735632183,0.011494252873563225,0.8108763422237617,0.6659161759612053,"SMOTE(k_neighbors=7, random_state=142)",142
0.25,8698,5436,0.9997136627352315,0.0005726745295370872,0.8603569821508924,0.6991953432631399,0.9998850574712644,0.00022988505747125742,0.838759958434361,0.695704883962591,"SMOTE(k_neighbors=7, random_state=142)",142
0.5,8698,6523,0.9996547084398781,0.000422894275680254,0.8751330798479088,0.7237273511647973,0.9995397001959849,0.0005637504463773807,0.8578108763422237,0.7227225493591964,"SMOTE(k_neighbors=7, random_state=142)",142
1.0,8698,8698,0.9996551061647599,0.0004598032573564667,0.8993602746138243,0.7607167955024596,0.9996550401439096,0.0004598363212220923,0.8882923449948044,0.7641149982680984,"SMOTE(k_neighbors=7, random_state=142)",142
0.005,8698,4370,0.9713136949208172,0.035133405024903565,0.7066265060240964,0.3242926829268293,0.95,0.06123724356957946,0.6626255628680291,0.40024246622791826,"SMOTE(k_neighbors=9, random_state=142)",142
0.01,8698,4392,0.9806609525507206,0.02545099317675911,0.8203799654576857,0.5842114354810848,0.9652777777777779,0.04521894610027698,0.7838586768271563,0.5831312781434015,"SMOTE(k_neighbors=9, random_state=142)",142
0.03,8698,4479,0.9855541782830443,0.010715250576817848,0.833917104495038,0.6528410048895633,0.973076923076923,0.01961161351381842,0.8029095947350191,0.6434014547973674,"SMOTE(k_neighbors=9, random_state=142)",142
0.05,8698,4566,0.9951190841179949,0.005977876697821039,0.8492988929889299,0.6743751062744431,0.9930140215304611,0.00918055962712772,0.8231728437824731,0.6683408382403879,"SMOTE(k_neighbors=9, random_state=142)",142
0.1,8698,4783,0.9993645270640419,0.0012709458719160514,0.8485296290823112,0.6813335589778304,0.9988505747126437,0.002298850574712663,0.8224800831312782,0.673882923449948,"SMOTE(k_neighbors=9, random_state=142)",142
0.25,8698,5436,0.9991358428420826,0.0011517940117886573,0.8590203106332138,0.6893120603877166,0.9989633984850894,0.0012825145275407778,0.8365084863179771,0.6863526151714583,"SMOTE(k_neighbors=9, random_state=142)",142
0.5,8698,6523,0.9993094174156051,0.0008457875042479997,0.8708799516177804,0.7146299483648881,0.9991948726097781,0.0010025322520636297,0.8520956009698648,0.7128507100796675,"SMOTE(k_neighbors=9, random_state=142)",142
1.0,8698,8698,0.9994252200442684,0.0006295680433696414,0.8993602746138243,0.7607167955024596,0.9994251550864384,0.0006295662136308723,0.8882923449948044,0.7641149982680984,"SMOTE(k_neighbors=9, random_state=142)",142
0.005,8698,4370,0.9414369135753592,0.07292501799749106,0.6203600446072964,0.19846057832327854,0.9099999999999999,0.11135528725660043,0.5872878420505715,0.33269830273640455,"BorderlineSMOTE(k_neighbors=3, random_state=142)",142
0.01,8698,4392,0.9754564554353491,0.012365398113819051,0.7306411926472717,0.41839495040577096,0.9541666666666666,0.023073955174772436,0.6776931070315206,0.4414617249740215,"BorderlineSMOTE(k_neighbors=3, random_state=142)",142
0.03,8698,4479,0.9877338676807049,0.007719599351407619,0.8144180660104227,0.6338615512927439,0.976923076923077,0.01439098994913054,0.7779702112919986,0.6198475926567371,"BorderlineSMOTE(k_neighbors=3, random_state=142)",142
0.05,8698,4566,0.9914362168316512,0.00829095135761553,0.8629152948219097,0.709140332993544,0.988195062088406,0.012742653750273331,0.8413578108763422,0.7034984412885348,"BorderlineSMOTE(k_neighbors=3, random_state=142)",142
0.1,8698,4783,0.9987289880691375,0.001556665347305369,0.8684250188394875,0.7066322136089578,0.998735632183908,0.0022524043611799544,0.8488049878766886,0.7050571527537235,"BorderlineSMOTE(k_neighbors=3, random_state=142)",142
0.25,8698,5436,0.9997126766886517,0.0005746466226967062,0.8741661613098848,0.7170006910850034,0.9995412844036696,0.0009174311926605226,0.8562521648770349,0.7163145133356426,"BorderlineSMOTE(k_neighbors=3, random_state=142)",142
0.5,8698,6523,0.9991369043631089,0.0007720948751279959,0.8671307506053268,0.6926301082780301,0.9988505747126437,0.0010280772310343551,0.8479390370626948,0.6951853134741947,"BorderlineSMOTE(k_neighbors=3, random_state=142)",142
1.0,8698,8698,0.9996551061647599,0.0004598032573564667,0.8993602746138243,0.7607167955024596,0.9996550401439096,0.0004598363212220923,0.8882923449948044,0.7641149982680984,"BorderlineSMOTE(k_neighbors=3, random_state=142)",142
0.005,8698,4370,0.960541904931673,0.051239540869891374,0.6314797360980208,0.2154854567800082,0.9349999999999999,0.08306623862918074,0.5936958780741254,0.3366816764807759,BorderlineSMOTE(random_state=142),142
0.01,8698,4392,0.9731037780398694,0.039207559328243706,0.742220292372268,0.4288555414934008,0.9541666666666666,0.06508541396588882,0.6915483200554209,0.4528922757187392,BorderlineSMOTE(random_state=142),142
0.03,8698,4479,0.987410670239598,0.015418717061479011,0.8218859138533178,0.6416107382550336,0.976923076923077,0.028263343185959754,0.7880152407343264,0.6300658122618635,BorderlineSMOTE(random_state=142),142
0.05,8698,4566,0.993829804290279,0.005519627571534236,0.8744313011828936,0.7139143995841275,0.9884778012684989,0.010283624953078491,0.8565985452026326,0.7140630412192588,BorderlineSMOTE(random_state=142),142
0.1,8698,4783,0.9980934490742331,0.0015566923169252457,0.8562091503267973,0.6920332936979786,0.9975862068965519,0.002729733813112191,0.8323519224108071,0.6860062348458608,BorderlineSMOTE(random_state=142),142
0.25,8698,5436,0.999136970574046,0.0011510650846614705,0.8713918694272329,0.7144086761921157,0.9989676262786038,0.0017912742364763889,0.8526151714582612,0.7126775199168687,BorderlineSMOTE(random_state=142),142
0.5,8698,6523,0.9996549078360613,0.0004226498708474275,0.8698547215496368,0.6966841186736474,0.999655172413793,0.00045977011494251484,0.8510564599930723,0.6989954970557672,BorderlineSMOTE(random_state=142),142
1.0,8698,8698,0.9997701146388092,0.0004597707223816805,0.8993602746138243,0.7607167955024596,0.9997701149425288,0.00045977011494251484,0.8882923449948044,0.7641149982680984,BorderlineSMOTE(random_state=142),142
0.005,8698,4370,0.9270937610357679,0.06679074625630822,0.6608241082410824,0.26701153999204136,0.885,0.10198039027185568,0.6179425008659508,0.36196744024939387,"BorderlineSMOTE(k_neighbors=7, random_state=142)",142
0.01,8698,4392,0.9648713114344366,0.04267762516299098,0.7361714451201854,0.4231255645889792,0.9402777777777779,0.06854979266251704,0.6844475233806719,0.4470038101835816,"BorderlineSMOTE(k_neighbors=7, random_state=142)",142
0.03,8698,4479,0.9860116771733513,0.004795849121878417,0.85080585538962,0.672360778954561,0.9805393457117596,0.011802484893520116,0.8252511257360582,0.6678212677519917,"BorderlineSMOTE(k_neighbors=7, random_state=142)",142
0.05,8698,4566,0.9963256991999672,0.004887712483924387,0.8759878419452888,0.7123955431754875,0.9931289640591967,0.009117910635453622,0.8586768271562175,0.71388985105646,"BorderlineSMOTE(k_neighbors=7, random_state=142)",142
0.1,8698,4783,0.9974378263374983,0.003743697882198261,0.8721827257600968,0.7115949542077069,0.9964100507885594,0.004847570756109682,0.8536543124350537,0.7109456182888811,"BorderlineSMOTE(k_neighbors=7, random_state=142)",142
0.25,8698,5436,0.9994242254936111,0.00070517863140122,0.8727658285368071,0.7171177383209791,0.9994242279781769,0.0008923926332859183,0.8545202632490474,0.7157949428472463,"BorderlineSMOTE(k_neighbors=7, random_state=142)",142
0.5,8698,6523,1.0,0.0,0.8700410396716827,0.6907361747094047,1.0,0.0,0.8519224108070662,0.6958780741253896,"BorderlineSMOTE(k_neighbors=7, random_state=142)",142
1.0,8698,8698,0.9996551723758282,0.0004597701339249808,0.8993602746138243,0.7607167955024596,0.999655172413793,0.00045977011494251484,0.8882923449948044,0.7641149982680984,"BorderlineSMOTE(k_neighbors=7, random_state=142)",142
0.005,8698,4370,0.9079887696794543,0.07665193074423937,0.677239087751095,0.3066511987625677,0.86,0.11575836902790225,0.6298926220990648,0.37894007620367165,"BorderlineSMOTE(k_neighbors=9, random_state=142)",142
0.01,8698,4392,0.9542011722023969,0.040050602137659534,0.7451314854299929,0.4789800137835975,0.9304404807569364,0.06687424832197036,0.6894700381018358,0.47627294769657086,"BorderlineSMOTE(k_neighbors=9, random_state=142)",142
0.03,8698,4479,0.9877261150383292,0.012094506559359277,0.8350109409190372,0.6665553514777092,0.9806542882404952,0.021067506482452297,0.8041219258746104,0.6541392448908903,"BorderlineSMOTE(k_neighbors=9, random_state=142)",142
0.05,8698,4566,0.9975321823157752,0.0030224470522837023,0.869683257918552,0.7163412127440905,0.9953488372093023,0.005696487773914377,0.8503636993418774,0.7131970904052649,"BorderlineSMOTE(k_neighbors=9, random_state=142)",142
0.1,8698,4783,0.9968356000869978,0.00399348768267982,0.8720508166969148,0.7148026882646906,0.9963218390804599,0.004733623053327354,0.8534811222722549,0.7133702805680637,"BorderlineSMOTE(k_neighbors=9, random_state=142)",142
0.25,8698,5436,1.0,0.0,0.875588637399362,0.7173800034656039,1.0,0.0,0.8581572566678213,0.7175268444752338,"BorderlineSMOTE(k_neighbors=9, random_state=142)",142
0.5,8698,6523,0.9994821296722243,0.0006906318324255185,0.8674259681093394,0.6904302019315188,0.9993103448275862,0.0009195402298850297,0.8488049878766886,0.6946657429857983,"BorderlineSMOTE(k_neighbors=9, random_state=142)",142
1.0,8698,8698,0.999425089065588,0.0007272739473747341,0.8993602746138243,0.7607167955024596,0.9994251550864384,0.0007271695367413303,0.8882923449948044,0.7641149982680984,"BorderlineSMOTE(k_neighbors=9, random_state=142)",142
0.005,4370,4370,0.9079887696794543,0.07665193074423937,0.6589537223340041,0.2179144385026738,0.86,0.11575836902790225,0.6477312088673364,0.39210252857637684,EditedNearestNeighbours(),142
0.01,4392,4392,0.9611050161400886,0.025933340623785366,0.7304730473047305,0.3500816993464052,0.9305555555555556,0.04479032082388084,0.7029788708001385,0.44890890197436784,EditedNearestNeighbours(),142
0.03,4479,4479,0.9877338017734875,0.007719759989465385,0.7911353976927747,0.5634920634920635,0.976923076923077,0.01439098994913054,0.7616903359889158,0.5808798060270177,EditedNearestNeighbours(),142
0.05,4566,4566,0.9937725866867957,0.006914196999204662,0.8210462837328509,0.6188625927234193,0.9884249471458773,0.012738172515117399,0.7944232767578802,0.6262556286802909,EditedNearestNeighbours(),142
0.1,4782,4783,0.9980801651642393,0.002556927635249714,0.8310871518418689,0.6508814379536813,0.9965383587276129,0.0046044565975346665,0.8046414963630066,0.6501558711465188,EditedNearestNeighbours(),142
0.25,5435,5436,1.0,0.0,0.8611319621678427,0.6940953692546049,1.0,0.0,0.8397990994111535,0.6922410807066158,EditedNearestNeighbours(),142
0.5,6521,6523,0.9996549066169791,0.00042265198673884505,0.8734408275022817,0.7133425990271022,0.9996546427247207,0.00046069735629417964,0.8559057845514375,0.7142362313820575,EditedNearestNeighbours(),142
1.0,8695,8698,0.9997701149425288,0.00045977011494251484,0.8927078495123084,0.7487753673897831,0.9997701149425288,0.00045977011494251484,0.8799792171804641,0.7512989262209906,EditedNearestNeighbours(),142
0.005,4369,4370,0.8793024646002715,0.042789603738423825,0.6644715179453408,0.22882096069868996,0.8099999999999999,0.05612486080160911,0.6470384482161413,0.38829234499480425,EditedNearestNeighbours(n_neighbors=5),142
0.01,4391,4392,0.9621063507930954,0.023619821857181898,0.7239904988123516,0.3388991960420532,0.9319444444444445,0.041294635409218086,0.6981295462417735,0.444579147904399,EditedNearestNeighbours(n_neighbors=5),142
0.03,4478,4479,0.9876507002190671,0.010329679084741132,0.7879896357262612,0.5512843869557297,0.976923076923077,0.018842228790639848,0.7590924835469346,0.5734326290266714,EditedNearestNeighbours(n_neighbors=5),142
0.05,4565,4566,0.9950633986141838,0.004655124118760327,0.8211064341551413,0.6164431898376852,0.9907505285412264,0.008688034569114999,0.7939037062694838,0.6234845860755109,EditedNearestNeighbours(n_neighbors=5),142
0.1,4782,4783,0.9987289880691375,0.001556665347305369,0.8310871518418689,0.6508814379536813,0.9977011494252874,0.002815505451474941,0.8046414963630066,0.6501558711465188,EditedNearestNeighbours(n_neighbors=5),142
0.25,5433,5436,0.9997126106297053,0.0005747787405894655,0.8592525617842074,0.7044326544583263,0.9995412844036696,0.0009174311926605226,0.8382403879459647,0.7009005888465536,EditedNearestNeighbours(n_neighbors=5),142
0.5,6520,6523,0.9994824608425115,0.0010350783149770673,0.8753993610223643,0.7164438270533079,0.999425287356322,0.0011494252873562871,0.8581572566678213,0.7171804641496363,EditedNearestNeighbours(n_neighbors=5),142
1.0,8690,8698,0.9997700486555307,0.00028163174926613114,0.8935048829638815,0.7624826629680999,0.9997699826726454,0.00028171261963820814,0.8810183581572566,0.7627294769657083,EditedNearestNeighbours(n_neighbors=5),142
0.005,4369,4370,0.9075919442446638,0.06558090048664394,0.6644715179453408,0.22882096069868996,0.8550000000000001,0.09539392014169457,0.6470384482161413,0.38829234499480425,EditedNearestNeighbours(n_neighbors=7),142
0.01,4391,4392,0.951472121239157,0.039316557858000235,0.7239904988123516,0.3388991960420532,0.9166666666666666,0.06288461901484317,0.6981295462417735,0.444579147904399,EditedNearestNeighbours(n_neighbors=7),142
0.03,4478,4479,0.985475680889514,0.012508958834731722,0.7879896357262612,0.5512843869557297,0.973076923076923,0.023076923076923075,0.7590924835469346,0.5734326290266714,EditedNearestNeighbours(n_neighbors=7),142
0.05,4564,4566,0.9885527093466722,0.015299774980636427,0.8215641609719059,0.6093189964157706,0.9793868921775898,0.02735373190636086,0.7965015587114652,0.6224454450987185,EditedNearestNeighbours(n_neighbors=7),142
0.1,4781,4783,0.9974513868088912,0.0023884250113655257,0.8430574400723655,0.6536842105263158,0.9954022988505746,0.004300755616981543,0.8197090405264981,0.6581226186352616,EditedNearestNeighbours(n_neighbors=7),142
0.25,5431,5436,0.9997126106297053,0.0005747787405894655,0.8582145536384096,0.6962480726400548,0.9995412844036696,0.0009174311926605226,0.8363352961551784,0.6929338413578109,EditedNearestNeighbours(n_neighbors=7),142
0.5,6518,6523,0.999482393564483,0.00042262452510257175,0.871006997261941,0.714582611707655,0.9994247576672493,0.0005146315755365731,0.8531347419466575,0.714582611707655,EditedNearestNeighbours(n_neighbors=7),142
1.0,8687,8698,0.9997699826726454,0.0004600346547094514,0.8921219625444977,0.74750656167979,0.9997701149425288,0.00045977011494251484,0.8792864565292691,0.7500865950813993,EditedNearestNeighbours(n_neighbors=7),142
0.005,4369,4370,0.894836093406138,0.07648121182939373,0.6644715179453408,0.22882096069868996,0.8400000000000001,0.10559356040971439,0.6470384482161413,0.38829234499480425,EditedNearestNeighbours(n_neighbors=9),142
0.01,4391,4392,0.9553823117797691,0.01513742857926238,0.7239904988123516,0.3388991960420532,0.9194444444444445,0.025077041785094168,0.6981295462417735,0.444579147904399,EditedNearestNeighbours(n_neighbors=9),142
0.03,4478,4479,0.9898305217346206,0.006506794650589492,0.7879896357262612,0.5512843869557297,0.9807692307692308,0.01216260638526299,0.7590924835469346,0.5734326290266714,EditedNearestNeighbours(n_neighbors=9),142
0.05,4564,4566,0.9938575010903172,0.006758613519982618,0.8215641609719059,0.6093189964157706,0.988583509513742,0.012448688763041012,0.7965015587114652,0.6224454450987185,EditedNearestNeighbours(n_neighbors=9),142
0.1,4781,4783,0.9968022873425941,0.003517696766476411,0.8430574400723655,0.6536842105263158,0.9952606255012029,0.004531103551281584,0.8197090405264981,0.6581226186352616,EditedNearestNeighbours(n_neighbors=9),142
0.25,5431,5436,0.9994232297278117,0.0007063964328338036,0.8582145536384096,0.6962480726400548,0.9990783410138249,0.0011287971164899119,0.8363352961551784,0.6929338413578109,EditedNearestNeighbours(n_neighbors=9),142
0.5,6516,6523,0.9996547084398781,0.000422894275680254,0.8746186699206834,0.7233085308876969,0.9995397001959849,0.0005637504463773807,0.857637686179425,0.7230689296847939,EditedNearestNeighbours(n_neighbors=9),142
1.0,8683,8698,0.9994252869387076,0.0007269608018428078,0.8877252425689204,0.7468332465729655,0.999425287356322,0.0007269603816478813,0.8737443713197091,0.7473155524766193,EditedNearestNeighbours(n_neighbors=9),142
0.005,4370,4370,0.894836093406138,0.07648121182939373,0.6562655601659751,0.2222222222222222,0.8400000000000001,0.10559356040971439,0.6413231728437825,0.3865604433668168,TomekLinks(),142
0.01,4392,4392,0.9669957217821168,0.022945070319202215,0.7329545454545454,0.3545808567329371,0.9402777777777779,0.03967460238079361,0.7069622445445098,0.4546241773467267,TomekLinks(),142
0.03,4479,4479,0.9811062316551713,0.015762781423668385,0.7943868212324589,0.55897903372835,0.9653846153846155,0.02826334318595975,0.766539660547281,0.5810529961898163,TomekLinks(),142
0.05,4566,4566,0.991522933870737,0.010520103984058367,0.8163265306122449,0.6204966771598461,0.9884064785788924,0.014561854936909747,0.7880152407343264,0.624177346726706,TomekLinks(),142
0.1,4783,4783,0.9974377069183304,0.002410470399667397,0.8376711298330074,0.6649386556073958,0.9953755680299385,0.004343737791163072,0.8131278143401455,0.6641842743332178,TomekLinks(),142
0.25,5436,5436,0.9991358428420828,0.0011517940117886573,0.8531468531468531,0.6920074664856609,0.9989633984850894,0.0012825145275407778,0.8290613093176308,0.6856598545202632,TomekLinks(),142
0.5,6523,6523,0.9996547084398781,0.000422894275680254,0.8768082838434598,0.7225493591963976,0.9995397001959849,0.0005637504463773807,0.8598891582958088,0.7225493591963976,TomekLinks(),142
1.0,8698,8698,0.9997700486555307,0.00028163174926613114,0.8993602746138243,0.7607167955024596,0.9997699826726454,0.00028171261963820814,0.8882923449948044,0.7641149982680984,TomekLinks(),142
0.005,8696,4370,0.9410400881405689,0.06139984055551501,0.7133834586466166,0.36123348017621143,0.9248850574712645,0.09991402037666838,0.6698995497055767,0.42241080706615863,"ADASYN(n_neighbors=3, random_state=142)",142
0.01,8695,4392,0.9729846645891422,0.03320714471039676,0.8192771084337349,0.5883373828531759,0.9527777777777778,0.05800170282728085,0.7843782473155525,0.5891929338413577,"ADASYN(n_neighbors=3, random_state=142)",142
0.03,8688,4479,0.9898305217346206,0.006506794650589492,0.8661654135338346,0.6995515695067265,0.9807692307692308,0.01216260638526299,0.8458607551091097,0.6983027364045722,"ADASYN(n_neighbors=3, random_state=142)",142
0.05,8692,4566,0.9926496054727705,0.002564743151336057,0.8604755495737999,0.7163072776280324,0.9883628587397635,0.007176636777464595,0.8384135781087634,0.7083477658469,"ADASYN(n_neighbors=3, random_state=142)",142
0.1,8693,4783,0.998722227429581,0.0015649811999178295,0.8977042011557083,0.7323994252873564,0.9976877840149694,0.0028319535179148025,0.8865604433668168,0.741946657429858,"ADASYN(n_neighbors=3, random_state=142)",142
0.25,8698,5436,0.9997135965241633,0.0005728069516736767,0.8612541654044229,0.6663118680149015,0.9998849252013808,0.00023014959723819395,0.8413578108763422,0.6742293037755456,"ADASYN(n_neighbors=3, random_state=142)",142
0.5,8699,6523,0.9994828575383978,0.000689605740163756,0.8535391007567888,0.6885078933967068,0.9995402298850575,0.0006702243557293247,0.8290613093176307,0.6821960512642882,"ADASYN(n_neighbors=3, random_state=142)",142
1.0,8698,8698,,,0.8993602746138243,0.7607167955024596,,,0.8882923449948044,0.7641149982680984,"ADASYN(n_neighbors=3, random_state=142)",142
0.005,8698,4370,0.9461987523920815,0.048129904370150065,0.7161899056462483,0.3480439391019464,0.9099999999999999,0.0784219357067906,0.671804641496363,0.4140976792518185,ADASYN(random_state=142),142
0.01,8697,4392,0.9729355790361167,0.026586956003589672,0.8171825282036448,0.5809474232170745,0.951388888888889,0.046481112585226414,0.7810876342223761,0.5817457568410114,ADASYN(random_state=142),142
0.03,8705,4479,0.9898304556756742,0.0065067938563412335,0.8680953818291579,0.6985944820406038,0.9807692307692308,0.01216260638526299,0.8486317977138899,0.6991686872185661,ADASYN(random_state=142),142
0.05,8701,4566,0.9950904439150626,0.004648270187385739,0.8652056439507655,0.7043701799485861,0.9929611674078395,0.00919314513498746,0.8444752338067198,0.701246969172151,ADASYN(random_state=142),142
0.1,8689,4783,0.9987289880691375,0.001556665347305369,0.8633912522468544,0.7097432409454174,0.9977011494252874,0.002815505451474941,0.8420505715275373,0.7043643921025287,ADASYN(random_state=142),142
0.25,8707,5436,0.9994252873183569,0.0007038764171156337,0.8693815987933635,0.6954403063000348,0.9994263418749341,0.0008882990890965319,0.8500173190162799,0.6969172151021822,ADASYN(random_state=142),142
0.5,8699,6523,0.9993098147968291,0.0006459632118675518,0.8655954347499625,0.6991561908042018,0.9991954022988505,0.0008601511233962823,0.8449948042951161,0.6974367855905784,ADASYN(random_state=142),142
1.0,8698,8698,,,0.8993602746138243,0.7607167955024596,,,0.8882923449948044,0.7641149982680984,ADASYN(random_state=142),142
0.005,8701,4370,0.9744882320364742,0.03164600561972855,0.708616266787385,0.3275356654289623,0.9550000000000001,0.055677643628300216,0.6655697956356079,0.40405264980949085,"ADASYN(n_neighbors=7, random_state=142)",142
0.01,8698,4392,0.9672130723978413,0.041895777058703995,0.8321678321678322,0.5931905931905932,0.9444444444444444,0.07027283689263068,0.8004849324558365,0.5985452026324904,"ADASYN(n_neighbors=7, random_state=142)",142
0.03,8707,4479,0.9783780983674116,0.0109393756803535,0.8837352173245278,0.7224468272104061,0.976348099739632,0.007434882108488909,0.8688950467613439,0.7265327329407689,"ADASYN(n_neighbors=7, random_state=142)",142
0.05,8710,4566,0.9950633986141838,0.004655124118760327,0.868504292815183,0.7099433281813499,0.9907505285412264,0.008688034569114999,0.8488049878766886,0.7074818150329061,"ADASYN(n_neighbors=7, random_state=142)",142
0.1,8703,4783,0.9987289880691375,0.001556665347305369,0.8691588785046729,0.7140898183064792,0.9977011494252874,0.002815505451474941,0.8496709386906824,0.71111880845168,"ADASYN(n_neighbors=7, random_state=142)",142
0.25,8704,5436,0.999425211388069,0.0007039763774813783,0.8838136112814224,0.7255862793139657,0.9994240957082934,0.0008923925154754584,0.8687218565985453,0.7284378247315553,"ADASYN(n_neighbors=7, random_state=142)",142
0.5,8700,6523,0.9998274869475038,0.00034502610499238524,0.8710896176515037,0.7064935064935065,0.9997701149425288,0.00045977011494251484,0.8522687911326636,0.7064426740561136,"ADASYN(n_neighbors=7, random_state=142)",142
1.0,8698,8698,,,0.8993602746138243,0.7607167955024596,,,0.8882923449948044,0.7641149982680984,"ADASYN(n_neighbors=7, random_state=142)",142
0.005,8699,4370,0.9713136949208172,0.035133405024903565,0.7076506839019991,0.31840406806180327,0.95,0.06123724356957945,0.6631451333564253,0.39643228264634567,"ADASYN(n_neighbors=9, random_state=142)",142
0.01,8697,4392,0.9684334980469302,0.02910280710826128,0.8270238788584741,0.5744116085648557,0.9526627029791588,0.046169259380859216,0.7942500865950815,0.5834776584689989,"ADASYN(n_neighbors=9, random_state=142)",142
0.03,8715,4479,0.9873224983059299,0.01704516581595264,0.8832846378594494,0.7158267020335985,0.976923076923077,0.03076923076923075,0.8685486664357465,0.721683408382404,"ADASYN(n_neighbors=9, random_state=142)",142
0.05,8706,4566,0.9949795162869755,0.007355144098220647,0.8719733656174334,0.7165977961432507,0.9906976744186047,0.013560353243826305,0.8534811222722549,0.7149289920332524,"ADASYN(n_neighbors=9, random_state=142)",142
0.1,8680,4783,0.9968544675714659,0.003410416853192611,0.864986498649865,0.7066666666666667,0.997342559619112,0.0026268257514655375,0.8441288534811222,0.7028056806373397,"ADASYN(n_neighbors=9, random_state=142)",142
0.25,8696,5436,0.9997135965241633,0.0005728069516736767,0.8715235792019347,0.7129805205998966,0.9998849252013808,0.00023014959723819395,0.8527883616210599,0.7116383789400762,"ADASYN(n_neighbors=9, random_state=142)",142
0.5,8701,6523,0.9996551060131622,0.0004224073481688005,0.8703004680658312,0.7188356164383561,0.999655172413793,0.00045977011494251484,0.8512296501558712,0.7156217526844475,"ADASYN(n_neighbors=9, random_state=142)",142
1.0,8698,8698,,,0.8993602746138243,0.7607167955024596,,,0.8882923449948044,0.7641149982680984,"ADASYN(n_neighbors=9, random_state=142)",142
0.005,8698,4370,0.941040088140569,0.06139984055551501,0.7092777274100937,0.3464963221060782,0.905,0.09273618495495704,0.6667821267751992,0.4153100103914098,"SMOTEENN(enn=EditedNearestNeighbours(), random_state=142,
         smote=SMOTE(k_neighbors=3, random_state=142))",142
0.01,8698,4392,0.9686162511777121,0.020110051264385743,0.8005173900546134,0.5607863424728401,0.9526627029791588,0.042318817614344695,0.7596120540353308,0.558884655351576,"SMOTEENN(enn=EditedNearestNeighbours(), random_state=142,
         smote=SMOTE(k_neighbors=3, random_state=142))",142
0.03,8698,4479,0.9898304556756742,0.0065067938563412335,0.8331147063110333,0.6530955585464334,0.9807692307692308,0.01216260638526299,0.8016972635954278,0.6428818843089712,"SMOTEENN(enn=EditedNearestNeighbours(), random_state=142,
         smote=SMOTE(k_neighbors=3, random_state=142))",142
0.05,8697,4566,0.9950916583916907,0.004573213102700848,0.8440852314474651,0.6737481031866465,0.9908033826638478,0.008532953941061546,0.8162452372705231,0.6648770349844129,"SMOTEENN(enn=EditedNearestNeighbours(), random_state=142,
         smote=SMOTE(k_neighbors=3, random_state=142))",142
0.1,8698,4783,0.9993645270640419,0.0012709458719160514,0.8431688387758091,0.6822351959966639,0.9988505747126437,0.002298850574712663,0.8145133356425356,0.6700727398683755,"SMOTEENN(enn=EditedNearestNeighbours(), random_state=142,
         smote=SMOTE(k_neighbors=3, random_state=142))",142
0.25,8696,5436,0.9994252873183569,0.0007038764171156337,0.8570150588936931,0.6978087311024291,0.9994263418749341,0.0008882990890965319,0.8339106338759958,0.6918947003810183,"SMOTEENN(enn=EditedNearestNeighbours(), random_state=142,
         smote=SMOTE(k_neighbors=3, random_state=142))",142
0.5,8696,6523,0.9998276851246046,0.00034462975079043725,0.8719346049046321,0.7195876288659794,0.9998850574712644,0.00022988505747125742,0.8534811222722549,0.717353654312435,"SMOTEENN(enn=EditedNearestNeighbours(), random_state=142,
         smote=SMOTE(k_neighbors=3, random_state=142))",142
1.0,8695,8698,0.999770114866599,0.00028155063814216556,0.8927078495123084,0.7487753673897831,0.9997701149425288,0.00028155054514748324,0.8799792171804641,0.7512989262209906,"SMOTEENN(enn=EditedNearestNeighbours(), random_state=142,
         smote=SMOTE(k_neighbors=3, random_state=142))",142
0.005,8696,4370,0.9410400881405689,0.06139984055551501,0.7036649214659686,0.3312150972462931,0.905,0.09273618495495704,0.6569102874956703,0.39851056459993073,"SMOTEENN(enn=EditedNearestNeighbours(n_neighbors=5), random_state=142,
         smote=SMOTE(random_state=142))",142
0.01,8695,4392,0.9806610845168844,0.025450766402943147,0.8016066561468943,0.5606478290833907,0.9652777777777779,0.04521894610027698,0.7604780048493246,0.5583650848631798,"SMOTEENN(enn=EditedNearestNeighbours(n_neighbors=5), random_state=142,
         smote=SMOTE(random_state=142))",142
0.03,8698,4479,0.9856042199383357,0.018151709170750804,0.8293321693583589,0.6481854838709677,0.9805390811719926,0.02979573526270959,0.7968479390370626,0.6373397990994112,"SMOTEENN(enn=EditedNearestNeighbours(n_neighbors=5), random_state=142,
         smote=SMOTE(random_state=142))",142
0.05,8696,4566,0.9951164349851295,0.00598355661429757,0.8434336023477623,0.6732873253661,0.9929610351379559,0.009334213617568032,0.8152060962937305,0.6638378940076204,"SMOTEENN(enn=EditedNearestNeighbours(n_neighbors=5), random_state=142,
         smote=SMOTE(random_state=142))",142
0.1,8698,4783,0.9993577664244855,0.001284467151029034,0.8443728018757327,0.6823725981620719,0.9988372093023254,0.0023255813953488415,0.8160720471077243,0.6707655005195705,"SMOTEENN(enn=EditedNearestNeighbours(n_neighbors=5), random_state=142,
         smote=SMOTE(random_state=142))",142
0.25,8693,5436,0.9994252212594106,0.0007039573147218645,0.8547237076648841,0.6932203389830508,0.9994263418749341,0.0008882990890965319,0.8306200207828196,0.686525805334257,"SMOTEENN(enn=EditedNearestNeighbours(n_neighbors=5), random_state=142,
         smote=SMOTE(random_state=142))",142
0.5,8696,6523,0.9998274208885574,0.0003451582228851002,0.8767707539984768,0.7177882107459572,0.9998850574712644,0.00022988505747125742,0.8598891582958088,0.7189123657776239,"SMOTEENN(enn=EditedNearestNeighbours(n_neighbors=5), random_state=142,
         smote=SMOTE(random_state=142))",142
1.0,8690,8698,0.999655106240952,0.00028160460087292593,0.8935048829638815,0.7624826629680999,0.999655172413793,0.00028155054514748324,0.8810183581572566,0.7627294769657083,"SMOTEENN(enn=EditedNearestNeighbours(n_neighbors=5), random_state=142,
         smote=SMOTE(random_state=142))",142
0.005,8692,4370,0.9414369135753592,0.07292501799749106,0.7078871965012818,0.3265625,0.9099999999999999,0.11135528725660043,0.6645306546588154,0.40284031866989956,"SMOTEENN(enn=EditedNearestNeighbours(n_neighbors=7), random_state=142,
         smote=SMOTE(k_neighbors=7, random_state=142))",142
0.01,8696,4392,0.9813962466304028,0.015257241351871577,0.8223921512047324,0.5827400590380274,0.9652777777777779,0.02846375212766556,0.786802909594735,0.5838240387945964,"SMOTEENN(enn=EditedNearestNeighbours(n_neighbors=7), random_state=142,
         smote=SMOTE(k_neighbors=7, random_state=142))",142
0.03,8697,4479,0.9878122331080716,0.011822821908270146,0.8367978770455551,0.65587734241908,0.9806542882404952,0.017330080836371206,0.8082784897817804,0.650155871146519,"SMOTEENN(enn=EditedNearestNeighbours(n_neighbors=7), random_state=142,
         smote=SMOTE(k_neighbors=7, random_state=142))",142
0.05,8697,4566,0.9938027082521831,0.007825874761892615,0.8479929161747344,0.675152749490835,0.9885306553911205,0.014458863278264525,0.8216141323172843,0.6685140284031867,"SMOTEENN(enn=EditedNearestNeighbours(n_neighbors=7), random_state=142,
         smote=SMOTE(k_neighbors=7, random_state=142))",142
0.1,8697,4783,0.9993644610050957,0.0012710779898087664,0.8420436246523203,0.6823255039147094,0.9988505747126437,0.002298850574712663,0.8131278143401455,0.669726359542778,"SMOTEENN(enn=EditedNearestNeighbours(n_neighbors=7), random_state=142,
         smote=SMOTE(k_neighbors=7, random_state=142))",142
0.25,8691,5436,0.9994242254936111,0.00070517863140122,0.8608201137384017,0.6965753424657535,0.9994242279781769,0.0008923926332859183,0.8389331485971596,0.6931070315206096,"SMOTEENN(enn=EditedNearestNeighbours(n_neighbors=7), random_state=142,
         smote=SMOTE(k_neighbors=7, random_state=142))",142
0.5,8693,6523,0.9998276851246046,0.00034462975079043725,0.8758746577426224,0.7158992180712423,0.9998850574712644,0.00022988505747125742,0.8586768271562175,0.7168340838240388,"SMOTEENN(enn=EditedNearestNeighbours(n_neighbors=7), random_state=142,
         smote=SMOTE(k_neighbors=7, random_state=142))",142
1.0,8687,8698,0.9995401627630909,0.0006702376378142917,0.8921219625444977,0.74750656167979,0.9995402298850575,0.0006702243557293247,0.8792864565292691,0.7500865950813993,"SMOTEENN(enn=EditedNearestNeighbours(n_neighbors=7), random_state=142,
         smote=SMOTE(k_neighbors=7, random_state=142))",142
0.005,8687,4370,0.9744882320364742,0.03164600561972855,0.7066047626179421,0.3295938104448743,0.9550000000000001,0.055677643628300216,0.6607204710772427,0.399722895739522,"SMOTEENN(enn=EditedNearestNeighbours(n_neighbors=9), random_state=142,
         smote=SMOTE(k_neighbors=9, random_state=142))",142
0.01,8692,4392,0.9737198927616069,0.026439416360378158,0.8176462135364276,0.5826012058570198,0.9527777777777778,0.04614791034954486,0.7802216834083824,0.5803602355386215,"SMOTEENN(enn=EditedNearestNeighbours(n_neighbors=9), random_state=142,
         smote=SMOTE(k_neighbors=9, random_state=142))",142
0.03,8689,4479,0.9918486123360593,0.00767794650606159,0.8283712784588442,0.642083897158322,0.9846153846153847,0.014390989949130528,0.7963283685486664,0.6335296155178386,"SMOTEENN(enn=EditedNearestNeighbours(n_neighbors=9), random_state=142,
         smote=SMOTE(k_neighbors=9, random_state=142))",142
0.05,8692,4566,0.9950917903578546,0.004573002619351991,0.8404566744730679,0.6656560552467576,0.9908033826638478,0.008532953941061546,0.8112227225493591,0.6562175268444752,"SMOTEENN(enn=EditedNearestNeighbours(n_neighbors=9), random_state=142,
         smote=SMOTE(k_neighbors=9, random_state=142))",142
0.1,8693,4783,0.9980933606042754,0.001556906602338527,0.8457243608580665,0.6772183869338273,0.9975728414862335,0.0027461361879327533,0.8181503290613092,0.6679944579147904,"SMOTEENN(enn=EditedNearestNeighbours(n_neighbors=9), random_state=142,
         smote=SMOTE(k_neighbors=9, random_state=142))",142
0.25,8691,5436,0.9991369021822628,0.0007047189281056536,0.8534163331851193,0.6883689386232621,0.9989655123818466,0.001053476811575694,0.8287149289920333,0.6816764807758919,"SMOTEENN(enn=EditedNearestNeighbours(n_neighbors=9), random_state=142,
         smote=SMOTE(k_neighbors=9, random_state=142))",142
0.5,8692,6523,0.999655172413793,0.0006896551724137722,0.8745258686087088,0.7223561832586979,0.999655172413793,0.0006896551724137722,0.8567717353654312,0.7208174575684101,"SMOTEENN(enn=EditedNearestNeighbours(n_neighbors=9), random_state=142,
         smote=SMOTE(k_neighbors=9, random_state=142))",142
1.0,8683,8698,0.9997700486555307,0.00028163174926613114,0.8877252425689204,0.7468332465729655,0.9997699826726454,0.00028171261963820814,0.8737443713197091,0.7473155524766193,"SMOTEENN(enn=EditedNearestNeighbours(n_neighbors=9), random_state=142,
         smote=SMOTE(k_neighbors=9, random_state=142))",142
0.005,8698,4370,0.9713136949208172,0.035133405024903565,0.7088569265707797,0.34375606913963874,0.95,0.06123724356957946,0.6669553169379979,0.4147904399030135,"SMOTETomek(random_state=142, smote=SMOTE(k_neighbors=3, random_state=142),
           tomek=TomekLinks())",142
0.01,8698,4392,0.9477056939786455,0.04344410396656919,0.7998273132824867,0.5600828729281768,0.9179404807569365,0.05817000330946247,0.7590924835469346,0.5587114651887772,"SMOTETomek(random_state=142, smote=SMOTE(k_neighbors=3, random_state=142),
           tomek=TomekLinks())",142
0.03,8698,4479,0.9857155129952095,0.012189220433278527,0.8367466354593329,0.6485384092454113,0.9768080021244578,0.018937352446167302,0.8067197783165916,0.6418427433321787,"SMOTETomek(random_state=142, smote=SMOTE(k_neighbors=3, random_state=142),
           tomek=TomekLinks())",142
0.05,8698,4566,0.9951186376336235,0.004566085524870444,0.8427230046948356,0.6716066015493433,0.9951189521518311,0.005750118266657885,0.8143401454797368,0.6622791825424317,"SMOTETomek(random_state=142, smote=SMOTE(k_neighbors=3, random_state=142),
           tomek=TomekLinks())",142
0.1,8698,4783,0.9981000551848854,0.001551344866844115,0.847332743884468,0.6829432564404782,0.9975862068965518,0.002729733813112191,0.8205749913404918,0.673882923449948,"SMOTETomek(random_state=142, smote=SMOTE(k_neighbors=3, random_state=142),
           tomek=TomekLinks())",142
0.25,8698,5436,0.9997126106297053,0.0005747787405894655,0.8556946929039952,0.6954452753229096,0.9998850574712644,0.00022988505747125742,0.832351922410807,0.6896432282646345,"SMOTETomek(random_state=142, smote=SMOTE(k_neighbors=3, random_state=142),
           tomek=TomekLinks())",142
0.5,8698,6523,0.9996546423809317,0.00042297509024737714,0.8767873440827503,0.7268965517241379,0.9995397001959849,0.0005637504463773807,0.85971596813301,0.7256667821267753,"SMOTETomek(random_state=142, smote=SMOTE(k_neighbors=3, random_state=142),
           tomek=TomekLinks())",142
1.0,8698,8698,0.9996549736666935,0.0006900526666131057,0.8993602746138243,0.7607167955024596,0.9996549078740262,0.0006901842519476453,0.8882923449948044,0.7641149982680984,"SMOTETomek(random_state=142, smote=SMOTE(k_neighbors=3, random_state=142),
           tomek=TomekLinks())",142
0.005,8698,4370,0.9713136949208172,0.035133405024903565,0.7045590881823636,0.3266175900813638,0.95,0.06123724356957946,0.6588153792864565,0.3979909941115345,"SMOTETomek(random_state=142, smote=SMOTE(random_state=142), tomek=TomekLinks())",142
0.01,8698,4392,0.9798278829604131,0.0403442340791738,0.808455565142364,0.5619576535925026,0.9666666666666666,0.0666666666666667,0.769310703152061,0.5628680290959474,"SMOTETomek(random_state=142, smote=SMOTE(random_state=142), tomek=TomekLinks())",142
0.03,8698,4479,0.9918487443022231,0.007677732979371165,0.8337723148961077,0.6401637945743047,0.9846153846153847,0.014390989949130528,0.8032559750606165,0.6347419466574298,"SMOTETomek(random_state=142, smote=SMOTE(random_state=142), tomek=TomekLinks())",142
0.05,8698,4566,0.9951187036925697,0.004566068841817736,0.8409656181419166,0.6745859126652166,0.9908562367864693,0.008518536836323792,0.8117422930377555,0.6631451333564253,"SMOTETomek(random_state=142, smote=SMOTE(random_state=142), tomek=TomekLinks())",142
0.1,8698,4783,0.9974378263374983,0.003743697882198261,0.8439425051334702,0.6814988290398126,0.9954022988505749,0.006702243557293422,0.8157256667821268,0.6702459300311743,"SMOTETomek(random_state=142, smote=SMOTE(random_state=142), tomek=TomekLinks())",142
0.25,8698,5436,0.9994242254936111,0.00070517863140122,0.8562052505966588,0.6959183673469388,0.9994242279781769,0.0008923926332859183,0.8330446830620021,0.6903359889158296,"SMOTETomek(random_state=142, smote=SMOTE(random_state=142), tomek=TomekLinks())",142
0.5,8698,6523,1.0,0.0,0.8771128369118318,0.7262048713076524,1.0,0.0,0.8602355386214062,0.7254935919639764,"SMOTETomek(random_state=142, smote=SMOTE(random_state=142), tomek=TomekLinks())",142
1.0,8698,8698,0.9995399648889245,0.0006706106506551261,0.8993602746138243,0.7607167955024596,0.9995398330754071,0.000670746095734061,0.8882923449948044,0.7641149982680984,"SMOTETomek(random_state=142, smote=SMOTE(random_state=142), tomek=TomekLinks())",142
0.005,8698,4370,0.9111415778812303,0.11074682573975266,0.7091237579042458,0.3273507608271557,0.875,0.13693063937629152,0.6653966054728091,0.40284031866989956,"SMOTETomek(random_state=142, smote=SMOTE(k_neighbors=7, random_state=142),
           tomek=TomekLinks())",142
0.01,8698,4392,0.9755054749294285,0.02342017316746302,0.8227646973855265,0.5914275838230211,0.9665517241379309,0.044358749462376834,0.78749567024593,0.5905784551437478,"SMOTETomek(random_state=142, smote=SMOTE(k_neighbors=7, random_state=142),
           tomek=TomekLinks())",142
0.03,8698,4479,0.9858501442843469,0.010561169106041178,0.8340163934426229,0.6589225589225589,0.9805393457117596,0.02086040838112839,0.8036023553862142,0.6491167301697264,"SMOTETomek(random_state=142, smote=SMOTE(k_neighbors=7, random_state=142),
           tomek=TomekLinks())",142
0.05,8698,4566,0.9938833963240852,0.00675885774494367,0.8448757535656521,0.6767727808657571,0.9907411619878502,0.013184073360386258,0.8172843782473156,0.6676480775891929,"SMOTETomek(random_state=142, smote=SMOTE(k_neighbors=7, random_state=142),
           tomek=TomekLinks())",142
0.1,8698,4783,0.9987222934885274,0.0015649010063921087,0.8403975445776088,0.6787676935886761,0.9976877840149694,0.0028319535179148025,0.8108763422237617,0.6659161759612053,"SMOTETomek(random_state=142, smote=SMOTE(k_neighbors=7, random_state=142),
           tomek=TomekLinks())",142
0.25,8698,5436,0.9994252873183569,0.0007038764171156336,0.8603569821508924,0.6991953432631399,0.9994263418749341,0.0008882990890965319,0.838759958434361,0.695704883962591,"SMOTETomek(random_state=142, smote=SMOTE(k_neighbors=7, random_state=142),
           tomek=TomekLinks())",142
0.5,8698,6523,0.9996549066169791,0.00042265198673884505,0.8751330798479088,0.7237273511647973,0.9996546427247207,0.00046069735629417964,0.8578108763422237,0.7227225493591964,"SMOTETomek(random_state=142, smote=SMOTE(k_neighbors=7, random_state=142),
           tomek=TomekLinks())",142
1.0,8698,8698,0.9997700488076525,0.00028163156286627525,0.8993602746138243,0.7607167955024596,0.9997701149425288,0.00028155054514748324,0.8882923449948044,0.7641149982680984,"SMOTETomek(random_state=142, smote=SMOTE(k_neighbors=7, random_state=142),
           tomek=TomekLinks())",142
0.005,8698,4370,0.9713136949208172,0.035133405024903565,0.7066265060240964,0.3242926829268293,0.95,0.06123724356957946,0.6626255628680291,0.40024246622791826,"SMOTETomek(random_state=142, smote=SMOTE(k_neighbors=9, random_state=142),
           tomek=TomekLinks())",142
0.01,8698,4392,0.9670448733940885,0.030379401488029867,0.8203799654576857,0.5842114354810848,0.9416666666666667,0.05299662230094143,0.7838586768271563,0.5831312781434015,"SMOTETomek(random_state=142, smote=SMOTE(k_neighbors=9, random_state=142),
           tomek=TomekLinks())",142
0.03,8698,4479,0.9859333778049312,0.008045387348700622,0.833917104495038,0.6528410048895633,0.9805393457117596,0.016947791707022205,0.8029095947350191,0.6434014547973674,"SMOTETomek(random_state=142, smote=SMOTE(k_neighbors=9, random_state=142),
           tomek=TomekLinks())",142
0.05,8698,4566,0.9951186376336233,0.004566085524870445,0.8492988929889299,0.6743751062744431,0.9930140215304611,0.009033802798579797,0.8231728437824731,0.6683408382403879,"SMOTETomek(random_state=142, smote=SMOTE(k_neighbors=9, random_state=142),
           tomek=TomekLinks())",142
0.1,8698,4783,0.9974443130289827,0.002408819479426552,0.8485296290823112,0.6813335589778304,0.9964100507885592,0.004563535928627112,0.8224800831312782,0.673882923449948,"SMOTETomek(random_state=142, smote=SMOTE(k_neighbors=9, random_state=142),
           tomek=TomekLinks())",142
0.25,8698,5436,0.9991378244689564,0.0011483293839098904,0.8590203106332138,0.6893120603877166,0.9993092854494412,0.0009213947125883593,0.8365084863179771,0.6863526151714583,"SMOTETomek(random_state=142, smote=SMOTE(k_neighbors=9, random_state=142),
           tomek=TomekLinks())",142
0.5,8698,6523,0.9996551058610403,0.00042240737939898724,0.8708799516177804,0.7146299483648881,0.9996550401439096,0.0004598363212220923,0.8520956009698648,0.7128507100796675,"SMOTETomek(random_state=142, smote=SMOTE(k_neighbors=9, random_state=142),
           tomek=TomekLinks())",142
1.0,8698,8698,0.9996551060888301,0.0002816047251990426,0.8993602746138243,0.7607167955024596,0.9996550401439096,0.0002816586465806774,0.8882923449948044,0.7641149982680984,"SMOTETomek(random_state=142, smote=SMOTE(k_neighbors=9, random_state=142),
           tomek=TomekLinks())",142
0.005,4370,4370,0.9266969356009775,0.05386559662992,0.7384126984126984,0.4142059058260176,0.8800000000000001,0.07968688725254615,0.714582611707655,0.4915136820228611,no Sampler(),57
0.01,4392,4392,0.9504707865861505,0.04048625752060788,0.7828664591670372,0.5554969217238347,0.9152777777777779,0.06490734136415512,0.7462764114998268,0.5623484586075511,no Sampler(),57
0.03,4479,4479,0.981360870326942,0.010230888114549917,0.8404157749923571,0.659480473581905,0.9653846153846155,0.018842228790639834,0.8191894700381018,0.6662625562868029,no Sampler(),57
0.05,4566,4566,0.9925676356706596,0.004684478373394075,0.8141831238779175,0.6121519873927508,0.9860993657505286,0.008716284238772971,0.7848978178039487,0.616383789400762,no Sampler(),57
0.1,4783,4783,0.9974513868088912,0.0023884250113655257,0.8367557984931304,0.6505569837189374,0.9954022988505746,0.004300755616981543,0.8086248701073779,0.6468652580533425,no Sampler(),57
0.25,5436,5436,0.9982687445014881,0.0021231586598437846,0.8709383540844216,0.6926863572433193,0.997245592525261,0.0033705724185237812,0.8527883616210599,0.6972635954277797,no Sampler(),57
0.5,6523,6523,0.9993100790307722,0.0006451848744083008,0.8707132018209408,0.7343537414965986,0.9993098151385137,0.0006705884577789498,0.8524419812954624,0.7294769657083477,no Sampler(),57
1.0,8698,8698,0.9997699824444624,0.0002817128214748667,0.8872134174488383,0.7814658803706824,0.9997698504027618,0.0002818745388703179,0.873051610668514,0.7753723588500173,no Sampler(),57
0.005,8698,4370,0.9410400881405689,0.06139984055551501,0.7046326349955739,0.41944194419441944,0.905,0.09273618495495704,0.6532732940768964,0.4414617249740215,RandomOverSampler(random_state=57),57
0.01,8698,4392,0.9940601427460001,0.01187971450799985,0.7520273154075972,0.5399467376830892,0.9998850574712644,0.00022988505747125742,0.6981295462417735,0.5213023900242466,RandomOverSampler(random_state=57),57
0.03,8698,4479,0.9940192580991413,0.004885120183145077,0.8157197527229909,0.6390392422192152,0.9921927497789568,0.00932962469735087,0.7831659161759612,0.6304121925874611,RandomOverSampler(random_state=57),57
0.05,8698,4566,0.9963525464757357,0.004874450041535582,0.8079202196849256,0.6677434986270393,0.9952867488031882,0.005778623932813735,0.7698302736404572,0.6437478351229651,RandomOverSampler(random_state=57),57
0.1,8698,4783,0.99872226677359,0.002555466452820099,0.8359087564385578,0.6996547756041427,0.9977011494252874,0.004597701149425282,0.8068929684793904,0.6835815725666783,RandomOverSampler(random_state=57),57
0.25,8698,5436,0.9997126106297053,0.0005747787405894655,0.8591085851032008,0.73457199734572,0.9995412844036696,0.0009174311926605226,0.8368548666435747,0.7228957395219952,RandomOverSampler(random_state=57),57
0.5,8698,6523,0.9996547084398781,0.000422894275680254,0.8649054338036626,0.7451045469631596,0.9995397001959849,0.0005637504463773807,0.8441288534811222,0.7339799099411153,RandomOverSampler(random_state=57),57
1.0,8698,8698,0.999770114866599,0.00028155063814216556,0.8872134174488383,0.7814658803706824,0.9997701149425288,0.00028155054514748324,0.873051610668514,0.7753723588500173,RandomOverSampler(random_state=57),57
0.005,42,4370,0.6296670134799589,0.04956193457075385,0.6958827634333566,0.6045400238948626,0.9655139346322235,0.04068218513855835,0.6226186352615171,0.5413924489089019,RandomUnderSampler(random_state=57),57
0.01,86,4392,0.7937544832834611,0.10313463521572569,0.769339356295878,0.6431128404669261,0.9682368865433031,0.042096941114360145,0.7170072739868376,0.6028749567024593,RandomUnderSampler(random_state=57),57
0.03,260,4479,0.896517419648933,0.04946428862275571,0.801080619934594,0.6888508785569896,0.97748683151564,0.023325747257128552,0.7577069622445445,0.6534464842396952,RandomUnderSampler(random_state=57),57
0.05,434,4566,0.9728516110612674,0.019463549578531702,0.7920428893905191,0.6682221185254317,0.99287295569974,0.005114832772430738,0.7447177000346381,0.6305853827502599,RandomUnderSampler(random_state=57),57
0.1,868,4783,0.9932490308654849,0.008853044045014656,0.8006217323724742,0.6691752900595798,0.9987354999140244,0.0016814100035271425,0.7556286802909595,0.6345687564946312,RandomUnderSampler(random_state=57),57
0.25,2174,5436,0.9974118245591388,0.002788061638505418,0.8321506154960174,0.7149003984063745,0.9972422918400081,0.0032757688736430083,0.7992726013162452,0.6901627987530308,RandomUnderSampler(random_state=57),57
0.5,4348,6523,0.9993098147947249,0.0006452553877992485,0.8604685867780928,0.7401418907770995,0.9991948726097781,0.0006899207794578701,0.838067197783166,0.727225493591964,RandomUnderSampler(random_state=57),57
1.0,8698,8698,0.9995400976151739,0.0005632631259822049,0.8969923640330373,0.7933856120013638,0.9995400976151739,0.0005632631259822049,0.8855213023900242,0.7900935226879113,RandomUnderSampler(random_state=57),57
0.005,8698,4370,0.9489764640729479,0.026480912637562217,0.7010949985202722,0.3884707178263264,0.9298850574712644,0.057740461490333274,0.6501558711465188,0.4231035677173537,"SMOTE(k_neighbors=3, random_state=57)",57
0.01,8698,4392,0.959655568198782,0.04941163593873863,0.7444084962723309,0.5091030566226825,0.9333333333333332,0.08164965809277264,0.6853134741946658,0.4909941115344648,"SMOTE(k_neighbors=3, random_state=57)",57
0.03,8698,4479,0.9919269115527506,0.011768532563040637,0.8140940586761021,0.644878706199461,0.9883464636629193,0.015586394537541768,0.7816072047107724,0.6349151368202286,"SMOTE(k_neighbors=3, random_state=57)",57
0.05,8698,4566,0.9975321823157752,0.0030224470522837023,0.8049418604651163,0.6571941858566063,0.9953488372093023,0.005696487773914378,0.7675788015240734,0.6364738482854173,"SMOTE(k_neighbors=3, random_state=57)",57
0.1,8698,4783,0.9980868205525695,0.0015621532424417268,0.8333823097267117,0.6957950065703022,0.9965383587276129,0.002826523597361079,0.803602355386214,0.6792518184967093,"SMOTE(k_neighbors=3, random_state=57)",57
0.25,8698,5436,0.9997116148639058,0.0005767702721883428,0.8547494390426328,0.7212293302154669,0.9995391705069124,0.0009216589861750891,0.8318323519224108,0.7109456182888811,"SMOTE(k_neighbors=3, random_state=57)",57
0.5,8698,6523,0.9994821293284355,0.0004228398585273731,0.8659855769230769,0.7382146439317954,0.9993098151385137,0.0005635344094063308,0.8455143747835123,0.7287842050571528,"SMOTE(k_neighbors=3, random_state=57)",57
1.0,8698,8698,1.0,0.0,0.8872134174488383,0.7814658803706824,1.0,0.0,0.873051610668514,0.7753723588500173,"SMOTE(k_neighbors=3, random_state=57)",57
0.005,8698,4370,0.9302682981514246,0.06714814183024338,0.6942759946753438,0.38433382137628114,0.9048850574712644,0.09277364603627361,0.6420159334949775,0.4173882923449948,SMOTE(random_state=57),57
0.01,8698,4392,0.968567363346731,0.036939372410014173,0.7415984185258402,0.5104462644158448,0.9554404807569364,0.06470977485702047,0.683062002078282,0.4927260131624524,SMOTE(random_state=57),57
0.03,8698,4479,0.9899057382250527,0.00903255127806365,0.813329401356532,0.6496644295302013,0.9845003098167655,0.014423548499301182,0.7807412538967786,0.6383789400762037,SMOTE(random_state=57),57
0.05,8698,4566,0.9938565350729502,0.003947233275271415,0.807530774800869,0.6558929154423767,0.9884778012684989,0.00735527359202873,0.7698302736404572,0.6349151368202286,SMOTE(random_state=57),57
0.1,8698,4783,0.9980869258037958,0.0025535468044283797,0.832063305978898,0.6902218570254725,0.9965517241379309,0.004597701149425287,0.801524073432629,0.6735365431243505,SMOTE(random_state=57),57
0.25,8698,5436,0.9976848705500381,0.002693052458332285,0.8542908224076281,0.722803521009799,0.9963197057455714,0.0042733373224159,0.8306200207828196,0.7109456182888811,SMOTE(random_state=57),57
0.5,8698,6523,0.9991369043631089,0.0007720948751279959,0.8720121028744326,0.7401149036836769,0.9989649875523068,0.000919938020888543,0.8534811222722549,0.7336335296155179,SMOTE(random_state=57),57
1.0,8698,8698,0.9997699825965842,0.00028171263516440684,0.8872134174488383,0.7814658803706824,0.9997699826726454,0.00028171261963820814,0.873051610668514,0.7753723588500173,SMOTE(random_state=57),57
0.005,8698,4370,0.898010630521795,0.07811562746968165,0.6948676231326727,0.39095550692924874,0.8548850574712643,0.09552063011817986,0.6427086941461725,0.42154485625216487,"SMOTE(k_neighbors=7, random_state=57)",57
0.01,8698,4392,0.9946793377924397,0.010641324415120623,0.7457054350887075,0.5251655629139073,0.9998850574712644,0.00022988505747125742,0.6872185659854521,0.5032906130931764,"SMOTE(k_neighbors=7, random_state=57)",57
0.03,8698,4479,0.992076318080786,0.007411851043232751,0.8150786583555951,0.6454021038344079,0.9920776749803377,0.009472005955786197,0.7842050571527537,0.6380325597506061,"SMOTE(k_neighbors=7, random_state=57)",57
0.05,8698,4566,0.9963784213564247,0.004796004450133917,0.8081277213352686,0.6497862545215389,0.9952867488031882,0.005773364936655695,0.7710426047800485,0.631104953238656,"SMOTE(k_neighbors=7, random_state=57)",57
0.1,8698,4783,0.9987222934885274,0.0015649010063921087,0.8371887431855017,0.6987633965375103,0.9976877840149694,0.0028319535179148025,0.8086248701073779,0.6835815725666783,"SMOTE(k_neighbors=7, random_state=57)",57
0.25,8698,5436,0.9991368361233164,0.0007047726989411368,0.8628459095720551,0.7308016877637131,0.9989655123818466,0.001053476811575694,0.842916522341531,0.7237616903359889,"SMOTE(k_neighbors=7, random_state=57)",57
0.5,8698,6523,0.9994825270914134,0.000689936277388132,0.874753301958403,0.7490295358649789,0.9994251550864384,0.0007271695367413303,0.8571181156910288,0.7424662279182542,"SMOTE(k_neighbors=7, random_state=57)",57
1.0,8698,8698,0.9997700488076525,0.00028163156286627525,0.8872134174488383,0.7814658803706824,0.9997701149425288,0.00028155054514748324,0.873051610668514,0.7753723588500173,"SMOTE(k_neighbors=7, random_state=57)",57
0.005,8698,4370,0.9553832406801603,0.06501481593175598,0.6899201891812001,0.3786354490579843,0.93,0.09797958971132713,0.6366470384482161,0.4116730169726359,"SMOTE(k_neighbors=9, random_state=57)",57
0.01,8698,4392,0.9881203515509466,0.014549538512288218,0.7449108521690299,0.5240217929668153,0.9887739463601534,0.0221658685644648,0.6853134741946657,0.5006927606511951,"SMOTE(k_neighbors=9, random_state=57)",57
0.03,8698,4479,0.9919225381380082,0.007660674328583019,0.8195179306290418,0.6386440677966102,0.9883465959328028,0.015299892737476735,0.7873224800831313,0.6307585729130585,"SMOTE(k_neighbors=9, random_state=57)",57
0.05,8698,4566,0.993938438816115,0.006610846155643033,0.807518577881393,0.652617714850181,0.9928462248791039,0.0058603443491015185,0.7712157949428473,0.6345687564946312,"SMOTE(k_neighbors=9, random_state=57)",57
0.1,8698,4783,0.998735632183908,0.0025287356321839205,0.8315727699530516,0.682983297502894,0.998735632183908,0.0025287356321839205,0.8011776931070316,0.6679944579147904,"SMOTE(k_neighbors=9, random_state=57)",57
0.25,8698,5436,0.9997116148639058,0.0005767702721883428,0.8600927727068681,0.734130940511798,0.9995391705069124,0.0009216589861750891,0.838067197783166,0.7228957395219952,"SMOTE(k_neighbors=9, random_state=57)",57
0.5,8698,6523,0.9989647871689039,0.00034545776986793185,0.8702612898353723,0.7398921832884097,0.9988499127536876,0.0006294462369058453,0.8512296501558712,0.7325943886387254,"SMOTE(k_neighbors=9, random_state=57)",57
1.0,8698,8698,0.9996551722998983,0.00028155063814216556,0.8872134174488383,0.7814658803706824,0.999655172413793,0.00028155054514748324,0.873051610668514,0.7753723588500173,"SMOTE(k_neighbors=9, random_state=57)",57
0.005,8698,4370,0.9461987523920816,0.048129904370150065,0.73815987933635,0.46804614539461636,0.9099999999999999,0.0784219357067906,0.6993418773813648,0.49688257706962247,"BorderlineSMOTE(k_neighbors=3, random_state=57)",57
0.01,8698,4392,0.9828340228952162,0.02262456801004926,0.7370144366721239,0.46379435191889934,0.9776627029791587,0.027358095014439938,0.6939729823346035,0.4870107377900935,"BorderlineSMOTE(k_neighbors=3, random_state=57)",57
0.03,8698,4479,0.9899841698633566,0.006263723920624401,0.8116372272524862,0.6066829098503307,0.9845004420866491,0.0077529747884763954,0.7802216834083824,0.6085902320748182,"BorderlineSMOTE(k_neighbors=3, random_state=57)",57
0.05,8698,4566,0.9914138085003719,0.0093083060023026,0.7952367121696196,0.5943747882073873,0.9882477839411443,0.012949129698542762,0.7558018704537582,0.5853827502597853,"BorderlineSMOTE(k_neighbors=3, random_state=57)",57
0.1,8698,4783,0.9993645270640419,0.0012709458719160514,0.8156309681210518,0.6202293342461065,0.9988505747126437,0.002298850574712663,0.782646345687565,0.6156910287495669,"BorderlineSMOTE(k_neighbors=3, random_state=57)",57
0.25,8698,5436,0.9988525315665026,0.0014053690017319564,0.8427672955974843,0.6463123045797314,0.9988524192101013,0.0017765985710150312,0.826809837201247,0.6669553169379979,"BorderlineSMOTE(k_neighbors=3, random_state=57)",57
0.5,8698,6523,0.998792539075495,0.0006891278779512678,0.8899536321483771,0.7452830188679245,0.998619895426333,0.0004600354934831715,0.8766886040872879,0.7474887426394181,"BorderlineSMOTE(k_neighbors=3, random_state=57)",57
1.0,8698,8698,0.9995400975392442,0.0004302877146804156,0.8872134174488383,0.7814658803706824,0.9995402298850575,0.0004300755616981412,0.873051610668514,0.7753723588500173,"BorderlineSMOTE(k_neighbors=3, random_state=57)",57
0.005,8698,4370,0.9159251456118334,0.05771856007760054,0.7214146560767271,0.44788066217937056,0.8848850574712644,0.10185095024363028,0.6780394873571182,0.47436785590578456,BorderlineSMOTE(random_state=57),57
0.01,8698,4392,0.988120417609893,0.014549457606557549,0.7404043363609728,0.4733664772727273,0.9777777777777779,0.02721655269759088,0.6931070315206096,0.48631797713889846,BorderlineSMOTE(random_state=57),57
0.03,8698,4479,0.9920024584899053,0.0074312162916933796,0.8194610778443113,0.6215696556546059,0.9883465959328028,0.009517278507287933,0.7911326636647038,0.6250432975406996,BorderlineSMOTE(random_state=57),57
0.05,8698,4566,0.9963526125346821,0.0048744176917635525,0.8059570740254052,0.6070516096065406,0.9952867488031882,0.005778623932813735,0.7698302736404572,0.6004502944232768,BorderlineSMOTE(random_state=57),57
0.1,8698,4783,0.9993644610050957,0.0012710779898087664,0.8164102564102564,0.6268910419853816,0.9998850574712644,0.00022988505747125742,0.7829927260131624,0.6198475926567371,BorderlineSMOTE(random_state=57),57
0.25,8698,5436,0.999136970574046,0.0011510650846614705,0.8473402581051306,0.6551597502754315,0.9989676262786038,0.0017912742364763886,0.8320055420852095,0.6747488742639418,BorderlineSMOTE(random_state=57),57
0.5,8698,6523,0.9994826590196123,0.00042240729662197196,0.8906757383640018,0.7495206553948056,0.999425287356322,0.0005140386155171775,0.8775545549012815,0.7511257360581919,BorderlineSMOTE(random_state=57),57
1.0,8698,8698,0.9996551058610403,0.00045980378878375956,0.8872134174488383,0.7814658803706824,0.9996550401439096,0.0004598363212220923,0.873051610668514,0.7753723588500173,BorderlineSMOTE(random_state=57),57
0.005,8698,4370,0.9430602239497027,0.06163486897795694,0.7151206353963735,0.43540145985401457,0.9248849252013809,0.09991392169785072,0.6707655005195705,0.46414963630065814,"BorderlineSMOTE(k_neighbors=7, random_state=57)",57
0.01,8698,4392,0.952875629707236,0.039943793455078515,0.7498543972044264,0.49183207447742844,0.9290515918680476,0.07130259004885245,0.7024593003117423,0.4989608590232075,"BorderlineSMOTE(k_neighbors=7, random_state=57)",57
0.03,8698,4479,0.9920009694725923,0.0040020780115263485,0.8127608825283243,0.5891939769707706,0.9883465959328028,0.009282118491780471,0.7824731555247662,0.5983720124696916,"BorderlineSMOTE(k_neighbors=7, random_state=57)",57
0.05,8698,4566,0.9951455005341874,0.0070420076975085955,0.8214497920380274,0.616564952048823,0.9930140215304609,0.00931848986696354,0.7918254243158989,0.619154832005542,"BorderlineSMOTE(k_neighbors=7, random_state=57)",57
0.1,8698,4783,0.99873559417979,0.0015486090687976723,0.8195366681422458,0.6268451767936835,0.998735632183908,0.0022524043611799544,0.788188430897125,0.6234845860755109,"BorderlineSMOTE(k_neighbors=7, random_state=57)",57
0.25,8698,5436,0.9994222264744653,0.0011555470510694389,0.8584905660377359,0.6671562327886911,0.9990783410138249,0.0018433179723502226,0.8441288534811223,0.6860062348458608,"BorderlineSMOTE(k_neighbors=7, random_state=57)",57
0.5,8698,6523,0.9993098805519247,0.0006457690600496363,0.8926080892608089,0.7528795811518325,0.9991952700289671,0.000860115812737825,0.8799792171804641,0.7547627294769657,"BorderlineSMOTE(k_neighbors=7, random_state=57)",57
1.0,8698,8698,0.9997700486555307,0.00028163174926613114,0.8872134174488383,0.7814658803706824,0.9997699826726454,0.00028171261963820814,0.873051610668514,0.7753723588500173,"BorderlineSMOTE(k_neighbors=7, random_state=57)",57
0.005,8698,4370,0.9270937610357679,0.06679074625630822,0.7119150844670354,0.4257262927096656,0.8998850574712645,0.09357243169639458,0.666262556286803,0.45566331832351925,"BorderlineSMOTE(k_neighbors=9, random_state=57)",57
0.01,8698,4392,0.9814452662762108,0.025056163486455257,0.7472145854434958,0.5098106712564544,0.9762739463601534,0.02915548326323736,0.6974367855905784,0.5067544163491513,"BorderlineSMOTE(k_neighbors=9, random_state=57)",57
0.03,8698,4479,0.9940191920401947,0.004885175767029596,0.8100443131462334,0.6122308354866495,0.9921927497789568,0.009329624697350871,0.7772774506408036,0.6101489435400069,"BorderlineSMOTE(k_neighbors=9, random_state=57)",57
0.05,8698,4566,0.9937176621855637,0.007960348057827877,0.8252369668246445,0.6298151666954569,0.9883720930232558,0.014708268186829698,0.7956356078974713,0.6288534811222722,"BorderlineSMOTE(k_neighbors=9, random_state=57)",57
0.1,8698,4783,0.9974579256724354,0.002369058267381707,0.8206106870229007,0.6369189005768578,0.9964234161988774,0.002927026080248369,0.7883616210599238,0.6293730516106685,"BorderlineSMOTE(k_neighbors=9, random_state=57)",57
0.25,8698,5436,0.9994262733649368,0.0007026707230180011,0.8631148829168631,0.6697315189407871,0.9994263418749341,0.0008882990890965319,0.8491513682022861,0.6889504676134396,"BorderlineSMOTE(k_neighbors=9, random_state=57)",57
0.5,8698,6523,0.999137565978276,0.0005452208639865577,0.8924697861791138,0.7542697804112931,0.9990799300810425,0.0005863028783857962,0.8798060270176653,0.7558018704537582,"BorderlineSMOTE(k_neighbors=9, random_state=57)",57
1.0,8698,8698,0.999540030871809,0.0004303063364912155,0.8872134174488383,0.7814658803706824,0.9995399653452907,0.00043049988517103997,0.873051610668514,0.7753723588500173,"BorderlineSMOTE(k_neighbors=9, random_state=57)",57
0.005,4370,4370,0.9266969356009775,0.05386559662992,0.7281004709576138,0.4073127580106153,0.8800000000000001,0.07968688725254613,0.7000346380325597,0.4778316591617596,EditedNearestNeighbours(),57
0.01,4392,4392,0.9670448073351423,0.030379394407887138,0.784517277176331,0.5529661016949152,0.9416666666666667,0.05299662230094143,0.7483546934534119,0.5614825077935574,EditedNearestNeighbours(),57
0.03,4479,4479,0.9857156451131024,0.005135516853031733,0.8469325153374233,0.6674937965260546,0.9730769230769232,0.009421114395319938,0.8271562175268444,0.6750952545895392,EditedNearestNeighbours(),57
0.05,4566,4566,0.9950633986141838,0.004655124118760327,0.8201959306706857,0.6046345811051693,0.9907505285412264,0.008688034569114999,0.7933841357810876,0.6158642189123658,EditedNearestNeighbours(),57
0.1,4783,4783,0.9980869258037958,0.0025535468044283797,0.83522979163588,0.6452389137160536,0.9965517241379309,0.004597701149425287,0.8068929684793904,0.6425355039833738,EditedNearestNeighbours(),57
0.25,5435,5436,0.9982676676334753,0.0014185440013383451,0.8666465074085273,0.6970276377542152,0.9972371369382319,0.002258029647051678,0.8472462764114999,0.6981295462417734,EditedNearestNeighbours(),57
0.5,6522,6523,0.9993092164502186,0.0006466580806745801,0.8721371151220992,0.732788002726653,0.99907940039197,0.0008618508378351503,0.8540006927606512,0.7284378247315553,EditedNearestNeighbours(),57
1.0,8695,8698,0.9997700488076525,0.00028163156286627525,0.8920173267326733,0.7838342672779759,0.9997701149425288,0.00028155054514748324,0.8791132663664705,0.7795289227571874,EditedNearestNeighbours(),57
0.005,4370,4370,0.9270937610357679,0.06679074625630822,0.7281004709576138,0.4073127580106153,0.885,0.10198039027185568,0.7000346380325597,0.4778316591617596,EditedNearestNeighbours(n_neighbors=5),57
0.01,4392,4392,0.9581962920669185,0.043898930321573854,0.784517277176331,0.5529661016949152,0.9291666666666666,0.07141644517879134,0.7483546934534119,0.5614825077935574,EditedNearestNeighbours(n_neighbors=5),57
0.03,4479,4479,0.9876507002190671,0.010329679084741132,0.8469325153374233,0.6674937965260546,0.976923076923077,0.018842228790639844,0.8271562175268444,0.6750952545895392,EditedNearestNeighbours(n_neighbors=5),57
0.05,4566,4566,0.9951187036925697,0.004566068841817736,0.8201959306706857,0.6046345811051693,0.9908562367864693,0.008518536836323792,0.7933841357810876,0.6158642189123658,EditedNearestNeighbours(n_neighbors=5),57
0.1,4783,4783,0.9987289880691375,0.001556665347305369,0.83522979163588,0.6452389137160536,0.9977011494252874,0.002815505451474941,0.8068929684793904,0.6425355039833738,EditedNearestNeighbours(n_neighbors=5),57
0.25,5435,5436,0.9988475212803692,0.0005762430284348059,0.8666465074085273,0.6970276377542152,0.998158795924407,0.0009206111389143076,0.8472462764114999,0.6981295462417734,EditedNearestNeighbours(n_neighbors=5),57
0.5,6520,6523,0.9994823939061674,0.0006898378912182875,0.8737242955064737,0.7326019883441892,0.9994247576672493,0.0007273797885438337,0.8564253550398337,0.7298233460339453,EditedNearestNeighbours(n_neighbors=5),57
1.0,8690,8698,0.9998850574332995,0.0002298851334010976,0.8980355472404116,0.7744061036934281,0.9998850574712644,0.00022988505747125742,0.8867336335296154,0.7746795981988224,EditedNearestNeighbours(n_neighbors=5),57
0.005,4370,4370,0.900369787892086,0.11117405720508365,0.7281004709576138,0.4073127580106153,0.86,0.14017845768876186,0.7000346380325597,0.4778316591617596,EditedNearestNeighbours(n_neighbors=7),57
0.01,4392,4392,0.9581472065138928,0.03911286312980391,0.784517277176331,0.5529661016949152,0.9277777777777778,0.06189522209765887,0.7483546934534119,0.5614825077935574,EditedNearestNeighbours(n_neighbors=7),57
0.03,4479,4479,0.9876507662780135,0.010329693524710982,0.8469325153374233,0.6674937965260546,0.976923076923077,0.018842228790639844,0.8271562175268444,0.6750952545895392,EditedNearestNeighbours(n_neighbors=7),57
0.05,4566,4566,0.9913048350615172,0.008478286818245293,0.8201959306706857,0.6046345811051693,0.9839323467230443,0.015603518134354358,0.7933841357810876,0.6158642189123658,EditedNearestNeighbours(n_neighbors=7),57
0.1,4783,4783,0.9980868205525695,0.0015621532424417266,0.83522979163588,0.6452389137160536,0.9965383587276129,0.002826523597361079,0.8068929684793904,0.6425355039833738,EditedNearestNeighbours(n_neighbors=7),57
0.25,5435,5436,0.9985591286567281,0.0009135467239254388,0.8666465074085273,0.6970276377542152,0.9977000803280769,0.0014572800102761094,0.8472462764114999,0.6981295462417734,EditedNearestNeighbours(n_neighbors=7),57
0.5,6518,6523,0.9996551060131622,0.0004224073481688005,0.8728878063632212,0.7384562957914466,0.999655172413793,0.00045977011494251484,0.8553862140630413,0.7341531001039141,EditedNearestNeighbours(n_neighbors=7),57
1.0,8687,8698,0.9998849912222312,0.00023001755553773152,0.8939934812975322,0.773705042161418,0.9998849252013808,0.00023014959723819395,0.8817111188084517,0.7722549359196398,EditedNearestNeighbours(n_neighbors=7),57
0.005,4370,4370,0.9123537830613863,0.040269250437571555,0.7281004709576138,0.4073127580106153,0.8550000000000001,0.05338539126015656,0.7000346380325597,0.4778316591617596,EditedNearestNeighbours(n_neighbors=9),57
0.01,4392,4392,0.968781436067831,0.01999878863248966,0.784517277176331,0.5529661016949152,0.9430555555555555,0.0352460487234709,0.7483546934534119,0.5614825077935574,EditedNearestNeighbours(n_neighbors=9),57
0.03,4479,4479,0.9812778348314681,0.012276831292779651,0.8469325153374233,0.6674937965260546,0.9653846153846153,0.022426738057097325,0.8271562175268444,0.6750952545895392,EditedNearestNeighbours(n_neighbors=9),57
0.05,4566,4566,0.9938306535114825,0.006758036079815908,0.8201959306706857,0.6046345811051693,0.9885306553911205,0.012448913166843913,0.7933841357810876,0.6158642189123658,EditedNearestNeighbours(n_neighbors=9),57
0.1,4783,4783,0.9961600397508669,0.0024068672273180125,0.83522979163588,0.6452389137160536,0.9930767174552259,0.004329567839128289,0.8068929684793904,0.6425355039833738,EditedNearestNeighbours(n_neighbors=9),57
0.25,5434,5436,0.9988465180270228,0.0010803674985308482,0.856757970363718,0.6979202182066144,0.998158795924407,0.001723706206430334,0.8342570142015934,0.6931070315206096,EditedNearestNeighbours(n_neighbors=9),57
0.5,6517,6523,0.9991374950830316,0.0007716589087090805,0.8732480195003047,0.7350778176842825,0.9991943429207055,0.0008619921124249946,0.8559057845514375,0.7317284378247315,EditedNearestNeighbours(n_neighbors=9),57
1.0,8683,8698,0.9994251549725437,0.0003636893639101777,0.8956940774133375,0.7785419532324622,0.999425287356322,0.00036348019082394064,0.8837894007620367,0.7769310703152061,EditedNearestNeighbours(n_neighbors=9),57
0.005,4370,4370,0.9318555998524902,0.03995037911277361,0.7384126984126984,0.4142059058260176,0.885,0.0644204936336256,0.714582611707655,0.4915136820228611,TomekLinks(),57
0.01,4392,4392,0.9612241295908159,0.033314958448273334,0.7828664591670372,0.5554969217238347,0.9319444444444445,0.05422005915539762,0.7462764114998268,0.5623484586075511,TomekLinks(),57
0.03,4479,4479,0.9834573925660308,0.01068387398816997,0.8404157749923571,0.659480473581905,0.9692307692307693,0.01961161351381841,0.8191894700381018,0.6662625562868029,TomekLinks(),57
0.05,4566,4566,0.9926239726736299,0.0071762341763779314,0.8141831238779175,0.6121519873927508,0.9863107822410149,0.013243517770288246,0.7848978178039487,0.616383789400762,TomekLinks(),57
0.1,4783,4783,0.9980800331980755,0.0025571582462686052,0.8367557984931304,0.6505569837189374,0.9965383587276129,0.004604456597534666,0.8086248701073779,0.6468652580533425,TomekLinks(),57
0.25,5436,5436,0.9988404096436954,0.00231918071260937,0.8709383540844216,0.6926863572433193,0.9981566820276498,0.0036866359447004448,0.8527883616210599,0.6972635954277797,TomekLinks(),57
0.5,6523,6523,0.999137103567232,0.0010913303266784713,0.8707132018209408,0.7343537414965986,0.9989655172413794,0.0012799458305355986,0.8524419812954624,0.7294769657083477,TomekLinks(),57
1.0,8698,8698,0.999770114866599,0.00028155063814216556,0.8872134174488383,0.7814658803706824,0.9997701149425288,0.00028155054514748324,0.873051610668514,0.7753723588500173,TomekLinks(),57
0.005,8699,4370,0.8999729624572957,0.10382177134752506,0.6913287955016277,0.3793293018141836,0.8550000000000001,0.12389511693363868,0.6387253204018012,0.41340491860062345,"ADASYN(n_neighbors=3, random_state=57)",57
0.01,8695,4392,0.9932758950794562,0.013448209841087522,0.738917633897357,0.4587250042727739,0.9875,0.024999999999999998,0.676653966054728,0.45150675441634913,"ADASYN(n_neighbors=3, random_state=57)",57
0.03,8703,4479,0.9919225381380082,0.007660674328583019,0.8113741253535804,0.5990524653447973,0.9883465959328028,0.015299892737476735,0.7805680637339799,0.6042604780048493,"ADASYN(n_neighbors=3, random_state=57)",57
0.05,8694,4566,0.9926710445174576,0.009908630102579065,0.8086096567771961,0.6086956521739131,0.9926781636879796,0.014075356461156258,0.772081745756841,0.600969864911673,"ADASYN(n_neighbors=3, random_state=57)",57
0.1,8703,4783,0.9993645270640419,0.0012709458719160514,0.8266075388026608,0.6256925207756233,0.9988505747126437,0.002298850574712663,0.7968479390370626,0.6255628680290959,"ADASYN(n_neighbors=3, random_state=57)",57
0.25,8698,5436,0.9988484509872222,0.000575778811658629,0.8585657370517928,0.6567689001758156,0.998504682888759,0.0010029077076017545,0.8524419812954624,0.695704883962591,"ADASYN(n_neighbors=3, random_state=57)",57
0.5,8698,6523,0.9989630494880813,0.0012720841088943657,0.8626149901975569,0.7067901234567902,0.9988484559563536,0.0017473810685281696,0.842223761690336,0.7038448216141323,"ADASYN(n_neighbors=3, random_state=57)",57
1.0,8698,8698,,,0.8872134174488383,0.7814658803706824,,,0.873051610668514,0.7753723588500173,"ADASYN(n_neighbors=3, random_state=57)",57
0.005,8696,4370,0.9553832406801603,0.06501481593175598,0.696087084436599,0.3912885662431942,0.93,0.09797958971132713,0.6421891236577763,0.41912019397298234,ADASYN(random_state=57),57
0.01,8694,4392,0.9940601427460001,0.01187971450799985,0.7301406849509734,0.4494187055353115,0.9998850574712644,0.00022988505747125742,0.6711118808451679,0.45046761343955666,ADASYN(random_state=57),57
0.03,8696,4479,0.9917703788748564,0.016459242250286988,0.8203299152920196,0.6245018194420378,0.9883465959328028,0.023306808134394345,0.7906130931763076,0.6246969172151022,ADASYN(random_state=57),57
0.05,8700,4566,0.9976119705813786,0.0029250119145675657,0.8128637951105937,0.6245152588096442,0.9976123301985371,0.004493499540974107,0.7772774506408036,0.614305507447177,ADASYN(random_state=57),57
0.1,8706,4783,0.9993710009046797,0.0012579981906406523,0.8212759687638131,0.6299023805446138,0.9998849252013808,0.00023014959723819395,0.7899203325251125,0.6257360581918947,ADASYN(random_state=57),57
0.25,8701,5436,0.9991369021822628,0.0007047189281056536,0.839119804400978,0.6309111880046137,0.9989655123818466,0.001053476811575694,0.8290613093176308,0.6674748874263943,ADASYN(random_state=57),57
0.5,8698,6523,0.9987921380422613,0.0008801353832439882,0.8725203752114409,0.7219801289872756,0.9986201599661,0.0011260945513774196,0.8564253550398337,0.7237616903359889,ADASYN(random_state=57),57
1.0,8698,8698,,,0.8872134174488383,0.7814658803706824,,,0.873051610668514,0.7753723588500173,ADASYN(random_state=57),57
0.005,8697,4370,0.9414369135753592,0.07292501799749106,0.6974343851371277,0.3970241335510797,0.9099999999999999,0.11135528725660043,0.6446137859369587,0.4244890890197437,"ADASYN(n_neighbors=7, random_state=57)",57
0.01,8697,4392,0.988120417609893,0.014549457606557549,0.7395980752901217,0.4815004262574595,0.9777777777777779,0.02721655269759088,0.6813301004502944,0.47332871492899203,"ADASYN(n_neighbors=7, random_state=57)",57
0.03,8699,4479,0.9940206810575081,0.007941365065382006,0.8138643067846608,0.6144038594073054,0.9921927497789568,0.009563616652880394,0.7814340145479737,0.6124004156563907,"ADASYN(n_neighbors=7, random_state=57)",57
0.05,8682,4566,0.9963255672338033,0.004887942728802963,0.822076762868194,0.6079465541490858,0.9952338946805668,0.005840091552037186,0.7928645652926913,0.6137859369587808,"ADASYN(n_neighbors=7, random_state=57)",57
0.1,8683,4783,0.997450853080689,0.002407166542815514,0.813761068369865,0.6366366366366366,0.9974445335471799,0.0045434957015051515,0.7777970211291998,0.6227918254243159,"ADASYN(n_neighbors=7, random_state=57)",57
0.25,8691,5436,0.9994252873183569,0.0007038764171156337,0.862322237849664,0.6778060297856884,0.9994263418749341,0.0008882990890965319,0.8474194665742987,0.6927606511950122,"ADASYN(n_neighbors=7, random_state=57)",57
0.5,8696,6523,0.9996546423809317,0.00042297509024737714,0.8747117601844735,0.7225130890052356,0.9995397001959849,0.0005637504463773807,0.8588500173190163,0.7246276411499827,"ADASYN(n_neighbors=7, random_state=57)",57
1.0,8698,8698,,,0.8872134174488383,0.7814658803706824,,,0.873051610668514,0.7753723588500173,"ADASYN(n_neighbors=7, random_state=57)",57
0.005,8693,4370,0.9601450794968827,0.033053523441061626,0.6962658041752425,0.3978319783197832,0.9498850574712645,0.0611437535179685,0.6421891236577763,0.42275718739175616,"ADASYN(n_neighbors=9, random_state=57)",57
0.01,8698,4392,0.9802788129441536,0.028097999791331055,0.7421454854231532,0.5026954177897575,0.9748850574712644,0.04994302474523211,0.6844475233806719,0.48874263941808105,"ADASYN(n_neighbors=9, random_state=57)",57
0.03,8694,4479,0.9897428484364967,0.011496412363883709,0.8216731169991068,0.6153577050900823,0.9845003098167655,0.022348843050241596,0.7925181849670939,0.6191548320055421,"ADASYN(n_neighbors=9, random_state=57)",57
0.05,8696,4566,0.9975592276166543,0.0029896293017202245,0.811024776425744,0.6198093941456774,0.995401691331924,0.00563237497029904,0.7767578801524073,0.6130931763075858,"ADASYN(n_neighbors=9, random_state=57)",57
0.1,8710,4783,0.999371067115748,0.0012578657685040626,0.8180227471566054,0.6415284062342886,0.9998850574712644,0.00022988505747125742,0.7838586768271563,0.6295462417734673,"ADASYN(n_neighbors=9, random_state=57)",57
0.25,8713,5436,0.9988505673685453,0.0010737858410361692,0.8665329424471532,0.7009725906277631,0.9985067967855162,0.0012368029279581578,0.8501905091790787,0.7071354347073087,"ADASYN(n_neighbors=9, random_state=57)",57
0.5,8703,6523,0.999482195579442,0.0006904338497289921,0.8828941213160767,0.7488648271044359,0.999425287356322,0.000890340999128115,0.8699341877381365,0.7509525458953932,"ADASYN(n_neighbors=9, random_state=57)",57
1.0,8698,8698,,,0.8872134174488383,0.7814658803706824,,,0.873051610668514,0.7753723588500173,"ADASYN(n_neighbors=9, random_state=57)",57
0.005,8698,4370,0.9219350967842553,0.07561312081356568,0.7020771513353116,0.3835920177383592,0.8998850574712645,0.12238081688480644,0.6522341531001039,0.4222376169033599,"SMOTEENN(enn=EditedNearestNeighbours(), random_state=57,
         smote=SMOTE(k_neighbors=3, random_state=57))",57
0.01,8698,4392,0.9806610845168844,0.025450766402943147,0.7444679351656096,0.493234100135318,0.9652777777777779,0.04521894610027698,0.6860062348458608,0.481122272254936,"SMOTEENN(enn=EditedNearestNeighbours(), random_state=57,
         smote=SMOTE(k_neighbors=3, random_state=57))",57
0.03,8698,4479,0.9899841036524194,0.006263929854418374,0.8189116859946476,0.6355204397114393,0.9845003098167655,0.007753048254000049,0.7890543817111189,0.632490474541046,"SMOTEENN(enn=EditedNearestNeighbours(), random_state=57,
         smote=SMOTE(k_neighbors=3, random_state=57))",57
0.05,8698,4566,0.9964054005983574,0.004781954186810047,0.8088537085898564,0.6409098511456766,0.9953396029258098,0.005710690045516461,0.7741600277104261,0.6281607204710773,"SMOTEENN(enn=EditedNearestNeighbours(), random_state=57,
         smote=SMOTE(k_neighbors=3, random_state=57))",57
0.1,8698,4783,0.9993644610050957,0.0012710779898087664,0.8473817693570044,0.6984501347708895,0.9998850574712644,0.00022988505747125742,0.8228264634568756,0.6899896085902321,"SMOTEENN(enn=EditedNearestNeighbours(), random_state=57,
         smote=SMOTE(k_neighbors=3, random_state=57))",57
0.25,8698,5436,0.9991359748082467,0.0011515631854192353,0.8557692307692307,0.7208599261001007,0.9986217393142519,0.0018359238973744453,0.833737443713197,0.7121579494284724,"SMOTEENN(enn=EditedNearestNeighbours(), random_state=57,
         smote=SMOTE(k_neighbors=3, random_state=57))",57
0.5,8697,6523,0.9993098808536713,0.0006452377196129718,0.8550230004451699,0.7273626917367639,0.9991948726097781,0.0006899207794578701,0.8307932109456182,0.7137166608936611,"SMOTEENN(enn=EditedNearestNeighbours(), random_state=57,
         smote=SMOTE(k_neighbors=3, random_state=57))",57
1.0,8695,8698,0.9997699825965842,0.00028171263516440684,0.8920173267326733,0.7838342672779759,0.9997699826726454,0.00028171261963820814,0.8791132663664705,0.7795289227571874,"SMOTEENN(enn=EditedNearestNeighbours(), random_state=57,
         smote=SMOTE(k_neighbors=3, random_state=57))",57
0.005,8698,4370,0.9354269624029374,0.05627216293670614,0.696436492680763,0.4031878282919761,0.9098850574712645,0.07847355493509353,0.64444059577416,0.42933841357810876,"SMOTEENN(enn=EditedNearestNeighbours(n_neighbors=5), random_state=57,
         smote=SMOTE(random_state=57))",57
0.01,8697,4392,0.9672127427096331,0.04189619372453095,0.7449197101037374,0.500254712175242,0.9526628352490422,0.058156085897507565,0.6891236577762383,0.49030135088326987,"SMOTEENN(enn=EditedNearestNeighbours(n_neighbors=5), random_state=57,
         smote=SMOTE(random_state=57))",57
0.03,8697,4479,0.9919226038931036,0.007660473258859044,0.823407713905719,0.6514227642276422,0.9883464636629193,0.015299796962503375,0.7930377554554902,0.6435746449601663,"SMOTEENN(enn=EditedNearestNeighbours(n_neighbors=5), random_state=57,
         smote=SMOTE(random_state=57))",57
0.05,8696,4566,0.9962703282143636,0.004984613011657349,0.8095169012041201,0.6382343179555261,0.9930232558139535,0.009302325581395366,0.7726013162452373,0.6224454450987185,"SMOTEENN(enn=EditedNearestNeighbours(n_neighbors=5), random_state=57,
         smote=SMOTE(random_state=57))",57
0.1,8698,4783,0.999371067115748,0.0012578657685040626,0.8372093023255814,0.6903183023872679,0.9998850574712644,0.00022988505747125742,0.8084516799445791,0.6764807758919293,"SMOTEENN(enn=EditedNearestNeighbours(n_neighbors=5), random_state=57,
         smote=SMOTE(random_state=57))",57
0.25,8697,5436,0.9982686535279331,0.0014187506509492761,0.8616541353383459,0.7328423167057249,0.9975807777359431,0.0024276706689625553,0.8406650502251471,0.7235885001731901,"SMOTEENN(enn=EditedNearestNeighbours(n_neighbors=5), random_state=57,
         smote=SMOTE(random_state=57))",57
0.5,8696,6523,0.9996546423809317,0.00042297509024737714,0.8520325203252033,0.7264676943260086,0.9995397001959849,0.0005637504463773807,0.8266366470384482,0.71111880845168,"SMOTEENN(enn=EditedNearestNeighbours(n_neighbors=5), random_state=57,
         smote=SMOTE(random_state=57))",57
1.0,8690,8698,0.9997700488076525,0.00028163156286627525,0.8980355472404116,0.7744061036934281,0.9997701149425288,0.00028155054514748324,0.8867336335296154,0.7746795981988224,"SMOTEENN(enn=EditedNearestNeighbours(n_neighbors=5), random_state=57,
         smote=SMOTE(random_state=57))",57
0.005,8698,4370,0.9302682981514246,0.06714814183024338,0.6963203783064874,0.4070061394005056,0.9048850574712644,0.09277364603627361,0.6440942154485625,0.431243505368895,"SMOTEENN(enn=EditedNearestNeighbours(n_neighbors=7), random_state=57,
         smote=SMOTE(k_neighbors=7, random_state=57))",57
0.01,8693,4392,0.9873361038844027,0.015559539430521149,0.7493276716206653,0.5122074423303586,0.976388888888889,0.029000851413640425,0.6932802216834084,0.49826809837201247,"SMOTEENN(enn=EditedNearestNeighbours(n_neighbors=7), random_state=57,
         smote=SMOTE(k_neighbors=7, random_state=57))",57
0.03,8693,4479,0.9899057382250527,0.00903255127806365,0.8244500221467592,0.6643180674383493,0.9845003098167655,0.014423548499301183,0.7940768964322826,0.6534464842396952,"SMOTEENN(enn=EditedNearestNeighbours(n_neighbors=7), random_state=57,
         smote=SMOTE(k_neighbors=7, random_state=57))",57
0.05,8696,4566,0.9951453684162945,0.002427878904187664,0.8090116279069768,0.6444995864350703,0.9930140215304611,0.005473271456966553,0.7724281260824386,0.6278143401454798,"SMOTEENN(enn=EditedNearestNeighbours(n_neighbors=7), random_state=57,
         smote=SMOTE(k_neighbors=7, random_state=57))",57
0.1,8693,4783,0.9987223987397538,0.002555202520492372,0.839177393105489,0.6938571666389213,0.9977011494252874,0.004597701149425282,0.8117422930377554,0.6815032906130931,"SMOTEENN(enn=EditedNearestNeighbours(n_neighbors=7), random_state=57,
         smote=SMOTE(k_neighbors=7, random_state=57))",57
0.25,8698,5436,0.9991338413383712,0.0011552966461171835,0.8615477629987908,0.727057630556025,0.9986175115207374,0.001843317972350217,0.8413578108763422,0.7202978870800139,"SMOTEENN(enn=EditedNearestNeighbours(n_neighbors=7), random_state=57,
         smote=SMOTE(k_neighbors=7, random_state=57))",57
0.5,8696,6523,0.9991368355158773,0.0005466916158449651,0.8700513750377757,0.7385290148448043,0.9989644578632344,0.0007642001783078218,0.8510564599930723,0.7315552476619327,"SMOTEENN(enn=EditedNearestNeighbours(n_neighbors=7), random_state=57,
         smote=SMOTE(k_neighbors=7, random_state=57))",57
1.0,8687,8698,0.9995402295054081,0.00043007606902616813,0.8939934812975322,0.773705042161418,0.9995402298850575,0.00043007556169814116,0.8817111188084517,0.7722549359196398,"SMOTEENN(enn=EditedNearestNeighbours(n_neighbors=7), random_state=57,
         smote=SMOTE(k_neighbors=7, random_state=57))",57
0.005,8698,4370,0.9270937610357679,0.06679074625630822,0.6907690028152319,0.37304363837230714,0.885,0.10198039027185568,0.6385521302390025,0.4102874956702459,"SMOTEENN(enn=EditedNearestNeighbours(n_neighbors=9), random_state=57,
         smote=SMOTE(k_neighbors=9, random_state=57))",57
0.01,8689,4392,0.9887394803863178,0.01382595565442291,0.7458151638767759,0.5162256615077384,0.9887738140902698,0.02216580500644733,0.6870453758226532,0.49653619674402494,"SMOTEENN(enn=EditedNearestNeighbours(n_neighbors=9), random_state=57,
         smote=SMOTE(k_neighbors=9, random_state=57))",57
0.03,8690,4479,0.9902004795968183,0.006043047162243632,0.8195179306290418,0.6475837683111635,0.9919628647214853,0.009146788792822295,0.7873224800831313,0.6375129892622099,"SMOTEENN(enn=EditedNearestNeighbours(n_neighbors=9), random_state=57,
         smote=SMOTE(k_neighbors=9, random_state=57))",57
0.05,8695,4566,0.9913047690025708,0.008478266087140562,0.8068607667915826,0.6487104146261835,0.9860901314670361,0.016804595503516755,0.767925181849671,0.6272947696570834,"SMOTEENN(enn=EditedNearestNeighbours(n_neighbors=9), random_state=57,
         smote=SMOTE(k_neighbors=9, random_state=57))",57
0.1,8693,4783,0.9980734969955009,0.003853006008998427,0.8280998977654447,0.6884602811376267,0.9965517241379309,0.006896551724137901,0.7961551783858676,0.6698995497055766,"SMOTEENN(enn=EditedNearestNeighbours(n_neighbors=9), random_state=57,
         smote=SMOTE(k_neighbors=9, random_state=57))",57
0.25,8694,5436,0.9982688128932711,0.001413513720478723,0.853086235241369,0.7250373816248546,0.9972392508349893,0.0022541554698375264,0.8297540699688257,0.7133702805680637,"SMOTEENN(enn=EditedNearestNeighbours(n_neighbors=9), random_state=57,
         smote=SMOTE(k_neighbors=9, random_state=57))",57
0.5,8693,6523,0.999137034271276,0.0009459862060971716,0.8630916716596765,0.7280040221216691,0.9989655172413794,0.0012799458305356405,0.8417041912019397,0.7189123657776239,"SMOTEENN(enn=EditedNearestNeighbours(n_neighbors=9), random_state=57,
         smote=SMOTE(k_neighbors=9, random_state=57))",57
1.0,8683,8698,0.9996551060131622,0.0004598037126408845,0.8956940774133375,0.7785419532324622,0.999655172413793,0.0004597701149425148,0.8837894007620367,0.7769310703152061,"SMOTEENN(enn=EditedNearestNeighbours(n_neighbors=9), random_state=57,
         smote=SMOTE(k_neighbors=9, random_state=57))",57
0.005,8698,4370,0.9234646961094221,0.053305218336814036,0.7010949985202722,0.3884707178263264,0.8848849252013808,0.06457256139106111,0.6501558711465188,0.4231035677173537,"SMOTETomek(random_state=57, smote=SMOTE(k_neighbors=3, random_state=57),
           tomek=TomekLinks())",57
0.01,8698,4392,0.9738880257064132,0.03910429450552074,0.7444084962723309,0.5091030566226825,0.9665517241379309,0.06660956730331653,0.6853134741946658,0.4909941115344648,"SMOTETomek(random_state=57, smote=SMOTE(k_neighbors=3, random_state=57),
           tomek=TomekLinks())",57
0.03,8698,4479,0.9940191920401947,0.004885175767029596,0.8140940586761021,0.644878706199461,0.9921927497789568,0.009329624697350871,0.7816072047107724,0.6349151368202286,"SMOTETomek(random_state=57, smote=SMOTE(k_neighbors=3, random_state=57),
           tomek=TomekLinks())",57
0.05,8698,4566,0.9950643646315506,0.00719486310098154,0.8049418604651163,0.6571941858566063,0.9908562367864693,0.013261646012308321,0.7675788015240734,0.6364738482854173,"SMOTETomek(random_state=57, smote=SMOTE(k_neighbors=3, random_state=57),
           tomek=TomekLinks())",57
0.1,8698,4783,0.9974379580005964,0.0037433352768934383,0.8333823097267117,0.6957950065703022,0.9954022988505746,0.0067022435572934224,0.803602355386214,0.6792518184967093,"SMOTETomek(random_state=57, smote=SMOTE(k_neighbors=3, random_state=57),
           tomek=TomekLinks())",57
0.25,8698,5436,0.9994242254936111,0.0007051786314012199,0.8547494390426328,0.7212293302154669,0.9994242279781769,0.0008923926332859183,0.8318323519224108,0.7109456182888811,"SMOTETomek(random_state=57, smote=SMOTE(k_neighbors=3, random_state=57),
           tomek=TomekLinks())",57
0.5,8698,6523,0.999482195579442,0.0006904338497289921,0.8659855769230769,0.7382146439317954,0.999425287356322,0.000890340999128115,0.8455143747835123,0.7287842050571528,"SMOTETomek(random_state=57, smote=SMOTE(k_neighbors=3, random_state=57),
           tomek=TomekLinks())",57
1.0,8698,8698,0.9998850574332995,0.0002298851334010976,0.8872134174488383,0.7814658803706824,0.9998850574712644,0.00022988505747125742,0.873051610668514,0.7753723588500173,"SMOTETomek(random_state=57, smote=SMOTE(k_neighbors=3, random_state=57),
           tomek=TomekLinks())",57
0.005,8698,4370,0.9270937610357679,0.06679074625630822,0.6942759946753438,0.38433382137628114,0.8998850574712645,0.09357243169639459,0.6420159334949775,0.4173882923449948,"SMOTETomek(random_state=57, smote=SMOTE(random_state=57), tomek=TomekLinks())",57
0.01,8698,4392,0.9814453321834282,0.025055958390251553,0.7415984185258402,0.5104462644158448,0.9666666666666666,0.04444444444444447,0.683062002078282,0.4927260131624524,"SMOTETomek(random_state=57, smote=SMOTE(random_state=57), tomek=TomekLinks())",57
0.03,8698,4479,0.9854579899260095,0.01593567928244308,0.813329401356532,0.6496644295302013,0.9768081343943413,0.028248632566710525,0.7807412538967786,0.6383789400762037,"SMOTETomek(random_state=57, smote=SMOTE(random_state=57), tomek=TomekLinks())",57
0.05,8698,4566,0.9963255672338033,0.004887942728802963,0.807530774800869,0.6558929154423767,0.9952338946805668,0.005840091552037186,0.7698302736404572,0.6349151368202286,"SMOTETomek(random_state=57, smote=SMOTE(random_state=57), tomek=TomekLinks())",57
0.1,8698,4783,0.9987421342314959,0.0015405646488743908,0.832063305978898,0.6902218570254725,0.9997701149425288,0.00028155054514748324,0.801524073432629,0.6735365431243505,"SMOTETomek(random_state=57, smote=SMOTE(random_state=57), tomek=TomekLinks())",57
0.25,8698,5436,0.9988484534717879,0.0010771726339481144,0.8542908224076281,0.722803521009799,0.9985067967855162,0.0017625612498990103,0.8306200207828196,0.7109456182888811,"SMOTETomek(random_state=57, smote=SMOTE(random_state=57), tomek=TomekLinks())",57
0.5,8698,6523,0.9991373012484223,6.492980507586143e-07,0.8720121028744326,0.7401149036836769,0.9989648552824233,0.0002298876506294057,0.8534811222722549,0.7336335296155179,"SMOTETomek(random_state=57, smote=SMOTE(random_state=57), tomek=TomekLinks())",57
1.0,8698,8698,0.999770114866599,0.00028155063814216556,0.8872134174488383,0.7814658803706824,0.9997701149425288,0.00028155054514748324,0.873051610668514,0.7753723588500173,"SMOTETomek(random_state=57, smote=SMOTE(random_state=57), tomek=TomekLinks())",57
0.005,8698,4370,0.9139410847624518,0.07026681004980709,0.6948676231326727,0.39095550692924874,0.865,0.09565563234854496,0.6427086941461725,0.42154485625216487,"SMOTETomek(random_state=57, smote=SMOTE(k_neighbors=7, random_state=57),
           tomek=TomekLinks())",57
0.01,8698,4392,0.9873851894374284,0.025229621125143528,0.7457054350887075,0.5251655629139073,0.9777777777777779,0.04444444444444447,0.6872185659854521,0.5032906130931764,"SMOTETomek(random_state=57, smote=SMOTE(k_neighbors=7, random_state=57),
           tomek=TomekLinks())",57
0.03,8698,4479,0.9959634888058485,0.0049436963844552055,0.8150786583555951,0.6454021038344079,0.9923076923076923,0.009421114395319882,0.7842050571527537,0.6380325597506061,"SMOTETomek(random_state=57, smote=SMOTE(k_neighbors=7, random_state=57),
           tomek=TomekLinks())",57
0.05,8698,4566,0.9963230710269662,0.004959851068827011,0.8081277213352686,0.6497862545215389,0.9952337624106832,0.009247473536940951,0.7710426047800485,0.631104953238656,"SMOTETomek(random_state=57, smote=SMOTE(k_neighbors=7, random_state=57),
           tomek=TomekLinks())",57
0.1,8698,4783,0.9987222934885274,0.0015649010063921087,0.8371887431855017,0.6987633965375103,0.9976877840149694,0.0028319535179148025,0.8086248701073779,0.6835815725666783,"SMOTETomek(random_state=57, smote=SMOTE(k_neighbors=7, random_state=57),
           tomek=TomekLinks())",57
0.25,8698,5436,0.9991338413383712,0.0011552966461171835,0.8628459095720551,0.7308016877637131,0.9986175115207374,0.001843317972350217,0.842916522341531,0.7237616903359889,"SMOTETomek(random_state=57, smote=SMOTE(k_neighbors=7, random_state=57),
           tomek=TomekLinks())",57
0.5,8698,6523,0.9991368383041624,0.0007720948410539366,0.874753301958403,0.7490295358649789,0.9989655172413794,0.0010534656770013107,0.8571181156910288,0.7424662279182542,"SMOTETomek(random_state=57, smote=SMOTE(k_neighbors=7, random_state=57),
           tomek=TomekLinks())",57
1.0,8698,8698,0.9996550401820056,0.00028165853777183884,0.8872134174488383,0.7814658803706824,0.999655172413793,0.00028155054514748324,0.873051610668514,0.7753723588500173,"SMOTETomek(random_state=57, smote=SMOTE(k_neighbors=7, random_state=57),
           tomek=TomekLinks())",57
0.005,8698,4370,0.9127506084961764,0.0565021882006948,0.6899201891812001,0.3786354490579843,0.8748850574712644,0.07905727573816118,0.6366470384482161,0.4116730169726359,"SMOTETomek(random_state=57, smote=SMOTE(k_neighbors=9, random_state=57),
           tomek=TomekLinks())",57
0.01,8698,4392,0.9677799694486605,0.02297759452128106,0.7449108521690299,0.5240217929668153,0.9526628352490422,0.046030715761324004,0.6853134741946657,0.5006927606511951,"SMOTETomek(random_state=57, smote=SMOTE(k_neighbors=9, random_state=57),
           tomek=TomekLinks())",57
0.03,8698,4479,0.9940191920401948,0.004885175767029596,0.8195179306290418,0.6386440677966102,0.9921927497789568,0.009329624697350871,0.7873224800831313,0.6307585729130585,"SMOTETomek(random_state=57, smote=SMOTE(k_neighbors=9, random_state=57),
           tomek=TomekLinks())",57
0.05,8698,4566,0.9928368583257278,0.009550745344228008,0.807518577881393,0.652617714850181,0.9928368583257278,0.009550745344228008,0.7712157949428473,0.6345687564946312,"SMOTETomek(random_state=57, smote=SMOTE(k_neighbors=9, random_state=57),
           tomek=TomekLinks())",57
0.1,8698,4783,0.9980801651642393,0.002556927635249714,0.8315727699530516,0.682983297502894,0.9965383587276129,0.0046044565975346665,0.8011776931070316,0.6679944579147904,"SMOTETomek(random_state=57, smote=SMOTE(k_neighbors=9, random_state=57),
           tomek=TomekLinks())",57
0.25,8698,5436,0.9988475212803692,0.0005762430284348059,0.8600927727068681,0.734130940511798,0.998158795924407,0.0009206111389143076,0.838067197783166,0.7228957395219952,"SMOTETomek(random_state=57, smote=SMOTE(k_neighbors=9, random_state=57),
           tomek=TomekLinks())",57
0.5,8698,6523,0.9991367708741432,0.0013370519140398923,0.8702612898353723,0.7398921832884097,0.9989649875523068,0.0015591957265587207,0.8512296501558712,0.7325943886387254,"SMOTETomek(random_state=57, smote=SMOTE(k_neighbors=9, random_state=57),
           tomek=TomekLinks())",57
1.0,8698,8698,0.9997700488076525,0.00028163156286627525,0.8872134174488383,0.7814658803706824,0.9997701149425288,0.00028155054514748324,0.873051610668514,0.7753723588500173,"SMOTETomek(random_state=57, smote=SMOTE(k_neighbors=9, random_state=57),
           tomek=TomekLinks())",57
0.005,4370,4370,0.856683680648581,0.1812004309047995,0.677742118180102,0.28249141736145167,0.825,0.1695582495781317,0.7043643921025287,0.49324558365084864,no Sampler(),297
0.01,4392,4392,0.9526443485458025,0.02834195228387854,0.8275971956660293,0.5254509018036072,0.9166666666666666,0.04890782461571948,0.8126082438517492,0.5898856944925528,no Sampler(),297
0.03,4479,4479,0.9897521563072539,0.00920132984787891,0.8432892536859705,0.6186240697041205,0.9807692307692308,0.017200522903844526,0.8214409421544857,0.6361274679598199,no Sampler(),297
0.05,4566,4566,0.9938579472716228,0.0077821944750194345,0.8656671210056035,0.6677339025257916,0.9886363636363636,0.014373989364401747,0.8463803255975061,0.6764807758919293,no Sampler(),297
0.1,4783,4783,0.9980867544936232,0.0015622067058540102,0.8751518833535844,0.7228832557337472,0.9965383587276129,0.002826523597361079,0.857637686179425,0.7216834083824039,no Sampler(),297
0.25,5436,5436,0.9982698794179324,0.001682116598590804,0.883100965221388,0.7250786988457503,0.9975872516960985,0.002821503305831187,0.8678559057845514,0.7277450640803602,no Sampler(),297
0.5,6523,6523,0.9989650536510556,0.0008451648834065118,0.8915699922660479,0.7372687224669604,0.9988504424427603,0.0009615991781830579,0.8785936958780741,0.7417734672670593,no Sampler(),297
1.0,8698,8698,0.9995402298091276,0.00043007558199125416,0.8859514294497387,0.729758149316509,0.9995402298850575,0.00043007556169814116,0.8714928992033253,0.7329407689643228,no Sampler(),297
0.005,8698,4370,0.9266969356009775,0.05386559662992,0.7252069469242006,0.3749224084419615,0.8800000000000001,0.07968688725254613,0.706789054381711,0.47679251818496704,RandomOverSampler(random_state=297),297
0.01,8698,4392,0.9739369795963407,0.02384370073858311,0.8388230127360562,0.6424781790176279,0.9527777777777778,0.04244640774982259,0.8093176307585729,0.6382057499134048,RandomOverSampler(random_state=297),297
0.03,8698,4479,0.9879514684063698,0.009852427243555551,0.8488509133765468,0.6802904914710353,0.9843854995579134,0.018659249394701795,0.8223068929684794,0.6721510218219605,RandomOverSampler(random_state=297),297
0.05,8698,4566,0.9951668074609816,0.0059247193015009875,0.849145550972304,0.6883814640698456,0.9951186876120641,0.009198054690247365,0.8226532732940769,0.6785590578455143,RandomOverSampler(random_state=297),297
0.1,8698,4783,0.9987355279687217,0.0015486894631782408,0.8499410377358491,0.7224496479449811,0.9987354999140245,0.002252363877135573,0.8236924142708695,0.7064426740561136,RandomOverSampler(random_state=297),297
0.25,8698,5436,0.9985651428046968,0.0012829246440647971,0.8691194209891435,0.7411883182275931,0.9987356273243753,0.0011727167315815589,0.8496709386906824,0.7329407689643228,RandomOverSampler(random_state=297),297
0.5,8698,6523,0.9989651850840037,0.0006457331757740349,0.8804032381243317,0.729636048526863,0.9989653849714959,0.000844759667867436,0.8643921025285763,0.7298233460339453,RandomOverSampler(random_state=297),297
1.0,8698,8698,0.9996551720721086,0.00045977066543429775,0.8859514294497387,0.729758149316509,0.999655172413793,0.0004597701149425148,0.8714928992033253,0.7329407689643228,RandomOverSampler(random_state=297),297
0.005,42,4370,0.47362414096169375,0.057954834117900415,0.7116245487364621,0.6150263893200869,0.8940176977104084,0.04292600122387236,0.6541392448908903,0.5704883962590925,RandomUnderSampler(random_state=297),297
0.01,86,4392,0.6767922881691761,0.08933821118822284,0.8061298250686714,0.7508697625170171,0.9443649061545176,0.05883610026008394,0.7677519916868722,0.7147558018704538,RandomUnderSampler(random_state=297),297
0.03,260,4479,0.8987185788441922,0.047471774276496494,0.8315193730953417,0.7669218989280245,0.9849513704686117,0.0072791469729980565,0.7989262209906477,0.7364045722202979,RandomUnderSampler(random_state=297),297
0.05,434,4566,0.9782097858076775,0.015500035532060774,0.8297258297258298,0.7300344503601629,0.9956053208175263,0.005250502458047939,0.7956356078974713,0.7014201593349498,RandomUnderSampler(random_state=297),297
0.1,868,4783,0.9931176015338163,0.004499282520535497,0.8365482233502538,0.7234245703373647,0.9966392744966133,0.004218862160567231,0.8048146865258053,0.6989954970557672,RandomUnderSampler(random_state=297),297
0.25,2174,5436,0.9971253646257772,0.0015781454738895305,0.8623990427759497,0.7496301167187243,0.9974732362756245,0.002605047911868534,0.8406650502251471,0.736231382057499,RandomUnderSampler(random_state=297),297
0.5,4348,6523,0.9989648549407388,0.0006458214177454905,0.8684646677715836,0.740989103101425,0.9989648552824233,0.0006709059442188423,0.8488049878766886,0.7324211984759266,RandomUnderSampler(random_state=297),297
1.0,8698,8698,0.9996551060888301,0.0002816047251990426,0.8899181719932068,0.7425673312346974,0.9996550401439096,0.0002816586465806774,0.8765154139244891,0.7450640803602355,RandomUnderSampler(random_state=297),297
0.005,8698,4370,0.9266969356009775,0.05386559662992,0.7108112348972226,0.33818770226537215,0.8800000000000001,0.07968688725254613,0.6808105299618982,0.4333217873224801,"SMOTE(k_neighbors=3, random_state=297)",297
0.01,8698,4392,0.9701357271688424,0.00222823113624468,0.8514851485148515,0.6757539614925882,0.9650478927203064,0.02818333223365342,0.8259438863872532,0.670419120193973,"SMOTE(k_neighbors=3, random_state=297)",297
0.03,8698,4479,0.9901221141694518,0.008882707760676678,0.8820104198590254,0.6985372814841242,0.9919628647214853,0.015218171352148065,0.8666435746449601,0.7073086248701074,"SMOTE(k_neighbors=3, random_state=297)",297
0.05,8698,4566,0.9975849913394462,0.0029589478245277425,0.8537994371204266,0.6822207084468664,0.9975594760759154,0.0045990809986882555,0.8290613093176308,0.6768271562175269,"SMOTE(k_neighbors=3, random_state=297)",297
0.1,8698,4783,0.9980933606042754,0.001556906602338527,0.8574828919964297,0.7176490232092169,0.9975728414862335,0.0027461361879327533,0.8340838240387947,0.7071354347073087,"SMOTE(k_neighbors=3, random_state=297)",297
0.25,8698,5436,0.9979882620521838,0.0021473275984842085,0.8537994371204266,0.7169623611341402,0.9978160822349574,0.0019354944891286296,0.8290613093176308,0.7043643921025287,"SMOTE(k_neighbors=3, random_state=297)",297
0.5,8698,6523,0.9993102780852707,0.00034486136070351834,0.887178697860551,0.7248677248677249,0.9993103448275862,0.0004300755616981412,0.873051610668514,0.7298233460339453,"SMOTE(k_neighbors=3, random_state=297)",297
1.0,8698,8698,0.9995401632943398,0.0004300937846501992,0.8859514294497387,0.729758149316509,0.9995400976151739,0.0004301109922113393,0.8714928992033253,0.7329407689643228,"SMOTE(k_neighbors=3, random_state=297)",297
0.005,8698,4370,0.9461987523920815,0.048129904370150065,0.6990353697749196,0.2992854140395124,0.9099999999999999,0.0784219357067906,0.6757880152407343,0.4225839972289574,SMOTE(random_state=297),297
0.01,8698,4392,0.9634949754459369,0.022263801109412305,0.8528715216104203,0.6806264896152536,0.9539367816091954,0.04178652773640932,0.8278489781780395,0.6750952545895393,SMOTE(random_state=297),297
0.03,8698,4479,0.994167109703039,0.011665780593921891,0.8668572288250338,0.6982371240926374,0.9959239610963749,0.008152077807250224,0.8467267059231036,0.6976099757533771,SMOTE(random_state=297),297
0.05,8698,4566,0.9975596080420793,0.004880783915841213,0.848145968216598,0.6759133964817321,0.9954545454545455,0.009090909090909084,0.8212677519916869,0.6681676480775892,SMOTE(random_state=297),297
0.1,8698,4783,0.9987288335402335,0.0015569966357135393,0.8563363541821424,0.7112004018081366,0.99872226677359,0.002279005870918129,0.8325251125736058,0.701246969172151,SMOTE(random_state=297),297
0.25,8698,5436,0.9982737970963569,0.001679605433105942,0.8655954347499625,0.7257085020242915,0.9982747978312878,0.002026787637488938,0.8449948042951161,0.7183927952892275,SMOTE(random_state=297),297
0.5,8698,6523,0.9989647217554929,0.0006456095262135327,0.8793822393822394,0.7134751773049646,0.9988500450235712,0.0008127671055653617,0.8647384828541739,0.720124696917215,SMOTE(random_state=297),297
1.0,8698,8698,0.9995400975392442,0.0004302877146804156,0.8859514294497387,0.729758149316509,0.999540097615174,0.0004302876944206479,0.8714928992033253,0.7329407689643228,SMOTE(random_state=297),297
0.005,8698,4370,0.9266969356009775,0.05386559662992,0.6762659763792267,0.25692373242437155,0.8800000000000001,0.07968688725254613,0.6534464842396952,0.39591271215794943,"SMOTE(k_neighbors=7, random_state=297)",297
0.01,8698,4392,0.9620083772573598,0.03347286617333494,0.8550230004451699,0.6968417497044418,0.9443295019157087,0.06075347857334277,0.8307932109456182,0.6891236577762383,"SMOTE(k_neighbors=7, random_state=297)",297
0.03,8698,4479,0.9919965296950526,0.0076424459041577845,0.8601283773697567,0.6922418222298339,0.9920776749803377,0.015271772144039405,0.8377208174575683,0.6887772774506408,"SMOTE(k_neighbors=7, random_state=297)",297
0.05,8698,4566,0.9951714465051724,0.004552386214927567,0.8519065917824417,0.6798096532970768,0.9951716740045692,0.005688647513193969,0.8264634568756495,0.6737097332871493,"SMOTE(k_neighbors=7, random_state=297)",297
0.1,8698,4783,0.9987288335402335,0.0015569966357135393,0.8568455477924781,0.7136165941786551,0.99872226677359,0.002279005870918129,0.8332178732248008,0.7034984412885348,"SMOTE(k_neighbors=7, random_state=297)",297
0.25,8698,5436,0.9988505011576081,0.0010739799150085083,0.864167916041979,0.7269366493026382,0.9985066645156329,0.00123695000622111,0.8430897125043297,0.7185659854520263,"SMOTE(k_neighbors=7, random_state=297)",297
0.5,8698,6523,0.9986192981196517,0.0011709016468376412,0.8767498478393183,0.728775615636301,0.9985052174373642,0.00138894393503139,0.85971596813301,0.727225493591964,"SMOTE(k_neighbors=7, random_state=297)",297
1.0,8698,8698,0.9994252211834806,0.00036348021484887763,0.8859514294497387,0.729758149316509,0.999425287356322,0.00036348019082394064,0.8714928992033253,0.7329407689643228,"SMOTE(k_neighbors=7, random_state=297)",297
0.005,8698,4370,0.9127506084961766,0.0565021882006948,0.6912920465262496,0.31525698097936056,0.86,0.0845576726264388,0.6598545202632491,0.41392448908901974,"SMOTE(k_neighbors=9, random_state=297)",297
0.01,8698,4392,0.9701847466625285,0.020027393549118814,0.8469792738497721,0.6880749289178792,0.9650477604504231,0.02843692911983391,0.8197090405264981,0.6770003463803256,"SMOTE(k_neighbors=9, random_state=297)",297
0.03,8698,4479,0.991996595906121,0.007642431018246298,0.8510890502296636,0.6738498375235163,0.9920778072502211,0.015271835778653181,0.8259438863872532,0.669726359542778,"SMOTE(k_neighbors=9, random_state=297)",297
0.05,8698,4566,0.9938834482559364,0.0076995139979151115,0.8493958149130563,0.6859643217771794,0.9927933707564822,0.009427784227047853,0.8229996536196744,0.6768271562175269,"SMOTE(k_neighbors=9, random_state=297)",297
0.1,8698,4783,0.998093581192126,0.003812837615748066,0.8586325040965291,0.715076303873889,0.9975862068965518,0.00482758620689654,0.8356425355039834,0.7057499134049185,"SMOTE(k_neighbors=9, random_state=297)",297
0.25,8698,5436,0.9985611301604397,0.0009103775595807826,0.8544322561517936,0.7264337508239948,0.9983897403600235,0.0011156204650662274,0.8299272601316245,0.71250432975407,"SMOTE(k_neighbors=9, random_state=297)",297
0.5,8698,6523,0.9991376989738281,6.054408726920904e-07,0.8782502294279596,0.7363886974500344,0.9991954022988505,0.00028155054514748324,0.8621406304121926,0.7350190509179079,"SMOTE(k_neighbors=9, random_state=297)",297
1.0,8698,8698,0.999770114866599,0.00028155063814216556,0.8859514294497387,0.729758149316509,0.9997701149425288,0.00028155054514748324,0.8714928992033253,0.7329407689643228,"SMOTE(k_neighbors=9, random_state=297)",297
0.005,8698,4370,0.9254847304208218,0.11653121070572059,0.808467400508044,0.4224215246636771,0.9,0.1457737973711325,0.8041219258746104,0.5538621406304122,"BorderlineSMOTE(k_neighbors=3, random_state=297)",297
0.01,8698,4392,0.9529099637149077,0.0437141063159735,0.9017885158456228,0.7275040901654245,0.929051724137931,0.07139222195934569,0.8915829580879806,0.7403879459646692,"BorderlineSMOTE(k_neighbors=3, random_state=297)",297
0.03,8698,4479,0.990133378214684,0.00885772591847612,0.888614625115705,0.7238263950398582,0.9919627324516019,0.00961126805456436,0.8749567024593004,0.729996536196744,"BorderlineSMOTE(k_neighbors=3, random_state=297)",297
0.05,8698,4566,0.9940346230969483,0.007466561919425852,0.8882724610879951,0.7254416961130742,0.995003612813445,0.009154157035323218,0.8744371319709041,0.7308624870107379,"BorderlineSMOTE(k_neighbors=3, random_state=297)",297
0.1,8698,4783,0.9987289880691375,0.001556665347305369,0.8917157927396835,0.7254237288135593,0.998735632183908,0.0022524043611799544,0.8791132663664705,0.733460339452719,"BorderlineSMOTE(k_neighbors=3, random_state=297)",297
0.25,8698,5436,0.9982696492937325,0.0014189551671631275,0.8838282812740421,0.7197317331450759,0.997926664700295,0.002540027911443298,0.8692414270869415,0.7249740214755802,"BorderlineSMOTE(k_neighbors=3, random_state=297)",297
0.5,8698,6523,0.9996542425552111,0.0006915148895776824,0.8795971310849993,0.7206830458267991,0.9995391705069124,0.0009216589861750891,0.8633529615517839,0.7223761690335989,"BorderlineSMOTE(k_neighbors=3, random_state=297)",297
1.0,8698,8698,0.9996549740469984,0.00046003463569424004,0.8859514294497387,0.729758149316509,0.999655172413793,0.00045977011494251484,0.8714928992033253,0.7329407689643228,"BorderlineSMOTE(k_neighbors=3, random_state=297)",297
0.005,8698,4370,0.8920365865249167,0.11432340735917869,0.7157222665602554,0.3338165251604887,0.85,0.1457737973711325,0.6915483200554209,0.44284724627641153,BorderlineSMOTE(random_state=297),297
0.01,8698,4392,0.9571729784332479,0.018089223382527324,0.9035804020100503,0.7372038343280882,0.9524328179216873,0.0457958681226577,0.8936612400415657,0.7483546934534119,BorderlineSMOTE(random_state=297),297
0.03,8698,4479,0.9878861587578985,0.011836845951256305,0.9035596675552767,0.7447037701974866,0.98438536728803,0.018891088495696696,0.893488049878767,0.7537235885001732,BorderlineSMOTE(random_state=297),297
0.05,8698,4566,0.9975849251283779,0.0029590259316224217,0.8844560380543195,0.7198450431413982,0.9975593438060321,0.0045990273451236826,0.8695878074125389,0.724454450987184,BorderlineSMOTE(random_state=297),297
0.1,8698,4783,0.9980868597448496,0.0025535795141831785,0.8906056860321384,0.7264987584249734,0.9975862068965518,0.004545682743283947,0.8773813647384828,0.7329407689643228,BorderlineSMOTE(random_state=297),297
0.25,8698,5436,0.9982716996162404,0.0016845531781462411,0.8790605459813939,0.7266112266112266,0.9982726839345304,0.0026273648032285935,0.8626602009005888,0.7267059231035677,BorderlineSMOTE(random_state=297),297
0.5,8698,6523,0.9993093485683733,0.0006466231383661632,0.8812108240330224,0.7226392040495724,0.9991943429207055,0.0008619921124249946,0.8654312435053688,0.7248008313127814,BorderlineSMOTE(random_state=297),297
1.0,8698,8698,0.999310343764566,0.0006702259313794724,0.8859514294497387,0.729758149316509,0.9993103448275862,0.0006702243557293247,0.8714928992033253,0.7329407689643228,BorderlineSMOTE(random_state=297),297
0.005,8698,4370,0.9410400881405689,0.06139984055551501,0.718514962393983,0.3385892116182573,0.905,0.09273618495495704,0.6953585036369934,0.44786976099757536,"BorderlineSMOTE(k_neighbors=7, random_state=297)",297
0.01,8698,4392,0.9690527593043068,0.029168690510746973,0.8816151728357295,0.7320964106121034,0.9636590038314177,0.049340849790241996,0.8659508139937652,0.7324211984759266,"BorderlineSMOTE(k_neighbors=7, random_state=297)",297
0.03,8698,4479,0.9919226701041721,0.007660459046935907,0.8990797067540165,0.754324038122132,0.9883465959328028,0.015299892737476735,0.8879459646692067,0.7589192933841358,"BorderlineSMOTE(k_neighbors=7, random_state=297)",297
0.05,8698,4566,1.0,0.0,0.8891287586738628,0.7201989696216025,1.0,0.0,0.8754762729476966,0.727225493591964,"BorderlineSMOTE(k_neighbors=7, random_state=297)",297
0.1,8698,4783,0.9993577664244855,0.001284467151029034,0.8923982040563555,0.7371579876434246,0.9988372093023254,0.0023255813953488415,0.8796328368548667,0.7421198475926567,"BorderlineSMOTE(k_neighbors=7, random_state=297)",297
0.25,8698,5436,0.9979884425159564,0.0019489924391355702,0.8828304487670393,0.720126337954027,0.9978200454887052,0.002674964196404335,0.867509525458954,0.7237616903359889,"BorderlineSMOTE(k_neighbors=7, random_state=297)",297
0.5,8698,6523,0.9991371692823895,0.0009448930523144793,0.8816151728357295,0.7239092495636998,0.9989649875523068,0.0010535240018645809,0.8659508139937652,0.7260131624523727,"BorderlineSMOTE(k_neighbors=7, random_state=297)",297
1.0,8698,8698,0.9994252200442684,0.0006295680433696414,0.8859514294497387,0.729758149316509,0.9994251550864384,0.0006295662136308723,0.8714928992033253,0.7329407689643228,"BorderlineSMOTE(k_neighbors=7, random_state=297)",297
0.005,8698,4370,0.9461987523920815,0.048129904370150065,0.6993610223642173,0.2962962962962963,0.9099999999999999,0.0784219357067906,0.6740561136127468,0.41756148250779357,"BorderlineSMOTE(k_neighbors=9, random_state=297)",297
0.01,8698,4392,0.9712811718317838,0.016299866645430556,0.8687264506405425,0.7169230769230769,0.9650478927203064,0.028185676036625574,0.8491513682022861,0.7131970904052649,"BorderlineSMOTE(k_neighbors=9, random_state=297)",297
0.03,8698,4479,0.9854665711959889,0.014279233539003186,0.8755129958960328,0.7136150234741784,0.9768081343943413,0.028170274677382683,0.8581572566678213,0.7147558018704537,"BorderlineSMOTE(k_neighbors=9, random_state=297)",297
0.05,8698,4566,0.9940896136571267,0.006336694059817436,0.891465677179963,0.728046833422033,0.9950564669360666,0.0053875291810093475,0.8784205057152754,0.7344994804295115,"BorderlineSMOTE(k_neighbors=9, random_state=297)",297
0.1,8698,4783,0.9980934658555018,0.0025503402363691715,0.8919839059114825,0.7378811916093777,0.9975862068965518,0.004545682743283947,0.8791132663664704,0.7424662279182542,"BorderlineSMOTE(k_neighbors=9, random_state=297)",297
0.25,8698,5436,0.9991369046668286,0.0011512632095442678,0.883100965221388,0.7411500604386116,0.9989655123818466,0.0012804305779862074,0.8678559057845514,0.7403879459646692,"BorderlineSMOTE(k_neighbors=9, random_state=297)",297
0.5,8698,6523,0.9994830543507195,0.000689013810264715,0.8813455657492355,0.7232111692844677,0.9995402298850575,0.0005631010902949665,0.8656044336681676,0.7253204018011776,"BorderlineSMOTE(k_neighbors=9, random_state=297)",297
1.0,8698,8698,0.9994252208035691,0.0005140389721233691,0.8859514294497387,0.729758149316509,0.9994251550864384,0.0005140386835872422,0.8714928992033253,0.7329407689643228,"BorderlineSMOTE(k_neighbors=9, random_state=297)",297
0.005,4370,4370,0.9127506084961764,0.0565021882006948,0.6798344620015049,0.28536525775714633,0.86,0.0845576726264388,0.7052303429165223,0.4934187738136474,EditedNearestNeighbours(),297
0.01,4392,4392,0.955431331425577,0.02503437729858458,0.8296720789557466,0.5458860759493671,0.9208333333333332,0.043832593994609745,0.8146865258053343,0.602355386214063,EditedNearestNeighbours(),297
0.03,4479,4479,0.9873224983059299,0.01704516581595264,0.8462830102274462,0.6315408292594604,0.976923076923077,0.03076923076923075,0.8255975060616557,0.6475580187045376,EditedNearestNeighbours(),297
0.05,4566,4566,0.9963252527155955,0.0030008228873332522,0.8670799939513081,0.6756231217960049,0.993076109936575,0.005654156076243697,0.8477658468998961,0.6821960512642882,EditedNearestNeighbours(),297
0.1,4782,4783,0.9935207189118312,0.008562430781198335,0.8784875743253545,0.7175732217573222,0.9905747126436781,0.015547437626584755,0.8619674402493938,0.7194319362660201,EditedNearestNeighbours(),297
0.25,5434,5436,0.9982738091819281,0.0010772957974285046,0.8817500382438428,0.737696425487826,0.9979331386604503,0.0016468789242453474,0.8661240041565639,0.7369241427086941,EditedNearestNeighbours(),297
0.5,6521,6523,0.9993095505607819,0.0006460335322293122,0.893544382371198,0.7391688770999116,0.9991954022988505,0.0008601511233962823,0.8811915483200554,0.7445445098718393,EditedNearestNeighbours(),297
1.0,8695,8698,0.9998850574332995,0.0002298851334010976,0.8867692307692308,0.7446217904233171,0.9998850574712644,0.00022988505747125742,0.8725320401801178,0.7450640803602355,EditedNearestNeighbours(),297
0.005,4370,4370,0.9127506084961766,0.0565021882006948,0.6798344620015049,0.28536525775714633,0.86,0.0845576726264388,0.7052303429165223,0.4934187738136474,EditedNearestNeighbours(n_neighbors=5),297
0.01,4392,4392,0.9508588975870668,0.0542757745952204,0.8296720789557466,0.5458860759493671,0.9194444444444445,0.08443713418650368,0.8146865258053343,0.602355386214063,EditedNearestNeighbours(n_neighbors=5),297
0.03,4479,4479,0.9873224983059299,0.01704516581595264,0.8462830102274462,0.6315408292594604,0.976923076923077,0.03076923076923075,0.8255975060616557,0.6475580187045376,EditedNearestNeighbours(n_neighbors=5),297
0.05,4565,4566,0.9963255672338033,0.004887942728802963,0.8692622329950007,0.6740095931781844,0.9931289640591967,0.009117910635453622,0.8505368895046761,0.6821960512642882,EditedNearestNeighbours(n_neighbors=5),297
0.1,4782,4783,0.9974513868088912,0.0023884250113655257,0.8784875743253545,0.7175732217573222,0.9954022988505746,0.004300755616981543,0.8619674402493938,0.7194319362660201,EditedNearestNeighbours(n_neighbors=5),297
0.25,5434,5436,0.9982747953467221,0.001074917399869691,0.8817500382438428,0.737696425487826,0.9979310247636931,0.0010659483568498864,0.8661240041565639,0.7369241427086941,EditedNearestNeighbours(n_neighbors=5),297
0.5,6519,6523,0.9989652499301614,0.0006450468562947415,0.8874518860662047,0.7509075194468453,0.9988505747126437,0.0007269603816478814,0.8733979909941115,0.7504329754069969,EditedNearestNeighbours(n_neighbors=5),297
1.0,8690,8698,0.999770114866599,0.00028155063814216556,0.8903305529811554,0.7349885543229442,0.9997701149425288,0.00028155054514748324,0.8770349844128853,0.7393488049878767,EditedNearestNeighbours(n_neighbors=5),297
0.005,4370,4370,0.8812647965357723,0.11292946092562174,0.6798344620015049,0.28536525775714633,0.835,0.14628738838327793,0.7052303429165223,0.4934187738136474,EditedNearestNeighbours(n_neighbors=7),297
0.01,4392,4392,0.9468234730794318,0.02868140700399821,0.8296720789557466,0.5458860759493671,0.9069444444444444,0.04513354669242201,0.8146865258053343,0.602355386214063,EditedNearestNeighbours(n_neighbors=7),297
0.03,4479,4479,0.9896689227866698,0.011493920437491851,0.8462830102274462,0.6315408292594604,0.9807692307692308,0.021066252211737163,0.8255975060616557,0.6475580187045376,EditedNearestNeighbours(n_neighbors=7),297
0.05,4565,4566,0.9963253187745419,0.003000770939856695,0.8692622329950007,0.6740095931781844,0.993076109936575,0.005654156076243697,0.8505368895046761,0.6821960512642882,EditedNearestNeighbours(n_neighbors=7),297
0.1,4782,4783,0.9968024850646383,0.003517335028364199,0.8784875743253545,0.7175732217573222,0.9942528735632183,0.006295661580519123,0.8619674402493938,0.7194319362660201,EditedNearestNeighbours(n_neighbors=7),297
0.25,5433,5436,0.9988475137928223,0.001080103445657841,0.8843203436637005,0.7342036553524804,0.9981609098211643,0.0017231435608396817,0.8694146172497402,0.7355386214063042,EditedNearestNeighbours(n_neighbors=7),297
0.5,6519,6523,0.9989646527688961,0.00100672811602514,0.8874518860662047,0.7509075194468453,0.9989644578632344,0.0010553155855193789,0.8733979909941115,0.7504329754069969,EditedNearestNeighbours(n_neighbors=7),297
1.0,8687,8698,0.999425154516571,0.0003634807071465969,0.8904680982542871,0.7342262953824462,0.999425022816555,0.00036348033522233466,0.8772081745756841,0.7388292344994805,EditedNearestNeighbours(n_neighbors=7),297
0.005,4370,4370,0.871084337122652,0.1888587645194072,0.6798344620015049,0.28536525775714633,0.85,0.18371173070873836,0.7052303429165223,0.4934187738136474,EditedNearestNeighbours(n_neighbors=9),297
0.01,4392,4392,0.9478249393955365,0.027139637474734468,0.8296720789557466,0.5458860759493671,0.9083333333333332,0.0424464077498226,0.8146865258053343,0.602355386214063,EditedNearestNeighbours(n_neighbors=9),297
0.03,4479,4479,0.9840048509208643,0.011807907335572517,0.8462830102274462,0.6315408292594604,0.9766931918656058,0.008152077807250269,0.8255975060616557,0.6475580187045376,EditedNearestNeighbours(n_neighbors=9),297
0.05,4565,4566,0.9951187036925697,0.004566068841817736,0.8692622329950007,0.6740095931781844,0.9908562367864693,0.008518536836323792,0.8505368895046761,0.6821960512642882,EditedNearestNeighbours(n_neighbors=9),297
0.1,4781,4783,0.9961602247741863,0.0037410901361143102,0.8819837746823818,0.7190459487898982,0.9941245656241646,0.006300889337650789,0.8664703844821614,0.7225493591963976,EditedNearestNeighbours(n_neighbors=9),297
0.25,5433,5436,0.9982767107626588,0.002107981477861747,0.8843203436637005,0.7342036553524804,0.9979328741206835,0.002103715295818991,0.8694146172497402,0.7355386214063042,EditedNearestNeighbours(n_neighbors=9),297
0.5,6518,6523,0.9991368353637553,0.0005466914957618019,0.8929900744416873,0.737977369165488,0.9989643255933508,0.0007641204582919475,0.8804987876688604,0.743332178732248,EditedNearestNeighbours(n_neighbors=9),297
1.0,8683,8698,0.999770114866599,0.00028155063814216556,0.8910187045911269,0.7363043861194293,0.9997701149425288,0.00028155054514748324,0.8779009352268792,0.7407343262902667,EditedNearestNeighbours(n_neighbors=9),297
0.005,4370,4370,0.894836093406138,0.07648121182939373,0.677742118180102,0.28249141736145167,0.8400000000000001,0.10559356040971439,0.7043643921025287,0.49324558365084864,TomekLinks(),297
0.01,4392,4392,0.9462075560797387,0.040344168172094845,0.8275971956660293,0.5254509018036072,0.9083333333333332,0.06535161308899222,0.8126082438517492,0.5898856944925528,TomekLinks(),297
0.03,4479,4479,0.982874617737003,0.020974224097226008,0.8432892536859705,0.6186240697041205,0.9692307692307693,0.03768445758127964,0.8214409421544857,0.6361274679598199,TomekLinks(),297
0.05,4566,4566,0.9950637131323914,0.006046322885205474,0.8656671210056035,0.6677339025257916,0.9908033826638478,0.011264749940598078,0.8463803255975061,0.6764807758919293,TomekLinks(),297
0.1,4783,4783,0.9987290541280839,0.0015565844384454954,0.8751518833535844,0.7228832557337472,0.9977011494252874,0.002815505451474941,0.857637686179425,0.7216834083824039,TomekLinks(),297
0.25,5436,5436,0.9982737432747106,0.0010774546888613833,0.883100965221388,0.7250786988457503,0.9979331386604503,0.0016468789242453474,0.8678559057845514,0.7277450640803602,TomekLinks(),297
0.5,6523,6523,0.9989651203937641,0.0006451841195750913,0.8915699922660479,0.7372687224669604,0.9989653849714959,0.0006703604986965478,0.8785936958780741,0.7417734672670593,TomekLinks(),297
1.0,8698,8698,0.9994250889135973,0.0003636893638963623,0.8859514294497387,0.729758149316509,0.9994251550864384,0.0003636893639515881,0.8714928992033253,0.7329407689643228,TomekLinks(),297
0.005,8699,4370,0.9410400881405689,0.06139984055551501,0.719923918212078,0.3612012987012987,0.905,0.09273618495495704,0.6939729823346035,0.4547973675095255,"ADASYN(n_neighbors=3, random_state=297)",297
0.01,8694,4392,0.9695656178271573,0.019966295905142397,0.8555308092056422,0.7012636899747262,0.9540517241379309,0.02315797210835995,0.8314859715968133,0.6929338413578109,"ADASYN(n_neighbors=3, random_state=297)",297
0.03,8704,4479,0.9961812214976773,0.007637557004645589,0.8911901081916538,0.7356362354599929,0.9997701149425288,0.00045977011494251484,0.8780741253896779,0.7402147558018705,"ADASYN(n_neighbors=3, random_state=297)",297
0.05,8711,4566,0.9976121979286535,0.004775604142692735,0.9012982950101673,0.7483962936564504,0.9997701149425288,0.00045977011494251484,0.8907170072739868,0.7554554901281607,"ADASYN(n_neighbors=3, random_state=297)",297
0.1,8702,4783,0.9968354213098667,0.002827862526334687,0.8921219625444977,0.7514390371533228,0.9963218390804597,0.0044457654266238465,0.8792864565292691,0.7532040180117769,"ADASYN(n_neighbors=3, random_state=297)",297
0.25,8698,5436,0.9985621160215139,0.0009072486122972765,0.8829656862745098,0.7392807745504841,0.9980458350225453,0.0010015760261440718,0.8676827156217527,0.7388292344994805,"ADASYN(n_neighbors=3, random_state=297)",297
0.5,8699,6523,0.9987918739867052,0.0010350173491636458,0.8753983912581575,0.7430025445292621,0.9986193657372604,0.0011272845034355223,0.8578108763422239,0.7376169033598892,"ADASYN(n_neighbors=3, random_state=297)",297
1.0,8698,8698,,,0.8859514294497387,0.729758149316509,,,0.8714928992033253,0.7329407689643228,"ADASYN(n_neighbors=3, random_state=297)",297
0.005,8695,4370,0.9458019269572914,0.02778757100766018,0.7101123595505618,0.34104046242774566,0.905,0.04847679857416329,0.6872185659854521,0.44717700034638036,ADASYN(random_state=297),297
0.01,8699,4392,0.9730457454822181,0.03931705561122579,0.8685975609756098,0.6976662572381119,0.976044061302682,0.029386317535783253,0.8507100796674749,0.7015933494977485,ADASYN(random_state=297),297
0.03,8704,4479,0.9938669008108793,0.00821041223483645,0.8996723357778125,0.7480916030534351,0.9884615384615385,0.015384615384615368,0.8886387253204018,0.7542431589885694,ADASYN(random_state=297),297
0.05,8698,4566,0.9975849251283779,0.0029590259316224217,0.8870073891625616,0.7142094967099413,0.9975593438060321,0.0045990273451236826,0.8728784205057153,0.721683408382404,ADASYN(random_state=297),297
0.1,8686,4783,0.9968289939763455,0.0020201882333127806,0.8881011097410604,0.7115556349348098,0.9963218390804597,0.00443088167066584,0.8742639418081053,0.7202978870800139,ADASYN(random_state=297),297
0.25,8688,5436,0.9988475040736026,0.001080110852300512,0.8818849449204407,0.7567199727798571,0.9985025689920018,0.001769987243832348,0.8662971943193627,0.7523380671977831,ADASYN(random_state=297),297
0.5,8698,6523,0.9994820636132781,0.0006906648143513392,0.8797680805614891,0.7326083203866736,0.999425287356322,0.000890340999128115,0.8635261517145827,0.7317284378247315,ADASYN(random_state=297),297
1.0,8698,8698,,,0.8859514294497387,0.729758149316509,,,0.8714928992033253,0.7329407689643228,ADASYN(random_state=297),297
0.005,8699,4370,0.9378655510249121,0.061566729235098525,0.68896,0.2900667779632721,0.9,0.09354143466934853,0.6633183235192242,0.4108070661586422,"ADASYN(n_neighbors=7, random_state=297)",297
0.01,8698,4392,0.9694004330891606,0.020084199446884797,0.8598716609461274,0.7026659874341994,0.9636590038314174,0.029556993792221847,0.8373744371319709,0.6967440249393835,"ADASYN(n_neighbors=7, random_state=297)",297
0.03,8701,4479,0.9960374146077975,0.004854566043885182,0.8908809891808346,0.7423764458464774,0.9960389036251105,0.007638080352733785,0.8777277450640804,0.745410460685833,"ADASYN(n_neighbors=7, random_state=297)",297
0.05,8702,4566,0.9976121979286535,0.004775604142692735,0.8880332665947944,0.7184948526801562,0.9997701149425288,0.00045977011494251484,0.8740907516453066,0.7253204018011777,"ADASYN(n_neighbors=7, random_state=297)",297
0.1,8694,4783,0.99873559417979,0.0015486090687976723,0.8932279559894623,0.7336879432624114,0.998735632183908,0.0022524043611799544,0.8806719778316592,0.7398683754762729,"ADASYN(n_neighbors=7, random_state=297)",297
0.25,8705,5436,0.9988475137928223,0.001080103445657841,0.8889574336829118,0.7471304347826087,0.998504682888759,0.0017690285715500403,0.8753030827848978,0.7481815032906132,"ADASYN(n_neighbors=7, random_state=297)",297
0.5,8704,6523,0.9991372344663045,0.0005460586947578349,0.8912942631823102,0.7350035285815102,0.9990799300810425,0.0007797350597775416,0.8782473155524766,0.7398683754762729,"ADASYN(n_neighbors=7, random_state=297)",297
1.0,8698,8698,,,0.8859514294497387,0.729758149316509,,,0.8714928992033253,0.7329407689643228,"ADASYN(n_neighbors=7, random_state=297)",297
0.005,8690,4370,0.9270937610357679,0.06679074625630822,0.702541575149043,0.3353462157809984,0.885,0.10198039027185568,0.6716314513335642,0.42812608243851746,"ADASYN(n_neighbors=9, random_state=297)",297
0.01,8694,4392,0.9642302696776097,0.034123326597867924,0.8469792738497721,0.6954930982870448,0.953936649339312,0.04224113301653379,0.8197090405264981,0.6828888119154832,"ADASYN(n_neighbors=9, random_state=297)",297
0.03,8703,4479,0.9901221141694518,0.008882707760676678,0.8745258686087088,0.7232358003442341,0.9919628647214853,0.015218171352148065,0.8567717353654312,0.7215102182196051,"ADASYN(n_neighbors=9, random_state=297)",297
0.05,8687,4566,0.9975591615577079,0.002989708706679445,0.8918458920006189,0.7228958630527818,0.9975594760759154,0.0045990809986882555,0.8789400762036716,0.7308624870107379,"ADASYN(n_neighbors=9, random_state=297)",297
0.1,8703,4783,0.9974579267084754,0.0023867377008534737,0.8839135101978224,0.7188875198028516,0.9964366493393119,0.004516437245851441,0.8688950467613439,0.7234153100103914,"ADASYN(n_neighbors=9, random_state=297)",297
0.25,8711,5436,0.9988495128119681,0.0005752469831119992,0.8832720588235294,0.7549103330486764,0.998850569853111,0.000961689807902604,0.8680290959473502,0.7514721163837894,"ADASYN(n_neighbors=9, random_state=297)",297
0.5,8705,6523,0.9994823278493253,0.0006905330287323861,0.88,0.7408170271198078,0.9995397001959849,0.0006712236981264064,0.8638725320401801,0.7384828541738829,"ADASYN(n_neighbors=9, random_state=297)",297
1.0,8698,8698,,,0.8859514294497387,0.729758149316509,,,0.8714928992033253,0.7329407689643228,"ADASYN(n_neighbors=9, random_state=297)",297
0.005,8698,4370,0.9266969356009775,0.05386559662992,0.7101130653266332,0.33758348512446873,0.8800000000000001,0.07968688725254615,0.6802909594735019,0.43314859715968135,"SMOTEENN(enn=EditedNearestNeighbours(), random_state=297,
         smote=SMOTE(k_neighbors=3, random_state=297))",297
0.01,8698,4392,0.9648839966047091,0.04110748647330355,0.854642539305844,0.6736516660941257,0.9539367816091954,0.04239338944449537,0.830273640457222,0.6709386906823692,"SMOTEENN(enn=EditedNearestNeighbours(), random_state=297,
         smote=SMOTE(k_neighbors=3, random_state=297))",297
0.03,8698,4479,0.9939408264607064,0.008176030991637636,0.8782422947818126,0.7035796155880797,0.9921926175090732,0.015328697852473839,0.8617942500865952,0.7088673363352962,"SMOTEENN(enn=EditedNearestNeighbours(), random_state=297,
         smote=SMOTE(k_neighbors=3, random_state=297))",297
0.05,8698,4566,0.9987931364587667,0.00241372708246681,0.8483956432146011,0.6794936708860759,0.9977272727272727,0.004545454545454541,0.8216141323172843,0.6711118808451679,"SMOTEENN(enn=EditedNearestNeighbours(), random_state=297,
         smote=SMOTE(k_neighbors=3, random_state=297))",297
0.1,8698,4783,0.9968291091608477,0.0034806526992078994,0.8556165603205224,0.7214854111405835,0.9963217068105763,0.004719560196286137,0.8314859715968133,0.7090405264980949,"SMOTEENN(enn=EditedNearestNeighbours(), random_state=297,
         smote=SMOTE(k_neighbors=3, random_state=297))",297
0.25,8696,5436,0.998562181962115,0.0009101728393986724,0.864775626594627,0.7220814326744383,0.9983917219868971,0.0016780735616611863,0.8439556633183235,0.7151021821960513,"SMOTEENN(enn=EditedNearestNeighbours(), random_state=297,
         smote=SMOTE(k_neighbors=3, random_state=297))",297
0.5,8696,6523,0.999482659361297,0.0006897048288945051,0.879865669363456,0.7339544513457557,0.999425287356322,0.0007269603816478813,0.8636993418773813,0.7329407689643228,"SMOTEENN(enn=EditedNearestNeighbours(), random_state=297,
         smote=SMOTE(k_neighbors=3, random_state=297))",297
1.0,8695,8698,0.9996550400298837,0.00028165866203846935,0.8867692307692308,0.7446217904233171,0.9996550401439096,0.00028165864658067735,0.8725320401801178,0.7450640803602355,"SMOTEENN(enn=EditedNearestNeighbours(), random_state=297,
         smote=SMOTE(k_neighbors=3, random_state=297))",297
0.005,8698,4370,0.9270937610357679,0.06679074625630822,0.6982868020304569,0.30908716257984753,0.885,0.10198039027185568,0.6705923103567717,0.4192933841357811,"SMOTEENN(enn=EditedNearestNeighbours(n_neighbors=5), random_state=297,
         smote=SMOTE(random_state=297))",297
0.01,8696,4392,0.9708383413201378,0.026775891632604916,0.8616719007028563,0.6777835678304672,0.9774329501915708,0.044274082260797015,0.8397990994111535,0.6787322480083131,"SMOTEENN(enn=EditedNearestNeighbours(n_neighbors=5), random_state=297,
         smote=SMOTE(random_state=297))",297
0.03,8698,4479,0.9919271097295898,0.011768158704781762,0.8682941531042797,0.7011414735385679,0.9883465959328028,0.015586162156154961,0.8486317977138899,0.7007273986837548,"SMOTEENN(enn=EditedNearestNeighbours(n_neighbors=5), random_state=297,
         smote=SMOTE(random_state=297))",297
0.05,8697,4566,0.9953236555314415,0.006752732436204358,0.853925925925926,0.6805389732219,0.9973824451410659,0.0044237295534998765,0.8292344994804295,0.6756148250779356,"SMOTEENN(enn=EditedNearestNeighbours(n_neighbors=5), random_state=297,
         smote=SMOTE(random_state=297))",297
0.1,8698,4783,0.99873559417979,0.0015486090687976723,0.8455332257591316,0.7081418253447144,0.998735632183908,0.0022524043611799544,0.817630758572913,0.6920678905438171,"SMOTEENN(enn=EditedNearestNeighbours(n_neighbors=5), random_state=297,
         smote=SMOTE(random_state=297))",297
0.25,8697,5436,0.9988474552214228,0.0016813902540959247,0.8577380952380952,0.7244931871053506,0.9985089106822734,0.0027039991670434354,0.8344302043643921,0.7128507100796675,"SMOTEENN(enn=EditedNearestNeighbours(n_neighbors=5), random_state=297,
         smote=SMOTE(random_state=297))",297
0.5,8695,6523,0.999309946762993,0.0006457514600726378,0.8813092688895686,0.7380952380952381,0.9991954022988505,0.0008601511233962824,0.8656044336681676,0.7370973328714929,"SMOTEENN(enn=EditedNearestNeighbours(n_neighbors=5), random_state=297,
         smote=SMOTE(random_state=297))",297
1.0,8690,8698,0.9993101457384078,0.0002301177443691455,0.8903305529811554,0.7349885543229442,0.9993100802878192,0.0002304141370051305,0.8770349844128853,0.7393488049878767,"SMOTEENN(enn=EditedNearestNeighbours(n_neighbors=5), random_state=297,
         smote=SMOTE(random_state=297))",297
0.005,8694,4370,0.9314587744176999,0.006349074231313568,0.6802677717564553,0.27535930014580295,0.8800000000000001,0.010000000000000009,0.6525805334257014,0.3974714236231382,"SMOTEENN(enn=EditedNearestNeighbours(n_neighbors=7), random_state=297,
         smote=SMOTE(k_neighbors=7, random_state=297))",297
0.01,8695,4392,0.9684334980469302,0.02910280710826128,0.8503541912632822,0.695142378559464,0.9526627029791588,0.046169259380859216,0.8243851749220644,0.6847939037062695,"SMOTEENN(enn=EditedNearestNeighbours(n_neighbors=7), random_state=297,
         smote=SMOTE(k_neighbors=7, random_state=297))",297
0.03,8696,4479,0.99409318390109,0.0048247833490088566,0.8662956835614378,0.6796286565072692,0.9959239610963749,0.007581722874563259,0.8460339452719086,0.6832351922410806,"SMOTEENN(enn=EditedNearestNeighbours(n_neighbors=7), random_state=297,
         smote=SMOTE(k_neighbors=7, random_state=297))",297
0.05,8692,4566,0.9963231372380346,0.004959821315997603,0.8536729857819905,0.683897296378167,0.9952338946805668,0.00924753348393416,0.8288881191548321,0.678039487357118,"SMOTEENN(enn=EditedNearestNeighbours(n_neighbors=7), random_state=297,
         smote=SMOTE(k_neighbors=7, random_state=297))",297
0.1,8696,4783,0.9987355281208437,0.0015486906732820823,0.8520325203252033,0.7076052587784989,0.998735632183908,0.0022524043611799544,0.8266366470384482,0.6957048839625909,"SMOTEENN(enn=EditedNearestNeighbours(n_neighbors=7), random_state=297,
         smote=SMOTE(k_neighbors=7, random_state=297))",297
0.25,8694,5436,0.9991378882288424,0.000703918762642187,0.8842911877394636,0.7667287819752668,0.9993092854494412,0.0008466701643877483,0.8692414270869415,0.7615171458261172,"SMOTEENN(enn=EditedNearestNeighbours(n_neighbors=7), random_state=297,
         smote=SMOTE(k_neighbors=7, random_state=297))",297
0.5,8695,6523,0.9994823278493253,0.0006905330287323861,0.8853718500307314,0.7311527024663285,0.999425287356322,0.000890340999128115,0.8708001385521302,0.7338067197783166,"SMOTEENN(enn=EditedNearestNeighbours(n_neighbors=7), random_state=297,
         smote=SMOTE(k_neighbors=7, random_state=297))",297
1.0,8687,8698,0.9995401636742514,0.00022991819846127635,0.8904680982542871,0.7342262953824462,0.9995402298850575,0.00022988505747125742,0.8772081745756841,0.7388292344994805,"SMOTEENN(enn=EditedNearestNeighbours(n_neighbors=7), random_state=297,
         smote=SMOTE(k_neighbors=7, random_state=297))",297
0.005,8678,4370,0.9111415778812303,0.11074682573975266,0.6856869620656678,0.2962809917355372,0.875,0.13693063937629152,0.658468998960859,0.4101143055074472,"SMOTEENN(enn=EditedNearestNeighbours(n_neighbors=9), random_state=297,
         smote=SMOTE(k_neighbors=9, random_state=297))",297
0.01,8691,4392,0.9650145173441536,0.03420866286272862,0.84860088365243,0.6904522613065327,0.9649329501915709,0.028774246086668676,0.821960512642882,0.6799445791479044,"SMOTEENN(enn=EditedNearestNeighbours(n_neighbors=9), random_state=297,
         smote=SMOTE(k_neighbors=9, random_state=297))",297
0.03,8692,4479,0.9902758283571341,0.008701074883574132,0.8548530721282279,0.6774082961947206,0.9956940760389037,0.007761490573328813,0.8306200207828195,0.6740561136127468,"SMOTEENN(enn=EditedNearestNeighbours(n_neighbors=9), random_state=297,
         smote=SMOTE(k_neighbors=9, random_state=297))",297
0.05,8686,4566,0.9975042370564757,0.004991525887048276,0.8470242468772962,0.685982247529727,0.9953488372093023,0.009302325581395366,0.8197090405264981,0.675268444752338,"SMOTEENN(enn=EditedNearestNeighbours(n_neighbors=9), random_state=297,
         smote=SMOTE(k_neighbors=9, random_state=297))",297
0.1,8696,4783,0.9987289880691375,0.001556665347305369,0.85650623885918,0.7161440960640427,0.998735632183908,0.0022524043611799544,0.8326983027364045,0.7052303429165223,"SMOTEENN(enn=EditedNearestNeighbours(n_neighbors=9), random_state=297,
         smote=SMOTE(k_neighbors=9, random_state=297))",297
0.25,8692,5436,0.9985611204412199,0.0009103832896493746,0.8557007125890737,0.7206639004149378,0.9983876264632661,0.0011169224794791732,0.8316591617596121,0.7085209560096987,"SMOTEENN(enn=EditedNearestNeighbours(n_neighbors=9), random_state=297,
         smote=SMOTE(k_neighbors=9, random_state=297))",297
0.5,8691,6523,0.9993098807040466,0.0006457691209452142,0.8836424957841484,0.735105089456314,0.9993103448275862,0.0008446516354424496,0.8685486664357465,0.7358850017319016,"SMOTEENN(enn=EditedNearestNeighbours(n_neighbors=9), random_state=297,
         smote=SMOTE(k_neighbors=9, random_state=297))",297
1.0,8683,8698,0.9997699827487061,0.0002817124488537417,0.8910187045911269,0.7363043861194293,0.9997701149425288,0.00028155054514748324,0.8779009352268792,0.7407343262902667,"SMOTEENN(enn=EditedNearestNeighbours(n_neighbors=9), random_state=297,
         smote=SMOTE(k_neighbors=9, random_state=297))",297
0.005,8698,4370,0.9147129404316775,0.11825116281215421,0.7108112348972226,0.33818770226537215,0.885,0.15132745950421556,0.6808105299618982,0.4333217873224801,"SMOTETomek(random_state=297, smote=SMOTE(k_neighbors=3, random_state=297),
           tomek=TomekLinks())",297
0.01,8698,4392,0.9496777234635287,0.04484590767169709,0.8514851485148515,0.6757539614925882,0.9399329501915709,0.07676542099214906,0.8259438863872532,0.670419120193973,"SMOTETomek(random_state=297, smote=SMOTE(k_neighbors=3, random_state=297),
           tomek=TomekLinks())",297
0.03,8698,4479,0.9961810889230243,0.007637822153951212,0.8820104198590254,0.6985372814841242,0.9997698504027618,0.0004602991944763879,0.8666435746449601,0.7073086248701074,"SMOTETomek(random_state=297, smote=SMOTE(k_neighbors=3, random_state=297),
           tomek=TomekLinks())",297
0.05,8698,4566,0.9963230710269662,0.004959851068827011,0.8537994371204266,0.6822207084468664,0.9952337624106832,0.009247473536940951,0.8290613093176308,0.6768271562175269,"SMOTETomek(random_state=297, smote=SMOTE(k_neighbors=3, random_state=297),
           tomek=TomekLinks())",297
0.1,8698,4783,0.998735632183908,0.0025287356321839205,0.8574828919964297,0.7176490232092169,0.998735632183908,0.0025287356321839205,0.8340838240387947,0.7071354347073087,"SMOTETomek(random_state=297, smote=SMOTE(k_neighbors=3, random_state=297),
           tomek=TomekLinks())",297
0.25,8698,5436,0.9976979637991903,0.001727861298456732,0.8537994371204266,0.7169623611341402,0.9973572343687437,0.0021993192919884243,0.8290613093176308,0.7043643921025287,"SMOTETomek(random_state=297, smote=SMOTE(k_neighbors=3, random_state=297),
           tomek=TomekLinks())",297
0.5,8698,6523,0.9993102118742024,0.0003448943790671767,0.887178697860551,0.7248677248677249,0.9994251550864384,0.000363480287089543,0.873051610668514,0.7298233460339453,"SMOTETomek(random_state=297, smote=SMOTE(k_neighbors=3, random_state=297),
           tomek=TomekLinks())",297
1.0,8698,8698,0.9995400973869911,0.00043011100245076767,0.8859514294497387,0.729758149316509,0.9995399653452905,0.0004301463791332315,0.8714928992033253,0.7329407689643228,"SMOTETomek(random_state=297, smote=SMOTE(k_neighbors=3, random_state=297),
           tomek=TomekLinks())",297
0.005,8698,4370,0.9314587744176999,0.006349074231313568,0.6990353697749196,0.2992854140395124,0.8800000000000001,0.010000000000000009,0.6757880152407343,0.4225839972289574,"SMOTETomek(random_state=297, smote=SMOTE(random_state=297), tomek=TomekLinks())",297
0.01,8698,4392,0.9470520039082222,0.06564479394182758,0.8528715216104203,0.6806264896152536,0.9289367816091954,0.08725661657252722,0.8278489781780395,0.6750952545895393,"SMOTETomek(random_state=297, smote=SMOTE(random_state=297), tomek=TomekLinks())",297
0.03,8698,4479,0.989509056634702,0.020981886730595842,0.8668572288250338,0.6982371240926374,0.984500442086649,0.030999115826702003,0.8467267059231036,0.6976099757533771,"SMOTETomek(random_state=297, smote=SMOTE(random_state=297), tomek=TomekLinks())",297
0.05,8698,4566,0.9975042370564757,0.004991525887048276,0.848145968216598,0.6759133964817321,0.9953488372093023,0.009302325581395366,0.8212677519916869,0.6681676480775892,"SMOTETomek(random_state=297, smote=SMOTE(random_state=297), tomek=TomekLinks())",297
0.1,8698,4783,0.9981000551848854,0.001551344866844115,0.8563363541821424,0.7112004018081366,0.9975862068965518,0.002729733813112191,0.8325251125736058,0.701246969172151,"SMOTETomek(random_state=297, smote=SMOTE(random_state=297), tomek=TomekLinks())",297
0.25,8698,5436,0.9985621259262392,0.0009103763954445637,0.8655954347499625,0.7257085020242915,0.9983918542567807,0.0011143129191857493,0.8449948042951161,0.7183927952892275,"SMOTETomek(random_state=297, smote=SMOTE(random_state=297), tomek=TomekLinks())",297
0.5,8698,6523,0.9993092826991209,0.0008459534118201413,0.8793822393822394,0.7134751773049646,0.999194210650822,0.0010037475503419698,0.8647384828541739,0.720124696917215,"SMOTETomek(random_state=297, smote=SMOTE(random_state=297), tomek=TomekLinks())",297
1.0,8698,8698,0.9997700488076525,0.00028163156286627525,0.8859514294497387,0.729758149316509,0.9997701149425288,0.00028155054514748324,0.8714928992033253,0.7329407689643228,"SMOTETomek(random_state=297, smote=SMOTE(random_state=297), tomek=TomekLinks())",297
0.005,8698,4370,0.9414369135753592,0.07292501799749106,0.6762659763792267,0.25692373242437155,0.9099999999999999,0.11135528725660043,0.6534464842396952,0.39591271215794943,"SMOTETomek(random_state=297, smote=SMOTE(k_neighbors=7, random_state=297),
           tomek=TomekLinks())",297
0.01,8698,4392,0.9703009779657858,0.032533576244282256,0.8550230004451699,0.6968417497044418,0.9664367816091953,0.044560128212900965,0.8307932109456182,0.6891236577762383,"SMOTETomek(random_state=297, smote=SMOTE(k_neighbors=7, random_state=297),
           tomek=TomekLinks())",297
0.03,8698,4479,0.9940931176900218,0.004824835699675173,0.8601283773697567,0.6922418222298339,0.9959238288264916,0.007581661795188723,0.8377208174575683,0.6887772774506408,"SMOTETomek(random_state=297, smote=SMOTE(k_neighbors=7, random_state=297),
           tomek=TomekLinks())",297
0.05,8698,4566,0.9963784213564247,0.004796004450133917,0.8519065917824417,0.6798096532970768,0.9952867488031882,0.005773364936655695,0.8264634568756495,0.6737097332871493,"SMOTETomek(random_state=297, smote=SMOTE(k_neighbors=7, random_state=297),
           tomek=TomekLinks())",297
0.1,8698,4783,0.9993644610050957,0.0012710779898087664,0.8568455477924781,0.7136165941786551,0.9988505747126437,0.002298850574712663,0.8332178732248008,0.7034984412885348,"SMOTETomek(random_state=297, smote=SMOTE(k_neighbors=7, random_state=297),
           tomek=TomekLinks())",297
0.25,8698,5436,0.9982707111184783,0.0014191725722989118,0.864167916041979,0.7269366493026382,0.9979287785970523,0.0025398393332987886,0.8430897125043297,0.7185659854520263,"SMOTETomek(random_state=297, smote=SMOTE(k_neighbors=7, random_state=297),
           tomek=TomekLinks())",297
0.5,8698,6523,0.9991370373565568,0.001091539180732784,0.8767498478393183,0.728775615636301,0.9989653849714959,0.0012801358947404913,0.85971596813301,0.727225493591964,"SMOTETomek(random_state=297, smote=SMOTE(k_neighbors=7, random_state=297),
           tomek=TomekLinks())",297
1.0,8698,8698,0.9996551722998983,0.00028155063814216556,0.8859514294497387,0.729758149316509,0.999655172413793,0.00028155054514748324,0.8714928992033253,0.7329407689643228,"SMOTETomek(random_state=297, smote=SMOTE(k_neighbors=7, random_state=297),
           tomek=TomekLinks())",297
0.005,8698,4370,0.9127506084961764,0.0565021882006948,0.6912920465262496,0.31525698097936056,0.86,0.0845576726264388,0.6598545202632491,0.41392448908901974,"SMOTETomek(random_state=297, smote=SMOTE(k_neighbors=9, random_state=297),
           tomek=TomekLinks())",297
0.01,8698,4392,0.9635097272950105,0.024036793719380677,0.8469792738497721,0.6880749289178792,0.953936649339312,0.041956376929613584,0.8197090405264981,0.6770003463803256,"SMOTETomek(random_state=297, smote=SMOTE(k_neighbors=9, random_state=297),
           tomek=TomekLinks())",297
0.03,8698,4479,0.9960374806667438,0.004854482645980771,0.8510890502296636,0.6738498375235163,0.9960389036251105,0.007638080352733785,0.8259438863872532,0.669726359542778,"SMOTETomek(random_state=297, smote=SMOTE(k_neighbors=9, random_state=297),
           tomek=TomekLinks())",297
0.05,8698,4566,0.9939886842272461,0.00647080261665597,0.8493958149130563,0.6859643217771794,0.9950040096230953,0.005451412545281261,0.8229996536196744,0.6768271562175269,"SMOTETomek(random_state=297, smote=SMOTE(k_neighbors=9, random_state=297),
           tomek=TomekLinks())",297
0.1,8698,4783,0.9980999609191201,0.0025306526625574087,0.8586325040965291,0.715076303873889,0.9986205573852889,0.002481531650904122,0.8356425355039834,0.7057499134049185,"SMOTETomek(random_state=297, smote=SMOTE(k_neighbors=9, random_state=297),
           tomek=TomekLinks())",297
0.25,8698,5436,0.9988495152965339,0.0010768884481109479,0.8544322561517936,0.7264337508239948,0.998850569853111,0.0012060416075484917,0.8299272601316245,0.71250432975407,"SMOTETomek(random_state=297, smote=SMOTE(k_neighbors=9, random_state=297),
           tomek=TomekLinks())",297
0.5,8698,6523,0.9989652519802785,0.0008452055044238026,0.8782502294279596,0.7363886974500344,0.9989655172413794,0.000988773019200272,0.8621406304121926,0.7350190509179079,"SMOTETomek(random_state=297, smote=SMOTE(k_neighbors=9, random_state=297),
           tomek=TomekLinks())",297
1.0,8698,8698,0.9994251550486044,0.000629566386788525,0.8859514294497387,0.729758149316509,0.999425287356322,0.000629566158051896,0.8714928992033253,0.7329407689643228,"SMOTETomek(random_state=297, smote=SMOTE(k_neighbors=9, random_state=297),
           tomek=TomekLinks())",297
0.005,4370,4370,0.9091792459457295,0.0873600796824206,0.780852417302799,0.5036111653328128,0.865,0.12409673645990858,0.7613439556633184,0.559577416002771,no Sampler(),19
0.01,4392,4392,0.960320636507381,0.02570177230239641,0.7585996025072619,0.4940652818991098,0.9291666666666666,0.04444444444444445,0.7265327329407689,0.5275372358850017,no Sampler(),19
0.03,4479,4479,0.9897521563072539,0.00920132984787891,0.7431111111111111,0.4933404368673415,0.9807692307692308,0.017200522903844526,0.6996882577069623,0.5058884655351576,no Sampler(),19
0.05,4566,4566,0.996297307456296,0.004971682469455526,0.7717952500368785,0.5281951564433446,0.993076109936575,0.009276463183695075,0.7320748181503292,0.5377554554901282,no Sampler(),19
0.1,4783,4783,0.9980867938376319,0.0025537780700980186,0.795593635250918,0.5280478683620045,0.9965517241379309,0.004597701149425287,0.7686179425008659,0.5628680290959474,no Sampler(),19
0.25,5436,5436,0.9997126766886517,0.0005746466226967062,0.8626628725475513,0.7018803418803419,0.9995412844036696,0.0009174311926605226,0.8411846207135434,0.6979563560789748,no Sampler(),19
0.5,6523,6523,0.999482659361297,0.0006897048288945051,0.8797313797313797,0.7305430646835005,0.999425287356322,0.0007269603816478813,0.8635261517145827,0.7301697263595428,no Sampler(),19
1.0,8698,8698,0.999770114866599,0.00028155063814216556,0.8949843260188087,0.7156130442703589,0.9997701149425288,0.00028155054514748324,0.8839625909248354,0.7296501558711466,no Sampler(),19
0.005,8698,4370,0.9856568474604085,0.02868630507918275,0.7327108257951561,0.4737304515902302,0.975,0.049999999999999996,0.6827156217526844,0.4812954624177347,RandomOverSampler(random_state=19),19
0.01,8698,4392,0.9873360378254563,0.015559611754269722,0.7443365695792881,0.4924055104203462,0.9873850574712645,0.02494352188287087,0.6989954970557672,0.5022514721163838,RandomOverSampler(random_state=19),19
0.03,8698,4479,0.9960374806667438,0.004854482645980771,0.7448950244463618,0.5095628415300546,0.9960389036251105,0.007638080352733785,0.6927606511950122,0.5025978524419813,RandomOverSampler(random_state=19),19
0.05,8698,4566,0.9950892283959221,0.0046493144293272394,0.7710021321961621,0.571145265245414,0.9929083132852178,0.009218582272983174,0.7209906477312089,0.5505715275372358,RandomOverSampler(random_state=19),19
0.1,8698,4783,0.9987355279687217,0.0015486894631782408,0.8302941176470588,0.6426621160409556,0.9987354999140245,0.002252363877135573,0.800138552130239,0.6373397990994112,RandomOverSampler(random_state=19),19
0.25,8698,5436,0.9994252212594106,0.0007039573147218645,0.8504797047970479,0.7118756202447899,0.9997701149425288,0.00028155054514748324,0.8245583650848631,0.6983027364045722,RandomOverSampler(random_state=19),19
0.5,8698,6523,0.9996549078360613,0.0004226498708474275,0.8878274268104777,0.7251854468385729,0.9995402298850575,0.0005631010902949665,0.8739175614825078,0.7305161066851402,RandomOverSampler(random_state=19),19
1.0,8698,8698,0.9998850574332995,0.0002298851334010976,0.8949843260188087,0.7156130442703589,0.9998850574712644,0.00022988505747125742,0.8839625909248354,0.7296501558711466,RandomOverSampler(random_state=19),19
0.005,42,4370,0.5684631472521675,0.025172784327959125,0.7439831104855735,0.6548085619535725,0.9123490469954895,0.08754204096024464,0.6849670938690682,0.6033945271908556,RandomUnderSampler(random_state=19),19
0.01,86,4392,0.8237245111823144,0.05958574306971663,0.7804808649879073,0.6681168427594779,0.9820954525614063,0.024734548807225837,0.7327675788015241,0.6300658122618635,RandomUnderSampler(random_state=19),19
0.03,260,4479,0.9689025884541683,0.03145899229047352,0.7779043280182233,0.6639688715953307,0.9868512849001719,0.016661226582096754,0.7298233460339453,0.6260824385174922,RandomUnderSampler(random_state=19),19
0.05,434,4566,0.9872223791437456,0.013373974955325914,0.7801699716713881,0.6266943071280497,0.9965243319678775,0.005332164850612508,0.7312088673363353,0.5945618288881191,RandomUnderSampler(random_state=19),19
0.1,868,4783,0.9943902906629865,0.006896414986360532,0.7983917288914417,0.650975334515557,0.9968965517241379,0.0036456900062422277,0.7568410114305508,0.6250432975406996,RandomUnderSampler(random_state=19),19
0.25,2174,5436,0.9991388202347558,0.0011478282752254102,0.8388225007286505,0.7094266277939747,0.999655172413793,0.00045977011494251484,0.8084516799445791,0.6892968479390371,RandomUnderSampler(random_state=19),19
0.5,4348,6523,0.9991378311295547,0.0005454295491411935,0.8715235792019347,0.7401282483968951,0.9993102125577028,0.0004300402909978286,0.8527883616210599,0.7332871492899203,RandomUnderSampler(random_state=19),19
1.0,8698,8698,0.9998849912222312,0.00023001755553773152,0.8934901960784314,0.7151183970856102,0.9998849252013808,0.00023014959723819395,0.8824038794596467,0.7291305853827503,RandomUnderSampler(random_state=19),19
0.005,8698,4370,0.9744882320364742,0.03164600561972855,0.7269780462649182,0.4446444644464446,0.9550000000000001,0.055677643628300216,0.6790786283339106,0.4657083477658469,"SMOTE(k_neighbors=3, random_state=19)",19
0.01,8698,4392,0.9932758950794562,0.013448209841087522,0.7419165196942975,0.49269237541820743,0.9875,0.024999999999999998,0.6958780741253896,0.5010391409767925,"SMOTE(k_neighbors=3, random_state=19)",19
0.03,8698,4479,0.9874747895352453,0.0157792604740327,0.7471297359357061,0.5240912933220625,0.9806542882404952,0.029718781017175937,0.6948389331485971,0.5124696917215102,"SMOTE(k_neighbors=3, random_state=19)",19
0.05,8698,4566,0.9963522980164743,0.0029787444884282976,0.7745959739155089,0.5801576872536137,0.9931289640591967,0.005611007199615313,0.7246276411499827,0.5573259438863873,"SMOTE(k_neighbors=3, random_state=19)",19
0.1,8698,4783,0.99872226677359,0.002555466452820099,0.8298816568047337,0.6448518074353263,0.99872226677359,0.002555466452820099,0.800831312781434,0.640976792518185,"SMOTE(k_neighbors=3, random_state=19)",19
0.25,8698,5436,0.9991399190607206,0.0011446707685561135,0.8603468899521531,0.7033004423273223,0.9993092854494412,0.0009213947125883593,0.8382403879459647,0.6979563560789748,"SMOTE(k_neighbors=3, random_state=19)",19
0.5,8698,6523,0.9994825929606661,0.0004224613023689677,0.8901591225088831,0.7253371185237757,0.999425287356322,0.0005140386155171775,0.8768617942500866,0.7319016279875303,"SMOTE(k_neighbors=3, random_state=19)",19
1.0,8698,8698,0.9997700488076525,0.00028163156286627525,0.8949843260188087,0.7156130442703589,0.9997701149425288,0.00028155054514748324,0.8839625909248354,0.7296501558711466,"SMOTE(k_neighbors=3, random_state=19)",19
0.005,8698,4370,0.9522087035645035,0.06586739526723598,0.7242798353909465,0.44667143879742305,0.925,0.1,0.6750952545895393,0.4644960166262556,SMOTE(random_state=19),19
0.01,8698,4392,0.9688303896546927,0.028217299916461956,0.74376751733294,0.49194262440233755,0.9554406130268198,0.05433966043726465,0.6991686872185661,0.5031174229303775,SMOTE(random_state=19),19
0.03,8698,4479,0.9940191920401947,0.004885175767029596,0.7506833549129621,0.5286343612334802,0.9921927497789568,0.009329624697350871,0.699861447869761,0.5181849670938691,SMOTE(random_state=19),19
0.05,8698,4566,0.9975861407996405,0.002956361675901785,0.779430514237144,0.5978844589096827,0.9976123301985371,0.004493499540974107,0.7303429165223415,0.5720471077242812,SMOTE(random_state=19),19
0.1,8698,4783,0.9980868597448496,0.0025535795141831785,0.8314803978935049,0.6524966261808367,0.9965517241379309,0.004597701149425287,0.8004849324558365,0.6432282646345688,SMOTE(random_state=19),19
0.25,8698,5436,0.9994252775991372,0.0007038957604095373,0.8557849398485073,0.7119210834308644,0.9994242279781769,0.0008923926332859185,0.8318323519224108,0.7015933494977485,SMOTE(random_state=19),19
0.5,8698,6523,0.9998274869475038,0.00034502610499238524,0.8842137592137592,0.7084962673302524,0.9997701149425288,0.00045977011494251484,0.8694146172497402,0.715968133010045,SMOTE(random_state=19),19
1.0,8698,8698,0.9998849912222312,0.00023001755553773152,0.8949843260188087,0.7156130442703589,0.9998849252013808,0.00023014959723819395,0.8839625909248354,0.7296501558711466,SMOTE(random_state=19),19
0.005,8698,4370,0.9461987523920816,0.048129904370150065,0.7216192431798182,0.44689950106913756,0.9099999999999999,0.0784219357067906,0.6712850710079667,0.46241773467267056,"SMOTE(k_neighbors=7, random_state=19)",19
0.01,8698,4392,0.9761590038314176,0.029281601362113663,0.7382570162481537,0.476275419193721,0.9665517241379311,0.04450247235769777,0.6931070315206096,0.49151368202286116,"SMOTE(k_neighbors=7, random_state=19)",19
0.03,8698,4479,0.9919226701041721,0.007660459046935907,0.748522841908056,0.525886946189102,0.9883465959328028,0.015299892737476735,0.697783165916176,0.5162798753030828,"SMOTE(k_neighbors=7, random_state=19)",19
0.05,8698,4566,0.9963256991999672,0.004887712483924387,0.7731402612152186,0.5811853554424561,0.9931289640591967,0.009117910635453622,0.7232421198475927,0.558191894700381,"SMOTE(k_neighbors=7, random_state=19)",19
0.1,8698,4783,0.9980867938376319,0.0025537780700980186,0.8321146534074291,0.6441426146010186,0.9965517241379309,0.004597701149425287,0.8011776931070316,0.6369934187738137,"SMOTE(k_neighbors=7, random_state=19)",19
0.25,8698,5436,0.9994222264744653,0.0011555470510694389,0.8548483045806068,0.7110813525276197,0.9990783410138249,0.0018433179723502226,0.830966401108417,0.7010737790093523,"SMOTE(k_neighbors=7, random_state=19)",19
0.5,8698,6523,0.9996551058610403,0.00042240737939898724,0.884692154153232,0.7195487396439274,0.9996550401439096,0.0004598363212220923,0.8699341877381365,0.724454450987184,"SMOTE(k_neighbors=7, random_state=19)",19
1.0,8698,8698,0.9995402292776184,0.0005631018342529692,0.8949843260188087,0.7156130442703589,0.9995402298850575,0.0005631010902949665,0.8839625909248354,0.7296501558711466,"SMOTE(k_neighbors=7, random_state=19)",19
0.005,8698,4370,0.9744882320364742,0.03164600561972855,0.7209167391935016,0.45135230066736914,0.9550000000000001,0.055677643628300216,0.6667821267751992,0.45895393141669555,"SMOTE(k_neighbors=9, random_state=19)",19
0.01,8698,4392,0.9820643952637041,0.024810183179385756,0.7415929203539823,0.48427784686445197,0.9776628352490422,0.044387531270417196,0.6965708347765847,0.49722895739522,"SMOTE(k_neighbors=9, random_state=19)",19
0.03,8698,4479,0.9960389036251105,0.007922192749778923,0.7447421492365313,0.5222994743089706,0.9960389036251105,0.007922192749778923,0.6931070315206096,0.5121233113959127,"SMOTE(k_neighbors=9, random_state=19)",19
0.05,8698,4566,0.9975861407996405,0.002956361675901785,0.7718798918457379,0.5754374380983823,0.9976123301985371,0.004493499540974107,0.7223761690335988,0.5545549012816071,"SMOTE(k_neighbors=9, random_state=19)",19
0.1,8698,4783,0.9993645270640419,0.0012709458719160514,0.8329418672930123,0.6545946860720934,0.9988505747126437,0.002298850574712663,0.8029095947350191,0.6465188777277451,"SMOTE(k_neighbors=9, random_state=19)",19
0.25,8698,5436,0.9985570635786358,0.0012919443497229142,0.856760374832664,0.7179316096747289,0.9980417394989143,0.0021738968702358064,0.8332178732248008,0.7071354347073087,"SMOTE(k_neighbors=9, random_state=19)",19
0.5,8698,6523,0.9993105412982233,0.000644533397115872,0.8903685351502013,0.7048617386589554,0.9993103448275862,0.0005631010902949665,0.8773813647384828,0.7171804641496363,"SMOTE(k_neighbors=9, random_state=19)",19
1.0,8698,8698,0.9998850574332995,0.0002298851334010976,0.8949843260188087,0.7156130442703589,0.9998850574712644,0.00022988505747125742,0.8839625909248354,0.7296501558711466,"SMOTE(k_neighbors=9, random_state=19)",19
0.005,8698,4370,0.9410400881405689,0.06139984055551501,0.7035048942216608,0.3450221684804514,0.905,0.09273618495495704,0.6747488742639418,0.43713197090405265,"BorderlineSMOTE(k_neighbors=3, random_state=19)",19
0.01,8698,4392,0.9672127427096331,0.04189619372453095,0.7355783308931186,0.48171589310829815,0.9540517241379309,0.06511524687717374,0.687218565985452,0.4894354000692761,"BorderlineSMOTE(k_neighbors=3, random_state=19)",19
0.03,8698,4479,0.9939407607056108,0.008176235613775513,0.7537546047038821,0.5303258145363409,0.9921927497789567,0.015328760258946575,0.6989954970557672,0.5131624523727052,"BorderlineSMOTE(k_neighbors=3, random_state=19)",19
0.05,8698,4566,0.9963780617392665,0.0029584789323590216,0.7758306462918828,0.5511863281898125,0.9952867488031882,0.005542509584409251,0.7230689296847939,0.5315206096293731,"BorderlineSMOTE(k_neighbors=3, random_state=19)",19
0.1,8698,4783,1.0,0.0,0.8048178783921056,0.6031207598371777,1.0,0.0,0.7670592310356772,0.594735019050918,"BorderlineSMOTE(k_neighbors=3, random_state=19)",19
0.25,8698,5436,1.0,0.0,0.849521002210759,0.6871846619576185,1.0,0.0,0.8231728437824731,0.6778662971943193,"BorderlineSMOTE(k_neighbors=3, random_state=19)",19
0.5,8698,6523,0.9996549078360613,0.0004226498708474275,0.8947204968944099,0.7700017280110593,0.999655172413793,0.00045977011494251484,0.8825770696224454,0.7694838933148598,"BorderlineSMOTE(k_neighbors=3, random_state=19)",19
1.0,8698,8698,0.9997700486555307,0.00028163174926613114,0.8949843260188087,0.7156130442703589,0.9997699826726454,0.00028171261963820814,0.8839625909248354,0.7296501558711466,"BorderlineSMOTE(k_neighbors=3, random_state=19)",19
0.005,8698,4370,0.8519793457663385,0.18692786982597762,0.7101123595505618,0.4052602333765512,0.825,0.18708286933869706,0.6648770349844129,0.443886387253204,BorderlineSMOTE(random_state=19),19
0.01,8698,4392,0.988739546597386,0.01382588217823889,0.7330011723329426,0.4727080021197668,0.9887739463601533,0.0221658685644648,0.6844475233806719,0.4830273640457222,BorderlineSMOTE(random_state=19),19
0.03,8698,4479,0.9916870136911744,0.012222136600458329,0.7542938254080909,0.5292441763029998,0.9846153846153847,0.022426738057097315,0.7002078281953585,0.5135088326983027,BorderlineSMOTE(random_state=19),19
0.05,8698,4566,0.9938850433097187,0.005457245648629525,0.778295888088173,0.565455450472872,0.9906884401351121,0.008568726116447128,0.7282646345687565,0.5464149636300658,BorderlineSMOTE(random_state=19),19
0.1,8698,4783,0.9981000551848854,0.0015513448668441148,0.8027721628645683,0.5943380233937956,0.9975862068965518,0.002729733813112191,0.7634222376169033,0.585555940422584,BorderlineSMOTE(random_state=19),19
0.25,8698,5436,0.9994232297278117,0.0007063964328338036,0.8529150636282924,0.690319310694374,0.9990783410138249,0.0011287971164899119,0.8278489781780395,0.6825424315898857,BorderlineSMOTE(random_state=19),19
0.5,8698,6523,0.9993096828686301,0.0008454625997931118,0.8918124129391735,0.7625302454199793,0.9993103448275862,0.0009195402298850297,0.8789400762036716,0.7620367163145133,BorderlineSMOTE(random_state=19),19
1.0,8698,8698,0.999884991374353,0.00023001725129385698,0.8949843260188087,0.7156130442703589,0.9998850574712644,0.00022988505747125742,0.8839625909248354,0.7296501558711466,BorderlineSMOTE(random_state=19),19
0.005,8698,4370,0.9601450794968827,0.033053523441061626,0.7089251009119449,0.4188941779567924,0.93,0.057879184513951125,0.6627987530308279,0.4502944232767579,"BorderlineSMOTE(k_neighbors=7, random_state=19)",19
0.01,8698,4392,0.9812311279513523,0.015537456145749765,0.7275669314504266,0.4627687933179314,0.9748850574712644,0.030525492964125364,0.6792518184967093,0.47644613785936957,"BorderlineSMOTE(k_neighbors=7, random_state=19)",19
0.03,8698,4479,0.9899043155704057,0.0065095767036336604,0.7516740276392648,0.5338018741633199,0.984500442086649,0.014269433964378509,0.6981295462417735,0.517492206442674,"BorderlineSMOTE(k_neighbors=7, random_state=19)",19
0.05,8698,4566,0.9951453023573483,0.0070423805380143084,0.7745125741734953,0.5608096897295504,0.9930138892605775,0.009318721462912523,0.7235885001731901,0.5415656390717007,"BorderlineSMOTE(k_neighbors=7, random_state=19)",19
0.1,8698,4783,0.999371067115748,0.0012578657685040626,0.8178524851470801,0.6214937478878,0.9998850574712644,0.00022988505747125742,0.7822999653619674,0.6120540353307933,"BorderlineSMOTE(k_neighbors=7, random_state=19)",19
0.25,8698,5436,1.0,0.0,0.8657254430759987,0.6990525409130061,1.0,0.0,0.8451679944579148,0.6974367855905785,"BorderlineSMOTE(k_neighbors=7, random_state=19)",19
0.5,8698,6523,0.9996547746908846,0.0006904506182310755,0.8913985148514851,0.7612791702679343,0.9995402298850575,0.0009195402298850297,0.8784205057152754,0.7608243851749221,"BorderlineSMOTE(k_neighbors=7, random_state=19)",19
1.0,8698,8698,0.9998850574332995,0.0002298851334010976,0.8949843260188087,0.7156130442703589,0.9998850574712644,0.00022988505747125742,0.8839625909248354,0.7296501558711466,"BorderlineSMOTE(k_neighbors=7, random_state=19)",19
0.005,8698,4370,0.8663224983059298,0.19481744792086964,0.7204333433644298,0.4495897903372835,0.85,0.2,0.6782126775199169,0.4771388985105646,"BorderlineSMOTE(k_neighbors=9, random_state=19)",19
0.01,8698,4392,0.987955232871896,0.01491773278273044,0.7366071428571429,0.46112017400761285,0.9873850574712645,0.02494352188287087,0.6934534118462071,0.4851056459993072,"BorderlineSMOTE(k_neighbors=9, random_state=19)",19
0.03,8698,4479,0.9960374806667438,0.004854482645980771,0.7474689861685442,0.5345345345345346,0.9960389036251105,0.007638080352733785,0.6932802216834084,0.5167994457914791,"BorderlineSMOTE(k_neighbors=9, random_state=19)",19
0.05,8698,4566,0.9950643646315506,0.00719486310098154,0.7785825877006107,0.5499915697184286,0.9929083132852178,0.009504126643253348,0.729996536196744,0.5377554554901282,"BorderlineSMOTE(k_neighbors=9, random_state=19)",19
0.1,8698,4783,0.9987289880691375,0.001556665347305369,0.8213248111563045,0.6238127544097694,0.998735632183908,0.0022524043611799544,0.7869760997575337,0.6158642189123658,"BorderlineSMOTE(k_neighbors=9, random_state=19)",19
0.25,8698,5436,0.9994262071538685,0.0007027515744396155,0.855192878338279,0.6910941475826972,0.9997699826726454,0.00028171261963820814,0.830966401108417,0.6846207135434708,"BorderlineSMOTE(k_neighbors=9, random_state=19)",19
0.5,8698,6523,0.9996547746908846,0.0006904506182310755,0.897196261682243,0.7424511545293073,0.9995402298850575,0.0009195402298850297,0.885694492552823,0.748874263941808,"BorderlineSMOTE(k_neighbors=9, random_state=19)",19
1.0,8698,8698,0.9997700488076525,0.00028163156286627525,0.8949843260188087,0.7156130442703589,0.9997701149425288,0.00028155054514748324,0.8839625909248354,0.7296501558711466,"BorderlineSMOTE(k_neighbors=9, random_state=19)",19
0.005,4370,4370,0.8900742545894158,0.11566238571446061,0.7747917648907748,0.4946900946128596,0.845,0.1317193987231949,0.7518184967093868,0.5467613439556633,EditedNearestNeighbours(),19
0.01,4392,4392,0.9621063507930954,0.023619821857181898,0.755298063729227,0.4889875994817694,0.9319444444444445,0.041294635409218086,0.7220297887080014,0.5218219605126428,EditedNearestNeighbours(),19
0.03,4479,4479,0.98975202434109,0.009201477949739231,0.7471641791044776,0.49326871297792135,0.9807692307692308,0.017200522903844526,0.7066158642189124,0.5110841704191202,EditedNearestNeighbours(),19
0.05,4566,4566,0.9975591615577079,0.002989708706679445,0.7711663706335109,0.5248756218905473,0.995401691331924,0.00563237497029904,0.7322480083131278,0.5368895046761344,EditedNearestNeighbours(),19
0.1,4783,4783,0.9980732459132348,0.0025775536857566305,0.8008571865911526,0.5381601044971077,0.9965249933172948,0.004644552200502072,0.7746795981988224,0.5713543470730862,EditedNearestNeighbours(),19
0.25,5435,5436,0.9997116148639058,0.0005767702721883428,0.8590624066885637,0.6956818569721795,0.9995391705069124,0.0009216589861750892,0.8365084863179771,0.6912019397298234,EditedNearestNeighbours(),19
0.5,6522,6523,0.9996549738950076,0.0004225689525856398,0.8796338672768879,0.739010989010989,0.9995402298850575,0.0005631010902949665,0.8633529615517839,0.7367509525458954,EditedNearestNeighbours(),19
1.0,8695,8698,0.9997699820641565,0.0004600358716873032,0.8962057071182189,0.716031369688127,0.9997698504027618,0.0004602991944763879,0.8853481122272255,0.7303429165223415,EditedNearestNeighbours(),19
0.005,4370,4370,0.9266969356009775,0.05386559662991999,0.7747917648907748,0.4946900946128596,0.8800000000000001,0.07968688725254613,0.7518184967093868,0.5467613439556633,EditedNearestNeighbours(n_neighbors=5),19
0.01,4392,4392,0.9528124155833915,0.04050262782544404,0.755298063729227,0.4889875994817694,0.9194444444444445,0.06826780959691396,0.7220297887080014,0.5218219605126428,EditedNearestNeighbours(n_neighbors=5),19
0.03,4479,4479,0.98975202434109,0.009201477949739231,0.7471641791044776,0.49326871297792135,0.9807692307692308,0.017200522903844526,0.7066158642189124,0.5110841704191202,EditedNearestNeighbours(n_neighbors=5),19
0.05,4566,4566,0.9975591615577079,0.002989708706679445,0.7711663706335109,0.5248756218905473,0.995401691331924,0.00563237497029904,0.7322480083131278,0.5368895046761344,EditedNearestNeighbours(n_neighbors=5),19
0.1,4783,4783,0.9993645270640419,0.0012709458719160514,0.8008571865911526,0.5381601044971077,0.9988505747126437,0.002298850574712663,0.7746795981988224,0.5713543470730862,EditedNearestNeighbours(n_neighbors=5),19
0.25,5434,5436,0.9985570485353689,0.0015850668648838028,0.8600029881966234,0.7014976174268209,0.9980438533956715,0.0026168724376606153,0.8377208174575684,0.6962244544509872,EditedNearestNeighbours(n_neighbors=5),19
0.5,6521,6523,0.9993098147968291,0.0006459632118675518,0.8904680982542871,0.7344493392070485,0.9991954022988505,0.0008601511233962823,0.8772081745756841,0.7390024246622793,EditedNearestNeighbours(n_neighbors=5),19
1.0,8690,8698,0.9998850574332995,0.0002298851334010976,0.8920481174816435,0.7056032122650119,0.9998850574712644,0.00022988505747125742,0.8803255975060617,0.7206442674056114,EditedNearestNeighbours(n_neighbors=5),19
0.005,4370,4370,0.9270937610357679,0.06679074625630822,0.7747917648907748,0.4946900946128596,0.885,0.10198039027185568,0.7518184967093868,0.5467613439556633,EditedNearestNeighbours(n_neighbors=7),19
0.01,4392,4392,0.9545491102232976,0.03416039858300481,0.755298063729227,0.4889875994817694,0.9208333333333332,0.05617707893376859,0.7220297887080014,0.5218219605126428,EditedNearestNeighbours(n_neighbors=7),19
0.03,4479,4479,0.9897521563072539,0.009201329847878912,0.7471641791044776,0.49326871297792135,0.9807692307692308,0.017200522903844526,0.7066158642189124,0.5110841704191202,EditedNearestNeighbours(n_neighbors=7),19
0.05,4566,4566,0.996297307456296,0.004971682469455526,0.7711663706335109,0.5248756218905473,0.993076109936575,0.009276463183695075,0.7322480083131278,0.5368895046761344,EditedNearestNeighbours(n_neighbors=7),19
0.1,4783,4783,0.9980868597448496,0.0025535795141831785,0.8008571865911526,0.5381601044971077,0.9965517241379309,0.004597701149425287,0.7746795981988224,0.5713543470730862,EditedNearestNeighbours(n_neighbors=7),19
0.25,5434,5436,1.0,0.0,0.8600029881966234,0.7014976174268209,1.0,0.0,0.8377208174575684,0.6962244544509872,EditedNearestNeighbours(n_neighbors=7),19
0.5,6520,6523,0.9996547746908846,0.0006904506182310755,0.8859514294497387,0.7344159245678366,0.9995402298850575,0.0009195402298850297,0.8714928992033253,0.7365777623830967,EditedNearestNeighbours(n_neighbors=7),19
1.0,8687,8698,0.9997700488076525,0.00028163156286627525,0.8866365195696242,0.7153652392947103,0.9997701149425288,0.00028155054514748324,0.8740907516453065,0.7260131624523727,EditedNearestNeighbours(n_neighbors=7),19
0.005,4370,4370,0.9091792459457295,0.0873600796824206,0.7747917648907748,0.4946900946128596,0.865,0.12409673645990858,0.7518184967093868,0.5467613439556633,EditedNearestNeighbours(n_neighbors=9),19
0.01,4392,4392,0.9662604277024347,0.030335930027556312,0.755298063729227,0.4889875994817694,0.9402777777777779,0.05299662230094143,0.7220297887080014,0.5218219605126428,EditedNearestNeighbours(n_neighbors=9),19
0.03,4479,4479,0.9898304556756742,0.0065067938563412335,0.7471641791044776,0.49326871297792135,0.9807692307692308,0.01216260638526299,0.7066158642189124,0.5110841704191202,EditedNearestNeighbours(n_neighbors=9),19
0.05,4566,4566,0.9962703282143636,0.004984613011657349,0.7711663706335109,0.5248756218905473,0.9930232558139535,0.009302325581395366,0.7322480083131278,0.5368895046761344,EditedNearestNeighbours(n_neighbors=9),19
0.1,4783,4783,0.9980731798542886,0.0025775857402710947,0.8008571865911526,0.5381601044971077,0.9965249933172948,0.004644552200502072,0.7746795981988224,0.5713543470730862,EditedNearestNeighbours(n_neighbors=9),19
0.25,5434,5436,0.9997126766886517,0.0005746466226967062,0.8600029881966234,0.7014976174268209,0.9995412844036696,0.0009174311926605226,0.8377208174575684,0.6962244544509872,EditedNearestNeighbours(n_neighbors=9),19
0.5,6518,6523,0.9996547084398781,0.000422894275680254,0.8832720588235294,0.7476378629101529,0.9995397001959849,0.0005637504463773807,0.8680290959473502,0.7455836508486318,EditedNearestNeighbours(n_neighbors=9),19
1.0,8683,8698,0.999770114866599,0.00028155063814216556,0.886842515998127,0.7144917087238645,0.9997701149425288,0.00028155054514748324,0.8744371319709041,0.7256667821267753,EditedNearestNeighbours(n_neighbors=9),19
0.005,4370,4370,0.9075919442446638,0.06558090048664394,0.780852417302799,0.5036111653328128,0.8550000000000001,0.09539392014169457,0.7613439556633184,0.559577416002771,TomekLinks(),19
0.01,4392,4392,0.9581962261597008,0.043899012478930154,0.7585996025072619,0.4940652818991098,0.9291666666666666,0.07141644517879134,0.7265327329407689,0.5275372358850017,TomekLinks(),19
0.03,4479,4479,0.9918486123360593,0.00767794650606159,0.7431111111111111,0.4933404368673415,0.9846153846153847,0.014390989949130528,0.6996882577069623,0.5058884655351576,TomekLinks(),19
0.05,4566,4566,0.9950914099324295,0.0024548537724244503,0.7717952500368785,0.5281951564433446,0.9907505285412264,0.004625868179078454,0.7320748181503292,0.5377554554901282,TomekLinks(),19
0.1,4783,4783,0.9993645270640419,0.0012709458719160514,0.795593635250918,0.5280478683620045,0.9988505747126437,0.002298850574712663,0.7686179425008659,0.5628680290959474,TomekLinks(),19
0.25,5436,5436,0.9997116148639058,0.0005767702721883428,0.8626628725475513,0.7018803418803419,0.9995391705069124,0.0009216589861750891,0.8411846207135434,0.6979563560789748,TomekLinks(),19
0.5,6523,6523,0.9994821296722243,0.0006906318324255186,0.8797313797313797,0.7305430646835005,0.9994247576672493,0.0007277981827378089,0.8635261517145827,0.7301697263595428,TomekLinks(),19
1.0,8698,8698,0.9996549732863874,0.00046003577661097054,0.8949843260188087,0.7156130442703589,0.9996547756041426,0.0004602991944763879,0.8839625909248354,0.7296501558711466,TomekLinks(),19
0.005,8698,4370,0.9744882320364742,0.03164600561972855,0.7303814116615519,0.44912531238843273,0.9550000000000001,0.055677643628300216,0.6804641496363006,0.46553515760304814,"ADASYN(n_neighbors=3, random_state=19)",19
0.01,8693,4392,0.9796596178977139,0.028276385137655083,0.7332155477031802,0.4435600578871201,0.9748850574712644,0.04994302474523211,0.6861794250086595,0.46726705923103573,"ADASYN(n_neighbors=3, random_state=19)",19
0.03,8702,4479,0.9940206810575081,0.007941365065382006,0.7487811872669917,0.5287472601584893,0.9921927497789568,0.009563616652880393,0.6965708347765847,0.5159334949774852,"ADASYN(n_neighbors=3, random_state=19)",19
0.05,8701,4566,0.9950643646315506,0.00719486310098154,0.7791141927267582,0.5591182364729459,0.9929083132852178,0.009504126643253348,0.7296501558711466,0.542777970211292,"ADASYN(n_neighbors=3, random_state=19)",19
0.1,8693,4783,0.9987354999140245,0.0025290001719508125,0.8215330602691633,0.6181818181818182,0.9987354999140245,0.0025290001719508125,0.7887080013855213,0.6144786976099758,"ADASYN(n_neighbors=3, random_state=19)",19
0.25,8696,5436,1.0,0.0,0.8416276346604216,0.6831946755407654,1.0,0.0,0.8126082438517492,0.6702459300311743,"ADASYN(n_neighbors=3, random_state=19)",19
0.5,8699,6523,0.9994825929606661,0.0004224613023689677,0.879865669363456,0.7260416666666667,0.999425287356322,0.0005140386155171775,0.8636993418773813,0.7267059231035677,"ADASYN(n_neighbors=3, random_state=19)",19
1.0,8698,8698,,,0.8949843260188087,0.7156130442703589,,,0.8839625909248354,0.7296501558711466,"ADASYN(n_neighbors=3, random_state=19)",19
0.005,8697,4370,0.9410400881405689,0.06139984055551502,0.7345922998096911,0.45835562689495274,0.905,0.09273618495495704,0.6860062348458608,0.47402147558018703,ADASYN(random_state=19),19
0.01,8704,4392,0.987955232871896,0.01491773278273044,0.7350301603648669,0.4635453895639743,0.9873850574712645,0.02494352188287087,0.6880845167994458,0.4800831312781434,ADASYN(random_state=19),19
0.03,8698,4479,0.9920009694725923,0.0040020780115263485,0.7405297636001139,0.49745158002038736,0.9883465959328028,0.009282118491780471,0.6844475233806719,0.4877034984412885,ADASYN(random_state=19),19
0.05,8698,4566,0.996298273473663,0.007403453052674269,0.7796800449059781,0.5992268041237113,0.9952338946805668,0.009532210638866622,0.7280914444059577,0.5691028749567024,ADASYN(random_state=19),19
0.1,8704,4783,1.0,0.0,0.8051459959525874,0.597080787508486,1.0,0.0,0.766539660547281,0.5888465535157603,ADASYN(random_state=19),19
0.25,8698,5436,1.0,0.0,0.8480211858172724,0.6802629361200068,1.0,0.0,0.8210945618288881,0.6714582611707656,ADASYN(random_state=19),19
0.5,8700,6523,0.9993102125577028,0.0008448136581902571,0.8777219430485762,0.7330238954787691,0.9993102125577028,0.0008448136581902571,0.8609282992726013,0.7310356771735366,ADASYN(random_state=19),19
1.0,8698,8698,,,0.8949843260188087,0.7156130442703589,,,0.8839625909248354,0.7296501558711466,ADASYN(random_state=19),19
0.005,8700,4370,0.9601450794968827,0.033053523441061626,0.7285443683520326,0.4544810485299327,0.93,0.057879184513951125,0.6773467267059231,0.4665742985798407,"ADASYN(n_neighbors=7, random_state=19)",19
0.01,8698,4392,0.982015375465774,0.01485185399212881,0.7342481924155231,0.4580262448319252,0.9762738140902698,0.0289079273529008,0.6880845167994458,0.4778316591617596,"ADASYN(n_neighbors=7, random_state=19)",19
0.03,8700,4479,0.9920023262200219,0.00743142646560557,0.7445089981578574,0.5119247564662411,0.9883464636629193,0.009517391806794005,0.6877381364738483,0.49670938690682365,"ADASYN(n_neighbors=7, random_state=19)",19
0.05,8694,4566,0.995006495528908,0.0073511260811697805,0.7834243315133698,0.5952150016165535,0.9929083132852178,0.013897799669430154,0.732074818150329,0.5663318323519224,"ADASYN(n_neighbors=7, random_state=19)",19
0.1,8703,4783,1.0,0.0,0.8124910059001296,0.6063165005911164,1.0,0.0,0.7743332178732247,0.5962937305161067,"ADASYN(n_neighbors=7, random_state=19)",19
0.25,8687,5436,0.9997126106297053,0.0005747787405894655,0.8407234539089848,0.6841059602649007,0.9998850574712644,0.00022988505747125742,0.8108763422237617,0.6695531693799792,"ADASYN(n_neighbors=7, random_state=19)",19
0.5,8694,6523,0.9994823287246186,0.00042267684360025874,0.8658554904611687,0.7166411694713581,0.999425287356322,0.0005140386155171775,0.8453411846207135,0.7112919986144788,"ADASYN(n_neighbors=7, random_state=19)",19
1.0,8698,8698,,,0.8949843260188087,0.7156130442703589,,,0.8839625909248354,0.7296501558711466,"ADASYN(n_neighbors=7, random_state=19)",19
0.005,8693,4370,0.9458019269572912,0.027787571007660182,0.7278508454979044,0.46414238352818005,0.905,0.04847679857416329,0.673882923449948,0.46813301004502944,"ADASYN(n_neighbors=9, random_state=19)",19
0.01,8696,4392,0.9802787467330853,0.028098016008905994,0.7396093405786459,0.4675,0.9748849252013809,0.04994295975316395,0.6929338413578109,0.48354693453411846,"ADASYN(n_neighbors=9, random_state=19)",19
0.03,8706,4479,0.9898260821092029,0.009203776614765001,0.7433376086646715,0.5061832966288328,0.984500442086649,0.018749553054582372,0.6880845167994458,0.49515067544163494,"ADASYN(n_neighbors=9, random_state=19)",19
0.05,8704,4566,0.9963780615871445,0.0029584761734427283,0.7812412243751755,0.6024794719046852,0.9952866165333049,0.005542410825193797,0.7301697263595428,0.5723934880498788,"ADASYN(n_neighbors=9, random_state=19)",19
0.1,8688,4783,0.999371067115748,0.0012578657685040626,0.8243923486264921,0.6255254750294266,0.9998850574712644,0.00022988505747125742,0.7885348112227225,0.614305507447177,"ADASYN(n_neighbors=9, random_state=19)",19
0.25,8693,5436,0.9997126106297053,0.0005747787405894655,0.84640234948605,0.6911029656781073,0.9995412844036696,0.0009174311926605226,0.8188430897125043,0.6789054381711119,"ADASYN(n_neighbors=9, random_state=19)",19
0.5,8702,6523,0.9991369705740458,0.0013375631735055267,0.8599134715798896,0.6801381692573403,0.9991943429207055,0.0013425380988678973,0.8373744371319709,0.6792518184967093,"ADASYN(n_neighbors=9, random_state=19)",19
1.0,8698,8698,,,0.8949843260188087,0.7156130442703589,,,0.8839625909248354,0.7296501558711466,"ADASYN(n_neighbors=9, random_state=19)",19
0.005,8698,4370,0.9856568474604085,0.02868630507918275,0.7291236352906462,0.44484564000722154,0.975,0.049999999999999996,0.6820228611014895,0.46744024939383444,"SMOTEENN(enn=EditedNearestNeighbours(), random_state=19,
         smote=SMOTE(k_neighbors=3, random_state=19))",19
0.01,8698,4392,0.988739546597386,0.01382588217823889,0.7389498665084545,0.47497757847533634,0.9887739463601533,0.0221658685644648,0.6951853134741948,0.4930723934880499,"SMOTEENN(enn=EditedNearestNeighbours(), random_state=19,
         smote=SMOTE(k_neighbors=3, random_state=19))",19
0.03,8698,4479,0.9959634888058485,0.0049436963844552055,0.7472401433691757,0.5242357709846309,0.9923076923076923,0.009421114395319882,0.6946657429857984,0.5121233113959127,"SMOTEENN(enn=EditedNearestNeighbours(), random_state=19,
         smote=SMOTE(k_neighbors=3, random_state=19))",19
0.05,8698,4566,0.9987660911578876,0.0024678176842247265,0.7742484401588202,0.5822535673281942,0.9976744186046511,0.004651162790697683,0.7242812608243852,0.558884655351576,"SMOTEENN(enn=EditedNearestNeighbours(), random_state=19,
         smote=SMOTE(k_neighbors=3, random_state=19))",19
0.1,8698,4783,0.9981130886290593,0.002507824858846862,0.8283274440518257,0.6475186947654656,0.9986206896551725,0.002228818325248907,0.7980602701766539,0.6408036023553862,"SMOTEENN(enn=EditedNearestNeighbours(), random_state=19,
         smote=SMOTE(k_neighbors=3, random_state=19))",19
0.25,8698,5436,0.9991338413383712,0.0011552966461171835,0.8597041685342895,0.7033639143730887,0.9986175115207374,0.001843317972350217,0.8373744371319709,0.6976099757533771,"SMOTEENN(enn=EditedNearestNeighbours(), random_state=19,
         smote=SMOTE(k_neighbors=3, random_state=19))",19
0.5,8698,6523,0.9993100802498545,0.0006451841398737275,0.891156462585034,0.7258838159531,0.9993103448275862,0.0006702243557293247,0.8780741253896779,0.7327675788015241,"SMOTEENN(enn=EditedNearestNeighbours(), random_state=19,
         smote=SMOTE(k_neighbors=3, random_state=19))",19
1.0,8695,8698,0.9996551720721086,0.00045977066543429775,0.8962057071182189,0.716031369688127,0.999655172413793,0.0004597701149425148,0.8853481122272255,0.7303429165223415,"SMOTEENN(enn=EditedNearestNeighbours(), random_state=19,
         smote=SMOTE(k_neighbors=3, random_state=19))",19
0.005,8698,4370,0.9713136949208172,0.035133405024903565,0.7263901147396293,0.4489430311716231,0.95,0.06123724356957946,0.6778662971943193,0.4672670592310357,"SMOTEENN(enn=EditedNearestNeighbours(n_neighbors=5), random_state=19,
         smote=SMOTE(random_state=19))",19
0.01,8698,4392,0.9887394805384397,0.013825970276262842,0.7458026509572901,0.49140832595217004,0.9887739463601533,0.0221658685644648,0.7010737790093522,0.50277104260478,"SMOTEENN(enn=EditedNearestNeighbours(n_neighbors=5), random_state=19,
         smote=SMOTE(random_state=19))",19
0.03,8698,4479,0.9940205487876245,0.007941595352419518,0.7490303117368194,0.5253175275190517,0.9921926175090732,0.009563782596997814,0.6974367855905784,0.5145479736750953,"SMOTEENN(enn=EditedNearestNeighbours(n_neighbors=5), random_state=19,
         smote=SMOTE(random_state=19))",19
0.05,8698,4566,0.996298273473663,0.007403453052674269,0.7804255319148936,0.6030869212022746,0.9931818181818182,0.013636363636363669,0.7319016279875303,0.5768964322826463,"SMOTEENN(enn=EditedNearestNeighbours(n_neighbors=5), random_state=19,
         smote=SMOTE(random_state=19))",19
0.1,8698,4783,0.9974772625305979,0.002346923158804704,0.8334312573443008,0.6454033771106942,0.9984921171763517,0.002194903991805256,0.803602355386214,0.6399376515413924,"SMOTEENN(enn=EditedNearestNeighbours(n_neighbors=5), random_state=19,
         smote=SMOTE(random_state=19))",19
0.25,8698,5436,0.9997126106297053,0.0005747787405894655,0.8509381001625056,0.704961704961705,0.9998850574712644,0.00022988505747125742,0.8252511257360582,0.6931070315206096,"SMOTEENN(enn=EditedNearestNeighbours(n_neighbors=5), random_state=19,
         smote=SMOTE(random_state=19))",19
0.5,8694,6523,0.9994823287246186,0.00042267684360025874,0.8795971310849993,0.7301971636112072,0.999425287356322,0.0005140386155171775,0.8633529615517839,0.7298233460339453,"SMOTEENN(enn=EditedNearestNeighbours(n_neighbors=5), random_state=19,
         smote=SMOTE(random_state=19))",19
1.0,8690,8698,0.9996549722975889,0.0006900554048222318,0.8920481174816435,0.7056032122650119,0.9996547756041426,0.0006904487917146262,0.8803255975060617,0.7206442674056114,"SMOTEENN(enn=EditedNearestNeighbours(n_neighbors=5), random_state=19,
         smote=SMOTE(random_state=19))",19
0.005,8698,4370,0.9378655510249121,0.061566729235098525,0.7223767013025025,0.44634276561665776,0.9,0.09354143466934853,0.6714582611707655,0.4612054035330793,"SMOTEENN(enn=EditedNearestNeighbours(n_neighbors=7), random_state=19,
         smote=SMOTE(k_neighbors=7, random_state=19))",19
0.01,8698,4392,0.947949910186918,0.06434966822189234,0.7422680412371134,0.48150782361308675,0.9248850574712645,0.0919968201412699,0.6969172151021822,0.4949774852788361,"SMOTEENN(enn=EditedNearestNeighbours(n_neighbors=7), random_state=19,
         smote=SMOTE(k_neighbors=7, random_state=19))",19
0.03,8697,4479,0.9920009694725923,0.0040020780115263485,0.7465437788018433,0.524245506951509,0.9883465959328028,0.009282118491780471,0.6951853134741947,0.5140284031866991,"SMOTEENN(enn=EditedNearestNeighbours(n_neighbors=7), random_state=19,
         smote=SMOTE(k_neighbors=7, random_state=19))",19
0.05,8697,4566,0.9951453023573483,0.0070423805380143084,0.7722884724588303,0.5783330593457175,0.9930138892605775,0.009318721462912523,0.7222029788708002,0.5557672324211984,"SMOTEENN(enn=EditedNearestNeighbours(n_neighbors=7), random_state=19,
         smote=SMOTE(k_neighbors=7, random_state=19))",19
0.1,8697,4783,0.9968158479657159,0.004024468929809864,0.8297186400937866,0.6459816887080366,0.995287356321839,0.005774646752680665,0.798753030827849,0.6383789400762037,"SMOTEENN(enn=EditedNearestNeighbours(n_neighbors=7), random_state=19,
         smote=SMOTE(k_neighbors=7, random_state=19))",19
0.25,8696,5436,0.9997116148639058,0.0005767702721883428,0.8507484808062843,0.6913080168776371,0.9995391705069124,0.0009216589861750891,0.8255975060616556,0.6832351922410806,"SMOTEENN(enn=EditedNearestNeighbours(n_neighbors=7), random_state=19,
         smote=SMOTE(k_neighbors=7, random_state=19))",19
0.5,8692,6523,0.9998274869475038,0.00034502610499238524,0.8811017597551645,0.7122226135963368,0.9997701149425288,0.00045977011494251484,0.8654312435053689,0.7170072739868376,"SMOTEENN(enn=EditedNearestNeighbours(n_neighbors=7), random_state=19,
         smote=SMOTE(k_neighbors=7, random_state=19))",19
1.0,8687,8698,0.9994252200442684,0.0006295680433696414,0.8866365195696242,0.7153652392947103,0.9994251550864384,0.0006295662136308725,0.8740907516453065,0.7260131624523727,"SMOTEENN(enn=EditedNearestNeighbours(n_neighbors=7), random_state=19,
         smote=SMOTE(k_neighbors=7, random_state=19))",19
0.005,8696,4370,0.9665518561040949,0.06689628779181019,0.7226988512432747,0.4461347956837078,0.95,0.09999999999999999,0.669726359542778,0.45774160027710425,"SMOTEENN(enn=EditedNearestNeighbours(n_neighbors=9), random_state=19,
         smote=SMOTE(k_neighbors=9, random_state=19))",19
0.01,8695,4392,0.9658785514228458,0.05589902017179113,0.7425961396787977,0.4804131054131054,0.9554406130268198,0.08883169649047289,0.6974367855905785,0.4946311049532387,"SMOTEENN(enn=EditedNearestNeighbours(n_neighbors=9), random_state=19,
         smote=SMOTE(k_neighbors=9, random_state=19))",19
0.03,8695,4479,0.9939451341203531,0.012109731759293708,0.7461483081353492,0.5295508274231678,0.9921926175090732,0.015614764981853569,0.6946657429857984,0.517492206442674,"SMOTEENN(enn=EditedNearestNeighbours(n_neighbors=9), random_state=19,
         smote=SMOTE(k_neighbors=9, random_state=19))",19
0.05,8693,4566,0.9976119704292568,0.002925009188256949,0.7744861800141744,0.5678317044889846,0.9976121979286535,0.0044934461825476245,0.724454450987184,0.5481468652580533,"SMOTEENN(enn=EditedNearestNeighbours(n_neighbors=9), random_state=19,
         smote=SMOTE(k_neighbors=9, random_state=19))",19
0.1,8693,4783,0.997417262095461,0.0037825650645357976,0.8305978898007034,0.6533918326020924,0.9953622026196204,0.006777936796070953,0.7997921718046415,0.6442674056113613,"SMOTEENN(enn=EditedNearestNeighbours(n_neighbors=9), random_state=19,
         smote=SMOTE(k_neighbors=9, random_state=19))",19
0.25,8695,5436,0.9997116148639058,0.0005767702721883428,0.8577393379063525,0.7119556078695141,0.9995391705069124,0.0009216589861750891,0.8347765846899896,0.7033252511257361,"SMOTEENN(enn=EditedNearestNeighbours(n_neighbors=9), random_state=19,
         smote=SMOTE(k_neighbors=9, random_state=19))",19
0.5,8687,6523,0.9993103420941003,0.0008446559132198276,0.8786905308245373,0.7160623576808548,0.9993103448275862,0.0009195402298850297,0.8626602009005888,0.7192587461032214,"SMOTEENN(enn=EditedNearestNeighbours(n_neighbors=9), random_state=19,
         smote=SMOTE(k_neighbors=9, random_state=19))",19
1.0,8683,8698,0.999770114866599,0.00028155063814216556,0.886842515998127,0.7144917087238645,0.9997701149425288,0.00028155054514748324,0.8744371319709041,0.7256667821267753,"SMOTEENN(enn=EditedNearestNeighbours(n_neighbors=9), random_state=19,
         smote=SMOTE(k_neighbors=9, random_state=19))",19
0.005,8698,4370,0.9522087035645035,0.06586739526723598,0.7269780462649182,0.4446444644464446,0.925,0.1,0.6790786283339106,0.4657083477658469,"SMOTETomek(random_state=19, smote=SMOTE(k_neighbors=3, random_state=19),
           tomek=TomekLinks())",19
0.01,8698,4392,0.987955232871896,0.01491773278273044,0.7419165196942975,0.49269237541820743,0.9873850574712645,0.02494352188287087,0.6958780741253896,0.5010391409767925,"SMOTETomek(random_state=19, smote=SMOTE(k_neighbors=3, random_state=19),
           tomek=TomekLinks())",19
0.03,8698,4479,0.9960389036251105,0.007922192749778923,0.7471297359357061,0.5240912933220625,0.9960389036251105,0.007922192749778923,0.6948389331485971,0.5124696917215102,"SMOTETomek(random_state=19, smote=SMOTE(k_neighbors=3, random_state=19),
           tomek=TomekLinks())",19
0.05,8698,4566,0.9963510824973338,0.0029808883358454106,0.7745959739155089,0.5801576872536137,0.9952338946805668,0.005606566442356394,0.7246276411499827,0.5573259438863873,"SMOTETomek(random_state=19, smote=SMOTE(k_neighbors=3, random_state=19),
           tomek=TomekLinks())",19
0.1,8698,4783,0.9980734969955009,0.003853006008998427,0.8298816568047337,0.6448518074353263,0.9965517241379309,0.006896551724137901,0.800831312781434,0.640976792518185,"SMOTETomek(random_state=19, smote=SMOTE(k_neighbors=3, random_state=19),
           tomek=TomekLinks())",19
0.25,8698,5436,0.9994242254936111,0.00070517863140122,0.8603468899521531,0.7033004423273223,0.9994242279781769,0.0008923926332859183,0.8382403879459647,0.6979563560789748,"SMOTETomek(random_state=19, smote=SMOTE(k_neighbors=3, random_state=19),
           tomek=TomekLinks())",19
0.5,8698,6523,0.999310143268441,0.0006448172660952369,0.8901591225088831,0.7253371185237757,0.9993095505987467,0.0005637501975348214,0.8768617942500866,0.7319016279875303,"SMOTETomek(random_state=19, smote=SMOTE(k_neighbors=3, random_state=19),
           tomek=TomekLinks())",19
1.0,8698,8698,0.9998850574332995,0.0002298851334010976,0.8949843260188087,0.7156130442703589,0.9998850574712644,0.00022988505747125742,0.8839625909248354,0.7296501558711466,"SMOTETomek(random_state=19, smote=SMOTE(k_neighbors=3, random_state=19),
           tomek=TomekLinks())",19
0.005,8698,4370,0.9744882320364742,0.03164600561972855,0.7242798353909465,0.44667143879742305,0.9550000000000001,0.055677643628300216,0.6750952545895393,0.4644960166262556,"SMOTETomek(random_state=19, smote=SMOTE(random_state=19), tomek=TomekLinks())",19
0.01,8698,4392,0.9887394803863178,0.01382595565442291,0.74376751733294,0.49194262440233755,0.9887738140902698,0.02216580500644733,0.6991686872185661,0.5031174229303775,"SMOTETomek(random_state=19, smote=SMOTE(random_state=19), tomek=TomekLinks())",19
0.03,8698,4479,0.9940192580991412,0.004885120183145077,0.7506833549129621,0.5286343612334802,0.9921927497789568,0.00932962469735087,0.699861447869761,0.5181849670938691,"SMOTETomek(random_state=19, smote=SMOTE(random_state=19), tomek=TomekLinks())",19
0.05,8698,4566,0.9963230710269662,0.004959851068827011,0.779430514237144,0.5978844589096827,0.9952337624106832,0.009247473536940951,0.7303429165223415,0.5720471077242812,"SMOTETomek(random_state=19, smote=SMOTE(random_state=19), tomek=TomekLinks())",19
0.1,8698,4783,0.9993644610050957,0.0012710779898087664,0.8314803978935049,0.6524966261808367,0.9988505747126437,0.002298850574712663,0.8004849324558365,0.6432282646345688,"SMOTETomek(random_state=19, smote=SMOTE(random_state=19), tomek=TomekLinks())",19
0.25,8698,5436,0.9991378882288426,0.000703918762642187,0.8557849398485073,0.7119210834308644,0.9989655123818466,0.001053476811575694,0.8318323519224108,0.7015933494977485,"SMOTETomek(random_state=19, smote=SMOTE(random_state=19), tomek=TomekLinks())",19
0.5,8698,6523,0.9991378290394997,0.0007707651254201501,0.8842137592137592,0.7084962673302524,0.9991947403398946,0.0006900969980686505,0.8694146172497402,0.715968133010045,"SMOTETomek(random_state=19, smote=SMOTE(random_state=19), tomek=TomekLinks())",19
1.0,8698,8698,0.9998850574332995,0.0002298851334010976,0.8949843260188087,0.7156130442703589,0.9998850574712644,0.00022988505747125742,0.8839625909248354,0.7296501558711466,"SMOTETomek(random_state=19, smote=SMOTE(random_state=19), tomek=TomekLinks())",19
0.005,8698,4370,0.9665518561040949,0.06689628779181019,0.7216192431798182,0.44689950106913756,0.95,0.09999999999999999,0.6712850710079667,0.46241773467267056,"SMOTETomek(random_state=19, smote=SMOTE(k_neighbors=7, random_state=19),
           tomek=TomekLinks())",19
0.01,8698,4392,0.9755054090222111,0.02342037587317896,0.7382570162481537,0.476275419193721,0.9651628352490421,0.028576629058825367,0.6931070315206096,0.49151368202286116,"SMOTETomek(random_state=19, smote=SMOTE(k_neighbors=7, random_state=19),
           tomek=TomekLinks())",19
0.03,8698,4479,0.9919226701041721,0.007660459046935907,0.748522841908056,0.525886946189102,0.9883465959328028,0.015299892737476735,0.697783165916176,0.5162798753030828,"SMOTETomek(random_state=19, smote=SMOTE(k_neighbors=7, random_state=19),
           tomek=TomekLinks())",19
0.05,8698,4566,0.9987930703998202,0.0024138592003595696,0.7731402612152186,0.5811853554424561,0.9977272727272727,0.004545454545454541,0.7232421198475927,0.558191894700381,"SMOTETomek(random_state=19, smote=SMOTE(k_neighbors=7, random_state=19),
           tomek=TomekLinks())",19
0.1,8698,4783,0.9974645329712498,0.0023850152150393907,0.8321146534074291,0.6441426146010186,0.997471264367816,0.004490120686120597,0.8011776931070316,0.6369934187738137,"SMOTETomek(random_state=19, smote=SMOTE(k_neighbors=7, random_state=19),
           tomek=TomekLinks())",19
0.25,8698,5436,0.9994242254936111,0.00070517863140122,0.8548483045806068,0.7110813525276197,0.9994242279781769,0.0008923926332859183,0.830966401108417,0.7010737790093523,"SMOTETomek(random_state=19, smote=SMOTE(k_neighbors=7, random_state=19),
           tomek=TomekLinks())",19
0.5,8698,6523,0.9994825917415838,0.0004224629219638825,0.884692154153232,0.7195487396439274,0.9995397001959849,0.00043092541891757513,0.8699341877381365,0.724454450987184,"SMOTETomek(random_state=19, smote=SMOTE(k_neighbors=7, random_state=19),
           tomek=TomekLinks())",19
1.0,8698,8698,0.9998850574332995,0.0002298851334010976,0.8949843260188087,0.7156130442703589,0.9998850574712644,0.00022988505747125742,0.8839625909248354,0.7296501558711466,"SMOTETomek(random_state=19, smote=SMOTE(k_neighbors=7, random_state=19),
           tomek=TomekLinks())",19
0.005,8698,4370,0.9744882320364742,0.03164600561972855,0.7209167391935016,0.45135230066736914,0.9550000000000001,0.055677643628300216,0.6667821267751992,0.45895393141669555,"SMOTETomek(random_state=19, smote=SMOTE(k_neighbors=9, random_state=19),
           tomek=TomekLinks())",19
0.01,8698,4392,0.9821805603558929,0.014549511543961266,0.7415929203539823,0.48427784686445197,0.9776628352490422,0.027123514356507995,0.6965708347765847,0.49722895739522,"SMOTETomek(random_state=19, smote=SMOTE(k_neighbors=9, random_state=19),
           tomek=TomekLinks())",19
0.03,8698,4479,0.991922538138008,0.007660674328583019,0.7447421492365313,0.5222994743089706,0.9883465959328028,0.015299892737476735,0.6931070315206096,0.5121233113959127,"SMOTETomek(random_state=19, smote=SMOTE(k_neighbors=9, random_state=19),
           tomek=TomekLinks())",19
0.05,8698,4566,0.9950903778561162,0.004648286173798839,0.7718798918457379,0.5754374380983823,0.9929611674078395,0.00919314513498746,0.7223761690335988,0.5545549012816071,"SMOTETomek(random_state=19, smote=SMOTE(k_neighbors=9, random_state=19),
           tomek=TomekLinks())",19
0.1,8698,4783,0.9968224147323594,0.0034806921601904816,0.8329418672930123,0.6545946860720934,0.9963084736701416,0.004725578170423852,0.8029095947350191,0.6465188777277451,"SMOTETomek(random_state=19, smote=SMOTE(k_neighbors=9, random_state=19),
           tomek=TomekLinks())",19
0.25,8698,5436,0.9994252212594106,0.0007039573147218645,0.856760374832664,0.7179316096747289,0.9994263418749341,0.0008882990890965319,0.8332178732248008,0.7071354347073087,"SMOTETomek(random_state=19, smote=SMOTE(k_neighbors=9, random_state=19),
           tomek=TomekLinks())",19
0.5,8698,6523,0.9994823936044209,0.0006903349798300547,0.8903685351502013,0.7048617386589554,0.9994251550864384,0.0008903410384283869,0.8773813647384828,0.7171804641496363,"SMOTETomek(random_state=19, smote=SMOTE(k_neighbors=9, random_state=19),
           tomek=TomekLinks())",19
1.0,8698,8698,0.9996551720721086,0.00045977066543429775,0.8949843260188087,0.7156130442703589,0.999655172413793,0.00045977011494251484,0.8839625909248354,0.7296501558711466,"SMOTETomek(random_state=19, smote=SMOTE(k_neighbors=9, random_state=19),
           tomek=TomekLinks())",19
0.005,4370,4370,0.8999729624572957,0.10382177134752506,0.7795823665893271,0.4053702901689043,0.8550000000000001,0.12389511693363867,0.7696570834776585,0.5244198129546241,no Sampler(),21
0.01,4392,4392,0.9460883106628476,0.03444892845311409,0.8392638036809816,0.5774436090225564,0.9069444444444444,0.05719794522770558,0.8184967093869069,0.6106685140284032,no Sampler(),21
0.03,4479,4479,0.9810278003205871,0.017012513139295003,0.8454041085620033,0.6517247417264928,0.9653846153846153,0.030769230769230757,0.8214409421544857,0.6555247661932802,no Sampler(),21
0.05,4566,4566,0.9938575010903172,0.006758613519982618,0.8449911084765857,0.6749404964297858,0.988583509513742,0.012448688763041012,0.8188430897125043,0.6688604087287842,no Sampler(),21
0.1,4783,4783,0.9936436008894646,0.0044539896313679755,0.8668972777861332,0.7112555593568252,0.9915820677720122,0.005780041009831092,0.8467267059231036,0.7076550051957049,no Sampler(),21
0.25,5436,5436,0.9985621847170169,0.0012851079617924694,0.8665063138905592,0.7040220006875215,0.9980480811891861,0.0017622855197414712,0.8462071354347074,0.7017665396605473,no Sampler(),21
0.5,6523,6523,0.9994827909856451,0.0004222995123627695,0.8792919273615138,0.7113528689243727,0.9995400976151739,0.0004301109922113393,0.8630065812261863,0.7151021821960513,no Sampler(),21
1.0,8698,8698,0.9998850574332995,0.0002298851334010976,0.8849992323046215,0.7297533671506035,0.9998850574712644,0.00022988505747125742,0.870280568063734,0.7324211984759266,no Sampler(),21
0.005,8698,4370,0.9856568474604085,0.02868630507918275,0.8590893984712529,0.5872427983539095,0.975,0.049999999999999996,0.8531347419466575,0.6525805334257014,RandomOverSampler(random_state=21),21
0.01,8698,4392,0.9806610845168844,0.025450766402943147,0.8582935560859188,0.6907287033869313,0.9652777777777779,0.04521894610027698,0.8354693453411846,0.6868721856598545,RandomOverSampler(random_state=21),21
0.03,8698,4479,0.987872345961816,0.014871224105671618,0.856333830104322,0.7008633824276282,0.9843854995579134,0.02247083253989901,0.8330446830620021,0.6939729823346034,RandomOverSampler(random_state=21),21
0.05,8698,4566,0.9975849251283779,0.0029590259316224217,0.8725728155339806,0.7217062263501892,0.9975593438060321,0.0045990273451236826,0.8545202632490474,0.7197783165916176,RandomOverSampler(random_state=21),21
0.1,8698,4783,0.997464361661077,0.0012680586898605917,0.8820198928844682,0.7390403866068347,0.9974578989574979,0.002652573020275476,0.8664703844821614,0.7381364738482854,RandomOverSampler(random_state=21),21
0.25,8698,5436,0.9979853432981434,0.0011555644255241573,0.8746585735963581,0.7118290776446066,0.9978138360683166,0.0016851082571781347,0.85694492552823,0.7126775199168687,RandomOverSampler(random_state=21),21
0.5,8698,6523,0.9989668932445737,0.0012639512934508454,0.8588883921919237,0.7046684709066305,0.999080459770115,0.0008601511233962823,0.8359889158295809,0.6976099757533772,RandomOverSampler(random_state=21),21
1.0,8698,8698,0.9996551060888301,0.0002816047251990426,0.8849992323046215,0.7297533671506035,0.9996550401439096,0.00028165864658067735,0.870280568063734,0.7324211984759266,RandomOverSampler(random_state=21),21
0.005,42,4370,0.5553006742975147,0.02092523152464263,0.8344308560677328,0.7387173396674585,0.9689563906194198,0.00928970001448388,0.8171111880845168,0.7332871492899203,RandomUnderSampler(random_state=21),21
0.01,86,4392,0.6436263291437179,0.05227085104983101,0.8703396226415094,0.7813059762253705,0.9535126802728288,0.03554181798368394,0.8512296501558712,0.7674056113612746,RandomUnderSampler(random_state=21),21
0.03,260,4479,0.9544124426628287,0.02764021464717123,0.8534201954397395,0.7485455720749838,0.9895490716180373,0.007452988282908241,0.8285417388292344,0.7305161066851402,RandomUnderSampler(random_state=21),21
0.05,434,4566,0.9917052791745634,0.005988604081864373,0.8568449277521227,0.7374136229022705,0.9970373530150919,0.004239646512972385,0.8335642535503983,0.7235885001731901,RandomUnderSampler(random_state=21),21
0.1,868,4783,0.9937554126581933,0.005204725773107706,0.8648567571621419,0.7424393486208043,0.9978159596841396,0.0029617899242631376,0.8439556633183236,0.7315552476619328,RandomUnderSampler(random_state=21),21
0.25,2174,5436,0.9971351779803787,0.0018104391588488675,0.858121185052851,0.7141659681475272,0.9985068016450491,0.0011816651562539739,0.8349497748527883,0.7047107724281261,RandomUnderSampler(random_state=21),21
0.5,4348,6523,0.9994824610324671,0.0006899693306125422,0.8630034436292858,0.7290376569037657,0.9995402298850575,0.0005631010902949665,0.841531001039141,0.7196051264288188,RandomUnderSampler(random_state=21),21
1.0,8698,8698,0.9996551058610403,0.00045980378878375956,0.8617132605770669,0.7183975761656287,0.9996550401439096,0.0004598363212220923,0.8397990994111535,0.7102528576376862,RandomUnderSampler(random_state=21),21
0.005,8698,4370,0.9522087035645036,0.06586739526723598,0.8399538486896324,0.5509573810994441,0.925,0.09999999999999999,0.8318323519224108,0.6222722549359196,"SMOTE(k_neighbors=3, random_state=21)",21
0.01,8698,4392,0.9680461419881489,0.028220028273111902,0.8608617594254937,0.6888238333046324,0.9430555555555555,0.049767980186580345,0.8389331485971596,0.6870453758226533,"SMOTE(k_neighbors=3, random_state=21)",21
0.03,8698,4479,0.9920010355315385,0.0040020434758575064,0.8634520054078414,0.709094011260877,0.9883465959328028,0.009282118491780471,0.8425701420159335,0.7047107724281261,"SMOTE(k_neighbors=3, random_state=21)",21
0.05,8698,4566,0.9915199665846008,0.006075388327598036,0.8711693855770697,0.7092050209205021,0.9904057009550193,0.008341380167414588,0.8536543124350537,0.71111880845168,"SMOTE(k_neighbors=3, random_state=21)",21
0.1,8698,4783,0.9968289927881834,0.001999268638324415,0.8821548821548821,0.727304408433525,0.9963084736701416,0.002792512424579492,0.8666435746449601,0.7289573952199515,"SMOTE(k_neighbors=3, random_state=21)",21
0.25,8698,5436,0.9988464544526421,0.0014128025374363533,0.8637794095609171,0.7168725672702657,0.9981609098211643,0.002252426184013508,0.8425701420159335,0.7102528576376862,"SMOTE(k_neighbors=3, random_state=21)",21
0.5,8698,6523,0.9996551720721086,0.0004223263524411363,0.8665063138905592,0.7187765505522515,0.999655172413793,0.0004597701149425148,0.8462071354347074,0.7133702805680637,"SMOTE(k_neighbors=3, random_state=21)",21
1.0,8698,8698,0.999770114866599,0.00028155063814216556,0.8849992323046215,0.7297533671506035,0.9997701149425288,0.00028155054514748324,0.870280568063734,0.7324211984759266,"SMOTE(k_neighbors=3, random_state=21)",21
0.005,8698,4370,0.9888313845760655,0.02233723084786918,0.8370491803278689,0.5507660878447396,0.9800000000000001,0.03999999999999999,0.8278489781780395,0.6191548320055421,SMOTE(random_state=21),21
0.01,8698,4392,0.974721161355667,0.023646093206423687,0.8559094968740697,0.6872758326216909,0.9541666666666666,0.04203540541783767,0.832351922410807,0.6828888119154832,SMOTE(random_state=21),21
0.03,8698,4479,0.9898303235577813,0.012827432127764422,0.8545967622159513,0.7032117033798554,0.9845003098167655,0.01898403801059131,0.8304468306200208,0.6943193626602009,SMOTE(random_state=21),21
0.05,8698,4566,0.9975592276166543,0.0029896293017202245,0.8606459330143541,0.7095681625740897,0.995401691331924,0.00563237497029904,0.8385867682715622,0.7029788708001385,SMOTE(random_state=21),21
0.1,8698,4783,0.9968090251163444,0.003517396815585313,0.8878619839802834,0.7357730695149711,0.9963218390804599,0.006786477893850782,0.8739175614825079,0.7386560443366816,SMOTE(random_state=21),21
0.25,8698,5436,0.9994242915525575,0.0007050979672105855,0.8678109003312255,0.7114461960246744,0.9990804549105821,0.001126213092006727,0.8479390370626949,0.7083477658469,SMOTE(random_state=21),21
0.5,8698,6523,0.9996549066169791,0.00042265198673884505,0.8619709884851204,0.7121340328312743,0.9996546427247207,0.00046069735629417964,0.8401454797367509,0.7054035330793211,SMOTE(random_state=21),21
1.0,8698,8698,0.9997700486555307,0.00028163174926613114,0.8849992323046215,0.7297533671506035,0.9997699826726454,0.00028171261963820814,0.870280568063734,0.7324211984759266,SMOTE(random_state=21),21
0.005,8698,4370,0.9856568474604085,0.02868630507918275,0.8267936299458217,0.5380523731587561,0.975,0.049999999999999996,0.8172843782473156,0.6089366124004156,"SMOTE(k_neighbors=7, random_state=21)",21
0.01,8698,4392,0.9813962466304028,0.015257241351871577,0.8472775564409031,0.6781725888324873,0.9652777777777779,0.02846375212766556,0.8207481815032907,0.6705923103567717,"SMOTE(k_neighbors=7, random_state=21)",21
0.03,8698,4479,0.9899043813255013,0.0065093604646239405,0.8511772545535318,0.6998491704374057,0.9845003098167655,0.014269295620970611,0.8259438863872532,0.6898164184274334,"SMOTE(k_neighbors=7, random_state=21)",21
0.05,8698,4566,0.9913852310998209,0.007467399899742407,0.8609649782053209,0.7037290455011974,0.9882479162110277,0.014451067248713964,0.8397990994111535,0.7000346380325597,"SMOTE(k_neighbors=7, random_state=21)",21
0.1,8698,4783,0.9955902185850043,0.004235759633040507,0.8890945549899738,0.7426675977653632,0.99607819180302,0.0030367204773202,0.8754762729476966,0.7447177000346381,"SMOTE(k_neighbors=7, random_state=21)",21
0.25,8698,5436,0.9991348371041706,0.001154801995372413,0.8742605794023964,0.7234262125902993,0.9989633984850892,0.0017996645959267334,0.8564253550398337,0.7215102182196051,"SMOTE(k_neighbors=7, random_state=21)",21
0.5,8698,6523,0.9996551060131622,0.0004224073481688005,0.8706948640483384,0.7216142270861833,0.999655172413793,0.00045977011494251484,0.8517492206442674,0.7180464149636301,"SMOTE(k_neighbors=7, random_state=21)",21
1.0,8698,8698,0.9996551058610403,0.00045980378878375956,0.8849992323046215,0.7297533671506035,0.9996550401439096,0.0004598363212220923,0.870280568063734,0.7324211984759266,"SMOTE(k_neighbors=7, random_state=21)",21
0.005,8698,4370,0.9856568474604087,0.02868630507918275,0.8351863963374755,0.551738158162228,0.975,0.049999999999999996,0.825424315898857,0.6181156910287495,"SMOTE(k_neighbors=9, random_state=21)",21
0.01,8698,4392,0.9731037780398694,0.039207559328243706,0.8485207100591716,0.6768655447900731,0.9541666666666666,0.06508541396588882,0.8226532732940769,0.6707655005195705,"SMOTE(k_neighbors=9, random_state=21)",21
0.03,8698,4479,0.9878077275754364,0.007741972891649148,0.8580838323353294,0.696068376068376,0.9806542882404952,0.017073077309480468,0.8358157256667822,0.6920678905438171,"SMOTE(k_neighbors=9, random_state=21)",21
0.05,8698,4566,0.9914716305937308,0.009135152740439046,0.8671792552389568,0.710928118030537,0.9883007703336493,0.010553833289355585,0.8474194665742986,0.7081745756841011,"SMOTE(k_neighbors=9, random_state=21)",21
0.1,8698,4783,0.9955447864533248,0.0015781633935730223,0.8801343716597954,0.736823975198071,0.9940228562358637,0.004884573113223942,0.8640457222029789,0.7353654312435054,"SMOTE(k_neighbors=9, random_state=21)",21
0.25,8698,5436,0.9988504350986617,0.0010739975831836,0.8725401150469271,0.7151975159565293,0.9991943429207055,0.0008619921124249946,0.85417388292345,0.7140630412192588,"SMOTE(k_neighbors=9, random_state=21)",21
0.5,8698,6523,0.999482394783565,0.0004226229066986142,0.862228870605834,0.7082201086956522,0.999425287356322,0.0005140386155171775,0.8404918600623484,0.7024593003117423,"SMOTE(k_neighbors=9, random_state=21)",21
1.0,8698,8698,0.9997701146388092,0.0004597707223816805,0.8849992323046215,0.7297533671506035,0.9997701149425288,0.00045977011494251484,0.870280568063734,0.7324211984759266,"SMOTE(k_neighbors=9, random_state=21)",21
0.005,8698,4370,0.9426273898416344,0.08363423247878547,0.7801571406562934,0.5436821776715101,0.915,0.11789826122551599,0.7528576376861794,0.5703152060962937,"BorderlineSMOTE(k_neighbors=3, random_state=21)",21
0.01,8698,4392,0.9754564554353491,0.012365398113819051,0.8091625328275459,0.6245365689248399,0.9541666666666666,0.023073955174772436,0.7734672670592311,0.6141323172843782,"BorderlineSMOTE(k_neighbors=3, random_state=21)",21
0.03,8698,4479,0.9775502864798344,0.015618903098246225,0.8324813787060026,0.6742951907131012,0.9688858093746789,0.023193225254312742,0.8013508832698302,0.6598545202632491,"BorderlineSMOTE(k_neighbors=3, random_state=21)",21
0.05,8698,4566,0.9975594760759154,0.004881047848168941,0.8384819064430715,0.6776084407971864,0.9954545454545455,0.009090909090909084,0.8098372012469692,0.6666089366124004,"BorderlineSMOTE(k_neighbors=3, random_state=21)",21
0.1,8698,4783,0.9980933606042754,0.001556906602338527,0.9045825486503453,0.7520114428750223,0.9975728414862335,0.0027461361879327533,0.8947003810183581,0.7597852441981295,"BorderlineSMOTE(k_neighbors=3, random_state=21)",21
0.25,8698,5436,0.9979932333353041,0.0014568065491637726,0.8785103785103785,0.7124583844401612,0.9985053454572537,0.001066598911043143,0.8621406304121926,0.7157949428472463,"BorderlineSMOTE(k_neighbors=3, random_state=21)",21
0.5,8698,6523,0.9998274869475038,0.00034502610499238524,0.8625954198473282,0.7041224560793181,0.9997701149425288,0.00045977011494251484,0.8441288534811222,0.7054035330793211,"BorderlineSMOTE(k_neighbors=3, random_state=21)",21
1.0,8698,8698,0.9997700488076525,0.00028163156286627525,0.8849992323046215,0.7297533671506035,0.9997701149425288,0.00028155054514748324,0.870280568063734,0.7324211984759266,"BorderlineSMOTE(k_neighbors=3, random_state=21)",21
0.005,8698,4370,0.9378655510249121,0.061566729235098525,0.8036558462023322,0.5522501906941266,0.9,0.09354143466934853,0.7842050571527537,0.5933494977485279,BorderlineSMOTE(random_state=21),21
0.01,8698,4392,0.9746721417098592,0.012784779327505045,0.8121546961325967,0.626890756302521,0.9527777777777778,0.023814483610392012,0.7762383096640111,0.6155178385867683,BorderlineSMOTE(random_state=21),21
0.03,8698,4479,0.991923961096375,0.009894077933639504,0.8439289384818676,0.6920265780730896,0.9883465959328028,0.015443690759275297,0.8158988569449255,0.6789054381711119,BorderlineSMOTE(random_state=21),21
0.05,8698,4566,0.9925389923628909,0.007308731187933973,0.8505747126436781,0.6889153754469607,0.9861522198731502,0.013489299907779525,0.8266366470384483,0.6835815725666783,BorderlineSMOTE(random_state=21),21
0.1,8698,4783,0.9949288705358288,0.003235561798982629,0.9117693648027879,0.7362030905077263,0.9949425287356322,0.005505255179231282,0.9035330793210945,0.7516453065465881,BorderlineSMOTE(random_state=21),21
0.25,8698,5436,0.9985599988981203,0.0018248163438931396,0.877454711523824,0.7144351464435147,0.9983873619234991,0.0026871201305922747,0.8605819189470039,0.7163145133356426,BorderlineSMOTE(random_state=21),21
0.5,8698,6523,0.9993093496017279,0.0010073840777773616,0.8660645951324047,0.6998946998946999,0.9993092854494412,0.00111648530656645,0.8484586075510911,0.7038448216141323,BorderlineSMOTE(random_state=21),21
1.0,8698,8698,0.9997700488076525,0.00028163156286627525,0.8849992323046215,0.7297533671506035,0.9997701149425288,0.00028155054514748324,0.870280568063734,0.7324211984759266,BorderlineSMOTE(random_state=21),21
0.005,8698,4370,0.9282842373020431,0.07856068191671703,0.8185721100333916,0.5703290359822974,0.89,0.11022703842524303,0.8023900242466229,0.6132663664703846,"BorderlineSMOTE(k_neighbors=7, random_state=21)",21
0.01,8698,4392,0.9865517901589126,0.016470626032269838,0.8035843329960977,0.6147925033467202,0.975,0.03061862178478973,0.7646345687564946,0.6013162452372705,"BorderlineSMOTE(k_neighbors=7, random_state=21)",21
0.03,8698,4479,0.9919240930625388,0.009893911229768475,0.8332607749238137,0.6826151073242668,0.9883465959328028,0.015443690759275297,0.8010045029442328,0.6645306546588154,"BorderlineSMOTE(k_neighbors=7, random_state=21)",21
0.05,8698,4566,0.996297307456296,0.004971682469455526,0.8472408151123011,0.6871082500423513,0.9952338946805668,0.00924753348393416,0.8221337028056807,0.6801177693107032,"BorderlineSMOTE(k_neighbors=7, random_state=21)",21
0.1,8698,4783,0.9974578986537784,0.003113494497122266,0.9072002520876005,0.7425670775924583,0.997471264367816,0.0045048087223598645,0.8979909941115345,0.7540699688257707,"BorderlineSMOTE(k_neighbors=7, random_state=21)",21
0.25,8698,5436,0.9985612597937668,0.0015737367385163555,0.877054169202678,0.7142857142857143,0.9980459672924287,0.0019064028687247284,0.8600623484586076,0.715968133010045,"BorderlineSMOTE(k_neighbors=7, random_state=21)",21
0.5,8698,6523,0.999310475239277,0.0006445511522966034,0.8674625038261402,0.7024373136945468,0.999425287356322,0.0005140386155171775,0.8500173190162799,0.7060962937305162,"BorderlineSMOTE(k_neighbors=7, random_state=21)",21
1.0,8698,8698,0.9994252206519713,0.0008903421851978028,0.8849992323046215,0.7297533671506035,0.999425287356322,0.000890340999128115,0.870280568063734,0.7324211984759266,"BorderlineSMOTE(k_neighbors=7, random_state=21)",21
0.005,8698,4370,0.9522087035645036,0.06586739526723596,0.8297526041666666,0.5680143397729536,0.925,0.09999999999999999,0.8188430897125043,0.6243505368895046,"BorderlineSMOTE(k_neighbors=9, random_state=21)",21
0.01,8698,4392,0.9873851894374284,0.025229621125143528,0.831260061466413,0.6580406654343808,0.9777777777777779,0.04444444444444447,0.8003117422930377,0.6475580187045376,"BorderlineSMOTE(k_neighbors=9, random_state=21)",21
0.03,8698,4479,0.9818930924714848,0.011797606800849653,0.836051252184042,0.6845482968570018,0.9765781170669865,0.018777313383085203,0.804987876688604,0.6679944579147904,"BorderlineSMOTE(k_neighbors=9, random_state=21)",21
0.05,8698,4566,0.9939645621560652,0.0037759463962304058,0.8497687602566015,0.686765457332652,0.9928990790017252,0.005569192555287292,0.8255975060616557,0.6815032906130931,"BorderlineSMOTE(k_neighbors=9, random_state=21)",21
0.1,8698,4783,0.9961933590445249,0.005097575406260534,0.9121750158528852,0.7318425429680281,0.9962068965517241,0.007025612317211977,0.9040526498094907,0.7487010737790094,"BorderlineSMOTE(k_neighbors=9, random_state=21)",21
0.25,8698,5436,0.9971323678118669,0.003261861799473351,0.877454711523824,0.7106137436614792,0.9971274815811558,0.002767104739051094,0.8605819189470039,0.7133702805680637,"BorderlineSMOTE(k_neighbors=9, random_state=21)",21
0.5,8698,6523,0.9993093484162514,0.000646623077425824,0.8716372021521906,0.7020335985853228,0.999194210650822,0.0008619567146191388,0.8553862140630413,0.7081745756841011,"BorderlineSMOTE(k_neighbors=9, random_state=21)",21
1.0,8698,8698,0.9997700486555307,0.00028163174926613114,0.8849992323046215,0.7297533671506035,0.9997699826726454,0.0002817126196382082,0.870280568063734,0.7324211984759266,"BorderlineSMOTE(k_neighbors=9, random_state=21)",21
0.005,4370,4370,0.8252553726226566,0.19704310313968135,0.7742682321812469,0.38764411572764845,0.8,0.203100960115899,0.7635954277797021,0.5124696917215102,EditedNearestNeighbours(),21
0.01,4392,4392,0.9603698540265704,0.032521709133299014,0.8347194919098745,0.5808471454880295,0.9305555555555556,0.05692750425533112,0.8107031520609629,0.6058191894700381,EditedNearestNeighbours(),21
0.03,4479,4479,0.9807623805895889,0.02109852034043465,0.8420425785320828,0.6550233442849732,0.9653846153846153,0.037289845057048694,0.8162452372705231,0.6544856252164877,EditedNearestNeighbours(),21
0.05,4566,4566,0.9926235922482046,0.006050653964689895,0.8512850987966127,0.6843627701208099,0.9862579281183933,0.01111319987558026,0.8266366470384482,0.6787322480083131,EditedNearestNeighbours(),21
0.1,4780,4783,0.995510843287587,0.004358665956168857,0.8704318936877077,0.7143348229632176,0.9929484095161722,0.006845191679759513,0.85140284031867,0.7121579494284724,EditedNearestNeighbours(),21
0.25,5433,5436,0.9991378882288424,0.000703918762642187,0.8658554904611687,0.7096222867885832,0.9989655123818466,0.001053476811575694,0.8453411846207135,0.7057499134049185,EditedNearestNeighbours(),21
0.5,6520,6523,0.9996550401439096,0.0006899197121807532,0.8783907345321549,0.713961209156037,0.9996550401439096,0.0006899197121807532,0.8617942500865952,0.7164877034984414,EditedNearestNeighbours(),21
1.0,8695,8698,0.9997701146388092,0.0004597707223816805,0.8663760709454381,0.7229935658652218,0.9997701149425288,0.00045977011494251484,0.8460339452719086,0.71666089366124,EditedNearestNeighbours(),21
0.005,4370,4370,0.8999729624572957,0.10382177134752506,0.7742682321812469,0.38764411572764845,0.8550000000000001,0.12389511693363868,0.7635954277797021,0.5124696917215102,EditedNearestNeighbours(n_neighbors=5),21
0.01,4392,4392,0.9669957217821168,0.022945070319202215,0.8347194919098745,0.5808471454880295,0.9402777777777779,0.03967460238079361,0.8107031520609629,0.6058191894700381,EditedNearestNeighbours(n_neighbors=5),21
0.03,4479,4479,0.9769914210925995,0.012676883961351972,0.8420425785320828,0.6550233442849732,0.9576923076923076,0.02242673805709733,0.8162452372705231,0.6544856252164877,EditedNearestNeighbours(n_neighbors=5),21
0.05,4566,4566,0.9938294897720713,0.003946856025211799,0.8512850987966127,0.6843627701208099,0.9884249471458773,0.007354893778773357,0.8266366470384482,0.6787322480083131,EditedNearestNeighbours(n_neighbors=5),21
0.1,4779,4783,0.9923261614559152,0.0025715335268567657,0.8699064292182312,0.7125171939477304,0.9882357658380112,0.004943831853992074,0.8507100796674749,0.7104260478004849,EditedNearestNeighbours(n_neighbors=5),21
0.25,5433,5436,0.9988484534717881,0.0010771726339481144,0.8658554904611687,0.7096222867885832,0.9985067967855162,0.0017625612498990103,0.8453411846207135,0.7057499134049185,EditedNearestNeighbours(n_neighbors=5),21
0.5,6518,6523,0.999138029268822,0.0009438075673139475,0.8802322028719829,0.7203212290502793,0.999080459770115,0.000860151123396318,0.8642189123657776,0.7225493591963976,EditedNearestNeighbours(n_neighbors=5),21
1.0,8690,8698,0.9998849912222312,0.00023001755553773152,0.858121185052851,0.7278155581356776,0.9998849252013808,0.00023014959723819395,0.8349497748527883,0.7157949428472463,EditedNearestNeighbours(n_neighbors=5),21
0.005,4370,4370,0.9127506084961764,0.0565021882006948,0.7742682321812469,0.38764411572764845,0.86,0.0845576726264388,0.7635954277797021,0.5124696917215102,EditedNearestNeighbours(n_neighbors=7),21
0.01,4392,4392,0.9577507404623404,0.053053164434050136,0.8347194919098745,0.5808471454880295,0.9305555555555556,0.08134194702414621,0.8107031520609629,0.6058191894700381,EditedNearestNeighbours(n_neighbors=7),21
0.03,4479,4479,0.9811062977141176,0.01576281831312087,0.8420425785320828,0.6550233442849732,0.9653846153846153,0.02826334318595975,0.8162452372705231,0.6544856252164877,EditedNearestNeighbours(n_neighbors=7),21
0.05,4566,4566,0.9899559920355309,0.008694028272988465,0.8512850987966127,0.6843627701208099,0.9814482029598309,0.01579657556664077,0.8266366470384482,0.6787322480083131,EditedNearestNeighbours(n_neighbors=7),21
0.1,4778,4783,0.9968091532333769,0.0020201039508725245,0.8689883913764511,0.7118818681318682,0.9942395081529003,0.003634900197930265,0.8494977485278836,0.7093869068236924,EditedNearestNeighbours(n_neighbors=7),21
0.25,5430,5436,0.9985590650823474,0.001289708553703997,0.8635205992509364,0.7107409925220938,0.9980438533956715,0.0017693032508632966,0.842223761690336,0.7052303429165223,EditedNearestNeighbours(n_neighbors=7),21
0.5,6516,6523,0.9994830543507195,0.000689013810264715,0.8778556198598843,0.7250389340716387,0.9995402298850575,0.0005631010902949665,0.8611014894354001,0.7248008313127814,EditedNearestNeighbours(n_neighbors=7),21
1.0,8687,8698,0.9994252871664973,0.0006295663659942869,0.8704318936877077,0.7211489143443324,0.999425287356322,0.000629566158051896,0.85140284031867,0.7175268444752338,EditedNearestNeighbours(n_neighbors=7),21
0.005,4370,4370,0.9235223984853208,0.05320675228368669,0.7742682321812469,0.38764411572764845,0.875,0.07905694150420949,0.7635954277797021,0.5124696917215102,EditedNearestNeighbours(n_neighbors=9),21
0.01,4392,4392,0.9585841397408561,0.05681457616461647,0.8347194919098745,0.5808471454880295,0.9333333333333332,0.0888888888888889,0.8107031520609629,0.6058191894700381,EditedNearestNeighbours(n_neighbors=9),21
0.03,4479,4479,0.9832860531707247,0.014581938540826202,0.8420425785320828,0.6550233442849732,0.9692307692307693,0.026085884550481792,0.8162452372705231,0.6544856252164877,EditedNearestNeighbours(n_neighbors=9),21
0.05,4566,4566,0.991361738146793,0.006319315237802027,0.8512850987966127,0.6843627701208099,0.9839323467230443,0.011631990441935207,0.8266366470384482,0.6787322480083131,EditedNearestNeighbours(n_neighbors=9),21
0.1,4778,4783,0.9974380240595428,0.0037433244147303474,0.8689883913764511,0.7118818681318682,0.9954022988505746,0.0067022435572934224,0.8494977485278836,0.7093869068236924,EditedNearestNeighbours(n_neighbors=9),21
0.25,5430,5436,0.9982697477548343,0.0016824331281708863,0.8635205992509364,0.7107409925220938,0.9975830239025839,0.0021977980966561028,0.842223761690336,0.7052303429165223,EditedNearestNeighbours(n_neighbors=9),21
0.5,6513,6523,0.9998274208885574,0.0003451582228851002,0.8812366085093358,0.7132547086780496,0.9997701149425288,0.00045977011494251484,0.8656044336681676,0.7178732248008313,EditedNearestNeighbours(n_neighbors=9),21
1.0,8683,8698,0.9993102108861937,0.0006703171312496213,0.8632619439868204,0.7271507630387389,0.9993100802878192,0.0006704060127236658,0.8418773813647384,0.7182196051264289,EditedNearestNeighbours(n_neighbors=9),21
0.005,4370,4370,0.9266969356009775,0.05386559662991999,0.7795823665893271,0.4053702901689043,0.8800000000000001,0.07968688725254613,0.7696570834776585,0.5244198129546241,TomekLinks(),21
0.01,4392,4392,0.9589315202393831,0.03930890506291263,0.8392638036809816,0.5774436090225564,0.9291666666666666,0.0621750813488872,0.8184967093869069,0.6106685140284032,TomekLinks(),21
0.03,4479,4479,0.9790094463921701,0.015137696418766004,0.8454041085620033,0.6517247417264928,0.9615384615384617,0.027196414661021056,0.8214409421544857,0.6555247661932802,TomekLinks(),21
0.05,4566,4566,0.9913321288216576,0.0064214323799235504,0.8449911084765857,0.6749404964297858,0.9838794926004228,0.011818541107292774,0.8188430897125043,0.6688604087287842,TomekLinks(),21
0.1,4783,4783,0.9968224527364775,0.0019992252526586864,0.8668972777861332,0.7112555593568252,0.9952739909115209,0.002372796643750139,0.8467267059231036,0.7076550051957049,TomekLinks(),21
0.25,5436,5436,0.9988505673685453,0.0010737858410361692,0.8665063138905592,0.7040220006875215,0.9985067967855162,0.0012368029279581578,0.8462071354347074,0.7017665396605473,TomekLinks(),21
0.5,6523,6523,0.9994829882917731,0.0006890469582877608,0.8792919273615138,0.7113528689243727,0.9995402298850575,0.0005631010902949665,0.8630065812261863,0.7151021821960513,TomekLinks(),21
1.0,8698,8698,0.9998850574332995,0.0002298851334010976,0.8849992323046215,0.7297533671506035,0.9998850574712644,0.00022988505747125742,0.870280568063734,0.7324211984759266,TomekLinks(),21
0.005,8702,4370,0.9286592675364785,0.11678016993109629,0.8251903553299492,0.5501174628034455,0.905,0.1452583904633395,0.8091444405957742,0.6020090058884655,"ADASYN(n_neighbors=3, random_state=21)",21
0.01,8695,4392,0.9737198267026604,0.0264394249027088,0.8757649938800489,0.6864497676081516,0.9527777777777778,0.04614791034954486,0.8593695878074126,0.6962244544509872,"ADASYN(n_neighbors=3, random_state=21)",21
0.03,8693,4479,0.9897428485886186,0.01149641449487348,0.8639878695981804,0.6918107211454514,0.984500442086649,0.022348931380033365,0.8446484239695186,0.6943193626602009,"ADASYN(n_neighbors=3, random_state=21)",21
0.05,8699,4566,0.9927309675284409,0.004510296617810518,0.8816051462704855,0.718272775144813,0.990626351728998,0.008280871290311635,0.8661240041565639,0.7220297887080014,"ADASYN(n_neighbors=3, random_state=21)",21
0.1,8697,4783,0.9955379994026817,0.0025604062985460814,0.920939147101102,0.7608217168011738,0.994009623095429,0.005019122842058273,0.9142708694146173,0.7741600277104261,"ADASYN(n_neighbors=3, random_state=21)",21
0.25,8696,5436,0.996818639440681,0.003607387878484887,0.8648729896287389,0.6843205574912892,0.9959705180959665,0.00529216514957085,0.844302043643921,0.6861794250086595,"ADASYN(n_neighbors=3, random_state=21)",21
0.5,8699,6523,0.9994819961832588,0.0006905336194551918,0.8703535811423391,0.7266223811957078,0.9993098151385137,0.0009198056463571939,0.8514028403186699,0.7220297887080014,"ADASYN(n_neighbors=3, random_state=21)",21
1.0,8698,8698,,,0.8849992323046215,0.7297533671506035,,,0.870280568063734,0.7324211984759266,"ADASYN(n_neighbors=3, random_state=21)",21
0.005,8703,4370,0.9522087035645036,0.06586739526723596,0.8416005291005291,0.5548679867986799,0.925,0.09999999999999999,0.8340838240387947,0.6262556286802909,ADASYN(random_state=21),21
0.01,8694,4392,0.9737198927616069,0.026439416360378158,0.8552729436263573,0.6839945280437757,0.9527777777777778,0.04614791034954486,0.8314859715968133,0.6799445791479044,ADASYN(random_state=21),21
0.03,8688,4479,0.9959634888058485,0.0049436963844552055,0.8434017595307918,0.6966292134831461,0.9923076923076923,0.009421114395319882,0.8150329061309318,0.6820228611014895,ADASYN(random_state=21),21
0.05,8697,4566,0.9975592276166543,0.0029896293017202245,0.8606224627875507,0.700171526586621,0.995401691331924,0.00563237497029904,0.839452719085556,0.6972635954277797,ADASYN(random_state=21),21
0.1,8698,4783,0.9968289265771151,0.0019992677702985588,0.9139285141849656,0.7198186283771019,0.9963083414002583,0.002792364802500918,0.9069968825770696,0.7431589885694493,ADASYN(random_state=21),21
0.25,8700,5436,0.998276715731636,0.0014081306826451844,0.8671181339352897,0.7125021378484693,0.9986205525257562,0.0012910954961197609,0.847073086248701,0.7088673363352962,ADASYN(random_state=21),21
0.5,8699,6523,0.9996551720721086,0.0004223263524411363,0.8621365074581889,0.7037418468932373,0.999655172413793,0.00045977011494251484,0.841531001039141,0.7010737790093522,ADASYN(random_state=21),21
1.0,8698,8698,,,0.8849992323046215,0.7297533671506035,,,0.870280568063734,0.7324211984759266,ADASYN(random_state=21),21
0.005,8703,4370,0.9856568474604087,0.02868630507918275,0.8394124442977389,0.5551674542839532,0.975,0.049999999999999996,0.8314859715968133,0.6250432975406996,"ADASYN(n_neighbors=7, random_state=21)",21
0.01,8697,4392,0.981396312689349,0.01525719331228027,0.8470622970180101,0.6778398510242085,0.9652777777777779,0.02846375212766556,0.8205749913404918,0.670419120193973,"ADASYN(n_neighbors=7, random_state=21)",21
0.03,8698,4479,0.9959634888058485,0.0049436963844552055,0.8306533391279154,0.6842705786471067,0.9923076923076923,0.009421114395319882,0.7975406996882577,0.6645306546588154,"ADASYN(n_neighbors=7, random_state=21)",21
0.05,8716,4566,0.995171491756245,0.004481784688742309,0.8518902891030393,0.6940978077571669,0.9930140215304609,0.005706928301650704,0.8269830273640457,0.685833044683062,"ADASYN(n_neighbors=7, random_state=21)",21
0.1,8691,4783,0.9968354019097656,0.0020204194997946474,0.9255904238110644,0.7456090651558074,0.9983773069174996,0.002393367302541348,0.9203325251125736,0.7667128507100797,"ADASYN(n_neighbors=7, random_state=21)",21
0.25,8698,5436,0.9997116148639058,0.0005767702721883428,0.871616512929079,0.713891761461565,0.9995391705069124,0.0009216589861750891,0.8529615517838587,0.71250432975407,"ADASYN(n_neighbors=7, random_state=21)",21
0.5,8697,6523,0.9998274869475038,0.00034502610499238524,0.8654313487241798,0.6897035607788108,0.9997701149425288,0.00045977011494251484,0.8465535157603048,0.6936266020090058,"ADASYN(n_neighbors=7, random_state=21)",21
1.0,8698,8698,,,0.8849992323046215,0.7297533671506035,,,0.870280568063734,0.7324211984759266,"ADASYN(n_neighbors=7, random_state=21)",21
0.005,8695,4370,0.9286592675364785,0.11678016993109629,0.8415857871360422,0.5513268874717137,0.905,0.1452583904633395,0.8332178732248008,0.6222722549359196,"ADASYN(n_neighbors=9, random_state=21)",21
0.01,8696,4392,0.9813962466304028,0.015257241351871577,0.8451784134473607,0.6700628290032263,0.9652777777777779,0.02846375212766556,0.8181503290613092,0.6634915136820229,"ADASYN(n_neighbors=9, random_state=21)",21
0.03,8705,4479,0.9901306645678339,0.01065089139617431,0.8413348946135831,0.6913539428004629,0.9882316534040673,0.009617976824684266,0.8122618635261518,0.6766539660547282,"ADASYN(n_neighbors=9, random_state=21)",21
0.05,8698,4566,0.9963252527155955,0.0030008228873332522,0.8601377657981432,0.7030158459703527,0.993076109936575,0.005654156076243697,0.8382403879459647,0.6981295462417735,"ADASYN(n_neighbors=9, random_state=21)",21
0.1,8683,4783,0.9961595719298819,0.004749191318085223,0.9013291634089132,0.7401828940290479,0.9961668003207699,0.007096342676701738,0.8907170072739868,0.7490474541046068,"ADASYN(n_neighbors=9, random_state=21)",21
0.25,8684,5436,0.9994262071538685,0.0007027515744396155,0.876565841735411,0.689126559714795,0.9997699826726454,0.00028171261963820814,0.8600623484586076,0.6979563560789748,"ADASYN(n_neighbors=9, random_state=21)",21
0.5,8694,6523,0.9994825929606661,0.00042246130236896776,0.8766243693624828,0.707703130495955,0.9995402298850575,0.00043007556169814116,0.8602355386214062,0.7121579494284724,"ADASYN(n_neighbors=9, random_state=21)",21
1.0,8698,8698,,,0.8849992323046215,0.7297533671506035,,,0.870280568063734,0.7324211984759266,"ADASYN(n_neighbors=9, random_state=21)",21
0.005,8698,4370,0.9713136949208172,0.035133405024903565,0.8197507190795782,0.5514806824867621,0.95,0.06123724356957945,0.8046414963630066,0.6039140976792519,"SMOTEENN(enn=EditedNearestNeighbours(), random_state=21,
         smote=SMOTE(k_neighbors=3, random_state=21))",21
0.01,8698,4392,0.981396312689349,0.01525719331228027,0.860990573095915,0.6905212454842594,0.9652777777777779,0.02846375212766556,0.8391063387599584,0.6884308971250432,"SMOTEENN(enn=EditedNearestNeighbours(), random_state=21,
         smote=SMOTE(k_neighbors=3, random_state=21))",21
0.03,8698,4479,0.9916872114132186,0.012221761919722494,0.8663441185364379,0.7074642303051198,0.9846153846153847,0.022426738057097315,0.8468998960859022,0.7060962937305161,"SMOTEENN(enn=EditedNearestNeighbours(), random_state=21,
         smote=SMOTE(k_neighbors=3, random_state=21))",21
0.05,8698,4566,0.9938833963240852,0.00675885774494367,0.8663955414972134,0.7106390268973788,0.9907411619878502,0.013184073360386258,0.846380325597506,0.7074818150329061,"SMOTEENN(enn=EditedNearestNeighbours(), random_state=21,
         smote=SMOTE(k_neighbors=3, random_state=21))",21
0.1,8698,4783,0.9967956446529886,0.0028722109993552093,0.8921219625444977,0.7364518976169462,0.9942261427425821,0.005170462144071948,0.8792864565292691,0.7414270869414616,"SMOTEENN(enn=EditedNearestNeighbours(), random_state=21,
         smote=SMOTE(k_neighbors=3, random_state=21))",21
0.25,8696,5436,0.9991358229986285,0.001154315424483997,0.8595287801968386,0.7048264182895851,0.9989632662152058,0.0017996306676201852,0.8368548666435747,0.6981295462417735,"SMOTEENN(enn=EditedNearestNeighbours(), random_state=21,
         smote=SMOTE(k_neighbors=3, random_state=21))",21
0.5,8695,6523,0.9996546423809317,0.00042297509024737714,0.8632619439868204,0.7192035099561256,0.9995397001959849,0.0005637504463773807,0.8418773813647384,0.711811569102875,"SMOTEENN(enn=EditedNearestNeighbours(), random_state=21,
         smote=SMOTE(k_neighbors=3, random_state=21))",21
1.0,8695,8698,0.9997700486555307,0.00028163174926613114,0.8663760709454381,0.7229935658652218,0.9997699826726454,0.00028171261963820814,0.8460339452719086,0.71666089366124,"SMOTEENN(enn=EditedNearestNeighbours(), random_state=21,
         smote=SMOTE(k_neighbors=3, random_state=21))",21
0.005,8698,4370,0.9856568474604085,0.02868630507918275,0.8338794233289646,0.5494191970654168,0.975,0.049999999999999996,0.8243851749220644,0.617076550051957,"SMOTEENN(enn=EditedNearestNeighbours(n_neighbors=5), random_state=21,
         smote=SMOTE(random_state=21))",21
0.01,8698,4392,0.9806610845168844,0.025450766402943147,0.8543833580980683,0.6840757808499744,0.9652777777777779,0.04521894610027698,0.830273640457222,0.6794250086595082,"SMOTEENN(enn=EditedNearestNeighbours(n_neighbors=5), random_state=21,
         smote=SMOTE(random_state=21))",21
0.03,8697,4479,0.996038771355227,0.007922457289545904,0.8614692653673164,0.7025457030582607,0.996038771355227,0.007922457289545904,0.8399722895739522,0.698475926567371,"SMOTEENN(enn=EditedNearestNeighbours(n_neighbors=5), random_state=21,
         smote=SMOTE(random_state=21))",21
0.05,8698,4566,0.9950916583916907,0.004573213102700848,0.8606151537884471,0.7104771608082866,0.9908033826638478,0.008532953941061546,0.8391063387599584,0.7047107724281261,"SMOTEENN(enn=EditedNearestNeighbours(n_neighbors=5), random_state=21,
         smote=SMOTE(random_state=21))",21
0.1,8697,4783,0.9968024190056919,0.003517334652404234,0.888135593220339,0.7402234636871509,0.995287356321839,0.006626912784091733,0.8742639418081053,0.7422930377554555,"SMOTEENN(enn=EditedNearestNeighbours(n_neighbors=5), random_state=21,
         smote=SMOTE(random_state=21))",21
0.25,8694,5436,0.9994242254936111,0.0007051786314012199,0.8739954510993176,0.702882096069869,0.9990804549105821,0.001126213092006727,0.8560789747142362,0.7054035330793211,"SMOTEENN(enn=EditedNearestNeighbours(n_neighbors=5), random_state=21,
         smote=SMOTE(random_state=21))",21
0.5,8693,6523,0.999482592808544,0.00042246127147582013,0.8623578695391981,0.7100932994062765,0.9994251550864384,0.0005140386835872422,0.8406650502251471,0.704018011776931,"SMOTEENN(enn=EditedNearestNeighbours(n_neighbors=5), random_state=21,
         smote=SMOTE(random_state=21))",21
1.0,8690,8698,0.9997700486555307,0.00028163174926613114,0.858121185052851,0.7278155581356776,0.9997699826726454,0.00028171261963820814,0.8349497748527883,0.7157949428472463,"SMOTEENN(enn=EditedNearestNeighbours(n_neighbors=5), random_state=21,
         smote=SMOTE(random_state=21))",21
0.005,8693,4370,0.9888313845760655,0.02233723084786918,0.829985301322881,0.5453807106598985,0.9800000000000001,0.03999999999999999,0.8197090405264982,0.612227225493592,"SMOTEENN(enn=EditedNearestNeighbours(n_neighbors=7), random_state=21,
         smote=SMOTE(k_neighbors=7, random_state=21))",21
0.01,8692,4392,0.9813962466304028,0.015257241351871577,0.8443008225616921,0.6814144461203284,0.9652777777777779,0.02846375212766556,0.8164184274333218,0.6707655005195705,"SMOTEENN(enn=EditedNearestNeighbours(n_neighbors=7), random_state=21,
         smote=SMOTE(k_neighbors=7, random_state=21))",21
0.03,8696,4479,0.9918486782432767,0.007677749670952836,0.8585949177877429,0.696483441447593,0.9846153846153847,0.01439098994913053,0.8361621059923796,0.6920678905438171,"SMOTEENN(enn=EditedNearestNeighbours(n_neighbors=7), random_state=21,
         smote=SMOTE(k_neighbors=7, random_state=21))",21
0.05,8695,4566,0.9925687994100707,0.007213920830022845,0.8658296778097111,0.7014201593349497,0.9862050739957716,0.013317141349651866,0.846380325597506,0.7014201593349497,"SMOTEENN(enn=EditedNearestNeighbours(n_neighbors=7), random_state=21,
         smote=SMOTE(k_neighbors=7, random_state=21))",21
0.1,8695,4783,0.9968156273778653,0.0020203994522110967,0.8882724610879951,0.7337195014920134,0.9952739909115209,0.004185781926178112,0.8744371319709041,0.7372705230342916,"SMOTEENN(enn=EditedNearestNeighbours(n_neighbors=7), random_state=21,
         smote=SMOTE(k_neighbors=7, random_state=21))",21
0.25,8693,5436,0.9985612494676304,0.001579194068557606,0.8680722891566265,0.7099210435976656,0.9983938358836545,0.00264979371396333,0.8482854173882923,0.7073086248701074,"SMOTEENN(enn=EditedNearestNeighbours(n_neighbors=7), random_state=21,
         smote=SMOTE(k_neighbors=7, random_state=21))",21
0.5,8685,6523,0.9996547084398781,0.000422894275680254,0.8595287801968386,0.7122411180333389,0.9995397001959849,0.0005637504463773807,0.8368548666435747,0.704018011776931,"SMOTEENN(enn=EditedNearestNeighbours(n_neighbors=7), random_state=21,
         smote=SMOTE(k_neighbors=7, random_state=21))",21
1.0,8687,8698,0.9996550398777618,0.0002816587863049629,0.8704318936877077,0.7211489143443324,0.9996549078740262,0.00028176664444860876,0.85140284031867,0.7175268444752338,"SMOTEENN(enn=EditedNearestNeighbours(n_neighbors=7), random_state=21,
         smote=SMOTE(k_neighbors=7, random_state=21))",21
0.005,8688,4370,0.9888313845760655,0.02233723084786918,0.8374208218288127,0.5698301698301699,0.9800000000000001,0.03999999999999999,0.8266366470384482,0.6271215794942847,"SMOTEENN(enn=EditedNearestNeighbours(n_neighbors=9), random_state=21,
         smote=SMOTE(k_neighbors=9, random_state=21))",21
0.01,8693,4392,0.965427358112127,0.043314888222381144,0.8487891317188423,0.6813261163734776,0.9416666666666667,0.07264831572567791,0.8226532732940769,0.6737097332871493,"SMOTEENN(enn=EditedNearestNeighbours(n_neighbors=9), random_state=21,
         smote=SMOTE(k_neighbors=9, random_state=21))",21
0.03,8694,4479,0.9881082651683204,0.0036010788422393657,0.8615937687237867,0.7079224753485209,0.9843854995579134,0.00723253757736515,0.8399722895739522,0.7024593003117423,"SMOTEENN(enn=EditedNearestNeighbours(n_neighbors=9), random_state=21,
         smote=SMOTE(k_neighbors=9, random_state=21))",21
0.05,8697,4566,0.9950904439150626,0.004648270187385739,0.8679245283018868,0.7093443469282396,0.9908033826638478,0.00867419729209689,0.8484586075510911,0.7074818150329061,"SMOTEENN(enn=EditedNearestNeighbours(n_neighbors=9), random_state=21,
         smote=SMOTE(k_neighbors=9, random_state=21))",21
0.1,8689,4783,0.9974578876683176,0.0012712301556040456,0.88608762490392,0.7352068423808693,0.9964234161988774,0.0026918958343962714,0.871666089366124,0.7372705230342916,"SMOTEENN(enn=EditedNearestNeighbours(n_neighbors=9), random_state=21,
         smote=SMOTE(k_neighbors=9, random_state=21))",21
0.25,8691,5436,0.9997126766886517,0.0005746466226967062,0.8713529856386999,0.7078573901003807,0.9995412844036696,0.0009174311926605226,0.8526151714582612,0.7076550051957049,"SMOTEENN(enn=EditedNearestNeighbours(n_neighbors=9), random_state=21,
         smote=SMOTE(k_neighbors=9, random_state=21))",21
0.5,8686,6523,0.9996549738950076,0.0004225689525856398,0.8602985074626865,0.7086081515305259,0.9995402298850575,0.0005631010902949665,0.8378940076203671,0.7015933494977484,"SMOTEENN(enn=EditedNearestNeighbours(n_neighbors=9), random_state=21,
         smote=SMOTE(k_neighbors=9, random_state=21))",21
1.0,8683,8698,0.9996550401820056,0.00028165853777183884,0.8632619439868204,0.7271507630387389,0.999655172413793,0.00028155054514748324,0.8418773813647384,0.7182196051264289,"SMOTEENN(enn=EditedNearestNeighbours(n_neighbors=9), random_state=21,
         smote=SMOTE(k_neighbors=9, random_state=21))",21
0.005,8698,4370,0.9713136949208172,0.035133405024903565,0.8399538486896324,0.5509573810994441,0.95,0.06123724356957946,0.8318323519224108,0.6222722549359196,"SMOTETomek(random_state=21, smote=SMOTE(k_neighbors=3, random_state=21),
           tomek=TomekLinks())",21
0.01,8698,4392,0.974721161355667,0.023646093206423687,0.8608617594254937,0.6888238333046324,0.9541666666666666,0.04203540541783767,0.8389331485971596,0.6870453758226533,"SMOTETomek(random_state=21, smote=SMOTE(k_neighbors=3, random_state=21),
           tomek=TomekLinks())",21
0.03,8698,4479,0.9960374806667438,0.004854482645980771,0.8634520054078414,0.709094011260877,0.9960389036251105,0.007638080352733785,0.8425701420159335,0.7047107724281261,"SMOTETomek(random_state=21, smote=SMOTE(k_neighbors=3, random_state=21),
           tomek=TomekLinks())",21
0.05,8698,4566,0.9963526125346821,0.0048744176917635525,0.8711693855770697,0.7092050209205021,0.9952867488031882,0.005778623932813735,0.8536543124350537,0.71111880845168,"SMOTETomek(random_state=21, smote=SMOTE(k_neighbors=3, random_state=21),
           tomek=TomekLinks())",21
0.1,8698,4783,0.9974578986537784,0.003113494497122266,0.8821548821548821,0.727304408433525,0.997471264367816,0.0045048087223598645,0.8666435746449601,0.7289573952199515,"SMOTETomek(random_state=21, smote=SMOTE(k_neighbors=3, random_state=21),
           tomek=TomekLinks())",21
0.25,8698,5436,0.9985652136993055,0.0015683391755332598,0.8637794095609171,0.7168725672702657,0.9983918542567807,0.0013779117064328889,0.8425701420159335,0.7102528576376862,"SMOTETomek(random_state=21, smote=SMOTE(k_neighbors=3, random_state=21),
           tomek=TomekLinks())",21
0.5,8698,6523,0.9996551720721086,0.0004223263524411363,0.8665063138905592,0.7187765505522515,0.999655172413793,0.00045977011494251484,0.8462071354347074,0.7133702805680637,"SMOTETomek(random_state=21, smote=SMOTE(k_neighbors=3, random_state=21),
           tomek=TomekLinks())",21
1.0,8698,8698,0.9995401635221295,0.0002299182746863228,0.8849992323046215,0.7297533671506035,0.999540097615174,0.00022995133506812794,0.870280568063734,0.7324211984759266,"SMOTETomek(random_state=21, smote=SMOTE(k_neighbors=3, random_state=21),
           tomek=TomekLinks())",21
0.005,8698,4370,0.9665518561040949,0.06689628779181019,0.8370491803278689,0.5507660878447396,0.95,0.09999999999999999,0.8278489781780395,0.6191548320055421,"SMOTETomek(random_state=21, smote=SMOTE(random_state=21), tomek=TomekLinks())",21
0.01,8698,4392,0.9746721417098592,0.012784779327505045,0.8559094968740697,0.6872758326216909,0.9527777777777778,0.023814483610392012,0.832351922410807,0.6828888119154832,"SMOTETomek(random_state=21, smote=SMOTE(random_state=21), tomek=TomekLinks())",21
0.03,8698,4479,0.9856372137785183,0.008249660802143548,0.8545967622159513,0.7032117033798554,0.9730769230769232,0.015384615384615379,0.8304468306200208,0.6943193626602009,"SMOTETomek(random_state=21, smote=SMOTE(random_state=21), tomek=TomekLinks())",21
0.05,8698,4566,0.9962973735152424,0.004971651486327809,0.8606459330143541,0.7095681625740897,0.993076109936575,0.009276463183695075,0.8385867682715622,0.7029788708001385,"SMOTETomek(random_state=21, smote=SMOTE(random_state=21), tomek=TomekLinks())",21
0.1,8698,4783,0.9968287267292565,0.002827925273682541,0.8878619839802834,0.7357730695149711,0.9963084736701416,0.0044520613103909085,0.8739175614825079,0.7386560443366816,"SMOTETomek(random_state=21, smote=SMOTE(random_state=21), tomek=TomekLinks())",21
0.25,8698,5436,0.9991368361233164,0.0007047726989411368,0.8678109003312255,0.7114461960246744,0.9989655123818466,0.001053476811575694,0.8479390370626949,0.7083477658469,"SMOTETomek(random_state=21, smote=SMOTE(random_state=21), tomek=TomekLinks())",21
0.5,8698,6523,0.999482394783565,0.0004226229066986142,0.8619709884851204,0.7121340328312743,0.9993103448275862,0.0005631010902949665,0.8401454797367509,0.7054035330793211,"SMOTETomek(random_state=21, smote=SMOTE(random_state=21), tomek=TomekLinks())",21
1.0,8698,8698,0.9997700486555307,0.00028163174926613114,0.8849992323046215,0.7297533671506035,0.9997699826726454,0.00028171261963820814,0.870280568063734,0.7324211984759266,"SMOTETomek(random_state=21, smote=SMOTE(random_state=21), tomek=TomekLinks())",21
0.005,8698,4370,0.9856568474604085,0.02868630507918275,0.8267936299458217,0.5380523731587561,0.975,0.049999999999999996,0.8172843782473156,0.6089366124004156,"SMOTETomek(random_state=21, smote=SMOTE(k_neighbors=7, random_state=21),
           tomek=TomekLinks())",21
0.01,8698,4392,0.9796596178977139,0.028276385137655086,0.8472775564409031,0.6781725888324873,0.9638888888888889,0.049378857873975494,0.8207481815032907,0.6705923103567717,"SMOTETomek(random_state=21, smote=SMOTE(k_neighbors=7, random_state=21),
           tomek=TomekLinks())",21
0.03,8698,4479,0.9938669668698257,0.008210380387981216,0.8511772545535318,0.6998491704374057,0.9884615384615385,0.01538461538461537,0.8259438863872532,0.6898164184274334,"SMOTETomek(random_state=21, smote=SMOTE(k_neighbors=7, random_state=21),
           tomek=TomekLinks())",21
0.05,8698,4566,0.9901251992214778,0.005112581486657955,0.8609649782053209,0.7037290455011974,0.9837116959490656,0.009302756051089088,0.8397990994111535,0.7000346380325597,"SMOTETomek(random_state=21, smote=SMOTE(k_neighbors=7, random_state=21),
           tomek=TomekLinks())",21
0.1,8698,4783,0.9948555396071839,0.0072519804561027666,0.8890945549899738,0.7426675977653632,0.9928735632183908,0.011300668695292374,0.8754762729476966,0.7447177000346381,"SMOTETomek(random_state=21, smote=SMOTE(k_neighbors=7, random_state=21),
           tomek=TomekLinks())",21
0.25,8698,5436,0.9991368386078822,0.0011512961250350914,0.8742605794023964,0.7234262125902993,0.9989676262786038,0.0017912742364763889,0.8564253550398337,0.7215102182196051,"SMOTETomek(random_state=21, smote=SMOTE(k_neighbors=7, random_state=21),
           tomek=TomekLinks())",21
0.5,8698,6523,0.9994830543507195,0.000689013810264715,0.8706948640483384,0.7216142270861833,0.9995402298850575,0.0005631010902949665,0.8517492206442674,0.7180464149636301,"SMOTETomek(random_state=21, smote=SMOTE(k_neighbors=7, random_state=21),
           tomek=TomekLinks())",21
1.0,8698,8698,0.9996550401820056,0.00028165853777183884,0.8849992323046215,0.7297533671506035,0.999655172413793,0.00028155054514748324,0.870280568063734,0.7324211984759266,"SMOTETomek(random_state=21, smote=SMOTE(k_neighbors=7, random_state=21),
           tomek=TomekLinks())",21
0.005,8698,4370,0.9426273898416344,0.08363423247878547,0.8351863963374755,0.551738158162228,0.915,0.11789826122551599,0.825424315898857,0.6181156910287495,"SMOTETomek(random_state=21, smote=SMOTE(k_neighbors=9, random_state=21),
           tomek=TomekLinks())",21
0.01,8698,4392,0.9806610845168844,0.025450766402943147,0.8485207100591716,0.6768655447900731,0.9652777777777779,0.04521894610027698,0.8226532732940769,0.6707655005195705,"SMOTETomek(random_state=21, smote=SMOTE(k_neighbors=9, random_state=21),
           tomek=TomekLinks())",21
0.03,8698,4479,0.9816418992382843,0.015458303296234438,0.8580838323353294,0.696068376068376,0.97657824933687,0.028141687408934798,0.8358157256667822,0.6920678905438171,"SMOTETomek(random_state=21, smote=SMOTE(k_neighbors=9, random_state=21),
           tomek=TomekLinks())",21
0.05,8698,4566,0.9963252527155955,0.0030008228873332522,0.8671792552389568,0.710928118030537,0.993076109936575,0.005654156076243697,0.8474194665742986,0.7081745756841011,"SMOTETomek(random_state=21, smote=SMOTE(k_neighbors=9, random_state=21),
           tomek=TomekLinks())",21
0.1,8698,4783,0.9962001862260166,0.00236381175549193,0.8801343716597954,0.736823975198071,0.9962068965517241,0.0026611119316759407,0.8640457222029789,0.7353654312435054,"SMOTETomek(random_state=21, smote=SMOTE(k_neighbors=9, random_state=21),
           tomek=TomekLinks())",21
0.25,8698,5436,0.9985630432771849,0.0015740995274573864,0.8725401150469271,0.7151975159565293,0.9987333811577346,0.0013817162570764043,0.85417388292345,0.7140630412192588,"SMOTETomek(random_state=21, smote=SMOTE(k_neighbors=9, random_state=21),
           tomek=TomekLinks())",21
0.5,8698,6523,0.9993097485837877,0.0006454497067014566,0.862228870605834,0.7082201086956522,0.9991947403398946,0.0006900969980686505,0.8404918600623484,0.7024593003117423,"SMOTETomek(random_state=21, smote=SMOTE(k_neighbors=9, random_state=21),
           tomek=TomekLinks())",21
1.0,8698,8698,0.9996551723758282,0.0004597701339249808,0.8849992323046215,0.7297533671506035,0.999655172413793,0.0004597701149425148,0.870280568063734,0.7324211984759266,"SMOTETomek(random_state=21, smote=SMOTE(k_neighbors=9, random_state=21),
           tomek=TomekLinks())",21
0.005,4370,4370,0.9314587744176999,0.006349074231313568,0.8993656780387451,0.6833470057424118,0.8800000000000001,0.010000000000000009,0.8983373744371319,0.7325943886387254,no Sampler(),42
0.01,4392,4392,0.9553822458725516,0.015137654584377219,0.8839946200403497,0.6968983117393012,0.9194444444444445,0.025077041785094168,0.8804987876688604,0.7325943886387254,no Sampler(),42
0.03,4479,4479,0.9876507002190671,0.010329679084741132,0.9022222222222223,0.7638963360142985,0.976923076923077,0.018842228790639844,0.8933148597159681,0.7712157949428473,no Sampler(),42
0.05,4566,4566,0.991361738146793,0.006319315237802027,0.9111747851002865,0.7792254149562734,0.9839323467230443,0.011631990441935209,0.9033598891582958,0.7857637686179425,no Sampler(),42
0.1,4783,4783,0.9948276478214788,0.005281286519335369,0.9333549537862819,0.7958996888156691,0.990751136059877,0.009417219170522375,0.9288188430897125,0.8068929684793904,no Sampler(),42
0.25,5436,5436,0.9985540537504235,0.001829472621065903,0.9286519568368498,0.8243195475433015,0.9976958525345623,0.002914541622275009,0.9232767578801524,0.8278489781780395,no Sampler(),42
0.5,6523,6523,0.9991367696466245,0.0007722465203049763,0.9155131264916467,0.7942685299840793,0.9989643255933508,0.0009210970859365323,0.9080360235538621,0.7985798406650502,no Sampler(),42
1.0,8698,8698,0.9995401637501813,0.0004300932569338725,0.9111111111111111,0.7858407079646018,0.9995402298850575,0.0004300755616981412,0.9030135088326983,0.7904399030135087,no Sampler(),42
0.005,8698,4370,0.9522087035645035,0.06586739526723598,0.8910829023664002,0.7795791652293894,0.925,0.1,0.8796328368548667,0.7786629719431937,RandomOverSampler(random_state=42),42
0.01,8698,4392,0.9754564554353491,0.012365398113819051,0.8626832728992591,0.7256668433139022,0.9541666666666666,0.023073955174772436,0.8491513682022861,0.7310356771735366,RandomOverSampler(random_state=42),42
0.03,8698,4479,0.9919225381380082,0.007660674328583019,0.8709726213885948,0.7584830339321357,0.9883465959328028,0.015299892737476735,0.8522687911326636,0.7485278836162106,RandomOverSampler(random_state=42),42
0.05,8698,4566,0.9927053568837992,0.008970241388660387,0.8842428900845504,0.7610105838170024,0.9906792058516196,0.013392399624345491,0.8695878074125389,0.7575337720817457,RandomOverSampler(random_state=42),42
0.1,8698,4783,0.9974579267084754,0.0023867377008534737,0.925349173222026,0.7873188405797101,0.9964366493393119,0.004516437245851441,0.9194665742985799,0.796674748874264,RandomOverSampler(random_state=42),42
0.25,8698,5436,0.9994242254936111,0.00070517863140122,0.921061041866411,0.796863863150392,0.9990804549105821,0.0011262130920067267,0.9144440595774159,0.8025632144094215,RandomOverSampler(random_state=42),42
0.5,8698,6523,0.9991369040193201,0.0005458493169637085,0.9010473659527903,0.7714085983921706,0.9988500450235712,0.0007269611535478959,0.8903706269483893,0.7734672670592311,RandomOverSampler(random_state=42),42
1.0,8698,8698,0.9996550401059447,0.00046000162402863267,0.9111111111111111,0.7858407079646018,0.9996550401439096,0.000460001605066636,0.9030135088326983,0.7904399030135087,RandomOverSampler(random_state=42),42
0.005,42,4370,0.7165609353869196,0.10960298367830622,0.8453063023358308,0.7592738752959748,0.9398792375963918,0.05461256019343954,0.817630758572913,0.7358850017319016,RandomUnderSampler(random_state=42),42
0.01,86,4392,0.7815331369417928,0.09826117749073267,0.82527664531159,0.7446709195581142,0.9678797027454819,0.02529060161086074,0.7921718046414964,0.7157949428472463,RandomUnderSampler(random_state=42),42
0.03,260,4479,0.847918984875674,0.05699668323195957,0.8389173372348208,0.7514159848961611,0.9830480170200817,0.005734216562820344,0.809317630758573,0.7263595427779702,RandomUnderSampler(random_state=42),42
0.05,434,4566,0.9594407459474091,0.01460685906657811,0.8365804012794417,0.7332594586037676,0.9892826096786488,0.008742335358743428,0.8053342570142016,0.7081745756841011,RandomUnderSampler(random_state=42),42
0.1,868,4783,0.9877168225583987,0.012516314701148694,0.8611525828605554,0.7634948938239585,0.9945572081088205,0.007241004393237383,0.8389331485971597,0.7473155524766193,RandomUnderSampler(random_state=42),42
0.25,2174,5436,0.9971330885570191,0.0020266616062585485,0.9011092016872364,0.7949289018331335,0.9981586685140563,0.001835647406243671,0.8903706269483893,0.7926913751298926,RandomUnderSampler(random_state=42),42
0.5,4348,6523,0.9993100790307722,0.0006451848744083008,0.8987993138936535,0.7756588072122053,0.9993098151385137,0.0006705884577789498,0.8875995843436093,0.7758919293384137,RandomUnderSampler(random_state=42),42
1.0,8698,8698,0.9995402288220372,0.0006702262959914537,0.9238171611868484,0.8026409707351891,0.9995402298850575,0.0006702243557293247,0.9177346726705923,0.8084516799445791,RandomUnderSampler(random_state=42),42
0.005,8698,4370,0.960541904931673,0.05123954086989138,0.9030620339520863,0.7850992795642242,0.9349999999999999,0.08306623862918074,0.8941808105299619,0.788188430897125,"SMOTE(k_neighbors=3, random_state=42)",42
0.01,8698,4392,0.9747212272628845,0.02364589462158307,0.8465189873417721,0.7058405822829753,0.9541666666666666,0.04203540541783767,0.8320055420852096,0.7130239002424663,"SMOTE(k_neighbors=3, random_state=42)",42
0.03,8698,4479,0.9857909938734182,0.008138775823757216,0.8905765654060757,0.7639440511137973,0.9768081343943414,0.014362077341306111,0.8777277450640804,0.7632490474541046,"SMOTE(k_neighbors=3, random_state=42)",42
0.05,8698,4566,0.9900382763558493,0.008691308893992531,0.8813298445436355,0.7544130248500428,0.9837116959490657,0.01577311430687848,0.8664703844821614,0.7518184967093868,"SMOTE(k_neighbors=3, random_state=42)",42
0.1,8698,4783,0.9961862019676413,0.0023795772953776667,0.9246069939043953,0.7938107232817561,0.9951454184327003,0.004117196987767732,0.918600623484586,0.801524073432629,"SMOTE(k_neighbors=3, random_state=42)",42
0.25,8698,5436,0.9988464544526421,0.0014128025374363533,0.9134706814580031,0.7893342751191947,0.9985025689920016,0.0019137773945377332,0.9054381711118809,0.7933841357810876,"SMOTE(k_neighbors=3, random_state=42)",42
0.5,8698,6523,0.9991361681643267,0.0009474475417621817,0.9045825486503453,0.7745786516853933,0.9989639281741617,0.0012829430184639174,0.8947003810183581,0.7776238309664011,"SMOTE(k_neighbors=3, random_state=42)",42
1.0,8698,8698,0.9997700486555307,0.00028163174926613114,0.9111111111111111,0.7858407079646018,0.9997699826726454,0.00028171261963820814,0.9030135088326983,0.7904399030135087,"SMOTE(k_neighbors=3, random_state=42)",42
0.005,8698,4370,0.9601450794968827,0.033053523441061626,0.8900753768844221,0.7733425893786879,0.93,0.057879184513951125,0.8787668860408728,0.7738136473848285,SMOTE(random_state=42),42
0.01,8698,4392,0.9754564554353491,0.012365398113819051,0.8592338835253815,0.7149622873180144,0.9541666666666666,0.023073955174772436,0.8434360928299273,0.7185659854520263,SMOTE(random_state=42),42
0.03,8698,4479,0.9918487443022231,0.007677732979371165,0.8954991434356019,0.7668231611893583,0.9846153846153847,0.014390989949130528,0.8837894007620367,0.7677519916868722,SMOTE(random_state=42),42
0.05,8698,4566,0.9914144809593957,0.006340763874789175,0.8915774778966962,0.7643091820854228,0.9881949298185226,0.010405688417652994,0.8789400762036716,0.7639418081052995,SMOTE(random_state=42),42
0.1,8698,4783,0.9968223219584754,0.0020203550307156624,0.9340463458110517,0.8087649402390438,0.9963218390804597,0.00443088167066584,0.9295116037409075,0.8171111880845168,SMOTE(random_state=42),42
0.25,8698,5436,0.9976950278050227,0.0014696707021298666,0.9272844272844273,0.8024425287356322,0.9970072518807607,0.0018359427995228422,0.9217180464149637,0.8094908209213716,SMOTE(random_state=42),42
0.5,8698,6523,0.9993093511645987,0.0006460868780554745,0.9125752296484004,0.7715154768294865,0.9990799300810425,0.0008602933293753327,0.9043990301350884,0.7788361621059924,SMOTE(random_state=42),42
1.0,8698,8698,0.9995400297308883,0.0006706018915029699,0.9111111111111111,0.7858407079646018,0.9995398330754071,0.0006709729827247981,0.9030135088326983,0.7904399030135087,SMOTE(random_state=42),42
0.005,8698,4370,0.9744882320364742,0.03164600561972855,0.8797038864898211,0.7700643413477819,0.9550000000000001,0.055677643628300216,0.8649116730169726,0.7648077589192934,"SMOTE(k_neighbors=7, random_state=42)",42
0.01,8698,4392,0.9662605596685985,0.030335802415867905,0.8558081594518842,0.7104247104247104,0.9402777777777779,0.05299662230094143,0.8396259092483547,0.7142362313820575,"SMOTE(k_neighbors=7, random_state=42)",42
0.03,8698,4479,0.9831984460836691,0.01735844000702527,0.8900945589831034,0.7667929727867723,0.9729619805481875,0.0334383610406292,0.8772081745756841,0.7655005195704884,"SMOTE(k_neighbors=7, random_state=42)",42
0.05,8698,4566,0.9927304256625653,0.005907431550801955,0.8891983905911482,0.7647564963001204,0.990573365336493,0.008595612990164429,0.8759958434360928,0.7632490474541046,"SMOTE(k_neighbors=7, random_state=42)",42
0.1,8698,4783,0.9968156273778653,0.0020203994522110967,0.9232740669549896,0.7848879248011569,0.9952739909115209,0.004185781926178112,0.9170419120193973,0.7939037062694838,"SMOTE(k_neighbors=7, random_state=42)",42
0.25,8698,5436,0.9985582012827118,0.001289560000491536,0.9317814419657291,0.8089401586157173,0.9977000803280769,0.002056177281149831,0.9269137512989263,0.8164184274333217,"SMOTE(k_neighbors=7, random_state=42)",42
0.5,8698,6523,0.9989651198623857,0.0008455830927753701,0.9045825486503453,0.773286467486819,0.9989653849714959,0.00098901904096736,0.8947003810183581,0.7765846899896085,"SMOTE(k_neighbors=7, random_state=42)",42
1.0,8698,8698,0.999655106240952,0.00028160460087292593,0.9111111111111111,0.7858407079646018,0.999655172413793,0.00028155054514748324,0.9030135088326983,0.7904399030135087,"SMOTE(k_neighbors=7, random_state=42)",42
0.005,8698,4370,0.9282842373020431,0.07856068191671703,0.863975628332064,0.7549248747913189,0.8998850574712645,0.09372585345442493,0.8453411846207135,0.7457568410114306,"SMOTE(k_neighbors=9, random_state=42)",42
0.01,8698,4392,0.9628203716628448,0.02384557504820494,0.8531967721911856,0.7089447938504543,0.9511587392916507,0.04624208091362112,0.8361621059923796,0.7114651887772775,"SMOTE(k_neighbors=9, random_state=42)",42
0.03,8698,4479,0.9880398730977028,0.0039252904001490655,0.8972399812880087,0.7762588683163177,0.9843854995579134,0.007523187386255204,0.8858676827156218,0.7760651195012124,"SMOTE(k_neighbors=9, random_state=42)",42
0.05,8698,4566,0.9927014923833909,0.004579214607908596,0.8860368022266893,0.7587870434183321,0.9905205112138715,0.008597590328920992,0.8723588500173189,0.7575337720817458,"SMOTE(k_neighbors=9, random_state=42)",42
0.1,8698,4783,0.9948958189539763,0.0025853195483072997,0.9165474487362899,0.7932011331444759,0.9928735632183908,0.006467496504200071,0.9090751645306547,0.7977138898510565,"SMOTE(k_neighbors=9, random_state=42)",42
0.25,8698,5436,0.9979855058483984,0.002511260345449248,0.9097222222222222,0.7969348659003831,0.9978203100284719,0.0035604889852936927,0.9009352268791133,0.7980602701766539,"SMOTE(k_neighbors=9, random_state=42)",42
0.5,8698,6523,0.9987914792739522,0.000881169854146009,0.9174896463841988,0.7849097085642768,0.9986196302770274,0.0010674192940204564,0.9102874956702459,0.7916522341531,"SMOTE(k_neighbors=9, random_state=42)",42
1.0,8698,8698,0.9996550394974559,0.0004600026890485254,0.9111111111111111,0.7858407079646018,0.9996549078740262,0.0004602331308109901,0.9030135088326983,0.7904399030135087,"SMOTE(k_neighbors=9, random_state=42)",42
0.005,8698,4370,0.9601450794968827,0.033053523441061626,0.8779617007465109,0.7158246656760773,0.93,0.057879184513951125,0.8697609975753378,0.7350190509179079,"BorderlineSMOTE(k_neighbors=3, random_state=42)",42
0.01,8698,4392,0.9738880257064132,0.03910429450552074,0.8392016874898588,0.6742031134173462,0.9555555555555555,0.06478835438717004,0.8283685486664358,0.6955316937997922,"BorderlineSMOTE(k_neighbors=3, random_state=42)",42
0.03,8698,4479,0.9938669668698257,0.008210380387981216,0.8290140437237585,0.7149666348903718,0.9884615384615385,0.01538461538461537,0.7954624177346727,0.6892968479390371,"BorderlineSMOTE(k_neighbors=3, random_state=42)",42
0.05,8698,4566,0.9914418406267533,0.003090542417339555,0.8744654856444716,0.7548572393985471,0.9882477839411443,0.010026549429424972,0.857637686179425,0.7487010737790094,"BorderlineSMOTE(k_neighbors=3, random_state=42)",42
0.1,8698,4783,0.9974711221485115,0.0012645226410149162,0.9148395297108357,0.7644717800289436,0.9974711320979326,0.002636073219199719,0.9071700727398684,0.7745064080360236,"BorderlineSMOTE(k_neighbors=3, random_state=42)",42
0.25,8698,5436,0.9985602003018575,0.000910168839072683,0.8998744507219083,0.7546633505063066,0.9977021942248342,0.0014505953241767248,0.8895046761343955,0.7608243851749221,"BorderlineSMOTE(k_neighbors=3, random_state=42)",42
0.5,8698,6523,0.9991378317750901,0.0007710579488313739,0.8899460830954646,0.7880886426592798,0.999080459770115,0.0007795781589798924,0.8798060270176653,0.7880152407343263,"BorderlineSMOTE(k_neighbors=3, random_state=42)",42
1.0,8698,8698,0.9997700486555307,0.00028163174926613114,0.9111111111111111,0.7858407079646018,0.9997699826726454,0.00028171261963820814,0.9030135088326983,0.7904399030135087,"BorderlineSMOTE(k_neighbors=3, random_state=42)",42
0.005,8698,4370,0.9601450794968827,0.033053523441061626,0.8482539682539683,0.7155248716587006,0.93,0.057879184513951125,0.8344302043643921,0.7216834083824039,BorderlineSMOTE(random_state=42),42
0.01,8698,4392,0.9687813701606135,0.019999003857408562,0.8458510470792001,0.7144861452122062,0.9430555555555555,0.0352460487234709,0.8304468306200208,0.7180464149636301,BorderlineSMOTE(random_state=42),42
0.03,8698,4479,0.9919270436706433,0.004036478166705386,0.8399648917495611,0.7236439723161113,0.9846153846153847,0.007692307692307665,0.8105299618981642,0.7026324904745411,BorderlineSMOTE(random_state=42),42
0.05,8698,4566,0.9926499199909781,0.004633278069272944,0.8985779027973121,0.767185586846248,0.9884157128623847,0.010157221980967888,0.8875995843436093,0.7694838933148598,BorderlineSMOTE(random_state=42),42
0.1,8698,4783,0.9968223219584754,0.0020203550307156624,0.9095215537659876,0.7676659528907923,0.9963218390804597,0.00443088167066584,0.9007620367163145,0.7745064080360236,BorderlineSMOTE(random_state=42),42
0.25,8698,5436,0.9974147681287995,0.002625239638801682,0.9058451816745655,0.7737252124645893,0.9968986510422969,0.002608408934008053,0.8967786629719432,0.7786629719431937,BorderlineSMOTE(random_state=42),42
0.5,8698,6523,0.9993099477900153,0.0010059153103381376,0.8911769364802787,0.7899740708729472,0.9991954022988505,0.001126202180589933,0.8810183581572566,0.7895739521995151,BorderlineSMOTE(random_state=42),42
1.0,8698,8698,0.9996551720721086,0.00045977066543429775,0.9111111111111111,0.7858407079646018,0.999655172413793,0.00045977011494251484,0.9030135088326983,0.7904399030135087,BorderlineSMOTE(random_state=42),42
0.005,8698,4370,0.960541904931673,0.05123954086989138,0.8576796618130578,0.7377162629757785,0.9349999999999999,0.08306623862918074,0.8425701420159335,0.7374437131970903,"BorderlineSMOTE(k_neighbors=7, random_state=42)",42
0.01,8698,4392,0.9813962466304028,0.015257241351871577,0.8468725257323833,0.7129727819017321,0.9652777777777779,0.02846375212766556,0.8325251125736058,0.7187391756148251,"BorderlineSMOTE(k_neighbors=7, random_state=42)",42
0.03,8698,4479,0.9857895050078337,0.005197845214059942,0.8312327973344923,0.7224069675376089,0.9768081343943413,0.014207336100333043,0.7982334603394527,0.696397644613786,"BorderlineSMOTE(k_neighbors=7, random_state=42)",42
0.05,8698,4566,0.9938565350729505,0.003947233275271415,0.8873804381363777,0.7673901897111605,0.9906355860124906,0.008567874680217193,0.8735711811569102,0.7642881884308972,"BorderlineSMOTE(k_neighbors=7, random_state=42)",42
0.1,8698,4783,0.9968355550989102,0.001999387906707788,0.9091195960870937,0.7723721590909091,0.9973563218390804,0.002559891661071305,0.9002424662279183,0.7779702112919986,"BorderlineSMOTE(k_neighbors=7, random_state=42)",42
0.25,8698,5436,0.9982667304390752,0.0016870923754455282,0.9224110291760179,0.7968498299624127,0.9972371369382319,0.002687440437285567,0.9161759612054035,0.8034291652234153,"BorderlineSMOTE(k_neighbors=7, random_state=42)",42
0.5,8698,6523,0.9994821953873819,0.00042278597357736506,0.8660886319845857,0.7505307855626328,0.9993098151385137,0.0005635344094063308,0.85555940422584,0.7558018704537582,"BorderlineSMOTE(k_neighbors=7, random_state=42)",42
1.0,8698,8698,0.9995402288220372,0.0006702262959914537,0.9111111111111111,0.7858407079646018,0.9995402298850575,0.0006702243557293247,0.9030135088326983,0.7904399030135087,"BorderlineSMOTE(k_neighbors=7, random_state=42)",42
0.005,8698,4370,0.8952111236405734,0.11550017852497955,0.842089234049033,0.7218019835266432,0.8550000000000001,0.14696938456699069,0.8204018011776931,0.7133702805680637,"BorderlineSMOTE(k_neighbors=9, random_state=42)",42
0.01,8698,4392,0.9671639868448159,0.03686246466913346,0.8461904007603358,0.7027604630454141,0.9430555555555555,0.060921422776281445,0.8318323519224108,0.7109456182888811,"BorderlineSMOTE(k_neighbors=9, random_state=42)",42
0.03,8698,4479,0.983915089178382,0.004923535958061248,0.8548891204048221,0.7495530635462376,0.9766931918656058,0.014025045479390574,0.8311395912712158,0.7331139591271216,"BorderlineSMOTE(k_neighbors=9, random_state=42)",42
0.05,8698,4566,0.9926509519155624,0.007180971276361826,0.8910246473414974,0.7701564380264742,0.9884157128623847,0.010417068805469982,0.8782473155524766,0.7684447523380672,"BorderlineSMOTE(k_neighbors=9, random_state=42)",42
0.1,8698,4783,0.9974171960365146,0.0037825754514270223,0.9100094726870855,0.773058468100231,0.9953622026196204,0.006777936796070953,0.9012816072047107,0.7788361621059924,"BorderlineSMOTE(k_neighbors=9, random_state=42)",42
0.25,8698,5436,0.9974035890932054,0.0021227736811725035,0.9300597641738007,0.8088473296169754,0.9962089910103504,0.0031541216383301715,0.9250086595081399,0.8158988569449255,"BorderlineSMOTE(k_neighbors=9, random_state=42)",42
0.5,8698,6523,0.9991369015748235,0.0005466916643048191,0.8734680884927583,0.7532147260877224,0.9989644578632344,0.0007642001783078218,0.8623138205749914,0.7573605819189471,"BorderlineSMOTE(k_neighbors=9, random_state=42)",42
1.0,8698,8698,0.999770114866599,0.00028155063814216556,0.9111111111111111,0.7858407079646018,0.9997701149425288,0.00028155054514748324,0.9030135088326983,0.7904399030135087,"BorderlineSMOTE(k_neighbors=9, random_state=42)",42
0.005,4370,4370,0.9127506084961766,0.0565021882006948,0.9017086787345627,0.7059996013553916,0.86,0.0845576726264388,0.8993765154139245,0.7445445098718393,EditedNearestNeighbours(),42
0.01,4392,4392,0.9671637891227715,0.03686282953809145,0.8840409464675281,0.7019324614483701,0.9430555555555555,0.06092142277628144,0.8803255975060617,0.7355386214063041,EditedNearestNeighbours(),42
0.03,4479,4479,0.9811060343871393,0.015763217910140678,0.9004424778761062,0.7700194449354781,0.9653846153846155,0.02826334318595975,0.8908901974367855,0.7746795981988224,EditedNearestNeighbours(),42
0.05,4566,4566,0.9913894123323583,0.004916599249885701,0.9125596184419714,0.7800963081861958,0.9839323467230443,0.009146054290200111,0.9047454104606858,0.7864565292691374,EditedNearestNeighbours(),42
0.1,4783,4783,0.9941925714695588,0.005171309627418891,0.9358245329000813,0.798826334128003,0.9896150761828387,0.009225773990841735,0.9315898856944925,0.8100103914097679,EditedNearestNeighbours(),42
0.25,5436,5436,0.998266664380129,0.0016870807649818605,0.9286519568368498,0.824942589648472,0.9972371369382319,0.002687440437285567,0.9232767578801524,0.8283685486664357,EditedNearestNeighbours(),42
0.5,6523,6523,0.999482394783565,0.0004226229066986142,0.9165601023017903,0.7879113018597997,0.9993103448275862,0.0005631010902949665,0.909594735019051,0.7945964669206789,EditedNearestNeighbours(),42
1.0,8695,8698,0.9996550394974559,0.0004600026890485254,0.920863309352518,0.793350017876296,0.9996549078740262,0.0004602331308109901,0.9142708694146172,0.7997921718046415,EditedNearestNeighbours(),42
0.005,4370,4370,0.9075919442446638,0.06558090048664394,0.9017086787345627,0.7059996013553916,0.8550000000000001,0.09539392014169457,0.8993765154139245,0.7445445098718393,EditedNearestNeighbours(n_neighbors=5),42
0.01,4392,4392,0.954429930865353,0.026981495111697684,0.8840409464675281,0.7019324614483701,0.9194444444444445,0.046811943184313115,0.8803255975060617,0.7355386214063041,EditedNearestNeighbours(n_neighbors=5),42
0.03,4479,4479,0.9836190571181331,0.005135489884225756,0.9004424778761062,0.7700194449354781,0.9692307692307693,0.009421114395319936,0.8908901974367855,0.7746795981988224,EditedNearestNeighbours(n_neighbors=5),42
0.05,4566,4566,0.992650886008345,0.0024273178929103616,0.9125596184419714,0.7800963081861958,0.9862050739957716,0.004467346006155471,0.9047454104606858,0.7864565292691374,EditedNearestNeighbours(n_neighbors=5),42
0.1,4783,4783,0.9948759820601392,0.0038596964579258324,0.9358245329000813,0.798826334128003,0.9908045977011495,0.006896551724137885,0.9315898856944925,0.8100103914097679,EditedNearestNeighbours(n_neighbors=5),42
0.25,5435,5436,0.9985611985522228,0.0012873181885746793,0.9174224343675418,0.8138075313807531,0.9980480811891861,0.0017629747642771718,0.9101143055074472,0.8150329061309318,EditedNearestNeighbours(n_neighbors=5),42
0.5,6520,6523,0.9989627852520341,0.0012720477891930554,0.9180903720261855,0.7919415225530397,0.998733513427618,0.001724407961813645,0.9111534464842397,0.7978870800138552,EditedNearestNeighbours(n_neighbors=5),42
1.0,8690,8698,0.999884991374353,0.00023001725129385698,0.9206907579149345,0.7937812723373838,0.9998850574712644,0.00022988505747125742,0.9140976792518185,0.800138552130239,EditedNearestNeighbours(n_neighbors=5),42
0.005,4370,4370,0.9266969356009774,0.05386559662992,0.9017086787345627,0.7059996013553916,0.8800000000000001,0.07968688725254613,0.8993765154139245,0.7445445098718393,EditedNearestNeighbours(n_neighbors=7),42
0.01,4392,4392,0.9687813701606135,0.019999003857408562,0.8840409464675281,0.7019324614483701,0.9430555555555555,0.0352460487234709,0.8803255975060617,0.7355386214063041,EditedNearestNeighbours(n_neighbors=7),42
0.03,4479,4479,0.98975202434109,0.009201477949739231,0.9004424778761062,0.7700194449354781,0.9807692307692308,0.017200522903844526,0.8908901974367855,0.7746795981988224,EditedNearestNeighbours(n_neighbors=7),42
0.05,4566,4566,0.9888100846846701,0.00830261244305576,0.9125596184419714,0.7800963081861958,0.9793340380549683,0.015109624638589345,0.9047454104606858,0.7864565292691374,EditedNearestNeighbours(n_neighbors=7),42
0.1,4783,4783,0.9955382465537408,0.0015727788747110006,0.9358245329000813,0.798826334128003,0.9929885057471264,0.004118729394751468,0.9315898856944925,0.8100103914097679,EditedNearestNeighbours(n_neighbors=7),42
0.25,5435,5436,0.9988485854379517,0.0010769610295144716,0.9174224343675418,0.8138075313807531,0.9981630237179218,0.0017169266744663564,0.9101143055074472,0.8150329061309318,EditedNearestNeighbours(n_neighbors=7),42
0.5,6519,6523,0.9993098147968291,0.0006459632118675518,0.9218424008987322,0.796919770773639,0.9991954022988505,0.0008601511233962823,0.9156563907170072,0.803602355386214,EditedNearestNeighbours(n_neighbors=7),42
1.0,8687,8698,0.9996550398777618,0.0002816587863049629,0.9199808337326306,0.7920685959271169,0.9996549078740262,0.00028176664444860876,0.9132317284378246,0.7984066505022515,EditedNearestNeighbours(n_neighbors=7),42
0.005,4370,4370,0.8932487917050725,0.04972839157426409,0.9017086787345627,0.7059996013553916,0.8300000000000001,0.0659545297913646,0.8993765154139245,0.7445445098718393,EditedNearestNeighbours(n_neighbors=9),42
0.01,4392,4392,0.9746721417098592,0.012784779327505045,0.8840409464675281,0.7019324614483701,0.9527777777777778,0.023814483610392012,0.8803255975060617,0.7355386214063041,EditedNearestNeighbours(n_neighbors=9),42
0.03,4479,4479,0.9834575242291287,0.010683557777161278,0.9004424778761062,0.7700194449354781,0.9692307692307693,0.01961161351381841,0.8908901974367855,0.7746795981988224,EditedNearestNeighbours(n_neighbors=9),42
0.05,4566,4566,0.9913318143034499,0.005132699741502212,0.9125596184419714,0.7800963081861958,0.9838266384778013,0.009355926201389198,0.9047454104606858,0.7864565292691374,EditedNearestNeighbours(n_neighbors=9),42
0.1,4783,4783,0.9961400997651181,0.005157890562012294,0.9358245329000813,0.798826334128003,0.993103448275862,0.009195402298850564,0.9315898856944925,0.8100103914097679,EditedNearestNeighbours(n_neighbors=9),42
0.25,5435,5436,0.998559136144275,0.001579551870464777,0.9174224343675418,0.8138075313807531,0.9980438533956715,0.001913144810522679,0.9101143055074472,0.8150329061309318,EditedNearestNeighbours(n_neighbors=9),42
0.5,6515,6523,0.9989642561053348,0.001006658269948217,0.9141494435612083,0.7885775097552323,0.9987351024948357,0.0012798987005949874,0.9064773120886733,0.7935573259438864,EditedNearestNeighbours(n_neighbors=9),42
1.0,8683,8698,0.9994252867109179,0.0005140392946548613,0.9251525859299711,0.7937995674116799,0.999425287356322,0.0005140386155171775,0.9192933841357811,0.8018704537582265,EditedNearestNeighbours(n_neighbors=9),42
0.005,4370,4370,0.9127506084961766,0.0565021882006948,0.8993656780387451,0.6833470057424118,0.86,0.0845576726264388,0.8983373744371319,0.7325943886387254,TomekLinks(),42
0.01,4392,4392,0.9604398158653258,0.03313772399153127,0.8839946200403497,0.6968983117393012,0.9305555555555556,0.053970442299237385,0.8804987876688604,0.7325943886387254,TomekLinks(),42
0.03,4479,4479,0.9877339337396513,0.007719617961988845,0.9022222222222223,0.7638963360142985,0.976923076923077,0.01439098994913054,0.8933148597159681,0.7712157949428473,TomekLinks(),42
0.05,4566,4566,0.9926235922482046,0.006050653964689895,0.9111747851002865,0.7792254149562734,0.9862579281183933,0.01111319987558026,0.9033598891582958,0.7857637686179425,TomekLinks(),42
0.1,4783,4783,0.9948484023002333,0.005672092667269424,0.9333549537862819,0.7958996888156691,0.9908045977011494,0.01002045734147281,0.9288188430897125,0.8068929684793904,TomekLinks(),42
0.25,5436,5436,0.998556055254135,0.0018278977187771513,0.9286519568368498,0.8243195475433015,0.9977000803280769,0.0029112096189562653,0.9232767578801524,0.8278489781780395,TomekLinks(),42
0.5,6523,6523,0.9993094831307626,0.0006458752615348442,0.9155131264916467,0.7942685299840793,0.9990799300810425,0.0008602933293753328,0.9080360235538621,0.7985798406650502,TomekLinks(),42
1.0,8698,8698,0.9996551722998983,0.00028155063814216556,0.9111111111111111,0.7858407079646018,0.999655172413793,0.00028155054514748324,0.9030135088326983,0.7904399030135087,TomekLinks(),42
0.005,8700,4370,0.9553832406801603,0.06501481593175598,0.8771121351766513,0.7620660457239627,0.93,0.09797958971132713,0.8614478697609975,0.756667821267752,"ADASYN(n_neighbors=3, random_state=42)",42
0.01,8700,4392,0.9747212933218309,0.02364588227247048,0.8439412484700123,0.7164939697638866,0.9541666666666666,0.04203540541783767,0.8233460339452718,0.7109456182888811,"ADASYN(n_neighbors=3, random_state=42)",42
0.03,8697,4479,0.9874759491666337,0.016977058592960403,0.8967128836267332,0.7659871057675554,0.9806542882404952,0.02979306650274001,0.8851749220644267,0.7674056113612747,"ADASYN(n_neighbors=3, random_state=42)",42
0.05,8700,4566,0.9925934654523978,0.004692463293056958,0.8859432799013564,0.7625406608457456,0.9882571504945201,0.010273574918395376,0.8718392795289227,0.7597852441981295,"ADASYN(n_neighbors=3, random_state=42)",42
0.1,8702,4783,0.9967548871670537,0.006490225665892434,0.8828304487670393,0.7395887333678935,0.9942528735632183,0.011494252873563225,0.867509525458954,0.7390024246622792,"ADASYN(n_neighbors=3, random_state=42)",42
0.25,8696,5436,0.9988475896721523,0.0010772268432729804,0.9049489395129615,0.77568944317583,0.9981609098211643,0.0017174939584861128,0.8952199515067544,0.7788361621059924,"ADASYN(n_neighbors=3, random_state=42)",42
0.5,8697,6523,0.9984475705630477,0.0010055543298321701,0.90173775671406,0.7822736030828517,0.9982754652593151,0.0011494255613330316,0.8922757187391757,0.78472462764115,"ADASYN(n_neighbors=3, random_state=42)",42
1.0,8698,8698,0.9994252826106702,0.001149434778659497,0.9111111111111111,0.7858407079646018,0.999425287356322,0.0011494252873563316,0.9030135088326983,0.7904399030135087,"ADASYN(n_neighbors=3, random_state=42)",42
0.005,8698,4370,0.9601450794968827,0.033053523441061626,0.8805924097500771,0.7659863945578231,0.93,0.057879184513951125,0.8659508139937652,0.7616903359889158,ADASYN(random_state=42),42
0.01,8697,4392,0.9688303237474752,0.028217452570173628,0.8490220048899756,0.7183937383018547,0.9540517241379309,0.04208158235387717,0.8288881191548321,0.7133702805680637,ADASYN(random_state=42),42
0.03,8703,4479,0.9855541782830443,0.010715250576817848,0.8865979381443299,0.7628654470849718,0.9730769230769232,0.01961161351381842,0.8723588500173189,0.7597852441981295,ADASYN(random_state=42),42
0.05,8703,4566,0.9888049119974418,0.00631842792971469,0.889644513137558,0.7654236123045197,0.9813332604310953,0.013828831388788414,0.8763422237616904,0.7635954277797021,ADASYN(random_state=42),42
0.1,8696,4783,0.9974711223006334,0.0012645242751638524,0.9062893081761006,0.7513911326512296,0.9974712643678162,0.0026361712508459405,0.8967786629719432,0.7601316245237271,ADASYN(random_state=42),42
0.25,8702,5436,0.9994232297278117,0.0007063964328338036,0.8987993138936535,0.7767192101160575,0.9990783410138249,0.0011287971164899119,0.8875995843436093,0.7767578801524073,ADASYN(random_state=42),42
0.5,8697,6523,0.9989644572178301,0.000645893026572086,0.9017632241813602,0.7748507200561995,0.998735632183908,0.0009195402298850297,0.8919293384135781,0.7779702112919986,ADASYN(random_state=42),42
1.0,8698,8698,,,0.9111111111111111,0.7858407079646018,,,0.9030135088326983,0.7904399030135087,ADASYN(random_state=42),42
0.005,8696,4370,0.9139410847624518,0.10540021507471065,0.8743703251411998,0.7689482470784641,0.8898850574712643,0.13576537391833615,0.8574644960166262,0.7603048146865259,"ADASYN(n_neighbors=7, random_state=42)",42
0.01,8698,4392,0.9569017215598311,0.030469080133200946,0.8412867815215734,0.7090198742993036,0.9318293696458253,0.0414150830155794,0.8197090405264982,0.7033252511257361,"ADASYN(n_neighbors=7, random_state=42)",42
0.03,8693,4479,0.9879659472957538,0.003885714587206261,0.879255075560983,0.765427946863965,0.9806542882404952,0.00022988505747125742,0.8630065812261863,0.7583997228957395,"ADASYN(n_neighbors=7, random_state=42)",42
0.05,8705,4566,0.993964495945128,0.003776153194881378,0.8973478939157566,0.7656304575619979,0.9928990790017254,0.00534188107022721,0.8860408728784205,0.7675788015240734,"ADASYN(n_neighbors=7, random_state=42)",42
0.1,8678,4783,0.9974312634199862,0.003744460086823286,0.9177972865123704,0.7650273224043715,0.9953889334402566,0.0067045886017893805,0.9108070661586422,0.7765846899896085,"ADASYN(n_neighbors=7, random_state=42)",42
0.25,8701,5436,0.9988485073269489,0.0005757599939959281,0.902316844082655,0.7847487001733102,0.9985025689920018,0.0010045977435450774,0.8919293384135781,0.7848978178039487,"ADASYN(n_neighbors=7, random_state=42)",42
0.5,8700,6523,0.9989650532674643,0.0006449897152676424,0.9127860457673228,0.7923924635620334,0.9988500450235712,0.0006295670493651007,0.9056113612746797,0.7977138898510565,"ADASYN(n_neighbors=7, random_state=42)",42
1.0,8698,8698,,,0.9111111111111111,0.7858407079646018,,,0.9030135088326983,0.7904399030135087,"ADASYN(n_neighbors=7, random_state=42)",42
0.005,8699,4370,0.9713136949208172,0.035133405024903565,0.859214501510574,0.7509096923585842,0.95,0.06123724356957946,0.8385867682715622,0.7391756148250779,"ADASYN(n_neighbors=9, random_state=42)",42
0.01,8693,4392,0.9695656837343748,0.01996607773887746,0.8242677824267782,0.6969195097714475,0.9554406130268198,0.041451547561009786,0.7963283685486664,0.683062002078282,"ADASYN(n_neighbors=9, random_state=42)",42
0.03,8690,4479,0.9798899741473555,0.006388614168261277,0.8910891089108911,0.7671138630890952,0.9727319632208328,0.009378193846559548,0.8780741253896778,0.7655005195704884,"ADASYN(n_neighbors=9, random_state=42)",42
0.05,8701,4566,0.9926487702269331,0.004633526714705453,0.8986729117876658,0.7734307077030081,0.9883627264698799,0.010156479784617017,0.8875995843436093,0.7743332178732247,"ADASYN(n_neighbors=9, random_state=42)",42
0.1,8687,4783,0.9968291093129696,0.0034806533209544273,0.9037013801756587,0.7601986520042568,0.9963218390804597,0.004719647164976503,0.8936612400415656,0.7658468998960859,"ADASYN(n_neighbors=9, random_state=42)",42
0.25,8703,5436,0.9991359748082467,0.0011515631854192353,0.9207825529185375,0.7962797352888571,0.9986217393142519,0.0018359238973744453,0.9144440595774159,0.8027364045722203,"ADASYN(n_neighbors=9, random_state=42)",42
0.5,8700,6523,0.999136836094175,0.0009459859976525351,0.9007824726134586,0.7756667247690431,0.9988505747126437,0.0012591323161038326,0.8901974367855906,0.7771042604780048,"ADASYN(n_neighbors=9, random_state=42)",42
1.0,8698,8698,,,0.9111111111111111,0.7858407079646018,,,0.9030135088326983,0.7904399030135087,"ADASYN(n_neighbors=9, random_state=42)",42
0.005,8698,4370,0.9522087035645036,0.06586739526723598,0.8990999526290857,0.7817578193255286,0.925,0.1,0.8893314859715968,0.7836854866643574,"SMOTEENN(enn=EditedNearestNeighbours(), random_state=42,
         smote=SMOTE(k_neighbors=3, random_state=42))",42
0.01,8698,4392,0.9731037780398694,0.039207559328243706,0.8481774960380348,0.7044563279857398,0.9541666666666666,0.06508541396588882,0.8340838240387946,0.7128507100796675,"SMOTEENN(enn=EditedNearestNeighbours(), random_state=42,
         smote=SMOTE(k_neighbors=3, random_state=42))",42
0.03,8698,4479,0.9900480557928499,0.008882773050020592,0.8959925152034929,0.7628865979381443,0.9882313888643003,0.015217986769915688,0.8844821614132317,0.7649809490820921,"SMOTEENN(enn=EditedNearestNeighbours(), random_state=42,
         smote=SMOTE(k_neighbors=3, random_state=42))",42
0.05,8698,4566,0.9940158621023836,0.006470007668077686,0.8864764267990074,0.7523892267593397,0.9928990790017252,0.005810366061232809,0.8732248008313128,0.7532040180117769,"SMOTEENN(enn=EditedNearestNeighbours(), random_state=42,
         smote=SMOTE(k_neighbors=3, random_state=42))",42
0.1,8698,4783,0.9955111256109548,0.004357854159753894,0.9263902282224366,0.8035106573526778,0.9929617749264903,0.006804637940072174,0.9206789054381711,0.8100103914097679,"SMOTEENN(enn=EditedNearestNeighbours(), random_state=42,
         smote=SMOTE(k_neighbors=3, random_state=42))",42
0.25,8697,5436,0.998272661573127,0.001077210965486847,0.9065743944636678,0.7741139128901429,0.9979289108669359,0.0015284047354064054,0.8971250432975407,0.7781434014547974,"SMOTEENN(enn=EditedNearestNeighbours(), random_state=42,
         smote=SMOTE(k_neighbors=3, random_state=42))",42
0.5,8696,6523,0.9991363729170011,0.0009463470097094471,0.9173961483367818,0.7779374775422206,0.9988500450235712,0.0012591327617606717,0.9101143055074472,0.7859369587807412,"SMOTEENN(enn=EditedNearestNeighbours(), random_state=42,
         smote=SMOTE(k_neighbors=3, random_state=42))",42
1.0,8695,8698,0.9996551060131622,0.0004598037126408845,0.920863309352518,0.793350017876296,0.999655172413793,0.0004597701149425148,0.9142708694146172,0.7997921718046415,"SMOTEENN(enn=EditedNearestNeighbours(), random_state=42,
         smote=SMOTE(k_neighbors=3, random_state=42))",42
0.005,8698,4370,0.9270937610357679,0.06679074625630822,0.8847235238987816,0.7683284457478006,0.885,0.10198039027185568,0.8721856598545202,0.7674056113612746,"SMOTEENN(enn=EditedNearestNeighbours(n_neighbors=5), random_state=42,
         smote=SMOTE(random_state=42))",42
0.01,8698,4392,0.9669957217821168,0.02294507031920221,0.861288812607271,0.71875,0.9402777777777779,0.03967460238079361,0.8460339452719086,0.7225493591963976,"SMOTEENN(enn=EditedNearestNeighbours(n_neighbors=5), random_state=42,
         smote=SMOTE(random_state=42))",42
0.03,8696,4479,0.9900580956653053,0.006264580335699614,0.894761386600342,0.7669094693028096,0.9882316534040673,0.009378299092117397,0.8827502597852441,0.7672324211984759,"SMOTEENN(enn=EditedNearestNeighbours(n_neighbors=5), random_state=42,
         smote=SMOTE(random_state=42))",42
0.05,8698,4566,0.9938847287915109,0.003859138345816384,0.8943672959900141,0.763134927561529,0.9906884401351121,0.008411301040568208,0.8827502597852441,0.7649809490820921,"SMOTEENN(enn=EditedNearestNeighbours(n_neighbors=5), random_state=42,
         smote=SMOTE(random_state=42))",42
0.1,8698,4783,0.9961798249850036,0.0037223839937424877,0.928928283642224,0.8059647862019403,0.9951590483827853,0.006560706232994854,0.9236231382057499,0.8129546241773468,"SMOTEENN(enn=EditedNearestNeighbours(n_neighbors=5), random_state=42,
         smote=SMOTE(random_state=42))",42
0.25,8698,5436,0.9976950932571835,0.0014694496099414427,0.9113043478260869,0.7932001402032948,0.9966675743367972,0.0023063199588608477,0.9028403186698996,0.7956356078974715,"SMOTEENN(enn=EditedNearestNeighbours(n_neighbors=5), random_state=42,
         smote=SMOTE(random_state=42))",42
0.5,8696,6523,0.9993096162759393,0.0003451922049902238,0.9155019059720457,0.7815845824411135,0.9990799300810425,0.0004600361030202536,0.9078628333910634,0.7880152407343263,"SMOTEENN(enn=EditedNearestNeighbours(n_neighbors=5), random_state=42,
         smote=SMOTE(random_state=42))",42
1.0,8690,8698,0.999540031099993,0.0006705993085290425,0.9206907579149345,0.7937812723373838,0.9995402298850575,0.0006702243557293247,0.9140976792518185,0.800138552130239,"SMOTEENN(enn=EditedNearestNeighbours(n_neighbors=5), random_state=42,
         smote=SMOTE(random_state=42))",42
0.005,8693,4370,0.9270937610357679,0.06679074625630822,0.8796424718754816,0.7713368260943045,0.885,0.10198039027185568,0.864738482854174,0.7656737097332872,"SMOTEENN(enn=EditedNearestNeighbours(n_neighbors=7), random_state=42,
         smote=SMOTE(k_neighbors=7, random_state=42))",42
0.01,8692,4392,0.974721161355667,0.023646093206423687,0.8681631362630414,0.7092121867676221,0.9541666666666666,0.04203540541783767,0.8555594042258399,0.7206442674056113,"SMOTEENN(enn=EditedNearestNeighbours(n_neighbors=7), random_state=42,
         smote=SMOTE(k_neighbors=7, random_state=42))",42
0.03,8690,4479,0.9857155792058849,0.012189028568225317,0.8839711080374981,0.7571453020708541,0.9768081343943413,0.018937241777258116,0.8692414270869415,0.7542431589885694,"SMOTEENN(enn=EditedNearestNeighbours(n_neighbors=7), random_state=42,
         smote=SMOTE(k_neighbors=7, random_state=42))",42
0.05,8695,4566,0.9963252527155955,0.003000822887333252,0.8942277691107644,0.761488729687227,0.993076109936575,0.005654156076243697,0.8825770696224454,0.7635954277797021,"SMOTEENN(enn=EditedNearestNeighbours(n_neighbors=7), random_state=42,
         smote=SMOTE(k_neighbors=7, random_state=42))",42
0.1,8698,4783,0.9955579652642144,0.0025455568145489747,0.9243104554201411,0.779031670913724,0.9950441058540498,0.0022406647008782776,0.9182542431589886,0.7897471423623138,"SMOTEENN(enn=EditedNearestNeighbours(n_neighbors=7), random_state=42,
         smote=SMOTE(k_neighbors=7, random_state=42))",42
0.25,8696,5436,0.9982727425397797,0.001413418195836097,0.9275828773736724,0.8044492285611768,0.9979310247636931,0.0018061876654578352,0.9220644267405611,0.8112227225493592,"SMOTEENN(enn=EditedNearestNeighbours(n_neighbors=7), random_state=42,
         smote=SMOTE(k_neighbors=7, random_state=42))",42
0.5,8693,6523,0.9989647226708553,0.0006456093621823,0.9150119142176331,0.7759856630824373,0.9988505747126437,0.0007269603816478814,0.9073432629026671,0.7835122965015586,"SMOTEENN(enn=EditedNearestNeighbours(n_neighbors=7), random_state=42,
         smote=SMOTE(k_neighbors=7, random_state=42))",42
1.0,8687,8698,0.999770114866599,0.00028155063814216556,0.9199808337326306,0.7920685959271169,0.9997701149425288,0.00028155054514748324,0.9132317284378246,0.7984066505022515,"SMOTEENN(enn=EditedNearestNeighbours(n_neighbors=7), random_state=42,
         smote=SMOTE(k_neighbors=7, random_state=42))",42
0.005,8691,4370,0.9713136949208172,0.035133405024903565,0.8633597078514912,0.7552074654224296,0.95,0.06123724356957946,0.8444752338067198,0.7455836508486318,"SMOTEENN(enn=EditedNearestNeighbours(n_neighbors=9), random_state=42,
         smote=SMOTE(k_neighbors=9, random_state=42))",42
0.01,8693,4392,0.961223997927718,0.03331534491526033,0.8548362055581431,0.7149825783972126,0.9319444444444445,0.05422005915539762,0.838067197783166,0.71666089366124,"SMOTEENN(enn=EditedNearestNeighbours(n_neighbors=9), random_state=42,
         smote=SMOTE(k_neighbors=9, random_state=42))",42
0.03,8689,4479,0.9878875818683873,0.00755861335512259,0.8890948409020698,0.769757098871023,0.9806542882404952,0.012164778716544276,0.8756494631104954,0.7668860408728784,"SMOTEENN(enn=EditedNearestNeighbours(n_neighbors=9), random_state=42,
         smote=SMOTE(k_neighbors=9, random_state=42))",42
0.05,8695,4566,0.9901779421862024,0.005151745936203756,0.8837995696280356,0.7550145722612721,0.9880801195596705,0.012531184968955488,0.8690682369241427,0.7525112573605819,"SMOTEENN(enn=EditedNearestNeighbours(n_neighbors=9), random_state=42,
         smote=SMOTE(k_neighbors=9, random_state=42))",42
0.1,8697,4783,0.9968291473170876,0.0019991575047215594,0.9272844272844273,0.8030874169807934,0.9963218390804599,0.0027824640084851285,0.9217180464149637,0.8100103914097679,"SMOTEENN(enn=EditedNearestNeighbours(n_neighbors=9), random_state=42,
         smote=SMOTE(k_neighbors=9, random_state=42))",42
0.25,8693,5436,0.999135840357517,0.0007055857356098377,0.9127474267616785,0.786067892503536,0.9989633984850894,0.00105600873142164,0.9045722202978871,0.7904399030135089,"SMOTEENN(enn=EditedNearestNeighbours(n_neighbors=9), random_state=42,
         smote=SMOTE(k_neighbors=9, random_state=42))",42
0.5,8692,6523,0.9989632577306065,0.0010082004961433691,0.9225104066602625,0.7964949928469242,0.9986191005879549,0.0013429029373506819,0.9161759612054035,0.8029095947350191,"SMOTEENN(enn=EditedNearestNeighbours(n_neighbors=9), random_state=42,
         smote=SMOTE(k_neighbors=9, random_state=42))",42
1.0,8683,8698,0.9996551060131622,0.0004598037126408845,0.9251525859299711,0.7937995674116799,0.999655172413793,0.0004597701149425148,0.9192933841357811,0.8018704537582265,"SMOTEENN(enn=EditedNearestNeighbours(n_neighbors=9), random_state=42,
         smote=SMOTE(k_neighbors=9, random_state=42))",42
0.005,8698,4370,0.9601450794968827,0.033053523441061626,0.9030620339520863,0.7850992795642242,0.93,0.057879184513951125,0.8941808105299619,0.788188430897125,"SMOTETomek(random_state=42, smote=SMOTE(k_neighbors=3, random_state=42),
           tomek=TomekLinks())",42
0.01,8698,4392,0.981396312689349,0.01525719331228027,0.8465189873417721,0.7058405822829753,0.9652777777777779,0.02846375212766556,0.8320055420852096,0.7130239002424663,"SMOTETomek(random_state=42, smote=SMOTE(k_neighbors=3, random_state=42),
           tomek=TomekLinks())",42
0.03,8698,4479,0.9918487443022231,0.007677732979371165,0.8905765654060757,0.7639440511137973,0.9846153846153847,0.014390989949130528,0.8777277450640804,0.7632490474541046,"SMOTETomek(random_state=42, smote=SMOTE(k_neighbors=3, random_state=42),
           tomek=TomekLinks())",42
0.05,8698,4566,0.9927819532602712,0.0057605001535438825,0.8813298445436355,0.7544130248500428,0.9927312823503682,0.005712305427296995,0.8664703844821614,0.7518184967093868,"SMOTETomek(random_state=42, smote=SMOTE(k_neighbors=3, random_state=42),
           tomek=TomekLinks())",42
0.1,8698,4783,0.9968023534015404,0.00351769714487018,0.9246069939043953,0.7938107232817561,0.9952606255012029,0.004531103551281584,0.918600623484586,0.801524073432629,"SMOTETomek(random_state=42, smote=SMOTE(k_neighbors=3, random_state=42),
           tomek=TomekLinks())",42
0.25,8698,5436,0.9985591361442749,0.001579551870464777,0.9134706814580031,0.7893342751191947,0.9977043081215914,0.002512492352970896,0.9054381711118809,0.7933841357810876,"SMOTETomek(random_state=42, smote=SMOTE(k_neighbors=3, random_state=42),
           tomek=TomekLinks())",42
0.5,8698,6523,0.9991371694744495,0.0005458491877752765,0.9045825486503453,0.7745786516853933,0.9988505747126437,0.0007269603816478814,0.8947003810183581,0.7776238309664011,"SMOTETomek(random_state=42, smote=SMOTE(k_neighbors=3, random_state=42),
           tomek=TomekLinks())",42
1.0,8698,8698,0.9996550401059447,0.00046000162402863267,0.9111111111111111,0.7858407079646018,0.999655172413793,0.00045977011494251484,0.9030135088326983,0.7904399030135087,"SMOTETomek(random_state=42, smote=SMOTE(k_neighbors=3, random_state=42),
           tomek=TomekLinks())",42
0.005,8698,4370,0.9331037122081899,0.0819308853881553,0.8900753768844221,0.7733425893786879,0.9,0.1224744871391589,0.8787668860408728,0.7738136473848285,"SMOTETomek(random_state=42, smote=SMOTE(random_state=42), tomek=TomekLinks())",42
0.01,8698,4392,0.9739369795963407,0.02384370073858311,0.8592338835253815,0.7149622873180144,0.9527777777777778,0.04244640774982259,0.8434360928299273,0.7185659854520263,"SMOTETomek(random_state=42, smote=SMOTE(random_state=42), tomek=TomekLinks())",42
0.03,8698,4479,0.9937054339808213,0.012589132038357499,0.8954991434356019,0.7668231611893583,0.9884615384615385,0.023076923076923085,0.8837894007620367,0.7677519916868722,"SMOTETomek(random_state=42, smote=SMOTE(random_state=42), tomek=TomekLinks())",42
0.05,8698,4566,0.9939377651624568,0.0053991427752437,0.8915774778966962,0.7643091820854228,0.9928990790017254,0.00895480797842339,0.8789400762036716,0.7639418081052995,"SMOTETomek(random_state=42, smote=SMOTE(random_state=42), tomek=TomekLinks())",42
0.1,8698,4783,0.9955382633350094,0.004783023447706717,0.9340463458110517,0.8087649402390438,0.9940229885057471,0.00736529624993137,0.9295116037409075,0.8171111880845168,"SMOTETomek(random_state=42, smote=SMOTE(random_state=42), tomek=TomekLinks())",42
0.25,8698,5436,0.9979813626187403,0.0014714914608139737,0.9272844272844273,0.8024425287356322,0.9967826491354164,0.002340672739294728,0.9217180464149637,0.8094908209213716,"SMOTETomek(random_state=42, smote=SMOTE(random_state=42), tomek=TomekLinks())",42
0.5,8698,6523,0.9993097485858922,0.0006458042183256057,0.9125752296484004,0.7715154768294865,0.999080459770115,0.0008601511233962823,0.9043990301350884,0.7788361621059924,"SMOTETomek(random_state=42, smote=SMOTE(random_state=42), tomek=TomekLinks())",42
1.0,8698,8698,0.9996551722998983,0.00028155063814216556,0.9111111111111111,0.7858407079646018,0.999655172413793,0.00028155054514748324,0.9030135088326983,0.7904399030135087,"SMOTETomek(random_state=42, smote=SMOTE(random_state=42), tomek=TomekLinks())",42
0.005,8698,4370,0.9665518561040949,0.06689628779181019,0.8797038864898211,0.7700643413477819,0.95,0.09999999999999999,0.8649116730169726,0.7648077589192934,"SMOTETomek(random_state=42, smote=SMOTE(k_neighbors=7, random_state=42),
           tomek=TomekLinks())",42
0.01,8698,4392,0.9687813041016671,0.019998998838191603,0.8558081594518842,0.7104247104247104,0.9526628352490422,0.023889215340645992,0.8396259092483547,0.7142362313820575,"SMOTETomek(random_state=42, smote=SMOTE(k_neighbors=7, random_state=42),
           tomek=TomekLinks())",42
0.03,8698,4479,0.9878875159611699,0.007558778754711902,0.8900945589831034,0.7667929727867723,0.9806542882404952,0.012164778716544276,0.8772081745756841,0.7655005195704884,"SMOTETomek(random_state=42, smote=SMOTE(k_neighbors=7, random_state=42),
           tomek=TomekLinks())",42
0.05,8698,4566,0.9926487044718376,0.004633685529676283,0.8891983905911482,0.7647564963001204,0.9883628587397633,0.010156623848387848,0.8759958434360928,0.7632490474541046,"SMOTETomek(random_state=42, smote=SMOTE(k_neighbors=7, random_state=42),
           tomek=TomekLinks())",42
0.1,8698,4783,0.997464686311992,0.002367186705478913,0.9232740669549896,0.7848879248011569,0.9964367816091955,0.002916914377114853,0.9170419120193973,0.7939037062694838,"SMOTETomek(random_state=42, smote=SMOTE(k_neighbors=7, random_state=42),
           tomek=TomekLinks())",42
0.25,8698,5436,0.9985600708202593,0.0022299556751692053,0.9317814419657291,0.8089401586157173,0.9980479489193026,0.0028930995149862694,0.9269137512989263,0.8164184274333217,"SMOTETomek(random_state=42, smote=SMOTE(k_neighbors=7, random_state=42),
           tomek=TomekLinks())",42
0.5,8698,6523,0.9986190893698694,0.0008815338942333657,0.9045825486503453,0.773286467486819,0.9985041580592192,0.001240478656847282,0.8947003810183581,0.7765846899896085,"SMOTETomek(random_state=42, smote=SMOTE(k_neighbors=7, random_state=42),
           tomek=TomekLinks())",42
1.0,8698,8698,0.9995400973114545,0.0005632634977830809,0.9111111111111111,0.7858407079646018,0.9995402298850575,0.0005631010902949665,0.9030135088326983,0.7904399030135087,"SMOTETomek(random_state=42, smote=SMOTE(k_neighbors=7, random_state=42),
           tomek=TomekLinks())",42
0.005,8698,4370,0.9511986201221981,0.041216098075054934,0.863975628332064,0.7549248747913189,0.9497701149425287,0.06105098592825072,0.8453411846207135,0.7457568410114306,"SMOTETomek(random_state=42, smote=SMOTE(k_neighbors=9, random_state=42),
           tomek=TomekLinks())",42
0.01,8698,4392,0.976110050244556,0.02149105010050749,0.8531967721911856,0.7089447938504543,0.9651628352490421,0.028548683058163743,0.8361621059923796,0.7114651887772775,"SMOTETomek(random_state=42, smote=SMOTE(k_neighbors=9, random_state=42),
           tomek=TomekLinks())",42
0.03,8698,4479,0.9860116771733513,0.004795849121878417,0.8972399812880087,0.7762588683163177,0.9805393457117596,0.011802484893520116,0.8858676827156218,0.7760651195012124,"SMOTETomek(random_state=42, smote=SMOTE(k_neighbors=9, random_state=42),
           tomek=TomekLinks())",42
0.05,8698,4566,0.9926230066562631,0.0046257699414677805,0.8860368022266893,0.7587870434183321,0.9862050739957716,0.008604677135293332,0.8723588500173189,0.7575337720817458,"SMOTETomek(random_state=42, smote=SMOTE(k_neighbors=9, random_state=42),
           tomek=TomekLinks())",42
0.1,8698,4783,0.9968158086217069,0.003480654754395409,0.9165474487362899,0.7932011331444759,0.9952739909115209,0.004490337104934059,0.9090751645306547,0.7977138898510565,"SMOTETomek(random_state=42, smote=SMOTE(k_neighbors=9, random_state=42),
           tomek=TomekLinks())",42
0.25,8698,5436,0.9982686658838403,0.0016857140707828698,0.9097222222222222,0.7969348659003831,0.9975851377993411,0.0028282983257062366,0.9009352268791133,0.7980602701766539,"SMOTETomek(random_state=42, smote=SMOTE(k_neighbors=9, random_state=42),
           tomek=TomekLinks())",42
0.5,8698,6523,0.9994821293284355,0.0004228398585273731,0.9174896463841988,0.7849097085642768,0.9993098151385137,0.0005635344094063308,0.9102874956702459,0.7916522341531,"SMOTETomek(random_state=42, smote=SMOTE(k_neighbors=9, random_state=42),
           tomek=TomekLinks())",42
1.0,8698,8698,0.9996550394974559,0.0004600026890485254,0.9111111111111111,0.7858407079646018,0.9996549078740262,0.0004602331308109901,0.9030135088326983,0.7904399030135087,"SMOTETomek(random_state=42, smote=SMOTE(k_neighbors=9, random_state=42),
           tomek=TomekLinks())",42
0.005,4370,4370,0.9569705423812259,0.035133405024903565,0.7876310645103963,0.39708646616541354,0.925,0.06123724356957946,0.7930377554554902,0.5555940422583997,no Sampler(),1999
0.01,4392,4392,0.9603207024145984,0.025701626528478946,0.7648255359098732,0.414541072504519,0.9291666666666666,0.04444444444444445,0.7396951853134741,0.49515067544163494,no Sampler(),1999
0.03,4479,4479,0.9853042096793807,0.015989306384241744,0.8173810921902525,0.645367412140575,0.973076923076923,0.028781979898261072,0.7845514374783513,0.6347419466574299,no Sampler(),1999
0.05,4566,4566,0.9874317177504018,0.009030351989403626,0.8364431486880467,0.6525995948683322,0.9768498942917547,0.016445702729043922,0.8056806373397991,0.6435746449601663,no Sampler(),1999
0.1,4783,4783,0.9968022339823726,0.002041846013348286,0.8501845018450185,0.6733651226158038,0.9942261427425821,0.0036772127856760594,0.8242119847592657,0.6678212677519917,no Sampler(),1999
0.25,5436,5436,0.9988495030927483,0.000575260923731716,0.8773211567732115,0.7167710508002784,0.998504682888759,0.0010029077076017545,0.860408728784205,0.7180464149636301,no Sampler(),1999
0.5,6523,6523,0.999481864217095,0.0006907645126250786,0.887178697860551,0.7344652546823035,0.9993098151385137,0.0009198056463571939,0.873051610668514,0.7372705230342917,no Sampler(),1999
1.0,8698,8698,0.9997699820641565,0.0004600358716873032,0.904432568374725,0.7731033268790706,0.9997698504027618,0.0004602991944763879,0.8947003810183581,0.7767578801524073,no Sampler(),1999
0.005,8698,4370,0.9744882320364742,0.03164600561972855,0.7755228505034857,0.4767777991905955,0.9550000000000001,0.055677643628300216,0.7490474541046068,0.5297887080013854,RandomOverSampler(random_state=1999),1999
0.01,8698,4392,0.9747212933218309,0.02364588227247048,0.7930071984721611,0.5193728599747702,0.9541666666666666,0.04203540541783767,0.755975060616557,0.5381018358157257,RandomOverSampler(random_state=1999),1999
0.03,8698,4479,0.9920023262200219,0.00743142646560557,0.8309737070210922,0.6682027649769585,0.9883464636629193,0.009517391806794005,0.7973675095254589,0.6508486317977138,RandomOverSampler(random_state=1999),1999
0.05,8698,4566,0.9925914868683542,0.0062189801254811375,0.8374727668845315,0.6610906657745065,0.9904677893611333,0.013404682745407763,0.8062002078281953,0.6491167301697263,RandomOverSampler(random_state=1999),1999
0.1,8698,4783,0.9987290541280839,0.0015565844384454954,0.8626159832385514,0.6903325865931415,0.9977011494252874,0.002815505451474941,0.8410114305507448,0.6887772774506409,RandomOverSampler(random_state=1999),1999
0.25,8698,5436,0.9985580368810091,0.0018263457624448085,0.8813455657492355,0.7329407689643228,0.9983876264632661,0.0026871656541331943,0.8656044336681676,0.7329407689643228,RandomOverSampler(random_state=1999),1999
0.5,8698,6523,0.9993096813078635,0.0006458225905430657,0.9004842993282299,0.7416413373860182,0.9991948726097781,0.0008603640974439668,0.8896778662971943,0.7497402147558019,RandomOverSampler(random_state=1999),1999
1.0,8698,8698,0.9995401637501813,0.0004300932569338725,0.904432568374725,0.7731033268790706,0.9995402298850575,0.00043007556169814116,0.8947003810183581,0.7767578801524073,RandomOverSampler(random_state=1999),1999
0.005,42,4370,0.5474198574080393,0.02488821197138432,0.7374043597516963,0.5841023150396633,0.9224649154134095,0.05053670498111073,0.6849670938690682,0.5550744717700035,RandomUnderSampler(random_state=1999),1999
0.01,86,4392,0.6138442847633232,0.04729255542870216,0.7887723277573008,0.646602249326786,0.935619298616898,0.029261667074033708,0.741946657429858,0.613612746795982,RandomUnderSampler(random_state=1999),1999
0.03,260,4479,0.863453843480656,0.033324654549349596,0.7962858750703433,0.6808510638297872,0.9854623392030637,0.010784329252129693,0.7492206442674056,0.6414963630065813,RandomUnderSampler(random_state=1999),1999
0.05,434,4566,0.9655002913864703,0.028437342796257516,0.8118980169971671,0.6887603564170705,0.996321045461159,0.003096997494849499,0.770003463803256,0.6551783858676827,RandomUnderSampler(random_state=1999),1999
0.1,868,4783,0.9869748006397401,0.004857788393233765,0.8333574215927158,0.6993232355784724,0.9955167122997765,0.0017948163460814563,0.8003117422930377,0.6768271562175268,RandomUnderSampler(random_state=1999),1999
0.25,2174,5436,0.9979902436790578,0.00114683944999951,0.859442539871814,0.7324830213682293,0.9985056099970204,0.0010016317240673788,0.8366816764807758,0.7202978870800139,RandomUnderSampler(random_state=1999),1999
0.5,4348,6523,0.9991379609676987,0.0005445968111672895,0.8678506923540036,0.7300354550059092,0.9991948726097781,0.0004601684296917145,0.8479390370626949,0.7230689296847939,RandomUnderSampler(random_state=1999),1999
1.0,8698,8698,0.9995401635980594,0.0004300932976821026,0.9008445417578981,0.7659350307287094,0.9995400976151739,0.0004301109922113393,0.8901974367855905,0.7691375129892621,RandomUnderSampler(random_state=1999),1999
0.005,8698,4370,0.9665518561040949,0.06689628779181019,0.7733374960974086,0.46553407537590313,0.95,0.09999999999999999,0.7485278836162106,0.525978524419813,"SMOTE(k_neighbors=3, random_state=1999)",1999
0.01,8698,4392,0.969516730299242,0.03257137048552058,0.8291471962616822,0.5868875572788157,0.954051724137931,0.042214150962416215,0.797367509525459,0.5940422583997229,"SMOTE(k_neighbors=3, random_state=1999)",1999
0.03,8698,4479,0.9899044475365695,0.00650936426817869,0.8323214801965886,0.6750861079219288,0.9845004420866491,0.014269433964378509,0.7990994111534465,0.6569102874956703,"SMOTE(k_neighbors=3, random_state=1999)",1999
0.05,8698,4566,0.9927835574150151,0.008766469158578202,0.8400933761307265,0.6557321609739601,0.9927838719332229,0.009437540644623172,0.8101835815725666,0.6473848285417388,"SMOTE(k_neighbors=3, random_state=1999)",1999
0.1,8698,4783,0.9949023945005597,0.007174846981118899,0.8629152948219097,0.6918044077134986,0.9949024325046778,0.007358930351315853,0.8413578108763422,0.6899896085902322,"SMOTE(k_neighbors=3, random_state=1999)",1999
0.25,8698,5436,0.9991388741233005,0.0007031159640567563,0.8852710797112578,0.7244288224956064,0.9993091531795578,0.0008466520832834787,0.8706269483893314,0.7284378247315553,"SMOTE(k_neighbors=3, random_state=1999)",1999
0.5,8698,6523,0.9998276851246046,0.00034462975079043725,0.896756082345602,0.7412811387900355,0.9998850574712644,0.00022988505747125742,0.8853481122272255,0.7481815032906132,"SMOTE(k_neighbors=3, random_state=1999)",1999
1.0,8698,8698,0.9997701146388092,0.0004597707223816805,0.904432568374725,0.7731033268790706,0.9997701149425288,0.00045977011494251484,0.8947003810183581,0.7767578801524073,"SMOTE(k_neighbors=3, random_state=1999)",1999
0.005,8698,4370,0.9713136949208172,0.035133405024903565,0.7784019975031211,0.4779311685786506,0.95,0.06123724356957946,0.7540699688257707,0.5349844128853481,SMOTE(random_state=1999),1999
0.01,8698,4392,0.9737198267026604,0.0264394249027088,0.8273139347857874,0.5790219702338767,0.9527777777777778,0.04614791034954486,0.7954624177346727,0.5885001731901628,SMOTE(random_state=1999),1999
0.03,8698,4479,0.9940206810575081,0.007941365065382006,0.8330200954170883,0.6851278709887604,0.9921927497789568,0.009563616652880394,0.7999653619674403,0.6652234153100104,SMOTE(random_state=1999),1999
0.05,8698,4566,0.9951171074441533,0.00244358173467571,0.8435991221653255,0.6605660057617353,0.9929081810153344,0.005558529205735305,0.814859715968133,0.6531001039140977,SMOTE(random_state=1999),1999
0.1,8698,4783,0.9974643615089551,0.0012680570594554292,0.8624869070776597,0.6888582269748189,0.9974577666876143,0.002652474928327533,0.840838240387946,0.6875649463110496,SMOTE(random_state=1999),1999
0.25,8698,5436,0.9994232297278117,0.0007063964328338036,0.8816151728357295,0.7276840090481991,0.9990783410138249,0.0011287971164899119,0.8659508139937652,0.7289573952199515,SMOTE(random_state=1999),1999
0.5,8698,6523,0.9998274869475038,0.00034502610499238524,0.9020222605424048,0.7418717442069337,0.9997701149425288,0.00045977011494251484,0.8917561482507794,0.7511257360581919,SMOTE(random_state=1999),1999
1.0,8698,8698,0.9997699824444624,0.0002817128214748667,0.904432568374725,0.7731033268790706,0.9997698504027618,0.0002818745388703179,0.8947003810183581,0.7767578801524073,SMOTE(random_state=1999),1999
0.005,8698,4370,0.9744882320364742,0.03164600561972855,0.7764923646459972,0.49230184375593994,0.9550000000000001,0.055677643628300216,0.7490474541046068,0.5374090751645306,"SMOTE(k_neighbors=7, random_state=1999)",1999
0.01,8698,4392,0.9694005650553242,0.020083986064800517,0.8237564959168523,0.5464220183486238,0.954051724137931,0.04191052084279308,0.7944232767578802,0.5718739175614824,"SMOTE(k_neighbors=7, random_state=1999)",1999
0.03,8698,4479,0.9918486782432767,0.007677749670952836,0.834830483917705,0.6749052562201351,0.9846153846153847,0.01439098994913053,0.8025632144094215,0.6582958087980603,"SMOTE(k_neighbors=7, random_state=1999)",1999
0.05,8698,4566,0.9937176621855637,0.007960348057827877,0.8465717222140655,0.662125340599455,0.9883720930232558,0.014708268186829698,0.8190162798753031,0.656390717007274,"SMOTE(k_neighbors=7, random_state=1999)",1999
0.1,8698,4783,0.996794869262915,0.0035555459463269675,0.856718192627824,0.6828767123287671,0.9962817428495054,0.0068666134963921805,0.8330446830620021,0.6792518184967093,"SMOTE(k_neighbors=7, random_state=1999)",1999
0.25,8698,5436,0.9985611103169854,0.00091355303405339,0.8886833179155104,0.7411805798113866,0.9983896080901399,0.0016847208353830566,0.8749567024593004,0.743332178732248,"SMOTE(k_neighbors=7, random_state=1999)",1999
0.5,8698,6523,0.9996548417771148,0.0004227307632971615,0.9096661920582186,0.7423357664233576,0.999655172413793,0.00045977011494251484,0.9011084170419119,0.7554554901281607,"SMOTE(k_neighbors=7, random_state=1999)",1999
1.0,8698,8698,0.9994250885336855,0.0005141868839108038,0.904432568374725,0.7731033268790706,0.9994251550864384,0.0005140386835872422,0.8947003810183581,0.7767578801524073,"SMOTE(k_neighbors=7, random_state=1999)",1999
0.005,8698,4370,0.9461987523920816,0.048129904370150065,0.769325912183055,0.475971663794754,0.9248850574712645,0.06133145277924869,0.7416002771042605,0.525978524419813,"SMOTE(k_neighbors=9, random_state=1999)",1999
0.01,8698,4392,0.9628905984596392,0.02381299095397916,0.8190984578884934,0.535490989334314,0.9443295019157087,0.049562256380506424,0.7887080013855212,0.5625216487703498,"SMOTE(k_neighbors=9, random_state=1999)",1999
0.03,8698,4479,0.9918486782432767,0.007677749670952837,0.8321273516642547,0.6718235681369322,0.9846153846153847,0.01439098994913053,0.7990994111534464,0.6546588153792865,"SMOTE(k_neighbors=9, random_state=1999)",1999
0.05,8698,4566,0.9950633986141838,0.004655124118760327,0.8618834080717489,0.6849740932642487,0.9907505285412264,0.008688034569114999,0.8399722895739522,0.6841011430550745,"SMOTE(k_neighbors=9, random_state=1999)",1999
0.1,8698,4783,0.998093581192126,0.0015565844384454956,0.8640383750562135,0.6896074701711914,0.9965517241379309,0.002815505451474941,0.842916522341531,0.6891236577762383,"SMOTE(k_neighbors=9, random_state=1999)",1999
0.25,8698,5436,0.9982726689932864,0.0016778174320258264,0.8918458920006189,0.743067743067743,0.9979308924938095,0.002315701318502836,0.8789400762036716,0.7464496016626256,"SMOTE(k_neighbors=9, random_state=1999)",1999
0.5,8698,6523,0.9994824598154892,0.0006903019695021258,0.891156462585034,0.7359887204793796,0.999425287356322,0.000890340999128115,0.8780741253896779,0.740561136127468,"SMOTE(k_neighbors=9, random_state=1999)",1999
1.0,8698,8698,0.9996551060888301,0.0002816047251990426,0.904432568374725,0.7731033268790706,0.9996550401439096,0.00028165864658067735,0.8947003810183581,0.7767578801524073,"SMOTE(k_neighbors=9, random_state=1999)",1999
0.005,8698,4370,0.9713136949208172,0.035133405024903565,0.7833985904463586,0.48636009353078724,0.95,0.06123724356957946,0.7604780048493246,0.5434707308624871,"BorderlineSMOTE(k_neighbors=3, random_state=1999)",1999
0.01,8698,4392,0.9737198267026604,0.0264394249027088,0.7991909852643745,0.5101272629503495,0.9527777777777778,0.04614791034954486,0.7592656737097332,0.5266712850710079,"BorderlineSMOTE(k_neighbors=3, random_state=1999)",1999
0.03,8698,4479,0.9880340105139183,0.011487119588061841,0.8202199057546765,0.6550545336154973,0.9843854995579134,0.014459610190821297,0.7819535850363699,0.6330100450294422,"BorderlineSMOTE(k_neighbors=3, random_state=1999)",1999
0.05,8698,4566,0.9951453023573483,0.0070423805380143084,0.8390101892285299,0.6626425217974514,0.9930138892605775,0.009318721462912523,0.8084516799445791,0.6515413924489089,"BorderlineSMOTE(k_neighbors=3, random_state=1999)",1999
0.1,8698,4783,0.997464648307874,0.003704313433928161,0.8618834080717489,0.7121109607577808,0.997471264367816,0.004775305305250791,0.8399722895739522,0.7052303429165223,"BorderlineSMOTE(k_neighbors=3, random_state=1999)",1999
0.25,8698,5436,0.9985640976817713,0.0009072484410923204,0.8423841059602649,0.6920518789491187,0.9987354950544919,0.0009194526020921918,0.8145133356425356,0.6792518184967093,"BorderlineSMOTE(k_neighbors=3, random_state=1999)",1999
0.5,8698,6523,0.9996549738950076,0.0004225689525856398,0.8755508281416198,0.7223756906077348,0.9995402298850575,0.0005631010902949665,0.8581572566678213,0.7215102182196051,"BorderlineSMOTE(k_neighbors=3, random_state=1999)",1999
1.0,8698,8698,0.9995402295054081,0.00043007606902616813,0.904432568374725,0.7731033268790706,0.9995402298850575,0.00043007556169814116,0.8947003810183581,0.7767578801524073,"BorderlineSMOTE(k_neighbors=3, random_state=1999)",1999
0.005,8698,4370,0.9713136949208172,0.035133405024903565,0.7930494677520351,0.4976617303195635,0.95,0.06123724356957946,0.7710426047800485,0.5535157603048146,BorderlineSMOTE(random_state=1999),1999
0.01,8698,4392,0.9739369795963407,0.02384370073858311,0.7881575165277378,0.49696969696969695,0.9527777777777778,0.04244640774982259,0.744717700034638,0.511257360581919,BorderlineSMOTE(random_state=1999),1999
0.03,8698,4479,0.987964524337387,0.009903400257417105,0.8237482117310444,0.6689331390642707,0.9843854995579134,0.01445504095536853,0.7866297194319363,0.64582611707655,BorderlineSMOTE(random_state=1999),1999
0.05,8698,4566,0.9927027080546533,0.004578790191492906,0.83633197910621,0.6568414001004856,0.9905734976063766,0.008585159856432836,0.8046414963630066,0.645133356425355,BorderlineSMOTE(random_state=1999),1999
0.1,8698,4783,0.9980933986083935,0.002533835202407768,0.8596569724086502,0.6976664963379322,0.9975728414862335,0.002976985464171427,0.8370280568063734,0.6925874610322134,BorderlineSMOTE(random_state=1999),1999
0.25,8698,5436,0.9991369021822628,0.0007047189281056536,0.8356780275562001,0.6806902218570254,0.9989655123818466,0.001053476811575694,0.8037755455490128,0.6634915136820229,BorderlineSMOTE(random_state=1999),1999
0.5,8698,6523,0.9989643240325842,0.0006460342433865773,0.8767123287671232,0.7231833910034602,0.9987351024948357,0.0009194746266516496,0.85971596813301,0.7228957395219952,BorderlineSMOTE(random_state=1999),1999
1.0,8698,8698,0.9997699826726454,0.0004600346547094514,0.904432568374725,0.7731033268790706,0.9997699826726454,0.0004600346547094514,0.8947003810183581,0.7767578801524073,BorderlineSMOTE(random_state=1999),1999
0.005,8698,4370,0.9665518561040949,0.06689628779181017,0.7925304636809621,0.499213217938631,0.95,0.09999999999999999,0.7729476965708348,0.5590578455143748,"BorderlineSMOTE(k_neighbors=7, random_state=1999)",1999
0.01,8698,4392,0.9739369795963407,0.02384370073858311,0.8030477285796435,0.5336386051426558,0.9527777777777778,0.04244640774982259,0.7627294769657084,0.5413924489089019,"BorderlineSMOTE(k_neighbors=7, random_state=1999)",1999
0.03,8698,4479,0.9940192580991412,0.004885120183145077,0.8286864041391204,0.6737184703010578,0.9921927497789568,0.009329624697350871,0.7935573259438864,0.6527537235885001,"BorderlineSMOTE(k_neighbors=7, random_state=1999)",1999
0.05,8698,4566,0.9927027080546533,0.004578790191492906,0.8369391607376216,0.6618777146675576,0.9905734976063766,0.008585159856432836,0.8055074471770003,0.6494631104953239,"BorderlineSMOTE(k_neighbors=7, random_state=1999)",1999
0.1,8698,4783,0.9981000931890037,0.0025304215165849026,0.8633912522468544,0.6930761281433,0.9975862068965518,0.0029618617762586686,0.8420505715275373,0.6913751298926221,"BorderlineSMOTE(k_neighbors=7, random_state=1999)",1999
0.25,8698,5436,0.9988495030927483,0.000575260923731716,0.8371822803195352,0.6853858784893267,0.998504682888759,0.0010029077076017545,0.8058538275025979,0.6681676480775892,"BorderlineSMOTE(k_neighbors=7, random_state=1999)",1999
0.5,8698,6523,0.9993099477900153,0.0010059153103381376,0.8725015142337977,0.7217167381974249,0.9991954022988505,0.001126202180589933,0.85417388292345,0.7192587461032214,"BorderlineSMOTE(k_neighbors=7, random_state=1999)",1999
1.0,8698,8698,0.999425220955429,0.0006295663799210331,0.904432568374725,0.7731033268790706,0.9994251550864384,0.0006295662136308725,0.8947003810183581,0.7767578801524073,"BorderlineSMOTE(k_neighbors=7, random_state=1999)",1999
0.005,8698,4370,0.9744882320364742,0.03164600561972855,0.7877358490566038,0.49266862170087977,0.9550000000000001,0.055677643628300216,0.7661932802216834,0.5505715275372359,"BorderlineSMOTE(k_neighbors=9, random_state=1999)",1999
0.01,8698,4392,0.9695656178271573,0.019966295905142397,0.7995974698102357,0.5278561354019746,0.9540517241379309,0.02315797210835995,0.7585729130585382,0.5361967440249393,"BorderlineSMOTE(k_neighbors=9, random_state=1999)",1999
0.03,8698,4479,0.9940191920401948,0.004885175767029596,0.8321062509022665,0.676590871912318,0.9921927497789568,0.009329624697350871,0.7985798406650502,0.6576030481468653,"BorderlineSMOTE(k_neighbors=9, random_state=1999)",1999
0.05,8698,4566,0.9964310981102121,0.00476926795916428,0.8529977794226499,0.6825369835062064,0.997497255399918,0.004723380362722351,0.8280221683408382,0.6766539660547282,"BorderlineSMOTE(k_neighbors=9, random_state=1999)",1999
0.1,8698,4783,0.9981000551848854,0.001551344866844115,0.8594006262114209,0.6893952372794243,0.9975862068965518,0.002729733813112191,0.8366816764807758,0.6860062348458608,"BorderlineSMOTE(k_neighbors=9, random_state=1999)",1999
0.25,8698,5436,0.9985570635786358,0.0012919443497229142,0.8388694638694638,0.6906522096270741,0.9980417394989143,0.0021738968702358064,0.8084516799445791,0.673882923449948,"BorderlineSMOTE(k_neighbors=9, random_state=1999)",1999
0.5,8698,6523,0.9994823278493253,0.0006905330287323861,0.8731626003939991,0.7269303201506592,0.999425287356322,0.000890340999128115,0.8550398337374436,0.7237616903359889,"BorderlineSMOTE(k_neighbors=9, random_state=1999)",1999
1.0,8698,8698,0.9995400975392442,0.0004302877146804156,0.904432568374725,0.7731033268790706,0.9995402298850575,0.00043007556169814116,0.8947003810183581,0.7767578801524073,"BorderlineSMOTE(k_neighbors=9, random_state=1999)",1999
0.005,4370,4370,0.9601450794968827,0.033053523441061626,0.7923368877643232,0.3956782713085234,0.93,0.057879184513951125,0.8010045029442328,0.5640803602355386,EditedNearestNeighbours(),1999
0.01,4392,4392,0.9603207684735449,0.025701652179673823,0.7653474602679963,0.41994017946161516,0.9291666666666666,0.04444444444444445,0.7391756148250779,0.4961898164184274,EditedNearestNeighbours(),1999
0.03,4479,4479,0.9855541782830443,0.010715250576817848,0.8184345281638624,0.6314184036603966,0.973076923076923,0.01961161351381842,0.7850710079667476,0.6233113959127121,EditedNearestNeighbours(),1999
0.05,4566,4566,0.990038342263067,0.00869124502415255,0.836225754703223,0.654073199527745,0.9837645500716871,0.01727063293762507,0.8055074471770003,0.6447869760997575,EditedNearestNeighbours(),1999
0.1,4783,4783,0.9942535547323175,0.002385566367537421,0.8497562416900576,0.6751744087119279,0.9906627920818941,0.0029374692683538017,0.8238656044336681,0.6693799792171804,EditedNearestNeighbours(),1999
0.25,5435,5436,0.9991358428420828,0.0011517940117886573,0.8749241044323012,0.7196406978752807,0.9986217393142519,0.0018359238973744453,0.8572913058538275,0.7189123657776239,EditedNearestNeighbours(),1999
0.5,6522,6523,0.9993099477900153,0.0010059153103381376,0.8797313797313797,0.7465846994535519,0.9991954022988505,0.001126202180589933,0.8635261517145827,0.7429857984066506,EditedNearestNeighbours(),1999
1.0,8695,8698,0.9996550394974559,0.0004600026890485254,0.9092916863858653,0.7660182045332857,0.9996549078740262,0.0004602331308109901,0.9004156563907171,0.7729476965708348,EditedNearestNeighbours(),1999
0.005,4370,4370,0.960541904931673,0.05123954086989138,0.7923368877643232,0.3956782713085234,0.9349999999999999,0.08306623862918074,0.8010045029442328,0.5640803602355386,EditedNearestNeighbours(n_neighbors=5),1999
0.01,4392,4392,0.9612241295908159,0.033314958448273334,0.7653474602679963,0.41994017946161516,0.9319444444444445,0.05422005915539762,0.7391756148250779,0.4961898164184274,EditedNearestNeighbours(n_neighbors=5),1999
0.03,4479,4479,0.9834574583219112,0.010683647469045628,0.8184345281638624,0.6314184036603966,0.9692307692307693,0.01961161351381841,0.7850710079667476,0.6233113959127121,EditedNearestNeighbours(n_neighbors=5),1999
0.05,4566,4566,0.9899559920355309,0.008694028272988465,0.836225754703223,0.654073199527745,0.9814482029598309,0.01579657556664077,0.8055074471770003,0.6447869760997575,EditedNearestNeighbours(n_neighbors=5),1999
0.1,4783,4783,0.995524830677583,0.004779486369506957,0.8497562416900576,0.6751744087119279,0.9929751403368083,0.006878804697952758,0.8238656044336681,0.6693799792171804,EditedNearestNeighbours(n_neighbors=5),1999
0.25,5434,5436,0.9976949104089957,0.0033576445853654726,0.8753227031131359,0.717797783933518,0.9973510249483553,0.003485442806860706,0.8578108763422237,0.7177000346380326,EditedNearestNeighbours(n_neighbors=5),1999
0.5,6521,6523,0.9996549078360613,0.0004226498708474275,0.8839135101978224,0.7479786685016343,0.9995402298850575,0.0005631010902949665,0.8688950467613439,0.7462764114998268,EditedNearestNeighbours(n_neighbors=5),1999
1.0,8690,8698,0.9994251543640548,0.00036369032634807417,0.9021143304620204,0.7641043723554302,0.999425022816555,0.0003638986091539643,0.8917561482507793,0.7682715621752685,EditedNearestNeighbours(n_neighbors=5),1999
0.005,4370,4370,0.9601450794968827,0.033053523441061626,0.7923368877643232,0.3956782713085234,0.93,0.057879184513951125,0.8010045029442328,0.5640803602355386,EditedNearestNeighbours(n_neighbors=7),1999
0.01,4392,4392,0.9669957217821168,0.022945070319202215,0.7653474602679963,0.41994017946161516,0.9402777777777779,0.03967460238079361,0.7391756148250779,0.4961898164184274,EditedNearestNeighbours(n_neighbors=7),1999
0.03,4479,4479,0.9790878774244707,0.013729534377685237,0.8184345281638624,0.6314184036603966,0.9615384615384617,0.024325212770526013,0.7850710079667476,0.6233113959127121,EditedNearestNeighbours(n_neighbors=7),1999
0.05,4566,4566,0.9913875018695849,0.006330132284771427,0.836225754703223,0.654073199527745,0.9860901314670361,0.013199539897623793,0.8055074471770003,0.6447869760997575,EditedNearestNeighbours(n_neighbors=7),1999
0.1,4783,4783,0.9961802973935322,0.0031188658414764716,0.8497562416900576,0.6751744087119279,0.9941377987645993,0.005145535799252794,0.8238656044336681,0.6693799792171804,EditedNearestNeighbours(n_neighbors=7),1999
0.25,5434,5436,0.999135840357517,0.0007055857356098377,0.8753227031131359,0.717797783933518,0.9989633984850894,0.00105600873142164,0.8578108763422237,0.7177000346380326,EditedNearestNeighbours(n_neighbors=7),1999
0.5,6521,6523,0.9996547084398781,0.000422894275680254,0.8839135101978224,0.7479786685016343,0.9995397001959849,0.0005637504463773807,0.8688950467613439,0.7462764114998268,EditedNearestNeighbours(n_neighbors=7),1999
1.0,8687,8698,0.9996551060131622,0.0004598037126408845,0.9062303335431089,0.764967134482146,0.999655172413793,0.0004597701149425148,0.8967786629719432,0.7708694146172498,EditedNearestNeighbours(n_neighbors=7),1999
0.005,4370,4370,0.9601450794968827,0.033053523441061626,0.7923368877643232,0.3956782713085234,0.93,0.057879184513951125,0.8010045029442328,0.5640803602355386,EditedNearestNeighbours(n_neighbors=9),1999
0.01,4392,4392,0.9581472065138928,0.03911286312980391,0.7653474602679963,0.41994017946161516,0.9277777777777778,0.06189522209765887,0.7391756148250779,0.4961898164184274,EditedNearestNeighbours(n_neighbors=9),1999
0.03,4479,4479,0.9836190571181331,0.005135489884225756,0.8184345281638624,0.6314184036603966,0.9692307692307693,0.009421114395319938,0.7850710079667476,0.6233113959127121,EditedNearestNeighbours(n_neighbors=9),1999
0.05,4566,4566,0.9913618698098908,0.006318979195034569,0.836225754703223,0.654073199527745,0.9839323467230443,0.011631990441935207,0.8055074471770003,0.6447869760997575,EditedNearestNeighbours(n_neighbors=9),1999
0.1,4782,4783,0.9968090911752908,0.0035173970674716904,0.8489675516224189,0.6707545562936468,0.9952873563218392,0.006626912784091733,0.8226532732940769,0.6652234153100104,EditedNearestNeighbours(n_neighbors=9),1999
0.25,5434,5436,0.9985590625977817,0.0009135464258134937,0.8753227031131359,0.717797783933518,0.9980438533956715,0.001612682523313571,0.8578108763422237,0.7177000346380326,EditedNearestNeighbours(n_neighbors=9),1999
0.5,6519,6523,0.9996547084398781,0.000422894275680254,0.8919839059114825,0.7478139209513815,0.9995397001959849,0.0005637504463773807,0.8791132663664704,0.7502597852441981,EditedNearestNeighbours(n_neighbors=9),1999
1.0,8683,8698,0.9996550401059447,0.00046000162402863267,0.9025078369905956,0.7633345107735783,0.999655172413793,0.00045977011494251484,0.8922757187391757,0.767925181849671,EditedNearestNeighbours(n_neighbors=9),1999
0.005,4370,4370,0.9139410847624518,0.07026681004980709,0.7876310645103963,0.39708646616541354,0.865,0.09565563234854497,0.7930377554554902,0.5555940422583997,TomekLinks(),1999
0.01,4392,4392,0.9610559305870632,0.01659890621098616,0.7648255359098732,0.414541072504519,0.9291666666666666,0.027216552697590858,0.7396951853134741,0.49515067544163494,TomekLinks(),1999
0.03,4479,4479,0.983374225104393,0.012670591623223088,0.8173810921902525,0.645367412140575,0.9692307692307693,0.0230769230769231,0.7845514374783513,0.6347419466574299,TomekLinks(),1999
0.05,4566,4566,0.9925116986027508,0.009172239902445476,0.8364431486880467,0.6525995948683322,0.9862050739957716,0.016897124910897145,0.8056806373397991,0.6435746449601663,TomekLinks(),1999
0.1,4783,4783,0.9967819647624279,0.005001151735351716,0.8501845018450185,0.6733651226158038,0.9942528735632183,0.008903409991281407,0.8242119847592657,0.6678212677519917,TomekLinks(),1999
0.25,5436,5436,0.9988474477338759,0.0010801208309629674,0.8773211567732115,0.7167710508002784,0.998504682888759,0.0017690285715500403,0.860408728784205,0.7180464149636301,TomekLinks(),1999
0.5,6523,6523,0.9994823287246186,0.00042267684360025874,0.887178697860551,0.7344652546823035,0.999425287356322,0.0005140386155171775,0.873051610668514,0.7372705230342917,TomekLinks(),1999
1.0,8698,8698,0.9996550401059447,0.00046000162402863267,0.904432568374725,0.7731033268790706,0.9996550401439096,0.000460001605066636,0.8947003810183581,0.7767578801524073,TomekLinks(),1999
0.005,8699,4370,0.9665518561040949,0.06689628779181019,0.7605158120970218,0.4559189137502391,0.95,0.09999999999999999,0.7298233460339453,0.5072739868375475,"ADASYN(n_neighbors=3, random_state=1999)",1999
0.01,8692,4392,0.9695166642402956,0.03257136889509894,0.8230524181870837,0.5832316541746557,0.954051724137931,0.04221415096241621,0.7883616210599238,0.5859023207481815,"ADASYN(n_neighbors=3, random_state=1999)",1999
0.03,8698,4479,0.9878077275754364,0.007741972891649148,0.8205639418968955,0.671905067350866,0.9806542882404952,0.017073077309480468,0.7817803948735711,0.6456529269137512,"ADASYN(n_neighbors=3, random_state=1999)",1999
0.05,8711,4566,0.9963522319575281,0.00297879741832794,0.8291840552597496,0.6556510244547257,0.9952867488031882,0.005542509584409251,0.7944232767578802,0.6390717007273987,"ADASYN(n_neighbors=3, random_state=1999)",1999
0.1,8698,4783,0.9981000551848854,0.0015513448668441148,0.8558705655336203,0.6821678919473414,0.9975862068965518,0.002729733813112191,0.8318323519224109,0.6780394873571182,"ADASYN(n_neighbors=3, random_state=1999)",1999
0.25,8699,5436,0.9988476529434671,0.001681017104911368,0.842443729903537,0.681757656458056,0.9985089106822734,0.0027039991670434354,0.8133010045029443,0.6688604087287842,"ADASYN(n_neighbors=3, random_state=1999)",1999
0.5,8699,6523,0.9998276851246046,0.00034462975079043725,0.8746966019417476,0.7520188425302826,0.9998850574712644,0.00022988505747125742,0.85694492552823,0.744717700034638,"ADASYN(n_neighbors=3, random_state=1999)",1999
1.0,8698,8698,,,0.904432568374725,0.7731033268790706,,,0.8947003810183581,0.7767578801524073,"ADASYN(n_neighbors=3, random_state=1999)",1999
0.005,8695,4370,0.9744882320364742,0.03164600561972855,0.7692069392812887,0.4642442984151527,0.9550000000000001,0.055677643628300216,0.741946657429858,0.5199168687218566,ADASYN(random_state=1999),1999
0.01,8698,4392,0.9688303896546927,0.028217299916461956,0.8183667538506249,0.5695690413368514,0.9554406130268198,0.05433966043726465,0.7835122965015586,0.5762036716314514,ADASYN(random_state=1999),1999
0.03,8704,4479,0.9883135036793899,0.011194691669839085,0.8315060588574726,0.6736531848698215,0.9918479221927499,0.015167801582161664,0.7977138898510565,0.6548320055420852,ADASYN(random_state=1999),1999
0.05,8691,4566,0.9951984047872404,0.004474222883046548,0.8330922765403529,0.6584635849684071,0.9952245281271906,0.00562097564993747,0.800138552130239,0.6442674056113613,ADASYN(random_state=1999),1999
0.1,8695,4783,0.99873559417979,0.0015486090687976723,0.8493150684931506,0.6812964213369345,0.998735632183908,0.0022524043611799544,0.8228264634568756,0.6730169726359543,ADASYN(random_state=1999),1999
0.25,8695,5436,0.9988464594556234,0.0016815598557535284,0.8601701238621101,0.7052042719104933,0.9985025689920018,0.0020474943194934785,0.8377208174575684,0.6988223068929684,ADASYN(random_state=1999),1999
0.5,8697,6523,0.9993102101279362,0.0008448178732591896,0.8715235792019347,0.7454209376575366,0.9993103448275862,0.0009195402298850297,0.8527883616210599,0.7376169033598892,ADASYN(random_state=1999),1999
1.0,8698,8698,,,0.904432568374725,0.7731033268790706,,,0.8947003810183581,0.7767578801524073,ADASYN(random_state=1999),1999
0.005,8697,4370,0.9744882320364742,0.03164600561972855,0.7752272377137575,0.49631170796292795,0.9550000000000001,0.055677643628300216,0.7473155524766193,0.5387945964669207,"ADASYN(n_neighbors=7, random_state=1999)",1999
0.01,8695,4392,0.9687813041016671,0.019998998838191603,0.813392986000866,0.566846784033467,0.9540517241379309,0.04191052084279307,0.7760651195012123,0.5696224454450987,"ADASYN(n_neighbors=7, random_state=1999)",1999
0.03,8691,4479,0.9879614417631186,0.0075799643359037655,0.8301180535560034,0.6834089436163319,0.9843854995579134,0.014301305623318088,0.7956356078974715,0.6615864218912366,"ADASYN(n_neighbors=7, random_state=1999)",1999
0.05,8702,4566,0.9914975051707001,0.009107057079882784,0.8366487585305649,0.6644440740123354,0.9905114092002624,0.013327174888716676,0.8051610668514029,0.6513682022861101,"ADASYN(n_neighbors=7, random_state=1999)",1999
0.1,8696,4783,0.9993645270640419,0.0012709458719160514,0.8451612903225807,0.6704929101958136,0.9988505747126437,0.002298850574712663,0.8171111880845168,0.661932802216834,"ADASYN(n_neighbors=7, random_state=1999)",1999
0.25,8693,5436,0.9979892256520054,0.0017214202380261097,0.862874251497006,0.7096993375233566,0.9981597230326686,0.0017610691426583637,0.8413578108763422,0.704018011776931,"ADASYN(n_neighbors=7, random_state=1999)",1999
0.5,8701,6523,0.9989641900484928,0.0010071007729970174,0.870076957899502,0.755939524838013,0.9988500450235712,0.0013107791571713556,0.8508832698302736,0.7455836508486318,"ADASYN(n_neighbors=7, random_state=1999)",1999
1.0,8698,8698,,,0.904432568374725,0.7731033268790706,,,0.8947003810183581,0.7767578801524073,"ADASYN(n_neighbors=7, random_state=1999)",1999
0.005,8696,4370,0.9553832406801603,0.06501481593175598,0.7708752904725019,0.4783275795934024,0.9498850574712645,0.09994277659874218,0.7438517492206442,0.5289227571873918,"ADASYN(n_neighbors=9, random_state=1999)",1999
0.01,8700,4392,0.9687813700088845,0.01999878361343639,0.8129517201503325,0.5700853212606651,0.9540517241379309,0.04191052084279307,0.7758919293384136,0.5723934880498788,"ADASYN(n_neighbors=9, random_state=1999)",1999
0.03,8703,4479,0.9879514684063698,0.009852427243555551,0.8254331949019046,0.6751736391536101,0.9843854995579134,0.018659249394701795,0.78888119154832,0.6517145826117077,"ADASYN(n_neighbors=9, random_state=1999)",1999
0.05,8716,4566,0.9951171074441533,0.00244358173467571,0.8488509133765468,0.6710884353741496,0.9929081810153344,0.005558529205735305,0.8223068929684794,0.6650502251472117,"ADASYN(n_neighbors=9, random_state=1999)",1999
0.1,8723,4783,0.9968617629122611,0.003972657113836004,0.842197545295149,0.6684590825071417,0.9983908045977012,0.0026808974229173862,0.8129546241773467,0.6582958087980603,"ADASYN(n_neighbors=9, random_state=1999)",1999
0.25,8685,5436,0.9988484534717881,0.0010771726339481144,0.8674807779285392,0.7267796610169491,0.9988484559563536,0.0012080527530582696,0.8477658468998961,0.7208174575684101,"ADASYN(n_neighbors=9, random_state=1999)",1999
0.5,8696,6523,0.9993095473237723,0.0010070109664548602,0.878736777556339,0.7324090121317157,0.9991954022988505,0.001340448711458693,0.8630065812261863,0.7325943886387254,"ADASYN(n_neighbors=9, random_state=1999)",1999
1.0,8698,8698,,,0.904432568374725,0.7731033268790706,,,0.8947003810183581,0.7767578801524073,"ADASYN(n_neighbors=9, random_state=1999)",1999
0.005,8698,4370,0.9665518561040949,0.06689628779181017,0.7736907730673317,0.46985608712563204,0.95,0.09999999999999999,0.7485278836162106,0.5278836162105993,"SMOTEENN(enn=EditedNearestNeighbours(), random_state=1999,
         smote=SMOTE(k_neighbors=3, random_state=1999))",1999
0.01,8698,4392,0.9754564554353491,0.012365398113819051,0.8311878291398479,0.5870910698496905,0.9541666666666666,0.023073955174772436,0.800138552130239,0.5956009698649116,"SMOTEENN(enn=EditedNearestNeighbours(), random_state=1999,
         smote=SMOTE(k_neighbors=3, random_state=1999))",1999
0.03,8698,4479,0.9894927487758697,0.016586743699937193,0.8400292184075968,0.6675616714213795,0.984500442086649,0.030712566093994153,0.8103567717353655,0.6569102874956703,"SMOTEENN(enn=EditedNearestNeighbours(), random_state=1999,
         smote=SMOTE(k_neighbors=3, random_state=1999))",1999
0.05,8698,4566,0.9926757288127209,0.004571662802831017,0.8453971516664219,0.6531940400753554,0.9883628587397633,0.007356388083441114,0.817630758572913,0.6492899203325251,"SMOTEENN(enn=EditedNearestNeighbours(), random_state=1999,
         smote=SMOTE(k_neighbors=3, random_state=1999))",1999
0.1,8698,4783,0.9961863529947135,0.0023965599590479543,0.8620999102602452,0.6961439588688946,0.9961800334612045,0.004536123891686212,0.8403186698995497,0.6929338413578109,"SMOTEENN(enn=EditedNearestNeighbours(), random_state=1999,
         smote=SMOTE(k_neighbors=3, random_state=1999))",1999
0.25,8696,5436,0.9988495128119681,0.0005752469831119992,0.879865669363456,0.7229376957883745,0.998850569853111,0.000961689807902604,0.8636993418773813,0.7242812608243852,"SMOTEENN(enn=EditedNearestNeighbours(), random_state=1999,
         smote=SMOTE(k_neighbors=3, random_state=1999))",1999
0.5,8695,6523,0.9991365704045364,0.0007726905630113231,0.901770327432242,0.7396619920891766,0.9989644578632344,0.0010547385026684764,0.8914097679251818,0.7492206442674056,"SMOTEENN(enn=EditedNearestNeighbours(), random_state=1999,
         smote=SMOTE(k_neighbors=3, random_state=1999))",1999
1.0,8695,8698,0.9997699825965842,0.00028171263516440684,0.9092916863858653,0.7660182045332857,0.9997699826726454,0.00028171261963820814,0.9004156563907171,0.7729476965708348,"SMOTEENN(enn=EditedNearestNeighbours(), random_state=1999,
         smote=SMOTE(k_neighbors=3, random_state=1999))",1999
0.005,8698,4370,0.9713136949208172,0.035133405024903565,0.7784188367378762,0.4808997479154547,0.95,0.06123724356957946,0.753896778662972,0.5363699341877382,"SMOTEENN(enn=EditedNearestNeighbours(n_neighbors=5), random_state=1999,
         smote=SMOTE(random_state=1999))",1999
0.01,8698,4392,0.9684334980469302,0.02910280710826128,0.8226183518410286,0.5700088731144631,0.9526627029791588,0.046169259380859216,0.7897471423623138,0.5803602355386215,"SMOTEENN(enn=EditedNearestNeighbours(n_neighbors=5), random_state=1999,
         smote=SMOTE(random_state=1999))",1999
0.03,8696,4479,0.9877260489793829,0.012094494637998991,0.8351457155284906,0.6810047611229683,0.9806542882404952,0.021067506482452297,0.8030827848978177,0.6634915136820229,"SMOTEENN(enn=EditedNearestNeighbours(n_neighbors=5), random_state=1999,
         smote=SMOTE(random_state=1999))",1999
0.05,8698,4566,0.99506346467313,0.004655108538682456,0.8505169867060561,0.6642636457260556,0.9907505285412264,0.008688034569114999,0.824731555247662,0.6612400415656391,"SMOTEENN(enn=EditedNearestNeighbours(n_neighbors=5), random_state=1999,
         smote=SMOTE(random_state=1999))",1999
0.1,8698,4783,0.9968088400930248,0.0020419536939121365,0.8617132605770669,0.6910778751933987,0.9952606255012029,0.004225851077453783,0.8397990994111535,0.6887772774506408,"SMOTEENN(enn=EditedNearestNeighbours(n_neighbors=5), random_state=1999,
         smote=SMOTE(random_state=1999))",1999
0.25,8696,5436,0.9985630482129327,0.0012852536732834887,0.8758169934640523,0.713515393981562,0.9987354950544919,0.0013307255012205209,0.8585036369934187,0.7147558018704537,"SMOTEENN(enn=EditedNearestNeighbours(n_neighbors=5), random_state=1999,
         smote=SMOTE(random_state=1999))",1999
0.5,8692,6523,0.9996549738950076,0.0004225689525856398,0.8960049743510027,0.7376466405972272,0.9995402298850575,0.0005631010902949665,0.8841357810876342,0.7443713197090405,"SMOTEENN(enn=EditedNearestNeighbours(n_neighbors=5), random_state=1999,
         smote=SMOTE(random_state=1999))",1999
1.0,8690,8698,0.9996550400298837,0.00028165866203846935,0.9021143304620204,0.7641043723554302,0.9996550401439096,0.00028165864658067735,0.8917561482507793,0.7682715621752685,"SMOTEENN(enn=EditedNearestNeighbours(n_neighbors=5), random_state=1999,
         smote=SMOTE(random_state=1999))",1999
0.005,8698,4370,0.9744882320364742,0.03164600561972855,0.7764923646459972,0.4957329793286554,0.9550000000000001,0.055677643628300216,0.7490474541046068,0.5394873571181157,"SMOTEENN(enn=EditedNearestNeighbours(n_neighbors=7), random_state=1999,
         smote=SMOTE(k_neighbors=7, random_state=1999))",1999
0.01,8698,4392,0.9687813700088845,0.01999878361343639,0.8276770040959626,0.5750355618776671,0.9540517241379309,0.04191052084279307,0.795981988223069,0.5860755109109803,"SMOTEENN(enn=EditedNearestNeighbours(n_neighbors=7), random_state=1999,
         smote=SMOTE(k_neighbors=7, random_state=1999))",1999
0.03,8695,4479,0.990059452412735,0.008857748566305257,0.8334057027066145,0.66996699669967,0.9882315211341837,0.009611216705647465,0.8006581226186353,0.6536196744024939,"SMOTEENN(enn=EditedNearestNeighbours(n_neighbors=7), random_state=1999,
         smote=SMOTE(k_neighbors=7, random_state=1999))",1999
0.05,8698,4566,0.9939113935152359,0.006610955987652244,0.8440931049626702,0.6596503140383636,0.9906883078652287,0.008716555895881231,0.8155524766193281,0.6527537235885001,"SMOTEENN(enn=EditedNearestNeighbours(n_neighbors=7), random_state=1999,
         smote=SMOTE(k_neighbors=7, random_state=1999))",1999
0.1,8698,4783,0.9980934658555018,0.0025503402363691715,0.8618421052631579,0.683044982698962,0.9975862068965518,0.004545682743283947,0.8399722895739522,0.6827156217526844,"SMOTEENN(enn=EditedNearestNeighbours(n_neighbors=7), random_state=1999,
         smote=SMOTE(k_neighbors=7, random_state=1999))",1999
0.25,8693,5436,0.9982806593094674,0.0027766904558355573,0.8690278824415976,0.7238095238095238,0.9986206847956396,0.0018404096691033822,0.8494977485278836,0.7187391756148251,"SMOTEENN(enn=EditedNearestNeighbours(n_neighbors=7), random_state=1999,
         smote=SMOTE(k_neighbors=7, random_state=1999))",1999
0.5,8692,6523,0.9996546427247207,0.0006907145505588019,0.8923315259488769,0.7387546304462869,0.9995402298850575,0.0009195402298850297,0.8796328368548666,0.7435053688950468,"SMOTEENN(enn=EditedNearestNeighbours(n_neighbors=7), random_state=1999,
         smote=SMOTE(k_neighbors=7, random_state=1999))",1999
1.0,8687,8698,0.999655106240952,0.00028160460087292593,0.9062303335431089,0.764967134482146,0.999655172413793,0.00028155054514748324,0.8967786629719432,0.7708694146172498,"SMOTEENN(enn=EditedNearestNeighbours(n_neighbors=7), random_state=1999,
         smote=SMOTE(k_neighbors=7, random_state=1999))",1999
0.005,8698,4370,0.9744882320364742,0.03164600561972855,0.7707558859975217,0.47823585810162994,0.9550000000000001,0.055677643628300216,0.7436785590578455,0.528749567024593,"SMOTEENN(enn=EditedNearestNeighbours(n_neighbors=9), random_state=1999,
         smote=SMOTE(k_neighbors=9, random_state=1999))",1999
0.01,8695,4392,0.974721161355667,0.023646093206423687,0.8273634762184381,0.5653735632183908,0.9541666666666666,0.04203540541783767,0.7963283685486664,0.5808798060270177,"SMOTEENN(enn=EditedNearestNeighbours(n_neighbors=9), random_state=1999,
         smote=SMOTE(k_neighbors=9, random_state=1999))",1999
0.03,8694,4479,0.9920009693204704,0.0040020719758499185,0.8300361010830325,0.6696223316912973,0.9883464636629193,0.00928196062321895,0.7961551783858677,0.6515413924489089,"SMOTEENN(enn=EditedNearestNeighbours(n_neighbors=9), random_state=1999,
         smote=SMOTE(k_neighbors=9, random_state=1999))",1999
0.05,8691,4566,0.9927027080546533,0.004578790191492906,0.8443403133694538,0.6682416469794128,0.9905734976063766,0.008585159856432835,0.8158988569449255,0.6595081399376516,"SMOTEENN(enn=EditedNearestNeighbours(n_neighbors=9), random_state=1999,
         smote=SMOTE(k_neighbors=9, random_state=1999))",1999
0.1,8698,4783,0.9968090249642225,0.003517396199465076,0.8589304334872635,0.6876820284392667,0.9952872240519556,0.0066268301978116406,0.8359889158295809,0.6842743332178732,"SMOTEENN(enn=EditedNearestNeighbours(n_neighbors=9), random_state=1999,
         smote=SMOTE(k_neighbors=9, random_state=1999))",1999
0.25,8688,5436,0.9982698869054794,0.0021189471625038397,0.8819837746823818,0.7215123402765622,0.9975872516960983,0.0030033746103084024,0.8664703844821614,0.724454450987184,"SMOTEENN(enn=EditedNearestNeighbours(n_neighbors=9), random_state=1999,
         smote=SMOTE(k_neighbors=9, random_state=1999))",1999
0.5,8692,6523,0.9994823936044209,0.0006903349798300547,0.8864265927977839,0.7334150183791353,0.9994251550864384,0.0008903410384283869,0.8721856598545202,0.736231382057499,"SMOTEENN(enn=EditedNearestNeighbours(n_neighbors=9), random_state=1999,
         smote=SMOTE(k_neighbors=9, random_state=1999))",1999
1.0,8683,8698,0.9995400975392442,0.0004302877146804156,0.9025078369905956,0.7633345107735783,0.9995402298850575,0.0004300755616981412,0.8922757187391757,0.767925181849671,"SMOTEENN(enn=EditedNearestNeighbours(n_neighbors=9), random_state=1999,
         smote=SMOTE(k_neighbors=9, random_state=1999))",1999
0.005,8698,4370,0.9744882320364742,0.03164600561972855,0.7733374960974086,0.46553407537590313,0.9550000000000001,0.055677643628300216,0.7485278836162106,0.525978524419813,"SMOTETomek(random_state=1999, smote=SMOTE(k_neighbors=3, random_state=1999),
           tomek=TomekLinks())",1999
0.01,8698,4392,0.9738880257064132,0.03910429450552074,0.8291471962616822,0.5868875572788157,0.9555555555555555,0.06478835438717004,0.797367509525459,0.5940422583997229,"SMOTETomek(random_state=1999, smote=SMOTE(k_neighbors=3, random_state=1999),
           tomek=TomekLinks())",1999
0.03,8698,4479,0.9919226038931036,0.007660473258859043,0.8323214801965886,0.6750861079219288,0.9883464636629193,0.015299796962503375,0.7990994111534465,0.6569102874956703,"SMOTETomek(random_state=1999, smote=SMOTE(k_neighbors=3, random_state=1999),
           tomek=TomekLinks())",1999
0.05,8698,4566,0.9963522980164743,0.0029787444884282976,0.8400933761307265,0.6557321609739601,0.9931289640591967,0.0056110071996153124,0.8101835815725666,0.6473848285417388,"SMOTETomek(random_state=1999, smote=SMOTE(k_neighbors=3, random_state=1999),
           tomek=TomekLinks())",1999
0.1,8698,4783,0.9968219201964368,0.0040046085444825985,0.8629152948219097,0.6918044077134986,0.9962951082598236,0.004777855843605769,0.8413578108763422,0.6899896085902322,"SMOTETomek(random_state=1999, smote=SMOTE(k_neighbors=3, random_state=1999),
           tomek=TomekLinks())",1999
0.25,8698,5436,0.9985640414941666,0.0018168295223638996,0.8852710797112578,0.7244288224956064,0.9987354950544918,0.0015596914057705502,0.8706269483893314,0.7284378247315553,"SMOTETomek(random_state=1999, smote=SMOTE(k_neighbors=3, random_state=1999),
           tomek=TomekLinks())",1999
0.5,8698,6523,0.9994824598154892,0.0006903019695021258,0.896756082345602,0.7412811387900355,0.999425287356322,0.000890340999128115,0.8853481122272255,0.7481815032906132,"SMOTETomek(random_state=1999, smote=SMOTE(k_neighbors=3, random_state=1999),
           tomek=TomekLinks())",1999
1.0,8698,8698,0.9995400314802978,0.0004303053606040094,0.904432568374725,0.7731033268790706,0.999540097615174,0.0004302876944206479,0.8947003810183581,0.7767578801524073,"SMOTETomek(random_state=1999, smote=SMOTE(k_neighbors=3, random_state=1999),
           tomek=TomekLinks())",1999
0.005,8698,4370,0.9744882320364742,0.03164600561972855,0.7784019975031211,0.4779311685786506,0.9550000000000001,0.055677643628300216,0.7540699688257707,0.5349844128853481,"SMOTETomek(random_state=1999, smote=SMOTE(random_state=1999),
           tomek=TomekLinks())",1999
0.01,8698,4392,0.9695656178271573,0.019966295905142394,0.8273139347857874,0.5790219702338767,0.9540517241379309,0.02315797210835995,0.7954624177346727,0.5885001731901628,"SMOTETomek(random_state=1999, smote=SMOTE(random_state=1999),
           tomek=TomekLinks())",1999
0.03,8698,4479,0.9940206810575081,0.007941365065382006,0.8330200954170883,0.6851278709887604,0.9921927497789568,0.009563616652880393,0.7999653619674403,0.6652234153100104,"SMOTETomek(random_state=1999, smote=SMOTE(random_state=1999),
           tomek=TomekLinks())",1999
0.05,8698,4566,0.9951183891743621,0.0024415526593109314,0.8435991221653255,0.6605660057617353,0.9929611674078395,0.005516396397016531,0.814859715968133,0.6531001039140977,"SMOTETomek(random_state=1999, smote=SMOTE(random_state=1999),
           tomek=TomekLinks())",1999
0.1,8698,4783,0.9980999889738171,0.0015513979959536196,0.8624869070776597,0.6888582269748189,0.9986205573852889,0.0021989316723665794,0.840838240387946,0.6875649463110496,"SMOTETomek(random_state=1999, smote=SMOTE(random_state=1999),
           tomek=TomekLinks())",1999
0.25,8698,5436,0.9979853457493256,0.0014691555734992552,0.8816151728357295,0.7276840090481991,0.997470063000722,0.0016529453923289146,0.8659508139937652,0.7289573952199515,"SMOTETomek(random_state=1999, smote=SMOTE(random_state=1999),
           tomek=TomekLinks())",1999
0.5,8698,6523,0.9994825929606661,0.0004224613023689677,0.9020222605424048,0.7418717442069337,0.999425287356322,0.0005140386155171775,0.8917561482507794,0.7511257360581919,"SMOTETomek(random_state=1999, smote=SMOTE(random_state=1999),
           tomek=TomekLinks())",1999
1.0,8698,8698,0.9996551060131622,0.0004598037126408845,0.904432568374725,0.7731033268790706,0.999655172413793,0.00045977011494251484,0.8947003810183581,0.7767578801524073,"SMOTETomek(random_state=1999, smote=SMOTE(random_state=1999),
           tomek=TomekLinks())",1999
0.005,8698,4370,0.9744882320364742,0.03164600561972855,0.7764923646459972,0.49230184375593994,0.9550000000000001,0.055677643628300216,0.7490474541046068,0.5374090751645306,"SMOTETomek(random_state=1999, smote=SMOTE(k_neighbors=7, random_state=1999),
           tomek=TomekLinks())",1999
0.01,8698,4392,0.9683991644951002,0.023078672508427343,0.8237564959168523,0.5464220183486238,0.9526628352490422,0.046030715761324004,0.7944232767578802,0.5718739175614824,"SMOTETomek(random_state=1999, smote=SMOTE(k_neighbors=7, random_state=1999),
           tomek=TomekLinks())",1999
0.03,8698,4479,0.9878817853435493,0.007763274587956722,0.834830483917705,0.6749052562201351,0.9843854995579134,0.01865570878108248,0.8025632144094215,0.6582958087980603,"SMOTETomek(random_state=1999, smote=SMOTE(k_neighbors=7, random_state=1999),
           tomek=TomekLinks())",1999
0.05,8698,4566,0.9928349232678955,0.0068964526749199905,0.8465717222140655,0.662125340599455,0.9927838719332229,0.005898808217849081,0.8190162798753031,0.656390717007274,"SMOTETomek(random_state=1999, smote=SMOTE(k_neighbors=7, random_state=1999),
           tomek=TomekLinks())",1999
0.1,8698,4783,0.9981000551848854,0.0015513448668441148,0.856718192627824,0.6828767123287671,0.9975862068965518,0.002729733813112191,0.8330446830620021,0.6792518184967093,"SMOTETomek(random_state=1999, smote=SMOTE(k_neighbors=7, random_state=1999),
           tomek=TomekLinks())",1999
0.25,8698,5436,0.9982736772157642,0.0021156570063456874,0.8886833179155104,0.7411805798113866,0.9986185708988824,0.0022031885779465405,0.8749567024593004,0.743332178732248,"SMOTETomek(random_state=1999, smote=SMOTE(k_neighbors=7, random_state=1999),
           tomek=TomekLinks())",1999
0.5,8698,6523,0.9993096813078635,0.0006458225905430657,0.9096661920582186,0.7423357664233576,0.9991948726097781,0.0008603640974439668,0.9011084170419119,0.7554554901281607,"SMOTETomek(random_state=1999, smote=SMOTE(k_neighbors=7, random_state=1999),
           tomek=TomekLinks())",1999
1.0,8698,8698,0.9993101446751252,0.0006703057774892221,0.904432568374725,0.7731033268790706,0.9993099480179358,0.0006703833343888266,0.8947003810183581,0.7767578801524073,"SMOTETomek(random_state=1999, smote=SMOTE(k_neighbors=7, random_state=1999),
           tomek=TomekLinks())",1999
0.005,8698,4370,0.9621652153060165,0.03231505394103348,0.769325912183055,0.475971663794754,0.9498849252013809,0.061143646350010884,0.7416002771042605,0.525978524419813,"SMOTETomek(random_state=1999, smote=SMOTE(k_neighbors=9, random_state=1999),
           tomek=TomekLinks())",1999
0.01,8698,4392,0.9694496504562279,0.028276515919983387,0.8190984578884934,0.535490989334314,0.9554404807569364,0.05433955337331832,0.7887080013855212,0.5625216487703498,"SMOTETomek(random_state=1999, smote=SMOTE(k_neighbors=9, random_state=1999),
           tomek=TomekLinks())",1999
0.03,8698,4479,0.9920009693204703,0.0040020719758499185,0.8321273516642547,0.6718235681369322,0.9883464636629193,0.00928196062321895,0.7990994111534464,0.6546588153792865,"SMOTETomek(random_state=1999, smote=SMOTE(k_neighbors=9, random_state=1999),
           tomek=TomekLinks())",1999
0.05,8698,4566,0.9963522980164743,0.0029787444884282976,0.8618834080717489,0.6849740932642487,0.9931289640591967,0.0056110071996153124,0.8399722895739522,0.6841011430550745,"SMOTETomek(random_state=1999, smote=SMOTE(k_neighbors=9, random_state=1999),
           tomek=TomekLinks())",1999
0.1,8698,4783,0.9981001592479501,0.0025303881619963913,0.8640383750562135,0.6896074701711914,0.9975862068965518,0.0029618617762586686,0.842916522341531,0.6891236577762383,"SMOTETomek(random_state=1999, smote=SMOTE(k_neighbors=9, random_state=1999),
           tomek=TomekLinks())",1999
0.25,8698,5436,0.9985650640852051,0.0009041583943715111,0.8918458920006189,0.743067743067743,0.9987332488878511,0.0009218909626240764,0.8789400762036716,0.7464496016626256,"SMOTETomek(random_state=1999, smote=SMOTE(k_neighbors=9, random_state=1999),
           tomek=TomekLinks())",1999
0.5,8698,6523,0.9994822616383882,0.0006904008441427086,0.891156462585034,0.7359887204793796,0.9993103448275862,0.0009195402298850297,0.8780741253896779,0.740561136127468,"SMOTETomek(random_state=1999, smote=SMOTE(k_neighbors=9, random_state=1999),
           tomek=TomekLinks())",1999
1.0,8698,8698,0.999770114866599,0.00028155063814216556,0.904432568374725,0.7731033268790706,0.9997701149425288,0.00028155054514748324,0.8947003810183581,0.7767578801524073,"SMOTETomek(random_state=1999, smote=SMOTE(k_neighbors=9, random_state=1999),
           tomek=TomekLinks())",1999
0.005,4370,4370,0.8796557659208262,0.14739098349001703,0.8672297297297298,0.5603263203091455,0.85,0.18371173070873836,0.8638725320401801,0.6453065465881538,no Sampler(),2001
0.01,4392,4392,0.9621063507930954,0.023619821857181898,0.9219060225016545,0.6731826511912035,0.9319444444444445,0.041294635409218086,0.9182542431589886,0.7220297887080014,no Sampler(),2001
0.03,4479,4479,0.9875723347917006,0.012193716375616054,0.8739237392373924,0.672947997825693,0.976923076923077,0.022426738057097315,0.8579840665050225,0.6873917561482508,no Sampler(),2001
0.05,4566,4566,0.9963522980164743,0.0029787444884282976,0.8426364887597492,0.6415365284509065,0.9931289640591967,0.005611007199615313,0.8217873224800831,0.6541392448908903,no Sampler(),2001
0.1,4783,4783,0.9968091925773856,0.002856958722792419,0.8679017924386203,0.6871615720524017,0.9952739909115209,0.004342500588984299,0.8481122272254935,0.6898164184274334,no Sampler(),2001
0.25,5436,5436,0.99884450396461,0.0016870749041665368,0.8932069019120161,0.7290253480899679,0.998158795924407,0.002686715377570398,0.8810183581572566,0.7370973328714929,no Sampler(),2001
0.5,6523,6523,0.9991373679932349,0.0007715028585508058,0.8757594167679222,0.7396560531244679,0.9989655172413794,0.0009195402298850297,0.8583304468306201,0.7351922410807066,no Sampler(),2001
1.0,8698,8698,0.9998850574332995,0.0002298851334010976,0.8633847074667066,0.7430084395167963,0.9998850574712644,0.00022988505747125742,0.8418773813647384,0.7310356771735365,no Sampler(),2001
0.005,8698,4370,0.9713136949208172,0.035133405024903565,0.892244769545383,0.7258910801519812,0.95,0.06123724356957945,0.8813647384828542,0.7376169033598892,RandomOverSampler(random_state=2001),2001
0.01,8698,4392,0.9778400254986241,0.01970121310140684,0.9077194671802279,0.7414940828402367,0.9871549078740263,0.024831119817385415,0.9004156563907171,0.7578801524073433,RandomOverSampler(random_state=2001),2001
0.03,8698,4479,0.9920748951224194,0.003965995775847546,0.8656761218670269,0.7306012764528048,0.9920776749803377,0.009235693278612999,0.8449948042951161,0.7222029788708002,RandomOverSampler(random_state=2001),2001
0.05,8698,4566,0.9964052683284738,0.004782184978470353,0.8441254028713742,0.6858760826115923,0.9974973876698016,0.004452820847953889,0.8157256667821268,0.6733633529615518,RandomOverSampler(random_state=2001),2001
0.1,8698,4783,0.9974443663892044,0.003742645876937431,0.875588637399362,0.7396560531244679,0.9964367816091955,0.006842701639603289,0.8581572566678213,0.7351922410807066,RandomOverSampler(random_state=2001),2001
0.25,8698,5436,0.9991369021822628,0.0007047189281056536,0.8977431906614786,0.7781228433402346,0.9989655123818466,0.001053476811575694,0.8862140630412193,0.7772774506408036,RandomOverSampler(random_state=2001),2001
0.5,8698,6523,0.9993098144530403,0.0003450935679006714,0.8952676493405741,0.7913766762858598,0.9991948726097781,0.00046016842969171445,0.8830966401108417,0.7871492899203325,RandomOverSampler(random_state=2001),2001
1.0,8698,8698,0.9998850574332995,0.0002298851334010976,0.8633847074667066,0.7430084395167963,0.9998850574712644,0.00022988505747125742,0.8418773813647384,0.7310356771735365,RandomOverSampler(random_state=2001),2001
0.005,42,4370,0.78797272955255,0.1275466259355975,0.8049971280873062,0.708766485647789,0.9705156541407088,0.05156086283959717,0.7648077589192934,0.6749220644267405,RandomUnderSampler(random_state=2001),2001
0.01,86,4392,0.782825497093982,0.09164313886242828,0.8517807004581055,0.7303921568627451,0.9802651570263967,0.02514189641330041,0.8262902667128507,0.7142362313820575,RandomUnderSampler(random_state=2001),2001
0.03,260,4479,0.9171199447011634,0.04739103845311582,0.843108504398827,0.7018756169792695,0.964401860325038,0.019983028572255066,0.8146865258053342,0.6861794250086595,RandomUnderSampler(random_state=2001),2001
0.05,434,4566,0.9749507781735023,0.022095727069547835,0.8266129032258065,0.6849580374435119,0.9930495898249394,0.0076022377110411855,0.7914790439903013,0.661932802216834,RandomUnderSampler(random_state=2001),2001
0.1,868,4783,0.9900002598370395,0.002294230133549425,0.8431515860254348,0.7286746987951808,0.9960915572133381,0.0022224929685819407,0.814166955316938,0.7074818150329061,RandomUnderSampler(random_state=2001),2001
0.25,2174,5436,0.9971331423122478,0.0018144886669130727,0.8972166070595553,0.7924399795675123,0.9981606501409303,0.0014271323866706137,0.8855213023900242,0.78888119154832,RandomUnderSampler(random_state=2001),2001
0.5,4348,6523,0.9993103420941003,0.0008446559132198276,0.8801098230628432,0.7836315440689198,0.9993103448275862,0.0009195402298850297,0.8638725320401801,0.7738136473848285,RandomUnderSampler(random_state=2001),2001
1.0,8698,8698,0.9998849912222312,0.00023001755553773152,0.8709044239770497,0.7436155913978495,0.9998849252013808,0.00023014959723819395,0.8519224108070662,0.7357118115691028,RandomUnderSampler(random_state=2001),2001
0.005,8698,4370,0.9522087035645035,0.06586739526723598,0.8625038449707783,0.6930553101254638,0.925,0.1,0.8451679944579148,0.699168687218566,"SMOTE(k_neighbors=3, random_state=2001)",2001
0.01,8698,4392,0.9827996893433862,0.0140894167070336,0.9191116874696061,0.7550410754294249,0.9776628352490422,0.027123514356507995,0.9135781087634223,0.772774506408036,"SMOTE(k_neighbors=3, random_state=2001)",2001
0.03,8698,4479,0.9920763182329079,0.007411854300686533,0.8559133402581985,0.706809795370681,0.9920778072502211,0.009472108553914631,0.8318323519224109,0.6972635954277797,"SMOTE(k_neighbors=3, random_state=2001)",2001
0.05,8698,4566,0.9987660911578876,0.0024678176842247265,0.8538289962825278,0.6846416382252559,0.9976744186046511,0.004651162790697683,0.8297540699688257,0.6799445791479044,"SMOTE(k_neighbors=3, random_state=2001)",2001
0.1,8698,4783,0.9968157819067696,0.0020202905032881513,0.8842848373235114,0.7395977808599168,0.995287356321839,0.004182392045669028,0.8694146172497402,0.7398683754762729,"SMOTE(k_neighbors=3, random_state=2001)",2001
0.25,8698,5436,0.999425211388069,0.0007039763774813783,0.9155823548079974,0.8102367688022284,0.9994240957082934,0.0008923925154754584,0.9078628333910634,0.8112227225493592,"SMOTE(k_neighbors=3, random_state=2001)",2001
0.5,8698,6523,0.9991382274459231,0.0009438075257014774,0.8974957225073884,0.7854694996572995,0.9991954022988505,0.000860151123396321,0.8858676827156218,0.7831659161759612,"SMOTE(k_neighbors=3, random_state=2001)",2001
1.0,8698,8698,0.999884991374353,0.00023001725129385696,0.8633847074667066,0.7430084395167963,0.9998850574712644,0.00022988505747125742,0.8418773813647384,0.7310356771735365,"SMOTE(k_neighbors=3, random_state=2001)",2001
0.005,8698,4370,0.9713136949208172,0.035133405024903565,0.8609453877925654,0.7039164490861619,0.95,0.06123724356957945,0.8425701420159335,0.7054035330793211,SMOTE(random_state=2001),2001
0.01,8698,4392,0.9722270982428627,0.025109177836916765,0.9172907847606643,0.7492947150648862,0.9774328179216873,0.027405218553982664,0.9120193972982334,0.7691375129892621,SMOTE(random_state=2001),2001
0.03,8698,4479,0.9960374146077975,0.004854566043885182,0.8642493257416841,0.7226154364678126,0.9960389036251105,0.007638080352733785,0.8430897125043297,0.7149289920332526,SMOTE(random_state=2001),2001
0.05,8698,4566,0.9940137192654241,0.0036986897731203726,0.8475125110391521,0.6846967915336805,0.9950038773532119,0.005427015156308971,0.8205749913404918,0.6749220644267406,SMOTE(random_state=2001),2001
0.1,8698,4783,0.9968290151991948,0.004014215601695063,0.8839779005524862,0.7414330218068536,0.9963217068105763,0.004857825400789828,0.8690682369241427,0.741253896778663,SMOTE(random_state=2001),2001
0.25,8698,5436,0.9994252775991374,0.0007038957604095373,0.9039636534544885,0.7937931034482759,0.9994242279781769,0.0008923926332859183,0.8938344302043644,0.7928645652926913,SMOTE(random_state=2001),2001
0.5,8698,6523,0.9996551058610403,0.00042240737939898724,0.8877943666307526,0.7596979059388946,0.9996550401439096,0.0004598363212220923,0.8737443713197091,0.7575337720817458,SMOTE(random_state=2001),2001
1.0,8698,8698,0.999884991374353,0.00023001725129385696,0.8633847074667066,0.7430084395167963,0.9998850574712644,0.00022988505747125742,0.8418773813647384,0.7310356771735365,SMOTE(random_state=2001),2001
0.005,8698,4370,0.9744882320364742,0.03164600561972855,0.8517179023508138,0.6855269967224427,0.9550000000000001,0.055677643628300216,0.829580879806027,0.6842743332178732,"SMOTE(k_neighbors=7, random_state=2001)",2001
0.01,8698,4392,0.9694347666409904,0.02678907557265332,0.9211563731931669,0.7633214083976653,0.9650478927203064,0.04504442512538236,0.9168687218565985,0.7822999653619674,"SMOTE(k_neighbors=7, random_state=2001)",2001
0.03,8698,4479,0.989979796296885,0.009033643760842699,0.8567607726597325,0.7120857047204553,0.9882316534040673,0.015358433772492895,0.8330446830620021,0.7021129199861448,"SMOTE(k_neighbors=7, random_state=2001)",2001
0.05,8698,4566,0.9975849913394462,0.0029589478245277425,0.8368443992445155,0.6709827357237715,0.9975594760759154,0.0045990809986882555,0.8055074471770003,0.6567370973328714,"SMOTE(k_neighbors=7, random_state=2001)",2001
0.1,8698,4783,0.9961798943579261,0.0031532178433188334,0.8823889739663093,0.7460481099656358,0.9961800334612043,0.004682606452569293,0.8669899549705576,0.744024939383443,"SMOTE(k_neighbors=7, random_state=2001)",2001
0.25,8698,5436,0.9988494467530217,0.001675925540289841,0.9039636534544885,0.7946243969676086,0.9988484559563536,0.0014564334436587133,0.8938344302043644,0.7935573259438864,"SMOTE(k_neighbors=7, random_state=2001)",2001
0.5,8698,6523,0.9993104762623718,0.0010048052032557687,0.8841201716738197,0.7542778918548939,0.999425287356322,0.0008903409991281579,0.8690682369241427,0.7512989262209906,"SMOTE(k_neighbors=7, random_state=2001)",2001
1.0,8698,8698,0.999540162610969,0.0006702376639623148,0.8633847074667066,0.7430084395167963,0.9995400976151739,0.0006702470916489227,0.8418773813647384,0.7310356771735365,"SMOTE(k_neighbors=7, random_state=2001)",2001
0.005,8698,4370,0.9744882320364742,0.03164600561972855,0.83875761628771,0.66768968456948,0.9550000000000001,0.055677643628300216,0.812088673363353,0.6624523727052303,"SMOTE(k_neighbors=9, random_state=2001)",2001
0.01,8698,4392,0.9500469637819503,0.03378614711787607,0.9219904746263754,0.7626767200754005,0.9331034482758621,0.06465083283293864,0.9177346726705923,0.7819535850363699,"SMOTE(k_neighbors=9, random_state=2001)",2001
0.03,8698,4479,0.9920763182329079,0.007411854300686533,0.8608955223880597,0.7114637852439643,0.9920778072502211,0.009472108553914631,0.8385867682715622,0.704018011776931,"SMOTE(k_neighbors=9, random_state=2001)",2001
0.05,8698,4566,0.9964052683284738,0.0047821849784703534,0.8524056254626203,0.6829765545361876,0.997497255399918,0.004723380362722351,0.8273294076896432,0.6768271562175268,"SMOTE(k_neighbors=9, random_state=2001)",2001
0.1,8698,4783,0.9980933986083935,0.002533835202407768,0.8868708634754502,0.7387513079874434,0.9975728414862335,0.002976985464171427,0.8727052303429166,0.740561136127468,"SMOTE(k_neighbors=9, random_state=2001)",2001
0.25,8698,5436,0.9988505673685453,0.0010737858410361692,0.8961018791737847,0.7751163191452697,0.9985067967855162,0.0012368029279581578,0.8841357810876342,0.7739868375476273,"SMOTE(k_neighbors=9, random_state=2001)",2001
0.5,8698,6523,0.9994823278493253,0.0006905330287323861,0.8969056134349246,0.7728766649368621,0.999425287356322,0.000890340999128115,0.8851749220644267,0.7726013162452372,"SMOTE(k_neighbors=9, random_state=2001)",2001
1.0,8698,8698,0.999770114866599,0.00028155063814216556,0.8633847074667066,0.7430084395167963,0.9997701149425288,0.00028155054514748324,0.8418773813647384,0.7310356771735365,"SMOTE(k_neighbors=9, random_state=2001)",2001
0.005,8698,4370,0.9713136949208172,0.035133405024903565,0.8453768453768454,0.7028631284916201,0.95,0.06123724356957946,0.8276757880152408,0.7052303429165223,"BorderlineSMOTE(k_neighbors=3, random_state=2001)",2001
0.01,8698,4392,0.9626618404034684,0.038039456502207386,0.9521249790021837,0.7922555663117135,0.9443295019157087,0.060858496127026956,0.9506408036023555,0.814166955316938,"BorderlineSMOTE(k_neighbors=3, random_state=2001)",2001
0.03,8698,4479,0.9879629966876493,0.009832178090298394,0.8732010301469474,0.7133713890330393,0.9843854995579134,0.014455040955368526,0.8550398337374436,0.7130239002424662,"BorderlineSMOTE(k_neighbors=3, random_state=2001)",2001
0.05,8698,4566,0.9878353541341921,0.00772616506082606,0.857994337654597,0.680895008605852,0.9877973803795775,0.014446807966198379,0.8349497748527883,0.6789054381711119,"BorderlineSMOTE(k_neighbors=3, random_state=2001)",2001
0.1,8698,4783,0.9974442468179145,0.002408835672197834,0.9138778747026169,0.7623350804265318,0.9964099185186758,0.004563448541604574,0.9059577416002771,0.7722549359196398,"BorderlineSMOTE(k_neighbors=3, random_state=2001)",2001
0.25,8698,5436,0.9997116148639058,0.0005767702721883428,0.8885467980295566,0.8020574083291854,0.9995391705069124,0.0009216589861750891,0.8746103221337028,0.7933841357810877,"BorderlineSMOTE(k_neighbors=3, random_state=2001)",2001
0.5,8698,6523,0.999482394783565,0.0004226229066986142,0.8645973909131804,0.746772591857001,0.999425287356322,0.0005140386155171775,0.843609282992726,0.7350190509179079,"BorderlineSMOTE(k_neighbors=3, random_state=2001)",2001
1.0,8698,8698,0.9995402288220372,0.0006702262959914537,0.8633847074667066,0.7430084395167963,0.9995402298850575,0.0006702243557293247,0.8418773813647384,0.7310356771735365,"BorderlineSMOTE(k_neighbors=3, random_state=2001)",2001
0.005,8698,4370,0.9713136949208172,0.035133405024903565,0.8062320375132355,0.6197971318642882,0.95,0.06123724356957945,0.7781434014547974,0.6234845860755109,BorderlineSMOTE(random_state=2001),2001
0.01,8698,4392,0.9729846645891422,0.03320714471039676,0.9427519250083696,0.778572809901373,0.9527777777777778,0.05800170282728085,0.9407689643228265,0.8016972635954278,BorderlineSMOTE(random_state=2001),2001
0.03,8698,4479,0.9903441543688054,0.01479166910943053,0.8682427345279325,0.7145544723789978,0.9919628647214853,0.00985852830742188,0.8484586075510911,0.7109456182888811,BorderlineSMOTE(random_state=2001),2001
0.05,8698,4566,0.9963522980164745,0.0029787444884282976,0.8472283487722394,0.6736592793097614,0.9952867488031882,0.005542509584409251,0.8200554208520956,0.6659161759612053,BorderlineSMOTE(random_state=2001),2001
0.1,8698,4783,0.9968357253729117,0.0028272203483770196,0.9072294849582612,0.7597425813371469,0.9963218390804597,0.0030105289318870967,0.8979909941115345,0.7672324211984759,BorderlineSMOTE(random_state=2001),2001
0.25,8698,5436,0.9988484534717881,0.0010771726339481144,0.8931888544891641,0.7995298858294158,0.998504682888759,0.0012391581587841843,0.8804987876688604,0.7932109456182889,BorderlineSMOTE(random_state=2001),2001
0.5,8698,6523,0.9989651179639976,0.000645188339230166,0.864767616191904,0.748015873015873,0.9989655172413794,0.0007624424805414482,0.8437824731555248,0.7360581918947005,BorderlineSMOTE(random_state=2001),2001
1.0,8698,8698,0.9998850574332995,0.0002298851334010976,0.8633847074667066,0.7430084395167963,0.9998850574712644,0.00022988505747125742,0.8418773813647384,0.7310356771735365,BorderlineSMOTE(random_state=2001),2001
0.005,8698,4370,0.9744882320364742,0.03164600561972855,0.834391054699305,0.6702292708153766,0.9550000000000001,0.055677643628300216,0.8101835815725666,0.6686872185659855,"BorderlineSMOTE(k_neighbors=7, random_state=2001)",2001
0.01,8698,4392,0.9635097274471324,0.024036802289532835,0.9375838926174497,0.7731059872117807,0.9553256704980843,0.054245810956622814,0.9355732594388639,0.7971943193626603,"BorderlineSMOTE(k_neighbors=7, random_state=2001)",2001
0.03,8698,4479,0.9920008373546996,0.01175677892287014,0.8669373026612539,0.6939341421143848,0.9920776749803377,0.015558885950013973,0.8467267059231036,0.6941461724974021,"BorderlineSMOTE(k_neighbors=7, random_state=2001)",2001
0.05,8698,4566,0.9975849913394462,0.0029589478245277425,0.8674698795180723,0.6901236718341752,0.9975594760759154,0.0045990809986882555,0.8475926567370973,0.6918947003810183,"BorderlineSMOTE(k_neighbors=7, random_state=2001)",2001
0.1,8698,4783,0.996841968676409,0.0034449097341714605,0.9041267848736858,0.7539696699375558,0.9973428241588789,0.003046066933847861,0.8941808105299619,0.7611707655005195,"BorderlineSMOTE(k_neighbors=7, random_state=2001)",2001
0.25,8698,5436,0.9988485170461686,0.0005757460822698787,0.8993455905266439,0.8107744107744108,0.998504682888759,0.0010029077076017545,0.8881191548320055,0.8053342570142016,"BorderlineSMOTE(k_neighbors=7, random_state=2001)",2001
0.5,8698,6523,0.9989653185708649,0.0006452371678404323,0.8660660660660661,0.7498758483694753,0.999080459770115,0.0005860941969646703,0.8455143747835123,0.7383096640110842,"BorderlineSMOTE(k_neighbors=7, random_state=2001)",2001
1.0,8698,8698,0.999884991374353,0.00023001725129385696,0.8633847074667066,0.7430084395167963,0.9998850574712644,0.00022988505747125742,0.8418773813647384,0.7310356771735365,"BorderlineSMOTE(k_neighbors=7, random_state=2001)",2001
0.005,8698,4370,0.9713136949208172,0.035133405024903565,0.8220840734162226,0.651871929527359,0.95,0.06123724356957946,0.7918254243158989,0.6440942154485625,"BorderlineSMOTE(k_neighbors=9, random_state=2001)",2001
0.01,8698,4392,0.9628417109317239,0.03505206257720505,0.9366197183098591,0.7777991905954904,0.9429406130268199,0.04989345454336867,0.9345341184620714,0.8003117422930377,"BorderlineSMOTE(k_neighbors=9, random_state=2001)",2001
0.03,8698,4479,0.9902579324112075,0.012168835487441415,0.8839135101978224,0.6805656272661349,0.9919628647214853,0.015226850462311071,0.8688950467613439,0.6948389331485971,"BorderlineSMOTE(k_neighbors=9, random_state=2001)",2001
0.05,8698,4566,0.9963780617392665,0.0029584789323590216,0.8661251504211793,0.6674916033233163,0.9974445335471799,0.0045434957015051515,0.8458607551091097,0.6742293037755456,"BorderlineSMOTE(k_neighbors=9, random_state=2001)",2001
0.1,8698,4783,0.9974442469700365,0.0024088365317448948,0.8984874473725245,0.7563380281690141,0.9964100507885592,0.0045635359286271115,0.8872532040180118,0.7603048146865259,"BorderlineSMOTE(k_neighbors=9, random_state=2001)",2001
0.25,8698,5436,0.9979826293498807,0.0026739495231811014,0.8997349134570404,0.8064952638700947,0.9974744230641199,0.0037091825498898673,0.8886387253204018,0.8018704537582265,"BorderlineSMOTE(k_neighbors=9, random_state=2001)",2001
0.5,8698,6523,0.999655039802094,0.00042248834924032703,0.8633438108067655,0.7458298926507019,0.9997699826726454,0.00028171261963820814,0.8418773813647384,0.733460339452719,"BorderlineSMOTE(k_neighbors=9, random_state=2001)",2001
1.0,8698,8698,0.9998850574332995,0.0002298851334010976,0.8633847074667066,0.7430084395167963,0.9998850574712644,0.00022988505747125742,0.8418773813647384,0.7310356771735365,"BorderlineSMOTE(k_neighbors=9, random_state=2001)",2001
0.005,4370,4370,0.8808679711009819,0.10562759896090994,0.865666610483735,0.5622730185857723,0.8300000000000001,0.1298075498574717,0.8619674402493938,0.645133356425355,EditedNearestNeighbours(),2001
0.01,4392,4392,0.9663796731193257,0.03682907845107409,0.9215005784167906,0.6684350132625995,0.9416666666666667,0.0609530784930325,0.9177346726705924,0.7185659854520263,EditedNearestNeighbours(),2001
0.03,4479,4479,0.9919271097295898,0.0040364451352051575,0.8751735843234069,0.6706783369803063,0.9846153846153847,0.007692307692307665,0.8598891582958088,0.6872185659854521,EditedNearestNeighbours(),2001
0.05,4566,4566,0.9886642089065625,0.013691996591966508,0.843844754396604,0.6408839779005525,0.9794397463002114,0.02422679855987888,0.8216141323172843,0.6510218219605126,EditedNearestNeighbours(),2001
0.1,4783,4783,0.9968023534015404,0.00351769714487018,0.8649054338036626,0.6944060773480663,0.9942528735632183,0.006295661580519123,0.8441288534811222,0.6934534118462071,EditedNearestNeighbours(),2001
0.25,5436,5436,0.9991338413383712,0.0011552966461171835,0.8807957153787299,0.7152643597400317,0.9986175115207374,0.001843317972350217,0.8650848631797714,0.7192587461032214,EditedNearestNeighbours(),2001
0.5,6522,6523,0.9993098144530403,0.0003450935679006714,0.8747346072186837,0.7608550434201736,0.9991948726097781,0.00046016842969171445,0.85694492552823,0.7519916868721856,EditedNearestNeighbours(),2001
1.0,8695,8698,0.9998850574332995,0.0002298851334010976,0.8640311470500149,0.7392388233338874,0.9998850574712644,0.00022988505747125742,0.8427433321787322,0.7282646345687565,EditedNearestNeighbours(),2001
0.005,4370,4370,0.8952111236405734,0.11550017852497955,0.865666610483735,0.5622730185857723,0.8550000000000001,0.14696938456699069,0.8619674402493938,0.645133356425355,EditedNearestNeighbours(n_neighbors=5),2001
0.01,4392,4392,0.9670448733940885,0.030379401488029867,0.9215005784167906,0.6684350132625995,0.9416666666666667,0.05299662230094143,0.9177346726705924,0.7185659854520263,EditedNearestNeighbours(n_neighbors=5),2001
0.03,4479,4479,0.9918486782432767,0.007677749670952836,0.8751735843234069,0.6706783369803063,0.9846153846153847,0.01439098994913053,0.8598891582958088,0.6872185659854521,EditedNearestNeighbours(n_neighbors=5),2001
0.05,4566,4566,0.9950904439150626,0.004648270187385739,0.843844754396604,0.6408839779005525,0.9908033826638478,0.00867419729209689,0.8216141323172843,0.6510218219605126,EditedNearestNeighbours(n_neighbors=5),2001
0.1,4783,4783,0.9974580421972217,0.0012709789078268632,0.8649054338036626,0.6944060773480663,0.9954022988505746,0.002298850574712663,0.8441288534811222,0.6934534118462071,EditedNearestNeighbours(n_neighbors=5),2001
0.25,5435,5436,0.9988464544526421,0.0014128025374363533,0.8862515413070283,0.7331697054698457,0.9981609098211643,0.002252426184013508,0.8721856598545202,0.7364045722202979,EditedNearestNeighbours(n_neighbors=5),2001
0.5,6519,6523,0.9994824598154892,0.0006903019695021258,0.881651376146789,0.756968048946295,0.999425287356322,0.000890340999128115,0.8659508139937652,0.7523380671977832,EditedNearestNeighbours(n_neighbors=5),2001
1.0,8690,8698,0.9997700488076525,0.00028163156286627525,0.8672779197354576,0.7419031719532554,0.9997701149425288,0.00028155054514748324,0.847073086248701,0.7322480083131278,EditedNearestNeighbours(n_neighbors=5),2001
0.005,4370,4370,0.9075919442446638,0.06558090048664394,0.865666610483735,0.5622730185857723,0.8550000000000001,0.09539392014169457,0.8619674402493938,0.645133356425355,EditedNearestNeighbours(n_neighbors=7),2001
0.01,4392,4392,0.9325912788979964,0.03105737293160235,0.9215005784167906,0.6684350132625995,0.8847222222222222,0.048432210483785286,0.9177346726705924,0.7185659854520263,EditedNearestNeighbours(n_neighbors=7),2001
0.03,4479,4479,0.9875723347917006,0.012193716375616056,0.8751735843234069,0.6706783369803063,0.976923076923077,0.022426738057097315,0.8598891582958088,0.6872185659854521,EditedNearestNeighbours(n_neighbors=7),2001
0.05,4566,4566,0.996297307456296,0.0049716824694555255,0.843844754396604,0.6408839779005525,0.993076109936575,0.009276463183695075,0.8216141323172843,0.6510218219605126,EditedNearestNeighbours(n_neighbors=7),2001
0.1,4782,4783,0.9974513868088912,0.0023884250113655257,0.8690404345202173,0.6858345021037868,0.9954022988505746,0.004300755616981543,0.8496709386906823,0.6896432282646345,EditedNearestNeighbours(n_neighbors=7),2001
0.25,5433,5436,0.9991348445917175,0.0007063964328338036,0.876616461280998,0.7176102813476901,0.9986175115207374,0.0011287971164899116,0.8595427779702113,0.7183927952892275,EditedNearestNeighbours(n_neighbors=7),2001
0.5,6518,6523,0.9991367703381634,0.0009463472320271036,0.8846625766871166,0.7586206896551724,0.9990792681220864,0.001067832692510628,0.8697609975753378,0.7551091098025633,EditedNearestNeighbours(n_neighbors=7),2001
1.0,8687,8698,0.999884991374353,0.00023001725129385696,0.8620535047078165,0.7425268373245252,0.9998850574712644,0.00022988505747125742,0.8401454797367509,0.729996536196744,EditedNearestNeighbours(n_neighbors=7),2001
0.005,4370,4370,0.9127506084961764,0.0565021882006948,0.865666610483735,0.5622730185857723,0.86,0.0845576726264388,0.8619674402493938,0.645133356425355,EditedNearestNeighbours(n_neighbors=9),2001
0.01,4392,4392,0.9545491102232976,0.03416039858300481,0.9215005784167906,0.6684350132625995,0.9208333333333332,0.056177078933768596,0.9177346726705924,0.7185659854520263,EditedNearestNeighbours(n_neighbors=9),2001
0.03,4479,4479,0.9857157111720488,0.012188960468198395,0.8751735843234069,0.6706783369803063,0.9768081343943413,0.018937241777258116,0.8598891582958088,0.6872185659854521,EditedNearestNeighbours(n_neighbors=9),2001
0.05,4566,4566,0.9975042370564757,0.004991525887048276,0.843844754396604,0.6408839779005525,0.9953488372093023,0.009302325581395366,0.8216141323172843,0.6510218219605126,EditedNearestNeighbours(n_neighbors=9),2001
0.1,4782,4783,0.9955181892237821,0.003273104839151779,0.8690404345202173,0.6858345021037868,0.9919406575781877,0.00585575828957768,0.8496709386906823,0.6896432282646345,EditedNearestNeighbours(n_neighbors=9),2001
0.25,5431,5436,0.9985581156841621,0.0012919509409433003,0.8890945549899738,0.7198720227515109,0.9980417394989141,0.002173896870235806,0.8754762729476966,0.7270523034291652,EditedNearestNeighbours(n_neighbors=9),2001
0.5,6513,6523,0.9989649881238805,0.0012674454534648155,0.8827311696264544,0.76326046432808,0.9989649875523068,0.0010543905047694603,0.8673363352961552,0.758053342570142,EditedNearestNeighbours(n_neighbors=9),2001
1.0,8683,8698,0.9998850574332995,0.0002298851334010976,0.8673684210526316,0.7396251673360107,0.9998850574712644,0.00022988505747125742,0.8472462764114999,0.7305161066851402,EditedNearestNeighbours(n_neighbors=9),2001
0.005,4370,4370,0.9091792459457295,0.0873600796824206,0.8672297297297298,0.5603263203091455,0.865,0.12409673645990857,0.8638725320401801,0.6453065465881538,TomekLinks(),2001
0.01,4392,4392,0.9522074153188391,0.03425998878429133,0.9219060225016545,0.6731826511912035,0.9166666666666666,0.05215273154310718,0.9182542431589886,0.7220297887080014,TomekLinks(),2001
0.03,4479,4479,0.9873224983059299,0.01704516581595264,0.8739237392373924,0.672947997825693,0.976923076923077,0.03076923076923075,0.8579840665050225,0.6873917561482508,TomekLinks(),2001
0.05,4566,4566,0.9926765186557567,0.007095402549635102,0.8426364887597492,0.6415365284509065,0.9905206434837549,0.008762811581005957,0.8217873224800831,0.6541392448908903,TomekLinks(),2001
0.1,4783,4783,0.9967542168849244,0.005054959682093306,0.8679017924386203,0.6871615720524017,0.994199411921946,0.009006977680257782,0.8481122272254935,0.6898164184274334,TomekLinks(),2001
0.25,5436,5436,0.9988494393328622,0.001074265844713014,0.8932069019120161,0.7290253480899679,0.9985045506188754,0.0012383240497416271,0.8810183581572566,0.7370973328714929,TomekLinks(),2001
0.5,6523,6523,0.9994824598154892,0.0006903019695021258,0.8757594167679222,0.7396560531244679,0.999425287356322,0.000890340999128115,0.8583304468306201,0.7351922410807066,TomekLinks(),2001
1.0,8698,8698,0.999770114866599,0.00028155063814216556,0.8633847074667066,0.7430084395167963,0.9997701149425288,0.00028155054514748324,0.8418773813647384,0.7310356771735365,TomekLinks(),2001
0.005,8700,4370,0.9254847304208218,0.11653121070572059,0.8736874613959235,0.7062788222774034,0.9,0.1457737973711325,0.8583304468306201,0.7131970904052649,"ADASYN(n_neighbors=3, random_state=2001)",2001
0.01,8699,4392,0.9502264382599852,0.050190454028596884,0.951967978652435,0.8062310030395137,0.9413217068105763,0.06117465005266879,0.9501212331139591,0.8233460339452718,"ADASYN(n_neighbors=3, random_state=2001)",2001
0.03,8707,4479,0.9920662789689416,0.009728061313763438,0.8835070508890251,0.7267960146827478,0.9920778072502211,0.015276160705467615,0.8683754762729476,0.729303775545549,"ADASYN(n_neighbors=3, random_state=2001)",2001
0.05,8689,4566,0.9951984047872404,0.004474222883046548,0.8753234891155427,0.6868112335584785,0.9973824451410659,0.004393762335887706,0.8581572566678213,0.6948389331485971,"ADASYN(n_neighbors=3, random_state=2001)",2001
0.1,8698,4783,0.9974446922282812,0.0023902251320688287,0.8765957446808511,0.7511403953370501,0.9953889334402565,0.004304409192323748,0.8593695878074126,0.7448908901974368,"ADASYN(n_neighbors=3, random_state=2001)",2001
0.25,8697,5436,0.9991348445917175,0.0017303108165650284,0.8986139230649431,0.7825787571010501,0.9986238532110091,0.002752293577981657,0.8872532040180118,0.781260824385175,"ADASYN(n_neighbors=3, random_state=2001)",2001
0.5,8696,6523,0.999482393564483,0.00042262452510257175,0.853542840201601,0.7368936795688388,0.9994247576672493,0.0005146315755365731,0.8288881191548321,0.7209906477312089,"ADASYN(n_neighbors=3, random_state=2001)",2001
1.0,8698,8698,,,0.8633847074667066,0.7430084395167963,,,0.8418773813647384,0.7310356771735365,"ADASYN(n_neighbors=3, random_state=2001)",2001
0.005,8699,4370,0.9744882320364742,0.03164600561972855,0.8695517774343122,0.6983449012279765,0.9550000000000001,0.055677643628300216,0.8538275025978525,0.7064426740561136,ADASYN(random_state=2001),2001
0.01,8701,4392,0.9754563893764029,0.012365425655948385,0.9317016702497106,0.7593623967735741,0.9651628352490421,0.028324122444901078,0.928472462764115,0.7829927260131624,ADASYN(random_state=2001),2001
0.03,8699,4479,0.9979817774323975,0.0040364451352051575,0.871655328798186,0.6991983269431857,0.9961538461538462,0.007692307692307665,0.8529615517838587,0.7010737790093522,ADASYN(random_state=2001),2001
0.05,8690,4566,0.995198338728294,0.00447424108529376,0.873538788522848,0.685795253276656,0.9973823128711825,0.004667743095369963,0.8557325943886387,0.6927606511950122,ADASYN(random_state=2001),2001
0.1,8704,4783,0.9968290318283415,0.002842114518568322,0.9009854528390427,0.7533711852377573,0.9963217068105763,0.004577452343296906,0.8903706269483893,0.7592656737097333,ADASYN(random_state=2001),2001
0.25,8695,5436,0.9997116148639058,0.0005767702721883428,0.8986139230649431,0.7741376321719535,0.9995391705069124,0.0009216589861750892,0.8872532040180118,0.7743332178732248,ADASYN(random_state=2001),2001
0.5,8698,6523,0.9994830553738143,0.0010338892523713116,0.8569306195216164,0.742193885891777,0.9995402298850575,0.0009195402298850741,0.8332178732248008,0.7268791132663665,ADASYN(random_state=2001),2001
1.0,8698,8698,,,0.8633847074667066,0.7430084395167963,,,0.8418773813647384,0.7310356771735365,ADASYN(random_state=2001),2001
0.005,8697,4370,0.9744882320364742,0.03164600561972855,0.8539054237800272,0.6864069264069264,0.9550000000000001,0.055677643628300216,0.8325251125736057,0.6863526151714583,"ADASYN(n_neighbors=7, random_state=2001)",2001
0.01,8699,4392,0.9754563893764029,0.012365425655948385,0.9293496203367448,0.7669201520912547,0.9651628352490421,0.028324122444901078,0.9258746103221337,0.7876688604087287,"ADASYN(n_neighbors=7, random_state=2001)",2001
0.03,8701,4479,0.9940206810575081,0.007941365065382006,0.8817862058418718,0.7094952347334981,0.9921927497789568,0.009563616652880393,0.8661240041565639,0.7149289920332524,"ADASYN(n_neighbors=7, random_state=2001)",2001
0.05,8695,4566,0.9963525464757357,0.004874450041535583,0.8611609814482346,0.663623595505618,0.9974445335471799,0.004828709481136245,0.8392795289227573,0.6681676480775892,"ADASYN(n_neighbors=7, random_state=2001)",2001
0.1,8698,4783,0.9968157593440292,0.0020201901641950398,0.9046946145391741,0.7507163323782235,0.9952739909115209,0.004185781926178112,0.8948735711811568,0.7589192933841358,"ADASYN(n_neighbors=7, random_state=2001)",2001
0.25,8702,5436,0.9988444529489305,0.00141525032444897,0.8945736434108527,0.7890625,0.9981566820276498,0.002257594232979878,0.8822306892968479,0.7848978178039487,"ADASYN(n_neighbors=7, random_state=2001)",2001
0.5,8699,6523,0.999482394783565,0.0004226229066986142,0.8596125186289121,0.7397891963109354,0.999425287356322,0.0005140386155171775,0.8368548666435747,0.7263595427779702,"ADASYN(n_neighbors=7, random_state=2001)",2001
1.0,8698,8698,,,0.8633847074667066,0.7430084395167963,,,0.8418773813647384,0.7310356771735365,"ADASYN(n_neighbors=7, random_state=2001)",2001
0.005,8697,4370,0.960541904931673,0.05123954086989138,0.846245886927909,0.6747981446486858,0.9349999999999999,0.08306623862918074,0.821960512642882,0.6721510218219605,"ADASYN(n_neighbors=9, random_state=2001)",2001
0.01,8694,4392,0.9772208965111308,0.019878960671560274,0.9230517889233786,0.774948894257573,0.9761587392916506,0.02881654182304581,0.9184274333217872,0.79026671285071,"ADASYN(n_neighbors=9, random_state=2001)",2001
0.03,8699,4479,0.992144776362472,0.007207151391308443,0.8830015313935682,0.6979650124955373,0.9920778072502211,0.009242948221018675,0.8676827156217527,0.7069622445445098,"ADASYN(n_neighbors=9, random_state=2001)",2001
0.05,8706,4566,0.9975594760759154,0.004881047848168941,0.8714610143830431,0.6818744473916888,0.9975594760759154,0.004881047848168941,0.8529615517838587,0.6884308971250432,"ADASYN(n_neighbors=9, random_state=2001)",2001
0.1,8701,4783,0.998093333889338,0.0025505721311662216,0.9054054054054054,0.7484728710025152,0.9975862068965518,0.004545682743283947,0.8957395219951507,0.7575337720817458,"ADASYN(n_neighbors=9, random_state=2001)",2001
0.25,8693,5436,0.9991338413383712,0.0011552966461171835,0.8987538940809969,0.7831325301204819,0.9986175115207374,0.001843317972350217,0.8874263941808105,0.7817803948735711,"ADASYN(n_neighbors=9, random_state=2001)",2001
0.5,8695,6523,0.9994821296722243,0.0006906318324255186,0.8613225854605165,0.7429136453526698,0.9994247576672493,0.0007277981827378089,0.8391063387599584,0.7298233460339453,"ADASYN(n_neighbors=9, random_state=2001)",2001
1.0,8698,8698,,,0.8633847074667066,0.7430084395167963,,,0.8418773813647384,0.7310356771735365,"ADASYN(n_neighbors=9, random_state=2001)",2001
0.005,8698,4370,0.9744882320364742,0.03164600561972855,0.8630897317298798,0.6895326106273325,0.9550000000000001,0.055677643628300216,0.8462071354347074,0.6974367855905785,"SMOTEENN(enn=EditedNearestNeighbours(), random_state=2001,
         smote=SMOTE(k_neighbors=3, random_state=2001))",2001
0.01,8698,4392,0.9709543744461626,0.01776819073465944,0.911250200609854,0.7588730332967435,0.9664367816091953,0.026937454571678666,0.9042258399722896,0.7717353654312435,"SMOTEENN(enn=EditedNearestNeighbours(), random_state=2001,
         smote=SMOTE(k_neighbors=3, random_state=2001))",2001
0.03,8698,4479,0.9921446437878192,0.00720735812713587,0.8630506442912796,0.7106202209005947,0.9920775427104541,0.009242754392696225,0.8417041912019397,0.7050571527537236,"SMOTEENN(enn=EditedNearestNeighbours(), random_state=2001,
         smote=SMOTE(k_neighbors=3, random_state=2001))",2001
0.05,8698,4566,0.9964054005983574,0.004781954186810047,0.8547186662697231,0.6791416309012875,0.9974973876698016,0.00472311611686484,0.830966401108417,0.6763075857291305,"SMOTEENN(enn=EditedNearestNeighbours(), random_state=2001,
         smote=SMOTE(k_neighbors=3, random_state=2001))",2001
0.1,8698,4783,0.9987222934885274,0.0015649010063921087,0.878085949405669,0.7426131511528608,0.9976877840149694,0.0028319535179148025,0.8614478697609975,0.7390024246622792,"SMOTEENN(enn=EditedNearestNeighbours(), random_state=2001,
         smote=SMOTE(k_neighbors=3, random_state=2001))",2001
0.25,8698,5436,0.9985640780386251,0.000904157001171705,0.9155823548079974,0.8108578388724552,0.9983894758202565,0.0009202142471089365,0.9078628333910634,0.8117422930377555,"SMOTEENN(enn=EditedNearestNeighbours(), random_state=2001,
         smote=SMOTE(k_neighbors=3, random_state=2001))",2001
0.5,8694,6523,0.9996549066169791,0.00042265198673884505,0.889745566692367,0.774885145482389,0.9996546427247207,0.00046069735629417964,0.8761690335988915,0.7708694146172497,"SMOTEENN(enn=EditedNearestNeighbours(), random_state=2001,
         smote=SMOTE(k_neighbors=3, random_state=2001))",2001
1.0,8695,8698,0.9997700486555307,0.00028163174926613114,0.8640311470500149,0.7392388233338874,0.9997699826726454,0.0002817126196382082,0.8427433321787322,0.7282646345687565,"SMOTEENN(enn=EditedNearestNeighbours(), random_state=2001,
         smote=SMOTE(k_neighbors=3, random_state=2001))",2001
0.005,8698,4370,0.9713136949208172,0.035133405024903565,0.8609453877925654,0.7023353084698502,0.95,0.06123724356957945,0.8425701420159335,0.7041912019397298,"SMOTEENN(enn=EditedNearestNeighbours(n_neighbors=5), random_state=2001,
         smote=SMOTE(random_state=2001))",2001
0.01,8698,4392,0.9617583467132482,0.03162707161344562,0.9117599612840781,0.7569559609360604,0.9525478927203064,0.057816066563575914,0.905264980949082,0.7715621752684447,"SMOTEENN(enn=EditedNearestNeighbours(n_neighbors=5), random_state=2001,
         smote=SMOTE(random_state=2001))",2001
0.03,8698,4479,0.992076318080786,0.007411851043232751,0.8735980600181873,0.7221458046767538,0.9920776749803377,0.009472005955786197,0.85555940422584,0.720124696917215,"SMOTEENN(enn=EditedNearestNeighbours(n_neighbors=5), random_state=2001,
         smote=SMOTE(random_state=2001))",2001
0.05,8698,4566,0.991413874711309,0.009308240254489947,0.8575685339690108,0.6847341337907376,0.9882479162110277,0.012949127793220029,0.8344302043643921,0.6816764807758919,"SMOTEENN(enn=EditedNearestNeighbours(n_neighbors=5), random_state=2001,
         smote=SMOTE(random_state=2001))",2001
0.1,8698,4783,0.9974378263374983,0.003743697882198261,0.8779521560262076,0.7461263408820024,0.9954022988505749,0.006702243557293422,0.8612746795981988,0.7417734672670593,"SMOTEENN(enn=EditedNearestNeighbours(n_neighbors=5), random_state=2001,
         smote=SMOTE(random_state=2001))",2001
0.25,8696,5436,0.9994232297278117,0.0007063964328338036,0.91254151510359,0.7995810055865922,0.9990783410138249,0.0011287971164899119,0.9042258399722896,0.8011776931070316,"SMOTEENN(enn=EditedNearestNeighbours(n_neighbors=5), random_state=2001,
         smote=SMOTE(random_state=2001))",2001
0.5,8690,6523,0.9994823275055366,0.0004226784616071698,0.8822269807280514,0.7573541914640367,0.9994247576672493,0.0005146315755365731,0.8666435746449601,0.7528576376861794,"SMOTEENN(enn=EditedNearestNeighbours(n_neighbors=5), random_state=2001,
         smote=SMOTE(random_state=2001))",2001
1.0,8690,8698,0.9998850574332995,0.0002298851334010976,0.8672779197354576,0.7419031719532554,0.9998850574712644,0.00022988505747125742,0.847073086248701,0.7322480083131278,"SMOTEENN(enn=EditedNearestNeighbours(n_neighbors=5), random_state=2001,
         smote=SMOTE(random_state=2001))",2001
0.005,8698,4370,0.960541904931673,0.051239540869891374,0.8536880290205562,0.68264721208963,0.9349999999999999,0.08306623862918074,0.8323519224108071,0.6835815725666783,"SMOTEENN(enn=EditedNearestNeighbours(n_neighbors=7), random_state=2001,
         smote=SMOTE(k_neighbors=7, random_state=2001))",2001
0.01,8698,4392,0.971573503281534,0.01778854922826871,0.9117408906882591,0.7599188042074183,0.9774328179216873,0.026937346584685825,0.9056113612746796,0.7746795981988224,"SMOTEENN(enn=EditedNearestNeighbours(n_neighbors=7), random_state=2001,
         smote=SMOTE(k_neighbors=7, random_state=2001))",2001
0.03,8693,4479,0.9960374806667438,0.004854482645980771,0.8589724497393895,0.7081436519979767,0.9960389036251105,0.007638080352733785,0.8359889158295809,0.7002078281953585,"SMOTEENN(enn=EditedNearestNeighbours(n_neighbors=7), random_state=2001,
         smote=SMOTE(k_neighbors=7, random_state=2001))",2001
0.05,8697,4566,0.9964287941370463,0.0047089203280358625,0.8480117820324006,0.682055602358888,0.9974445335471799,0.004558011741836258,0.8212677519916869,0.6731901627987531,"SMOTEENN(enn=EditedNearestNeighbours(n_neighbors=7), random_state=2001,
         smote=SMOTE(k_neighbors=7, random_state=2001))",2001
0.1,8697,4783,0.9980869258037958,0.0025535468044283797,0.8842848373235114,0.7428670240359675,0.9965517241379309,0.004597701149425287,0.8694146172497402,0.7424662279182543,"SMOTEENN(enn=EditedNearestNeighbours(n_neighbors=7), random_state=2001,
         smote=SMOTE(k_neighbors=7, random_state=2001))",2001
0.25,8696,5436,0.9985631117873133,0.0009072463620958904,0.893676379417235,0.7762729298817075,0.9983917219868971,0.0011133718803218217,0.8811915483200554,0.7739868375476273,"SMOTEENN(enn=EditedNearestNeighbours(n_neighbors=7), random_state=2001,
         smote=SMOTE(k_neighbors=7, random_state=2001))",2001
0.5,8687,6523,0.9994823278493253,0.0006905330287323861,0.8757971454600668,0.7539548973409627,0.999425287356322,0.000890340999128115,0.8583304468306201,0.7467959819882231,"SMOTEENN(enn=EditedNearestNeighbours(n_neighbors=7), random_state=2001,
         smote=SMOTE(k_neighbors=7, random_state=2001))",2001
1.0,8687,8698,1.0,0.0,0.8620535047078165,0.7425268373245252,1.0,0.0,0.8401454797367509,0.729996536196744,"SMOTEENN(enn=EditedNearestNeighbours(n_neighbors=7), random_state=2001,
         smote=SMOTE(k_neighbors=7, random_state=2001))",2001
0.005,8698,4370,0.9744882320364742,0.03164600561972855,0.8406445837063563,0.6670097786927431,0.9550000000000001,0.055677643628300216,0.8150329061309318,0.6638378940076204,"SMOTEENN(enn=EditedNearestNeighbours(n_neighbors=9), random_state=2001,
         smote=SMOTE(k_neighbors=9, random_state=2001))",2001
0.01,8696,4392,0.9684335642578672,0.029102691227468717,0.913961038961039,0.7668202764976959,0.9636590038314174,0.049340849790241996,0.9082092137166609,0.7809144440595774,"SMOTEENN(enn=EditedNearestNeighbours(n_neighbors=9), random_state=2001,
         smote=SMOTE(k_neighbors=9, random_state=2001))",2001
0.03,8696,4479,0.9920762520219709,0.00741204702414152,0.855532482942747,0.7137856309384898,0.9920776749803377,0.009472274496110215,0.8313127814340145,0.702632490474541,"SMOTEENN(enn=EditedNearestNeighbours(n_neighbors=9), random_state=2001,
         smote=SMOTE(k_neighbors=9, random_state=2001))",2001
0.05,8695,4566,0.9952966762895091,0.006758372501733036,0.855825026037792,0.6923992518279204,0.9973295910184443,0.0045282546664511,0.8321787322480083,0.6866989954970557,"SMOTEENN(enn=EditedNearestNeighbours(n_neighbors=9), random_state=2001,
         smote=SMOTE(k_neighbors=9, random_state=2001))",2001
0.1,8697,4783,0.9968223710844244,0.003480990439340124,0.8845563401903592,0.7426890465478456,0.9963217068105763,0.004719882321980572,0.8697609975753378,0.7424662279182542,"SMOTEENN(enn=EditedNearestNeighbours(n_neighbors=9), random_state=2001,
         smote=SMOTE(k_neighbors=9, random_state=2001))",2001
0.25,8694,5436,0.9994242915525575,0.0007050979672105856,0.8979909671390749,0.7781039544120186,0.9990804549105821,0.0011262130920067267,0.8865604433668168,0.7774506408036024,"SMOTEENN(enn=EditedNearestNeighbours(n_neighbors=9), random_state=2001,
         smote=SMOTE(k_neighbors=9, random_state=2001))",2001
0.5,8686,6523,0.9994824610324671,0.0006899693306125422,0.8984423676012461,0.7846709056538924,0.9995402298850575,0.0005631010902949665,0.8870800138552131,0.7829927260131625,"SMOTEENN(enn=EditedNearestNeighbours(n_neighbors=9), random_state=2001,
         smote=SMOTE(k_neighbors=9, random_state=2001))",2001
1.0,8683,8698,0.999884991374353,0.00023001725129385696,0.8673684210526316,0.7396251673360107,0.9998850574712644,0.00022988505747125742,0.8472462764114999,0.7305161066851402,"SMOTEENN(enn=EditedNearestNeighbours(n_neighbors=9), random_state=2001,
         smote=SMOTE(k_neighbors=9, random_state=2001))",2001
0.005,8698,4370,0.9713136949208172,0.035133405024903565,0.8625038449707783,0.6930553101254638,0.95,0.06123724356957946,0.8451679944579148,0.699168687218566,"SMOTETomek(random_state=2001, smote=SMOTE(k_neighbors=3, random_state=2001),
           tomek=TomekLinks())",2001
0.01,8698,4392,0.9743389556901537,0.026388314403972553,0.9191116874696061,0.7550410754294249,0.9747701149425287,0.04988571957821105,0.9135781087634223,0.772774506408036,"SMOTETomek(random_state=2001, smote=SMOTE(k_neighbors=3, random_state=2001),
           tomek=TomekLinks())",2001
0.03,8698,4479,0.9921486885022315,0.011351107953104355,0.8559133402581985,0.706809795370681,0.9920775427104541,0.009709810314820278,0.8318323519224109,0.6972635954277797,"SMOTETomek(random_state=2001, smote=SMOTE(k_neighbors=3, random_state=2001),
           tomek=TomekLinks())",2001
0.05,8698,4566,0.9975849913394462,0.0029589478245277425,0.8538289962825278,0.6846416382252559,0.9975594760759154,0.0045990809986882555,0.8297540699688257,0.6799445791479044,"SMOTETomek(random_state=2001, smote=SMOTE(k_neighbors=3, random_state=2001),
           tomek=TomekLinks())",2001
0.1,8698,4783,0.9961997938450045,0.002364392428355896,0.8842848373235114,0.7395977808599168,0.996193531141406,0.00436177375715798,0.8694146172497402,0.7398683754762729,"SMOTETomek(random_state=2001, smote=SMOTE(k_neighbors=3, random_state=2001),
           tomek=TomekLinks())",2001
0.25,8698,5436,0.9991389525046394,0.001147596916951146,0.9155823548079974,0.8102367688022284,0.9993113993461986,0.001112342701875365,0.9078628333910634,0.8112227225493592,"SMOTETomek(random_state=2001, smote=SMOTE(k_neighbors=3, random_state=2001),
           tomek=TomekLinks())",2001
0.5,8698,6523,0.9994823936044209,0.0006903349798300547,0.8974957225073884,0.7854694996572995,0.9994251550864384,0.0008903410384283869,0.8858676827156218,0.7831659161759612,"SMOTETomek(random_state=2001, smote=SMOTE(k_neighbors=3, random_state=2001),
           tomek=TomekLinks())",2001
1.0,8698,8698,0.999884991374353,0.00023001725129385696,0.8633847074667066,0.7430084395167963,0.9998850574712644,0.00022988505747125742,0.8418773813647384,0.7310356771735365,"SMOTETomek(random_state=2001, smote=SMOTE(k_neighbors=3, random_state=2001),
           tomek=TomekLinks())",2001
0.005,8698,4370,0.9522087035645035,0.06586739526723598,0.8609453877925654,0.7039164490861619,0.925,0.1,0.8425701420159335,0.7054035330793211,"SMOTETomek(random_state=2001, smote=SMOTE(random_state=2001),
           tomek=TomekLinks())",2001
0.01,8698,4392,0.9828341551650996,0.022624340209868827,0.9172907847606643,0.7492947150648862,0.9776628352490422,0.027357931631054128,0.9120193972982334,0.7691375129892621,"SMOTETomek(random_state=2001, smote=SMOTE(random_state=2001),
           tomek=TomekLinks())",2001
0.03,8698,4479,0.9940206810575081,0.007941365065382006,0.8642493257416841,0.7226154364678126,0.9921927497789568,0.009563616652880393,0.8430897125043297,0.7149289920332526,"SMOTETomek(random_state=2001, smote=SMOTE(random_state=2001),
           tomek=TomekLinks())",2001
0.05,8698,4566,0.9964052683284738,0.0047821849784703534,0.8475125110391521,0.6846967915336805,0.997497255399918,0.004723380362722351,0.8205749913404918,0.6749220644267406,"SMOTETomek(random_state=2001, smote=SMOTE(random_state=2001),
           tomek=TomekLinks())",2001
0.1,8698,4783,0.9968224147323594,0.0034806921601904816,0.8839779005524862,0.7414330218068536,0.9963084736701416,0.004725578170423852,0.8690682369241427,0.741253896778663,"SMOTETomek(random_state=2001, smote=SMOTE(random_state=2001),
           tomek=TomekLinks())",2001
0.25,8698,5436,0.9988495713324097,0.001076701415268416,0.9039636534544885,0.7937931034482759,0.9985066645156329,0.0017624923410742286,0.8938344302043644,0.7928645652926913,"SMOTETomek(random_state=2001, smote=SMOTE(random_state=2001),
           tomek=TomekLinks())",2001
0.5,8698,6523,0.99948278889559,0.000689147158159658,0.8877943666307526,0.7596979059388946,0.9995397001959849,0.0005637504463773807,0.8737443713197091,0.7575337720817458,"SMOTETomek(random_state=2001, smote=SMOTE(random_state=2001),
           tomek=TomekLinks())",2001
1.0,8698,8698,0.9998849912222312,0.00023001755553773152,0.8633847074667066,0.7430084395167963,0.9998849252013808,0.00023014959723819395,0.8418773813647384,0.7310356771735365,"SMOTETomek(random_state=2001, smote=SMOTE(random_state=2001),
           tomek=TomekLinks())",2001
0.005,8698,4370,0.9398278829604131,0.12034423407917383,0.8517179023508138,0.6855269967224427,0.925,0.15,0.829580879806027,0.6842743332178732,"SMOTETomek(random_state=2001, smote=SMOTE(k_neighbors=7, random_state=2001),
           tomek=TomekLinks())",2001
0.01,8698,4392,0.9821804942969466,0.014549565480865105,0.9211563731931669,0.7633214083976653,0.9776628352490422,0.027123514356507995,0.9168687218565985,0.7822999653619674,"SMOTETomek(random_state=2001, smote=SMOTE(k_neighbors=7, random_state=2001),
           tomek=TomekLinks())",2001
0.03,8698,4479,0.994167109703039,0.011665780593921891,0.8567607726597325,0.7120857047204553,0.9959239610963749,0.008152077807250224,0.8330446830620021,0.7021129199861448,"SMOTETomek(random_state=2001, smote=SMOTE(k_neighbors=7, random_state=2001),
           tomek=TomekLinks())",2001
0.05,8698,4566,0.9987660911578876,0.0024678176842247265,0.8368443992445155,0.6709827357237715,0.9976744186046511,0.004651162790697683,0.8055074471770003,0.6567370973328714,"SMOTETomek(random_state=2001, smote=SMOTE(k_neighbors=7, random_state=2001),
           tomek=TomekLinks())",2001
0.1,8698,4783,0.9961532931275231,0.006227390384200098,0.8823889739663093,0.7460481099656358,0.9951323175621493,0.007213788278451721,0.8669899549705576,0.744024939383443,"SMOTETomek(random_state=2001, smote=SMOTE(k_neighbors=7, random_state=2001),
           tomek=TomekLinks())",2001
0.25,8698,5436,0.9991358428420828,0.0011517940117886573,0.9039636534544885,0.7946243969676086,0.9989633984850894,0.0012825145275407778,0.8938344302043644,0.7935573259438864,"SMOTETomek(random_state=2001, smote=SMOTE(k_neighbors=7, random_state=2001),
           tomek=TomekLinks())",2001
0.5,8698,6523,0.9994830543507195,0.000689013810264715,0.8841201716738197,0.7542778918548939,0.9995402298850575,0.0005631010902949665,0.8690682369241427,0.7512989262209906,"SMOTETomek(random_state=2001, smote=SMOTE(k_neighbors=7, random_state=2001),
           tomek=TomekLinks())",2001
1.0,8698,8698,0.9997700488076525,0.00028163156286627525,0.8633847074667066,0.7430084395167963,0.9997701149425288,0.00028155054514748324,0.8418773813647384,0.7310356771735365,"SMOTETomek(random_state=2001, smote=SMOTE(k_neighbors=7, random_state=2001),
           tomek=TomekLinks())",2001
0.005,8698,4370,0.9553832406801603,0.065014815931756,0.83875761628771,0.66768968456948,0.93,0.09797958971132713,0.812088673363353,0.6624523727052303,"SMOTETomek(random_state=2001, smote=SMOTE(k_neighbors=9, random_state=2001),
           tomek=TomekLinks())",2001
0.01,8698,4392,0.9821804942969466,0.014549565480865107,0.9219904746263754,0.7626767200754005,0.9776628352490422,0.027123514356507995,0.9177346726705923,0.7819535850363699,"SMOTETomek(random_state=2001, smote=SMOTE(k_neighbors=9, random_state=2001),
           tomek=TomekLinks())",2001
0.03,8698,4479,0.9923545204061768,0.010965530613613142,0.8608955223880597,0.7114637852439643,0.9958090185676394,0.007549483558235864,0.8385867682715622,0.704018011776931,"SMOTETomek(random_state=2001, smote=SMOTE(k_neighbors=9, random_state=2001),
           tomek=TomekLinks())",2001
0.05,8698,4566,0.9951445125143124,0.004489363761921169,0.8524056254626203,0.6829765545361876,0.9929611674078395,0.005748300566911405,0.8273294076896432,0.6768271562175268,"SMOTETomek(random_state=2001, smote=SMOTE(k_neighbors=9, random_state=2001),
           tomek=TomekLinks())",2001
0.1,8698,4783,0.9962064957404511,0.003077177214888712,0.8868708634754502,0.7387513079874434,0.9961933988715226,0.002907711732765852,0.8727052303429166,0.740561136127468,"SMOTETomek(random_state=2001, smote=SMOTE(k_neighbors=9, random_state=2001),
           tomek=TomekLinks())",2001
0.25,8698,5436,0.9994252775991374,0.0007038957604095373,0.8961018791737847,0.7751163191452697,0.9994242279781769,0.0008923926332859183,0.8841357810876342,0.7739868375476273,"SMOTETomek(random_state=2001, smote=SMOTE(k_neighbors=9, random_state=2001),
           tomek=TomekLinks())",2001
0.5,8698,6523,0.9991376970754402,0.0007712099190772117,0.8969056134349246,0.7728766649368621,0.999080459770115,0.0008601511233962823,0.8851749220644267,0.7726013162452372,"SMOTETomek(random_state=2001, smote=SMOTE(k_neighbors=9, random_state=2001),
           tomek=TomekLinks())",2001
1.0,8698,8698,0.9998850574332995,0.0002298851334010976,0.8633847074667066,0.7430084395167963,0.9998850574712644,0.00022988505747125742,0.8418773813647384,0.7310356771735365,"SMOTETomek(random_state=2001, smote=SMOTE(k_neighbors=9, random_state=2001),
           tomek=TomekLinks())",2001
